mb,rc,N,K,tr_cagr,tr_dd,tr_cal,va_cagr,va_dd,va_cal,fu_cagr,fu_dd,fu_cal,peak
0.5,0.0,0,0,17.593896357614437,8.440389838552898,2.084488595212908,24.47454896758878,9.254368071625974,2.644648319384238,19.968581802389828,9.254368071626018,2.15774666058655,1.0153824793042672
0.5,0.001,10,0,29.13710912654701,11.488342009887209,2.536232739369245,36.227518462500655,10.419344857083502,3.476947827278381,31.58692930739995,11.488342009887209,2.7494767548019805,1.3902117442663933
0.5,0.001,10,8,28.571284717674494,10.758691534640242,2.6556467973528424,35.57504485672538,9.835187062854988,3.617119291109705,30.99149203003242,10.758691534640242,2.880600482897732,1.3132388530703192
0.5,0.001,10,5,22.63609913307729,9.63973798260257,2.348206888395728,31.628472702161737,9.601594886342335,3.294085313592146,25.725440158185165,9.63973798260257,2.668686659804805,1.193074685788977
0.5,0.001,10,3,20.609121282302322,9.775773371404517,2.108183209584915,28.344896349695837,9.760324889590521,2.90409352868222,23.274284094920095,9.775773371404517,2.3808125670139386,1.1199984253614381
0.5,0.001,15,0,32.20589719648921,12.990204276112827,2.4792448611228814,34.55087477905556,12.866575092120902,2.6853202605729525,33.025668118631636,12.990204276112827,2.5423517149273187,1.6024763721063393
0.5,0.001,15,8,25.04111437372083,11.746059062671199,2.131873698243279,30.529431149425037,11.825666309173165,2.5816246079718455,26.943926469360235,11.825666309173089,2.278427765923009,1.3374891615984843
0.5,0.001,15,5,20.457686993213354,10.891811966902143,1.878262960780064,26.778441316159007,11.280831024686233,2.3738004104093764,22.643237189647426,11.280831024686256,2.007231305929182,1.237551942010433
0.5,0.001,15,3,18.79730693792161,10.27854061825776,1.8287914243907328,26.14084272968491,10.335258833178408,2.529287669677626,21.329152061943123,10.335258833178408,2.063726937681711,1.1661573899329973
0.5,0.001,20,0,34.20610529261512,15.374846864944436,2.224809495215661,35.39896027695,14.045389991315304,2.5203259075638527,34.62429633024333,15.374846864944436,2.2520091832061615,1.6679532876546723
0.5,0.001,20,8,20.587410466158417,13.052659629341045,1.5772578961516794,26.469639869334394,12.759207647412563,2.0745520098736043,22.62367531062377,13.052659629341045,1.7332617223671456,1.3352125842289906
0.5,0.001,20,5,18.587572133442663,11.798128216253211,1.5754678871718186,24.529953728355846,11.617472250252469,2.1114708260071606,20.643805871833408,11.798128216253211,1.749752629692082,1.237551942010433
0.5,0.001,20,3,17.657356526794345,11.138837092152032,1.5852064610258996,24.802827803697202,10.46220804247434,2.370706805198577,20.121741803792514,11.138837092152032,1.806449060824264,1.1661573899329973
0.5,0.001,30,0,34.07013996543662,21.177049926446003,1.6088237069739193,39.02660767493644,17.456947201471852,2.2355917804257315,35.792302951237566,21.177049926446003,1.6901458454106946,1.9452631500802013
0.5,0.001,30,8,17.429669328381834,14.45205041254538,1.206034357121511,21.023211548291123,13.317530474157802,1.5786118596901972,18.680787901536867,14.45205041254538,1.2926046732663379,1.3264874736757735
0.5,0.001,30,5,17.280147286905322,11.937862023597978,1.4475077072215332,21.389857091052544,11.647567126806813,1.836422736025612,18.708966101871162,11.937862023597978,1.5671957059721842,1.237551942010433
0.5,0.001,30,3,16.54835120578637,10.28774052169158,1.6085506016500288,20.919298357955498,10.695501598862556,1.955896894090523,18.066814956485523,10.695501598862545,1.6891975368791408,1.1661573899329973
0.5,0.0015,10,0,35.04254349691571,13.993563201698034,2.5041901759991703,42.24140994560695,11.1311731114329,3.794874944692084,37.531074121314425,13.993563201698034,2.682024126404078,1.5776263767474563
0.5,0.0015,10,8,34.182338468309425,12.92515254833776,2.6446371399079114,41.24418075226859,10.257321424537146,4.020950406565786,36.624018749651285,12.92515254833776,2.8335463440515696,1.462167039953345
0.5,0.0015,10,5,25.1171831154537,11.259816883710538,2.230691970825074,35.24338180993134,10.072489210057823,3.4989743920240963,28.5879607971115,11.259816883710538,2.538936564631829,1.2819207890313318
0.5,0.0015,10,3,22.089882817762827,10.450179577576579,2.1138280594873304,30.27753522005916,10.295252371559638,2.940922099559215,24.908184756711684,10.450179577576579,2.3835173904722455,1.1723063983900237
0.5,0.0015,15,0,39.60380037279991,16.3577114725019,2.4211088720678196,39.38214157591715,14.76334764912377,2.6675617557684856,39.52582760986305,16.3577114725019,2.4163421439672574,1.8960233185073754
0.5,0.0015,15,8,28.671191743436133,14.492405253713226,1.978359785108137,33.409584376025904,13.216563035636897,2.5278572262653243,30.31765739853176,14.492405253713226,2.0919686461820275,1.498542502745593
0.5,0.0015,15,5,21.79255539782727,12.161147957758212,1.791981766320399,27.840168421723167,12.393741382079016,2.2463086459089125,23.885499239094155,12.39374138207905,1.92722266043342,1.348636673363516
0.5,0.0015,15,3,19.34245034007933,11.206755368815358,1.7259634660985717,26.93874122044535,10.910337987515206,2.469102355148996,21.959952118065207,11.206755368815358,1.9595281056256828,1.2415448452473625
0.5,0.0015,20,0,42.43239389685878,19.834492913877856,2.1393233535690523,40.27369135678867,17.519850457163024,2.298746296679872,41.66965890679337,19.834492913877856,2.100868375497406,1.994238691829875
0.5,0.0015,20,8,21.843255675531736,16.378868505466183,1.3336242163640244,27.22884071534386,14.602861516132847,1.8646236345706744,23.710269645868,16.378868505466183,1.4476134073580895,1.4951276366913524
0.5,0.0015,20,5,18.955515631510078,14.417956624142258,1.3147158176193892,24.46057624007789,12.799911644015394,1.9109957099988615,20.86270649533528,14.417956624142258,1.4469946774844338,1.348636673363516
0.5,0.0015,20,3,17.616947222872014,12.483748533448757,1.41119049103476,24.922645877650318,11.268582333976385,2.211693107349004,20.135514405502054,12.483748533448757,1.6129381612863536,1.2415448452473625
0.5,0.0015,30,0,41.26869739447856,29.989140520821433,1.3761213785311965,44.76606821033251,25.04175666443258,1.7876568649001712,42.48859425425731,29.989140520821433,1.4167993319034107,2.410203485468168
0.5,0.0015,30,8,17.07720799391148,18.2948320017013,0.9334443733795103,19.111561585227243,15.730728255182914,1.2149190600206587,17.78847132931589,18.2948320017013,0.9723222015737384,1.4820399708615266
0.5,0.0015,30,5,16.98632258848494,14.623276109646488,1.1615948752605187,19.784426486059225,13.000769424538138,1.5217888911034265,17.962572866217897,14.623276109646488,1.2283549001969938,1.348636673363516
0.5,0.0015,30,3,15.959057262394595,11.535700551743233,1.3834493354617219,19.138638051770297,11.499336355188127,1.6643254411056132,17.06716951842262,11.535700551743233,1.4795087166026941,1.2415448452473625
0.5,0.002,10,0,41.02149472479264,16.505043925483797,2.485391430037664,48.33225784248161,11.858678485556617,4.075686671271871,43.54986130514584,16.505043925483797,2.6385789399751207,1.7650410092285194
0.5,0.002,10,8,39.86150915272453,15.115692061840825,2.63709454979927,46.97978992561702,11.246481184473955,4.1772879138831245,42.32403387580321,15.115692061840825,2.8000063578067422,1.6110952268363712
0.5,0.002,10,5,27.566802716940053,12.870373069179852,2.1418806252752014,38.87916445890522,10.608001105469523,3.6650792239132586,31.435012802320706,12.870373069179852,2.4424321372312683,1.3707668922736869
0.5,0.002,10,3,23.55132748860862,11.126122998217047,2.116759583943365,32.20721756766236,10.831065123438965,2.97359652080425,26.528055193959375,11.126122998217047,2.3843036067649512,1.224614371418609
0.5,0.002,15,0,47.01459075124716,19.666229294141235,2.3906255768742244,44.038427729125964,16.649220120186502,2.645074508669097,45.96126195617727,19.666229294141235,2.3370652944573154,2.1895702649084114
0.5,0.002,15,8,32.22342273280627,17.20143405768274,1.8732986229374409,36.17910929131705,14.606838008300393,2.476861129750198,33.6009234432711,17.20143405768274,1.9533791967922463,1.6595958438927014
0.5,0.002,15,5,23.059461971827954,14.11700428086241,1.6334529276220668,28.83953986864123,13.502876076046466,2.1358071944244057,25.06149743021089,14.11700428086241,1.7752702295475875,1.459721404716599
0.5,0.002,15,3,19.849197769650196,12.659522639669019,1.5679262429257876,27.712457042529604,11.620427942384392,2.384805205103599,22.557052334509375,12.659522639669019,1.7818248741722797,1.3169323005617275
0.5,0.002,20,0,50.506186817556944,24.17041942720124,2.089586693754995,44.68191222235192,21.718019456172144,2.0573658805547095,48.432188872536884,24.17041942720124,2.0037794138578993,2.3205240960050775
0.5,0.002,20,8,22.931721105126137,19.63193926511584,1.1680823170573733,27.825376651762124,16.498804062100803,1.6865087037235293,24.630540400615143,19.63193926511584,1.2546157599611854,1.655042689153714
0.5,0.002,20,5,19.23659070383148,17.06220647335661,1.1274386307462791,24.326608690113403,14.102456303130417,1.7249908928782474,21.00197822224896,17.06220647335661,1.2309063458494935,1.459721404716599
0.5,0.002,20,3,17.52860296429799,13.8227751470828,1.2680957895779184,25.012804870408733,12.117517484534302,2.064185581108738,20.10745872312829,13.8227751470828,1.4546614922960552,1.3169323005617275
0.5,0.002,30,0,47.55856177418287,40.332593529517126,1.1791595236586379,49.27577141759259,33.51074909258601,1.4704467298373363,48.16004891196397,40.332593529517126,1.194072701442281,2.8751438208561355
0.5,0.002,30,8,16.546585623174703,23.00248970949338,0.7193388990560333,17.08486312510815,19.537624968972224,0.8744595697911435,16.735554963176867,23.00248970949338,0.7275540680394228,1.6375924680472798
0.5,0.002,30,5,16.602101747124177,17.245163817105258,0.9627105850195963,18.139823711957458,14.377019192355311,1.2617235512631813,17.140451649248668,17.245163817105258,0.9939280270708285,1.459721404716599
0.5,0.002,30,3,15.326361588931704,13.208221173456769,1.1603653048853806,17.357075586897764,12.422812385001203,1.397193731095383,16.036299685066922,13.208221173456769,1.214115017796148,1.3169323005617275
0.5,0.0025,10,0,47.061191976340154,19.013252284615113,2.4751784319624526,54.48814123407799,13.66718643795174,3.9867855378611465,49.630813502377215,19.013252284615113,2.610327405298083,1.9524556417095824
0.5,0.0025,10,8,45.59788373117033,17.320916684696318,2.6325329404452233,52.77152603161517,13.050509133273081,4.04363733956332,48.08081950826158,17.320916684696318,2.775881922620342,1.7600234137193973
0.5,0.0025,10,5,29.981350701162725,14.47085449431108,2.071843837069143,42.532349020898174,11.149362179615807,3.8147786694614116,34.26288126848067,14.47085449431108,2.367716521643585,1.4596129955160417
0.5,0.0025,10,3,24.992396815915985,11.803519167797683,2.117368257773508,34.132978427024405,11.367712812086639,3.0026249775357416,28.13284433632608,11.803519167797683,2.383428529779322,1.2769223444471947
0.5,0.0025,15,0,54.39934616879785,22.90759931321087,2.374729251415953,48.492318391694035,18.940486306525408,2.560246743769582,52.29618933133708,22.90759931321087,2.282918808570994,2.4831172113094473
0.5,0.0025,15,8,35.686162240605945,20.140220574816546,1.77188537275645,38.82895173045997,16.16182496357652,2.4025103487983417,36.78293630229448,20.140220574816546,1.8263422769206452,1.82064918503981
0.5,0.0025,15,5,24.25607636731446,16.06463839393706,1.5099049086886964,29.775007002823916,14.608049737117557,2.0382602427186893,26.169188230202444,16.06463839393706,1.6289932949924932,1.570806136069682
0.5,0.0025,15,3,20.317073225138294,14.25455390685746,1.4253040367236136,28.461493480476683,12.34487029411241,2.3055319985055425,23.119950814118884,14.25455390685746,1.6219343632350736,1.3923197558760925
0.5,0.0025,20,0,58.3498817538715,30.97944001269498,1.8835034374398136,48.57262207354691,26.724975822977505,1.8174991960810425,54.84106513258953,30.97944001269498,1.770240685761794,2.6468095001802805
0.5,0.0025,20,8,23.8485385821116,24.922835389776655,0.9568950807216048,28.25717324249961,18.682010003746818,1.512533888849884,25.38101578701739,24.922835389776655,1.018383959532497,1.8149577416160758
0.5,0.0025,20,5,19.430310610454484,20.183508193666245,0.9626825239703313,24.12827042270944,15.464927474749068,1.5601929244159578,21.061436589322334,20.183508193666245,1.0434973141057604,1.570806136069682
0.5,0.0025,20,3,17.392502927886433,15.556882115377334,1.1179941326864373,25.07324675428011,12.961687112072529,1.9344122827133254,20.037653363401642,15.556882115377334,1.2880250177890884,1.3923197558760925
0.5,0.0025,30,0,52.796707412469644,49.54091919775223,1.0657191725030637,52.43758255140178,41.368052137703806,1.2675864548045508,52.67034702236688,49.54091919775223,1.0631685458261873,3.340084156244102
0.5,0.0025,30,8,15.84030632036364,29.331606439767278,0.5400422357667949,14.95019141047238,23.189543050476935,0.6446953861026986,15.526569510422238,29.331606439767278,0.5293460330004833,1.793144965233033
0.5,0.0025,30,5,16.128400647082273,20.59482463906639,0.7831288165711429,16.458248434834033,15.763774045475309,1.04405508397642,16.244264600528947,20.59482463906639,0.7887546937260708,1.570806136069682
0.5,0.0025,30,3,14.651022884005439,15.671271550577192,0.9348968803661514,15.57543683817495,13.340336847115953,1.167544494316289,14.975190047584363,15.671271550577192,0.9555823213996192,1.3923197558760925
0.5,0.003,10,0,53.14810465995716,21.47848401524466,2.4744811888136304,60.69642261925321,15.559406299259837,3.9009472117288015,55.76070864954312,21.47848401524466,2.596119382073994,2.1398702741906455
0.5,0.003,10,8,51.37991927953607,19.500341671480324,2.6348214890347443,58.60846237486177,14.831617712872113,3.9515893349918576,53.883045403733476,19.500341671480324,2.763184682170908,1.9089516006024232
0.5,0.003,10,5,32.35721515980343,16.060727048492396,2.0146793518193045,46.19934639964669,11.696445204968297,3.9498621666711693,37.06780559915619,16.060727048492396,2.3079780564875305,1.5484590987583966
0.5,0.003,10,3,26.412036634594106,12.673243064194006,2.0840787555962383,36.0538417083272,11.905145269985518,3.02842518009619,29.721499402389796,12.673243064194006,2.3452165520570345,1.3292303174757802
0.5,0.003,15,0,61.717364259515016,27.5952200673513,2.2365237207343243,52.717005556810406,21.741621792407063,2.4247043785492135,58.494033804853075,27.5952200673513,2.119716155989604,2.7766641577104836
0.5,0.003,15,8,39.047813566021674,24.940814194623584,1.5656190395917022,41.350333155271215,18.47832730549568,2.2377746898645485,39.8530452527162,24.940814194623584,1.5979047412697218,1.9817025261869188
0.5,0.003,15,5,25.380178228375883,17.985170806220697,1.4111724877028917,30.645112690949627,15.709080125879748,1.950789762696778,27.206632001421816,17.985170806220697,1.5127258058628839,1.6818908674227648
0.5,0.003,15,3,20.745633525787998,15.827849914267,1.3107044632188594,29.185367309212083,13.066335986392774,2.2336305556206115,23.648170775413547,15.827849914267,1.494086114254686,1.4677072111904577
0.5,0.003,20,0,65.88470727941235,37.71156983713519,1.7470688057789268,51.90008252276868,32.116934882432155,1.615972467881978,60.826898404221375,37.71156983713519,1.612950579011011,2.9730949043554826
0.5,0.003,20,8,24.590120088720656,30.316652253866383,0.8111093495022887,28.522772152132546,21.552744949316406,1.32339394444684,25.958884878867238,30.316652253866383,0.8562582920268387,1.9748727940784376
0.5,0.003,20,5,19.53636398557823,25.08306391880878,0.7788667305084965,23.86587769655282,17.31998815256457,1.3779384539024062,21.04104272896896,25.08306391880878,0.8388545672520944,1.6818908674227648
0.5,0.003,20,3,17.20887432681153,17.361410214872453,0.9912140842147572,25.10393406626097,13.801077649991111,1.8189836114918996,19.92621360167959,17.361410214872453,1.1477301299297695,1.4677072111904577
0.5,0.003,30,0,56.86139162648827,57.659288500975414,0.9861618674938445,54.16825853605898,48.968201726281734,1.1061925214008077,55.90919706014388,57.659288500975414,0.9696477100857405,3.8050244916320692
0.5,0.003,30,8,14.961612920423416,35.221659938835856,0.42478443510058844,12.714871554884466,26.691993046323493,0.47635527001741784,14.166625729943384,35.221659938835856,0.40221346053946416,1.9486974624187858
0.5,0.003,30,5,15.566321522403692,25.56543774043335,0.6088814782069847,14.741923841354264,18.171928717424336,0.8112470652176191,15.275800066125678,25.56543774043335,0.5975176416387362,1.6818908674227648
0.5,0.003,30,3,13.933837775284985,19.987397059249545,0.6971311839145578,13.794535016021857,14.251898058745095,0.9679086223576661,13.884841145598426,19.987397059249545,0.694679807702772,1.4677072111904577
0.5,0.004,10,0,65.40587994365339,26.27723223192815,2.4890703619912444,73.21624484858951,19.37684610379926,3.7785429298648263,68.1109311344946,26.27723223192815,2.5920131364419885,2.5146995391527716
0.5,0.004,10,8,63.03182017096722,23.777730441803758,2.6508762190419417,70.37148584990962,18.44005838050704,3.816229016080514,65.57559985325894,23.777730441803758,2.757857820524793,2.206807974368475
0.5,0.004,10,5,36.9784708775452,19.31811853151798,1.914185939858166,53.55986451946089,14.212443490432026,3.7685190836831106,42.59359542754946,19.31811853151798,2.2048521629089795,1.7261513052431066
0.5,0.004,10,3,29.182839445748844,14.83944443152535,1.9665722379573702,39.87692005244017,12.982164693862098,3.0716695553318454,32.84619375324187,14.83944443152535,2.2134382392013583,1.4338462635329512
0.5,0.004,15,0,75.98339870486272,37.6110933255853,2.0202390302005475,60.37611722020062,27.124807400043537,2.225863444107025,70.33011694488869,37.6110933255853,1.869930138325598,3.3637580505125557
0.5,0.004,15,8,45.422061664764016,33.89709448741547,1.339998673975649,45.97425591260589,22.96118055618992,2.0022601102804383,45.61596812183233,33.89709448741547,1.345719118751242,2.3038092084811357
0.5,0.004,15,5,27.402550391301506,24.792931657343154,1.1052565614274759,32.18389049801613,17.89799800325912,1.798183824367152,29.063570688099173,24.792931657343154,1.1722522810040958,1.9040603301289307
0.5,0.004,15,3,21.483203662248982,18.909744712279565,1.136091681253543,30.555764686921115,14.500253579779532,2.107257264075081,24.598797153790166,18.909744712279565,1.3008529479415054,1.6184821218191878
0.5,0.004,20,0,79.71415620860844,49.845933898673955,1.5992108076588585,56.71367307890824,42.012533240569915,1.34992271839828,71.26611315265625,49.845933898673955,1.4297277145519012,3.625665712705888
0.5,0.004,20,8,25.536746993602357,40.16638106035364,0.6357741553870903,28.552667110937424,27.025376831467483,1.0565131908796037,26.58895721580685,40.16638106035364,0.6619704467737466,2.294702899003161
0.5,0.004,20,5,19.48510547312068,34.13255263885316,0.5708657561972302,23.150673336108895,21.63205171750404,1.0702023847962618,20.761269442531383,34.13255263885316,0.6082542276342608,1.9040603301289307
0.5,0.004,20,3,16.700177270339346,22.945646299738232,0.727814638654561,25.075998140570267,15.465469983225422,1.6214184352476113,19.579073771540045,22.945646299738232,0.8532805533467762,1.6184821218191878
0.5,0.004,30,0,61.115946122503814,70.92651236562938,0.8616798441667108,53.19708033969752,61.9270870171279,0.8590276549740533,58.28616277235214,70.92651236562938,0.8217824453553326,4.734905162408003
0.5,0.004,30,8,12.70349966108304,46.117114374034784,0.275461720307363,7.9725975689297846,36.90604106260368,0.21602418843586815,11.016997060312029,46.117114374034784,0.23889172620294957,2.2598024567902923
0.5,0.004,30,5,14.182345200271328,34.743287681858924,0.40820389049354666,11.214008911079375,24.953920232948224,0.4493886654439497,13.12978948202348,34.743287681858924,0.3779086654737959,1.9040603301289307
0.5,0.004,30,3,12.377296508665015,28.05437552086453,0.44118952138000017,10.238128554793335,16.057088003447372,0.6376080490183066,11.620499605699731,28.05437552086453,0.4142134476334133,1.6184821218191878
0.5,0.005,10,0,77.6729091852985,33.40989273755306,2.324847607127854,85.77764614669535,23.178436564628292,3.700752029047432,80.4813225423837,33.40989273755306,2.4089069418628175,2.8895288041148977
0.5,0.005,10,8,74.71341222588484,28.328067679474312,2.637434119095246,82.17091599647743,22.05026853066959,3.7265267714171544,77.2999259443539,28.328067679474312,2.728739807422981,2.5046643481345274
0.5,0.005,10,5,41.40188946886661,24.38560997892897,1.6978000347188773,60.929845683773195,16.91062618814617,3.603050827679175,47.98166931441934,24.38560997892897,1.967622272146531,1.9038435117278163
0.5,0.005,10,3,31.855431951473868,17.021367379807884,1.8714966454024924,43.668450282685086,14.061725633842649,3.1054830267479634,35.89372080462145,17.021367379807884,2.1087448501464974,1.5384622095901221
0.5,0.005,15,0,89.46420279219119,46.75047652201042,1.9136532811611209,66.82313949644283,32.730583021841575,2.0416116465707566,81.1734607989463,46.75047652201042,1.736313014065842,3.950851943314628
0.5,0.005,15,8,51.25661696209205,42.023083767739436,1.2197252644614596,49.98790425122199,27.29531052742693,1.831373348949192,50.80933394045688,42.023083767739436,1.2090815186548145,2.625915890775353
0.5,0.005,15,5,29.111247293940835,31.517012657503873,0.9236677222645894,33.44617980863887,20.159111785775895,1.6591097943232904,30.619067355166397,31.517012657503873,0.9715091873682487,2.1262297928350966
0.5,0.005,15,3,22.059041225245824,23.790295325181777,0.9272285578521827,31.820071925560956,15.922017295840718,1.998494998110149,25.40564148763145,23.790295325181777,1.0678993741090657,1.769257032447918
0.5,0.005,20,0,91.38825565876978,60.22867412214655,1.5173545987984087,58.891930569943376,51.24851222002289,1.1491441998765808,79.26777731638117,60.22867412214655,1.3161136032253082,4.278236521056293
0.5,0.005,20,8,25.757195232704344,48.848655391635056,0.5272856545630744,27.91591874010406,32.16876875671516,0.8677956856610085,26.511992348548375,48.848655391635056,0.54273740261617,2.6145330039278845
0.5,0.005,20,5,19.083839957138913,42.24604678911656,0.4517307868450143,22.18542710170479,25.74686767799721,0.8616748017338063,20.165242750337086,42.24604678911656,0.4773285143340811,2.1262297928350966
0.5,0.005,20,3,16.005268669728466,29.493520262511108,0.5426706790939633,24.929109484619172,17.90272760791022,1.3924754948293123,19.0676840861705,29.493520262511108,0.6465041784248191,1.769257032447918
0.5,0.005,30,0,59.92107274901348,80.70073419388896,0.742509635724615,46.48553249384801,72.20125934151842,0.6438327103682123,55.06233931051314,80.70073419388896,0.6823028298382287,5.664785833183937
0.5,0.005,30,8,9.811934238020559,55.456546575861296,0.17693013438185173,2.92011749379244,46.75653228189525,0.06245367975937661,7.337775766421828,55.456546575861296,0.13231577188789032,2.5709074511617986
0.5,0.005,30,5,12.462550664352424,42.965786176625606,0.290057549816983,7.574157147048255,31.29214431994084,0.24204660024598065,10.71903335926021,42.965786176625606,0.2494783480790028,2.1262297928350966
0.5,0.005,30,3,10.66381792997988,35.412216599810876,0.30113387282390086,6.694089287089322,17.9734972058743,0.37244222481651956,9.251548584297131,35.412216599810876,0.261253021488255,1.7799962042226327
0.75,0.0,0,0,26.721153260967135,12.500789597549911,2.1375572360808586,37.70331403810319,13.64183397588955,2.763800974615266,30.478750348208795,13.641833975889572,2.2342120862984114,1.5230737189564008
0.75,0.001,10,0,39.002699476750195,14.522496184298017,2.6856746238240095,50.47864960506621,14.677408480382425,3.4392072464655534,42.93415789394122,14.67740848038236,2.9251865512448245,1.8979029839185269
0.75,0.001,10,8,38.39758981924852,13.81687042220242,2.779036688188606,49.76679583370105,14.12058295716816,3.5244151027374886,42.292966848200166,14.120582957168192,2.9951289529962715,1.8209300927224528
0.75,0.001,10,5,32.06239687998942,13.483075397848587,2.377973565667772,45.46992668013148,13.872516100234822,3.2776986057606234,36.62928154334186,13.872516100234922,2.6404209069702627,1.7007659254411105
0.75,0.001,10,3,29.91396859672588,13.775102797247374,2.1715967595322394,41.898967947102925,13.922390527276708,3.0094665039753474,34.007745026373534,13.92239052727664,2.4426656442186294,1.6276896650135717
0.75,0.001,15,0,42.2462556867113,15.974699791635793,2.644572745512942,48.557780571663756,17.01852039166518,2.853231623792919,44.43414780738812,17.01852039166525,2.6109289635513537,2.110167611758473
0.75,0.001,15,8,34.605481104100335,14.763933905892145,2.343920077445593,44.19313968731784,16.027650917065138,2.7573061028091166,37.90145578234525,16.027650917065085,2.364754259901588,1.8451804012506179
0.75,0.001,15,5,29.715489200238785,14.85015294594849,2.0010224344757304,40.13897120075709,15.577251479876075,2.5767685173865096,33.288790967739935,15.577251479876008,2.137013131664798,1.7452431816625666
0.75,0.001,15,3,27.961984684424767,14.266551987608455,1.9599679522222186,39.470433291337216,14.673792318872858,2.689859065305966,31.895743633471895,14.673792318872735,2.173653745422654,1.673848629585131
0.75,0.001,20,0,44.3353723329671,18.280503264150795,2.4252818257969695,49.39056876529222,18.1427733909989,2.722327380762864,46.092917473411575,18.280503264150795,2.521424974322379,2.175644527306806
0.75,0.001,20,8,29.813894596676825,16.022193243232962,1.8607873556430137,39.7090252881577,16.91690911108086,2.3472979033828123,33.21035832521544,16.916909111080912,1.963145755950299,1.8429038238811242
0.75,0.001,20,5,27.708749081406214,15.269980665497052,1.8145896637587045,37.660728932266416,15.898978506424498,2.368751484068513,31.12294757673506,15.898978506424532,1.9575438487547332,1.7452431816625666
0.75,0.001,20,3,26.730686972112604,15.097330397424603,1.7705571957723396,37.993663384240214,14.792676514488312,2.568410344607231,30.581781629854653,15.097330397424603,2.025641674707701,1.673848629585131
0.75,0.001,30,0,44.08301310209346,23.76694051293795,1.8548038641362399,53.18589764494679,19.582617925204783,2.7159748430004975,47.22011010659444,23.76694051293795,1.9867980096508149,2.452954389732335
0.75,0.001,30,8,26.42672750499795,17.372681707179204,1.5211656985620814,33.70375661186329,17.503398924906456,1.925554959722968,28.938955021694767,17.503398924906467,1.6533334551677317,1.834178713327907
0.75,0.001,30,5,26.3061887972291,14.987245252208458,1.7552384280461901,34.19551037887714,15.925739224385993,2.1471851257313,29.025661807750723,15.925739224386016,1.8225629214941355,1.7452431816625666
0.75,0.001,30,3,25.549810164874653,14.276412844635066,1.7896519554963708,33.7099906006963,15.01581574308073,2.244965653379826,28.36044753691067,15.015815743080719,1.8887050841696131,1.673848629585131
0.75,0.0015,10,0,45.27772399580403,16.952763620597377,2.670816688601274,57.00472195453645,15.361687765989107,3.710837169906899,49.29743994686389,16.952763620597377,2.9079294119908665,2.08531761639959
0.75,0.0015,10,8,44.35839474702923,15.91966921225204,2.786389224274225,55.91777389706276,14.52878011254608,3.8487590467953963,48.32143807994142,15.91966921225204,3.0353292795023936,1.9698582796054787
0.75,0.0015,10,5,34.6874195335167,14.295042214685294,2.426534949150575,49.389659349620764,14.145724299085549,3.491490312222016,39.68385633530016,14.295042214685294,2.7760573028971502,1.7896120286834654
0.75,0.0015,10,3,31.48047960813671,14.428220186251473,2.181868532761525,43.9922078063369,14.354592076393812,3.064678367188314,35.75041809852193,14.428220186251473,2.4778120680878017,1.6799976380421573
0.75,0.0015,15,0,50.09059130622826,19.110687987208387,2.6210773437228463,53.74269620757062,18.836085039009774,2.853177616063465,51.36463197214993,19.110687987208387,2.687743738296105,2.4037145581595087
0.75,0.0015,15,8,38.441292466203755,17.305531094566728,2.2213298312626097,47.26936320610877,17.356540330022284,2.7234323377421656,41.48312696021277,17.356540330022163,2.390057360017657,2.0062337423977263
0.75,0.0015,15,5,31.106804670558418,16.035552699659316,1.939864827435558,41.255833521948084,16.56056278032787,2.4912096327399866,34.589154686962175,16.560562780327835,2.0886460892531,1.8563279130156496
0.75,0.0015,15,3,28.5210299557447,15.167664857722386,1.8803837125411995,40.31437460061811,15.189932336329326,2.654019366774885,32.54994128135485,15.189932336329303,2.14286282260166,1.7492360848994961
0.75,0.0015,20,0,53.032882628363076,22.481047069163584,2.3590041186785426,54.56775435845693,20.52342192325013,2.658803905241523,53.57078023176696,22.481047069163584,2.3829308335574817,2.5019299314820085
0.75,0.0015,20,8,31.099279873293995,19.132778428515618,1.6254450439327424,40.447460411620774,18.684241358538443,2.1647900835501055,34.31285124995067,19.132778428515618,1.7934066073127453,2.0028188763434858
0.75,0.0015,20,5,28.063401365379192,17.341177101474614,1.6183100605663505,37.53236050862907,17.019725600924918,2.2052271222627358,31.31586125059802,17.341177101474614,1.8058671027548103,1.8563279130156496
0.75,0.0015,20,3,26.657684291592922,16.400722391887502,1.6253969584156214,38.08979922807618,15.367535610568162,2.478588642533033,30.56496803587123,16.400722391887502,1.8636354732148854,1.7492360848994961
0.75,0.0015,30,0,51.61812917249389,30.488965814751623,1.6930101691910862,59.20010074823019,25.181069939288513,2.3509763838852544,54.241791913230244,30.488965814751623,1.7790630303041035,2.917894725120302
0.75,0.0015,30,8,25.989068966724194,21.075553365861268,1.2331381537446116,31.503302103892118,19.444926966487095,1.620129618290023,27.90094099458824,21.075553365861268,1.3238533057823723,1.9897312105136602
0.75,0.0015,30,5,25.951467606577427,17.534952842157303,1.4799850242074932,32.37385298940818,17.058681555488754,1.8977933836270988,28.17318531458848,17.534952842157303,1.6066872587678067,1.8563279130156496
0.75,0.0015,30,3,24.89275551441008,15.182894583794438,1.6395263351811404,31.71146878898279,15.700391381731038,2.019788425521814,27.248928333164834,15.700391381731126,1.7355572654622808,1.7492360848994961
0.75,0.002,10,0,51.62522345607978,19.34733429446408,2.6683378014950354,63.60671323233233,16.060872274451686,3.96035234857777,55.73430669454853,19.34733429446408,2.880722783112089,2.272732248880653
0.75,0.002,10,8,50.386322194890745,18.003401000494158,2.798711320905852,62.13398126617384,14.953679203533154,4.155096576599908,54.4163260274781,18.003401000494158,3.0225581280994898,2.1187864664885048
0.75,0.002,10,5,37.27694283323579,15.855657392338951,2.3510184353029135,53.32875855045827,14.600668295866514,3.652487507407847,42.719389586725676,15.855657392338951,2.6942679530504106,1.8784581319258205
0.75,0.002,10,3,33.02555187894456,15.08274645778459,2.1896245469205793,46.080996136842444,14.867836947262846,3.0993745963380306,37.47703927897179,15.08274645778459,2.4847622668634686,1.7323056110707427
0.75,0.002,15,0,57.9373555625824,22.31451571199321,2.5963976234287376,58.72592413380171,20.642948973515875,2.8448418009047476,58.21415937505334,22.31451571199321,2.608802275899962,2.697261504560545
0.75,0.002,15,8,42.18970058665994,19.913396430790144,2.1186592017736423,50.219740123111876,18.689648374031933,2.6870350430395997,44.962822043513206,19.913396430790144,2.2579182913263143,2.167287083544835
0.75,0.002,15,5,32.424120774414014,17.218644370199222,1.8830820869110536,42.30304873336317,17.62194309253896,2.400589339734848,35.81671161327393,17.62194309253895,2.0325063714703835,1.9674126443687325
0.75,0.002,15,3,29.03845168803427,16.071588015019465,1.8068190685884191,41.13117637372328,15.728033951530962,2.61515053314846,33.16719919227318,16.071588015019465,2.063716364635359,1.824623540213861
0.75,0.002,20,0,61.55121927161888,26.675610194286705,2.3073968626517765,59.22060076227113,23.30489752799918,2.5411225555109946,60.72793815370796,26.675610194286705,2.2765341715300096,2.8282153356572115
0.75,0.002,20,8,32.20373648248653,22.257517989059817,1.446870064232479,41.00593432922914,20.441386059733713,2.006025139851173,35.23402362447317,22.257517989059817,1.583016742558252,2.1627339288058476
0.75,0.002,20,5,28.324390232136732,19.81648212011814,1.4293349374751623,37.332853002907825,18.13503175225819,2.0586042259484385,31.422231378036148,19.81648212011814,1.58566143009488,1.9674126443687325
0.75,0.002,20,3,26.53304662967262,17.698230300686635,1.499192076206807,38.15315235745069,16.09591253818592,2.3703628027883608,30.502687828512332,17.698230300686635,1.723488016049205,1.824623540213861
0.75,0.002,30,0,58.162541544080206,38.436300030896476,1.5132190532732617,63.84616642790664,32.06000047141869,1.9914586864970614,60.13800481673934,38.436300030896476,1.5646148242260118,3.3828350605082687
0.75,0.002,30,8,25.36033966406064,24.646198658175965,1.0289757059816511,29.179238603047253,21.558000290346378,1.3535225071925454,26.689976096725033,24.646198658175965,1.0829246516631106,2.1452837076994133
0.75,0.002,30,5,25.499670427912346,20.0695155413397,1.2705673126681845,30.510268901040494,18.30246291765375,1.6670034540330434,27.239021985037848,20.0695155413397,1.3572336576301613,1.9674126443687325
0.75,0.002,30,3,24.189161382564016,16.166009896997323,1.4962975735315438,29.712940367089846,16.389422497382977,1.8129339439406322,26.103916108455884,16.389422497383034,1.5927294639346812,1.824623540213861
0.75,0.0025,10,0,58.03139382534961,21.70525511165056,2.6736103089707783,70.27137229921591,16.77453860281306,4.189168713554454,62.23113908279703,21.70525511165056,2.8671000991549604,2.460146881361716
0.75,0.0025,10,8,56.46956678227764,20.066886679360874,2.8140671587265964,68.4039216256544,15.39503657051311,4.4432451532250266,60.56592680205037,20.066886679360874,3.018202463082798,2.267714653371531
0.75,0.0025,10,5,39.827128709682256,17.406352649132018,2.288080076998111,57.283375464423415,15.101515302747814,3.7932203700115013,45.73187915465018,17.406352649132018,2.6273096998830847,1.9673042351681753
0.75,0.0025,10,3,34.54805973140096,15.738600188949171,2.195116421831391,48.16427273671897,15.38187284805722,3.1312359172701307,39.1864790515061,15.738600188949171,2.4898325506115095,1.7846135840993282
0.75,0.0025,15,0,65.74478013106955,25.45984738231496,2.582292782192304,63.477891018061804,22.438163764963058,2.829014516650503,64.94420785642114,25.45984738231496,2.550848278121769,2.9908084509615813
0.75,0.0025,15,8,45.83832947964619,22.49026855740611,2.0381406012402414,53.03456072062309,20.021460561515635,2.648885707297687,48.32902642533943,22.49026855740611,2.1488861416652374,2.3283404246919437
0.75,0.0025,15,5,33.665005060769616,18.810013326267505,1.7897385013416045,43.278987347258905,18.679491556619897,2.316925341146188,36.96932025698012,18.810013326267505,1.9654063830648008,2.0784973757218155
0.75,0.0025,15,3,29.51376099841667,17.056719274502154,1.7303304652809977,41.920311535314084,16.319973865583126,2.5686506535233495,33.746995654219326,17.056719274502154,1.9785162147018056,1.900010995528226
0.75,0.0025,20,0,69.80777798708198,30.74803042959048,2.270317058093653,63.295031311465436,27.246370539761987,2.3230628541550455,67.48888505871456,30.74803042959048,2.1949010754772242,3.1545007398324136
0.75,0.0025,20,8,33.122940375929446,25.320293292590645,1.3081578476668771,41.382519753142,22.18748831097003,1.8651286334506592,35.97040978710697,25.320293292590645,1.420615842456802,2.3226489812682094
0.75,0.0025,20,5,28.49127519440897,22.268523454288726,1.279441596246553,37.0625239628267,19.302896138200754,1.9200499084424614,31.441939768977424,22.268523454288726,1.4119454230326158,2.0784973757218155
0.75,0.0025,20,3,26.356997564132367,18.98972489436792,1.387961000527684,38.183683451245585,16.899309111900727,2.2594819231015846,30.39505555160782,18.98972489436792,1.6006053653058743,1.900010995528226
0.75,0.0025,30,0,63.5670762268953,47.90669963065747,1.326893247019173,67.00205811398925,39.956898746731426,1.6768583202286234,64.76664622582615,47.90669963065747,1.3519329597979508,3.8477753958962357
0.75,0.0025,30,8,24.543475287081982,28.147723371335154,0.8719524120404126,26.73957962865434,24.56754946696096,1.088410533765868,25.311227790874025,28.147723371335154,0.8992282415511538,2.3008362048851665
0.75,0.0025,30,5,24.951864228614774,22.543346362467698,1.1068394118344829,28.6072268499441,19.601915152984773,1.45940978861895,26.225049553867375,22.543346362467698,1.1633166226611913,2.0784973757218155
0.75,0.0025,30,3,23.439867114407953,17.759568216192434,1.3198444257803779,27.71531286641926,17.26335467344078,1.605441896473259,24.92649770763322,17.759568216192434,1.4035531384657358,1.900010995528226
0.75,0.003,10,0,64.48164412037643,24.083739112230262,2.677393398919157,76.98469479112018,17.502256465423994,4.39855826265629,68.77354273174696,24.083739112230262,2.855600719276278,2.6475615138427786
0.75,0.003,10,8,62.5956706189974,22.168559163951585,2.8236237707674103,74.71548910115943,16.57281594029235,4.508315869212594,66.75789905263238,22.168559163951585,3.011377444917023,2.416642840254557
0.75,0.003,10,5,42.33413872301113,18.94661417282203,2.234390711546622,61.24953872720833,15.629469052674239,3.9188496116397755,48.71727903979137,18.94661417282203,2.571292083926735,2.0561503384105304
0.75,0.003,10,3,36.046882970826786,16.39570015994012,2.1985570984580898,50.24096629028274,15.896651636706128,3.1604747615072566,40.87760702192236,16.39570015994012,2.493190691654589,1.8369215571279138
0.75,0.003,15,0,73.46929878835834,28.536854100417475,2.5745409262643126,67.96978646068195,24.220809680276155,2.80625575106319,71.5155078687139,28.536854100417475,2.506075393491523,3.284355397362617
0.75,0.003,15,8,49.374877529998805,25.015786145691997,1.973748785764293,55.704441416290805,21.351410956172035,2.608934909764751,51.57039766447347,25.015786145691997,2.061514172056291,2.4893937658390524
0.75,0.003,15,5,34.82714604354251,20.672663686813674,1.6846956237070434,44.18212298919295,19.733033512408216,2.2389929536891042,38.04495437986992,20.672663686813674,1.8403508592914124,2.1895821070748984
0.75,0.003,15,3,29.946504660188378,18.568204230005335,1.6127841060578303,42.68126840330497,17.001508272852906,2.5104401161546432,34.28883661967524,18.568204230005335,1.846642582930346,1.9753984508425912
0.75,0.003,20,0,77.71897991734056,35.45477554756319,2.192059566505483,66.74295739176026,31.01886830245749,2.1516889894552502,73.77993564559233,35.45477554756319,2.0809590388356933,3.4807861440076167
0.75,0.003,20,8,33.85330321266513,28.29441606474291,1.1964658728140014,41.57596960193386,24.008703831078513,1.731704047601065,36.51926445604825,28.29441606474291,1.2906880415020883,2.482564033730571
0.75,0.003,20,5,28.563804438192044,24.709494495441863,1.155984977493618,36.72179714288368,20.562815429849955,1.785835080228196,31.375025976915595,24.709494495441863,1.269755882003305,2.1895821070748984
0.75,0.003,20,3,26.12981208845926,20.275079003794726,1.288764994877147,38.181375879212155,17.701489253258117,2.1569583967170742,30.242225361010554,20.275079003794726,1.4915959318999623,1.9753984508425912
0.75,0.003,30,0,67.70592505218744,56.29768431332446,1.2026413853076172,68.58457268531491,47.2309518542503,1.4521107450249913,68.01432394127305,56.29768431332446,1.2081193884057415,4.312715731284203
0.75,0.003,30,8,23.542198659007596,33.302104980305046,0.706928245915101,24.192592081488517,28.009372851081828,0.8637320160688321,23.770480123608095,33.302104980305046,0.7137831118383063,2.456388702070919
0.75,0.003,30,5,24.309314964180338,24.95724924300071,0.9740382334402464,26.667218083263734,20.89382461300241,1.2763205673062121,25.133280242182888,24.95724924300071,1.0070533013261285,2.1895821070748984
0.75,0.003,30,3,22.64575230748791,19.33016126478687,1.171524230826824,25.719479070558783,18.13491934607224,1.4182295812707457,23.717776443268114,19.33016126478687,1.226982854326933,1.9753984508425912
0.75,0.004,10,0,77.45233715022808,28.742403334758336,2.694706362865786,90.49777749771482,20.921841950193432,4.325516735723077,81.93385364495637,28.742403334758336,2.850626396501553,3.022390778804905
0.75,0.004,10,8,74.92355051653514,26.323112984178497,2.8463028123447227,87.41221848378487,20.00304180730812,4.369946297460058,79.21659229619831,26.323112984178497,3.0093930130456616,2.714499214020609
0.75,0.004,10,5,47.20332730108883,21.993868433314866,2.1462039497148364,69.20003910292634,16.701284623833413,4.143396191462726,54.59045487600533,21.993868433314866,2.4820760859565434,2.23384254489524
0.75,0.004,10,3,38.96902950382388,17.71331504653326,2.199985118621297,54.37026846151469,16.928246151390812,3.211807530164468,44.20040822890965,17.71331504653326,2.4953210685179044,1.9415375031850848
0.75,0.004,15,0,88.488452009009,35.828603103404646,2.4697711979901413,76.06360778848334,28.619018037989886,2.6577993587171242,84.0231290685532,35.828603103404646,2.3451410825606214,3.8714492901646893
0.75,0.004,15,8,56.06327523672678,31.99563932502738,1.752216127554401,60.57377916866018,24.540029035693667,2.468366238709626,57.63448710642678,31.99563932502738,1.8013231903556426,2.8115004481332697
0.75,0.004,15,5,36.90659608085232,24.31796989874696,1.517667643907809,45.76441821778228,21.827414550730683,2.0966486026743048,39.95780312476851,24.31796989874696,1.643138933518765,2.4117515697810643
0.75,0.004,15,3,30.682664107650858,21.55378721172071,1.423539343979696,44.11668068265422,18.372553507186172,2.4012274976038896,35.25681787952087,21.55378721172071,1.6357597638501598,2.1261733614713214
0.75,0.004,20,0,92.17397194771017,48.05968095995187,1.9179064468721452,71.60221095119965,40.847918373496675,1.7528974254329999,84.67426653619164,48.05968095995187,1.7618566092178327,4.133356952358022
0.75,0.004,20,8,34.736952816667575,38.420765825237716,0.9041192196603659,41.41191007795055,28.169609034071552,1.4700917583862185,37.04708899270417,38.420765825237716,0.964246500478884,2.802394138655295
0.75,0.004,20,5,28.425733465641258,31.943528739617445,0.8898745563569094,35.83136949438881,23.11802366547484,1.549932209296094,30.98227587049731,31.943528739617445,0.9699077432253765,2.4117515697810643
0.75,0.004,20,3,25.52338523437423,23.45330636429075,1.0882638395597526,38.07829172189137,19.292082697587798,1.9737781720504712,29.801783997915287,23.45330636429075,1.2706858271928143,2.1261733614713214
0.75,0.004,30,0,71.82713870859845,69.95659293632943,1.026738663130314,66.91005648340544,60.70318496319915,1.1022495199217168,70.08205464638337,69.95659293632943,1.001793422246394,5.242596402060137
0.75,0.004,30,8,21.00506631351957,44.32114780299465,0.4739287530838793,18.810698968363937,34.47306709926995,0.5456636310948467,20.228970993018258,44.32114780299465,0.4564180305739159,2.767493696442426
0.75,0.004,30,5,22.746017938769626,32.554055053352634,0.698715349024609,22.68634676376975,23.671437574667276,0.9583848337140389,22.725034952050294,32.554055053352634,0.6980707907142866,2.4117515697810643
0.75,0.004,30,3,20.926771964802416,25.487922560236452,0.8210465923750937,21.73668668076807,19.86087233092273,1.0944477321333341,21.210912346609057,25.487922560236452,0.8321946324374065,2.1261733614713214
0.75,0.005,10,0,90.40653733737953,33.225211728661165,2.7210221585854297,104.02042841690724,24.451540412184148,4.254146228148231,95.08623050865097,33.225211728661165,2.8618698139589718,3.397220043767031
0.75,0.005,10,8,87.25852404599415,30.364710801370663,2.8736820388902005,100.11637545489035,23.342110948410987,4.289088320938932,91.68218962584878,30.364710801370663,3.019366468713749,3.0123555877866606
0.75,0.005,10,5,51.85412321778908,25.016364066365938,2.072808145909023,77.14625490323075,18.29411504459202,4.216998456344364,60.30598283113733,25.016364066365938,2.410661384330334,2.41153475137995
0.75,0.005,10,3,41.783185585554314,19.70034945267716,2.1209362649085515,58.46014216153972,17.96223881676343,3.2546133451349744,47.43642444307847,19.70034945267716,2.4078976140513157,2.0461534492422557
0.75,0.005,15,0,102.62413312467768,45.18606218208399,2.2711457508985493,82.80263422400056,33.618615843497004,2.4629995062696026,95.42139660918127,45.18606218208399,2.1117440201951325,4.458543182966761
0.75,0.005,15,8,62.160372939104036,40.37424946729325,1.5396044201257413,64.76107588284165,28.745840615007356,2.252885095627776,63.07003642847553,40.37424946729325,1.5621352040133378,3.1336071304274866
0.75,0.005,15,5,38.64663962967185,29.512025991651512,1.3095217400731614,47.039925223047184,23.903750564556926,1.9678888924148672,41.5415546289247,29.512025991651512,1.4076144633606704,2.63392103248723
0.75,0.005,15,3,31.24403982937114,24.456440714112382,1.2775383055369145,45.43364752884247,19.731952074771776,2.30254195614693,36.067766585132645,24.456440714112382,1.4747757863359097,2.276948272100052
0.75,0.005,20,0,104.2785129542589,58.835423003148414,1.7723763615786143,73.56474020056199,49.80520701415699,1.4770491804130321,92.90518104791474,58.835423003148414,1.579068804229438,4.785927760708427
0.75,0.005,20,8,34.84137315792455,47.367551346476866,0.7355536051055762,40.5175261953705,33.2229736880474,1.219563503731379,36.810418545273116,47.367551346476866,0.7771231042959755,3.122224243580018
0.75,0.005,20,5,27.91193529637126,40.337059054561806,0.6919675343365083,34.66703696402544,27.031337866382522,1.2824758114225285,30.247425586044805,40.337059054561806,0.74986690390915,2.63392103248723
0.75,0.005,20,3,24.71696933181613,27.136438126794694,0.9108405906599228,37.84422050946681,20.86424370938371,1.8138314063330432,29.18337603350416,27.136438126794694,1.0754313405888118,2.276948272100052
0.75,0.005,30,0,70.13791736339124,79.9905334455586,0.8768277237596742,59.02092111005872,71.34164863707775,0.8272996522733049,66.14340541265886,79.9905334455586,0.8268904151973925,6.17247707283607
0.75,0.005,30,8,17.793306925344954,53.97829310291773,0.32963819162305374,13.103070786795401,43.226899226814155,0.3031230789431089,16.122509527827013,53.97829310291773,0.2986850565483244,3.078598690813932
0.75,0.005,30,5,20.823697747197855,41.05813011451818,0.50717598899699,18.587838461745054,30.15646536711396,0.6163798785919834,20.032831322989185,41.05813011451818,0.48791387399070973,2.63392103248723
0.75,0.005,30,3,19.040005801134406,33.11412804204319,0.5749813426148609,17.77139003895607,21.56386325202376,0.8241283035074074,18.59242534718537,33.11412804204319,0.5614650436689618,2.276948272100052
1.0,0.0,0,0,35.99978347241599,16.45213949199128,2.1881520935280356,51.50070429736346,17.87338509764008,2.8814186017937575,41.260069931859555,17.873385097640103,2.3084642168487317,2.0307649586085343
1.0,0.001,10,0,49.01436484223254,17.54558469057742,2.7935441141813264,65.31128816124524,18.797458210279817,3.47447444386541,54.55239973191321,18.79745821027985,2.9021157606340577,2.4055942235706604
1.0,0.001,10,8,48.36986646679542,16.863961944852402,2.868238592151233,64.53900917027954,18.304910623573022,3.525775705627667,53.8651135441421,18.30491062357297,2.9426591941276614,2.3286213323745866
1.0,0.001,10,5,41.63466311637154,17.380377576356388,2.395498195218139,59.886092971550696,18.105819174515347,3.307560535887972,47.80106202218779,18.105819174515293,2.6400938594079086,2.208457165093244
1.0,0.001,10,3,39.366597896859325,17.658007584608693,2.2293907004079307,56.02385158435319,18.146716703969588,3.087272066803026,45.00997371722369,18.146716703969645,2.4803370467219352,2.1353809046657055
1.0,0.001,15,0,52.42804925867881,18.94830919585675,2.766898551040257,63.126476165800426,21.035553544520702,3.000942001939544,56.10705313954965,21.035553544520713,2.6672487139832963,2.6178588514106065
1.0,0.001,15,8,44.31247596837857,17.771368429214263,2.493475735697062,58.415176182593534,20.160664366118365,2.897482698078392,49.12165155892525,20.160664366118375,2.4365095647085,2.3528716409027517
1.0,0.001,15,5,39.116266006977106,18.693038957647666,2.092557881872595,54.0578358613591,19.724883210320233,2.740590921880621,44.196704751279306,19.72488321032021,2.2406573605543705,2.2529344213147002
1.0,0.001,15,3,37.27196463316904,18.138093891165596,2.0548997516945735,53.362539874091254,18.858101992717515,2.8296877328746244,42.72708791207707,18.85810199271747,2.2657151779419373,2.1815398692372643
1.0,0.001,20,0,54.6004093332529,21.175436091446052,2.578478624830261,63.929247150606685,22.107024076846116,2.8918070079619285,57.818199182250865,22.107024076846137,2.615376858561752,2.6833357669589395
1.0,0.001,20,8,39.17812201723678,19.383124830994657,2.0212490173198936,53.4893883812001,20.941220408269203,2.554263187071866,44.05092961438599,20.941220408269256,2.103551214092145,2.350595063533258
1.0,0.001,20,5,36.97130219260132,19.098872822033286,1.9357845113220307,51.3411835337537,20.0281788808641,2.5634474227113864,41.861006110775435,20.0281788808641,2.0901054638957457,2.2529344213147002
1.0,0.001,20,3,35.947246724169425,18.93981716882952,1.8979722139731174,51.741395348634335,18.969329207397767,2.727634424123755,41.30352810334876,18.96932920739789,2.1773847483885045,2.1815398692372643
1.0,0.001,30,0,54.21804158920169,26.46916776137661,2.0483470458151616,67.87116044172963,23.488533979555292,2.8895443411157764,58.88687064728519,26.46916776137661,2.224734497818703,2.9606456293844685
1.0,0.001,30,8,35.55888577332751,20.2836020490737,1.7530853586703743,46.90451735083663,21.549507318447525,2.1765934904081945,39.444354127101924,21.549507318447592,1.8304063078665067,2.3418699529800406
1.0,0.001,30,5,35.47240911970011,18.832423507679675,1.8835817442845217,47.53813223396237,20.051750460484975,2.370772184086546,39.597744270228105,20.051750460484907,1.9747774314397948,2.2529344213147002
1.0,0.001,30,3,34.694712511626435,18.148542111899268,1.9117079651747073,47.04199653161956,19.182606851934302,2.452325530868919,38.91298305716906,19.18260685193428,2.028555522068955,2.1815398692372643
1.0,0.0015,10,0,55.655320418075526,19.900498484292516,2.7966797144304865,72.35434137904232,19.45492139576579,3.719076520904869,61.3335349115824,19.900498484292516,3.082009978794904,2.5930088560517235
1.0,0.0015,10,8,54.67678131340252,18.902679866598028,2.8925412533711214,71.17624761399722,18.661649864044485,3.81403831561179,60.288168444448374,18.902679866598028,3.189397951503192,2.4775495192576122
1.0,0.0015,10,5,44.40058129976332,17.885230243718585,2.482527800577636,64.11293729609773,18.23536985507641,3.5158561523911067,51.04559326347018,18.23536985507632,2.799262842988634,2.297303268335599
1.0,0.0015,10,3,41.01690857700999,18.290100884783822,2.2425742118860263,58.278480139671764,18.289508481885484,3.1864432112756136,46.86001766533208,18.290100884783822,2.562042602198907,2.1876888776942907
1.0,0.0015,15,0,60.71187099641327,21.98452852622854,2.7615725724561817,68.65852423788917,22.77616072050792,3.0144906808665177,63.46220927045509,22.776160720507853,2.78634358306548,2.9114057978116428
1.0,0.0015,15,8,48.348866372883556,20.23034300308901,2.3899182710595204,61.68073692321847,21.362058813856834,2.8873966437733194,52.90599216977838,21.36205881385682,2.4766335787569367,2.51392498204986
1.0,0.0015,15,5,40.55955496410939,19.83751602946996,2.0445883901923736,55.22409803587867,20.648233069450562,2.6745193087530446,45.550396107116356,20.64823306945054,2.2060190794005057,2.364019152667783
1.0,0.0015,15,3,37.841748272878164,19.01235356705656,1.9903768431094202,54.24921675531091,19.350593941532058,2.8034910411135323,43.40130732749125,19.350593941532146,2.242892774176771,2.2569273245516297
1.0,0.0015,20,0,63.75845616903162,25.23934288983476,2.5261535709279728,69.3929255707013,24.3840747313677,2.845829761234867,65.71777922775297,25.23934288983476,2.603783288439774,3.009621171134142
1.0,0.0015,20,8,40.485785326252646,21.987930985989024,1.8412730762185254,54.19213085180448,22.632735335099895,2.394413668937347,45.16002434019355,22.632735335099873,1.9953409816160106,2.5105101159956194
1.0,0.0015,20,5,37.30747258878786,20.44252558103127,1.824993318017695,51.14400094867779,21.098025403356367,2.424113156131738,42.02155195012356,21.098025403356434,1.991729137999732,2.364019152667783
1.0,0.0015,20,3,35.83747913727014,20.2021696578123,1.7739420935617958,51.80779943698533,19.51675948755257,2.6545287638568986,41.25126519703064,20.2021696578123,2.041922520984202,2.2569273245516297
1.0,0.0015,30,0,62.07094770388153,32.852752314967915,1.889368266889518,74.12804246054343,27.13599222865346,2.7317240451694293,66.21182031222313,32.852752314967915,2.015411667108835,3.425585964772435
1.0,0.0015,30,8,35.02769086136883,23.860621584312412,1.4680125049381951,44.39122995385023,23.402867498909984,1.8968286666545373,38.24848359096018,23.860621584312412,1.6029961103824437,2.497422450165794
1.0,0.0015,30,5,35.05107023163643,20.437199422344875,1.7150622992558155,45.4845375456846,21.132269406552716,2.152373541650037,38.6311866328791,21.13226940655273,1.8280661622125771,2.364019152667783
1.0,0.0015,30,3,33.96588544204264,19.028429320367124,1.7850073103872623,44.81222874558739,19.834902924729725,2.2592613089987186,37.68346057035741,19.834902924729658,1.8998560624854188,2.2569273245516297
1.0,0.002,10,0,62.367010741773335,22.22038483453629,2.8067475521323413,79.47110536786417,20.12654317059175,3.9485720272115468,68.18634602617036,22.22038483453629,3.068639293779959,2.7804234885327865
1.0,0.002,10,8,61.049174995525625,20.92251486920128,2.917869834347317,77.8764054574354,19.072115288481683,4.083259999191997,66.77578506075874,20.92251486920128,3.1915754620423367,2.6264777061406384
1.0,0.002,10,5,47.126740315478855,18.830253222069725,2.5027141037192555,68.35711734795662,18.523847757187827,3.6902223686993936,54.26717908814042,18.830253222069725,2.8819144622302457,2.386149371577954
1.0,0.002,10,3,42.64355666183517,18.92348190538784,2.253473059294327,60.52695483177979,18.765637070802686,3.2254143359701453,48.69184776500226,18.92348190538784,2.5730913585802018,2.2399968507228762
1.0,0.002,15,0,68.98630346642601,24.969311989697996,2.762843585553692,73.9601116685454,24.506268443356525,3.0180078962040198,70.71861318737402,24.969311989697996,2.8322211367518486,3.2049527442126786
1.0,0.002,15,8,52.287783446969826,22.648545982715994,2.3086596149206535,64.80419149873096,22.639658855048427,2.8624190812080297,56.57616815221165,22.648545982715994,2.4980044279834637,2.6749783231969686
1.0,0.002,15,5,41.92263335362642,20.97964580872559,1.998252674799233,56.313038380524375,21.607550982472667,2.606174037317031,46.82449466150853,21.607550982472677,2.167043118375192,2.475103884020866
1.0,0.002,15,3,38.36659877413329,19.889207248679707,1.9290159881400075,55.10563111235638,19.843128617134486,2.777063646343189,44.03523244473158,19.889207248679707,2.214026526756351,2.3323147798659947
1.0,0.002,20,0,72.70874063659738,29.191313334977064,2.4907663386791743,74.27115655572207,26.648616065075025,2.787054921514663,73.25646440941458,29.191313334977064,2.5095295839820473,3.3359065753093446
1.0,0.002,20,8,41.598711120341456,24.916226588494673,1.6695429772480115,54.6969509294446,24.315932150792797,2.249428505979001,46.07240523937557,24.916226588494673,1.8490924007188947,2.670425168457981
1.0,0.002,20,5,37.54307012600011,22.64616651863436,1.657811272168641,50.8689155599513,22.162624655380682,2.295256827697132,42.088479153916246,22.64616651863436,1.8585255530680576,2.475103884020866
1.0,0.002,20,3,35.672315901798804,21.458649924890473,1.6623746613444452,51.83817920221485,20.063778525521524,2.5836698275090932,41.149809304261865,21.458649924890473,1.917632723787114,2.3323147798659947
1.0,0.002,30,0,68.84882264282055,38.97596622908396,1.7664429981839782,78.87220472887255,32.28907098274145,2.442690431416557,72.30722981319163,38.97596622908396,1.8551747861284782,3.8905263001604027
1.0,0.002,30,8,34.29242670996231,27.309644339100036,1.2556892460464897,41.74597579774664,25.234369739891637,1.6543300359014992,36.86723846130071,27.309644339100036,1.349971387526156,2.652974947351547
1.0,0.002,30,5,34.52590899651873,22.8846790923533,1.5086909830453001,43.386361715675314,22.20681733947023,1.9537406487583757,37.57692526295428,22.8846790923533,1.6420123311019146,2.475103884020866
1.0,0.002,30,3,33.18735558505155,19.911164265752845,1.6667712215168513,42.58353403785213,20.485596633073776,2.078706068492117,36.41817921680075,20.485596633073733,1.7777455970212783,2.3323147798659947
1.0,0.0025,10,0,69.13458325930296,24.504337316268753,2.8213202571858,86.64694538242235,20.811916146724407,4.1633333889854125,75.0960452942348,24.504337316268753,3.0646021691995537,2.9678381210138496
1.0,0.0025,10,8,67.47433586826884,22.922335979316532,2.9436064426048385,84.62679053561688,19.498253159343825,4.34022421619152,73.31524971449244,22.922335979316532,3.198419645390716,2.7754058930236645
1.0,0.0025,10,5,49.80907366663825,20.331057148508457,2.44990082428116,72.6143929008939,18.969057503146935,3.8280443237017603,57.461528600277404,20.331057148508457,2.826293201605256,2.474995474820309
1.0,0.0025,10,3,44.24534999790035,19.55807219301706,2.2622551732730356,62.7681177714142,19.257845605798106,3.2593530479087507,50.5042559471093,19.55807219301706,2.5822716803929757,2.292304823751462
1.0,0.0025,15,0,77.206715592767,28.008996055096922,2.756497071187146,78.99952802595287,26.224970174901785,3.0123781838104122,77.83499115749446,28.008996055096922,2.778928277342896,3.4984996906137145
1.0,0.0025,15,8,56.116129932042405,25.120241992724466,2.233900849693057,67.77519168498638,23.915891476414032,2.8338977767910767,60.11994899394064,25.120241992724466,2.393287015760162,2.8360316643440773
1.0,0.0025,15,5,43.202974018389085,22.11919279669614,1.9531894502426033,57.322955096221406,22.61895081926366,2.5342888604453626,48.01676858797881,22.618950819263627,2.1228556961662832,2.586188615373949
1.0,0.0025,15,3,38.846016917995186,20.76849439796519,1.8704300934689402,55.93122741554759,20.353536038079987,2.747985770674163,44.62832419347731,20.76849439796519,2.1488473520665905,2.4077022351803596
1.0,0.0025,20,0,81.3637034722267,33.12270008567213,2.4564332998752767,78.50698310747104,28.89796724572452,2.716695691427438,80.35414043496279,33.12270008567213,2.425953808932429,3.6621919794845477
1.0,0.0025,20,8,42.51254955661579,27.846490523979462,1.526675310125954,55.00212443850583,25.98832277988571,2.1164168578464806,46.78465036319466,27.846490523979462,1.6800914399933797,2.830340220920343
1.0,0.0025,20,5,37.67771102515838,24.981491884484974,1.5082250171199154,50.516357558055034,23.221820655042038,2.175383158300582,42.06174765990867,24.981491884484974,1.683716403103674,2.586188615373949
1.0,0.0025,20,3,35.45202929929776,22.709134624839088,1.5611351944922016,51.83251820066015,20.718006222988762,2.5018101473078347,40.99931537950343,22.709134624839088,1.8054107325894608,2.4077022351803596
1.0,0.0025,30,0,74.39679208198655,46.59495290502002,1.5966706143825982,81.97868759928384,38.78658136646174,2.113583737239853,77.02579667062601,46.59495290502002,1.6530931328042493,4.355466635548369
1.0,0.0025,30,8,33.35649517733516,30.633453436739423,1.0888911120066513,38.97776688117278,27.20638570736543,1.4326697893803861,35.30646733977838,30.633453436739423,1.1525461016887668,2.8085274445373
1.0,0.0025,30,5,33.898155576903186,25.27341122590596,1.3412576273897139,41.24635805188694,23.334727616969253,1.7675954366783424,36.43706766518478,25.27341122590596,1.441715458965656,2.586188615373949
1.0,0.0025,30,3,32.36004710300398,20.796574884738718,1.5560277248707408,40.356903828063494,21.134644280073644,1.90951422192202,35.1183327923108,21.134644280073623,1.6616476874144233,2.4077022351803596
1.0,0.003,10,0,75.94237424419252,26.751524503800937,2.8388054756805503,93.86644056268463,21.510626425694156,4.36372417544114,82.04704225634329,26.751524503800937,3.067004358749192,3.1552527534949126
1.0,0.003,10,8,73.93887961987096,24.901068459515663,2.9693055035000335,91.41407501680871,19.939818958775323,4.584498746242541,79.89318884382585,24.901068459515663,3.20842412741111,2.92433407990669
1.0,0.003,10,5,52.443519325050644,21.821612729015673,2.4032833858937366,76.88039688164747,19.431592229612914,3.9564640907030273,60.624309577803004,21.821612729015673,2.7781773203770737,2.5638415780626636
1.0,0.003,10,3,45.82110319146062,20.19379350043731,2.269068622023313,65.00080012030311,19.75075631423968,3.2910537240257254,52.29603422931064,20.19379350043731,2.589708279832521,2.3446127967800474
1.0,0.003,15,0,85.32667305042776,30.99091022551277,2.753280637113522,83.74599920113643,27.93138715800405,2.9982756934840626,84.76938283518341,30.99091022551277,2.7352982606299303,3.7920466370147508
1.0,0.003,15,8,59.82091159074132,27.566628349441345,2.170048176818607,70.58377047117115,25.19021370396821,2.8020314277862632,63.52531423432464,27.566628349441345,2.304428145113075,2.997085005491186
1.0,0.003,15,5,44.39818214299996,23.391169080529796,1.898074525054665,58.25226178414689,23.62647679144514,2.465550081730312,49.12511317909845,23.62647679144516,2.0792398973716644,2.697273346727032
1.0,0.003,15,3,39.279542049704695,21.65005456958532,1.8142929812697026,56.72546756100041,20.917376210406125,2.711882551157646,45.18007381298166,21.65005456958532,2.0868341771503918,2.483089690494725
1.0,0.003,20,0,89.6350367760946,36.93419917078031,2.4268845348894796,82.05020875539957,32.46636357898336,2.5272374146796537,86.93294001186649,36.93419917078031,2.3537247852565217,3.98847738365975
1.0,0.003,20,8,43.223743053340954,30.724808929765068,1.4068026640018378,55.106673566177776,27.649113480258325,1.9930719878423717,47.2941190748587,30.724808929765068,1.5392811451804307,2.990255273382705
1.0,0.003,20,5,37.711213634531674,27.261305829395678,1.3833238169342545,50.08687283223259,24.322365712304073,2.0592928099463164,41.94148749194808,27.261305829395678,1.5384988435411948,2.697273346727032
1.0,0.003,20,3,35.176946412725776,23.953502428038455,1.4685512700451633,51.79082487302171,21.46783146929152,2.4124851616757597,40.79998096123247,23.953502428038455,1.7032991765527616,2.483089690494725
1.0,0.003,30,0,78.58549723942969,55.17420737646733,1.4243158348106626,83.36547000032195,46.10313081293385,1.80823880136432,80.25170643394158,55.17420737646733,1.4545148947290576,4.820406970936336
1.0,0.003,30,8,32.22413328093923,33.857252019017366,0.9517645809777819,36.09586892091499,29.35422049227111,1.2296653876541854,33.572670928337665,33.857252019017366,0.9915946784304923,2.9640799417230532
1.0,0.003,30,5,33.16925173099692,27.604178236864453,1.2016025779278767,39.06730080548391,24.564173192079952,1.5904179025280645,35.21386395008184,27.604178236864453,1.2756715178376477,2.697273346727032
1.0,0.003,30,3,31.484926696224093,22.169404713990172,1.4201972088296666,38.1333125209766,21.884296234856194,1.7424966337386625,33.78513197747106,22.169404713990172,1.5239530521155897,2.483089690494725
1.0,0.004,10,0,89.6121798772272,31.202833680221463,2.8719244154427446,108.37104849792256,22.946373112931894,4.722796407282677,96.0068283984089,31.202833680221463,3.076862485706378,3.5300820184570387
1.0,0.004,10,8,86.92942524160551,28.86382444500303,3.011708493697374,105.04306457188241,21.697938736896717,4.8411540766893095,93.10790758743492,28.86382444500303,3.2257647549389104,3.2221904536727424
1.0,0.004,10,5,57.55257692052766,24.770089104492254,2.323470726235298,85.42052524713853,20.465574519784358,4.173864025393536,66.83768285948017,24.770089104492254,2.698322261883128,2.7415337845473737
1.0,0.004,10,3,48.8897890958663,21.468317301878827,2.2772995390555204,69.43599854523082,20.73850033423945,3.3481687405617926,55.81287675499795,21.468317301878827,2.599778826173462,2.449228742837218
1.0,0.004,15,0,101.07272912627118,36.746050007944106,2.7505739829021167,92.24348802170634,31.303993969529987,2.946700287237863,97.92318158711466,36.746050007944106,2.664862796571188,4.379140529816823
1.0,0.004,15,8,66.80872111975111,32.30767988998853,2.067889781848858,75.67602184797953,27.730997271282664,2.7289325770605153,69.87414508827945,32.30767988998853,2.1627719887719943,3.319191687785403
1.0,0.004,15,5,46.5243237886519,26.889657097349804,1.7301940154988904,59.863300239826756,25.629252679152238,2.3357411544239732,51.08226520401116,26.889657097349804,1.8996993907016289,2.919442809433198
1.0,0.004,15,3,40.007267228284405,24.197139438916583,1.6533882994425442,58.21781745734809,22.111674916739908,2.632899483036158,46.157666962864894,24.197139438916583,1.9075670940106626,2.633864601123455
1.0,0.004,20,0,104.67819461970538,46.390674965089055,2.2564490535755333,86.89744663399605,39.96584775125732,2.174292590384556,98.24170398580276,46.390674965089055,2.117703699282966,4.641048192010155
1.0,0.004,20,8,44.02804577072237,36.83793264706839,1.1951823190660558,54.71374379829121,31.039824885412294,1.7626949894296888,47.698155206168444,36.83793264706839,1.2948108587728884,3.310085378307428
1.0,0.004,20,5,37.47508806203403,31.797484867364535,1.1785551032841823,48.99987675320547,26.647443388284607,1.8388209344971527,41.42174703639998,31.797484867364535,1.302673692877934,2.919442809433198
1.0,0.004,20,3,34.46396982931288,26.423412179131113,1.3042967197299409,51.59949930350152,22.987239971479156,2.2447018157691967,40.255791374909776,26.423412179131113,1.5234895138449722,2.633864601123455
1.0,0.004,30,0,82.52297129038134,69.19210045206661,1.1926646358647515,80.88532276680962,59.546280104277635,1.358360633530138,81.9455102729027,69.19210045206661,1.184318870759981,5.750287641712271
1.0,0.004,30,8,29.3910515623258,42.734867733434676,0.6877534229345698,30.02904226704586,35.70149320357295,0.8411144625189121,29.61500394084402,42.734867733434676,0.69299393005197,3.2751849360945595
1.0,0.004,30,5,31.414786103272576,32.09501393039168,0.9788058098807996,34.60319294955092,26.993013073134076,1.2819314707771987,32.527090168414134,32.09501393039168,1.0134624100478518,2.919442809433198
1.0,0.004,30,3,29.595320031000718,25.13627366818133,1.1773948844479623,33.69905567324578,23.533758183842068,1.4319453531388393,31.02358501167737,25.13627366818133,1.234215756130491,2.633864601123455
1.0,0.005,10,0,103.23677592437117,35.5483431312166,2.9041234226670416,122.84763477025535,26.06029905938153,4.713976401050971,109.92677743101763,35.5483431312166,3.092317890182791,3.904911283419165
1.0,0.005,10,8,99.90169895030662,32.783518851623086,3.0473147010989816,118.64546218563223,24.97453577013493,4.7506573606669775,106.30117295060532,32.783518851623086,3.242518700683726,3.5200468274387946
1.0,0.005,10,5,62.42185701849141,27.672073698878773,2.255770843116128,93.94027594002819,21.518998148509194,4.3654576896060675,72.87215118428654,27.672073698878773,2.6334185134538433,2.9192259910320835
1.0,0.005,10,3,51.84031534350873,22.746431993309958,2.279052616197375,73.82301631047386,21.72850301611904,3.3975196660215894,59.232758739984014,22.746431993309958,2.6040461535859865,2.5538446888943893
1.0,0.005,15,0,115.83183019536358,43.86576846856875,2.6405973094569366,99.23633923573887,35.028937117355376,2.8329817403044015,109.84512305282377,43.86576846856875,2.5041194281488846,4.966234422618895
1.0,0.005,15,8,73.1518711923687,38.88524406171212,1.8812244324935792,80.01082462595879,30.258531549531387,2.6442401705775413,75.53308481327272,38.88524406171212,1.942461379267655,3.64129837007962
1.0,0.005,15,5,48.28479660159708,30.316008123433747,1.5927161783636603,61.135915612107404,27.61459962281799,2.213898316367067,52.681864885914955,30.316008123433747,1.7377573152579013,3.141612272139364
1.0,0.005,15,3,40.5468831107052,27.00580128942246,1.5014138138751123,59.57874548818614,23.41089164718816,2.5449156907845514,46.96457132115812,27.00580128942246,1.7390549096409536,2.784639511752185
1.0,0.005,20,0,117.17035867756866,57.53731462838727,2.0364238309404894,88.5790743385781,48.919820059932164,1.8106991037591509,106.65490385376457,57.53731462838727,1.8536649571258246,5.293619000360561
1.0,0.005,20,8,43.999662651398566,46.02672104445825,0.9559590962149638,53.52533752339872,34.46952135076011,1.5528308901863643,47.27945231647384,46.02672104445825,1.0272174780994183,3.6299154832321516
1.0,0.005,20,5,36.837271312502274,38.651943254842394,0.9530509519178503,47.61454945732726,29.04964212527954,1.6390752509784687,40.53366144096611,38.651943254842394,1.048683663165835,3.141612272139364
1.0,0.005,20,3,33.53707013971783,29.20806807764853,1.148212543553405,51.26476642523379,24.489017773746923,2.0933778111832395,39.51965661681061,29.20806807764853,1.3530390476956269,2.784639511752185
1.0,0.005,30,0,80.2905656488146,79.52150572992241,1.0096710935215958,71.71555296523235,70.55278845168144,1.0164807733197851,77.22794887350935,79.52150572992241,0.9711580303295233,6.680168312488204
1.0,0.005,30,8,25.842479992029777,52.6746088007999,0.49060601645393404,23.62282886042164,41.589553239464884,0.5679991012263537,25.057570451108102,52.6746088007999,0.4757049178261307,3.586289930466066
1.0,0.005,30,5,29.27806564742692,39.371877055956894,0.7436289005427849,30.01643465891659,29.41339010103814,1.0205023819358099,29.53718825702587,39.371877055956894,0.7502103142059098,3.141612272139364
1.0,0.005,30,3,27.527058445524787,31.083926312929922,0.8855721175118862,29.288196889569782,25.161233403892936,1.1640207147014632,28.14350243832211,31.083926312929922,0.9054037175031943,2.784639511752185
1.25,0.0,0,0,45.372328513580506,20.293021904711672,2.2358586476982945,65.77921266806311,21.952028720688354,2.9964981143665543,52.243676604488186,21.95202872068839,2.3799019794125837,2.538456198260668
1.25,0.001,10,0,59.109065576329954,20.551217498037033,2.876183154695132,80.62825023641562,22.780854814306505,3.5392987178769353,66.36584917863809,22.78085481430645,2.9132291004708093,2.913285463222794
1.25,0.001,10,8,58.425355024751035,20.319885876319322,2.8752796831816663,79.79504495684715,22.37169900413216,3.566785202237372,65.63248749291732,22.37169900413217,2.9337283449412874,2.8363125720267197
1.25,0.001,10,5,51.292990402040026,21.16063768716767,2.423981316647435,74.78347634966147,22.1857671380604,3.3707861388920835,59.16841961200585,22.185767138060363,2.666953963944777,2.7161484047453777
1.25,0.001,10,3,48.90804800576045,21.424418463136686,2.282817995266135,70.62877485809152,22.218186200914236,3.1788722184345217,56.210067957378904,22.218186200914204,2.5299125432239853,2.643072144317839
1.25,0.001,15,0,62.68666044180322,21.90473767673953,2.8617854898289745,78.1604775589807,24.97381488850866,3.1296971611231537,67.9675590288535,24.973814888508596,2.721552927827937,3.12555009106274
1.25,0.001,15,8,54.100992774060394,20.7619775724423,2.6057726237923253,73.10232400091603,24.143912300692172,3.027774583111797,60.5313089534655,24.143912300692193,2.5071044079186,2.8605628805548853
1.25,0.001,15,5,48.60112162243284,22.42040870747658,2.1677179152503907,68.44506901319498,23.722441841944185,2.8852455185357733,55.29633861791277,23.722441841944242,2.330971616932871,2.760625660966834
1.25,0.001,15,3,46.669122812782305,21.89311494580518,2.131680344633842,67.72800405882182,22.891161550302996,2.9586966965389903,53.75336942629452,22.891161550302954,2.348215022124254,2.6892311088893983
1.25,0.001,20,0,64.93568117527889,24.05351634046743,2.6996336109923207,78.91733198528404,25.93946221196989,3.042365772289113,69.72232368373832,25.93946221197,2.6878862450573213,3.191027006611073
1.25,0.001,20,8,48.621133490352086,23.081817851758156,2.1064689879548886,67.72038024710419,24.887749348328825,2.7210327177154534,55.074646824466434,24.887749348328803,2.212921950219041,2.8582863031853916
1.25,0.001,20,5,46.31719356613084,22.81251698128457,2.0303412203103037,65.48298334880597,24.00801197723399,2.727547095982014,52.788460765336296,24.008011977233945,2.198785172857876,2.760625660966834
1.25,0.001,20,3,45.249428967975035,22.666271339730926,1.996333154657814,65.9577857379277,22.99512534125412,2.8683377350240815,52.217814228356275,22.99512534125411,2.270821030693648,2.6892311088893983
1.25,0.001,30,0,64.40979458075134,29.155786158731168,2.209159932443214,82.9811320714757,27.264047350460796,3.043610180279166,70.71395381459023,29.155786158731168,2.4253831959668766,3.468336869036602
1.25,0.001,30,8,44.76862095873773,23.178608623468865,1.9314628279028139,60.5392163635466,25.457476295871672,2.3780525477053662,50.128485132642965,25.45747629587176,1.9691066211764245,2.8495611926321742
1.25,0.001,30,5,44.721355959685205,22.561605616418888,1.9821885339197611,61.331659375992146,24.02853724379814,2.5524508110381157,50.35677645939547,24.028537243798098,2.0957071147721584,2.760625660966834
1.25,0.001,30,3,43.92597039428594,21.904079885409878,2.005378478533794,60.829857537726674,23.19883217085851,2.6221086083005,49.65643261172059,23.19883217085851,2.140471220533985,2.6892311088893983
1.25,0.0015,10,0,66.10945381293467,22.830561108439905,2.895656111951432,88.18810360093777,23.41223096193642,3.7667535291409813,73.56000784100371,23.41223096193641,3.1419478118338033,3.100700095703857
1.25,0.0015,10,8,65.0720439096798,21.86789979804188,2.975687858031367,86.91827081037013,22.65730071135914,3.836214733505039,72.44540812093953,22.65730071135912,3.197442142109162,2.985240758909746
1.25,0.0015,10,5,54.19556060232842,21.651154661912177,2.5031256507380193,79.3166788160963,22.31537111294579,3.5543517701160883,62.59907052456213,22.31537111294578,2.805199618134364,2.8049945079877325
1.25,0.0015,10,3,50.639470829929635,22.035776827840458,2.2980569836753237,73.04394327389383,22.35709071129175,3.26714885300358,58.165072545969764,22.357090711291793,2.601638705906963,2.6953801173464242
1.25,0.0015,15,0,71.39941612313203,24.841126805076698,2.874242246875064,84.02877132430734,26.584903111801417,3.1607702676563747,75.73776995561784,26.584903111801417,2.8489014850686725,3.419097037463776
1.25,0.0015,15,8,58.331037313163,23.138409361877187,2.520961419641453,76.54772708677714,25.243536643675757,3.0323693612065483,64.5109450057863,25.24353664367579,2.5555430649987025,3.0216162217019935
1.25,0.0015,15,5,50.09124143958803,23.524742314365476,2.129300324322771,69.65382830907592,24.60528347969492,2.830848438163963,56.69775113515059,24.605283479694904,2.3042917258782833,2.8717103923199168
1.25,0.0015,15,3,47.24617543264282,22.740803370553632,2.077594826479193,68.65330861755594,23.36083542118135,2.9388207818675762,54.443786990510915,23.360835421181402,2.330558218870307,2.7646185642037633
1.25,0.0015,20,0,74.53961829935601,27.980909388573483,2.6639455231499953,84.6468763334255,28.116042919143723,3.010625519987057,78.02853970415204,28.116042919143748,2.7752319175407045,3.5173124107862757
1.25,0.0015,20,8,49.943185836083124,24.827133702747883,2.011637204441179,68.3712711083067,26.449668222928235,2.58495760824093,56.18025383914369,26.449668222928256,2.124043801443342,3.018201355647753
1.25,0.0015,20,5,46.62946492214866,24.109262405675924,1.9340892366400604,65.20682810085887,25.02872030060429,2.605280146875289,52.90999984087434,25.028720300604313,2.113971437828439,2.8717103923199168
1.25,0.0015,20,3,45.09868501014096,23.888109626952836,1.8879135149001633,65.98807820562516,23.516151030610487,2.8060747747252446,52.12512360700436,23.888109626952836,2.18205309758759,2.7646185642037633
1.25,0.0015,30,0,72.55831228063691,35.275216478668916,2.0569203969170045,89.44291187559735,30.133531985997042,2.9682186581102137,78.31592856310677,35.275216478668916,2.220140267897853,3.933277204424569
1.25,0.0015,30,8,44.135654950564614,26.630277357564715,1.657348677145011,57.689870852789646,27.2255122974707,2.1189636478630796,48.76293770002766,27.225512297470733,1.7910751198080401,3.0051136898179274
1.25,0.0015,30,5,44.227749266014406,23.745430474525197,1.8625793839982496,59.03120563558315,25.058463900580353,2.3557391973342785,49.268425453972476,25.058463900580374,1.966139091743424,2.8717103923199168
1.25,0.0015,30,3,43.12157685613418,22.75762047202784,1.8948192280970837,58.35649924013096,23.82001568691894,2.449893400875389,48.30324538818505,23.82001568691894,2.0278427194618254,2.7646185642037633
1.25,0.002,10,0,73.17811473607195,25.075577673082783,2.918302249707472,95.8182069531614,24.057044069774392,3.982958449726944,80.82304323465668,25.075577673082783,3.223177718510376,3.28811472818492
1.25,0.002,10,8,71.78189699175026,23.82360555430294,3.0130576510819225,94.10096823397403,23.053655841683973,4.081824109815476,79.32021665489341,23.82360555430294,3.329479934264898,3.134168945792772
1.25,0.002,10,5,57.05390552199792,22.1500811113718,2.5757876567190796,83.86463456472116,22.453430688380728,3.735047696213287,66.00255095577165,22.453430688380692,2.9395307947273714,2.893840611230088
1.25,0.002,10,3,52.34491503337664,22.64830863092171,2.311206363635922,75.45104669301455,22.527733812422156,3.3492515190946377,60.09956888264898,22.64830863092171,2.653600755007158,2.74768809037501
1.25,0.002,15,0,80.08961328634471,27.727131083712543,2.8884926119670173,89.63587954310313,28.240493367063436,3.174019602916868,83.38990974706118,28.24049336706358,2.9528488990322472,3.712643983864812
1.25,0.002,15,8,62.453069142428696,25.47512359986981,2.4515315459646234,79.83379743434962,26.458178997946323,3.01735797616859,68.36360487613933,26.458178997946426,2.583836358558366,3.182669562849102
1.25,0.002,15,5,51.494800538939,24.626696921997905,2.0910153197581707,70.77725172126814,25.486341713608862,2.7770659483654114,58.01258073715487,25.48634171360883,2.2762223542729223,2.9827951236729997
1.25,0.002,15,3,47.7749215300713,23.59088053510391,2.0251436337435917,69.54507893159645,23.830536806387105,2.9183177658405435,55.09046014801602,23.83053680638706,2.3117590927809344,2.8400060195181283
1.25,0.002,20,0,83.9053966472016,31.799233701518837,2.638598069210517,89.7269356126084,30.28027101334433,2.9632144168414576,85.93153310132907,31.799233701518837,2.702314587449467,3.8435978149614787
1.25,0.002,20,8,51.056517497208276,27.653803577200343,1.846274685313188,68.80574528575237,28.061078049171073,2.45199935530577,57.07345920898403,28.06107804917103,2.0339011604962227,3.1781164081101148
1.25,0.002,20,5,46.83418220116917,25.460122588489153,1.8395112607330297,64.84584439525045,26.04436949750102,2.489822009377976,52.930732189639485,26.044369497500984,2.0323291832700465,2.9827951236729997
1.25,0.002,20,3,44.88874686742022,25.10409794694778,1.7881043550054307,65.97901045454479,24.036780624633757,2.744918776141225,51.97944979575133,25.10409794694778,2.0705563651639243,2.8400060195181283
1.25,0.002,30,0,79.54564543231308,41.12861228789284,1.9340707358543479,94.24217417227996,34.09713343822298,2.763932467901663,84.58150005705203,41.12861228789284,2.0565123730651753,4.398217539812536
1.25,0.002,30,8,43.285622886595235,29.95817468412283,1.4448684989321348,54.70052315113945,28.972542345576368,1.8880125361001092,47.19962143555507,29.95817468412283,1.5755172647607876,3.1606661870036805
1.25,0.002,30,5,43.62355239519544,25.684638414829543,1.6984296874511773,56.683659041649605,26.08265322436807,2.1732320923813124,48.08634301927099,26.0826532243681,1.8436139378008378,2.9827951236729997
1.25,0.002,30,3,42.264312860603596,23.61378134548304,1.7898155421299398,55.88548734541683,24.43966402313672,2.286671669975117,46.91205593591945,24.439664023136775,1.9195049445650436,2.8400060195181283
1.25,0.0025,10,0,80.29913907177762,27.28540648935113,2.9429335825770653,103.50249919305253,24.714902347653688,4.187857906016713,88.13898025426556,27.28540648935113,3.230260846165667,3.475529360665983
1.25,0.0025,10,8,78.5412885779324,25.759556629196677,3.049015544347968,101.3292124916377,23.464923063061384,4.318327071404327,86.24317308021396,25.759556629196677,3.348006890089998,3.283097132675798
1.25,0.0025,10,5,59.86373449266114,23.23878261002097,2.576027130906885,88.42270078743843,22.73979249788952,3.888456800810515,69.37428214696091,23.23878261002097,2.9852803957572847,2.9826867144724423
1.25,0.0025,10,3,54.02312324751095,23.26193831500697,2.3223827058581366,77.8488279424834,22.9988789434277,3.3848966349175007,62.012270908380465,23.26193831500697,2.665825610429656,2.7999960634035954
1.25,0.0025,15,0,88.70976182405627,30.559930085260913,2.902812983425021,94.94800247920038,29.88492116182303,3.17712072804439,90.87996494678232,30.559930085260913,2.973827645980572,4.0061909302658485
1.25,0.0025,15,8,66.45328531579678,27.77136786124229,2.3928704429621903,82.94957444018458,27.68048089035986,2.9966811186821904,72.07635958160697,27.77136786124229,2.5953478396070184,3.343722903996211
1.25,0.0025,15,5,52.809185616093,25.726045759520378,2.0527517563226767,71.81357542261718,26.427709896398543,2.717359003263602,59.23851426057165,26.42770989639862,2.241530366906451,3.0938798550260826
1.25,0.0025,15,3,48.25485433130259,24.44319129062701,1.974163428889353,70.40273344049459,24.30023282693493,2.8972040696852335,55.6928352616574,24.44319129062701,2.2784600668331465,2.9153934748324932
1.25,0.0025,20,0,92.94058855567305,35.50397149971158,2.6177518916842315,94.09792021650867,32.429587334860834,2.901607080129454,93.34670396408802,35.50397149971158,2.6291904826716728,4.169883219136681
1.25,0.0025,20,8,51.9567849984564,30.405388911767684,1.7088018557903648,69.02234141807904,29.66191760290896,2.326968281083418,57.75092485556643,30.405388911767684,1.8993647811298118,3.3380314605724766
1.25,0.0025,20,5,46.93102906543351,27.713864992143467,1.693413353883981,64.40058983250614,27.054810991889987,2.380374782577894,52.850708027172914,27.713864992143467,1.9070132600471073,3.0938798550260826
1.25,0.0025,20,3,44.61993975732747,26.314118650271688,1.6956653707596923,65.93059328271119,24.55697864878026,2.6848006925308763,51.780992643721405,26.314118650271688,1.9678026587900472,2.9153934748324932
1.25,0.0025,30,0,85.21173549196665,46.66778201099876,1.8259221205731135,97.25214436141452,38.819404565513146,2.50524564840473,89.35883544667401,46.66778201099876,1.914786424296182,4.863157875200503
1.25,0.0025,30,8,42.22242628191124,33.16500662625895,1.2731016989600394,51.58123899830622,30.698108362005662,1.680274184651297,45.44510816475391,33.16500662625895,1.3702728504438766,3.3162186841894337
1.25,0.0025,30,5,42.91017047316279,27.988689167464752,1.5331254070677738,54.292071462057834,27.100970323704143,2.0033257412399994,46.812879830312816,27.988689167464752,1.6725642115719412,3.0938798550260826
1.25,0.0025,30,3,41.35519125086458,24.47239607048777,1.6898709522250843,53.41789867152582,25.057735544147597,2.131792738310782,45.484169188570945,25.057735544147498,1.8151747634352482,2.9153934748324932
1.25,0.003,10,0,87.45578546315322,29.459259545658036,2.968702771622895,111.2241046966509,25.385407854411323,4.381418858209246,95.49101748921387,29.459259545658036,3.2414602051085217,3.6629439931470458
1.25,0.003,10,8,85.33590290199895,27.674724307372166,3.0835321773834847,108.58842076463957,23.890865911306424,4.545185644077043,93.19985815490209,27.674724307372166,3.367688766101815,3.432025319558824
1.25,0.003,10,5,62.620766684726114,24.679650940637643,2.537344099207434,92.98610443173756,23.17510552704042,4.012327120721956,72.70964726600862,24.679650940637643,2.9461375868280424,3.0715328177147976
1.25,0.003,10,3,55.672846244512655,23.876590531277706,2.3316916278973197,80.23601923257803,23.4706866950567,3.4185629195705225,63.90189374866975,23.876590531277706,2.6763408144458456,2.852304036432181
1.25,0.003,15,0,97.21057608312603,33.43598893422146,2.9073635678719763,99.93246714048192,31.517347479995685,3.1707131193038967,98.16331076740023,33.43598893422146,2.935857855453795,4.299737876666884
1.25,0.003,15,8,70.31801717761536,30.109598582468212,2.3354020142453558,85.88453819886253,28.90082759913136,2.9716982292037843,75.63653128484096,30.109598582468212,2.5120405068728324,3.5047762451433195
1.25,0.003,15,5,54.03192742802978,26.82256486591712,2.0144206081010188,72.76116390348304,27.390675604936522,2.6564209277981288,60.37337797580551,27.39067560493651,2.2041580443866327,3.2049645863791656
1.25,0.003,15,3,48.68550859017282,25.297580605565106,1.9245124405083507,71.22571016202848,24.790980047762655,2.8730493923517346,56.25039172936508,25.297580605565106,2.223548275481759,2.990780930146858
1.25,0.003,20,0,101.55227505023893,39.17590263098207,2.5922127693345556,97.70781618813764,34.5615311344428,2.8270685059657406,100.19216137948987,39.17590263098207,2.557494649791512,4.496168623311884
1.25,0.003,20,8,52.640494315868125,33.14840589877507,1.5880249106583235,69.02041216122173,31.251428391312142,2.2085522395004933,58.21015592921637,33.14840589877507,1.7560469154073983,3.4979465130348384
1.25,0.003,20,5,46.919904823491464,29.913898083848643,1.5684985183801519,63.8717473151754,28.05989952565444,2.276264291565945,52.67016009957892,29.913898083848643,1.7607253976711588,3.2049645863791656
1.25,0.003,20,3,44.29264706519624,27.518056057693574,1.609584883915257,65.84286461513437,25.131426876054096,2.6199413562892935,51.52999755996242,27.518056057693574,1.8725885815453711,2.990780930146858
1.25,0.003,30,0,89.42424344465721,54.23589263168813,1.6488019115298889,98.39322377439359,45.213884681511594,2.1761727501956396,92.53044531800751,54.23589263168813,1.7060739821574398,5.32809821058847
1.25,0.003,30,8,40.950849071439556,36.25351641088857,1.1295690218657013,48.34233465353168,32.53727216197666,1.485752536748454,43.506655912444,36.25351641088857,1.200067199533146,3.4717711813751864
1.25,0.003,30,5,42.08923270117209,30.236731973497676,1.3919901376267467,51.859513534475354,28.11328376278879,1.844662259024948,45.45053702967652,30.236731973497676,1.5031563949937994,3.2049645863791656
1.25,0.003,30,3,40.395269635730656,25.333298256809446,1.594552325016449,50.95479057625953,25.674189134027248,1.984669907597069,44.02090726645802,25.674189134027202,1.714597763405702,2.990780930146858
1.25,0.004,10,0,101.80512622114874,33.69624248065692,3.021260494537016,126.70798377688048,26.76274031425284,4.734492144266726,110.23236153681304,33.69624248065692,3.2713547096561615,4.037773258109173
1.25,0.004,10,8,98.97031864715386,31.43886762857201,3.14802428053129,123.13834913916052,24.78579267256723,4.968102120673725,107.15357664565555,31.43886762857201,3.408315398366102,3.729881693324876
1.25,0.004,10,5,67.95942507489903,27.529414267480725,2.468611370172757,102.10922313793196,24.10297467713104,4.236374327473092,79.25267814563139,27.529414267480725,2.8788363375841626,3.2492250241995073
1.25,0.004,10,3,58.88188856116785,25.1086622897442,2.3450826603860353,84.97351387302632,24.416113693690523,3.4802227307364113,67.6067759739483,25.1086622897442,2.692567815592579,2.956919982489352
1.25,0.004,15,0,113.65051306359733,39.00537786130717,2.9137139362604962,108.79528287951578,34.742977077907064,3.131432365037546,111.93073529575574,39.00537786130717,2.869623150267943,4.886831769468957
1.25,0.004,15,8,77.58745077782154,34.69617250892397,2.2361962478099215,91.17248931000947,31.33361376113478,2.909734255520087,82.25007183112191,34.69617250892397,2.3705805535168736,3.826882927437537
1.25,0.004,15,5,56.19336648296125,29.454365446856944,1.9078111387036385,74.38425932168747,29.304744898672787,2.5383008648901884,62.36193349462573,29.454365446856944,2.1172390763991262,3.4271340490853315
1.25,0.004,15,3,49.39733191333717,27.011975631337158,1.828719697793237,72.76548373520633,25.863694385701653,2.8134218820430235,57.22913537279044,27.011975631337158,2.1186578928494857,3.1415558407755886
1.25,0.004,20,0,117.13985601791941,46.15192912287224,2.538135636888612,102.47994909922183,40.69848857362432,2.5180283762585853,111.8684062559741,46.15192912287224,2.423916147863334,5.148739431662289
1.25,0.004,20,8,53.348625511305634,38.46687830586271,1.3868717156384072,68.36247039678935,34.393548541296816,1.9876538855740802,58.468228540740256,38.46687830586271,1.5199629165600672,3.817776617959562
1.25,0.004,20,5,46.57441679909871,34.18106553693981,1.3625794300872591,62.56664603992521,30.15494161743377,2.074838904803349,52.00933003755783,34.18106553693981,1.521583052504634,3.4271340490853315
1.25,0.004,20,3,43.464424404890735,29.907228188296074,1.4533083484446796,65.54975980683253,26.55401493549182,2.4685442094566046,50.87160023113169,29.907228188296074,1.7009801079138396,3.1415558407755886
1.25,0.004,30,0,93.12607918446211,68.56810366401153,1.3581545092859264,95.0042092496127,58.46305934825979,1.6250297249016714,93.78433662498881,68.56810366401153,1.3677545624498904,6.257978881364404
1.25,0.004,30,8,37.80588736867787,42.1449857706814,0.8970435433146577,41.54785883207887,36.95295114280952,1.1243448100129199,39.110107905048295,42.1449857706814,0.927989586183599,3.782876175746693
1.25,0.004,30,5,40.132291302851854,34.56790056544722,1.1609698780193378,46.88382545624792,30.42232639688892,1.5410992849331338,42.46992370771532,34.56790056544722,1.2285942453261587,3.4271340490853315
1.25,0.004,30,3,38.32747025186707,27.854798589391706,1.3759736990689928,46.046144604138604,27.078816547009133,1.70044892930243,40.99362223876027,27.854798589391706,1.47168977392543,3.1415558407755886
1.25,0.005,10,0,116.07763151933383,37.86087313561689,3.065899486880455,142.12058560521461,28.185749404822324,5.042285147859119,124.8981939942921,37.86087313561689,3.298872520633881,4.412602523071298
1.25,0.005,10,8,112.55837563450797,35.191543986669856,3.1984494819875975,137.62254388717446,26.620486881411576,5.169798152086875,121.0540119554079,35.191543986669856,3.439860780227822,4.027738067090928
1.25,0.005,10,5,73.03620254297773,30.333690655036747,2.4077585340196794,111.19348008879517,25.11880504569879,4.426702619272701,85.5943099750998,30.333690655036747,2.821757198901457,3.426917230684217
1.25,0.005,10,3,61.96226278992625,26.343925803147727,2.3520512186730587,89.65321555747292,25.36366373926191,3.534710776767373,71.20400905214164,26.343925803147727,2.702862496053408,3.061535928546523
1.25,0.005,15,0,128.9952295722399,44.29278166438553,2.9123307393439464,115.9974424227927,37.911226049378044,3.0597122412161006,124.33854128827244,44.29278166438553,2.807196491527857,5.473925662271029
1.25,0.005,15,8,84.1574044954509,39.08423284514371,2.153231581361527,95.62441321214973,33.75254022242914,2.833102711143669,88.11035483683783,39.08423284514371,2.2543708401784763,4.148989609731753
1.25,0.005,15,5,57.9625027107523,32.768374390105826,1.7688549947797731,75.63616981093683,31.201982777823133,2.4240821600829605,63.9638623756063,32.768374390105826,1.9519998646902583,3.6493035117914974
1.25,0.005,15,3,49.90752294588168,29.54863309330583,1.6889959947821782,74.16031736020945,26.96190173269256,2.7505595894330632,58.02321075588961,29.54863309330583,1.9636512651082538,3.292330751404319
1.25,0.005,20,0,129.9716330309594,56.343058586576745,2.3067905131782114,103.81232438311412,48.3192714969242,2.148466257189378,120.41220531001349,56.343058586576745,2.1371258204768577,5.801310240012694
1.25,0.005,20,8,53.17057716576294,44.834875424363794,1.1859200379727035,66.84300747220368,37.60480961504919,1.7775121894368948,57.84497227084309,44.834875424363794,1.2901780527622355,4.137606722884286
1.25,0.005,20,5,45.801202378335006,38.35028598877831,1.194285810325819,60.938437888077424,32.37015273260432,1.8825502119641888,50.953703532137325,38.35028598877831,1.3286394669141948,3.6493035117914974
1.25,0.005,20,3,42.40827665576463,32.27072873711735,1.3141406567304201,65.10053937537485,27.98792548766189,2.326022320020595,50.00711338787471,32.27072873711735,1.5496121514714112,3.292330751404319
1.25,0.005,30,0,90.30288443275205,79.11930138584678,1.1413508821616798,84.45492984980676,69.82039386603243,1.2096025985166208,88.22597555930294,79.11930138584678,1.1151005382244843,7.187859552140338
1.25,0.005,30,8,33.905209471140196,51.558362769340974,0.6576083422746276,34.40258826976115,42.673593138141776,0.80617978801068,34.07987181458327,51.558362769340974,0.6609960049943395,4.093981170118199
1.25,0.005,30,5,37.77000610710732,38.68447038359165,0.9763609462035647,41.78129872649603,32.69621702904614,1.277863389803751,39.16722531005077,38.68447038359165,1.0124792952229194,3.6493035117914974
1.25,0.005,30,3,36.07020408505876,30.63217537879428,1.1775266901229962,41.167596577680584,28.633418805303336,1.43774646183905,37.84105772604687,30.63217537879428,1.235336937651613,3.292330751404319
1.5,0.0,0,0,54.77728707043168,24.022374661876512,2.280261124948783,80.43725428239101,25.880830930586452,3.1079857713273324,63.35396311533017,25.880830930586473,2.4479107060066303,3.0461474379128015
1.5,0.001,10,0,69.21959178569652,23.533337376599462,2.941341921801772,96.31758056903618,26.6683298179765,3.6116840172012106,78.29168366715027,26.66832981797652,2.9357550398366383,3.4209767028749276
1.5,0.001,10,8,68.49713692657728,24.038837817581282,2.849436293316998,95.42353560761592,26.29660761541229,3.6287393797399448,77.51264627960369,26.296607615412338,2.947629116775269,3.3440038116788537
1.5,0.001,10,5,60.97341203129349,24.82405957597865,2.4562224339122705,90.05409868594525,26.115447336403285,3.448307720940913,70.65215424168531,26.115447336403264,2.7053779064776244,3.2238396443975113
1.5,0.001,10,3,58.47530668929715,25.07452603792354,2.332060299000554,85.60868960560366,26.139871758957224,3.275023320505333,67.53033388257792,26.139871758957224,2.583422539532453,3.1507633839699727
1.5,0.001,15,0,72.95330075656582,24.838018532987725,2.9371626669686033,93.54889551723207,28.77126353850662,3.2514698352412976,79.93187295258917,28.771263538506552,2.7781843103835486,3.6332413307148737
1.5,0.001,15,8,63.90586594396777,24.258983341176034,2.6343175657941535,88.14717042282845,27.980404000712113,3.1503180018624843,72.05042558876723,27.980404000712124,2.575031639533635,3.368254120207019
1.5,0.001,15,5,58.107173848528774,26.032458400201406,2.232104742288927,83.19667302143337,27.572936522227042,3.0173308872766245,66.51036277425202,27.572936522227042,2.4121610232060995,3.2683169006189674
1.5,0.001,15,3,56.09134350323555,25.531822944313642,2.1969188657454644,82.46361386159606,26.776002973626966,3.079758167894537,64.89808091634481,26.776002973627012,2.423740428333015,3.1969223485415315
1.5,0.001,20,0,75.27152351206145,26.908935186433812,2.7972687507162948,94.24295197911232,29.641551068768457,3.1794203940430945,81.72058060076894,29.641551068768422,2.7569603362245494,3.6987182462632067
1.5,0.001,20,8,58.080049687919576,26.66605672758512,2.17805168125356,82.29789142665899,28.69627800048947,2.8678942762282706,66.20419544835624,28.696278000489393,2.3070655869457073,3.365977542837525
1.5,0.001,20,5,55.6844477890549,26.411115382554705,2.108371683001168,79.9839928962727,27.841473919478688,2.8728361554275907,63.82919429394691,27.841473919478677,2.2925939366051384,3.2683169006189674
1.5,0.001,20,3,54.57567946634838,26.27692359457945,2.0769432643023156,80.54068065478592,26.87308262762622,2.9970763596725605,63.24884967064155,26.873082627626243,2.3536134855485487,3.1969223485415315
1.5,0.001,30,0,74.58889334750678,31.821349695660594,2.3439889904380236,98.40053593239921,30.953218478995346,3.179008218456287,82.616063731909,31.821349695660594,2.5962463730184004,3.9760281086887357
1.5,0.001,30,8,53.994572714616275,26.051817846262736,2.07258368814221,74.50837902129277,29.229065790840014,2.5491194126581584,60.916461614301085,29.229065790839968,2.084105665580032,3.357252432284308
1.5,0.001,30,5,53.99167527911133,26.175017564005863,2.0627178242415805,75.47655729645612,27.859093372560828,2.7092251814194004,61.2278190553259,27.859093372560796,2.197767825267096,3.2683169006189674
1.5,0.001,30,3,53.18256529239138,25.54323694370271,2.0820605238719647,74.9746026771743,27.067507128984925,2.769911625769505,60.51627294269786,27.067507128984925,2.235753468330843,3.1969223485415315
1.5,0.0015,10,0,76.57002281800531,25.73707107186466,2.9750868933066124,104.38874824097053,27.23512095875894,3.8328725765177345,85.89036890512911,27.235120958758895,3.1536621054552914,3.6083913353559907
1.5,0.0015,10,8,75.47452207785075,24.809374208932866,3.042177583450508,103.02748033360531,26.568462857738485,3.877811105793685,84.7072443021412,26.568462857738407,3.188262894835451,3.4929319985618794
1.5,0.0015,10,5,64.00718744832167,25.300302531350216,2.5298981057245786,94.88967238796437,26.244911459418518,3.615545532881243,74.26330916136486,26.244911459418486,2.829626965066939,3.312685747639866
1.5,0.0015,10,3,60.28441476012239,25.665460740973945,2.3488537910360043,88.18181868405344,26.27492868826029,3.3561201908591025,69.5868594587741,26.27492868826029,2.6484128761828267,3.203071356998558
1.5,0.0015,15,0,82.08079268228659,27.67473709674363,2.9659104762351904,99.73807465030116,30.26378275396604,3.2956248550003413,88.10347902132534,30.263782753965963,2.9111852849848945,3.92678827711591
1.5,0.0015,15,8,68.32087352406397,26.023852856247075,2.625317392526811,91.76013229662988,29.03353547956463,3.160487718115336,76.21587049267946,29.033535479564655,2.625097813055673,3.529307461354127
1.5,0.0015,15,5,59.63834631955254,27.09745239501924,2.2008838856937936,84.4398957995461,28.416658636776116,2.9714927739697776,67.95309193885977,28.41665863677608,2.3913118290028894,3.3794016319720503
1.5,0.0015,15,3,56.67191787822039,26.353252655894455,2.150471466206071,83.42265529421039,27.223671677278737,3.064342542884695,65.60045457728964,27.22367167727866,2.409684312790214,3.272309803855897
1.5,0.0015,20,0,85.30274025494097,30.700231767635287,2.7785699111518953,100.21311739201653,31.720762108480837,3.159227923002002,90.41403729598554,31.720762108480827,2.8503110040919397,4.02500365043841
1.5,0.0015,20,8,59.40804664693451,28.048570680794594,2.1180418540047876,82.87972728732981,30.138876200564802,2.7499275930459763,67.29553372281846,30.13887620056478,2.232848141881196,3.5258925952998865
1.5,0.0015,20,5,55.96723378221027,27.66189406774351,2.0232610841885035,79.61851961548447,28.81477155008515,2.7631147266634914,63.90490965528919,28.814771550085105,2.2177829709394468,3.3794016319720503
1.5,0.0015,20,3,54.379757835727524,27.458814502603868,1.9804117118956754,80.52823724183389,27.368703836757035,2.9423474974244823,63.11070104971228,27.458814502603868,2.298376757806773,3.272309803855897
1.5,0.0015,30,0,83.00755609035346,37.721854440280936,2.200516314004823,105.02399546068992,33.65277833938063,3.120812029293593,90.46485913561735,37.721854440280936,2.3982081601750544,4.440968444076702
1.5,0.0015,30,8,53.25181570433259,29.378891111840378,1.812587667165929,71.30100080436912,30.91458767014319,2.306386925329445,59.36994346743318,30.914587670143213,1.9204507626272393,3.512804929470061
1.5,0.0015,30,5,53.42029632307206,27.31966840036265,1.955378650290021,72.91541651567648,28.840222847955154,2.528254268355848,60.01037329434911,28.840222847955154,2.0807874339502197,3.3794016319720503
1.5,0.0015,30,3,52.29908671404786,26.370710906407435,1.9832262732568375,72.24662832941881,27.658719884050175,2.6120741897053934,59.034333406922435,27.658719884050154,2.134384152788124,3.272309803855897
1.5,0.002,10,0,83.98552734178261,27.907206531368058,3.0094566164256467,112.52538750822146,27.853874556720193,4.03984685430677,93.55421294703272,27.907206531368058,3.352331694033102,3.7958059678370537
1.5,0.002,10,8,82.5120718907052,26.700870062586002,3.0902390707605965,110.68625434401862,26.899819670956294,4.114758228789409,91.9602122990524,26.89981967095626,3.4186181700817073,3.6418601854449055
1.5,0.002,10,5,66.99208730400994,25.784512778701586,2.598152149663517,99.73684517604775,26.382444799499392,3.780424670041961,77.8427623561707,26.382444799499403,2.950551510588121,3.401531850882221
1.5,0.002,10,3,62.06514747438303,26.25746119757525,2.3637147174043793,90.74476492508549,26.413652319604232,3.4355250772243515,71.62046012342276,26.413652319604264,2.7114940128997578,3.2553793300271434
1.5,0.002,15,0,91.17123114676589,30.462159787224586,2.9929339148500516,105.63354743425228,31.847078116789596,3.3168991844989035,96.13623636009805,31.847078116789596,3.0186830957473485,4.220335223516946
1.5,0.002,15,8,72.61691186162973,28.2793514048548,2.567842197723225,95.1956640387678,30.146661823807406,3.1577514152359623,80.24097100884981,30.146661823807374,2.6616867724134563,3.6903608025012358
1.5,0.002,15,5,61.07650713055421,28.160042714608423,2.1689067644371827,85.58948203245266,29.258629084212885,2.9252731488583072,69.30208800890622,29.258629084212885,2.368603389087004,3.4904863633251333
1.5,0.002,15,3,57.2007684501372,27.176876491096856,2.1047587447687803,84.34476316382317,27.671353453636204,3.048089545209423,66.25555966748549,27.671353453636215,2.3943736535510527,3.347697259170262
1.5,0.002,20,0,95.06372537337722,34.38537158256458,2.764656044071373,105.46725627913224,33.78778297872981,3.12146127923002,98.66002721536864,34.38537158256458,2.869244177817613,4.351289054613612
1.5,0.002,20,8,60.513257468557136,30.37021929438053,1.9925196088312092,83.2262692969602,31.678274133263162,2.627234960681461,68.1585996715375,31.678274133263162,2.1515881636988827,3.6858076477622483
1.5,0.002,20,5,56.13545831877269,28.907841112527866,1.9418765344758009,79.1611895453963,29.783192753651022,2.657914824651974,63.8725688627815,29.783192753651022,2.1445843429580456,3.4904863633251333
1.5,0.002,20,3,54.12082990188012,28.634887380833707,1.8900311770775466,80.47303038424963,27.86394322812106,2.8880704258338437,62.91574161489499,28.634887380833707,2.1971709117671128,3.347697259170262
1.5,0.002,30,0,90.17759330427064,43.28328880852295,2.0834274794412964,109.83107067508998,36.39322600437232,3.017898733733985,96.86832033253224,43.28328880852295,2.2380073926697044,4.90590877946467
1.5,0.002,30,8,52.27909229046763,32.586405389139216,1.604322160304672,67.94602995686863,32.579931417019395,2.085517894042416,57.6133991859856,32.586405389139216,1.7680194700207001,3.668357426655814
1.5,0.002,30,5,52.73158538821809,28.4671636343777,1.8523652747946422,70.30485722272127,29.815841468775695,2.357969916641368,58.693207649536674,29.815841468775673,1.9685242729440495,3.4904863633251333
1.5,0.002,30,3,51.35958790472566,27.200589223823236,1.8881792406078879,69.52247428902893,28.24846205920527,2.4611065247841974,57.5121912422407,28.24846205920529,2.035940615871485,3.347697259170262
1.5,0.0025,10,0,91.44913873435729,30.04292775689924,3.043948961111367,120.70998031200646,28.484991599187936,4.237669507174709,101.26604393907108,30.04292775689924,3.370711561752357,3.9832206003181168
1.5,0.0025,10,8,89.59524537079298,28.572895903658946,3.135672550408855,118.38467406154219,27.296564731632287,4.336980686963644,99.25677527165895,28.572895903658946,3.473808731405082,3.7907883723279316
1.5,0.0025,10,5,69.92360289819261,26.27652001605695,2.661067860411652,104.59056394205213,26.536944714162814,3.941318982596816,81.3856506210159,26.536944714162836,3.066880965297417,3.4903779541245763
1.5,0.0025,10,3,63.81618405572442,26.85045467275139,2.37672638446927,93.29617121706895,26.608196076892188,3.506294487137057,73.62977308922697,26.85045467275139,2.742216993589631,3.307687303055729
1.5,0.0025,15,0,100.17429192848448,33.19759440008211,3.0175165923539544,111.1995000574129,33.4194546903148,3.3273882260454517,103.98342781639091,33.41945469031484,3.111463929617198,4.513882169917982
1.5,0.0025,15,8,76.77949396425572,30.495489483952,2.517732794702649,98.44222807617746,31.316665633024577,3.143445385589407,84.11212429210889,31.316665633024567,2.685858235284461,3.8514141436483444
1.5,0.0025,15,5,62.41896649456222,29.220011089896538,2.1361718961203597,86.6436178620291,30.10719442018238,2.877837657432055,70.554966810573,30.107194420182324,2.343458703786646,3.6015710946782162
1.5,0.0025,15,3,57.67738388147836,28.00254458404795,2.059719384013948,85.229332814591,28.11901697167404,3.03102106664851,66.86283108593783,28.11901697167403,2.3778509452621606,3.423084714484627
1.5,0.0025,20,0,104.45730973389149,37.96005802869525,2.7517689687125553,109.94344565791133,35.84017240568384,3.067603704955269,106.3696335571485,37.96005802869525,2.8021462316190404,4.677574458788815
1.5,0.0025,20,8,61.39137897388416,33.02316760192174,1.8590396812906451,83.33638160222354,33.20970587779816,2.509398364107067,68.79018138188933,33.209705877798115,2.071387853750251,3.84572270022461
1.5,0.0025,20,5,56.188883388053476,30.425270020345597,1.846783392570701,78.61270256515773,30.746596093543634,2.556793679729163,63.732324696980555,30.746596093543587,2.0728253788836017,3.6015710946782162
1.5,0.0025,20,3,53.79927791980339,29.805030088739247,1.8050402150115425,80.37510261839056,28.358767031738164,2.8342241582096106,62.66422053845746,29.805030088739247,2.1024713060810787,3.423084714484627
1.5,0.0025,30,0,95.9343430683012,48.61713201810275,1.973262080383099,112.69439899448473,40.48872442804128,2.7833526638946413,101.67083534316967,48.61713201810275,2.091255306983394,5.3708491148526365
1.5,0.0025,30,8,51.08083555781686,35.6769890178933,1.4317585918530842,64.45463498803443,34.22466258518926,1.8832803633227697,55.654162875821456,35.6769890178933,1.5599456234355673,3.8239099238415672
1.5,0.0025,30,5,51.927133821585734,30.683640905063015,1.6923393798751372,67.64824197443795,30.785821089375354,2.1973830672908177,57.278928347048286,30.785821089375343,1.8605619834130758,3.6015710946782162
1.5,0.0025,30,3,50.365173880441596,28.03271098825523,1.796657265918481,66.80330348254331,28.83669400836465,2.3166075647633426,55.95126610827952,28.836694008364738,1.9402801892633594,3.423084714484627
1.5,0.003,10,0,98.9430410021238,32.143489121988885,3.0781674206748866,128.92417083944298,29.128089674945844,4.426111436698009,109.00784424832457,32.143489121988885,3.3912884763264204,4.17063523279918
1.5,0.003,10,8,96.70879705502217,30.42446834856082,3.178651996382275,126.10687966867467,27.707258144047607,4.551402344218112,106.5814630801722,30.42446834856082,3.5031495656427425,3.9397165592109573
1.5,0.003,10,5,72.79724125696194,27.51497471839316,2.6457317152575315,109.4456429594266,26.79737949022161,4.084192000914247,84.88707667083698,27.51497471839316,3.0851228300090647,3.5792240573669307
1.5,0.003,10,3,65.53621334968824,27.444368641824703,2.387965786533427,95.83467034261093,27.05964581794449,3.541608452208882,75.6134379836463,27.444368641824703,2.7551531234139177,3.3599952760843146
1.5,0.003,15,0,109.03787658601551,35.87859333843488,3.039078916987776,116.40145231832832,34.98011197536231,3.3276466467664205,111.59781495367804,35.87859333843488,3.1104289374168155,4.8074291163190175
1.5,0.003,15,8,80.79430091879583,32.671628328954604,2.4729193202529616,101.48879117485055,32.48467326137641,3.1242053862834624,87.81602280239173,32.671628328954604,2.6878373467711882,4.012467484795453
1.5,0.003,15,5,63.663190680068894,30.277141995278356,2.1026816431351745,87.60063121602191,31.027037522504465,2.8233643367493144,71.70949629158692,31.02703752250443,2.311193785084213,3.712655826031299
1.5,0.003,15,3,58.10129736239502,28.83010720856133,2.0152993862312583,86.07578142869147,28.5666310686974,3.013158297234817,67.42173955470763,28.83010720856133,2.338587888937375,3.4984721697989922
1.5,0.003,20,0,113.3861211619036,41.42069815388877,2.737426605911962,113.58819071587915,37.87558411897689,2.9989818865649602,113.45714462635188,41.42069815388877,2.73914129126527,5.003859862964017
1.5,0.003,20,8,62.039014870802546,35.60392576884317,1.7424768064507257,83.20981090134221,34.73007839439231,2.395900462890337,69.18797260413018,35.60392576884317,1.9432680837874419,4.0056377526869715
1.5,0.003,20,5,56.127500114128125,32.54598953684527,1.7245596435341524,77.97389347378731,31.70484331786916,2.4593685164134045,63.484524915974404,32.54598953684527,1.950609762351938,3.712655826031299
1.5,0.003,20,3,53.41554563252326,30.969132410065527,1.7247995496045039,80.23452587902152,28.853141700787,2.7807899296052407,62.35643550607546,30.969132410065527,2.0135028221135602,3.4984721697989922
1.5,0.003,30,0,100.14310728997246,53.60042196057015,1.8683268457035713,113.53812767731877,44.8091417271896,2.533816165651424,104.75404881191474,53.60042196057015,1.9543511968800267,5.835789450240604
1.5,0.003,30,8,49.662407107457085,38.65330537352199,1.284816566851136,60.838227864864876,35.84837278302854,1.6970987283882277,53.50028711901036,38.65330537352199,1.3841063940590899,3.9794624210273204
1.5,0.003,30,5,51.00876929701259,32.84953518416799,1.5528003367790892,64.94894927759675,31.750036872126095,2.0456338220701897,55.77029959600557,32.84953518416799,1.6977500376591133,3.712655826031299
1.5,0.003,30,3,49.31699657247941,28.866915368282374,1.7084262708119702,64.09025676188061,29.423376582129357,2.1782087648229536,54.35299502598614,29.42337658212939,1.8472725206867666,3.4984721697989922
1.5,0.004,10,0,113.9465443670094,36.23649433711129,3.1445245035834506,145.36407574931843,30.448672454421345,4.774069410313835,124.50539237764518,36.23649433711129,3.4359116314994647,4.545464497761306
1.5,0.004,10,8,110.9627860379979,34.0625846124355,3.2576149843158944,141.55610054947286,28.56953768012278,4.95479143325306,121.25011814164219,34.0625846124355,3.5596276536624427,4.2375729329770095
1.5,0.004,10,5,78.3530547488349,30.26630516595079,2.588788235604691,119.13852351861642,27.653162702580502,4.308314560616201,91.74584325741324,30.26630516595079,3.031286533138711,3.756916263851641
1.5,0.004,10,3,68.87806220050177,28.63466909296927,2.4054080030355074,100.86743447645898,27.96424890081619,3.6070138995764327,79.49840233635226,28.63466909296927,2.7762989709516734,3.4646112221414853
1.5,0.004,15,0,126.13195824682015,41.2506279211844,3.0576978970553963,125.58414101290536,38.06319957205697,3.299358499149909,125.93920071177477,41.2506279211844,3.053025058246405,5.39452300912109
1.5,0.004,15,8,88.32460301461498,37.07155475319895,2.3825438021855105,106.94066119356384,34.812743745943344,3.071882583400954,94.67072598469414,37.07155475319895,2.5537295809403537,4.33457416708967
1.5,0.004,15,5,65.84762191751186,32.3820433712086,2.0334609883222514,89.21733633988254,32.85526298030392,2.7154655981103106,73.71537596450042,32.85526298030389,2.243639809204735,3.934825288737465
1.5,0.004,15,3,58.78937765384793,30.49031809395366,1.9281326443591966,87.65209714294353,29.555020368510633,2.965726162595793,68.39253358505077,30.49031809395366,2.2430901958550984,3.649247080427722
1.5,0.004,20,0,129.4682702469558,48.142691652735145,2.6892611485216005,118.21746886003291,42.02466840705019,2.813049414571951,125.44799245661635,48.142691652735145,2.605753607660805,5.656430671314423
1.5,0.004,20,8,62.63389015342551,40.69521344283188,1.5390972267884233,82.25001770655969,37.73486329521732,2.1796824083627833,69.27755627549604,40.69521344283188,1.7023514662926211,4.325467857611695
1.5,0.004,20,5,55.66141508471858,36.634636676470066,1.5193658279261482,76.42931006131819,33.65322492070768,2.271084279185657,62.66861574910192,36.634636676470066,1.7106383858135306,3.934825288737465
1.5,0.004,20,3,52.4636169911018,33.278784712900745,1.576488367700637,79.82585966029718,30.001808444494905,2.6607015976380115,61.57350358328748,33.278784712900745,1.850232937124597,3.649247080427722
1.5,0.004,30,0,103.55650379079466,68.03695327440013,1.5220626263662993,109.13783527064905,57.459811390797825,1.8993768449460564,105.50164805952073,68.03695327440013,1.550652152720913,6.765670121016537
1.5,0.004,30,8,46.190887030347994,44.27392567003564,1.0432977498900609,53.276888359327025,39.33687107541878,1.3543753456440826,48.644101158887864,44.27392567003564,1.0987076574465575,4.290567415398827
1.5,0.004,30,5,48.83875420014534,37.022158954669884,1.319176287367351,59.4358844317409,33.733872093702544,1.76190519329195,52.48179021046362,37.022158954669884,1.4175777883381298,3.934825288737465
1.5,0.004,30,3,47.064183149078545,30.553112417444993,1.5404055241915773,58.686984823235,30.591939504680944,1.918380651029176,51.05023905802044,30.591939504681008,1.6687480390123357,3.649247080427722
1.5,0.005,10,0,128.83877898607778,40.18161674907533,3.206411025983484,161.68379183426373,31.812461480914365,5.082404325464241,139.88806932548766,40.18161674907533,3.4813947432492696,4.920293762723432
1.5,0.005,10,8,125.13969255116963,37.6084088445906,3.327439165753727,156.89532864404453,29.48468060206848,5.321249050024901,135.8302578929227,37.6084088445906,3.611699140322971,4.535429306743062
1.5,0.005,10,5,83.62429074674367,32.97318497455054,2.53613021645579,128.77166060219523,28.59569674595981,4.503183179839426,98.37959074612837,32.97318497455054,2.983624142528542,3.9346084703363506
1.5,0.005,10,3,72.08045187681222,29.827787054725686,2.4165537907510424,105.8319608708092,28.870843282015414,3.665703832653041,83.2645705584508,29.827787054725686,2.791510158151642,3.5692271681986565
1.5,0.005,15,0,142.01831207799844,46.3596162316618,3.0634056884406538,132.9451160604915,41.0904743039461,3.2354242269655225,138.78869176743814,46.3596162316618,2.9937411706322727,5.981616901923163
1.5,0.005,15,8,95.09946799642945,41.31088664544465,2.302043740010506,111.47531232892666,37.12704429446728,3.002536680398737,100.7071912256829,41.31088664544465,2.4377881813579494,4.656680849383887
1.5,0.005,15,5,67.61291649634786,35.20768223652853,1.920402372474221,90.42920945910538,34.6672364475822,2.6084920151001016,75.305135016711,35.20768223652853,2.138883625193048,4.156994751443631
1.5,0.005,15,3,59.26218820134459,32.156315698202334,1.8429408629253379,89.06950741413621,30.573903973800952,2.913252670985709,69.16444809761117,32.156315698202334,2.1508822324902646,3.800021991056452
1.5,0.005,20,0,142.58682163730083,55.36437736809264,2.575425362219929,119.13006076901529,48.07418531189415,2.4780463776167423,134.06648138255588,55.36437736809264,2.421529650576735,6.309001479664827
1.5,0.005,20,8,62.289442255984696,45.51871362085952,1.3684359091255114,80.36240116179229,40.687298897782156,1.9751225404194332,68.42734538679873,45.51871362085952,1.5032794194658665,4.645297962536419
1.5,0.005,20,5,54.74167881174334,40.577787480497165,1.3490552888832037,74.53672988368814,35.63814796559345,2.091487188269407,61.431457839734136,40.577787480497165,1.5139183689909126,4.156994751443631
1.5,0.005,20,3,51.269786796752115,35.56300143665022,1.441660847667231,79.24819108130872,31.36395150059339,2.526728530357834,60.570275484000625,35.56300143665022,1.7031823253697203,3.800021991056452
1.5,0.005,30,0,100.09682019881537,78.77989198688307,1.2705884417242101,97.11638405502805,69.1487522342433,1.4044560591063686,99.04383199749383,78.77989198688307,1.2572222365319403,7.6955507917924715
1.5,0.005,30,8,41.92439299421329,50.640228385423484,0.8278871231607834,45.35594418451807,43.83496873216791,1.0346977651938873,43.12155191217884,50.640228385423484,0.8515275954914758,4.601672409770333
1.5,0.005,30,5,46.240624815203816,40.987696452834996,1.128158662646812,53.792752591415535,35.89793211058646,1.4984916798467012,48.85262795950822,40.987696452834996,1.1918851798788812,4.156994751443631
1.5,0.005,30,3,44.61122912824935,33.228687394757216,1.3425516511762081,53.32132045022975,31.983400927912708,1.667156052929159,47.61569803364964,33.228687394757216,1.4329695743913855,3.800021991056452
