tf,fam,exit,filter,n_train,n_oos,priceR_train,train_calmar,train_cagr,oos_calmar,oos_cagr,oos_dd,full_dd,corr,blend_train,blend_oos,blend_full,blend_dd,maker_oos_cagr,maker_train_cagr
2h,DON20,SIG,none,1825,1086,0.11692225361457859,0.33011776892833394,10.002156867098378,0.2227436311879023,5.603423405585595,25.156379896036864,30.298753379948383,0.7213073455811815,1.0672767461205535,1.2760567843734065,1.1355106948671392,21.69547917303771,19.81352902381286,22.288349675650675
2h,DON20,SIG,DAILY,1094,618,0.09382279750377448,0.04639156020344782,1.6586987470219805,0.9837590418101742,17.357548677534695,17.64410586315506,35.75432125472482,0.6880783411957401,0.8634359092950575,2.007542841887543,1.1171839410194988,21.081244865065905,29.411780284502488,8.12361376411561
2h,DON20,SIG,ADX>=20,1404,817,0.14193049885626574,0.37781370871017034,10.530797130033754,0.023312272734602853,0.6588947159664293,28.263855843982956,28.263855843982853,0.7373079440855772,1.1663542447311337,1.1100931426936278,1.0844378418039453,21.728879204458586,9.753005842424688,19.493177560380825
2h,DON20,SIG,ADX<20,904,593,0.12838395259716828,0.26977169819755525,7.144952496272117,0.8390679851295401,17.696239987832808,21.090352988620776,26.48518189272705,0.5875985776256543,1.6281308289430452,2.0806479744058723,1.566487027736715,16.52283894632719,27.716819636212954,13.154600694165808
2h,DON20,SIG,ATRREG,1158,698,0.19470336799098767,1.2626801935823253,22.49048010992254,1.3920298808643052,23.022877866663414,16.53906872485281,17.81169945029013,0.7799246063192192,1.7725850889199155,2.1702190347706445,1.8818011015584104,17.09493304051035,33.523276943631906,30.636457962054454
2h,DON20,SIG,NOWKND,1615,956,0.15038411366145824,0.6875906757529292,18.750105764528424,0.2887549765747807,7.960782850728387,27.56933558395913,27.569335583959177,0.7201686514157871,1.4875585051486968,1.3958867439099731,1.3700064900234334,20.558448104344706,20.195807691024715,30.256795376366806
2h,DON20,SIG,VOL,1580,917,0.16042983742846037,0.6519625666545065,19.285616018422246,0.6103835253472315,15.180556172857539,24.870520815943898,29.58086400172457,0.7340464083148878,1.4152652288026875,1.5415928041768576,1.3962459864708805,21.350729548299498,29.42286940667671,31.07611413714921
2h,DON20,SIG,BTC,1360,829,0.18942469291372374,0.8826350807776848,23.883444647400044,0.5647366562627806,13.040572149431618,23.09142147019343,27.059251515763993,0.7512511454094615,1.4274045846501169,1.5472012793449226,1.4462257424455074,21.341233406482562,26.56644092414695,35.27293802049514
2h,DON20,TRAIL,none,1947,1155,0.10585289263577177,0.15410096508053323,4.355101270388317,0.31935070516132513,10.056452801269323,31.490310303805792,31.490310303805803,0.6812309996670557,1.0027145731540308,1.2267413413326225,0.9552427582969112,24.82297420995332,30.309090879135624,19.686677626212944
2h,DON20,TRAIL,DAILY,1133,658,0.0881960261357178,-0.041208817956428084,-1.4561938527290819,0.5864383226593486,13.386365113873854,22.826552421011804,35.33694788986135,0.6561616334420496,0.6939582880235214,1.5728140948050973,0.911685742583309,23.781469227937546,24.99561143315516,6.580871432845381
2h,DON20,TRAIL,ADX>=20,1499,853,0.08119253338424673,-0.035727340969335726,-1.3986567974627384,0.09699475336291069,3.042252934673373,31.36512882599569,39.148079860272446,0.7035257435436447,0.7053204312739751,1.1404977810586567,0.8400881181038662,23.47656538308477,14.981080413320047,8.574377978168446
2h,DON20,TRAIL,ADX<20,947,624,0.12724029129451994,0.23179223749940084,5.573004233999335,1.489797261873951,31.504394461943864,21.14676625349402,24.04310124498341,0.5493135774993254,1.5337689785468545,2.1751555999404695,1.4414358117240276,19.335274433880258,47.69401855102724,13.845580264877388
2h,DON20,TRAIL,ATRREG,1216,736,0.19118717063193308,1.103401100520854,19.52936191481016,1.0804494305467636,26.497953058031353,24.52493592839603,24.524935928395976,0.7443449167421992,1.6902665625867253,1.8490010648498418,1.5059992881783841,21.21359159545304,40.938304445771465,29.41508513441986
2h,DON20,TRAIL,NOWKND,1709,1010,0.14375115751309767,0.5674928337549012,13.99660250754522,0.4448633450000475,12.643453161722395,28.420982092199676,28.42098209219962,0.6866400304790549,1.3497117051491796,1.3689582207707693,1.1938191380842251,23.187596362976993,29.758839911071977,28.851616327930852
2h,DON20,TRAIL,VOL,1696,998,0.1365417493774772,0.3851114403816077,11.418464642457305,0.29283477263111074,9.41258660284985,32.142994898720765,32.142994898720744,0.6931306759513948,1.307588360093756,1.1845119372469557,1.0348847904262088,25.1978806815766,27.474638666409245,26.144834797511287
2h,DON20,TRAIL,BTC,1431,868,0.19078833976772105,0.7312748976206869,20.187278233318406,0.6845585094052722,21.116006519259024,30.846167608966102,30.84616760896608,0.7214330017245044,1.3977031235553552,1.4863275473599111,1.2799795302487273,24.518908158035035,38.58327901869767,33.58036850822619
2h,DON20,TRAILW,none,1525,934,0.20951520990037067,0.5266190970217629,20.35128287413186,-0.05793796009308184,-2.5288274744859507,43.64716103955322,43.64716103955316,0.7489321456438165,1.2740178339593278,0.716808804523181,0.8442951882242852,31.815406853108353,11.307782393214506,34.75431782921139
2h,DON20,TRAILW,DAILY,968,569,0.1673097163596922,0.1463001222949139,6.035558671035557,0.2562244188453051,7.7652753814623,30.30653915211168,41.2546385905884,0.6846103768849752,0.8856767225668012,1.183195544061022,0.9748838436993742,24.20180227269466,17.15691356100333,13.384659681595966
2h,DON20,TRAILW,ADX>=20,1224,706,0.1974532304566049,0.3682872500870262,13.389499877921462,0.14865725370447574,5.471735780406384,36.80772814008767,36.80772814008761,0.7590178167948952,1.1741121206696612,0.994990716133705,0.9424837185735292,27.413673388242366,15.585397798122514,22.65237381684122
2h,DON20,TRAILW,ADX<20,845,565,0.18061036948275944,0.3454838072600695,8.227842789364882,0.20392362177210513,5.913227032933732,28.99726368896125,29.48132092467908,0.6132003658751741,1.3712804658415347,1.1685796594180307,1.024389518264967,23.486887949140424,16.287156422567193,16.50842217467565
2h,DON20,TRAILW,ATRREG,1025,618,0.33004954942542586,2.2103039600792593,37.517343367712975,0.946912358748449,28.08112433046208,29.655462906384923,29.655462906384933,0.7878283120297651,2.7067221298030355,1.6756629239038623,1.6064980378911733,23.935683282585007,40.340880325558935,47.815373482469205
2h,DON20,TRAILW,NOWKND,1380,842,0.24056169782769968,0.9047548452383756,27.686864862786642,0.07298071773031929,2.6729513848580577,36.62544666572387,37.68091776593573,0.7509072431200174,1.58442532224175,0.929815425782622,1.0947378737754327,27.732283453403195,14.736905521607735,41.61440804893828
2h,DON20,TRAILW,VOL,1376,835,0.2493805153541929,0.7385601438703502,26.902783022729615,-0.038090123577673704,-1.6097900068381965,42.262661699049076,42.26266169904904,0.7576652937933817,1.567363570814484,0.7473912816606461,0.9397004335746121,30.995886378492045,11.505741963998762,40.899105593524496
2h,DON20,TRAILW,BTC,1194,737,0.28295491670810263,1.0442225661083109,31.418230503421785,0.2854716193823318,10.837478306010894,37.963417622598314,37.96341762259829,0.7541566105995893,1.5709317843836426,1.103689565016441,1.1989922377574769,27.81152650543639,23.697256369354136,43.819021176793235
2h,DON20,TP2,none,2989,1806,0.06547035133085409,-0.1850867169538192,-9.920650335900994,-0.42423466468483223,-17.061126721582266,40.216248557286406,60.85965586076142,0.5203508371506828,0.5601960874991159,0.5480281762361446,0.5065498728143162,24.430398122445972,9.579191226064786,15.988478985049358
2h,DON20,TP2,DAILY,1822,1076,0.07815804646884883,-0.08556437121129805,-3.265960767852971,-0.07578319897104505,-1.9239514896955745,25.387572916137657,39.41588480611071,0.5078637596319613,0.7379066808437184,1.324123491228174,0.8574189624748633,21.14217093978883,18.082811708558012,11.838442818918304
2h,DON20,TP2,ADX>=20,2312,1350,0.05501982381932572,-0.18547229050195357,-10.088036766451458,-0.48878136195868965,-19.210441477852303,39.30272914022428,63.349544541460176,0.5528576218760157,0.4910239210250868,0.5227668282051608,0.4927753415551116,23.367783140357844,-0.6592006247398641,8.543249894136796
2h,DON20,TP2,ADX<20,996,664,0.07413217305929924,-0.09585112036857986,-2.535898169947237,0.12200307826780843,2.8367612189532654,23.251554462636616,26.456635667855043,0.18388370034184523,1.18772677359979,1.5019386813649702,1.1250082628983193,17.48760801020338,14.370285210205292,5.701824051888549
2h,DON20,TP2,ATRREG,1891,1158,0.12070962527767495,0.557724052156159,10.811386909428556,-0.21305138533887172,-4.631969654615798,21.74109146133153,21.74109146133145,0.5923937035106858,1.5991227380834727,1.1324731887922908,1.2173440713220092,18.660412837667796,11.569649481142275,29.969970011522882
2h,DON20,TP2,NOWKND,2515,1491,0.08662116393502073,-0.020995741185328765,-0.9452362381004997,-0.382574247429207,-12.25461443466822,32.03198991311056,50.2210664833549,0.49260070814062684,0.8823245049917171,0.7814660464116688,0.8023727069611797,21.160183394800836,9.222417991056385,22.55041736871135
2h,DON20,TP2,VOL,2588,1512,0.08904317593009163,-0.01422450756555793,-0.6421371829865685,-0.20367093542037965,-7.4442258341726575,36.55026093343987,45.143016728493826,0.5210712277513755,0.9579322973846655,0.8615615648145162,0.7967221126863328,22.759096489953336,16.367257808985602,24.605531574858674
2h,DON20,TP2,BTC,2306,1423,0.12325911566439313,0.33455250980444623,11.676227192228584,-0.1076493751093445,-4.14391656148495,38.494571448053286,38.494571448053335,0.553733191086863,1.2329879258368575,0.8490294053179426,0.9155575235381482,25.512182347967293,20.695647794766515,37.18167666538852
2h,DON20,TP1,none,4144,2509,0.04862743121538502,-0.2880011841493594,-18.109638957562503,-0.5022538728502227,-26.739596202503925,53.2392036138225,77.30493307502762,0.41220792757353264,0.2554938319637863,0.2847936827284713,0.254879379828458,25.833578018618965,9.358062817879077,13.479930219421
2h,DON20,TP1,DAILY,2401,1432,0.05066705493145849,-0.21447243310445707,-10.288082801348997,-0.25544078765652634,-7.782173035783524,30.465663323304803,55.39970439090867,0.42043709627448667,0.6573323152286685,1.113565997034676,0.8121488295071402,17.322956739887594,18.147570795636845,7.715798004761809
2h,DON20,TP1,ADX>=20,3110,1811,0.02451355980759326,-0.32051600319242807,-21.316819200842286,-0.5457189005069715,-24.64484036577219,45.16032034601917,77.62017695575626,0.4439220885984902,0.1480409462491314,0.3961644006265371,0.19002847342432758,29.190822295961418,-0.24860858067121683,-0.7662418516283132
2h,DON20,TP1,ADX<20,1174,803,0.07889581382548239,-0.10277467192989832,-2.0379676385123724,-0.30369911486210366,-7.238760315502157,23.835302644161338,29.352373488879056,0.11388923596074758,1.3297963342073509,1.4506359240729134,1.2863921751167382,13.752358217400262,8.729562993226093,7.9020449694353845
2h,DON20,TP1,ATRREG,2436,1500,0.08489543918774718,0.13418227756288614,3.281727366959508,-0.297311298598168,-7.3562809115122585,24.742688711116433,26.168296415054304,0.4785412196568527,1.2797255458447443,1.1630037584398851,1.1569651139633108,16.7879617499901,13.632349661466003,24.129184560202145
2h,DON20,TP1,NOWKND,3365,2012,0.0667500135703261,-0.12719261578324442,-6.764733180805694,-0.431026293426492,-16.11202387732371,37.38060559888206,63.53184155469245,0.3780626539368982,0.6818080158720596,0.7253978775567702,0.6863314360958128,20.124788719261012,17.171914151469657,21.248620328718015
2h,DON20,TP1,VOL,3367,1989,0.07845361899997257,-0.05484279121037209,-2.7427182636620584,-0.3747623683587492,-14.744058777034407,39.34242074946101,60.103927911866585,0.39776802156241103,0.9334821045939272,0.7040326096847257,0.7404960509654788,21.120300660530035,19.51292120774322,28.464656615808813
2h,DON20,TP1,BTC,3107,1916,0.07358935614793109,-0.08167071969842718,-3.9951378639974333,-0.3005399269016157,-11.332258330951428,37.70633222607105,56.89412956175115,0.46183205707440717,0.7480038172632535,0.7811889280022467,0.7277873907374073,21.75871668026931,19.931402496415163,23.43885955369185
2h,DON20,TIME,none,2781,1665,0.04757339566577374,-0.2519407386066972,-9.282683579012696,-0.32550505768610843,-10.040568970445829,30.84612276632631,46.23091973600616,0.5043140760892586,0.6882934474717104,0.9270053158978148,0.7283467004310827,19.368298672969075,13.245606725952474,8.503344031102289
2h,DON20,TIME,DAILY,1575,937,0.0373017659158659,-0.23538935865158336,-7.931824690897804,-0.09665596889081042,-1.878500079020906,19.434910234493596,36.98730456405255,0.5129244110353146,0.7491123710616908,1.3521008514659,0.9543627360815822,16.940602895547396,11.48501416263581,1.514227105872079
2h,DON20,TIME,ADX>=20,2085,1189,0.01906079598884034,-0.298678503065288,-14.316011110691651,-0.16332578732551245,-4.280390866565476,26.207685489582534,52.10302603030503,0.5473054816747499,0.4177704459802821,1.1772557778467425,0.6230624608101296,20.885437925423023,11.291504464465675,-3.0402603397116645
2h,DON20,TIME,ADX<20,1008,681,0.10841879313175093,0.36004612630512617,5.579595610588162,-0.2624176041741512,-4.945875333329475,18.84734581315355,18.847345813153616,0.24218532608011428,2.2350755149597856,1.3821902080941746,1.366929940931764,15.382429578290836,5.698062278610361,13.886542796870295
2h,DON20,TIME,ATRREG,1624,987,0.07747225658806255,0.12507372047617957,2.56239437969088,0.7395871680340557,11.743277755604954,15.878152384418076,20.48707250360311,0.5709931556668232,1.5285925952091386,2.0261882465586094,1.5008390235180045,15.333878239525289,27.291225831913234,12.838307868836974
2h,DON20,TIME,NOWKND,2277,1338,0.061039289890216085,-0.09956007313263222,-2.9143728218337994,-0.218356329573189,-6.976061576567815,31.94806209741481,43.035481433354974,0.482234576717275,0.9402974031691851,0.9801450701335828,0.8562238439105441,20.179061328945515,10.785839450014834,11.9622405078742
2h,DON20,TIME,VOL,2281,1346,0.09138726712781163,0.27300318151273817,5.9975014950245376,-0.1320286610532217,-3.4555617463310595,26.172815196073962,26.172815196073884,0.5090358342497416,1.7095692802482603,1.1946418664432008,1.1614538148153557,18.43279805712974,16.32592088354581,24.13330186848148
2h,DON20,TIME,BTC,2043,1248,0.08777090584602673,0.1864975171008246,4.018361578538876,-0.1716052318552434,-5.479649874961579,31.931718023515188,31.9317180235151,0.5569273820578372,1.2813381734204203,0.934731625985082,0.9103181059056132,22.091930712359108,11.628156668408817,19.43776463542326
2h,DON55,SIG,none,822,513,0.39094206475909904,1.354182906767868,37.76369673868205,-0.030571459897044694,-1.0809302074677563,35.35749392106226,39.59996841218639,0.7458416883476859,1.6976730646095293,0.8907425603800023,1.2521423710649975,25.859137531125455,5.0476510502107885,45.84105317218074
2h,DON55,SIG,DAILY,566,327,0.3629264248140072,0.576283838707885,20.752946872693713,0.38126597981775434,10.271711799022487,26.94106566741774,36.0116759811015,0.6792403236933777,1.2057104941237424,1.5003785143508663,1.220379148102804,23.984011467487576,15.38364000961041,25.30773637763799
2h,DON55,SIG,ADX>=20,730,450,0.37416167850805615,1.2784966802231135,31.310201835049444,0.09589752100743995,2.977281500678841,31.04649076849293,33.11642330168334,0.7500128137374823,1.6802294493996197,1.0306789522245856,1.2620526581884144,24.694730790421147,8.221099339796067,37.81687220282177
2h,DON55,SIG,ADX<20,293,199,0.2907173620834562,0.4083164064842313,7.832924480074466,0.2387327706310098,5.926663215998418,24.825511806918154,26.751312482349498,0.5156571290702912,1.3476914047718453,2.1632299998881823,1.4655847956363905,16.30022393860745,8.80135862700886,10.06682398910228
2h,DON55,SIG,ATRREG,645,400,0.5225283561680063,2.7564716089066503,47.03453679089413,0.4781732712321617,12.091237420718937,25.286309687620378,29.472782271407095,0.7704882213566077,2.6468557460536477,1.4243999575144002,1.7579624377255354,21.630212248950553,17.62079736720008,54.03131242856589
2h,DON55,SIG,NOWKND,771,478,0.3893859812097659,1.2400480688501307,35.02705786070743,0.04598510805533978,1.4652393495906857,31.863344712104958,38.85941510829447,0.7342454665132907,1.6199313908302941,1.022369332375764,1.3326198345917724,24.08431776177836,7.578457211646783,41.84105271702598
2h,DON55,SIG,VOL,778,465,0.37100314217186414,1.1574544968068063,32.198987194170826,0.1659627092678884,5.520958484811045,33.26625908413799,33.26625908413795,0.7454521706438929,1.5713251744355958,1.0443978371252676,1.238505955936797,25.906608623634497,12.05012139631727,38.9771299388183
2h,DON55,SIG,BTC,717,450,0.46707412516639363,1.413677313859947,42.31492383014888,0.22655186862069868,7.10831369542595,31.376098280288055,31.376098280288055,0.7379081844901157,1.7861801396258155,1.1509460747666138,1.464422281883653,24.34753633704041,13.344219914270772,49.80849179905109
2h,DON55,TRAIL,none,1081,636,0.1671903707640415,0.4583786515217504,11.529354304321648,0.4645185171590211,16.752535320922778,36.064300349920806,36.06430034992082,0.7454313494704417,1.1420199467907723,1.2403468110185747,1.0004530594371528,27.15305182796708,28.745670923203814,19.98418118185985
2h,DON55,TRAIL,DAILY,722,419,0.15786372168494048,0.19671094106084983,5.722925507686161,0.30321114436562924,8.414266002166348,27.750516953360883,29.093071675742998,0.6915087552699148,1.0136613992517995,1.2976289220764217,1.054150084778397,22.159952589945718,14.919993410707754,10.686360232321102
2h,DON55,TRAIL,ADX>=20,931,548,0.16092636336050414,0.4152866087155594,9.58723697361541,0.3418506621210685,11.257699438516111,32.9316297609777,32.931629760977664,0.7553328069824474,1.14648141928848,1.207652932950608,1.005872668955444,25.149210603303462,20.606346814141396,16.605068574469595
2h,DON55,TRAIL,ADX<20,325,216,0.20250806224084517,0.4780094964941627,4.934139643290525,1.0426830990121823,19.499929121245295,18.701683320386753,18.701683320386607,0.48508418402172704,1.728523336051837,2.663381682399509,1.9095843804602157,13.332349345834583,24.411355779536258,7.476935488166925
2h,DON55,TRAIL,ATRREG,823,485,0.2430232564467918,1.1279445195172129,19.13013014840761,0.9448081100035902,26.078416217973842,27.60181241233709,27.60181241233708,0.7631377600574599,1.6730404424534728,1.7138938088190858,1.3939168855114525,22.651172863586886,35.70830524434114,26.233265142694595
2h,DON55,TRAIL,NOWKND,979,586,0.1951612497375526,0.6100299104985096,14.855569019616466,0.342797620954645,12.034514895460436,35.10676317398569,35.10676317398573,0.7337445249714439,1.2544236180561998,1.1820857996504734,1.0479930866974496,26.198211782466718,22.586954846516317,22.496641757496903
2h,DON55,TRAIL,VOL,998,583,0.15322576692325324,0.3334525238781634,8.254670254950035,0.5037922309143529,19.04206569190552,37.797458006339845,37.79745800633984,0.742783107512259,1.0628108384670967,1.259515665631906,0.9490726906555843,27.769407730744135,29.56482743600266,15.634398270613259
2h,DON55,TRAIL,BTC,941,560,0.21543451954028084,0.6821118791860381,16.714382936620286,0.5872118821394032,20.185814964699176,34.375692281899525,34.375692281899504,0.747880016824439,1.3204206123849964,1.3488913479512854,1.1248397430981667,26.385632021971627,30.686195169648034,24.767915783196905
2h,DON55,TRAILW,none,948,572,0.29261949098369106,0.9018470200679249,24.690797705071944,0.15095634821515985,6.067113579836936,40.1911787849386,40.19117878493862,0.778114739570428,1.4853749322490588,0.9518766739114569,1.030163171415796,28.874549795215042,15.066249237051332,33.60997310668517
2h,DON55,TRAILW,DAILY,634,375,0.304282181924574,0.503995073481717,15.495775463668426,0.15242524734359286,4.738915381861775,31.090094747751596,31.09009474775154,0.7106777058939565,1.2407771531621457,1.098941843396559,1.0844833118020862,24.170273378621875,10.103378277521212,20.78075762587894
2h,DON55,TRAILW,ADX>=20,825,496,0.27790312637921283,0.7278501853434214,20.024094182999796,0.12400550854910922,4.447954830802892,35.869010037093574,35.86901003709361,0.7785831886819096,1.3858297924117808,0.9810573311510714,1.03083311737601,26.857999682496914,11.789968185012189,27.276426168282452
2h,DON55,TRAILW,ADX<20,315,210,0.2640664645550245,0.4117126402000174,6.342555770351455,0.5335860402455846,11.919554722377534,22.33858051625849,22.33858051625849,0.532608454624926,1.640772349330831,2.2912968343025892,1.8073588586837812,13.562729787724193,15.92659744520053,9.054380558746878
2h,DON55,TRAILW,ATRREG,724,436,0.4202035008830815,2.02044087853044,36.27797441066561,0.69992731658082,20.184455579425876,28.837930884063724,28.837930884063713,0.7970661767095667,2.4217347794472888,1.5203940120510264,1.553913929713894,23.372988765198023,28.109270836989086,44.36055355765261
2h,DON55,TRAILW,NOWKND,871,529,0.3102063082278073,0.9767947051404909,25.243098354738592,0.2079782094098934,7.891849248380622,37.945558194642345,37.945558194642395,0.7656810083498723,1.4759957134316133,1.040519786846726,1.10278695653571,27.47582021271704,16.531416607613835,32.97397158346551
2h,DON55,TRAILW,VOL,882,521,0.2874484447079076,0.838046957918529,21.65385954210406,0.3016745439713157,11.992719197227618,39.75383219065355,39.75383219065355,0.7781707682852229,1.385253612394127,1.0624224446150488,1.025818249207841,29.15093573499268,20.18042511568481,29.535245811523446
2h,DON55,TRAILW,BTC,824,500,0.35273125111304576,1.115670940844809,29.26107184899216,0.3642613006266706,13.611035454134225,37.36613093600107,37.366130936001085,0.7735294356653345,1.567597736427832,1.145707599844628,1.1791415863478818,27.838506131983266,21.78483252472947,37.84659867195301
2h,DON55,TP2,none,1782,1042,0.11688815218399119,0.27606930123116236,7.408927964387102,0.09523684140530762,3.484114467173982,36.58368353845689,36.58368353845689,0.6083655867637948,1.0487808173120166,0.9576241388708403,0.8509368879960644,27.24024523386944,21.46831630935564,23.983782705865565
2h,DON55,TP2,DAILY,1203,689,0.11366604096335842,0.1311590787373426,4.073106003253346,0.0349459432920428,0.9983243335645486,28.567674514365372,31.0547012259067,0.5696632127045084,0.9545729863485136,1.085180063645785,0.9454977237407213,22.623324781623932,13.064985123085314,13.329684687199684
2h,DON55,TP2,ADX>=20,1536,899,0.12799979998220612,0.36764624618763664,9.731198110416027,0.01927672092519313,0.6479126543514679,33.6111445958995,33.61114459589953,0.6242946967724814,1.1706368620232745,0.9646081009747496,0.929847533347197,25.123503100566857,15.681178275082374,24.36699679533465
2h,DON55,TP2,ADX<20,340,226,0.04285452191162088,-0.19640156345797297,-2.770366307734329,0.30960346067383654,4.231266808125267,13.666729690023892,14.105622475490865,0.19302348960859503,1.3481947936140768,2.016705375021135,1.4719021327812427,13.399672995765123,7.856298098652403,-0.46427978378845713
2h,DON55,TP2,ATRREG,1336,798,0.16281861329568847,1.0198462240593478,16.38261189424548,0.22808631417759145,6.095553141203958,26.72476497848033,26.72476497848033,0.6420668669555556,1.6845565398877662,1.2534718518568075,1.2207989766357257,22.003871961572898,18.69436425102997,29.336708742452423
2h,DON55,TP2,NOWKND,1505,884,0.1214915584758398,0.26681255077339644,7.357359055199875,0.12094125860469444,4.077607548231654,33.71560371766611,33.71560371766616,0.5704106058016776,1.1887524211530873,1.033633106814018,0.9102532739849376,25.61678878125958,18.81469418120607,21.44879557595456
2h,DON55,TP2,VOL,1584,920,0.10202361470177307,0.09706080885423968,2.996118346458987,0.16876532766367253,6.189140636069879,36.67305791865042,36.6730579186504,0.593665093389332,1.0947225586826885,1.0401621959707619,0.8281827806707985,26.637576315655586,23.530270232779916,16.922305899835077
2h,DON55,TP2,BTC,1574,923,0.14896526671883564,0.5626137225674699,14.300317603254253,0.1339406680084068,5.164560925166128,38.55857225411161,38.5585722541116,0.6090932971774662,1.3269803604717143,1.014818358622277,0.9752029881604676,26.681355281701947,22.631953263432038,29.684876265651884
2h,DON55,TP1,none,2323,1386,0.06798745673316399,-0.10532492417929706,-3.7834523033509093,0.07939967779119717,2.4722245926583897,31.136456235499722,35.92171874636483,0.5081551596561944,0.8006561649292071,1.190611817866466,0.871287717163145,21.50074027450971,23.69351808849136,14.567188527453734
2h,DON55,TP1,DAILY,1548,902,0.06562916464674733,-0.10298994018642631,-3.000888601584639,-0.031388218404538266,-0.7207367001632159,22.962013672588956,29.13768661436843,0.4732457304018876,0.9385063457760918,1.2927609669589213,1.0051160163174295,18.30498701232912,12.515792024895545,7.890553485977514
2h,DON55,TP1,ADX>=20,2004,1179,0.059646293284898386,-0.11761564932770195,-4.69210949040929,-0.12112496419560681,-3.7439176481424807,30.909545963591476,39.89358148536923,0.5170969559293408,0.7738260376597829,1.1212263611561522,0.8809131925144255,19.3514413621249,13.487525989508665,10.34500614415741
2h,DON55,TP1,ADX<20,366,250,0.08141051762391015,-0.060553006164545474,-0.7450548450756989,0.32600079794390785,3.8483141821815448,11.804615836687892,12.30417599831629,0.11798185848103124,1.5796941977748549,2.1343876132146233,1.6280755588097466,12.573226671570382,7.900912187940468,2.1613833261411974
2h,DON55,TP1,ATRREG,1708,1024,0.09869197622736259,0.2618875485009473,5.652709376490006,0.13476382761544786,3.4194476529081808,25.373631139846108,25.373631139846132,0.5338042023510506,1.3313863503123136,1.3816873357026325,1.190358385985718,18.926085960824913,18.186056826657726,20.462576846280655
2h,DON55,TP1,NOWKND,1923,1151,0.08344334697334245,0.03262174117804159,0.923441075668574,0.10134582492284823,2.8903954413731725,28.52012348385886,28.52012348385884,0.4650480858267369,1.0216729510200135,1.2078092476524596,0.9651559427595644,21.461435817134944,20.751579627295747,17.15257300364934
2h,DON55,TP1,VOL,1961,1169,0.08307799754394117,0.024110745515781812,0.7361653794963008,0.2155358938065686,6.9265281130902245,32.136309135156836,32.13630913515686,0.47994251586610526,1.0696939393115705,1.2800890539541177,0.9680361758226351,22.14512797032353,26.035101715091756,17.61385197981804
2h,DON55,TP1,BTC,2045,1231,0.08483524506473229,0.050800234620394284,1.4217377585930668,0.08019912118078477,2.6174152424931263,32.63645790572881,32.63645790572885,0.5091316796819824,1.073960650806084,1.1949377337565936,0.967479809192952,21.496498694104503,21.358097264809594,18.764816419799367
2h,DON55,TIME,none,1491,881,0.08177458023714211,0.10988886970459118,2.145165757817913,-0.07461199892565881,-2.32937765113016,31.219879974681863,31.21987997468192,0.6123212125227459,1.1794409361189622,0.9927482672384422,0.8806830032507988,22.592198309223342,9.352560084199247,11.986403330459261
2h,DON55,TIME,DAILY,978,585,0.08807551426703258,0.10659157840009419,1.9361260654585655,-0.1677080352168098,-4.753438548251365,28.343534894474253,29.74839438067273,0.5750180400460906,1.2938858098953165,1.0750369980436565,0.9931939271051722,19.45664734154835,2.2202090085593484,8.02367582486374
2h,DON55,TIME,ADX>=20,1271,748,0.07692667345847237,0.060834601149047526,1.3737845343518185,-0.07351141662181399,-1.960899741834654,26.674764709305997,26.67476470930601,0.6221433766752932,1.139381691432016,1.043403947112184,0.9065741224715274,21.682446223095663,7.791545270953026,9.441238321495305
2h,DON55,TIME,ADX<20,334,223,0.12282957183816143,0.23963945975538486,2.1502455661426723,0.6480762894836744,7.785078851251637,12.012596321729418,12.012596321729474,0.25455511706631345,2.383901372985359,2.530613765778151,1.9450114590617253,11.480276836628779,11.409765561613149,4.526867083033914
2h,DON55,TIME,ATRREG,1102,655,0.11312480468038841,0.5342804670909395,7.3126882206320465,0.3728939755020727,8.42995976131473,22.606854267260413,22.60685426726048,0.6289297460228035,1.6108103723217255,1.481995025643564,1.2306049680071967,19.542450384968845,18.08412985150656,14.70466971447182
2h,DON55,TIME,NOWKND,1260,752,0.10285763842136908,0.3264925395863399,5.704692630854091,-0.09902110805825932,-3.1516718344667183,31.82828284058813,32.74915278423099,0.5802250992354565,1.4970025930863942,0.993163721436916,0.9545829708817304,22.09916789771561,6.66413307310707,14.31232801802782
2h,DON55,TIME,VOL,1303,774,0.10119236234593092,0.2944522782477738,5.465508708529798,0.10843066710942773,3.1379028382427565,28.939256041614126,28.93925604161406,0.5897702924746004,1.4452756890655563,1.1516306931377593,0.9960320615539143,22.42736875809255,14.17747509563343,14.583468921662712
2h,DON55,TIME,BTC,1297,786,0.11120513347214851,0.5050162281201818,7.24727016857083,-0.09827968003132916,-3.195712491479652,32.516512980719284,32.516512980719305,0.612790756889836,1.5306806719181545,0.9403645122622326,0.9291030735139173,23.258985279299626,7.026414827549199,16.497797926542823
2h,EMA9_21,SIG,none,1646,959,0.17613804648148443,1.9698287540315444,29.42533518441619,0.2072837430956503,4.620405284931928,22.290244357464438,24.251639404899827,0.676055429877316,2.444018761499667,1.4419708476596036,1.6732453515749233,18.54242575589572,13.446528439162142,44.6947451806053
2h,EMA9_21,SIG,DAILY,1336,789,0.0891606901689682,0.09228763250453904,3.7194583453935115,0.5177164677307639,12.79145297184634,24.70744851504024,40.30289047896613,0.5506033058914973,1.1709962319448448,1.5003466683051858,1.1224429049328228,21.16702821519273,24.927483721045984,12.034575011407034
2h,EMA9_21,SIG,ADX>=20,963,506,0.21699551949366552,1.130797020224685,22.660994859601047,-0.25384635298159136,-6.652044142249414,26.205001821443584,26.205001821443474,0.49933937218016267,2.4649156097999576,1.4452738857828296,1.903835301588811,13.86511802859307,-3.5246993629039935,29.744863252559604
2h,EMA9_21,SIG,ADX<20,998,632,0.06452352923362001,-0.03517247766782984,-0.7233123834177291,0.44771527602368755,6.72481313864024,15.020289676880372,23.28693634957808,0.4622293612620219,1.1819874750456436,1.7272068794980973,1.2809853350926783,16.287021749294837,15.302335184540317,6.096646631273539
2h,EMA9_21,SIG,ATRREG,833,519,0.20098907611972136,0.8875595214183535,17.90584516848732,-0.30196093199700796,-4.749005945900519,15.727219791292658,20.17424717597881,0.5911372191031028,2.3785591862674393,1.3087091263618988,1.5563117438519731,16.10520407810029,-0.4412428972541127,23.230206970828092
2h,EMA9_21,SIG,NOWKND,1377,786,0.18954750405057766,1.317319554186536,27.61496394118734,-0.222641306469571,-5.247238133275078,23.568124965131897,24.796704926169667,0.624684002657159,2.002597070234477,1.3863876326122304,1.740006459908133,16.214762599852783,0.05514187706938678,38.77980461776007
2h,EMA9_21,SIG,VOL,783,468,0.0892722235396045,0.08109813703204458,2.2151710578993677,0.8338246661411369,14.732255334306554,17.668289189004284,28.86066240031958,0.5913507810419893,1.3732249001808317,2.294405320978093,1.6433332575545254,14.23027699223941,22.36898952019346,7.1332988053466995
2h,EMA9_21,SIG,BTC,1404,822,0.1686155507538976,0.8735220956149763,20.493942172357073,0.4789388319232155,10.985736140325187,22.93766011039682,23.461275078484356,0.6357092765449348,1.6908225914272272,1.5787994304643138,1.5187067105101906,19.405081509326994,23.981862371135886,31.235958064449076
2h,EMA9_21,TRAIL,none,1909,1120,0.08655121654658694,0.034292693017666215,1.4192875406870087,-0.22122414665547796,-8.039962765136298,36.343061490739004,41.38746233653475,0.5141668441375089,0.8781415796786887,0.7987457228726551,0.7770122051309316,24.38804406614259,21.80454862450052,15.823701431750337
2h,EMA9_21,TRAIL,DAILY,1135,673,0.08328063529748682,-0.015592980881016107,-0.6954676140333294,0.283341527897316,7.920486536394478,27.953849882763716,44.60132538737581,0.4893086789336157,0.9086382792728447,1.2864061794974324,0.9388557289605166,22.62338456632228,24.09649200024646,8.135986043488286
2h,EMA9_21,TRAIL,ADX>=20,1144,610,0.08267637559967199,0.03122229546714585,1.2057734787687124,-0.14352413048095117,-4.510980243320484,31.43011720889116,38.618988794001595,0.4502274108235907,0.7829979376162196,1.2165708730947757,0.8297003336299922,23.38703006727565,2.3112136830999663,8.884411094536503
2h,EMA9_21,TRAIL,ADX<20,985,652,0.09542224396657936,0.07469503702461383,1.846175859004573,-0.014334443055528653,-0.2965993496940711,20.69137590802146,24.71617837736948,0.4109099798583566,1.3805539699095317,1.366497891384362,1.169409932774018,17.57676436736545,15.779314769649444,9.300105617628196
2h,EMA9_21,TRAIL,ATRREG,974,610,0.0828258059357089,0.046347704593593095,1.6083737744959636,-0.25506546800747776,-7.265081347300928,28.483202387427596,34.702339384425485,0.49031901168373054,1.0777593748403744,0.9489585992831693,0.9092826725781537,20.69055359573624,1.9867948399387991,7.976702540462699
2h,EMA9_21,TRAIL,NOWKND,1602,926,0.13844806441963248,0.4852695426833847,14.238450973145355,0.3419271038308019,8.76118852752288,25.62297176610555,29.34132419358383,0.5217433885227073,1.5824791217267264,1.4755520373920843,1.3491417861572286,20.14193511633303,35.130167772761254,26.81619261361572
2h,EMA9_21,TRAIL,VOL,879,515,0.046753339023847665,-0.11417057552475833,-3.73706881827639,-0.030147202646265806,-0.7659915112075755,25.408377692464125,37.7829753157729,0.5153594518443037,0.9052186817240753,1.3620426935870644,1.0482586210569835,17.26707896846904,12.217805970859995,2.324972997866226
2h,EMA9_21,TRAIL,BTC,1253,744,0.13235952266865855,0.1942762266679681,7.490519801042317,0.7739349667748524,18.069682232382856,23.347804412666573,38.556028853927394,0.5860085900542096,1.135350389697209,1.9351214693603906,1.3664505260798918,19.239724924620106,36.150402096591485,18.217412000109757
2h,EMA9_21,TRAILW,none,1292,790,0.13583294060294934,0.22562827396161933,7.975547181057663,-0.3405604161255267,-13.563346643423769,39.826550594842104,39.826550594842104,0.6208311179575063,1.2275874642731728,0.6897321842260908,0.8782625607091844,22.515635707060856,-3.377006099521307,19.680044428411712
2h,EMA9_21,TRAILW,DAILY,934,587,0.1285084603604838,0.07001120658958779,3.359716941796842,0.2256046578442961,7.704807035176087,34.15180833940785,47.988273670125636,0.552933604899472,0.9406520687647419,1.1024830573791278,0.867786559448962,26.264671314295374,19.37220715996282,11.206156702226512
2h,EMA9_21,TRAILW,ADX>=20,868,476,0.22865696285568643,0.46046225630807497,16.608950841738146,-0.1740465147452849,-5.308782761895303,30.50209175210803,36.07016778075689,0.5551674564838905,1.3607316673447263,1.128714154338781,1.2511640068147978,19.721989345426337,-2.239177737027198,24.503345182498194
2h,EMA9_21,TRAILW,ADX<20,778,535,0.11771641621691058,0.10692543890915876,2.9340328349167777,-0.36057573162920503,-12.378618002341735,34.33014736297112,45.51917713688144,0.4765333670532295,1.2832447618750413,0.8709263652644391,0.9772489116076429,18.62759824961332,-3.9711815235711434,8.998862920180816
2h,EMA9_21,TRAILW,ATRREG,801,507,0.14621622115374872,0.15900782291592402,6.164654988533802,-0.30492577845862845,-7.850241514713064,25.744761739710253,38.76950753418834,0.5690004875041155,0.9760010590459185,0.9605448501429328,0.9452850058414443,21.45771830454095,-3.0191874040669475,11.746710925781834
2h,EMA9_21,TRAILW,NOWKND,1164,697,0.22269790677973425,0.6327647667849582,23.532409596208815,-0.16286445814472977,-4.973144760397563,30.53548218591787,37.18982287173739,0.6127936203519777,1.6489888991300972,1.1368982297178467,1.4644393422598176,18.58690289117816,4.51695754705379,34.548011570157875
2h,EMA9_21,TRAILW,VOL,740,450,0.14055174860586897,0.1497682167249241,5.407967983887363,0.4167063972849977,8.488967845139971,20.371580327177263,36.10891617825733,0.6135224889929025,1.000779952448314,1.8640379598446335,1.1419339511807882,20.532085517206788,18.389193503833255,12.44616045330693
2h,EMA9_21,TRAILW,BTC,1007,622,0.21966526361378352,0.43321314208561273,15.720881239182427,0.2759710641664058,8.55440244584582,30.997461533458683,36.28902198926279,0.6074985779737779,1.2996426457304213,1.4218445911912563,1.3280096971681652,20.80599904188182,19.49101577957122,25.42751752433885
2h,EMA9_21,TP2,none,1940,1198,0.001219427064173668,-0.3785364695469793,-21.463283959853296,-0.5357299273338997,-25.523626105219943,47.642711005973084,72.90629528433952,0.09307356573935033,0.24285702328204803,0.4439799279669983,0.30083080523435246,19.421878463431497,-12.61520173547238,-4.880742152537831
2h,EMA9_21,TP2,DAILY,1142,700,0.0718255168469774,-0.13142206965950126,-4.445219896277863,-0.5454582645337156,-21.41120718220437,39.25361219067369,51.05950824052151,0.10947685557783204,1.200330788992893,0.656588237025447,0.788920685667645,17.231841212428744,-13.713412986999817,5.752057655790321
2h,EMA9_21,TP2,ADX>=20,1195,649,-0.06411159658050275,-0.39510785390241426,-22.525539616375468,-0.541234431501989,-16.732039395012077,30.914587877527865,68.67301049775854,0.08025270393931673,0.1891482837060143,0.929572787956652,0.3607168850114748,20.01931371858403,-9.97335972757394,-13.357738552482301
2h,EMA9_21,TP2,ADX<20,1056,689,0.1418196078884913,0.42346366121362733,6.970520384140566,-0.5611756181712756,-16.07804015858362,28.65063919023735,31.98510883005995,0.057180286351682985,2.169337493581179,1.0498810723709342,1.4102373168803906,13.576087717414575,-7.770492504860027,18.727328922497712
2h,EMA9_21,TP2,ATRREG,1013,651,-0.055234796846118324,-0.3529526650508177,-18.38385317850343,-0.582621710400706,-17.54429552590595,30.112670387513752,64.767481679245,0.13324628501368663,0.397904922000352,0.829471172790618,0.5228975970021607,16.767602396166513,-10.011862505278845,-9.67602364855107
2h,EMA9_21,TP2,NOWKND,1639,985,0.05490231509787599,-0.18309619686578218,-7.9108942543985155,-0.4250947114018733,-15.46460586891385,36.37920080895577,51.07812960440252,0.10639315977590878,0.8572404191951931,0.9960726488879997,0.8927118262687703,15.514843920192833,-3.2498745145445707,9.659130376886615
2h,EMA9_21,TP2,VOL,863,507,0.05044113954811064,-0.16724356662519274,-5.204960773084199,-0.4917370791934346,-12.109802357961074,24.626579671038883,41.76740125187176,0.1300026274793139,1.0788912437613933,1.1837202961228304,1.0852447940164713,14.169791985955616,-5.030965596035841,2.4338343395692963
2h,EMA9_21,TP2,BTC,1254,778,0.09890406153012812,-0.0024010150943851757,-0.07546011382557616,-0.49908991868920116,-16.43645469034749,32.93285252788883,37.71806383602595,0.18203659588286403,1.4181994965619378,0.8147123733966956,0.9553346809552894,17.242394852319254,-7.607477415089314,12.37360292640355
2h,EMA9_21,TP1,none,2377,1393,0.037539730322779276,-0.3316452771714245,-14.85484106187388,-0.6402684703737255,-31.00805515666163,48.42977062194268,70.15288567453824,0.02396999858333188,0.5098219125123199,0.19071659776195107,0.3547581589721723,19.842495240616465,-14.669066599448755,3.5963482905215782
2h,EMA9_21,TP1,DAILY,1237,739,0.03235588861005367,-0.31099994567531525,-9.6986894285087,-0.5899347223194505,-23.572462690533836,39.957747524766496,57.61494019733861,0.06553077326157268,1.0378243694990135,0.5634559081961005,0.6817496984989252,15.91605984899962,-13.494329931120784,-0.5038279030822101
2h,EMA9_21,TP1,ADX>=20,1307,684,-0.01100627989794544,-0.3512227741198826,-16.02638652734455,-0.571236074664715,-18.0320588649849,31.56673687943947,61.01737766878552,0.030375194959358327,0.4105077893373384,0.9320735434445332,0.49896723118329933,19.327372529779176,-10.54655167822174,-7.234491562265866
2h,EMA9_21,TP1,ADX<20,1197,786,0.10039145542939376,0.12612082267837446,2.1175694099934805,-0.5832266361529497,-19.988423354182906,34.27213730502699,39.131914114912256,0.003664820588875804,1.8155170824660256,0.7606086696707122,1.0738843197282864,15.19156805929689,-8.730485972321478,14.122106132018097
2h,EMA9_21,TP1,ATRREG,1075,685,0.0024485666581272113,-0.3006727191192415,-11.083395517426464,-0.6135258695935598,-20.128654778449352,32.808159812044934,56.83257761799696,0.06089129912277491,0.8053008014909806,0.715265753803189,0.6991525252894043,15.941459939538316,-11.131146968302385,-3.3475679244253986
2h,EMA9_21,TP1,NOWKND,1928,1129,0.05451431312749694,-0.20659463842491738,-7.784869267219885,-0.5813559403539045,-22.435690288546407,38.59200316227701,57.63723973509853,0.027042665781387715,1.0763812110954312,0.619585230122979,0.7501879640740846,16.082352252738374,-6.612619582049028,8.7907431035124
2h,EMA9_21,TP1,VOL,907,535,0.07172976208350955,-0.09070136835661208,-1.914949040030034,-0.566466590376203,-13.043977695774057,23.02691441539608,34.76686052717328,0.06516372204329207,1.616780817921804,1.3283739039248206,1.2532402720622782,13.087324812337641,-3.853379778162691,6.088366960967306
2h,EMA9_21,TP1,BTC,1388,836,0.05367081525913928,-0.21962190503026813,-7.021920650950875,-0.5656671031333318,-18.282220014413753,32.31975116308735,49.16172986603525,0.11967997042646039,1.1600768123599228,0.8988648235722213,0.8849029724360759,14.927768410591025,-6.729245247010784,4.14066354904028
2h,EMA9_21,TIME,none,2335,1376,0.012772981733734602,-0.29923914015648884,-16.421939834538215,-0.5867773109954674,-27.45791035757028,46.79443094176213,73.69009547961221,0.10827188967419273,0.4104425353446458,0.39694280976101043,0.3840769863351278,19.191930039285854,-10.282630794752379,-3.2470881686006314
2h,EMA9_21,TIME,DAILY,1251,731,-0.011936295962606099,-0.2939896207532403,-13.47975179269707,-0.5423902779197759,-19.265242044449327,35.51915074572708,63.29020765418476,0.1538632375286677,0.6872427884788819,0.7989881482843408,0.6887207391761307,15.038596008619255,-10.12645612616282,-5.944841369954901
2h,EMA9_21,TIME,ADX>=20,1249,653,-0.03407949456514824,-0.3321625715254671,-16.394553437562454,-0.5502583451406536,-17.890087024704314,32.51215939329618,64.88951362160138,0.12224962479856002,0.3893248463884038,0.9325601570683543,0.48195527316974984,19.67367162667465,-12.03400748192811,-10.282786977668968
2h,EMA9_21,TIME,ADX<20,1157,769,0.07933951496953644,0.1229185908819318,2.375255472044069,-0.48328945285050473,-10.083737917379521,20.864800292876883,22.539581532241083,0.06893097376824532,1.7070901891053598,1.533618824088552,1.5846262685660057,11.873910316001668,2.823743170215254,10.670889896479752
2h,EMA9_21,TIME,ATRREG,1025,644,-0.02581719399314148,-0.31760820456157385,-12.06145808939988,-0.5414984850690258,-14.412437567039248,26.61584097544072,52.34102329823382,0.16678596242252622,0.7419640695956135,0.9930233021410433,0.7826878264379681,15.359319488425383,-7.474349592169349,-6.843063982815578
2h,EMA9_21,TIME,NOWKND,1844,1071,0.04284336887814443,-0.1439683901401321,-6.005045880491067,-0.5655220232817518,-24.148153502181703,42.700642075880246,60.857015122264315,0.1154031601250303,0.911111448081667,0.5921356663589348,0.7845355776758653,15.696089830838677,-12.584661098487626,6.0452911966582645
2h,EMA9_21,TIME,VOL,908,535,0.0732284429938953,0.05089294660450496,0.9361654985702961,-0.5801147331919199,-17.592207296866903,30.32539304780397,39.530590332691915,0.1636814141737173,1.4707532889190171,0.9379371366435566,1.1762198615531305,13.90732866376384,-10.129420629723274,7.84008601348809
2h,EMA9_21,TIME,BTC,1394,826,0.0552439004856703,-0.11518643413394056,-3.205005321753307,-0.5629816214466805,-17.34111026309202,30.802267076731525,43.52374371714453,0.23456902828047488,1.355064406763994,0.9798175462723088,1.0980861805804762,13.570847737873159,-7.126831488476181,6.753459641119575
2h,EMA20_50,SIG,none,830,527,0.21455488718408514,0.5503641301853186,15.674989859793875,0.11223243374150879,3.1951871003601973,28.46937372595234,28.481125495071403,0.6790799289683068,1.8421786831570068,1.1065157067981182,1.1180210961822128,23.29093429444805,10.280975843138407,22.948016167430385
2h,EMA20_50,SIG,DAILY,578,361,0.23579852394562725,0.3210946749372728,11.26129063942578,0.21958749001062652,5.151533549057596,23.460050246069564,35.07155838578052,0.5027068487858926,1.6822742378482702,1.3272606708861463,1.2261082123169214,20.51936227892215,9.74561156978082,15.62019914226067
2h,EMA20_50,SIG,ADX>=20,517,291,0.48343832735969317,1.7017138345557408,30.916816810384784,-0.01544899467327676,-0.41683763414014363,26.981537825317382,26.981537825317425,0.549243979388274,2.865563156656143,1.2774955134146464,1.6416852201486252,18.619319383452414,4.018180639084523,35.65385168054096
2h,EMA20_50,SIG,ADX<20,457,307,0.4083558630591647,1.2635677737978281,22.703490295824192,-0.05506483746241983,-1.5039107663280649,27.31163543984745,35.20350404829853,0.48949017099536274,2.252200643053702,1.4104673957143623,1.5024081156569375,18.425815155942594,2.615178576410049,27.3369147033516
2h,EMA20_50,SIG,ATRREG,456,292,0.6321472666422618,2.0835090398937566,41.267030321336875,0.6758248042239653,14.351945644123498,21.23619250791412,28.677915663785093,0.5935527952345104,3.166967282314686,1.6555709290373808,1.8975380579896022,19.530237290223372,18.74875197092205,46.77379690200216
2h,EMA20_50,SIG,NOWKND,722,449,0.23598162026293543,0.618169450712973,16.02818697071382,-0.1342560388535193,-3.0440944024568872,22.673798724079454,28.981780325959118,0.6546261226375804,1.6885246875975144,1.088625575703577,1.229159664423218,20.16396876249975,2.0744189127921864,22.04519298548877
2h,EMA20_50,SIG,VOL,321,215,0.6751867791265272,1.5334022497348305,28.933970735847915,1.101720962587469,15.761322725995598,14.306093158996468,24.943336846212926,0.5421397703165167,2.7166367974255374,2.3409892691131486,1.8526112447187078,18.020384896448395,19.403763106660364,32.43238623021454
2h,EMA20_50,SIG,BTC,652,426,0.5040561721613448,1.0776853546899479,41.2058912268203,0.14193027093526703,3.90685204972514,27.526559513910996,38.23554903803561,0.5877603171458455,2.2412081948696536,1.2122692858521857,1.6134018846164002,21.771466543379216,11.24742401705281,49.02793273953356
2h,EMA20_50,TRAIL,none,1185,723,0.1308633156894348,0.24165976544641107,6.644856192464443,0.3195109194436671,9.591668687123644,30.019846282013376,30.01984628201335,0.5619270724163306,1.543345469271988,1.2459064523399406,1.0119544907124298,24.03849246453168,21.21567884272948,15.735317578019025
2h,EMA20_50,TRAIL,DAILY,553,348,0.19760056229889036,0.265774929362797,6.803984064292057,0.2619011546032527,4.892352429549751,18.680148382549323,25.60054885765487,0.43047731470710493,1.564597298792973,1.5861803745569252,1.3683049773735545,17.113486431986402,9.758985644313078,11.121356726565136
2h,EMA20_50,TRAIL,ADX>=20,673,371,0.12772204616527516,0.148412017123293,3.130212350774264,-0.3183313322901531,-10.047135186036616,31.56187961064052,31.56187961064051,0.4633132978033832,1.301300727171802,0.9789599757871084,1.0377456746319922,18.106219126642976,-5.979909337024026,8.088494656002009
2h,EMA20_50,TRAIL,ADX<20,524,366,0.1960508910286328,0.3945313672650453,7.215130635885547,1.400300175340761,23.238028556967684,16.595033669343607,18.287850433545984,0.4371695543770363,1.7627213168451614,2.347112982516807,1.6876592079853816,16.06746010662633,30.8157228904842,11.34338656989855
2h,EMA20_50,TRAIL,ATRREG,550,341,0.2878396084305935,1.3103425623974736,17.322950184398355,1.081301594894218,21.682211216321612,20.05195527196346,20.05195527196345,0.581735048631033,2.351069838226879,1.9654113322988545,1.6310742738426274,18.624157532280726,28.83511268530419,22.091430126112876
2h,EMA20_50,TRAIL,NOWKND,998,584,0.18635222952429212,0.7347668681730897,14.298155298463744,0.49651351834718144,12.83770085663367,25.855692508370044,25.85569250837002,0.5648103912903082,2.0780271759889786,1.4565696086446018,1.2709360387859923,21.821503435498858,22.713995045705527,23.02914908587468
2h,EMA20_50,TRAIL,VOL,359,232,0.22571335960304284,0.4499147902663563,6.523882308152396,0.8947498144730943,10.0685511416434,11.252923419238293,14.500261936910675,0.5041252486639055,2.1272438672286835,2.0738345844083037,1.6750297935045984,14.473552543024127,14.143049388332773,9.323043601972692
2h,EMA20_50,TRAIL,BTC,720,454,0.2750821372132578,0.644698253453648,17.008164827354655,0.6515565400951701,16.515236474099847,25.347357378513212,26.38158973789976,0.5506753544889607,1.7792576297681355,1.7791563676521296,1.5491896592522654,19.006526737738984,25.02246181061347,23.79358647399954
2h,EMA20_50,TRAILW,none,1124,702,0.2252943792466616,0.616438054475593,18.392097042074205,0.23389532635099153,7.903352724877899,33.79012675532409,33.79012675532403,0.6844817924048415,1.6422686257156758,1.1051629300961423,1.079026871890293,26.148979193936196,19.447066441799787,27.89468891649609
2h,EMA20_50,TRAILW,DAILY,544,346,0.2652648465473633,0.31470356432269275,11.107904707893734,0.32670147909136127,8.22616230672768,25.179446170879604,35.29640578364673,0.5421972579606016,1.6484679015483288,1.3512332756120193,1.1934910657329103,21.45760866486568,14.239841645102569,15.5566107641123
2h,EMA20_50,TRAILW,ADX>=20,663,370,0.2691540060607507,0.5371152676959666,13.914008030432345,-0.07794942060559666,-2.246998498838393,28.826365627624195,28.826365627624174,0.5817671761099504,1.5604300344525215,1.0770790595095072,1.1648728507121184,20.93363801112764,3.297785714436996,19.207962710320302
2h,EMA20_50,TRAILW,ADX<20,502,355,0.2026395653932142,0.39919885063963656,6.564268504682014,0.5030618814295366,10.119377264180773,20.115571538485145,20.115571538485188,0.4961289380645123,1.6548010411905698,1.8906603901994612,1.5261754117419082,15.952358066043049,15.832004340641737,10.440105170937453
2h,EMA20_50,TRAILW,ATRREG,548,341,0.3978241416164116,1.5689439535430214,25.748066870660978,0.5547004985250589,13.936506474695642,25.124380655421486,25.124380655421554,0.6400743387504089,2.7092415561976066,1.4982978476644102,1.480163517445,21.457951682466934,20.05663122877115,30.818777104903795
2h,EMA20_50,TRAILW,NOWKND,970,575,0.28750003806596275,1.0357287897263432,25.584702100602442,0.30309732111319315,8.704243113210698,28.71765108725608,29.304197661147814,0.6582203327490871,2.15979467006092,1.2564566281879126,1.3179020702186615,23.389713336776797,17.46808803017106,34.815361910582254
2h,EMA20_50,TRAILW,VOL,357,233,0.4183831637090163,0.821835960906383,13.886749083579675,1.1347553000712316,14.813323527454237,13.054200783661784,16.89722735941649,0.5986647507283522,2.2743469706870734,2.3416743683980403,1.9973922659656802,13.911342867317167,19.64691969100607,16.922232866944032
2h,EMA20_50,TRAILW,BTC,703,451,0.3377765473696176,0.6259231232505039,22.13690263566763,0.534963182399329,14.908024810074938,27.867384710872834,35.366807541328214,0.6443486135442466,1.7018869121213542,1.4294353241315108,1.3473248611299606,22.938402250982882,23.86704598701006,28.964210962061788
2h,EMA20_50,TP2,none,1191,746,0.06576837631217532,-0.14130179402107823,-4.532638058177618,-0.401608951605581,-14.30087985141596,35.608966867503526,37.76428062139024,0.14807755976574855,1.179691305796306,0.8451747567869325,0.8363760535887327,18.220260665775978,-3.603338847595239,5.34945166665457
2h,EMA20_50,TP2,DAILY,561,351,0.15492966061498561,0.3553910733732368,3.8802882019222773,-0.43227616150629733,-8.014512346183288,18.5402598150593,18.9667595734755,0.10576801724769058,2.1910595091588774,1.9043268690250978,1.937615113302623,10.210230212719152,-1.993682429538357,9.245031722019114
2h,EMA20_50,TP2,ADX>=20,674,372,0.029191004384329682,-0.19181128924260282,-5.312876296632629,-0.4553180564151601,-12.266999106347942,26.941604738738633,37.49199490565365,0.16121331472328118,1.2885302819787545,1.2248595974617182,1.1235238667759164,13.561203747249074,-7.387583197577252,0.11331487200920698
2h,EMA20_50,TP2,ADX<20,541,390,0.12567956217817122,0.06412547808896417,1.6004329717543175,-0.170818293186789,-3.00075309999035,17.566930590443498,24.957832977618732,0.06502256569082344,1.3836999738117024,1.6678419149050836,1.474927872714753,13.599914482990771,3.089946004349753,6.702681213037787
2h,EMA20_50,TP2,ATRREG,554,353,0.17898125141543603,0.596745106797449,7.926153402376124,-0.28394004393463623,-4.624039100592626,16.285265848789866,16.28526584878983,0.19568122964252796,2.172141088273044,1.3472059140354191,1.3741108974294722,15.982034878778018,0.6725485490344907,13.153255183922985
2h,EMA20_50,TP2,NOWKND,1009,604,0.07450558669372973,-0.08960195651560766,-2.4581635956229975,-0.39647895932434507,-11.700496898290913,29.511015964706367,34.89762576864545,0.14334511803513772,1.3907834048237775,1.0270563068172975,0.9979520773278859,16.63873548110465,-2.553993639113117,6.52953439113686
2h,EMA20_50,TP2,VOL,365,237,0.08765160116961267,-0.015562688273353132,-0.31464164535304207,-0.21693834909567788,-2.255242293887516,10.395775128227191,20.217692459456394,0.13058556394349563,1.7450964045858046,2.038897992977141,1.7163153244382228,11.288839062636836,2.172730770607023,2.9155847554910963
2h,EMA20_50,TP2,BTC,724,467,0.14603177351144994,0.22499828077987566,4.460509108979993,-0.4056286844073512,-9.38554241773173,23.138261120375624,23.138261120375493,0.17714702801357243,1.79156108865524,1.4251308004726837,1.5118473502120018,13.007386159187028,-2.216003355063012,11.869008292442484
2h,EMA20_50,TP1,none,1240,766,0.03944655075031245,-0.2761459157010068,-8.368821738443843,-0.5704229408048009,-21.99586749845459,38.560629184059394,54.28781142036432,0.0880112711172537,1.136976958832154,0.615765763057725,0.7229902583135447,16.256977465713383,-11.157328245268893,2.1531545700662624
2h,EMA20_50,TP1,DAILY,567,355,0.0828758271601287,-0.12018531480624793,-1.182688038286317,-0.5607557169022261,-13.090341285042884,23.344106694725554,29.31711377102427,0.06773589361610849,2.000959167226787,1.3573042664656538,1.4051022319867705,11.843509308788658,-7.289614257515309,3.5305234479399594
2h,EMA20_50,TP1,ADX>=20,681,377,-0.015031113166101721,-0.32811487512556603,-9.216158818746322,-0.5589036966130506,-14.721716355491798,26.340345295093258,46.05136558794799,0.10082684445249793,1.2515775311797286,1.1567531262526491,1.01230453160209,12.93049768434521,-9.472289547593348,-3.925209759105175
2h,EMA20_50,TP1,ADX<20,564,394,0.11034163756314869,0.10493767213021142,1.304933063247904,-0.43963554756226725,-8.91900261278571,20.287264444926343,20.287264444926457,0.03307477332678229,1.8006615255082632,1.509990191110417,1.4890864068675387,12.47220955363697,-2.2417315446991215,6.7966961791431135
2h,EMA20_50,TP1,ATRREG,561,356,0.08242757902400344,0.013263445705294773,0.193613746784993,-0.4927265951605861,-9.57496517491786,19.432612870830024,21.753836751366062,0.127239245888661,1.7685521455256508,1.219651272966476,1.1942321203544355,15.027702569741274,-4.459164473753329,4.521486210324488
2h,EMA20_50,TP1,NOWKND,1039,618,0.04957436300559731,-0.18091818317184866,-5.195187433885085,-0.5515223899956341,-18.81845935145712,34.12093451293262,50.46900511581178,0.08465920588991081,1.2441464473194006,0.7764257674230827,0.8752235480988676,15.727644379110917,-9.782935613213528,4.11648279313328
2h,EMA20_50,TP1,VOL,365,237,0.0684735189778318,-0.08641189967860126,-1.123308186631744,-0.4913108332833794,-5.333620597319899,10.855898620585801,17.00679230409159,0.07994453013440649,1.7718590241955567,1.9416204214657804,1.693021075360836,10.864901004172268,-0.7323594636935105,1.5624882964014208
2h,EMA20_50,TP1,BTC,738,473,0.08928272127119646,-0.050717072034084494,-0.7447747143534023,-0.5399435889578925,-13.337543458330236,24.701735016563674,31.38990418540063,0.12812437784122682,1.7249332739965155,1.3240506453756982,1.3946380591987912,11.99646229649456,-6.328968106859456,5.586011338544528
2h,EMA20_50,TIME,none,1214,746,0.037835450645672154,-0.1897651511285383,-5.92906820314032,-0.4224968052799763,-13.075669359739406,30.948563862097235,44.243005810565826,0.19575650040240275,1.2240068561810589,0.9116403825957543,0.844590374969458,17.571177816571048,-4.573096016026479,2.203552638355033
2h,EMA20_50,TIME,DAILY,562,353,0.04613864300640475,-0.16556584426935056,-2.5222809495913046,-0.453886792732761,-8.89432179362808,19.59590350729784,28.609670031431744,0.13854996488722737,1.677209180954701,1.4364003688642424,1.302051616801574,13.110845369238255,-4.845684602536771,1.2882688821119537
2h,EMA20_50,TIME,ADX>=20,676,372,0.08029401870184935,-0.005010996110624666,-0.10279947316156335,-0.39419311402836027,-10.475077880828,26.573467440312438,32.69106887234992,0.24226447632333306,1.359424545270575,1.1513375147524239,1.1451650861060567,15.412407151724562,-6.330369861525853,4.992749970232513
2h,EMA20_50,TIME,ADX<20,546,380,0.08044447087159232,0.02560299805314249,0.33073826167178133,-0.2436395601845711,-3.557940345356725,14.603294894562191,14.603294894562257,0.13975477497046612,2.0043441026476545,1.8926135069968155,1.6519042648762794,11.711914192415996,1.2317417593034508,4.322667663026758
2h,EMA20_50,TIME,ATRREG,552,345,0.08929253966445129,0.10283769925280535,2.027079112758834,0.054558842278066115,0.9158308582605024,16.786112388398077,19.71143974911065,0.2510728318163382,1.9110646450422726,1.4948374983835295,1.2560189390631666,16.630137178062377,5.600483339113005,5.800991120614651
2h,EMA20_50,TIME,NOWKND,1012,596,0.05935084471996208,-0.0780406273315298,-1.8193038743663403,-0.35717883716254706,-9.583103461685372,26.82998673105662,35.88157311157065,0.17834970056239702,1.4558635288814077,1.1233739462921295,1.0569370032838261,16.31278482310673,-2.392649299833327,5.135581173527881
2h,EMA20_50,TIME,VOL,360,233,0.034520850106985294,-0.17272755567842432,-1.9167214021836632,-0.22981162338240613,-2.8281665372291376,12.306455590033726,17.798349263653858,0.20218209480915816,2.1892311131438937,1.823003657089274,1.5023140996840405,12.366676503223584,0.3204066570553943,0.3685835535417237
2h,EMA20_50,TIME,BTC,729,463,0.1149121942323729,0.15526578090368015,2.6279404189262,-0.324640645672845,-6.554440104528725,20.189832024711805,22.10943103608871,0.2716998863920273,1.8922892760491719,1.2796997108619836,1.2382707072555994,15.80383158877654,-0.5972094092747238,8.356078324356385
2h,EMA50_200,SIG,none,298,184,1.2988858232042515,1.2991271089229184,55.59771407353009,-0.1058842586486233,-2.0684324297707612,19.53484357514227,42.79620807822654,0.408721250725589,1.806427591110504,1.3564135393316443,1.4517681718006474,26.62685287445824,-0.7078715647291789,60.575191209146695
2h,EMA50_200,SIG,DAILY,188,121,1.535900153734446,1.1920885255761264,40.52037402272579,0.3440417411036648,5.586781497676063,16.23867348117124,33.991077972286185,0.3293411642580103,1.924171995681385,1.7579976334970422,1.7044270816904936,20.983305274438923,6.781146499951274,43.75576004746713
2h,EMA50_200,SIG,ADX>=20,258,159,1.4907199135342897,1.5101223446478038,56.08108445690607,0.020109446241251414,0.43651478599642246,21.706952084089714,37.13678209958909,0.3751076089352431,2.0898184474525894,1.4588156372334442,1.7045070157976971,23.159299378161023,1.7315840080215583,60.817183772324476
2h,EMA50_200,SIG,ADX<20,52,39,0.4334004549381232,0.19537079381219935,2.6068011936288826,-0.031020760668638885,-0.29087224274342294,9.376696008537488,14.034836340690548,0.25042391781749324,1.852809436225935,2.4074732578704126,2.027480214168499,10.280869401540837,0.0952314775710228,2.973179535854542
2h,EMA50_200,SIG,ATRREG,202,119,1.1654665462632248,1.4909947420119656,32.70215484986365,-0.2325716886988741,-3.719174487391097,15.991518607437028,31.54791474080444,0.42618967478538394,2.519708801538893,1.5672262349168344,1.7100912446081764,17.904178251493818,-2.9576867528046336,35.14723987517377
2h,EMA50_200,SIG,NOWKND,249,153,0.5614805979473658,0.5590692352057648,15.505944845873088,0.15698336684318567,2.6695605956851054,17.005372284770726,30.168777136356717,0.4735632988951689,1.4956263776515621,1.6585470108959768,1.286454870382264,20.37066876826049,4.0246373616804165,17.234457422230022
2h,EMA50_200,SIG,VOL,93,56,1.0112376303677402,0.828395407338687,12.087932622636632,0.044261905026109244,0.45514583834778133,10.283015113771077,17.07188022315409,0.3212818667972223,1.9583785343000315,2.170844897392394,1.783656630083333,13.739135609889185,0.9276521411549332,13.006142140200105
2h,EMA50_200,SIG,BTC,245,164,1.140447470245093,1.4707376714001241,37.50051341346501,-0.35543449389197895,-8.449042096276738,23.771024595166356,37.5643112357413,0.45041380808120485,2.442510358299381,1.2358594694278078,1.5301999151294252,20.319249821746777,-7.644338014870744,40.81522548495802
2h,EMA50_200,TRAIL,none,378,228,0.1287874260678702,0.1745357843978436,2.1931852881068137,-0.12363070043853268,-2.29610557699621,18.572292875892906,18.572292875892906,0.5099520209010535,1.4223978580190915,1.6419631650639384,1.4543449959584873,13.77727119979577,0.5664361546824148,4.731784841724762
2h,EMA50_200,TRAIL,DAILY,188,121,0.028003981031432354,-0.08724965283279654,-1.2696297028961356,0.1381026664169295,1.792468849813078,12.979248672879685,14.551687733694807,0.38917350712071913,1.600097619118272,2.195559176770281,1.70845877791684,11.523067922862573,3.397285827645713,-0.12474736785917928
2h,EMA50_200,TRAIL,ADX>=20,324,191,0.07540196851967197,0.016712622107730373,0.26757087722624195,-0.14246211846623788,-2.3962397834648486,16.820189179151747,18.099542304623085,0.4761665558217202,1.5978112047441297,1.7452362244940467,1.4915548280085174,12.949835700350153,-0.02523183387332928,2.3409555163551587
2h,EMA50_200,TRAIL,ADX<20,56,38,0.4462321561917239,0.30338107272497516,2.0436519282703403,0.08780831065575866,0.6839273960887571,7.788868627367263,7.788868627367296,0.2512615367931925,1.8164764773955933,2.4514124197049814,2.0199680380043126,10.31854664138655,1.2224942701329455,2.4885295659102136
2h,EMA50_200,TRAIL,ATRREG,239,131,0.31959001783427227,0.9648367046352998,8.189010864989887,-0.17497895810426625,-2.01071955647959,11.491207732997498,11.491207732997555,0.487350134105545,2.437408840389112,2.111118624014488,2.0600475574283905,10.864897969445808,-0.5605257559674448,10.090559729081505
2h,EMA50_200,TRAIL,NOWKND,288,177,0.1972473278848181,0.6330878812507575,4.525255721553023,-0.06315628928841752,-1.1020517355966986,17.449596042033587,17.449596042033566,0.5090872280394927,1.8195226676595413,1.8092137684785736,1.639224516595225,12.925768399640914,1.143535918657812,6.6052263104582565
2h,EMA50_200,TRAIL,VOL,97,58,0.2214728985940715,0.4776014294946341,2.0315701182360923,-0.4157764819283395,-4.391352201557252,10.561809992692462,10.561809992692407,0.31276678235372907,2.0632050214027164,1.9038286839832061,1.736964196679471,11.34794419685875,-3.825201939804579,2.817920979041033
2h,EMA50_200,TRAIL,BTC,304,191,0.16013480213443745,0.24408534071432478,2.862059180731724,-0.03863352809488934,-0.513438720756898,13.28997754219653,13.289977542196695,0.5042337703378057,1.6186703028415748,1.9789560928133554,1.7208603091088028,12.020783518358002,2.05485965780956,4.926432852301166
2h,EMA50_200,TRAILW,none,378,228,0.3384091436001718,1.0051718653254211,13.098952547187714,-0.3558169638833235,-8.14914203518674,22.902623714868575,25.870951777340757,0.5786070986199708,1.9181270300460262,1.2233228968378733,1.470884555805906,15.381379161762753,-5.9817921081216525,16.487889879478246
2h,EMA50_200,TRAILW,DAILY,188,121,0.4209067094269363,0.5352828170652525,9.097589192559607,-0.14262865737787528,-2.6729148490977073,18.740377272262908,21.870095380313426,0.4278106459352899,2.251890226526759,1.8345674267005911,1.8443917415529967,12.25912091005621,-1.4869793078512217,10.843271027140066
2h,EMA50_200,TRAILW,ADX>=20,324,191,0.3395106248991495,0.6976877700498664,11.977655977600898,-0.34978068984437866,-9.467376778367754,27.066607886730097,30.73651279504731,0.531330452426031,2.1937035961825027,1.2592434120358749,1.5328622930632843,14.33788649255633,-7.821921385578889,14.922525068613268
2h,EMA50_200,TRAILW,ADX<20,56,38,0.3712786401785989,0.22369393843676433,1.4724459375146992,0.2725025579687101,2.3864101581105635,8.757386264185385,8.757386264185474,0.3172755489800886,1.80978924100879,2.490180756545666,2.022576750788739,10.356652967361523,2.9965977441852587,1.8878133640515493
2h,EMA50_200,TRAILW,ATRREG,239,131,0.5269021278770611,1.7005926827094626,15.373497883047849,-0.3652547396030798,-5.220327970804483,14.292293582493642,19.59109190237267,0.5172002837552381,2.5498971828566734,1.7923621906499025,2.0765042094596025,11.641804391732935,-4.023886306027158,17.74267432068204
2h,EMA50_200,TRAILW,NOWKND,288,177,0.3681569752087148,1.0458662016622942,11.228606439360966,-0.16343882129976256,-3.057802989125591,18.709159579150935,19.061959175039945,0.5692033753092359,2.075731654043856,1.593895631530152,1.6698081727575622,13.855210233496596,-1.1387706875745085,13.779503776885505
2h,EMA50_200,TRAILW,VOL,97,58,0.2277411499545655,0.3143851030817308,1.9449759566882108,-0.5377615499761076,-6.832008877042373,12.70453210599738,12.739645376989216,0.3277591134954477,1.9182639775936705,1.699085490465682,1.6222801695071902,11.784831648712613,-6.452509894260061,2.6823743284555945
2h,EMA50_200,TRAILW,BTC,304,191,0.34131010557453073,0.861185999933502,10.281168039453048,-0.34322590149809346,-7.346406019120466,21.403996572098084,25.089564306013447,0.5635835279385071,1.8485493293245105,1.4159616865062548,1.594922385348804,13.685387597285992,-5.506636023003653,12.841300111064125
2h,EMA50_200,TP2,none,386,230,0.19121560222463127,0.7550271911455765,6.15604567020982,-0.30555868698003025,-3.8929158496436633,12.740321304948154,12.740321304948154,0.28448822379949307,2.1203570443644466,1.5429459906728737,1.5058136604104067,14.193580628772395,0.7034429298862666,10.462147204786332
2h,EMA50_200,TP2,DAILY,190,121,0.19392294800994528,0.5690731216458043,3.110106826125869,0.0953554801090017,0.7212652836318334,7.5639625830350665,7.563962583034945,0.19101988175107165,2.045708132106857,2.23300826260492,1.9124297951131513,11.126555488414635,3.244941323827044,4.751834713141445
2h,EMA50_200,TP2,ADX>=20,328,191,0.20770317729061374,0.739938448796802,6.3391209197980025,-0.28631456948625933,-3.3464175294598886,11.687905143857824,11.68790514385778,0.2738800946137765,2.2522251514298754,1.6544442748614347,1.6030503106481244,13.454074990362109,0.07061703164004118,10.121760964876469
2h,EMA50_200,TP2,ADX<20,58,39,0.09797552254114417,-0.025699308752980772,-0.1669957732470584,-0.11309653896676089,-0.5461736854233568,4.829269670081393,6.49806478657482,0.09043551811689672,1.9302597695349848,2.404781109615031,1.9724513893749718,10.027853569536871,0.6541271667294568,0.3143220881907327
2h,EMA50_200,TP2,ATRREG,240,132,0.384193721204392,2.246794719875452,11.092431183868978,-0.035100416102346564,-0.2461012123438966,7.011347433213022,7.011347433213078,0.30248490667121114,3.076050548756074,2.0886812895383393,2.069887735391948,11.581250436326807,1.5010615759259105,14.079917028673862
2h,EMA50_200,TP2,NOWKND,294,179,0.26478351749032,1.4068060770375082,7.930532097573995,-0.25626009830368873,-2.637799103573657,10.293444516077777,10.293444516077788,0.282843537853222,2.309578445763509,1.7441472315351385,1.7142874084897608,13.011300022262551,1.2472587132007495,10.660452958583356
2h,EMA50_200,TP2,VOL,98,58,0.6325892884356406,3.147835828191029,8.040730562277254,-0.07135814689013868,-0.5213968128536695,7.306759432197696,7.306759432197674,0.20747883260796882,3.0344982298552337,2.08844601704806,1.9813007599653616,11.535326267220015,0.9205934995394571,9.770233126811734
2h,EMA50_200,TP2,BTC,307,192,0.2119300120334487,0.8245753382991805,5.610023041557333,-0.18850369172329745,-1.8855547106915949,10.002746861103285,10.00274686110344,0.2860139120673087,2.077575547579748,1.891766432969846,1.7636297227192885,12.25249344878241,2.330974187126089,9.24131714185441
2h,EMA50_200,TP1,none,387,230,0.16233501347792578,0.5624561243173554,4.699268420237779,-0.34755750490717613,-3.449413911757848,9.924728607656164,9.924728607656242,0.1873628635927854,1.78153879744477,1.729741305284579,1.6313097006027308,12.860311099594291,1.8847236916113896,8.88979205726843
2h,EMA50_200,TP1,DAILY,190,121,0.11497557958889267,0.22633508163365829,1.0241867854409836,0.323873366736279,1.8979446283237333,5.860144189840644,5.860144189840666,0.12743030848028042,1.839379647557093,2.4442586789902325,1.980143297527932,10.476845429453563,4.957695342228319,2.5128126532773187
2h,EMA50_200,TP1,ADX>=20,329,191,0.16456252251845266,0.6332055713215582,4.345002539356013,-0.27050526107539363,-2.1117254558609133,7.806596616515882,7.806596616515938,0.1774163692154693,1.8818900609704416,1.9728728154747133,1.8059266574774973,11.707449903464884,2.3134482595877914,7.972944715982244
2h,EMA50_200,TP1,ADX<20,58,39,0.14969966047217867,0.10335618877220867,0.3417451406591443,-0.2872239466112606,-1.3689356970169708,4.766091801077222,5.315314892702716,0.06141776138794914,1.939834621705247,2.261650949878003,1.8971701521057112,10.440117251283498,-0.42166148281731486,0.8513285584911712
2h,EMA50_200,TP1,ATRREG,240,132,0.284193721204392,1.5325771626354592,7.473315243546108,-0.19418940820554867,-1.4312385691928275,7.370322523862205,7.37032252386226,0.19374771117973108,2.4192350944812904,2.092553737374279,1.9975071633499162,11.239834713303942,1.4061670508005442,10.306499592715856
2h,EMA50_200,TP1,NOWKND,294,179,0.23417127259236079,1.1120744046255615,6.768826238493153,-0.31776366913274934,-3.6082585197343198,11.355163822164105,11.355163822164139,0.18003799752107383,2.026227043591505,1.6694429965556372,1.636519159688301,13.27011113876222,0.2486237943810865,10.056104990622128
2h,EMA50_200,TP1,VOL,98,58,0.2754464312927834,0.8813549441279686,2.7260054015209256,-0.33090083420009475,-2.379835510037498,7.19199005886585,7.191990058865805,0.1654923541698354,2.2337083834104203,1.9579311452452413,1.7470555145265227,11.724043560607456,-1.2680453752559218,3.928713153227026
2h,EMA50_200,TP1,BTC,307,192,0.15655541919957244,0.5085765494719375,3.3599230363444255,-0.23041732326762696,-1.7372435088555571,7.539552513756831,7.539552513756775,0.189582155355834,1.773513008231884,2.187264694310958,1.8941262312285798,11.006093286325457,3.201283075008532,6.485804427400499
2h,EMA50_200,TIME,none,378,228,0.10292507704730063,0.2384849813974955,2.2118657166886546,-0.14137407305893654,-1.75057899418386,12.38260280903184,12.382602809031917,0.3449094585831636,1.8073824299554033,1.8491460342423258,1.6195422727370894,12.552721347691342,1.1070146579253315,4.800455541288451
2h,EMA50_200,TIME,DAILY,188,121,0.09487469637419696,0.1440807424500453,0.8177914563768374,0.23943024181450664,1.7424444128327554,7.277461692506981,7.277461692507048,0.26165315302138287,1.9876509030125808,2.465799009150557,1.996379784831071,10.31051383024213,3.4254626456140524,2.104808351783327
2h,EMA50_200,TIME,ADX>=20,324,191,0.10312557891653758,0.2580829760541085,2.1009025417112026,-0.04119058783726434,-0.41371435823882585,10.043905172543965,10.043905172543987,0.34419397358955217,2.079362140398228,2.0032089847892887,1.714247687596026,12.004242567489632,2.0251105379295975,4.260536260820191
2h,EMA50_200,TIME,ADX<20,56,38,0.15312846616163572,0.11851144194620998,0.5259518482727987,-0.15088391783699878,-0.7098819025315284,4.704821512511492,6.44898791799463,0.07788094222985888,1.9452728438229783,2.4467506224272473,2.0384472357040697,9.819013328590021,-0.21820081462456953,0.9822614453795842
2h,EMA50_200,TIME,ATRREG,239,131,0.16754176624752576,0.9175815512405151,3.8667937912169936,-0.07080493849708401,-0.6508874712756962,9.192684650132165,9.192684650132144,0.36402990094524645,2.5455020627789082,2.144170786901437,1.8994789833661236,11.163676746282224,0.8615223666797345,5.589288774560863
2h,EMA50_200,TIME,NOWKND,288,177,0.13951485582869888,0.7486865509611683,3.2942792101748886,-0.14496240079378422,-1.7206118098769596,11.86936612842533,11.869366128425362,0.33847668432006295,2.140733621453735,1.9401238209548437,1.733176434209154,11.97687808399397,0.4292739626009734,5.375032222173637
2h,EMA50_200,TIME,VOL,97,58,0.3322662487972417,1.1888851917695564,3.7732288392082314,-0.11390803721436447,-0.7416693379723838,6.511123851398038,6.511123851398082,0.20934948287178823,2.672341390859227,2.155404668632865,1.9077675907056206,11.121885956944888,-0.0010434624337141152,4.617844120486447
2h,EMA50_200,TIME,BTC,304,191,0.09832793700236482,0.224026044891643,1.5136156948806434,0.12206505506200717,1.079037853153908,8.839858816315393,8.839858816315449,0.36339048704998983,1.8494932334940306,2.218302087421717,1.8354059675741303,11.255688102652506,3.6896882035799328,3.5155974857167704
2h,ST10_3,SIG,none,937,583,0.20998803665807944,0.7217521889936207,19.70913311730882,1.1531834758609696,20.976376305239718,18.18997301325247,27.3073409653116,0.7110314261632594,1.7862428261716103,2.028834517821969,1.7398386522023948,17.782347893807724,32.203486357553324,28.313297805034885
2h,ST10_3,SIG,DAILY,588,376,0.07445955266335735,-0.0075941865286627205,-0.2248391670078953,0.5637558728280063,11.074157362145542,19.643533479471365,29.60674802485893,0.5588243007229169,1.2053381230776894,1.6430050733484696,1.1701308707994729,18.618498202458866,16.663340981638907,2.876427419766281
2h,ST10_3,SIG,ADX>=20,670,389,0.20421639188813623,0.7463793409314105,12.65265077780169,-0.16604625643999882,-4.2983751671441865,25.886612919198292,25.88661291919835,0.5281139845771096,2.2733289142953557,1.3853812254878533,1.515872456066094,15.455784708391572,-0.0776498983133922,17.240318923567166
2h,ST10_3,SIG,ADX<20,467,304,0.24706751449347006,0.7026776962366195,11.789236243946721,1.3214759990923037,17.116855828981326,12.952831410285592,16.777587088770808,0.5884360902739958,1.7075475083520848,2.256108016756693,1.822541943965403,15.078919161634264,23.35878159561149,15.408711676519339
2h,ST10_3,SIG,ATRREG,646,384,0.22728066727296248,0.7941531320295436,16.63808676333065,0.42135878417183015,7.649919672919769,18.155358236936937,20.95072863442625,0.6067557414256326,2.1203279859688657,2.2574661021349076,2.157510941448755,12.663265325153695,12.040767669818674,20.829673912414904
2h,ST10_3,SIG,NOWKND,857,518,0.2598963004982706,1.1910998607122203,25.991082915973006,0.8629493078541092,15.346919663115033,17.78426556859768,21.821077957671488,0.675844609705186,2.283971166282441,2.031915220028631,1.974858690448955,16.2410216626916,23.31724180139303,31.70801533893217
2h,ST10_3,SIG,VOL,702,414,0.2890428562756901,1.2023200454507705,23.3416121146486,1.474846764287678,22.54288172388097,15.284897570201972,19.413809328860875,0.6868013456827873,2.320757169803622,2.613879026179771,2.29974629816137,14.141875087923495,29.973171335781345,28.65108755934529
2h,ST10_3,SIG,BTC,711,432,0.2896187903769826,0.8328179517439804,22.55781055847519,0.15873618996850852,3.538797091624213,22.293574592701702,27.086124297918314,0.648754888449281,1.8685904068929928,1.4159848361485448,1.5486404650268442,18.395724681530634,10.11752540852755,28.11831964686713
2h,ST10_3,TRAIL,none,1461,902,0.08811738857580349,0.02045311782412989,0.7019093139668753,0.28445797806042644,9.549353036037944,33.57034701979569,34.317961691825126,0.553861771552913,1.1354034556645258,1.3387012516567103,0.9840026978958123,22.546863589002207,23.780732856542784,11.170313516347274
2h,ST10_3,TRAIL,DAILY,589,376,0.1043114724069675,0.06609295843102915,1.9028170305667391,0.3311512122209541,6.798732247606387,20.530597493540405,28.79001145867015,0.430686282807379,1.3240523538087916,1.672713033451438,1.2980043293267216,16.904415385762107,12.045060011060006,5.809505107165758
2h,ST10_3,TRAIL,ADX>=20,926,533,0.08325255466186662,0.02498678693904184,0.7880385137830404,-0.3055168954808004,-9.51583646331362,31.146678314920308,37.653045934668725,0.4365893624027284,1.141058539274191,1.1778157216425142,1.143578382987748,15.793392239442195,-3.9797180317881486,6.580206911402553
2h,ST10_3,TRAIL,ADX<20,535,370,0.09653764316329054,0.020915878893073656,0.5452618400481057,1.4770202465235514,23.82266331419549,16.12886713656544,26.069276975430878,0.4829999834639306,1.4146698964938427,2.2485628031606546,1.4536113872706942,16.879156374928627,32.0654702775264,5.017054091506989
2h,ST10_3,TRAIL,ATRREG,834,511,0.1351224105846953,0.3208236504677581,7.810903103810052,-0.13932682254233994,-4.294624020868476,30.824100790523556,30.824100790523534,0.5028080055795173,1.7914486314161568,1.3238083142320953,1.3444133883684015,16.180766676547176,2.0548663734252237,13.409722558063564
2h,ST10_3,TRAIL,NOWKND,1251,758,0.11472420527740161,0.20481625329499392,6.62514825806737,0.7249465774220875,18.278486620972355,25.21356357867185,32.34678962965533,0.5461332482511817,1.418439075421201,1.7620779169871164,1.3084080782045924,19.93028413208906,31.720979418473092,16.53450526287923
2h,ST10_3,TRAIL,VOL,917,533,0.14901202584737555,0.28977562855511285,8.436650419191372,0.156095756605201,5.1077496225688135,32.721899260127785,32.72189926012794,0.5199910036451111,1.6044673659753674,1.7085742623700233,1.5046049301184348,15.99460568607527,13.10851866161733,16.23165196941134
2h,ST10_3,TRAIL,BTC,767,470,0.18810292927580127,0.42100916448122094,10.412528899168949,0.24038236599786472,6.113787085552724,25.433592269438897,25.433592269438865,0.5388585251843534,1.4773391138174672,1.6032382603642923,1.439819426410839,17.298515958208082,13.724691462517535,16.383139682387938
2h,ST10_3,TRAILW,none,1128,695,0.19111603479241765,0.4066231984117026,13.648695489297857,0.22186100423813274,6.453301799045796,29.087138684900193,33.56595379361181,0.682769983129622,1.3769053563050617,1.1831122893879424,1.11203178295621,23.51438120773901,17.291313212789873,23.577682447358008
2h,ST10_3,TRAILW,DAILY,570,363,0.15302854721540837,0.13458253870769804,4.748776705547675,0.5877757254965965,14.795884087023392,25.172669515269163,35.28523648867717,0.5416664607564653,1.3856290440634793,1.5321319727319893,1.1441909584417362,21.436440793684575,20.630292738325483,8.7022224189772
2h,ST10_3,TRAILW,ADX>=20,755,451,0.20905171755335078,0.4415568860210275,11.276234708758937,-0.3780109361668071,-10.510624087481945,27.805079382263852,33.43648539085261,0.5581549046376356,1.7184287787300998,0.9360396739208345,1.1667508140617389,18.43896806245704,-7.884987718578618,16.54901494595411
2h,ST10_3,TRAILW,ADX<20,503,347,0.1288808716531028,0.06212877004430796,1.7864736505559309,0.5757398801920562,11.873607321128056,20.623214978901995,28.754370145777607,0.5646345324369655,1.2597639244017842,1.63152504348516,1.198135200963706,18.968788491802037,17.61790751489658,6.276328558898392
2h,ST10_3,TRAILW,ATRREG,702,438,0.25603128546636716,0.6980746119735017,18.9703583115989,-0.12549482327060635,-3.652201332012983,29.102406273266645,31.07036656092713,0.5761365568922108,2.1209634367812544,1.4322438425493038,1.7021497020627392,15.154640864740365,-0.45820786826316073,24.707237699089113
2h,ST10_3,TRAILW,NOWKND,1005,606,0.22222474178529178,0.5211183962987448,18.377074963452333,0.3231058209422234,9.436532461419556,29.2057024348904,35.26468283210864,0.6483716901497779,1.6288201497960015,1.4104922938140614,1.3549764672264049,21.011915757872924,19.021248520656965,27.862137827013367
2h,ST10_3,TRAILW,VOL,815,471,0.3153857135932922,1.0672760189723314,26.167959347570214,0.30927620002060074,9.038599164114913,29.225007173241448,29.225007173241334,0.6498035970409054,1.9674733082377422,1.5735196815450412,1.6648090328111265,18.604506400509145,16.13192411583888,35.00043834506415
2h,ST10_3,TRAILW,BTC,725,440,0.26194397160571636,0.47111684399415277,16.008575148318283,0.2460676815001547,6.893893875075374,28.01625078533948,33.9800526183627,0.6181803391202648,1.4875361572819852,1.3090571730845588,1.2610809931752043,21.47261035472153,13.886214929128737,22.15062674048991
2h,ST10_3,TP2,none,1378,849,-0.034719764014788296,-0.3734768889363684,-21.336621884153285,-0.5405129966742341,-24.055624860536007,44.50517380442246,73.56960477727534,0.11752412698483551,0.2823874809902311,0.4953752109017095,0.34073687427735266,17.777996342003565,-14.78927365717796,-12.124145269542597
2h,ST10_3,TP2,DAILY,585,374,0.02002051729015853,-0.19248445725033467,-5.413242956047082,-0.4836833180630538,-11.82264946432513,24.44295476567151,38.58547481983008,0.0950087418214147,1.220061006315478,1.427928969797649,1.2913926216535467,11.893275216012423,-7.392655050809804,-0.9678660981324083
2h,ST10_3,TP2,ADX>=20,891,515,-0.07503758373362915,-0.35036632188651184,-18.20803621295777,-0.5766542259514684,-22.722973321295225,39.404850079443634,69.46824971988606,0.08560907077878886,0.4133871508906181,0.6238584684848596,0.4620945172759771,16.47106368161262,-17.73147885592109,-12.412865836783594
2h,ST10_3,TP2,ADX<20,525,362,0.02753810282181056,-0.20388284188531264,-4.9724793491807695,-0.0318117392157546,-0.6332528527911552,19.90626317210409,26.724116454874757,0.09908372300429999,1.394420127542353,2.0616022671202323,1.5315852338290616,11.713530980522624,5.213587800026942,-0.9413211446571923
2h,ST10_3,TP2,ATRREG,817,501,-0.05495297691507053,-0.34795439238914266,-14.425994039324241,-0.3609898192118883,-7.828870301772694,21.687232949850653,50.763808270383734,0.11938131989019486,0.7263862092858561,1.4197136019560663,0.9072263937074324,13.87259018090049,-1.9016729925527942,-8.954609476614618
2h,ST10_3,TP2,NOWKND,1192,725,-0.016584061248249876,-0.33478375229898166,-15.930879614988779,-0.4579122860324363,-16.659069336687903,36.380481251179745,62.31417253706638,0.11588268483979422,0.5593851949766379,0.7984252041877938,0.5796065506443122,17.43280324105132,-7.885582011538839,-7.228450718689949
2h,ST10_3,TP2,VOL,894,518,0.02017130950300792,-0.21418394860606516,-8.40986263099175,-0.4113454173856844,-9.380805897363075,22.805179056042512,48.37238512576734,0.1286178904783969,0.8746013257124631,1.510961898324815,1.0148626257927749,14.53209374708634,-1.7960672466683758,-0.5787057533878093
2h,ST10_3,TP2,BTC,750,466,-0.009971520100956246,-0.2850067332315898,-10.123184587154165,-0.4249355562428087,-13.112006620188243,30.856459120817902,53.43546331867506,0.15312059161231475,0.8726366229203318,1.258750288823564,0.9899790323229867,13.290716543540137,-7.386192938458313,-4.135575069912456
2h,ST10_3,TP1,none,1461,899,0.011659864361506652,-0.3233142249910932,-13.60017400073027,-0.5746952746822843,-20.25596700504049,35.24644780877802,61.08143563740129,0.04790158740255387,0.7882601478385515,0.6778885020024603,0.5751743421766243,17.64550975385263,-6.315857761008448,-2.9333325524136256
2h,ST10_3,TP1,DAILY,589,376,0.004683616478186875,-0.2778592198019875,-6.232741347053805,-0.49593577982259246,-9.69425468732885,19.54739924350025,36.820953358640615,0.03473252848771159,1.3537143093514337,1.6210694709532314,1.346196013238785,11.498689609559442,-3.2179218739557647,-1.5292569835932524
2h,ST10_3,TP1,ADX>=20,930,534,0.002698677342232573,-0.2795908246513414,-9.328212740177754,-0.5747368832690894,-14.550671145262129,25.317099996259618,49.45543018183779,0.035221946323914996,1.1116995962643543,1.1184567222225714,0.8872891896682783,14.844472993877867,-5.764936151194389,-2.0960254001056833
2h,ST10_3,TP1,ADX<20,535,368,0.030983812083428135,-0.24621161922401266,-4.382369004030561,-0.38928469615295647,-6.832803041032931,17.552200506613826,27.021908713432918,0.041050493351624966,1.613012007142123,1.9018230765198987,1.5847189495137182,10.615789943624831,-0.7213152603042783,-0.4507218984133532
2h,ST10_3,TP1,ATRREG,836,512,0.003922761919537245,-0.2808981081242332,-8.083889602628403,-0.33640732518786975,-5.077685386890107,15.093860943885296,37.719531394176165,0.05985677088612258,1.3454511881876035,1.7001609836060725,1.2535865077736172,12.577258389419155,2.984413933633423,-2.099449091363448
2h,ST10_3,TP1,NOWKND,1252,754,0.03342796065439182,-0.25328680207723386,-7.870174494805249,-0.5385711397476766,-15.285098915291206,28.380835487123125,48.25512170954481,0.047544772512775085,1.1209154507201613,0.9945389464579607,0.9213113580106133,14.803356216184948,-2.6502604928688944,1.6603866659857136
2h,ST10_3,TP1,VOL,917,533,0.033080089110798815,-0.223319645701185,-6.521206652207323,-0.41183108966175896,-7.958670414997027,19.325084032712446,41.50089723298736,0.06852773709578218,1.1443114094078437,1.6999372715493977,1.3078166940070737,12.054649403636674,2.549308563752839,1.1637371715290223
2h,ST10_3,TP1,BTC,766,471,-0.0029566327850310417,-0.29926193831642395,-9.075132746378856,-0.5243235172018577,-12.549873015039136,23.935361667570596,46.58763915148526,0.08456928982354182,1.0714861310989694,1.3289940512425764,1.0390677155551338,13.171846087206063,-5.566984775686679,-2.2865925116483776
2h,ST10_3,TIME,none,1458,898,0.0078090639903526686,-0.25086742540190615,-11.865930403711422,-0.5244736950879679,-21.624962914515176,41.231739774648005,65.42838812245135,0.1716090892706688,0.7137674529759636,0.614791725185992,0.6269696246919677,16.722952829586248,-12.553147316038071,-3.2715721507285966
2h,ST10_3,TIME,DAILY,589,376,-0.03180269398880426,-0.23214901686742526,-8.091201431933126,-0.49577908035512597,-13.00404037408267,26.2295060226581,48.39066634618303,0.12736762269116833,1.1789223566902132,1.3734051739509903,1.1884576481621005,11.734229922288119,-9.149028425741568,-4.789580808913674
2h,ST10_3,TIME,ADX>=20,927,531,-0.007327484888054101,-0.23386380796998865,-9.050988596523846,-0.5848290230470524,-19.243929391022707,32.90522295004917,57.98235358348016,0.11353719002675651,0.9836476802982167,0.8135862542081521,0.8273037363277437,14.670976305961947,-14.556825075944435,-3.6577590397584236
2h,ST10_3,TIME,ADX<20,535,369,0.03752667847609981,-0.14398233972765123,-2.626096886931295,-0.1678305451185474,-2.919529758187822,17.395699669125232,21.54599706485255,0.16811871770932904,1.8075903194055436,1.99979396214734,1.6238796778624933,11.278907097847245,2.40812742665264,0.9287299858265596
2h,ST10_3,TIME,ATRREG,833,512,-0.016829547681474648,-0.26235234041593253,-8.770616818465504,-0.2837276997209214,-7.049245411502736,24.845108244406433,45.57613378711396,0.18328289986127957,0.9856571926044987,1.569744276297568,1.1772307585811115,12.730879488785817,-1.2594932428605987,-4.40170830542479
2h,ST10_3,TIME,NOWKND,1249,754,0.02251097258811104,-0.1898504506901901,-7.655393460992155,-0.4396202111801105,-15.544128016020032,35.35808322891613,55.47809085647679,0.16528283771571214,1.1667867233081037,0.8362205537155634,0.788932643446676,17.266809608185085,-7.233903419235588,0.030921688246454693
2h,ST10_3,TIME,VOL,915,529,0.04716633274379509,-0.09537269092793534,-2.8559075667115685,-0.5003977544778898,-15.504955416236864,30.985261779231177,45.21539426120162,0.17573656737878113,1.2585210334181638,1.114868942533012,1.1967979300813831,12.895281309611562,-9.953840189657704,3.554043378679461
2h,ST10_3,TIME,BTC,767,471,0.028442288674526573,-0.16582514696157344,-4.801854486880974,-0.5055882416197113,-15.695604926985752,31.0442443770113,47.67466915539402,0.2083653397303628,1.3629233333565007,1.0899884706958312,1.1184425623050365,13.047926296120316,-10.67274814139666,0.15351073907936552
2h,ST10_2,SIG,none,1586,927,0.053358462569568485,-0.07210571413047395,-2.380147866562765,0.17018669589142715,3.0802728058192175,18.099374864086425,33.00914352302138,0.5843655875975822,0.8829807899931631,1.5495803039519502,1.0692156554650092,18.11495174398079,11.302625352329487,6.862353692680512
2h,ST10_2,SIG,DAILY,1209,717,0.09292656731587669,0.1320904480563397,4.014851576013512,0.2591089357809594,5.165124982009983,19.93418315135368,30.394715402139315,0.5142112861845146,1.2548165572794887,1.4574323076199978,1.1967535433242236,18.686813564996008,14.030323122373956,10.981339132343294
2h,ST10_2,SIG,ADX>=20,1183,644,0.05370757400672883,-0.05617659623402485,-1.9132769980577224,-0.264812936453918,-5.472370183544584,20.66504097883024,34.05825782123295,0.4211172309799939,1.0489999777833054,1.4110404103130756,1.1478132813381607,15.616471166600409,-1.2562868233065516,6.513217507655278
2h,ST10_2,SIG,ADX<20,736,498,0.07594330935848903,0.04472311298834123,0.9601781176482138,0.5246777272325784,7.928779660984997,15.111713818700634,21.46939364213132,0.4394545157367625,1.6862576215356933,1.8095685947591498,1.362591917186487,15.96797962322677,15.427391974289684,5.18734678167696
2h,ST10_2,SIG,ATRREG,1011,611,0.0791138982855051,0.10118074883373772,2.6208806609101076,0.2930954069777964,6.032108764744781,20.580700417464225,25.9029577377095,0.502643723574914,1.2806846523608906,1.6420492411971404,1.295595056342524,16.951763757098604,12.716139156456553,7.742855425959738
2h,ST10_2,SIG,NOWKND,1423,819,0.1332495325285321,0.7137402189973707,15.527638457125526,-0.1391633135065857,-2.4429225720184022,17.554357613817483,21.75530822536249,0.5269592904982415,1.9446822128839778,1.4318795116138598,1.5754203378150506,15.827001593134982,5.9609260096733285,26.298045458697715
2h,ST10_2,SIG,VOL,1116,652,0.09907698002287,0.21108457850352297,5.200961535345394,0.3962034455680392,6.8997937916901675,17.41477483063756,24.639230265978863,0.5518219610819222,1.411373556362113,1.7914258345527299,1.4687352352929566,15.710511375875369,15.437981321165385,12.38227790843187
2h,ST10_2,SIG,BTC,1291,746,0.1387398739314719,0.5453337904609037,13.167063615424969,-0.25398037592718287,-5.337886757376853,21.016925964812515,24.144961940275998,0.5576160116402445,1.5809987341959237,1.2416267560789354,1.4024662963487746,16.700428163269766,3.2867924241105184,22.469652275889995
2h,ST10_2,TRAIL,none,2051,1167,0.09325579566375748,0.008771612638666684,0.34630395662837987,0.39807015204617624,9.633491535221793,24.200486988796655,39.48007862337835,0.6034968204305348,0.8618326315772614,1.568931088678448,1.064427307765634,20.81255122705241,35.22592670499092,13.36819823108588
2h,ST10_2,TRAIL,DAILY,1151,684,0.12146330707251977,0.10917433387841241,4.431511646083086,0.03199665096269563,0.8764643171163877,27.39237672524675,40.59114893266458,0.5313540985448427,0.9744342770430922,1.1090298011269106,0.9744500407478726,22.260820202035603,14.684555968306356,12.489168129414763
2h,ST10_2,TRAIL,ADX>=20,1429,770,0.08155972071229507,-0.021228931280584916,-0.8115503172054894,-0.22637852783251985,-5.764488711852156,25.46393762272745,38.22850554647087,0.5037755536467952,0.752531567238038,1.2912567644020365,0.8067110454599705,22.696935209634017,3.797397330226393,8.137165202636565
2h,ST10_2,TRAIL,ADX<20,870,576,0.14793349617787435,0.3249067052756537,7.345451483801302,0.9935543409787826,20.40211444048392,20.534472649362222,22.60787901428306,0.5119401831956085,1.6270834476415985,1.926929443865154,1.4237758413289803,18.69782178113717,38.518040213012505,14.027879024846236
2h,ST10_2,TRAIL,ATRREG,1169,713,0.05888037573477405,-0.09059742815366652,-2.9153295643391974,0.26068304733663866,7.6310556409926456,29.273309940780756,32.17894396951723,0.5389126391792709,1.0007741867231834,1.4675760155991013,1.0238590024076988,19.682623287296984,20.437456876250117,3.08865254460029
2h,ST10_2,TRAIL,NOWKND,1758,992,0.12753363666356668,0.3780374767166476,11.757480777273654,0.8079653803233763,20.681035571965765,25.59643776282653,31.101362963773827,0.5875196895565594,1.4633668040677508,1.9355747586094505,1.5070106352401558,18.961260630573097,41.48615278671566,24.37741194949996
2h,ST10_2,TRAIL,VOL,1347,772,0.10848477115531951,0.07462996725942694,2.0103265508993218,-0.2116200605159944,-7.065389966638436,33.38714651820274,33.387146518202904,0.5691991618439507,1.1799839897648146,1.085889328837814,1.050946420781052,18.092578554733517,6.450468289349409,10.451511852559081
2h,ST10_2,TRAIL,BTC,1280,746,0.16321427744318728,0.3650972943184371,12.527005796142765,0.02364966578949361,0.6020672936021931,25.45775060676173,34.31141778119214,0.5999043974845422,1.2477831622307438,1.21255488926895,1.2167773739457612,20.22510105824965,13.557324993601071,23.079662383321065
2h,ST10_2,TRAILW,none,1416,828,0.0780754177179934,-0.14280477162247146,-8.081134107360267,0.16317826273660316,5.773387391765272,35.38086075278593,56.58868408630007,0.6859570317828972,0.45111919905994496,1.1166542884442308,0.6295412916977883,28.200920099311876,17.59812123904294,-0.14637288433063667
2h,ST10_2,TRAILW,DAILY,972,602,0.16187046191600107,0.15428928437431771,7.314715638546687,-0.12059516621460512,-4.233357610436039,35.10387475151838,47.40909693249093,0.5712967133017911,1.0030432858057232,0.8075132118892545,0.8142388252022055,26.674080335098658,4.922697461715275,13.94918654498072
2h,ST10_2,TRAILW,ADX>=20,1077,585,0.14203298940850748,0.14724888600448857,5.405266073089932,-0.23431624742865953,-7.096259693123985,30.284966454511565,36.708366492668496,0.5859177446209124,1.0356920990448097,0.9436010607033027,0.9753461072094183,20.786714966577858,-0.8378552965941144,11.11946575830649
2h,ST10_2,TRAILW,ADX<20,722,492,0.14607058268101214,0.09649836752576484,2.9105675793914543,-0.15722995798262052,-3.7499670509005267,23.850207040792004,30.161832308866153,0.5422601341727351,1.2572463432391745,1.0522544146601145,0.9760035690609407,20.51662721166705,2.6559040276426416,8.238430630303606
2h,ST10_2,TRAILW,ATRREG,917,545,0.09394180578866633,0.0022432830891169577,0.08958587385801131,0.42538653383619474,11.373647181447843,26.73720552194898,39.93516212582682,0.6014336222440243,0.9993700217865679,1.4568014954953206,1.0365197326120912,21.220567600328632,21.68416179844308,4.509191873056828
2h,ST10_2,TRAILW,NOWKND,1256,740,0.15215283649229527,0.2000294080225172,9.244632763080052,0.14070770782821396,4.214913361277395,29.95509930716278,46.21636815542337,0.6572325674674274,0.9704239886204502,1.1825994949003573,1.026211446332544,23.552081806143267,13.467919941553074,17.995635212700268
2h,ST10_2,TRAILW,VOL,1017,596,0.12349048828909857,0.0027650340750738785,0.10914155254877489,0.044931206775232664,1.5536829657181395,34.579150599947226,39.47204612509477,0.6563033302716766,0.7646711594049764,1.13377204455605,0.8781255952803643,22.788743415785117,13.726906444282939,6.142839460986216
2h,ST10_2,TRAILW,BTC,1058,631,0.22939161585861725,0.41519391366628483,17.585283248889038,-0.32366472246306066,-13.683996003921905,42.278305463097354,42.35438591477846,0.5998404777117425,1.2674255689650742,0.7066337821282352,1.0540066133436956,22.089886855780637,-6.718677861939049,26.74973592365255
2h,ST10_2,TP2,none,2249,1276,0.018070585937154004,-0.3670311119554629,-20.69582119299218,-0.48001207376949656,-18.519526043540434,38.58137546022139,68.37148645509501,0.05360586664902256,0.2354911670849042,0.8507792003297272,0.3541639568742682,22.553117182542117,-1.4450664812840963,-4.702934811562409
2h,ST10_2,TP2,DAILY,1163,701,-0.0022136507974598184,-0.30328563654328283,-14.484163759749213,-0.4987577068661995,-18.794742277892553,37.68311149713135,62.46036560025276,0.1062389879699901,0.5095640720986647,0.7634526304754862,0.5763046418647393,17.735976560945243,-10.074884980869037,-5.1834241088193895
2h,ST10_2,TP2,ADX>=20,1605,860,-0.03018405949366369,-0.3941925064993667,-22.98194277890776,-0.4603938492112411,-17.368235555582025,37.72473412782934,71.53012518740815,0.010106678712551687,0.18420759312585125,1.0049140257991571,0.3583482375734867,19.7385928562587,-5.4369031147542435,-12.908595924370413
2h,ST10_2,TP2,ADX<20,869,567,0.06380346154866333,-0.14981302621823825,-4.098051444350803,-0.3893034504456967,-7.497036052522599,19.257563846247873,27.52106404286655,0.08492990560334714,1.4265444639078835,1.5243649715555578,1.2956849312398706,13.050526514733097,1.2103221328650937,3.456640897423968
2h,ST10_2,TP2,ATRREG,1312,782,-0.010445507301688957,-0.367489982822586,-15.849794943704154,-0.5104812484277264,-12.066104431514225,23.63672410823634,54.40667573219289,0.056443162439637755,0.4504619180455496,1.4314385545282684,0.6216920753814992,18.124102660296117,-0.6637883985718518,-7.308690685236008
2h,ST10_2,TP2,NOWKND,1920,1088,0.06573812988040437,-0.15634889407022662,-6.439361245997144,-0.43134165097977223,-15.10898337387091,35.02787950004728,49.069963032534126,0.05934467394978065,0.8567150388138938,0.9819507319162246,0.8792183329996459,16.667796949145053,-1.087723565380061,10.08564140548167
2h,ST10_2,TP2,VOL,1386,771,0.057905378334151957,-0.26433477847983244,-6.79809892141331,-0.4625528501613119,-14.767131372559339,31.925284575393732,43.85668966210581,0.11554173190529554,0.9004248944115939,1.3123111149016062,0.9306958528754343,15.359369069586492,-3.457744290511977,4.797650016691191
2h,ST10_2,TP2,BTC,1301,771,0.03839310640425512,-0.21562333274592557,-9.812905802082295,-0.5942708048634786,-21.9258548083352,36.89539285607714,58.38596670012202,0.18589013223808656,0.716905165526329,0.7088769945498681,0.6440583336764026,17.58399617568511,-13.748810242467414,1.4768780132903503
2h,ST10_2,TP1,none,2679,1564,-0.01457301244740287,-0.44229202140509033,-30.854396200044377,-0.6213556034681159,-30.974818504917756,49.850388943192634,84.29589122386551,-0.035244814466374355,-0.0779566425634069,0.2526255190922395,0.009095519073645177,22.852268528299934,-12.10881576199585,-14.828015320908339
2h,ST10_2,TP1,DAILY,1211,715,-0.017413741829456354,-0.34890984820378085,-16.122006950711743,-0.5814068502716023,-20.820228392089913,35.810084422575706,63.68034324446761,0.05571379056611891,0.46893073933703255,0.8552723828021919,0.5318995349986982,16.75508596047317,-11.471214534987428,-7.258519286383269
2h,ST10_2,TP1,ADX>=20,1782,962,-0.052619159091866236,-0.4257811031417504,-27.788343611981414,-0.5444205792737682,-17.50427199899496,32.15211302692643,75.33983031353479,-0.06360955423838582,0.014233425605160182,1.2088940190137405,0.2864203295365286,16.425068690817934,-5.351098891131512,-17.799616749704473
2h,ST10_2,TP1,ADX<20,944,632,0.0680050119894611,-0.1554229496817458,-3.3835707466402742,-0.5925693481713488,-17.128431577786895,28.905362099212052,40.34040980982662,0.029227294255479697,1.5784780791217476,1.0391785855666258,1.1523541228999619,12.923871419972322,-7.610242042570992,4.791236579495206
2h,ST10_2,TP1,ATRREG,1438,887,-0.03588091118173296,-0.3858411532406906,-20.360238187765056,-0.5808022655160072,-17.454487203993974,30.052374517662617,65.87493927614281,-0.025530533231274334,0.34747772285729817,1.3612896640000212,0.5385072357315036,14.918016824926095,-5.707589967819027,-12.242600106146718
2h,ST10_2,TP1,NOWKND,2233,1291,0.004600180439215297,-0.3682841743678725,-21.385537754803575,-0.5807880037020858,-21.124718711392475,36.37251213306458,72.55813241243516,-0.024253057814235788,0.2510671733364465,0.9027340741082897,0.3700212712198011,18.50675024191264,-2.7583268246678783,-7.105669822143035
2h,ST10_2,TP1,VOL,1498,853,0.033089346374885385,-0.31573569251528083,-10.60043371930588,-0.554756036128168,-18.528756401118663,33.39982838300811,53.7882588413793,0.03633979434923486,0.8927248070092596,1.1101666340211345,0.9251621879089421,12.760355003660017,-6.4163286360437555,0.6278823136440792
2h,ST10_2,TP1,BTC,1374,798,0.01577396098593028,-0.33606653644546547,-12.793959232368712,-0.6290115303634156,-24.808958505813482,39.44118240802349,62.58498202992242,0.11774037860652213,0.7733257873049482,0.6467460256830542,0.7212598013081221,12.858460245575355,-15.83855245035256,-1.6530299655368563
2h,ST10_2,TIME,none,2577,1506,-0.0026755449346417283,-0.36206787768394094,-22.887105489634184,-0.5459115035674634,-23.518305567312282,43.08080231616863,78.11825565818748,0.15216431030942795,0.18390825830349547,0.5237130492881924,0.2805789628560285,20.042679741905832,-7.389865521799854,-10.77242070356319
2h,ST10_2,TIME,DAILY,1212,718,-0.0007453044294363242,-0.2897464848278679,-11.351697792861792,-0.510736299836141,-18.506359742770805,36.23466698706981,59.52472653089682,0.16917758956422807,0.7392021620848448,0.8318887126453092,0.7597052224584919,15.023559003091847,-9.97989466620568,-4.803876049269884
2h,ST10_2,TIME,ADX>=20,1700,930,-0.019384298550133402,-0.33768246531599544,-18.434851726844524,-0.4175152524782672,-13.965296789635119,33.44859069636515,69.18958596125806,0.11537306639205097,0.36843604712423644,0.9827731194009688,0.5506645028302933,17.464345100203825,-3.9141246719108236,-10.353421321615796
2h,ST10_2,TIME,ADX<20,928,623,0.03464454007907607,-0.24493463043843672,-4.693022696175852,-0.4985281544231333,-11.934740938279775,23.939953706506177,35.66342072258689,0.12416906215058537,1.3398134552772754,1.1309256579763425,1.0477967705876343,14.880369743859456,-2.793690719034969,0.9603241127444262
2h,ST10_2,TIME,ATRREG,1353,845,-0.0275101781018573,-0.35105244608917546,-15.407828277437297,-0.4078543836886117,-7.778010706632643,19.070558066064557,53.963148714478656,0.16570695358686477,0.593780897888907,1.6284227001163756,0.8759150021279247,13.874939279080412,2.231244974525648,-9.681325802276364
2h,ST10_2,TIME,NOWKND,2133,1240,0.03665152480401497,-0.21245779560908779,-8.283245006518158,-0.42752110112601976,-15.29348412283521,35.772466160277716,59.04129538387875,0.14811766659899545,0.9688121547863097,0.9747894419409696,0.8926025611691959,15.308522367529298,-0.8274895930205473,3.7964601136404763
2h,ST10_2,TIME,VOL,1455,838,0.016899864064773024,-0.27546499829519216,-10.829116056800869,-0.5560183958924431,-18.754743234328476,33.73043656986561,58.06086639164294,0.17612131834904163,0.7738984263223032,1.0416475305355393,0.7996164709972782,14.497151297821699,-8.967138692192488,-2.714225922772473
2h,ST10_2,TIME,BTC,1368,792,0.05334243297192721,-0.12410860301413301,-3.30841772736713,-0.49796539546053226,-16.04638749250926,32.223900774609284,45.23492062222216,0.2776716458518566,1.205057160196646,1.0887783581499626,1.1610921720724334,13.039752308129204,-6.947831965610773,5.4316117776828765
2h,MACD200,SIG,none,2423,1334,0.07107240029415494,0.17704412142716355,3.859366267569442,0.1968499531508766,4.2143937101915,21.40916796135256,22.136695944748364,0.48653655567057486,1.2810375122106608,1.7768369842023681,1.437548707789202,15.419099560032535,21.230038007657814,19.363269095419543
2h,MACD200,SIG,DAILY,2021,1118,0.058672752656687394,-0.019179675955839557,-0.5837160579461043,-0.10881533752899589,-2.5394724627553877,23.33744966860667,31.169241511833924,0.4382665489787446,0.9393998266568877,1.291358848621121,1.042460930656079,18.284938541794528,10.41798766445432,11.47249912846644
2h,MACD200,SIG,ADX>=20,1470,746,0.038971009715808705,-0.1210232830424891,-3.349644977066568,-0.13375107490229088,-1.8132724956667512,13.55706858424428,32.16170886050941,0.44413899552425984,1.0197875488187071,1.6205299236280795,1.190078259734176,15.179228882509078,6.454624505772455,4.254754202754518
2h,MACD200,SIG,ADX<20,976,604,0.1233177283153158,0.8916950906686976,8.424107315930108,0.20964607363456703,2.4169482204450254,11.528707304378116,11.528707304378116,0.29368897549366735,2.4101430712744465,2.375582311473546,2.16849032907083,10.884282591235516,9.818213173248736,15.736175633153149
2h,MACD200,SIG,ATRREG,950,605,0.11410196910805241,0.7156105408423629,8.631878781449153,0.4598627307153213,6.445237856955188,14.015569052376897,14.015569052376865,0.5104974221648835,1.9461277843527225,1.8549023241381346,1.6079032608129207,15.112831350000421,13.613175543964573,14.060702919929868
2h,MACD200,SIG,NOWKND,1834,1027,0.09201177413561418,0.5957723743782617,9.398295455520046,0.11395617974917092,1.9036224287141135,16.70486350897493,22.657481068642948,0.453072581597697,1.819214064880599,1.715083250647208,1.6098561120915764,14.745878429344161,13.779960175006423,21.365112105830985
2h,MACD200,SIG,VOL,1004,532,0.08892709853204588,0.3679253569431719,4.792997445646763,-0.1639551051434474,-3.8789489223952867,23.658604097759085,23.658604097758996,0.44323812098402415,2.0365474607250134,1.3059598590657093,1.2449149503247963,16.660304425045382,1.8291679736642363,11.367926400006102
2h,MACD200,SIG,BTC,2121,1182,0.09136957469975347,0.4699191792133121,9.261151278115797,0.27893943755862993,6.051591113381827,21.695000055737367,21.695000055737378,0.4811151965473465,1.4622508023845031,1.9664823143656323,1.5750994470677804,15.605105019198506,21.792797722568725,23.98563164187855
2h,MACD200,TRAIL,none,1661,942,0.1144052581773274,0.12084518000357164,4.728905428328378,0.45306474886435777,11.150043874685567,24.610265757011607,39.1319325122327,0.6384535843984462,0.9070963680108252,1.4573961740569052,1.0682685809383559,22.355704292740143,27.14809770101172,17.07222338971379
2h,MACD200,TRAIL,DAILY,1345,775,0.10575408436435074,0.05821121410413666,2.461815504711584,0.3092219262935226,8.087870555546983,26.155553238064165,42.29108673644105,0.5806440409739798,0.8701241175577836,1.3255147608595623,1.02255620522443,21.911725781125224,20.349888491171342,12.391224405173794
2h,MACD200,TRAIL,ADX>=20,1100,560,0.0971010432272677,0.05984852285881236,1.9455253371210235,0.2828166230687658,5.541147686850012,19.592722756974233,32.50749131621309,0.6099361799148914,0.8035251953172869,1.4737303109432924,0.9328194368897706,23.055192490619923,13.891596409386974,9.412418413824009
2h,MACD200,TRAIL,ADX<20,773,507,0.1988283702072694,0.5581414300083042,11.238171028096966,1.2557017921690024,20.24901585392296,16.12565656926106,20.134988058366787,0.5223703423320337,1.525920531465334,2.3733360916562907,1.787713097385457,15.668999042129261,30.144702722373328,18.20025133116918
2h,MACD200,TRAIL,ATRREG,786,476,0.16495197180165896,0.38584797075454674,8.909124191550566,0.6995356137027553,15.478374282305364,22.126642273973474,23.089726697611724,0.6618259978744864,1.2534341688190949,1.653625561723349,1.3022625222063722,19.959020857984775,23.346018398301084,14.376775615502236
2h,MACD200,TRAIL,NOWKND,1387,774,0.14207021519250987,0.33879144444994586,9.856753859591372,0.1479840916639089,3.359116431043496,22.69917254803635,29.093868871436747,0.6137422851004634,1.1270761008591363,1.2865398140215067,1.1757857242304885,20.54529185335985,13.841257689265207,20.424996975078425
2h,MACD200,TRAIL,VOL,830,446,0.16727867691835815,0.600908150994711,9.042481494230348,0.3225346431785954,7.3551796046380735,22.804308808977545,22.804308808977513,0.6311710029971854,1.8455669031654283,1.475218521805412,1.2762488370082046,19.191510500348684,14.26452166929817,15.718818315084548
2h,MACD200,TRAIL,BTC,1450,825,0.13459627432569896,0.21011500126777458,7.029663138268649,0.5891531578106627,12.197411661915103,20.703295060390747,33.45626488281963,0.6263434740329237,0.9708635111701743,1.8637387271725652,1.123663108028286,22.237504483715785,27.097251199870122,18.274257236074032
2h,MACD200,TRAILW,none,1276,767,0.16742528250606348,0.2784986329364921,11.056437233981931,0.08730592917059209,2.8863965881613662,33.06071667276422,39.700149036290625,0.665878632307795,1.1366195572701334,1.0116438397543974,0.9599376598900362,25.69150897803719,14.449735813389353,21.34764428112279
2h,MACD200,TRAILW,DAILY,1039,643,0.18034372410863186,0.21136881478782138,9.736589755405634,0.04025441629411971,1.3116471495216775,32.58393165952528,46.064457357058686,0.6071603636440849,1.0278055226884077,0.9855472619056138,0.9385003133026057,25.39981563034016,10.437289892692103,17.975943960075202
2h,MACD200,TRAILW,ADX>=20,935,503,0.18693380156512862,0.3022014456450762,10.99608250654125,0.3120428248844349,7.885529523773505,25.27066445669408,36.38659796305448,0.6522253388692624,1.132050244584305,1.325335669413746,1.1785076739209066,21.58643451277432,16.275961558499617,18.221556611999155
2h,MACD200,TRAILW,ADX<20,654,443,0.1943020186415609,0.392168588557836,7.418285894383891,-0.05840145917377606,-1.2390942689274875,21.216837497852737,22.64196208078374,0.5353608409035365,1.452678719886002,1.2275183138226395,1.176208838159359,18.940060910809642,4.5651017986516385,12.711625370270042
2h,MACD200,TRAILW,ATRREG,689,426,0.24904135957503418,0.6130765600402002,14.772251079603738,0.5697124326480543,15.612333349943297,27.40388388116497,27.403883881165005,0.6888636296806111,1.483390943328432,1.4555914160305203,1.240735793186431,22.719276301014478,22.821814095405802,19.990930017930797
2h,MACD200,TRAILW,NOWKND,1117,654,0.21355503186755218,0.5949513709731317,18.09830146710858,0.06502929604261536,1.937276978047553,29.790834223055494,30.419799583798103,0.6546076213095774,1.4215960628599789,1.0523120993684612,1.1206461788750548,23.96124629552675,10.218509538532006,27.228046662496762
2h,MACD200,TRAILW,VOL,731,396,0.2463644981065861,0.6932211200443775,15.214355257017175,-0.1552841595542562,-4.234423689651223,27.26887083528773,27.26887083528764,0.6539560815308937,1.9901421129342594,1.0246091331003995,1.1713274824856346,20.687802980319915,0.21236301611826658,21.741568166157
2h,MACD200,TRAILW,BTC,1114,671,0.2209538284267875,0.5492717497776964,16.891326781478643,0.2701303343230696,7.498972932707959,27.760573248835364,30.75222198905182,0.65230913942344,1.2357456601294532,1.432363703318534,1.2620905967228804,22.03106502368194,18.746575591314674,26.583239390481882
2h,MACD200,TP2,none,1941,1135,0.09362598024192348,0.014098265912645123,0.497269766301045,-0.5402669868750013,-20.357869385362847,37.681127812595626,47.05516511079813,0.3144926909672978,1.0440143569139637,0.5720015522447186,0.6938042087401598,22.565370757368864,-5.107045363174856,18.57915324745305
2h,MACD200,TP2,DAILY,1558,919,0.08063929911840119,-0.07244907277537774,-2.771295408171648,-0.5109514579393782,-22.003506728223943,43.06379086765332,55.53217342778394,0.2633117572298485,0.9750968036710218,0.5582182567961883,0.6911704944020453,20.254816723859925,-10.462824478748367,10.633945921103916
2h,MACD200,TP2,ADX>=20,1294,664,0.10170426625518247,0.10416422262773212,2.8843936533158754,-0.38973889152921337,-9.709241582900052,24.912170157830616,27.69082877548351,0.3142020117719055,1.1852850971987448,1.1788655756457203,1.1615520257848253,16.29988239821586,1.3979135526096753,14.611355932594684
2h,MACD200,TP2,ADX<20,791,549,0.1336640610805899,0.29369366914820805,3.761993553591614,-0.5417951099919043,-13.789273708161288,25.451085574337007,29.937267489308773,0.1625944406770847,1.6099599809712655,1.0424551076947215,1.1276122404222393,16.301743618554266,-6.48684598592385,11.63587996009321
2h,MACD200,TP2,ATRREG,895,561,0.1350886185977152,0.2968263792243639,6.790258302078023,-0.2657878188596647,-4.66239004832415,17.54177474471048,22.876195572043244,0.3454622665965317,1.5795797354134524,1.3882264592238327,1.3875524247309459,15.45555887108515,4.1381967484606985,14.599554765249811
2h,MACD200,TP2,NOWKND,1577,900,0.13230284228321634,0.4880289063760497,8.849085756139473,-0.4559034172442844,-13.930939699699184,30.556778415711328,34.33282876709015,0.28491620483670577,1.7143402408149087,0.734631366904955,0.9126037892209797,22.218194851871864,-1.2424418195231546,24.604929215748527
2h,MACD200,TP2,VOL,934,507,0.1282363367216323,0.22936957866943625,3.8429842404077874,-0.1910503904972249,-4.370517309328347,22.876254259170604,22.876254259170558,0.31262236121272063,1.594803850946703,1.5554419655972467,1.4673671696098038,13.933428816775983,4.439899555260363,12.556865198818157
2h,MACD200,TP2,BTC,1664,986,0.11719858284282607,0.19799456022518488,5.149742427147275,-0.4136129450587117,-12.736265248556133,30.79271430140621,38.36139832758231,0.32026327727942355,1.2804352342008096,0.9889244651878564,0.9663130532246026,19.924554652964723,2.736397949129654,20.79125183456032
2h,MACD200,TP1,none,2243,1273,0.07491294647752846,-0.11428066947463944,-3.5350984787384854,-0.5508553066661394,-17.746671114558076,32.21657466089171,49.264237154432465,0.21438831104769823,1.1431389118102149,1.0283626137170174,1.0681426928837559,13.748256908898515,-0.8235348840164414,15.70162487597553
2h,MACD200,TP1,DAILY,1796,1020,0.07475760385126266,-0.09952428943966225,-2.9564071719599627,-0.5159975088168404,-16.506896437651285,31.990263820267028,49.52100033561025,0.18402513747654595,1.180596249656458,1.123845646074594,1.125465998062725,13.506685689296704,-3.8567480659776665,12.11089438889803
2h,MACD200,TP1,ADX>=20,1411,713,0.07281317289073244,-0.058413860501794986,-1.495585704489777,-0.195476048128208,-2.1951773399410124,11.229904435663896,25.603267643024886,0.2078716935977344,1.5126267199159498,2.3792060562972748,1.7111760097607458,11.059255378643162,9.170367279039105,9.583055718994938
2h,MACD200,TP1,ADX<20,880,588,0.09306902535268045,-0.0363325032608827,-0.5278020732732425,-0.543745764376044,-16.343305234329662,30.056887437245305,38.117843829606755,0.11589671029343847,1.4611264065681395,1.0903224476858628,1.1593323972984029,13.902204568499222,-9.285174221704795,7.468525405521298
2h,MACD200,TP1,ATRREG,953,604,0.05611155693523387,-0.1606890837130837,-2.918779044749442,-0.3895085977171909,-7.420755226588927,19.051582609678075,21.259464027325947,0.23773210040410683,1.3099690047320995,1.4563123150105666,1.2689044390652906,13.543103861910467,1.2366616277572184,4.096373820866339
2h,MACD200,TP1,NOWKND,1760,993,0.0679716870239729,-0.16674403599815008,-4.559728385791817,-0.4908245011291055,-11.089857103929612,22.594342944205547,38.80413737038763,0.19332581595676862,1.1380724223414378,1.3727203300636963,1.177000539628065,13.457758397142205,2.266755293631695,9.59124871059085
2h,MACD200,TP1,VOL,993,532,0.11016361662569592,0.22619512830162872,2.5404451658845417,-0.2927236471412959,-5.860296507908302,20.019894412833594,20.019894412833573,0.216554491181178,2.123260818041694,1.840241607985761,1.7438424897201144,11.265233253904562,1.576841129772677,10.965778821465499
2h,MACD200,TP1,BTC,1909,1097,0.09567526820859087,0.08732625793805826,2.020148134479438,-0.43932467489725063,-11.53120170807117,26.24756214926487,35.71377543612617,0.23133370097689224,1.6588228980020763,1.4549522502870207,1.413031149309587,12.918557010660603,4.271834551065656,19.239114007391976
2h,MACD200,TIME,none,2230,1241,0.08132074995405475,0.10694794886707161,2.78526278340967,-0.4900270567557408,-20.34119874530983,41.510358387106606,53.23375215584455,0.3687797740011081,1.1481542473891677,0.47827376145575806,0.6495171933969488,25.149766269887674,-5.610181130463965,19.28000069483997
2h,MACD200,TIME,DAILY,1811,1005,0.06947260784607495,-0.0305709497187113,-0.9579402667682424,-0.4986170193318325,-18.766869797541286,37.637844417524434,52.09075503117568,0.33259300057471625,0.8941108845601096,0.6332683426351143,0.7807766172129357,19.628615766375436,-6.8805456666427345,11.71748509159678
2h,MACD200,TIME,ADX>=20,1363,688,0.06882906423643396,0.003061059629423108,0.09116275714751154,-0.39829734029486397,-8.968164545359569,22.516255164346155,40.920609374432495,0.37800916483070723,0.9763069439077324,1.2069730467660753,0.9973156780658852,17.968963161649366,-0.9682601451632467,9.10328222457142
2h,MACD200,TIME,ADX<20,900,574,0.10067641189192443,0.2161672207520855,3.146949811000632,-0.529885603374661,-11.533541928220304,21.76609791767714,27.188415823284807,0.18583368398151964,1.9871010071756383,1.2430753624902724,1.2303975452152243,15.14311220794079,-3.5731955545201255,10.337520582406112
2h,MACD200,TIME,ATRREG,905,568,0.10983631577879971,0.4506641639461669,6.193400332290477,-0.17005489394528606,-2.3744961236759954,13.963115489284139,14.650352503813902,0.42059813194523116,1.7855217769037304,1.6136115269713955,1.5307950364677234,14.121794807367905,4.589526797143795,12.148224563134402
2h,MACD200,TIME,NOWKND,1711,956,0.08425597906490515,0.17429187770229848,3.6602697303540044,-0.4710484660870916,-15.346861471037776,32.58021748488257,43.49373831768448,0.3412936279321849,1.4714742263467515,0.7744169594168991,0.8820153968596521,20.25754962687095,-5.162741046564923,15.80726827767387
2h,MACD200,TIME,VOL,986,531,0.11835256937234258,0.45770270472352,6.760464703234992,-0.2346585117550078,-5.16781193988588,22.022691191706134,22.0226911917062,0.36946377588006335,2.11263848224404,1.4817760570118064,1.4955129759709604,14.226578241705145,1.3468782102740606,14.478632456072905
2h,MACD200,TIME,BTC,1930,1074,0.1102546140563232,0.4663859830579108,10.1952477977864,-0.4106699292868551,-14.636093372093118,35.63955461143523,44.68682551664646,0.3884574731325259,1.5017450827246817,0.7716727388823051,0.9882149957903649,20.654522533151088,-1.1150382426550531,25.693070253505912
2h,KELT,SIG,none,1336,789,0.12115751090776136,0.567366049321472,10.477205912659237,0.4760178591935226,12.745494517018386,26.77524439652751,26.775244396527555,0.7056153501634475,1.6250252242313084,1.428294562979469,1.186379118041964,21.918954584707194,24.485456686537255,19.04879982346428
2h,KELT,SIG,DAILY,879,507,0.09999669732176393,0.17742474081333315,3.684802678891552,0.42756809470597207,9.646393807393983,22.561070217429503,22.561070217429556,0.6854044116175428,1.3129266547466738,1.571252209733429,1.2158781740561586,18.77558110403519,16.90713622940514,8.675463418939145
2h,KELT,SIG,ADX>=20,1215,704,0.11265727502868957,0.43675010592930186,7.96837607725529,0.30549827969433785,7.92148529902168,25.929721460125453,25.9297214601255,0.7078448945686782,1.5425013228268898,1.3294243212352004,1.1260432219948902,21.38873619658348,17.510047602850577,15.368881351656306
2h,KELT,SIG,ADX<20,392,262,0.08521613237011698,0.06675815254912652,0.8695641497611373,1.570477076711097,25.00422672355349,15.921421009160797,15.92142100916083,0.4614845576879393,1.8797505587323782,3.023475353979982,1.9480182915110988,12.769843605280485,30.175798467863913,3.1680400066435244
2h,KELT,SIG,ATRREG,986,590,0.18999881194551735,1.837315339761785,19.313427570848752,0.6952629764721319,16.69466583974475,24.012016179052097,24.01201617905212,0.7320009213535988,2.578328860673424,1.6468575659695777,1.468061112728419,20.35643973179958,25.18746751135692,26.18104553689409
2h,KELT,SIG,NOWKND,1231,710,0.1299412858979001,0.7100863386261751,11.57057425826309,0.6530623564189212,14.515541032294422,22.22688368058855,22.226883680588504,0.6920617544359147,1.757613174603225,1.6235335205375179,1.3431049146292535,19.928940124786088,25.354899446056933,19.495032083917827
2h,KELT,SIG,VOL,1223,710,0.1233332448342473,0.5718180986561159,9.74298866141523,0.6680090186488686,17.934922650562314,26.848324124183122,26.848324124183108,0.7057372473978103,1.5338722260578936,1.564339019549877,1.2192759701263673,21.912119875152104,29.52633364478141,17.52862521559273
2h,KELT,SIG,BTC,1141,681,0.13911743413978148,0.7145634128615577,12.112454722465603,0.5586990269938303,15.11744232437695,27.058293632116694,27.058293632116715,0.7150084398162373,1.687862174164027,1.4733500011389917,1.2192353132305438,22.171169433848682,25.753945253624888,19.579409691123995
2h,KELT,TRAIL,none,1254,748,0.1784526895018401,0.7043050356386926,15.402353460900574,0.46658277788701735,14.793333109973172,31.705698990791653,31.705698990791664,0.7402282216061397,1.5722311709512127,1.303298598370154,1.130280095322575,25.013492503974632,27.477933264140542,25.402660531043566
2h,KELT,TRAIL,DAILY,831,479,0.1616127970417564,0.30252676224590647,7.509059640215132,0.5881805139503112,14.605651092163118,24.831919361063683,24.831919361063637,0.7127227675182214,1.2470852961278702,1.5662167827199893,1.2206806809441382,20.66581783145499,22.584933741185598,13.60313027318687
2h,KELT,TRAIL,ADX>=20,1134,673,0.18215394740649796,0.7066323573870618,14.542723606905028,0.2534641699439744,7.7940186723727045,30.749982035312883,30.74998203531283,0.7459144313834178,1.5683355015100962,1.1835199967243961,1.1033730231390548,23.999345632131686,17.701004650960673,23.033315448013525
2h,KELT,TRAIL,ADX<20,390,257,0.14432506532794673,0.17601310392180913,2.7095307190142526,1.5612589595899802,26.995908994178876,17.2911154990384,17.29111549903848,0.5002749815565384,1.6689955635162719,2.9557846433760795,1.9326326609037119,13.408218998813437,33.572990333694385,5.840378883829533
2h,KELT,TRAIL,ATRREG,942,567,0.27001894332680076,2.0852617440165524,27.273936675676392,0.8179877926346807,22.704566161370067,27.756607575084058,27.756607575084036,0.770852109623225,2.2499425082133775,1.6108430121570536,1.474073538172274,22.925401383761535,32.957130885971765,35.78757229791778
2h,KELT,TRAIL,NOWKND,1168,686,0.18846171369587317,0.7975754795770923,17.212240519192946,0.42405064997721625,12.370693766321029,29.17267964802245,29.17267964802239,0.7305567411603996,1.6354454146695834,1.3196653331295183,1.2027030517752388,23.639969187237565,23.546532340096228,26.75033940937126
2h,KELT,TRAIL,VOL,1156,672,0.1776171035127189,0.608458381135659,13.728573413998246,0.6790611073792382,22.57054361065429,33.237868235103065,33.23786823510299,0.7361300314545169,1.5091394269968827,1.459238142643951,1.1490088402730565,25.338293871336415,35.24186581959028,23.05826177858059
2h,KELT,TRAIL,BTC,1076,647,0.20993208616457742,0.9112257182422011,17.972645745308302,0.6047504749227831,19.75064809438798,32.65916921670846,32.65916921670845,0.7508641879046443,1.5625093218492143,1.3851521140464327,1.1777475269532158,25.54360626348763,31.865936775434278,26.83403135480946
2h,KELT,TRAILW,none,1092,658,0.3085843534153322,1.1070253640257768,31.851586008260412,0.23525955042459007,8.620606757982152,36.64296196445124,36.6429619644512,0.7731587564797711,2.1775969616712136,1.048214237901124,1.181842465835827,27.755875710812827,18.501537226162856,42.114063469689334
2h,KELT,TRAILW,DAILY,732,416,0.30464846495502945,0.6538013130069715,18.940182152113305,0.5425791487542825,15.519170266647354,28.602592455456687,28.96932412846247,0.7315225782227075,1.5198811632088642,1.4428072473324307,1.2999035630335216,22.808613690864266,22.422433228082816,25.139036258766545
2h,KELT,TRAILW,ADX>=20,998,592,0.2952996724727913,0.9543055297427994,26.450804769343517,0.185204693347086,6.713253330677182,36.247749500041536,36.24774950004149,0.7733382599021976,1.712463571953884,1.011603645820188,1.1089513046861932,27.49838614084882,14.9030075908402,35.05516472725656
2h,KELT,TRAILW,ADX<20,377,250,0.18557091481116647,0.22188205094504168,3.8013856198178875,0.7345534684689085,14.640857478205692,19.931642973142395,19.93164297314237,0.5406991674732315,1.6296587888034677,2.270461464741283,1.677123137482955,14.342451264997269,19.604213915351608,6.8470070128013205
2h,KELT,TRAILW,ATRREG,832,497,0.4347786638915666,2.7679389416402507,44.741449036176185,0.7813209285837261,23.408835374580427,29.960589199898724,29.960589199898713,0.7980126745293237,3.4449275560756583,1.5563460066727073,1.655492507669824,23.995858271058836,32.37588267386702,54.143942292689374
2h,KELT,TRAILW,NOWKND,1028,610,0.31344396517746753,1.1918185301178543,32.125202483984005,0.3245652425923028,10.78567268411852,33.2311389783248,33.231138978324736,0.763150673333893,2.281258126230365,1.1744044781913066,1.2892670961430337,25.841419523846053,20.054412166199963,41.97451463971764
2h,KELT,TRAILW,VOL,1017,598,0.3083111755124284,0.9937632795908939,28.905595960647766,0.3520692800926639,13.263258801985533,37.6722979025454,37.67229790254538,0.7706733664285386,2.000869413513772,1.126099238236438,1.1612243681989347,28.19611610600372,22.921125694759816,38.46611763300323
2h,KELT,TRAILW,BTC,942,570,0.3411116801768808,1.4776093781206847,31.92725746987366,0.35408435452120784,13.097886973892114,36.9908661782107,36.99086617821068,0.7746229286142209,1.8941434381173274,1.1323707550561148,1.2048966746885101,27.960260663267043,22.492835049003613,40.957140569773244
2h,KELT,TP2,none,2159,1304,0.11662099791962272,0.22362371057795988,8.786806641925416,0.18389460214887005,5.894993845437768,32.05637238153154,39.29282194278836,0.6089656760181239,1.1596358489688392,1.1015435200598362,0.967831711911711,25.10808017106847,32.68491431366911,30.79820997040832
2h,KELT,TP2,DAILY,1453,862,0.1032114174222875,0.0892372158427191,2.9358552852820186,0.36783035339395054,9.380677005365401,25.50272678372083,32.899449602467136,0.6010891574396906,1.1520635780659274,1.4762327657887855,1.1305390001266562,20.030182245781212,28.702203863885245,15.11885759877547
2h,KELT,TP2,ADX>=20,1959,1172,0.12382395088684044,0.29359201862366263,10.283345008951205,0.16550196249615737,4.996934732975555,30.19260108828966,35.02596922477238,0.6255483798889417,1.3192718404952217,1.1227555924037877,1.021643320505417,24.053652129699245,26.716997209755377,28.801827747532105
2h,KELT,TP2,ADX<20,402,268,0.03298964284849648,-0.17984807255733276,-3.4884228385132166,0.5716417450947069,6.81109870432044,11.914977803435278,19.396498327226507,0.17649510992213135,1.5431492127052064,2.4355914820151874,1.7011830033085604,11.739383346830646,12.19267807882709,0.73606889734672
2h,KELT,TP2,ATRREG,1650,993,0.17221381391368112,1.500798037888134,22.86513280357432,0.44953981796715653,13.600565358096063,30.25441754992596,30.254417549926018,0.6473369665929861,2.324187224132658,1.3692964959692728,1.3133985259794008,23.383209358790648,32.92099380481564,42.66714083476171
2h,KELT,TP2,NOWKND,1865,1113,0.13363882983125325,0.42048190100311283,12.616984098375571,0.16259979360490476,4.487066245423832,27.595768395172684,30.006009933545673,0.5706921678840068,1.5226426101741708,1.1867235975390469,1.1256773809289726,22.5950942496381,26.42268411791211,32.87760697802564
2h,KELT,TP2,VOL,1928,1123,0.10625004539710454,0.13289491647802715,4.884762507706619,0.679709508150506,18.347755144734414,26.993524328736807,36.75657908641122,0.5937715815008955,1.2596207346206847,1.5649517389522727,1.130713219546269,22.30456646533996,43.089711471419314,25.748021028805933
2h,KELT,TP2,BTC,1876,1143,0.13658788788380996,0.4059114281542982,13.179309704615672,0.3118453253382294,10.721430875021444,34.380604754594,34.380604754594046,0.6203318748103922,1.3889059523065883,1.1895874922166163,1.048004373717318,25.59680257811847,35.67727314973881,33.64419715721463
2h,KELT,TP1,none,3134,1830,0.08624881988766765,0.07230849414606995,2.9266198159645596,0.18644323805946622,4.581318856462979,24.572191001111896,40.47408054235665,0.5454454244366328,1.0861760923471475,1.3657724985064834,1.1095073527468062,19.651978460411378,35.442737356488664,31.635687380228728
2h,KELT,TP1,DAILY,2087,1206,0.08016030283445329,0.01360385790122619,0.44170938209306954,0.37299202600013337,6.885098928738587,18.459104883749244,32.46942046147482,0.5352278524737807,1.1080652774321684,1.6998495568883645,1.280851614184135,16.586433400087273,27.65601758454419,18.449459467475005
2h,KELT,TP1,ADX>=20,2842,1634,0.08273166194223143,0.04796717800724858,1.8101624417916184,-0.06094991396545541,-1.5320089012884952,25.135538372651222,37.73752213478298,0.5565209891127929,1.079328739348057,1.1607101331542489,1.0100734086695218,19.850620387753626,24.68180052110871,25.859405680171864
2h,KELT,TP1,ADX<20,433,297,0.1052762933460428,0.0672951842208541,0.7571945373143985,0.9014508915769149,7.2882210336862485,8.08498954495115,11.251838390535996,0.11260841924463419,1.8151184939401424,3.164188116885575,2.1887896604123207,9.942180710459125,13.009800743881117,4.755527945903548
2h,KELT,TP1,ATRREG,2379,1360,0.11903121988508207,0.8810681264864003,15.793450373576,0.06182862781057281,1.7679329040727776,28.5940828169319,28.59408281693183,0.5768633782233695,2.121084661405402,1.1923204171001938,1.229707552805272,21.00367800335866,22.79969893805591,39.0269532995511
2h,KELT,TP1,NOWKND,2668,1518,0.09833376258114947,0.22043898773456638,7.052811563409844,0.2201554382681724,4.773138857235537,21.680767437692605,31.99439280633166,0.49821645672533005,1.3821337329084333,1.4673396205644633,1.2741773413455526,18.407489664300357,29.836270377194253,32.703622288746814
2h,KELT,TP1,VOL,2628,1490,0.10431844997560133,0.29321748474225207,9.298011785299876,0.7188277573074957,17.05675696694875,23.728573074081105,31.71029106082517,0.5021399524309375,1.495431416646689,1.901880450031049,1.4812260909224917,18.02951882345203,47.14092028770453,35.70543455183621
2h,KELT,TP1,BTC,2723,1612,0.09900493451114377,0.21668495947533756,7.636199808676358,0.4145443085778964,10.28203574476887,24.80322496777636,35.241023775558766,0.5542025643692713,1.3679080688992322,1.5163328972616088,1.2396731543721178,19.927383863748137,38.798949978729325,33.52467833463919
2h,KELT,TIME,none,1829,1080,0.07648683046532535,0.04143004254242683,1.02087517291225,0.4572849088042115,10.715355206936295,23.43255812870947,24.640939527561745,0.611876193728524,1.090697796616766,1.5177598516876745,1.109599404183091,19.985469572072546,27.522136650598462,13.102662260498722
2h,KELT,TIME,DAILY,1201,699,0.07388272593816413,0.0037698011518366883,0.08659019468377771,0.2518488190051486,5.78077822170604,22.95336640664518,22.969432921306744,0.6062670740505787,1.2361290748113667,1.5155086960898225,1.151239039677259,18.053760816482168,15.478727563565652,7.443216672084851
2h,KELT,TIME,ADX>=20,1673,973,0.06573981163759471,-0.044343814071777496,-1.1293206881527795,0.13337969998429003,3.3639052464829566,25.220518916140687,25.467378298240085,0.6253060388055353,1.05429640022072,1.2430664952344466,0.9521594270968975,20.814797494849635,16.759283964319206,9.300180107370547
2h,KELT,TIME,ADX<20,394,266,0.044913716160096,-0.17450615934822647,-1.8700956477688324,1.1764228555121616,12.001479163191032,10.201671199227192,10.716502241259363,0.2712754806319177,1.9371794446854678,2.845473403770358,1.9455921287454332,11.079342862864905,16.84297344663439,0.7406166634390976
2h,KELT,TIME,ATRREG,1360,791,0.12479105610725211,0.7869991555694552,11.817614995496918,0.6275259899038638,14.962800566463375,23.84411292471832,23.844112924718242,0.6467258754408398,2.0888670960524425,1.6186788718105531,1.3351663667845644,20.21775653164475,27.156783974606057,21.327811484365178
2h,KELT,TIME,NOWKND,1586,911,0.08002629120246185,0.0751766152052519,1.7867665795243681,0.2730237753456319,6.515556574154258,23.864429264103283,23.864429264103272,0.5767240254581946,1.1784647927093972,1.4653389718927339,1.1399640495342682,19.02199668209894,19.702308164394488,12.268405554874096
2h,KELT,TIME,VOL,1563,907,0.09305227333271122,0.2098885745804248,4.589945405660689,0.9858126359109821,20.994820515451096,21.296968359560474,21.86848624245585,0.5788891556828929,1.395288858948467,1.9127116175220071,1.3444924933114315,18.987227633492953,36.90878603934657,15.758214069093434
2h,KELT,TIME,BTC,1580,940,0.09118290280247456,0.19065449538674453,3.96473357980911,0.39293594796509673,10.949157838390366,27.864994015164392,27.864994015164456,0.6239126674997348,1.4563075455813053,1.3754176806337985,1.0536814686777114,22.138220252560224,25.732601627504636,14.732678265247024
2h,SQZ,SIG,none,1392,768,0.04893495444788236,-0.10138702367613912,-3.634820446821785,-0.3264984420631243,-9.160117409519575,28.055623639847514,35.85094339520709,0.3922907245235158,1.0120524463786618,1.0877289346489343,0.9704327887374132,16.983248841178757,-0.21055362925950227,5.139488612022358
2h,SQZ,SIG,DAILY,717,392,0.05106827925047166,-0.07583062699763359,-2.0431124654187838,-0.30286238780444275,-5.993701341192914,19.790180565646953,28.767314507435092,0.33300489693747853,1.222164033092065,1.4246110538406875,1.233435460898005,14.417473695872706,-1.4118460801628818,2.540786905431225
2h,SQZ,SIG,ADX>=20,748,377,-0.009898887112509677,-0.19548106850256497,-7.947456352905313,-0.5456377843126688,-10.536268942617665,19.310006098441356,45.39343284424863,0.3350798812579712,0.7996915539842482,1.5157611125367112,0.9047570063383177,15.940575241143096,-6.601677340167045,-3.8401375811394023
2h,SQZ,SIG,ADX<20,749,442,0.10597677923531938,0.3100166315494107,4.497581757118274,-0.010565945003978948,-0.21363655264191594,20.219351185479784,20.219351185479805,0.2933107551718913,2.124563150389739,1.575274897715045,1.402897626043991,15.384432847598228,5.614533880136396,9.933825477537317
2h,SQZ,SIG,ATRREG,392,222,0.06751761021102634,0.05497186951733463,0.6905250553261855,0.1365417707984203,1.4238700683355532,10.42809141854213,12.561425714445418,0.3611424009992913,1.9411103455365404,2.2724655642977405,1.841754113750802,11.072628907878812,3.9134735928954223,2.8165447709360247
2h,SQZ,SIG,NOWKND,984,528,0.06839444853171876,0.03367544269824508,0.8750066635879516,0.01807682827271568,0.34585303284537794,19.132395773620992,25.98352370386361,0.36527716575382935,1.4144265122958335,1.685065250995281,1.3977352858088001,14.500401700888432,6.976174936959878,7.102855889177406
2h,SQZ,SIG,VOL,1097,597,0.04163325547590563,-0.11877160347896712,-4.236869683843136,-0.16908026498094056,-4.4806397128493325,26.500075058164885,35.67241293154243,0.40112535078109424,0.8982087948705636,1.3332061215204254,1.0314024548507719,16.69954012113758,3.1241333332363563,2.6313343658370014
2h,SQZ,SIG,BTC,872,509,0.124182056122984,0.4860016260944934,7.001925867393788,-0.251264486310498,-6.5481954289176025,26.060966772780315,26.060966772780237,0.41146705533876493,1.7433340916140883,1.221267419501661,1.2769071480453587,16.46129563532076,-0.4679829910148259,13.468720819201474
2h,SQZ,TRAIL,none,1191,660,0.07716519459190592,-0.036931988150903705,-1.7741193552990087,0.16760173321245997,5.565918605932207,33.20919479321006,48.03747223274242,0.4915394352967578,0.7856732346293414,1.5634060266203424,0.9644391695904541,21.151357147184846,17.235014479731703,7.402767114087649
2h,SQZ,TRAIL,DAILY,644,352,0.0836109205243656,-0.03124904621929892,-1.1447864957214282,0.34859313455076457,7.012479660792548,20.116516837973876,36.634285977484524,0.42771704618058465,1.1901827728896317,2.0061649503130212,1.4667714750675291,14.20192862840386,12.788188277256719,3.9308160363685563
2h,SQZ,TRAIL,ADX>=20,663,343,-0.02998647654344528,-0.206176775483095,-10.078497326293457,-0.4413070477340881,-10.93154967235157,24.770847709050038,54.42240851248985,0.40525747507414256,0.5892309693229513,1.3272629994710987,0.6922476554129227,19.419071164504654,-6.912707458196943,-6.052875555383952
2h,SQZ,TRAIL,ADX<20,704,406,0.13744720124715462,0.18977629805755208,5.353981099875993,0.5469669433640482,13.51673956435051,24.71216904118114,28.21206417596116,0.3879233017542367,1.6213261807724326,1.9116901172879763,1.4554770374040762,16.97112157920686,22.527332176522187,11.546150213387829
2h,SQZ,TRAIL,ATRREG,364,211,0.26081059367956205,1.0542379309780372,9.828628445862009,-0.2073003162787077,-3.0616672755668373,14.769235911104628,17.423905049962407,0.414452051720255,2.4009966898583315,1.9891595760082499,2.032965000380224,11.215646764113995,-0.4494980128786352,13.013852120201852
2h,SQZ,TRAIL,NOWKND,881,475,0.12367334627227317,0.1548385845482674,5.363090144590221,0.3494697289230641,7.6682144402869135,21.942428215220534,34.63665184124955,0.4646037421147097,1.3886662685801148,1.957406956456495,1.5753856473183652,14.902248645143912,15.800883341572414,13.310779062976309
2h,SQZ,TRAIL,VOL,995,541,0.03975781531927936,-0.13399762171482332,-6.560601309691528,0.29290760653283504,8.657298126561264,29.5564127850356,48.96058023816231,0.4942360020841246,0.5798407943930582,1.8083262367779303,0.8067279294039374,23.525928612417314,18.81398056213883,0.5352312740716014
2h,SQZ,TRAIL,BTC,772,456,0.2110100640723726,0.6781915342950167,12.659137488265703,0.013545907796366944,0.3420608121247115,25.251966665272395,25.251966665272295,0.4785829806002447,1.8249374452072495,1.4761035580165989,1.483549997441272,16.599510497129554,8.13314081537464,19.97506259326627
2h,SQZ,TRAILW,none,1003,581,0.17406584159020355,0.15606737301882198,8.265839314260104,-0.26754743457741176,-10.919054795399196,40.81165948253521,52.96327575952233,0.5984991272999788,0.8305012230696213,0.7758367731054506,0.7622204973300308,26.949319310106702,-2.4867113889155856,16.649377385294596
2h,SQZ,TRAILW,DAILY,593,331,0.15702596936137372,0.05518813030067525,2.2923648369479244,-0.004200926440198059,-0.10772721487687376,25.643680366798993,41.53728028941536,0.5175064960180015,1.0242570343100486,1.4232686446531277,1.1233423721926148,18.37894470806416,4.610967884432737,7.0243286991555465
2h,SQZ,TRAILW,ADX>=20,598,309,0.14526684830267403,0.006376044800172795,0.2655888231778647,-0.35557883425406567,-7.146112473427612,20.09712554578438,41.6541651606129,0.5325626648240667,0.8196485574596685,1.2332868352013227,0.8504030365092999,21.476441533068048,-3.10777333664487,4.4661785961691125
2h,SQZ,TRAILW,ADX<20,631,382,0.13738497107822262,0.10600737824928957,3.690558639066066,-0.22851452905234154,-7.700842647450667,33.69957559979383,38.52862683015578,0.4478901071210361,1.2608065348211055,1.0019420379812156,1.011198583365278,19.38828099321953,-2.010558585566713,8.729660561605002
2h,SQZ,TRAILW,ATRREG,336,204,0.3962476786948051,0.9311883832034472,14.412547835114186,-0.45431381865430154,-9.10623811350545,20.043938219793855,25.297907628769867,0.4825571394198747,2.472718596761416,1.6083652039251952,2.011434207147751,11.42156192308914,-7.170128813028464,17.71565910386059
2h,SQZ,TRAILW,NOWKND,763,429,0.18871395799253946,0.27089953946153134,10.557009189650945,-0.27158514733798517,-9.836398257366364,36.21846906497084,38.97019984100075,0.5470688640889287,1.2184455356242607,1.070820795260089,1.113205718451994,19.3325928511613,-4.666827677777919,17.838693992529265
2h,SQZ,TRAILW,VOL,863,499,0.1626067906040469,0.09908885993405053,5.030918582971244,-0.10435326957077401,-4.173184714668176,39.99093398638418,50.771787931757586,0.5903936243675625,0.7200335018233862,1.0247205113296325,0.7335714837772889,28.39615502711339,3.632204951816509,11.865060036388098
2h,SQZ,TRAILW,BTC,692,426,0.35687495814248765,0.9930361868276315,25.074563017505234,-0.3471585334745216,-11.48355074130798,33.07869354780176,33.0786935478018,0.5590192349531329,1.8327804883472905,0.8917635978547703,1.3798274424778896,18.938441874685076,-5.922107606034088,32.65229320355376
2h,SQZ,TP2,none,1376,729,0.025420396367844017,-0.25334031761919573,-13.763643528606273,-0.23326524439732738,-5.9575768957871755,25.539925209087144,56.51981431374582,0.1561997883244668,0.5013792164196982,1.3073214348659148,0.7084289303225026,18.863919618087454,7.746176534434968,-4.265018603907656
2h,SQZ,TP2,DAILY,740,388,0.04148644585784155,-0.19252740833515072,-7.052114194845638,-0.4373536542161758,-9.378860555152968,21.444568862610147,46.147164468600124,0.13026212045698207,1.0314870971168373,1.5055694261321535,1.165613834901419,13.088047833839145,-2.9994225863692936,-1.4720465694661455
2h,SQZ,TP2,ADX>=20,750,383,0.007465227065474892,-0.2108448539671492,-9.382060153929006,-0.29545329778815155,-4.926541413823182,16.674518276508298,49.690877947302795,0.1312996682367916,0.6768655460974478,2.066715964339688,0.8575600545297053,17.788406067715414,2.2820231604569585,-3.4639690487445196
2h,SQZ,TP2,ADX<20,738,426,0.03228929214149087,-0.21740636957198162,-6.57600788076288,-0.2881870031154451,-8.529828881150047,29.59824276923785,39.026052311163085,0.10925922691787154,1.1809144939164595,1.1171728526776041,0.9116706421103825,17.162084301934875,-1.2796672996514546,-0.9843063668668162
2h,SQZ,TP2,ATRREG,392,221,0.011846654169179533,-0.1687873566263972,-3.9168051168257945,0.13157041465627162,1.2094184746066272,9.192176506901184,25.25673541718406,0.17756247923338175,1.2859907116812421,2.6729503700522206,1.5730122002578013,11.865918106768191,4.429703012239639,-0.7543002621204553
2h,SQZ,TP2,NOWKND,974,505,0.045853489648767586,-0.16739113786905419,-6.6388375212212525,-0.3057078831174047,-7.514741740706321,24.581445738578957,44.54087534006862,0.11891380272738149,0.8206707789861197,1.3925514458636241,0.943953947322814,16.859129187983545,1.1116607062571449,0.6285177739282943
2h,SQZ,TP2,VOL,1097,588,0.026508244707866963,-0.22035260822153852,-11.3497807198648,-0.3058549830783108,-9.563597801838908,31.26840604519513,56.91789153355886,0.16149543453147688,0.6047059910370789,1.206722393487128,0.749452702570106,18.048622952114535,1.036462334121535,-3.9467282818147376
2h,SQZ,TP2,BTC,889,507,0.11515503342670894,0.01739144005391658,0.4770979764374239,-0.2553125187424214,-6.974543233302999,27.317670389439254,32.87367975336558,0.1928904096381413,1.4266048061145975,1.2039797187831707,1.1194998494151411,16.740061949581087,3.9120192106983698,8.31483511535598
2h,SQZ,TP1,none,1641,896,0.03920995600996069,-0.24105625849167425,-11.863302324722957,-0.4175203962328697,-7.050345662715385,16.886230532275825,50.76480137338342,0.08298073546207388,0.6514854735712168,1.8705404203477538,0.8544209854827723,16.228533380584643,10.276354122169717,1.270641549837137
2h,SQZ,TP1,DAILY,859,461,0.04577690403516661,-0.1874929965762181,-6.385945921832192,-0.5358976606876263,-8.4804364718011,15.82473127596713,41.14371925231111,0.08773147703249655,1.1801581491343207,1.7914026130011547,1.33592754557292,11.738389940139736,0.2744257207724754,0.4776954651599441
2h,SQZ,TP1,ADX>=20,854,443,0.006940440870840834,-0.25136618835436497,-9.893120977582093,-0.4666858161527171,-6.7550172640512995,14.474443041227559,44.20830980702954,0.07820505242013573,0.8808113536855418,2.2350122984785576,1.1016824133143275,13.276312371703813,0.6849427334580716,-3.069065210356414
2h,SQZ,TP1,ADX<20,846,495,0.0757918820543922,-0.10201601776390695,-2.1373904274696653,-0.3634816279084189,-5.163801265334689,14.206498675184031,24.488808216069703,0.050671170851898074,1.6461404063500222,1.8244991316348091,1.5507350269537734,11.678697980414555,5.841244577771532,5.2176353175581225
2h,SQZ,TP1,ATRREG,410,232,0.06294873161429868,-0.06936974891462652,-0.8749193114812814,0.2796455217536794,1.2409378934983284,4.4375389447194,12.61240418439522,0.10645408477621862,1.7109376014670907,3.094850425097711,1.9925442034809957,9.982766564897593,6.362504259215451,2.8007959310452524
2h,SQZ,TP1,NOWKND,1113,591,0.04968710743412584,-0.15315804376800388,-5.919321510385078,0.013673939090638368,0.15289681801149424,11.181621988953605,38.64845335417949,0.05265320764988072,0.94651460340741,2.787054163719931,1.1852940885377428,15.008986896135113,13.07024055314141,3.289964808441548
2h,SQZ,TP1,VOL,1266,693,0.05157767468767582,-0.17454063567443692,-7.898552762468814,-0.338588913892389,-5.330219235125444,15.742450554123888,46.430119942637816,0.0904141608316528,0.8740125896838401,1.9619431105327136,1.065498390017434,14.844544769599121,9.084740865643571,3.0003614543473223
2h,SQZ,TP1,BTC,1034,598,0.07953873774223455,-0.09237830688135815,-2.8450537061112002,-0.256023963703445,-3.4743974627611807,13.57059476973651,31.926704652870384,0.12972720441188448,1.304940087310763,2.6590079408294898,1.4850829844189382,12.240630126087249,8.033228718956398,6.624852987350116
2h,SQZ,TIME,none,1406,780,0.006342960660045547,-0.29369578261748974,-12.88400612760866,-0.3664388441420347,-9.221446147830935,25.165034480505643,49.00447924031741,0.1862922028466003,0.532265742763426,1.358125097006124,0.6947529672861822,18.669229213603767,1.8646579865484014,-3.724830166445614
2h,SQZ,TIME,DAILY,728,395,-0.011177342361830716,-0.25749433086155016,-8.88847799514705,-0.35799643029001493,-6.511755464675173,18.189442446115912,39.17532391102103,0.1648386277840058,0.9650967198765631,1.7158472567708036,1.1835091124322408,12.745871988095892,-1.2320863977080765,-4.055303664861009
2h,SQZ,TIME,ADX>=20,756,384,-0.06555246504491313,-0.30101829797352675,-14.171220645623773,-0.5122277342763902,-6.977403838916485,13.621683036693177,52.045608114247855,0.16738519115717798,0.4801151958416191,1.9615681567827596,0.6806044583095989,18.7495243621832,-2.039606099148128,-9.82096284251439
2h,SQZ,TIME,ADX<20,746,438,0.08188586306818667,0.07784311834108036,1.2047696875080671,-0.25613001793346063,-5.586903013966937,21.812761577279648,21.81276157727958,0.1339696083459036,1.9884962017363175,1.5038915848328847,1.3787382175440996,13.997536977841108,1.0851630999308304,7.042907930573228
2h,SQZ,TIME,ATRREG,393,223,0.036130155616263857,-0.1043636573308268,-1.5791163133077935,0.07118975187807207,0.5539105528684862,7.780762515048211,15.130902401226564,0.21713289086581303,1.8735758164782386,2.4980773854509315,1.9607550411468975,9.90542705798737,3.5015565549195493,0.7282235460227326
2h,SQZ,TIME,NOWKND,991,534,0.011856250941289802,-0.23752184052791084,-8.07774960586427,-0.4631123639439415,-9.600641312932378,20.73069531370687,42.11431378174956,0.15589403143487698,1.1049609961218283,1.4382558543263602,1.1580402974820243,12.78349297243343,-3.012786188811578,-1.93182426840377
2h,SQZ,TIME,VOL,1110,604,-3.71691183617903e-05,-0.2700442898018302,-11.45396348796911,-0.23820387287906217,-6.2683883938637885,26.315224509579217,44.65363828041088,0.19406380152951033,0.565738519538832,1.730572672245163,0.7425435545485951,19.046823023895566,2.7556292881255606,-3.9134409850415497
2h,SQZ,TIME,BTC,884,513,0.08611886239710427,0.0684187452573521,1.0377897654453738,-0.32216120652367003,-7.969437160043946,24.737420268689025,24.737420268689036,0.2329300601109224,1.7411928606061695,1.5092496818549628,1.447904571849166,12.896871979550928,-0.7011303452431172,8.204398870024153
2h,RSI2T,SIG,none,2992,1649,0.02923831278152614,-0.24147795675376413,-8.245856890548742,-0.6189076577476968,-19.566990169694254,31.615362848961404,52.36953399129243,0.1257943884149267,0.8128951146131408,0.7436014260366705,0.7848565180305864,15.714464662301609,-4.963420587604106,7.0605657247784
2h,RSI2T,SIG,DAILY,2643,1418,0.029565271333826103,-0.23097358291368877,-7.17600875439961,-0.6170858479080512,-18.20664482235983,29.504233299274606,48.61232696824202,0.11417339546015487,0.972076094351959,0.8097399103765007,0.8395799731310145,15.587278445788455,-5.89682669651268,6.300893264602991
2h,RSI2T,SIG,ADX>=20,2086,1103,0.04679633580561701,-0.009655293145784269,-0.10270216899259665,-0.48453698687199453,-8.885354110486343,18.337824255372446,22.28358732786496,0.13997202522055618,1.702583360814175,1.3078110572595962,1.2498075829767807,14.389635343818153,1.7589344610505542,11.13833730550786
2h,RSI2T,SIG,ADX<20,1034,613,-0.004770485098876866,-0.2961559645126137,-8.298965276697047,-0.6070007687309713,-13.126485743750195,21.62515505737025,41.79167410376721,0.03717115239952524,1.1418720772327042,1.4973254918698704,1.2490764473262856,11.067200656128918,-7.332153551540643,-3.1566685849921616
2h,RSI2T,SIG,ATRREG,1317,760,0.03156862332878669,-0.1470193551578207,-1.7964427071487488,-0.5525318934902042,-9.396096218392834,17.005527335336378,25.761397897531914,0.10292141088658346,1.6236658365731025,1.3546913304231798,1.2607581567676904,13.659514540361162,-3.1837636685538406,3.9590268460310662
2h,RSI2T,SIG,NOWKND,2147,1198,0.008719124096152725,-0.30791855943220753,-11.19598254378511,-0.6115112773402395,-15.582631610425125,25.48216555907453,50.6112925206575,0.1063961076184021,0.8218414309392228,1.0326625477659728,0.8659706547100277,13.96565317345403,-5.533726695469909,-1.562427587020132
2h,RSI2T,SIG,VOL,1219,637,-0.009942656403912774,-0.3009349216056778,-10.427858046226568,-0.5141240405400417,-6.829337526282153,13.283443270049267,40.94771124508559,0.0401924279844058,1.0501628584663523,1.7646584395015705,1.2553021761412546,11.457421718516859,-0.021782374660062054,-4.596304556986686
2h,RSI2T,SIG,BTC,2443,1374,0.041673454704047014,-0.11547392099934747,-2.573372166248311,-0.6108924801829078,-16.047307645699505,26.26862854965045,39.28933214186499,0.16354844049904213,1.4353949888382953,0.9750125805401286,1.0660471967043963,14.410362382546493,-3.3500735595051734,10.716348834232958
2h,RSI2T,TRAIL,none,1903,1096,0.093709192984281,0.07281388735268413,3.063800336035283,0.19714600925039721,5.093134109058162,25.834325170586226,42.07714280100638,0.5605990698182922,0.7098897897350459,1.3494087758375646,0.809451055692784,27.448991182490357,21.72575394485112,18.06803452047532
2h,RSI2T,TRAIL,DAILY,1679,952,0.07568153802776002,-0.041987049025387455,-1.7077328677502224,0.12270947514051866,3.1799300373808403,25.91429906891377,41.3338195936181,0.5109240259264861,0.6324371211914077,1.2048742473942802,0.756375827110096,26.417393334682405,17.1154820100482,9.966564214324713
2h,RSI2T,TRAIL,ADX>=20,1494,817,0.1263135517137752,0.381916851100235,10.686498013857172,-0.11814126367489078,-2.914124016519859,24.666436822100913,27.981216285878084,0.5693574268852273,1.163056781381006,1.2111393927155332,1.139394005654445,20.30028108248065,7.376153662445062,22.773901508074303
2h,RSI2T,TRAIL,ADX<20,766,477,0.09266456586135836,0.04152552056962145,1.0870790149541731,0.10733730858564718,2.01611827698458,18.78301499777095,26.527250535026237,0.34206458732713385,0.9990086007118647,1.8622031507101768,1.1366649889394504,18.2740097768032,9.140038215831359,6.922575965664146
2h,RSI2T,TRAIL,ATRREG,1058,619,0.09221737005864102,0.11336201318379045,3.0527515773075997,-0.05869351354681204,-0.9886347584824651,16.844020722902574,26.929228685787933,0.5241354000591476,1.114955054102553,1.470845202617209,1.2023527133844378,17.201958476305478,6.5069631917234805,10.943167777823316
2h,RSI2T,TRAIL,NOWKND,1597,871,0.07334199359580107,-0.03483386960695331,-1.3887565910349786,0.005357191765891859,0.1619705295852203,30.234222828544876,39.86799648459854,0.517541625176986,0.655783934993028,1.1939972939437682,0.7560561606933681,25.664299538997383,11.533662572608883,10.085496218007052
2h,RSI2T,TRAIL,VOL,1103,585,0.08155442668886446,-0.025805119584349875,-0.8621620909418537,-0.14810136691377096,-4.655271637624725,31.43300926003717,37.892832457387094,0.3603738402937504,0.806934618211548,1.4507836258428974,0.8781961937821604,21.249334722329806,2.4964754697104796,8.636339746627897
2h,RSI2T,TRAIL,BTC,1562,928,0.12078014603242562,0.23822729216571545,8.036844332280602,0.1743882875334305,4.592882348599003,26.337103331658906,33.73603527630251,0.5346424254541018,0.9870491044567102,1.6222645537267075,1.0614805376867673,22.624328291691008,18.400330260040086,21.00485833368222
2h,RSI2T,TRAILW,none,1342,799,0.16543747333618408,0.3461289747857018,14.755098960546142,-0.12248873420543863,-4.454364675396183,36.36550499350661,42.62890435474649,0.5967302203856966,0.9410177779595044,0.8502008826261275,0.8824661842281973,27.806293798578675,6.138087575012285,26.02811356950021
2h,RSI2T,TRAILW,DAILY,1194,691,0.12986461594790635,0.14764864592655852,6.080276194176548,0.09571496482830984,3.0117051213688795,31.465352641263266,41.180710842420595,0.5426228996606635,0.7918197551294297,1.056925562462505,0.8551088754935385,26.915384362310057,13.303696759063888,14.988071082061506
2h,RSI2T,TRAILW,ADX>=20,1130,630,0.20262958220960797,0.6003746277785494,19.6152956535802,0.08534245775113103,2.4643170750890064,28.875628146019118,32.6717598412826,0.6115877251397825,1.3091300557390375,1.1450171810237668,1.2321981840119849,22.368288153143556,11.342685219351601,29.652216443711545
2h,RSI2T,TRAILW,ADX<20,649,404,0.13818753391056623,0.1366933257566178,4.034378603509148,-0.5164888911007066,-12.629151962509544,24.451933391239333,39.63309066101426,0.39045202864923356,0.9913213332764684,1.0127106581079275,0.9247028046014532,20.138768239699345,-8.294244670082895,9.251302570175968
2h,RSI2T,TRAILW,ATRREG,874,499,0.16296872877030125,0.3715969207903356,9.933265768758147,-0.07487430732632085,-1.743246098748985,23.282300177435832,28.58057095344958,0.5594449536552949,1.2769050422694943,1.1209700878244713,1.1267596517640759,20.528238480223216,4.623457119912033,17.562120598778908
2h,RSI2T,TRAILW,NOWKND,1198,666,0.14593382492696336,0.23487447529559233,9.52189816138642,0.29536978857820295,8.678580805824065,29.382086934481112,40.54037012494865,0.5726324484301304,0.8755934336187662,1.2447695628427797,0.9579334556974535,26.50871043197315,18.6714894020827,18.25132376076619
2h,RSI2T,TRAILW,VOL,898,483,0.07788411323779139,-0.05394002526757079,-2.0971652632995386,-0.12682076180262028,-3.3809774557043593,26.659494925337246,41.460139756700634,0.4179231195329983,0.6900325875444794,1.2279247710289323,0.7730515629802366,23.90487524388495,2.7569947712495324,5.590702339292575
2h,RSI2T,TRAILW,BTC,1104,685,0.2056545802026229,0.4792351430218567,17.957683905887258,-0.19116005790321042,-6.10974421767807,31.961405979336966,37.47155058924435,0.572339432177033,1.1193957458807893,0.9896936292437473,1.013988861190075,24.937627979726518,2.587881599890296,27.31531104350018
2h,RSI2T,TP2,none,2218,1235,0.06449865099349085,-0.12259311714037899,-5.6340126057439655,-0.625734267167604,-33.28469921687432,53.19302611879966,71.01083714671475,0.2655785436661643,0.7110591515616921,0.09041122928212321,0.4421046092600994,22.767577919150682,-20.29679691520936,11.425360536538198
2h,RSI2T,TP2,DAILY,1965,1064,0.05831526159395383,-0.1698445371305464,-6.942969852583813,-0.5795187248767073,-24.538085652587306,42.34217912080026,62.92602353599535,0.23793801803844075,0.7627845045114287,0.4177123249114671,0.5864792867350478,20.357319659511674,-12.22006238634975,7.986557407719896
2h,RSI2T,TP2,ADX>=20,1799,974,0.1065840787496688,0.24201542260976192,6.69600396356238,-0.5770511989195857,-21.935705129240123,38.0134469355759,44.827850151249216,0.27573866657142393,1.1211645134396022,0.5242195974763642,0.9013998763429155,19.459871275020767,-8.905347728328705,21.996525893756957
2h,RSI2T,TP2,ADX<20,835,499,-0.02651223548106157,-0.3027571334642328,-12.835894026848305,-0.6220227426546374,-25.26150888032028,40.611873405963394,64.12188541946995,0.0847467212767043,0.5096509779254056,0.5410228716741291,0.46984458784462413,19.591794865011146,-19.689309928299448,-7.466748069743745
2h,RSI2T,TP2,ATRREG,1251,717,0.05631335487560091,-0.1129751184008634,-3.30632125740028,-0.6146998193958068,-26.958705884143942,43.85670051219775,55.016029565631484,0.2638182794389226,0.8774177775382159,0.3086387215395017,0.5886719015754477,21.072139886797338,-19.375999998595084,4.921683114901065
2h,RSI2T,TP2,NOWKND,1812,997,0.025872610965528724,-0.29878604545993553,-13.345811725477319,-0.648909594754837,-33.86914744525886,52.19393844539297,71.23196581958821,0.22207917666178287,0.5115849406621368,0.06840515828698088,0.3008437597219863,22.72002960914261,-24.744472358647364,-1.132767743768448
2h,RSI2T,TP2,VOL,1169,592,0.016170790440017464,-0.27655499365149433,-11.770999082467103,-0.3765657075346999,-11.598615207251973,30.80103943395637,55.63113466358225,0.0839735268307613,0.5451870769466801,1.168361520399375,0.6618854151413497,19.696413217716312,-3.3937337158093994,-2.792053778923198
2h,RSI2T,TP2,BTC,1811,1071,0.08122436434288723,-0.010081592328333274,-0.3800452798174536,-0.6008148908107932,-27.657597750145857,46.033475822848246,61.612159819835654,0.2822101458912671,0.8510869097052289,0.3592823919794166,0.6505357243554283,20.85383843745451,-14.933634013896269,14.804505790534893
2h,RSI2T,TP1,none,2864,1617,0.0411827352553505,-0.30096902758734767,-15.257051685982603,-0.6357637659039548,-32.00971813476521,50.348446783928445,73.2519752702115,0.18401175965243705,0.33094633821108566,0.13832264738692457,0.25295306313544275,25.830099349241888,-13.377799018810599,7.417630662691366
2h,RSI2T,TP1,DAILY,2541,1402,0.03608628015266099,-0.31908651227256357,-15.572539857384582,-0.6070594659540585,-27.54350793871627,45.37200963570961,69.76587883069585,0.1698435565055353,0.3583052362492485,0.33392117413685163,0.32600642404412694,23.22563154371913,-10.72314121608784,4.5123787431382345
2h,RSI2T,TP1,ADX>=20,2081,1132,0.0704998262040894,-0.10052592776053937,-2.6066485273412043,-0.5390989743484912,-19.890418691473457,36.89567155179865,47.86754461156133,0.19473729573781415,0.958225243651807,0.6056173712805337,0.7624735690174229,19.07140380396123,-3.7714666553349874,15.681628052748774
2h,RSI2T,TP1,ADX<20,1008,599,-0.02708342616912307,-0.3445642052979592,-14.797756198084588,-0.6049509985735343,-20.10265063006592,33.23021315357389,61.344902430190054,0.06136256944908851,0.49635307208782,0.8886274424100237,0.5505377242808951,17.43660425711958,-13.378721095965506,-8.234296176140754
2h,RSI2T,TP1,ATRREG,1382,796,0.030075985350338917,-0.2564043821645882,-7.897715549742845,-0.5892870054934594,-21.940520213375958,37.23231635661697,55.813669244228784,0.1689341817125644,0.8777795285770962,0.5275296945914723,0.6236409079890383,19.104371116332374,-11.088720646531824,0.8290837682829677
2h,RSI2T,TP1,NOWKND,2203,1242,0.009041552409108127,-0.3701933422633848,-19.788097392456095,-0.6475641252539039,-33.637498921679565,51.944660937618515,77.01057415292809,0.15014150892726097,0.2470782813605494,0.07945518846507421,0.18506953929574727,22.472111555692443,-22.132970674754237,-4.992876237148192
2h,RSI2T,TP1,VOL,1306,666,-0.01407072825525467,-0.3563724972593805,-17.483963302331052,-0.39066066465772264,-9.817639264937128,25.13086203224185,58.09398476735399,0.05553063242737835,0.46680756498655235,1.308365329701346,0.7290247069976398,14.905846202629746,-0.8498450589285222,-8.445385155946372
2h,RSI2T,TP1,BTC,2328,1366,0.050080017977501244,-0.2404185226837238,-9.932768487233146,-0.5872405799212064,-23.350891550571916,39.76375671058878,60.57510615204398,0.212069539729815,0.5705111209563486,0.5589964942258518,0.5254034743661001,20.732213317012295,-5.118390697228148,8.05599174185485
2h,RSI2T,TIME,none,2709,1517,0.05776561341159791,-0.07558699113816739,-2.97802269784877,-0.4611459164391842,-17.77989617419421,38.55590072548982,51.15565818263599,0.30882247877005975,0.8843950542542733,0.7119685131540588,0.820132732871682,18.168165832546823,-0.44396631215023463,15.778275486958337
2h,RSI2T,TIME,DAILY,2397,1305,0.06335507030151438,-0.02993675503918857,-0.9593938962137005,-0.4814095691315467,-17.18136324268563,35.68970029756673,45.81112240721234,0.27483255564803927,1.0921779629196378,0.7338145484545628,0.8696007958300099,18.18433609538014,-2.922068826820612,15.48135137208635
2h,RSI2T,TIME,ADX>=20,1941,1038,0.08251484793500381,0.2682322213239034,5.6787899912548845,-0.07463945667884306,-1.9585223053156353,26.239771730155002,26.23977173015495,0.32894019486563925,1.53978509042234,1.4573774276972267,1.3639993262716197,15.899575762852802,12.082868003866754,19.084636613277127
2h,RSI2T,TIME,ADX<20,936,561,0.013495915466608638,-0.24242043171140618,-7.162912028422186,-0.624518258555272,-20.049969313976057,32.10469676316367,51.01143674692486,0.08621479440489795,0.9160569064755427,0.9976048887111838,0.8667012268152301,14.63546595108246,-14.55890851823023,-0.7158613573497674
2h,RSI2T,TIME,ATRREG,1255,727,0.06848744889038329,0.15364512574503575,2.6448627674545255,-0.29785851562099036,-6.740758117078016,22.630738298767604,22.63073829876766,0.24727241372864403,1.8047194860499336,1.5540604911931657,1.5014856917094643,12.989487505169873,1.1856543389102248,10.927497667205888
2h,RSI2T,TIME,NOWKND,1993,1123,0.017738091619438297,-0.29470079956823886,-11.910414176756746,-0.5080230714792378,-16.65654174245409,32.78697893376054,54.4803075711141,0.25457301752149636,0.6283241623892345,0.8350742093466285,0.6942411761990687,16.742235766576353,-5.148399518020863,-0.5724138106929844
2h,RSI2T,TIME,VOL,1214,632,0.024445861110564304,-0.2588307615198884,-7.528420127204938,-0.22107549411118688,-5.68340003796467,25.707960354512572,36.05315426651625,0.10657703158474446,1.1113812092734132,1.8684471852253386,1.3386022790994152,11.895071506583953,2.2305517799776853,1.4875955283945475
2h,RSI2T,TIME,BTC,2200,1270,0.07323399836087383,0.07672416785015064,2.2198915684506604,-0.48789613971480633,-18.389571409967477,37.69156980974859,43.374045906682525,0.31450086749161077,1.3025724874008067,0.842050854265095,1.121954628255572,14.841839032350968,-4.393178912861472,18.536997760805484
2h,RSI2,SIG,none,7859,4404,-0.015109438149474639,-0.5724255108637729,-52.31755455889606,-0.7348133366652763,-55.977706172325156,76.17949127919033,97.88079388251387,-0.32315190724117565,-0.3267708325927938,-0.46803253147392326,-0.2638506531072268,65.79491158512513,-31.049744955842485,-29.132835316930418
2h,RSI2,SIG,DAILY,3910,2182,-0.00042658143453567777,-0.393804901355164,-25.08912643339064,-0.6504033894478275,-31.79691735075062,48.88799453789014,80.8707578056252,-0.06866506744117429,0.1036630071630868,0.17807174772293294,0.12261751120820101,20.16458028381576,-14.942009712665083,-8.655163187246506
2h,RSI2,SIG,ADX>=20,5776,3066,-0.009125170340439132,-0.4777356066393215,-37.96711928094376,-0.6778390167184312,-42.08866382093633,62.0924183808375,91.99291010939521,-0.3659620346732255,-0.21016118973352677,-0.21508937927332458,-0.1635294567204798,35.67982311405995,-22.122843961106973,-17.836857491094825
2h,RSI2,SIG,ADX<20,2543,1605,-0.027499858286190088,-0.40816970763820576,-25.771602084180312,-0.6472185776440265,-29.161818080939728,45.05714002693365,79.45741135918776,-0.07692414269531268,0.07021623496611155,0.3198639827804831,0.1277473260686586,21.31635926864992,-15.222286739536717,-14.577480448167513
2h,RSI2,SIG,ATRREG,3922,2280,-0.02334229010364596,-0.43786111006838824,-31.588179517713833,-0.662857657674713,-40.88716465529861,61.68317463319304,89.11788627411616,-0.40447673152251745,-0.09160190561739835,-0.19008514508626234,-0.0961863434274217,26.36620468732531,-27.675448947531134,-19.290345541007014
2h,RSI2,SIG,NOWKND,5909,3295,-0.02823176349558126,-0.5435014992424836,-48.14468739561385,-0.6964517827824394,-47.321525552593755,67.94659260334791,96.25922350013946,-0.2875115636474218,-0.29311957915098413,-0.35137710444593484,-0.22807973180592192,54.96128380951926,-27.582437635388935,-31.185574548026295
2h,RSI2,SIG,VOL,4383,2434,-0.03788031808608454,-0.5109245611315347,-43.30137488580912,-0.6720732218980434,-40.2225534002343,59.8484690204429,93.74129740115771,-0.36663431035209926,-0.26131936222693036,-0.12079024462761372,-0.17110183406028354,46.70897868519274,-23.284274937250405,-29.54700621851861
2h,RSI2,SIG,BTC,3195,1746,0.0349574884549989,-0.19016440863851664,-6.501630850029427,-0.6255265428330927,-19.81465932770733,31.676768243860774,52.846277177778724,0.12207400102068924,1.0615190873794886,0.7631938544741852,0.85983934304073,15.112761832342237,-4.3506851549894865,10.541265665697441
2h,RSI2,TRAIL,none,2992,1654,-0.07015599160710602,-0.5143782302231443,-44.97106485780383,-0.4752146167826287,-22.613573896845264,47.5860234475681,92.92330019037269,0.05681982657244177,-0.24334059499550031,0.5925188872179625,-0.09672670304044347,49.30595367615782,-9.497353497672023,-33.82041515131955
2h,RSI2,TRAIL,DAILY,2484,1425,0.018745635838695287,-0.3249650121946014,-21.80377573019855,0.021002498343258787,0.7357177828595463,35.0300126601696,74.94982311668312,0.3618348114730595,0.14607328535808528,1.2832337953458066,0.36192300884841166,32.10964181346975,20.40164489519509,-6.898588253247895
2h,RSI2,TRAIL,ADX>=20,2494,1365,-0.011972755755867112,-0.3754347974632694,-22.968464835462974,-0.5708925658437508,-27.478645424482885,48.1327785095096,79.60440986662016,0.010326460363330505,0.11726533331005906,0.39738578537164193,0.1499446242899002,32.12543559026323,-15.940072457437982,-9.99809528741501
2h,RSI2,TRAIL,ADX<20,1254,771,0.13092855780310797,0.3997636200952071,7.926947895727987,0.844564739114741,17.02876747872335,20.162773426431023,20.162773426431023,0.38393126573231623,1.6274695849589056,2.02455841472089,1.5496828003095127,17.088871572047758,32.41498082679044,18.28273054358698
2h,RSI2,TRAIL,ATRREG,2102,1160,-0.04323821667393521,-0.40529870207054974,-27.16460196460907,0.7705518872279717,13.92397526885154,18.070133237804995,70.19745219792493,0.07089222378186623,0.031814289012125706,3.140671207275874,0.35017309611199554,32.71958055356527,32.36003550484976,-18.452473056796126
2h,RSI2,TRAIL,NOWKND,2607,1419,-0.0011006641186597985,-0.3582959599853997,-24.496128484725777,0.1353853194460878,4.133955664732358,30.534741001800814,73.03231000493311,0.20391992510747534,0.13556117312463703,1.625474687977754,0.500218933506573,22.274715002397894,21.457277784363527,-12.369393921544747
2h,RSI2,TRAIL,VOL,2558,1449,-0.031020602149628193,-0.430467634104163,-32.54155457082186,-0.401184352886831,-22.31753217920326,55.629119178281485,86.56605676135885,-0.01601659577751603,-0.07938851136362096,0.5146184602955426,0.06311926508937747,31.605352869569415,-10.885262729943834,-19.187126593208824
2h,RSI2,TRAIL,BTC,2042,1157,0.1488072832803917,0.43527561125754444,17.23762557243449,0.39876564785008056,12.287201458691754,30.813089153836128,42.47308057392104,0.5387062311515146,1.155715365632749,1.8309089269639236,1.214471337402198,24.30204722436158,31.492568307657542,37.13812117830917
2h,RSI2,TRAILW,none,2045,1163,0.026751742240060317,-0.29678721254845075,-13.163290263601501,-0.36475650934528386,-18.115301533179895,49.66409390663317,70.7963324103514,0.2740753929017553,0.4451820696070672,0.6485550864239233,0.49297305231189736,22.328449029461183,-7.075005145099011,-3.3488002115129256
2h,RSI2,TRAILW,DAILY,1814,1022,0.03611808417459919,-0.2370972962961825,-15.607109529021379,0.037742856569498905,1.3245376430998768,35.093730668236546,69.60012196570887,0.3832800424801135,0.27800644620341947,1.2444677696971842,0.4575253268765066,32.08091779138703,15.709249391564907,-4.177236191910061
2h,RSI2,TRAILW,ADX>=20,1863,1014,0.021714779436720122,-0.21283396507823377,-12.280576754720974,-0.07454464201299005,-3.1043172206942193,41.643733699241125,57.70026767206476,0.22861053391735103,0.47749873631521106,1.1828456016268456,0.6620052749134221,22.41633746284353,9.097744683080201,-2.2028483927238884
2h,RSI2,TRAILW,ADX<20,1018,620,0.08002880118463614,-0.0024728394888582726,-0.09098954106596668,-0.17119661492445856,-4.478128729191633,26.157811187841716,48.45133531972796,0.4156038867175633,0.9911682029254317,1.2957256775854569,1.068891784055114,17.801815898424866,6.338595315574191,5.317982260094789
2h,RSI2,TRAILW,ATRREG,1678,899,-0.05341306547844403,-0.41150851197026317,-25.91789714975431,0.02689132676460434,0.8031619897982623,29.866952896330233,71.89550192298044,0.16289125760813844,0.05500947191355347,1.6449525428898173,0.28394373964625996,33.83821260235732,11.974980456668716,-17.255569123836136
2h,RSI2,TRAILW,NOWKND,1924,1039,0.013432996724709637,-0.332435374838277,-17.068370342537666,0.12982879801521302,4.796119884863725,36.94188006193917,59.411049878242814,0.29528731251881474,0.35738184008813817,1.4257260204916646,0.6749047120367219,21.326647878625906,22.201376055995503,-5.098435615708919
2h,RSI2,TRAILW,VOL,1894,1066,0.03248915412925011,-0.2919466098456065,-13.340322467402821,-0.39418451963429163,-20.385273263768067,51.715052845506705,71.49394705806338,0.15985773379714122,0.5063320034790226,0.5924341932035372,0.47458300666862996,22.688720043848754,-11.942994170813115,-1.2585993375088145
2h,RSI2,TRAILW,BTC,1458,844,0.21513547976631855,0.5546066557446669,23.782441933142806,-0.2160611033216981,-7.927297944402167,36.690074347158365,42.88163816067131,0.5461070010278702,1.1911679247866638,0.9502437108984648,1.0292843243602103,26.680988073522695,3.054996158486656,37.854817394552434
2h,RSI2,TP2,none,4610,2567,-0.05682446689904433,-0.6220964008177872,-58.986711881973264,-0.7509637782943079,-61.394975727767246,81.75490949405835,98.99821370761715,-0.5250851408996382,-0.37636775241355064,-0.5746454977046427,-0.30147410589872725,71.44532967255546,-45.24839693730945,-42.15702409280503
2h,RSI2,TP2,DAILY,3029,1698,-0.023804810401543534,-0.47443518775358523,-37.8777608945294,-0.5747531455036311,-34.49567368183216,60.01824253019983,91.14286878408238,0.0028112248006285094,-0.16054745710515753,0.10811324943364573,-0.08637220639923167,38.21610590353068,-12.585532503079577,-22.36167684300172
2h,RSI2,TP2,ADX>=20,4025,2140,-0.0323154888986209,-0.5311511694627249,-46.94419006978172,-0.7034014268577747,-52.73173776818096,74.96677680018857,96.85490742357045,-0.5463058831826785,-0.29671783845395183,-0.3730719566267977,-0.21687202510617012,54.95478537364464,-35.65727457508301,-29.922797492800957
2h,RSI2,TP2,ADX<20,1605,1005,-0.050913410491627495,-0.39662440326112713,-26.822154608049374,-0.5974636809523844,-19.522909510340003,32.67631177048217,75.58871846269544,-0.10793562405287005,0.037978093686246044,0.7470588951087734,0.1802980202254989,26.933234439563513,-5.696545921580243,-15.823076767298927
2h,RSI2,TP2,ATRREG,3318,1848,-0.09073250856985614,-0.585261238322918,-54.33866142370304,-0.7195300094026943,-54.851409452811396,76.23227486834824,98.1967745779744,-0.5501893932696814,-0.3394972294078286,-0.5008982714813339,-0.26946504683856565,63.15949058290834,-41.87405526979677,-43.68787717514208
2h,RSI2,TP2,NOWKND,4126,2235,-0.06139204641549303,-0.6033583428780763,-56.67837209779092,-0.732241043465123,-58.88005562740282,80.41075565604689,98.74419873886427,-0.46289276340535795,-0.35533962620169024,-0.5629191239559971,-0.2893739504167579,67.6817734482207,-42.124932732522055,-39.733043062522896
2h,RSI2,TP2,VOL,3852,2045,-0.06198606778624374,-0.5900613300256261,-54.795349370339295,-0.7518502962172396,-62.820877965023115,83.55503519928341,98.76691078830689,-0.5213679121080932,-0.3391734948327521,-0.497045626989922,-0.27813690596721063,71.51187336316244,-49.538003716658,-38.62485492432036
2h,RSI2,TP2,BTC,2425,1337,0.06106351291363324,-0.15684112646820392,-8.207477230856885,-0.6071171009825136,-29.11238060984799,47.951837565989585,73.24556694490153,0.23559571034833804,0.5746874646430286,0.32077391078554707,0.45265244316907444,23.51386086072418,-13.980323247011416,10.088445888249066
2h,RSI2,TP1,none,7440,4144,-0.04761780862244374,-0.7453816822070118,-73.62849796578784,-0.8209834955250658,-75.74994780148289,92.26732110252286,99.90072083568052,-0.3322753834006317,-0.4696054908998905,-0.6532755047562988,-0.41501849077097747,90.88561403066385,-54.71850739986442,-52.054880730198235
2h,RSI2,TP1,DAILY,3943,2246,-0.02999859273218189,-0.5346428881937718,-47.05209121702042,-0.6793892758676037,-46.3565193129029,68.23263327744469,96.03685650807842,-0.01959941120604978,-0.2758554291105644,-0.2830963954196012,-0.21336061716385038,54.74963311001455,-22.55731492003803,-27.06974992522566
2h,RSI2,TP1,ADX>=20,5793,3076,-0.03400084885252672,-0.6295947368717505,-59.848374187769835,-0.7730636997465797,-66.09552011094364,85.49815511012949,99.26959184900004,-0.3631741509541049,-0.37986171623719445,-0.5783834367526772,-0.31892655464174957,77.55582693922221,-47.559431468925474,-36.73961161019047
2h,RSI2,TP1,ADX<20,2355,1495,-0.07622415024816548,-0.4900624332707862,-40.45899382463616,-0.6558294763973874,-37.54985453661595,57.2555151727632,92.32733224523321,-0.08314686440809832,-0.22056080070327544,-0.04866525135664956,-0.14480986930699585,43.068919570768415,-20.765197204566256,-28.96750886585956
2h,RSI2,TP1,ATRREG,4347,2494,-0.07065347266588341,-0.6195263388322216,-58.54912361303419,-0.74182682319789,-61.348281409318695,82.69892580165359,99.03596423869496,-0.40255556224430805,-0.3790812261283076,-0.5470802275046177,-0.3031855844360066,73.74610058286311,-45.38969243245867,-44.47164043103646
2h,RSI2,TP1,NOWKND,6156,3414,-0.0699667428661164,-0.737458238881031,-72.74461594599562,-0.7889651420466892,-70.093266355412,88.84203194779933,99.83936295961868,-0.29304367791789354,-0.46322556318862196,-0.6344387866957995,-0.39451954113357274,88.56913487502051,-50.59668357229462,-56.045562234291005
2h,RSI2,TP1,VOL,4951,2685,-0.07659459002466487,-0.6881424849821345,-67.04527780675072,-0.7447220238039027,-60.26048130567381,80.91674393873085,99.49374465591248,-0.37285130352250195,-0.42174201042378345,-0.4905998421200416,-0.3327039994608389,82.47673481585909,-40.846634586301825,-51.54287895997016
2h,RSI2,TP1,BTC,3109,1739,0.028720979008568365,-0.3441189914171675,-21.29602263974131,-0.5644656632602755,-22.552761520571618,39.95417788623313,75.64678775523146,0.16642280561020692,0.19364463481897376,0.6300810171336669,0.2658585939226785,24.89026316122125,2.0326715909274817,0.20847286806449095
2h,RSI2,TIME,none,5619,3144,0.0020831429697459,-0.4686001388683865,-39.68198830631767,-0.7001905072051572,-48.2935940014042,68.97207760523678,94.9329627283025,-0.27395214454310457,-0.1882784468168522,-0.3116091775647439,-0.15750284959401167,48.36006676769817,-24.096128996352917,-15.351891610030687
2h,RSI2,TIME,DAILY,3589,2038,0.007451563224569308,-0.38335943241296155,-26.822795831868497,-0.5879514183862506,-28.44223545599177,48.375145575900014,82.82873188680556,0.05221229744168544,0.04809038798917164,0.3508090013031057,0.1088332561842002,27.187105980931303,-8.336738667643262,-8.049225933403392
2h,RSI2,TIME,ADX>=20,4328,2289,-0.004451317577249754,-0.4291252932097238,-33.233682033852574,-0.5955885027647144,-29.324323541151752,49.23587914311409,87.7296332248171,-0.39483536842599337,-0.09169151029865127,0.4227804005399758,0.018207999953933688,28.242216033231927,-6.320245104964783,-14.138336174531918
2h,RSI2,TIME,ADX<20,1824,1151,0.052429777057599734,-0.13192048768929993,-4.839562739440284,-0.6284346779659558,-27.188568023725455,43.26395244725554,63.550311149298174,0.03434666821300074,0.944858580305728,0.3990840376465819,0.7185997459228228,16.738487793891377,-16.336515122364826,8.47662938254754
2h,RSI2,TIME,ATRREG,3165,1815,-0.027206866733029293,-0.4315039867750044,-31.875930853881517,-0.6198089574109462,-29.290422264830383,47.25717806206248,85.66240146872994,-0.3784408935660561,-0.08105107414957206,0.5472558530085198,0.05027809627082799,21.522678644266247,-14.41356507469862,-18.60166736425459
2h,RSI2,TIME,NOWKND,4417,2445,-0.01919056728873683,-0.48825902932080933,-41.36499120911537,-0.7075883867105196,-47.79051809438114,67.53999781787353,94.59735391796914,-0.22299826863127808,-0.2170253229997328,-0.3933150315885253,-0.20313003443007296,41.79061433817025,-32.7392645382785,-24.152639745423865
2h,RSI2,TIME,VOL,3875,2097,-0.036119068118841836,-0.5063784631686506,-43.61765894262609,-0.6055280124447946,-38.227262334756595,63.13046060481263,94.51078105592077,-0.3447678349086524,-0.24903639661992175,-0.004050730222275535,-0.13949838611173226,49.08714108764255,-20.577297754007205,-27.683531272904915
2h,RSI2,TIME,BTC,2906,1605,0.09567531065004328,0.37281050391563336,10.755369739011211,-0.4659866946489806,-19.599979168211966,42.06124207682856,47.19394928743637,0.3046318336554304,1.4379321118981099,0.8484113544333581,1.1707655961746015,16.89163777069238,-1.538515157129683,35.445154675659694
2h,BBREV,SIG,none,3631,2015,-0.04182215642364943,-0.4789360618725367,-38.93683131828668,-0.6448263191608734,-36.649316126905596,56.83594952296326,91.73820225810375,-0.48382961082758535,-0.21503443764016933,0.04823744322100307,-0.11946127955579693,36.11336654463566,-23.39819601508776,-27.231046495645273
2h,BBREV,SIG,DAILY,1655,921,-0.03515719678290229,-0.3569540885980318,-19.316802126764554,-0.5342428546945093,-16.160746325710974,30.24981276530504,67.11709465342521,-0.2240078484135195,0.3290616248444614,1.4983497380985942,0.4869713162366019,18.46554251027581,-8.040542850384814,-12.628005183323964
2h,BBREV,SIG,ADX>=20,2743,1477,-0.03137032555839582,-0.41234262389903337,-27.51715581863752,-0.6155739708915883,-28.241067391435447,45.877617844255994,81.67155168352569,-0.5247134213802221,0.06355631091173199,0.6248292432104444,0.17756632903534747,17.58821220320147,-18.46028397941385,-17.30867296564448
2h,BBREV,SIG,ADX<20,1233,748,-0.04154487078950381,-0.34571816896326196,-15.829644856744352,-0.5960633558406487,-18.81432660122607,31.56430674167443,62.726695795553056,-0.1691203454921611,0.6054352960025218,1.072279645361077,0.7188263014171373,13.439263545609393,-11.79124897725714,-10.3748847227785
2h,BBREV,SIG,ATRREG,2056,1183,-0.07589272919984194,-0.42708821001217084,-30.301654733585803,-0.6277755244539033,-31.034420788064175,49.43553798957161,84.96694221378343,-0.5638541626406439,-0.044134149098885606,0.4242116781255834,0.04828461284253294,20.869966872959033,-24.07085413021196,-23.85242727740803
2h,BBREV,SIG,NOWKND,2961,1621,-0.050646387349617884,-0.45871532503200835,-35.328453627286315,-0.6263042545789818,-32.43517698937486,51.78821116452201,88.48908893237828,-0.4433314611469428,-0.1757552405824395,0.32529521701608305,-0.06451232209745347,25.253577580987574,-22.467388950436384,-25.516949652068867
2h,BBREV,SIG,VOL,2983,1663,-0.05358463302486149,-0.4680996743160463,-36.87430914027553,-0.6516768160945786,-38.964754519484316,59.791530950871376,91.22819442527589,-0.4970853387443488,-0.19076264047247532,-0.062482794008509236,-0.1129432765192166,35.90670799298758,-28.25654609409205,-27.113095182684344
2h,BBREV,SIG,BTC,1123,576,0.023957915613896884,-0.19686348961764297,-4.556055486706246,-0.5315930537661222,-9.770714956500616,18.38006514057895,35.99744809308342,-0.010427566164594422,1.3339755713821204,1.6945188770785236,1.413235178361903,11.484448425656568,-4.80810662252118,0.9901441116455079
2h,BBREV,TRAIL,none,2417,1418,0.030771246125853555,-0.2207407267172263,-13.468754925083315,-0.3878734042613194,-23.868764634667137,61.537512942202646,77.43965402681327,0.10054737212348372,0.3837538939178871,0.414020376270663,0.37855803716518727,26.34895956975494,-10.336051121214107,3.5070826968597757
2h,BBREV,TRAIL,DAILY,1660,942,0.0309099377757263,-0.23641970091767686,-12.626665368462564,-0.31209531896956116,-11.564973640674026,37.055902276451526,67.72697496905636,0.18079308100865032,0.41221188140947973,0.9953711519940893,0.5066414874581511,25.620240090734093,-1.0892385667286453,-2.4279740673708528
2h,BBREV,TRAIL,ADX>=20,1999,1160,0.010549789138025557,-0.288454874320709,-14.262795290232678,-0.5712674009908116,-32.07694131787703,56.15048445306432,74.04885909018404,-0.12080312874274213,0.4579815347248025,0.17421003770139126,0.35637884210842813,21.096795177513762,-23.70730395595263,-2.1482536977325717
2h,BBREV,TRAIL,ADX<20,941,588,0.0943333555805095,-0.012488423552491348,-0.289950106516923,0.3083695492679441,6.704138665618031,21.740598841660486,27.238691839782724,0.32505539872965195,1.2078616495980656,1.6368126783643622,1.2236682650002029,17.422685597953723,16.87318358634915,7.1247359364683405
2h,BBREV,TRAIL,ATRREG,1667,930,-0.005880832045658251,-0.2803452687020342,-15.187311549495586,0.3178032279702458,9.333695475840553,29.369416841525652,54.173596793022625,0.02367031424253374,0.3776822848740755,2.4910785875531563,0.6816779985171185,23.83565829507971,23.47444256294928,-4.799559029418221
2h,BBREV,TRAIL,NOWKND,2130,1214,0.055362104488416615,-0.11056051422664233,-6.010366299381098,-0.09570803832119497,-4.714233443751037,49.2564002610745,56.81798141740554,0.15235412601492343,0.9668086279515635,1.2282012737233308,0.9523825419812801,18.39519054416858,10.285464147746271,9.92292681143303
2h,BBREV,TRAIL,VOL,2167,1303,0.022726379855875518,-0.2297285002329717,-15.496720878653036,-0.43747618454555665,-30.372985999387602,69.4277473205509,83.93440192173746,0.045927201444045884,0.329218291676964,0.1647750569081143,0.24344679742025221,31.268150471924827,-19.35648788931784,0.856249410160137
2h,BBREV,TRAIL,BTC,1141,575,0.15791608566082588,0.3052938468239247,10.992269135580912,0.15232165235130105,3.5041212892539475,23.004748406827645,44.30450031843004,0.3834490040465938,1.2024685135273545,1.7075497432951787,1.239656159458194,20.269287903078748,11.95726159214001,20.773484731074653
2h,BBREV,TRAILW,none,1864,1046,0.04226238100413862,-0.1834170422146221,-10.402880969119177,-0.22118526929198556,-10.943161456299077,49.47509158873083,66.46550422669151,0.1983037143424202,0.609012322181914,1.082482091139287,0.7167225952666989,19.637338165994358,1.402833731785802,6.7434583184639685
2h,BBREV,TRAILW,DAILY,1398,790,0.05991880171793492,-0.174774681382287,-8.408424737877574,-0.2303079196074642,-6.719616711511778,29.176663672550486,57.376305645424175,0.2727128128377287,0.44438024020550154,1.0313238860921838,0.5317693128076056,29.837458202721468,3.201745383520338,1.4840277802179669
2h,BBREV,TRAILW,ADX>=20,1630,924,0.05588851059421318,-0.09132962729398261,-4.850807043397554,-0.3988435260218872,-21.332595833082056,53.486127870385424,63.43946789599511,0.1478816451359798,0.7667043129469131,0.5388293785791113,0.6855034606948324,20.153068788307294,-13.442886796631049,4.5555642392217655
2h,BBREV,TRAILW,ADX<20,807,505,0.14856346572842827,0.20491018316382215,5.512501704866946,0.07215425712412536,1.6198382126031863,22.44965546269314,29.785528852907294,0.40971019352069493,1.1877925363476056,1.4244200205917241,1.2614260572206233,17.780409247064043,9.572685789136326,13.518733779645341
2h,BBREV,TRAILW,ATRREG,1414,725,0.01881810679200594,-0.20703758181185425,-12.338707972942887,2.7944403991754574,47.507624647310756,17.00076504094652,59.59646487832199,0.23720287560556397,0.4377541484111532,4.383559945408417,0.957423759897873,24.68629713814945,63.40223217896741,-4.683121711697935
2h,BBREV,TRAILW,NOWKND,1734,930,0.012242526910846332,-0.2124052595404478,-14.627571500676362,0.23814022480160696,11.497405802453443,48.27998214930659,68.86633378252515,0.23663416550875935,0.36909576745047123,1.710953992217977,0.672189392988423,25.161878012931695,23.881738614792525,0.6374332002896388
2h,BBREV,TRAILW,VOL,1685,1004,0.12215440267758922,0.15373655704848782,8.400598415404348,-0.4083622609802321,-27.464156098374147,67.25439327436682,69.94312639469796,0.1889474196802699,1.180358832070944,0.2512394744404961,0.5499601774257642,31.348492012086016,-18.356614348558832,27.772092570346054
2h,BBREV,TRAILW,BTC,954,494,0.1814889225999645,0.2660515667983326,10.47835167685902,0.02663049137544293,0.7390860354403284,27.753375820991046,49.19699510432781,0.4144493976752359,1.0383581533372477,1.412731270148647,1.0468040175098314,23.37747066256296,7.440193373722881,18.72337279680685
2h,BBREV,TP2,none,3675,2022,-0.061256170104461584,-0.5793258292944417,-53.198993268307525,-0.7057707816372144,-55.95597020443901,79.28348928618855,98.23364525631467,-0.5086323079341184,-0.34546599304880876,-0.4614992945374617,-0.2603782204066483,63.74192304787826,-42.81970831644008,-37.848256365927334
2h,BBREV,TP2,DAILY,1799,1012,-0.04444382283464754,-0.42073690993853313,-29.471105110908567,-0.6025256731713697,-35.77149517441863,59.369246435818745,87.38069053853643,-0.1679094712787592,-0.009944990882742075,0.05184532287170545,0.0035236162481445104,28.938698089964564,-23.548280996190798,-19.207467964345305
2h,BBREV,TP2,ADX>=20,2952,1601,-0.07181853721576312,-0.5339594633131629,-46.91791538787545,-0.6719324342400622,-48.47128488718712,72.1371412023098,96.49523072439199,-0.5349557308200341,-0.3103031196122163,-0.3147193256242707,-0.21143405177246685,52.38881662233934,-35.997351010727655,-33.155413938816935
2h,BBREV,TP2,ADX<20,1213,749,-0.004337665871933836,-0.33197530486431076,-15.034367460758624,-0.6080115332054498,-26.14189308279663,42.99571908607722,67.99716220212672,-0.14870764669939823,0.5430552371083521,0.558618834282488,0.5155236383519457,16.252959807529955,-17.61789224451078,-4.52097762416831
2h,BBREV,TP2,ATRREG,2348,1320,-0.1159800732905074,-0.5349554299641012,-47.40390403713546,-0.6537344109648626,-43.57776370235577,66.6597366934353,95.84915394070632,-0.5516913870752923,-0.2985955543928035,-0.20824724624452395,-0.2040210926826259,49.77442499243936,-32.79725963182921,-39.05153384372889
2h,BBREV,TP2,NOWKND,3153,1700,-0.07123644746725714,-0.5551890711164701,-50.01914154380851,-0.6579635647666258,-48.15742678735323,73.19163152208021,96.96627304095996,-0.46483710260458494,-0.31398040800982324,-0.3734201991418565,-0.24353699200821152,51.97336958167232,-34.97166150709348,-37.163018603308295
2h,BBREV,TP2,VOL,3140,1726,-0.06800424985815916,-0.5516769464562703,-49.62914297854426,-0.7378086548779937,-59.8618672304438,81.13467744606864,97.98689847990994,-0.5059066873578902,-0.31468167592579466,-0.502568958007705,-0.2584890210854131,62.895800471761355,-48.11012483952756,-33.82747403826401
2h,BBREV,TP2,BTC,1205,596,0.07068851156114127,-0.09379143310234121,-3.9012639286443607,-0.5817030944769727,-28.069809648070244,48.25453038600161,68.13174445227945,0.04681357339259172,0.8065889457128418,0.40750828117531096,0.6248263823965109,19.58401462230095,-20.7306678857362,5.5905405540229935
2h,BBREV,TP1,none,4492,2474,-0.07852558819854825,-0.6627870673495018,-63.926236443907605,-0.7609569405589925,-63.67155721346295,83.67300936461707,99.41466603755393,-0.37525378101304796,-0.41235611654505394,-0.5855875084280157,-0.33349153038064655,79.60963151687994,-47.43689407875545,-49.51281010043027
2h,BBREV,TP1,DAILY,2000,1117,-0.06077068848006415,-0.4515038102684367,-34.14055874823938,-0.6427764842695352,-36.158061325785106,56.2529311676296,89.25952786746866,-0.1494159052420807,-0.14399075332051656,0.008826423660864639,-0.09044987288306372,28.47345343829909,-23.1736974749958,-22.73731417765017
2h,BBREV,TP1,ADX>=20,3351,1811,-0.07241135074135852,-0.5655508372541431,-51.18206742472494,-0.6878053048984885,-47.012522657042965,68.35149761454869,96.9003861505794,-0.4198057094502668,-0.3319545084424126,-0.3203730209303309,-0.23564749352482575,58.46434779518776,-29.087993273804692,-37.76630365575377
2h,BBREV,TP1,ADX<20,1416,861,-0.08189921711457938,-0.4161715447692315,-28.28530650399036,-0.6535110799887409,-34.05961147120905,52.117879121186206,84.6169588619693,-0.09935770431012894,-0.00686966080525772,0.10443950507174973,0.017770160841643966,23.212385400361512,-25.922324267924658,-19.387637720737526
2h,BBREV,TP1,ATRREG,2552,1438,-0.12048140363132644,-0.5586141198168272,-50.4227709432524,-0.6747277935020497,-45.06020885710578,66.78279639738732,96.70028609763412,-0.4550093254014149,-0.328281105884608,-0.2907568444154027,-0.22964175400221135,56.26028826730817,-33.307105079474844,-41.39204966949329
2h,BBREV,TP1,NOWKND,3658,1986,-0.1011629667362365,-0.6406082339136053,-61.2056166382708,-0.7308915730614078,-57.40406418547423,78.5397811402202,99.02821964359477,-0.33851935594020466,-0.38927034606347743,-0.5481003857786323,-0.3087901588013368,74.0950907934679,-43.10729570095128,-49.2653159304566
2h,BBREV,TP1,VOL,3638,2013,-0.09744043243618908,-0.6340562761810209,-60.4097728631908,-0.7450727480048586,-59.902581365912866,80.39829872494846,99.05041406042066,-0.37755463978681414,-0.386389099446908,-0.5110869005754652,-0.3052691705988348,76.03196324469343,-46.534173016645084,-48.1012141379626
2h,BBREV,TP1,BTC,1318,659,-0.0004113252686851532,-0.3245297063381048,-15.140737535850668,-0.5594106316750774,-18.17986725369841,32.49825123856035,62.81277815181612,0.01737851980136288,0.40542733547288723,1.1590505714088981,0.4753829073358539,21.173719685335037,-8.900230075797344,-5.204053730443093
2h,BBREV,TIME,none,3708,2066,-0.005266391813465979,-0.4026586382436009,-31.774588493714706,-0.6749810452760929,-46.20201129523912,68.44934627214715,92.9789310100697,-0.33804946319292684,-0.04833398970882599,-0.28360925140238374,-0.08404852129138428,39.43283579704693,-32.206762687579435,-13.635050276918326
2h,BBREV,TIME,DAILY,1770,988,-0.017814043688265602,-0.3277084838105975,-19.660371313405957,-0.5826487574448974,-23.592012193827273,40.49096800152093,75.65608336418028,-0.1436827574942883,0.3097184038997593,0.7862160768380239,0.3739066453560912,19.328280749086847,-14.336017564830527,-9.699937880985143
2h,BBREV,TIME,ADX>=20,2846,1540,-0.012794132899654887,-0.3725369954440113,-26.158101330341587,-0.6300119939245762,-38.456838765412456,61.04143910951708,87.79967942597882,-0.4628097797428633,0.11107526984775412,-0.03744729462313354,0.04705395122754874,25.410238666077912,-27.480441018547495,-12.431911897302117
2h,BBREV,TIME,ADX<20,1177,724,0.02809202067198709,-0.20622509306751097,-7.514258816944864,-0.5676044407026878,-19.257658726219585,33.92795641693505,57.39192347465658,-0.011522268970960177,0.891332186840951,0.955751594092875,0.8649853497483017,15.041794645127847,-11.182906194028952,0.7231037808879126
2h,BBREV,TIME,ATRREG,2161,1240,-0.058808317924224404,-0.42489790828096585,-30.878886194155708,-0.644918730223014,-35.63206106212199,55.250467062416305,87.27309169100832,-0.3927310030144315,-0.05079905953554187,0.10393170256469682,-0.013079605204601628,23.556490083688953,-27.23159510293526,-22.008788710173764
2h,BBREV,TIME,NOWKND,3053,1658,-0.01811734540557406,-0.4139241435081564,-31.019573722806236,-0.6548337699421446,-41.84225760964042,63.897525647367324,89.9349929668153,-0.2837795177838373,-0.04895980658285166,-0.16329562404501996,-0.08499254343123572,22.184098045761967,-30.69754962767588,-16.489566563956327
2h,BBREV,TIME,VOL,3059,1719,-0.01877208384291307,-0.39909455864186794,-31.260353812767463,-0.6441317940376671,-43.796561486483235,67.99316831102135,92.27119258744729,-0.3800770318391033,-0.04574365686041671,-0.18301416202120094,-0.06612054877622817,38.42402110649762,-32.001391948959764,-16.19557407983452
2h,BBREV,TIME,BTC,1180,602,0.13615400048579468,0.3470736502075157,10.615640905462165,-0.4950853446419618,-13.814805320243561,27.903886612184447,45.855963558199896,0.12649780470876096,1.6782262081598935,1.2618985623237562,1.470337960419881,14.372872504361766,-7.287274528767607,20.748409682121903
2h,PULL,SIG,none,2137,1247,-0.007244097027823869,-0.3428669507557649,-15.969747503133913,-0.6257034453361656,-23.250871460472645,37.15957077394847,66.41763846861714,0.06274127263248004,0.5294434072508585,0.7080239077998709,0.5592192531063412,14.770997480288194,-12.73355160653471,-6.199597636578124
2h,PULL,SIG,DAILY,1664,1023,-0.00977121088637729,-0.3218702245341326,-13.051086145650704,-0.6088813602687274,-18.42262193744302,30.256505026385216,58.3969468720246,0.041669709061307535,0.7430287121584539,1.0342064448760748,0.8171066326672692,13.02551258481649,-9.508711044316975,-5.426216339791212
2h,PULL,SIG,ADX>=20,1584,920,-0.0003473014912653524,-0.31040601732543405,-10.520096857036664,-0.6033171657694252,-17.61004870804466,29.188708207209935,52.99793788517362,0.032915666916517004,1.1227180612778669,1.0856445611784231,0.9911682351171128,11.978303045313643,-9.59986017062404,-2.9585513330702473
2h,PULL,SIG,ADX<20,553,327,-0.026999113537604508,-0.3078713079396067,-6.070403159208604,-0.5791412425562431,-6.832654087731349,11.797906254393197,29.11278106908457,0.07638290994710635,1.3373420571640426,1.9847447989817637,1.5422953430679762,10.439236202729841,-3.456619369716696,-3.3212236054009248
2h,PULL,SIG,ATRREG,923,583,-0.013808457903319256,-0.3056636502935275,-7.5370589073166405,-0.5556877357817378,-12.539712612502896,22.566113673288314,40.289352131463744,0.04470655245476037,1.3640129556143759,1.4238778065988955,1.2356173358766886,11.530023320185578,-7.681032868398196,-3.4814786000902265
2h,PULL,SIG,NOWKND,1671,959,-0.008183662440343232,-0.3190319682431412,-12.770601152641047,-0.5999201744730656,-18.631562917253664,31.05673672937992,58.18079959197311,0.053292598472586106,0.832979575007249,1.0434048306586545,0.905619868579233,11.825488633597026,-10.487823458820655,-5.103245968996961
2h,PULL,SIG,VOL,462,249,-0.0031532624353079255,-0.22135483736490377,-3.5863047073392385,-0.5481219433621354,-6.378061939792834,11.636209819789956,25.177426179685945,0.03891492223479887,1.8206980788462128,2.147051966209196,1.8059064345904616,9.523375096550591,-3.9230815575148514,-1.102572016267056
2h,PULL,SIG,BTC,1396,797,-0.005654873125151922,-0.311455537941786,-10.324641075374997,-0.6039632283670122,-16.67297857771003,27.605949823783494,51.442181957910925,0.08465450546962279,1.0051899939193718,1.195956539056046,1.0667290673168923,11.396713002777915,-9.700811768155459,-3.7946674492137955
2h,PULL,TRAIL,none,1381,800,0.09764347567846246,0.06206143378686373,2.2851243701970114,-0.10157492527149421,-3.2201247954854906,31.70196568571023,36.82036058085229,0.31103445369895466,0.9332299836693486,1.3041523324746327,0.9898017462780826,20.634979413664155,7.452340236676136,12.288244427926355
2h,PULL,TRAIL,DAILY,1121,669,0.09963000595459914,0.061961762020461345,2.2671251471142684,-0.012551278336105712,-0.36779708328487093,29.303555656705115,36.58910065155355,0.24746336389846957,1.0199230241961499,1.5637057912095258,1.1158933572432732,18.848770039079977,8.604484802371237,10.225703162992762
2h,PULL,TRAIL,ADX>=20,1066,611,0.09953897018780208,0.10260745361283172,3.6153051007352666,-0.17570755905880944,-6.2767749078120545,35.722850749472954,35.72285074947299,0.2360104887593706,1.2042006563799035,1.2442885952570668,1.21738280767957,16.605552420590197,1.4042875444586045,11.445082683001528
2h,PULL,TRAIL,ADX<20,410,254,0.07887155623567593,-0.0769731499925907,-1.377656135476879,0.4178274201197186,4.00521105454712,9.585802323360015,20.729794803114153,0.26310222871914596,1.249344675412708,2.339823460630073,1.5049956563630082,13.427707906667518,8.169634323436314,1.2915003691599702
2h,PULL,TRAIL,ATRREG,670,447,0.05483101304612418,-0.07165577240071494,-1.6012449131451834,0.5043735379406336,10.38042332400424,20.58082461341588,22.34634921232399,0.22557169563855653,1.1609476177284705,2.0093634295170535,1.4021375759753956,15.336581529833582,17.002835054206187,2.475924473449842
2h,PULL,TRAIL,NOWKND,1133,652,0.1320192700924479,0.2531016936024579,8.729594253723283,0.18391223749316649,4.720870876465089,25.669150355698868,34.49046163805879,0.3017189361777618,1.1798317085783454,1.632945514341903,1.262852809068299,19.385201779935368,14.580668532988916,17.733038715692118
2h,PULL,TRAIL,VOL,436,236,0.1041652681934216,0.054630881634627634,1.0574702217738707,3.5011144826203533,28.345585974879263,8.096160841237177,19.35663840913737,0.2514909837242666,1.6817698336132278,3.6040234635717874,2.27292472383231,11.328486560285278,33.912634967414654,4.039497405479353
2h,PULL,TRAIL,BTC,931,538,0.07805059478758018,-0.06464029742932538,-2.233103582490037,-0.12666863875839365,-3.072814979333771,24.25868793928404,38.542873717842596,0.3048213631349248,0.8612031233692425,1.7197014602470577,0.9723684181922505,19.112691674898507,3.700755522895993,3.837839764651685
2h,PULL,TRAILW,none,1187,697,0.10884921457178735,0.04520181250720285,2.161704537766451,-0.20605838744646054,-7.287194881895164,35.3647088682016,47.82340392704355,0.4127945741833306,0.9015680414764109,0.8949227869107695,0.8714126783162858,22.373813235786855,1.1984574807966775,10.314022547954105
2h,PULL,TRAILW,DAILY,956,579,0.14362060712453711,0.16092866882274384,6.54753497306626,-0.10065490642227841,-3.4127497285010744,33.90544832641874,40.685945027471114,0.3571902937195167,1.187943869196481,1.1350452588146718,1.1061452981410944,19.87087154244599,3.5616323038078823,13.559883956476671
2h,PULL,TRAILW,ADX>=20,975,572,0.1458719192709943,0.20458431084216233,8.669993293873057,0.0056594147676004665,0.1735560081209453,30.666776556921494,42.37858347095831,0.37984914192584257,1.228616114447111,1.1904127838762164,1.1313685769638386,20.763471341496675,8.015129613945327,16.13614817605402
2h,PULL,TRAILW,ADX<20,377,231,0.05406955313214418,-0.12190612859011814,-2.453139428097695,-0.251988249466442,-3.8546747560393557,15.297041684289702,27.990918186539947,0.32557934686046885,1.4332176205433929,1.572763115225504,1.3021640774321899,13.905504303585081,-0.8489068683637635,-0.17946337833523174
2h,PULL,TRAILW,ATRREG,636,415,0.06695857665942295,-0.048077236995350825,-1.4127899503941332,0.26921209635459686,6.396924493068168,23.761653282630956,29.38583909326472,0.3564234955599489,1.0490632632275176,1.4185297329209314,1.0372422040495775,19.966040849056743,11.987351222492926,2.458486395113302
2h,PULL,TRAILW,NOWKND,1013,594,0.18780987491476636,0.38052789193250586,15.382390885570874,0.06010122789903148,1.8126806266085982,30.16045911164835,40.42381967705864,0.4154759048420353,1.3649515798906606,1.1425048859982943,1.1688386693055226,22.464823503948594,10.190096667578285,24.004286969330657
2h,PULL,TRAILW,VOL,421,228,0.10695265273213528,0.0386311007436441,1.0096203192804243,1.1546073162874773,14.870965518306555,12.879673728486873,26.134909434247355,0.34471325696837335,1.5623904507591613,2.20676356965684,1.544979264509946,15.041782715201013,19.102843561458904,3.745583350159354
2h,PULL,TRAILW,BTC,794,469,0.06908719491883716,-0.09850187097989772,-4.043898837426774,-0.09323504611874157,-2.20594666119881,23.660058669240936,45.2771117240967,0.37388054018369865,0.7967013941155883,1.4160398835152375,0.934365678233596,19.383559127338224,3.9819997644439775,0.693557301552894
2h,PULL,TP2,none,1437,835,0.009759377130744349,-0.2809423902858061,-14.834740666851488,-0.5181967904681524,-24.80410376983081,47.86618563851417,71.89805468641282,-0.04923351051709619,0.4326109395845903,0.6127306382290444,0.4238794407974894,21.116100193897104,-15.715374989271446,-5.269794429335262
2h,PULL,TP2,DAILY,1148,690,0.023636880689317054,-0.21926897488961053,-9.788546371780438,-0.44211630704605454,-15.110803276050655,34.1783441036401,59.633823052382674,-0.04140444202332441,0.6916625161780288,1.2783036571046213,0.7524173263896753,17.622040545029773,-6.2832445201495,-1.934249994283721
2h,PULL,TP2,ADX>=20,1125,668,0.04703187219910026,-0.18402009131731834,-5.9206960792015595,-0.5016390114145788,-22.40530358196018,44.664196906813835,57.248638249334526,-0.06843319264273162,0.9834784787819685,0.6407982052212275,0.8175443182192293,15.899821603331732,-14.65404018252875,2.5442196457773125
2h,PULL,TP2,ADX<20,424,249,-0.06973153426846383,-0.2768110939037242,-9.306153563637576,-0.4425178448735871,-7.87297975535316,17.79132716693541,42.54226855768904,0.022870363029816387,0.7723786101403781,1.715891170295676,0.9373920755662573,15.650925282425266,-4.080479191875419,-6.312797084064337
2h,PULL,TP2,ATRREG,719,466,-0.023113840746712966,-0.32698889666090725,-10.399996547322676,-0.15893206073724978,-2.6259921227370198,16.522733742679975,35.54122723863667,-0.05711749585435727,0.7766109925021581,2.0472135787264483,1.0435903577132142,14.91022247493513,3.9351184945952244,-5.665841323939402
2h,PULL,TP2,NOWKND,1192,684,0.03144279023699378,-0.21695602019386268,-8.97587789073172,-0.44853238927441014,-16.638145299295537,37.094635074650974,56.62881415866548,-0.05222163147665886,0.6931730184052094,1.0079070034906774,0.722165345157232,18.334543681413706,-7.839218844709395,0.15180995723602653
2h,PULL,TP2,VOL,434,239,0.061195355879801544,-0.06913711429368793,-1.4637671634540328,-0.12619456428617884,-1.9081842652458936,15.120970352721308,21.17194474209739,-0.037327308640466336,2.0139663415558986,2.3578087080187555,1.924565158008045,9.950072668615684,2.2642832051085415,2.1849307154645503
2h,PULL,TP2,BTC,943,552,0.011740872307538536,-0.22797026507563783,-9.91771115347756,-0.48598837986494775,-17.73294646615812,36.48841659770952,59.2993113938052,0.02752051833622969,0.5899941716939278,1.0846748405915234,0.6133168993486968,20.311442179193094,-11.16893074428502,-3.1134650857353785
2h,PULL,TP1,none,1574,933,-0.024412548046834043,-0.36145058855518325,-21.792956536015463,-0.5576862672850624,-20.390188500696237,36.562113318586974,72.6897571162677,-0.06415612847262898,0.17401085448285675,0.9287424585720933,0.2740546781300452,24.747081922340406,-7.808197021694541,-12.719852219990646
2h,PULL,TP1,DAILY,1263,763,-0.011512585054630738,-0.31926505926814985,-15.980431829611186,-0.42207489766292805,-9.020243938506034,21.371192621148637,57.18168621667732,-0.05708424066569815,0.4023481640736768,1.9104665116559398,0.5905040299042346,19.99957403078022,2.2658624718120857,-8.391035210269271
2h,PULL,TP1,ADX>=20,1191,702,0.0021766631962615254,-0.3012099537507348,-12.703153304948634,-0.5318759722759714,-19.824189487958133,37.27220352355393,60.23471532128042,-0.07977498649212927,0.6423747143874278,0.9307507072831996,0.6803500100857932,15.738953250742904,-10.549518761305688,-5.029389616473634
2h,PULL,TP1,ADX<20,451,267,-0.08929610628772272,-0.30474311072044274,-11.040764324784636,-0.21451088794226425,-1.6065704464592767,7.489458749020173,36.915392732283756,0.00815801134853039,0.6902891416625269,2.5266038495508,0.9584468719072502,15.898576295881417,2.9459776584200625,-8.168682372932567
2h,PULL,TP1,ATRREG,734,491,-0.07287850586078018,-0.3541818434219733,-14.580230073636248,-0.4534261616517444,-8.761923463276721,19.323815439670966,49.81309092109023,-0.08918725709585515,0.6500508906894916,1.9366055847127905,0.9092948504188342,13.600114461514623,-1.6412063136200694,-10.656887168836004
2h,PULL,TP1,NOWKND,1277,749,-0.020808931733104528,-0.344722728631431,-17.547229061652637,-0.5450634520155514,-18.837323163226984,34.55987205447326,64.75845524241018,-0.06007225555939268,0.3882971348280228,1.02433667637308,0.4927012254508462,18.131487476021114,-8.203603821332162,-10.209958164273447
2h,PULL,TP1,VOL,446,247,0.006210267657522448,-0.2169767594789562,-5.009116747482157,-0.07642446056663675,-0.7083495260787998,9.268623171519398,23.08595980284226,-0.036578186046842695,1.6819985086618405,2.755017626864866,2.045248018002788,8.763665893644434,4.625899990191162,-1.7402355008877324
2h,PULL,TP1,BTC,1033,596,-0.012543228811402189,-0.2949350688534495,-13.440228323896708,-0.40178756822597594,-9.405304284220495,23.408649316224494,53.01417354273492,-0.00124957556052136,0.44434960660187994,1.7607897579342289,0.5896895569519021,21.5796665869981,-0.9158282986334587,-7.008997387443938
2h,PULL,TIME,none,1494,864,0.008520508925527312,-0.24238628975389465,-11.761226338262997,-0.5005258262902559,-16.255826102057615,32.47749716041791,61.56576003298496,-0.024950187298696164,0.5505891435238832,1.284393144928483,0.6130012810849685,19.581451900013935,-7.1284477563621,-3.5804411858243124
2h,PULL,TIME,DAILY,1187,709,0.004920216575406333,-0.21494939025551188,-9.699120533978844,-0.40056186649420356,-8.323254511440448,20.77894879082528,52.33121472235186,-0.03979088970064392,0.7104227335465442,1.960811409483848,0.8625746128286613,16.91524358718306,-0.14343944402535058,-3.1945113678033987
2h,PULL,TIME,ADX>=20,1124,638,0.032953010374131994,-0.15266918671463375,-4.8031092886643645,-0.48456547392224,-16.00799082962746,33.035764393309464,49.58297352060094,-0.03892752536314103,1.1925137693886674,1.2557143106872257,1.1756247189323525,12.554290930670275,-9.665450880670967,1.9873841987506191
2h,PULL,TIME,ADX<20,429,259,-0.024404929753097045,-0.25111394256777675,-5.903676878070718,-0.28153628690885774,-3.1204059996127076,11.083494898200751,29.825193182231878,0.06701971491775831,1.0133305207624834,2.1952520312144803,1.2228562898175963,13.916525971207639,0.5593593000921881,-3.54528085443353
2h,PULL,TIME,ATRREG,690,458,-0.028982287250883684,-0.26327017388376117,-8.262033002630332,-0.2028247816082973,-2.885696056327536,14.227531929014958,33.59948467948314,-0.06334257044227068,0.991849935770789,2.077477711618152,1.2607427684899624,12.885428295463154,2.374920549840853,-4.870709768202142
2h,PULL,TIME,NOWKND,1195,688,0.03234641998660717,-0.1577648175949847,-5.677380809123111,-0.46711732082495994,-14.597586059472933,31.25036347119956,50.79579135747536,-0.02306119181380312,0.9493631351899431,1.354645423002491,0.9696049250823368,15.25826915235654,-7.488131519667995,1.3574065498043408
2h,PULL,TIME,VOL,442,240,-0.004137911866007584,-0.1728457565629626,-4.472194832912413,0.24472884154038815,2.1053968273266,8.60297794928736,25.8739058559608,-0.007186849397393883,1.487523970516265,2.8307970706089223,1.8564431289698722,10.083467361190845,5.430397397183362,-1.929021678185161
2h,PULL,TIME,BTC,986,563,0.04003157253901497,-0.13354249025984538,-4.058997625562421,-0.3618572200503926,-7.6856304202093,21.239400499288063,38.29918257752794,0.04049925642020817,0.9926172986722359,2.111933061539568,1.0921849358921627,15.493950344002528,-1.180243326599384,1.814377242992271
2h,MOM20,SIG,none,5543,3050,0.0442115609872459,-0.29016760745869213,-14.507691712278358,-0.22090587462219846,-7.788087768888207,35.25523158769629,58.49590347549978,0.678751395219098,0.3477687042089064,0.7330065974759217,0.4691844982521396,26.162962893206874,30.421071214162843,16.23284580421922
2h,MOM20,SIG,DAILY,3484,1806,0.015565353023430581,-0.3335343879744259,-20.10652547888958,0.009269991425901392,0.22102060233082366,23.842589725948116,61.773523578252096,0.5790021590768368,0.19700325769259358,1.1725605473137992,0.45399797384023044,24.988916045532207,23.695432724147246,-2.980223084733191
2h,MOM20,SIG,ADX>=20,2803,1395,0.04058570059598083,-0.1634507602296428,-8.779484569941198,-0.5489004410600917,-23.01678085344765,41.932523881735875,65.73280722820375,0.5844625122065367,0.5060187936309192,0.4564745419859161,0.4567052421630552,23.8615301261781,-11.44276016857927,5.504992019320509
2h,MOM20,SIG,ADX<20,2884,1741,0.037737268767928475,-0.2249500636767408,-9.463657289632742,0.7840524655423482,19.979341322795996,25.48214845415453,42.070036055790005,0.5193008121791558,0.5915298535062716,1.9982467640864479,0.9865027395246959,20.000911417101797,49.148849116038384,7.698926788522709
2h,MOM20,SIG,ATRREG,2028,1224,0.07995291607072681,0.36596488864825666,8.447634240327107,-0.3303773457896155,-7.850622738477542,23.762594011142713,23.762594011142657,0.597973242113965,1.9653293712976638,1.0182369456908549,1.127789371659358,18.6274879776566,4.233990539113219,20.08814212884269
2h,MOM20,SIG,NOWKND,4027,2252,0.058558909707627844,0.03332305968607123,1.0072411293352124,0.17473982188863374,4.915623260923807,28.131099183886445,30.226549987432005,0.651582002930176,1.0939797439543448,1.1719827758812733,0.9158245852972086,23.033135405289208,33.87383510191253,24.739281827556738
2h,MOM20,SIG,VOL,1724,963,0.1229286823739887,0.7175919423768938,13.587904233690008,-0.3789169771298786,-13.14497202542244,34.69090280670331,34.69090280670333,0.5265322888499292,1.9455617048291756,1.0784450105975456,1.4962771492736489,14.50236203262618,-3.593332995484,26.364025941458213
2h,MOM20,SIG,BTC,3742,2010,0.05362846930846635,-0.16181095938507237,-6.439090151552596,-0.07681985523408881,-2.1217086778692718,27.619274618572355,39.79390627200387,0.6358684021660806,0.6248950120896257,1.1969423298598796,0.7708800985027084,21.686623291497487,24.53567106428085,16.175915670821084
2h,MOM20,TRAIL,none,2278,1308,0.11485618925876742,0.2948523421873762,11.28315428471418,0.7191380255351598,20.960131721546983,29.146187487372977,38.26713466479378,0.6729304540813469,1.1082481245691258,1.719391150821474,1.3064111053200378,21.79879909781446,46.45407881530552,29.331188928213447
2h,MOM20,TRAIL,DAILY,1523,879,0.06478837902692883,-0.11652236630544828,-5.484343714391593,0.01588310937525834,0.43314206026090485,27.270608671600847,47.06687555602069,0.5595036678978774,0.6640781716790326,1.0934609223685159,0.7932783920535196,22.41347137829621,16.739888258823065,4.59914910015129
2h,MOM20,TRAIL,ADX>=20,1497,808,0.10138304902574946,0.17527170619595386,5.726805927220369,-0.26139875504801535,-8.104130902160167,31.0029437618077,32.67387561582699,0.6304165919179746,1.2628114378288586,0.9089871461060642,0.9687847832711626,20.672466652973853,2.2494842345101684,16.470805528766675
2h,MOM20,TRAIL,ADX<20,1310,825,0.07697724398621554,-0.038883669580595824,-1.2466583873682158,1.4498988976340559,32.17485333172958,22.191101313500194,32.06123292412549,0.5478709467550315,1.1628567268356402,2.2848102021480954,1.3596684229268523,18.61771024226383,49.290944505522006,7.98011021453171
2h,MOM20,TRAIL,ATRREG,1232,760,0.2104240058617952,1.2679829598033143,27.23736349251937,-0.09909371542382765,-2.3719687924867117,23.93662183662919,23.936621836629236,0.6626244465380242,2.588957783853706,1.0815813762363884,1.3896940328538803,20.657776476375755,9.302070391600047,37.116043700885996
2h,MOM20,TRAIL,NOWKND,1970,1127,0.1640695305189212,0.8053037400524027,26.423781984861662,1.0657026874827285,23.842566239723716,22.37262467268586,32.81219330130295,0.6730292968788365,1.7754144514075558,1.9122307174507749,1.717758026238101,19.968143115569315,48.347066867491066,44.12673954157764
2h,MOM20,TRAIL,VOL,1446,814,0.18920842634367022,0.9857058762036358,23.663739416680695,0.5315149382234323,15.331561107784886,28.84502392167946,28.845023921679434,0.5967983886819035,2.0743674578947493,1.84263000295751,1.7496588891037046,18.10595755887374,37.85638181166717,36.53576913098575
2h,MOM20,TRAIL,BTC,1688,983,0.1392929606195493,0.27748734216763876,10.32836647525639,0.31747526257987213,7.950280173328239,25.042203630993342,37.22103644286845,0.6282023050852794,1.0344933729003971,1.575677630117092,1.1171683086353303,22.920505212260068,28.000351961427295,24.230879797182347
2h,MOM20,TRAILW,none,1523,925,0.1998049960522444,0.516735517215181,22.765701022862196,-0.203802539520435,-6.693912920989797,32.84509082537025,44.056776173529435,0.7205756772907268,1.237547927262683,0.787417157456012,1.0445254009986582,25.48836082146798,5.9130187582023375,36.53346312684873
2h,MOM20,TRAILW,DAILY,1148,693,0.11956284015292568,0.0450266342233552,2.1523663961071415,0.2534617268288975,7.8271227265216625,30.880886137911702,47.80207166785553,0.6129800886275796,0.859388540828864,1.1903283734378804,0.914872240852943,24.425912621348346,20.33084312481499,11.509584406029294
2h,MOM20,TRAILW,ADX>=20,1115,653,0.23580340390793902,0.5122849909300742,20.772999840563756,-0.24807697661566316,-8.454238033354223,34.07909169439803,40.54969442467859,0.6862010585267392,1.2974108783906009,0.7610538720892188,1.0377940851364453,24.32219068304019,-0.022831821156943377,30.5878257874028
2h,MOM20,TRAILW,ADX<20,1031,645,0.03426071716440039,-0.22521319529278322,-9.704750916886162,-0.04449551235746361,-1.11579509998746,25.076576060603518,43.09139570738617,0.5790323713050484,0.5506430405708956,1.0854033314500144,0.7297252416712692,21.407512542347984,8.986627445082584,-2.824858947543085
2h,MOM20,TRAILW,ATRREG,991,622,0.28009418976842104,0.795898829297248,29.429553295436396,-0.2665696775496654,-7.8666944397142835,29.510837511699417,36.97650029391512,0.6917627251635442,1.7446361202309701,0.7887618706237135,1.18022686578983,23.841168367926347,-1.0876565195668153,37.14658031930309
2h,MOM20,TRAILW,NOWKND,1393,846,0.26689338420186903,0.9214065071314449,38.10526754391914,-0.2582263680591418,-8.326616566306521,32.24541563625086,41.3555442131072,0.7130863394116904,1.6761601103492934,0.7650126829430884,1.2685473504481912,24.442673098825342,2.3524776609313625,52.24405707481914
2h,MOM20,TRAILW,VOL,1095,663,0.3219950537841629,1.144539015768929,37.8654942179562,0.17289053700022627,5.6654663978099595,32.769094804781275,33.08362030150387,0.6553508883921377,2.1787127597811273,1.3878428914191998,1.7268074346913176,19.84626559544497,17.157555327332474,48.82062492430326
2h,MOM20,TRAILW,BTC,1253,750,0.25698241601250327,0.7339271351831587,26.626094830789725,0.13912852639492249,4.372311165841358,31.426417566088205,36.27893499828825,0.6425788873069466,1.3605571086212938,1.2273485570237903,1.2798711920873274,24.104175893882896,17.916959013063693,40.07460068564295
2h,MOM20,TP2,none,2514,1451,0.043448966830430036,-0.2679698690106038,-14.282835092738965,-0.6346983488945351,-32.48491433118098,51.18165879549002,70.88232866951685,0.2645455271765603,0.30885292727039054,0.11999368678414973,0.2296159290031322,29.76378276444561,-16.37209985812882,5.5263275355385
2h,MOM20,TP2,DAILY,1733,982,0.01251005389428715,-0.34944131452352134,-18.450716367568344,-0.4371250924415277,-17.317447460308657,39.61668584062154,68.4247663529773,0.22363670090134377,0.3089422177310721,0.6901613222245665,0.4248342808256087,20.874178713599523,-3.198960551948582,-7.24166233766984
2h,MOM20,TP2,ADX>=20,1724,923,-0.006923820204291538,-0.3492200907576351,-19.847362393957958,-0.6173167902751551,-26.609646362105366,43.105333892254436,72.64488776789864,0.25277900976892415,0.19772554792450728,0.35296496202260963,0.21582614669309177,27.331964983141766,-13.964197337043515,-7.553265135661425
2h,MOM20,TP2,ADX<20,1395,890,0.03865783040803033,-0.25328672775926786,-10.719751506770269,-0.40250225490141867,-7.996953686507446,19.86809661095208,42.32259464048459,0.15565385579736454,0.7362101099817224,1.5275488291805428,0.9206321771086542,15.354995866061415,3.4486680032337347,0.7648551021586236
2h,MOM20,TP2,ATRREG,1367,854,0.029411313923370153,-0.1867636786417272,-9.124647145877363,-0.6333159977486736,-28.470632866617894,44.954861345404126,66.02350884506461,0.26429897757153153,0.6117090145196431,0.28572300723248095,0.48422544721345584,20.105328288042845,-20.30145768405014,1.1935299977826608
2h,MOM20,TP2,NOWKND,2148,1269,0.06010333103531695,-0.1788599329141311,-8.148323696352078,-0.6326082128169104,-35.25695533558372,55.732686710768,69.20149425392455,0.2404535097025667,0.5436074997539998,0.02173142747319723,0.3519879359251977,23.906315181666105,-21.52868971539894,10.658993531462091
2h,MOM20,TP2,VOL,1489,828,0.09889227370108478,0.01634923176161045,0.5572019168669007,-0.4982413130278875,-15.539331276775926,31.188363691362863,37.47324024163742,0.18067278520135,1.1921636689222705,0.9569748559115657,1.1049307768385053,15.318349224940597,-3.9036044722194574,14.17868836655629
2h,MOM20,TP2,BTC,1923,1091,0.03987958842745865,-0.27856215849109955,-13.90605296082562,-0.33035936047057474,-12.910351474141912,39.07972050724394,64.46358018242138,0.2830020804650116,0.5531547106796738,0.7818531692676096,0.5601952002836641,21.19013999637095,3.481893610226794,1.140801660366142
2h,MOM20,TP1,none,3485,1952,0.03294109997148558,-0.39489699713184573,-22.22728073721173,-0.6520215918028793,-34.55692289373724,52.99966033055017,79.20850673654476,0.1649699201546781,0.17896159191402763,0.04220478197608718,0.12219774278605029,23.617404140400733,-9.190679051254968,5.603652017326022
2h,MOM20,TP1,DAILY,2236,1210,0.013046106894439935,-0.38792122761770553,-20.997026902140682,-0.564847692123322,-24.392008821351475,43.1833380245555,73.96662832366154,0.16264498547807144,0.2688201071271126,0.5009487519625618,0.311170164319037,19.151595632259756,-7.970812083912826,-4.60241861495706
2h,MOM20,TP1,ADX>=20,2110,1070,0.013771820471861488,-0.36216205919216743,-18.062703690637406,-0.610730503135139,-24.5248370768257,40.15656161093853,68.73520577685741,0.15906609328931803,0.35262861340134233,0.45047231266382937,0.38402398891230133,18.62275866744382,-9.783574538447082,-1.7267949632240986
2h,MOM20,TP1,ADX<20,1785,1125,0.04167979332912686,-0.3480096165269727,-11.638964501427996,-0.5737707218137683,-12.657625585116817,22.060424319150197,47.53424595469038,0.08289134296739914,1.0246702423604597,1.3152718436981616,0.9622995294305922,13.171691492880699,6.85183244936729,4.538020766037332
2h,MOM20,TP1,ATRREG,1593,985,0.038493051599314765,-0.2093513877896854,-7.97887603441334,-0.6212314277948796,-26.425925433957854,42.537972568064056,63.30061798869623,0.16969985295862455,0.9390554000302026,0.3508488663378762,0.5183229029312391,20.67412432645206,-15.840752768807853,4.430523248179474
2h,MOM20,TP1,NOWKND,2831,1633,0.045633092906314225,-0.3058180111535205,-13.212323817711258,-0.644945237950775,-32.18387318205319,49.901714577059344,71.30160306822371,0.14014516669622382,0.5535622943259713,0.1366248486266836,0.34739740292790533,20.881347075246047,-11.748177707971285,10.220948967936794
2h,MOM20,TP1,VOL,1693,947,0.08375612536934943,-0.04447705997853809,-1.1592422572144212,-0.6000062967458512,-19.95737828065455,33.261948064368454,47.44104144121016,0.10069349318185081,1.7428191427379374,0.6945842626318812,0.8587850973478569,17.570355370241998,-5.164506280303394,14.598311334747049
2h,MOM20,TP1,BTC,2467,1367,0.02705565386303421,-0.36164548694765714,-19.105876470726635,-0.5107579260733066,-14.370232277680683,28.13511361078358,65.63743586529046,0.21300136637060801,0.3269435954440954,0.8556359468072879,0.5032556964003283,18.190770743593397,7.187254597271031,0.2562400528612674
2h,MOM20,TIME,none,3353,1871,0.02981711733102215,-0.3555937715711347,-16.984292742232643,-0.5527027553193238,-21.366018776876594,38.657340806148845,65.1057978087417,0.2937664428295503,0.32381612506412244,0.587587267319028,0.3735261630236771,22.735294089293745,2.0761869508125974,3.151537487040401
2h,MOM20,TIME,DAILY,2166,1174,-0.0006314435001363153,-0.37584386272651676,-19.816921620385088,-0.4746314074392622,-19.42381808033693,40.92400497710966,71.57770644797611,0.24820744101079142,0.3451980019723834,0.6851105526065024,0.40768552205561676,18.758684361427257,-6.121555809121382,-7.661828844851504
2h,MOM20,TIME,ADX>=20,1911,983,0.02857486420954305,-0.22880979051764427,-9.57168966882901,-0.5200609047134465,-19.255930990218463,37.026299834686625,58.58977754394258,0.3021676682182406,0.696562647218281,0.6241416624921418,0.62290447491216,19.005017165906125,-8.871400890981352,2.6804771137926897
2h,MOM20,TIME,ADX<20,1712,1048,0.019736839253197056,-0.328356701067998,-11.541230596503327,-0.024174284459491758,-0.587401576375346,24.29861274113987,38.098423629680866,0.1578138634973553,0.8324964827061125,1.9846220767776768,1.1866477782152198,12.891821799336679,15.845715728737453,-1.2172112403894042
2h,MOM20,TIME,ATRREG,1428,871,0.06045161367297892,0.006924738431129153,0.20639701117382003,-0.5747776121348415,-22.727672329801262,39.54167986012198,50.149674421942116,0.29107272031884723,1.5250388391474923,0.5292631101741625,0.8318825817689937,17.66644832866523,-14.314282484824714,9.424046316733037
2h,MOM20,TIME,NOWKND,2572,1462,0.058962642900614176,-0.0834704721185688,-2.709558399955525,-0.6108604680220205,-26.092826719048922,42.71487202885802,58.37399520038573,0.27224660893025043,1.077778259300195,0.3602777499765341,0.6613649293293986,19.504646635474742,-10.756276202809145,14.32130345407645
2h,MOM20,TIME,VOL,1621,926,0.10624961814500145,0.31287556497717317,8.574627992946748,-0.5779893227031606,-21.46187240462187,37.13195306835123,44.015374919473395,0.2034452867701545,1.5513066536837543,0.5450696226171181,0.9565830326482249,19.063971410532833,-9.205906964248921,21.254758821851595
2h,MOM20,TIME,BTC,2387,1322,0.05148954162144548,-0.2687136462250301,-8.670434043256547,-0.5490613926640648,-23.08549831913075,42.045386231071745,57.82696328215745,0.337335749505636,0.7626031412232402,0.5458144422914996,0.6372895243599593,18.0177590830642,-7.493623063976473,7.648738391471244
2h,MOM50,SIG,none,4341,2584,0.0701678579342724,0.026093942460879097,0.9822518211022757,-0.37242282523274645,-17.950081439563682,48.19812380818963,53.12338291010508,0.7153656357198976,0.7734294601721526,0.4130645424278046,0.5365850272568842,30.000168200108334,10.278175635874298,29.827535328954436
2h,MOM50,SIG,DAILY,2569,1472,0.03831642003673046,-0.1693356521327935,-8.69760631650215,-0.27252180310292434,-8.234761426468918,30.216890291742505,57.55643560737573,0.566812965473101,0.5377847089700002,0.7943210645161448,0.6116074292590786,23.704736098168045,8.608000014392015,5.468151713209668
2h,MOM50,SIG,ADX>=20,2079,1174,0.06842852356037024,0.03168925925424858,0.9018307509080836,-0.4138546895326141,-16.86169816444091,40.74303998701484,47.973111977114336,0.5802436106901584,1.0841690988511539,0.619160408566789,0.773815620049038,20.915566240313098,-5.922146177492116,13.042555721150496
2h,MOM50,SIG,ADX<20,2346,1463,0.07221300632114463,0.05338402112218989,1.4813189234579083,0.1472540503836659,3.5603106286179464,24.178014929583714,27.748357885355613,0.599705304909064,1.0141459425419554,1.3102218588355108,1.0531692418004623,19.877695843903698,24.10295571604091,17.109392877805952
2h,MOM50,SIG,ATRREG,1601,983,0.11741281328220793,0.5522411562951848,15.16971220005605,0.5392775932708045,12.8561499359088,23.839577420478765,27.46936193931101,0.6617910556308483,2.2755832209625466,1.5375433179899822,1.358203816431497,20.444687976128527,25.830176087740185,25.07088796373602
2h,MOM50,SIG,NOWKND,3355,1929,0.08878873065530947,0.3817704840298252,11.917532725118441,0.07210007246620763,2.400254540332858,33.290598167676265,33.290598167676265,0.69979468938094,1.2876943143654158,0.9838783630462717,0.955327200530232,25.80143616247912,27.565051877058423,35.12158445858407
2h,MOM50,SIG,VOL,1260,805,0.14723019007906765,0.8654240119326136,14.668988822093866,-0.04157032545417799,-0.8775682890363901,21.110450289924078,21.110450289924053,0.5775072703532026,2.0089804576634,1.3550525433571952,1.434673380408204,17.31789125001717,9.083117704097155,23.794523274260083
2h,MOM50,SIG,BTC,2888,1659,0.1136895143347708,0.7543085083271908,19.93595296511934,0.005784957665408016,0.1727392630960889,29.860073847905245,29.860073847905213,0.669605297842508,1.4924055936642322,1.0087231714003388,1.1305061201796478,23.919593290050056,21.6631590258211,42.44411432502102
2h,MOM50,TRAIL,none,1988,1200,0.10039384449988029,0.07312396895452081,2.5140031714351974,-0.030301728881657882,-1.1458554630891182,37.81485431290763,37.81485431290754,0.6213150047531124,1.1534283134721626,0.8546374720195273,0.7517174825489628,27.462841288614158,15.499280429269602,17.94292499101744
2h,MOM50,TRAIL,DAILY,1267,780,0.10532033566441516,0.07037821647043022,2.537373039647961,-0.181431541829448,-5.3358321485867055,29.409616954049667,36.053386500836545,0.49615916717300435,0.9921228595374073,0.8809725670625306,0.832713576337162,23.682422369341005,4.7834482716706095,11.875397590370639
2h,MOM50,TRAIL,ADX>=20,1275,725,0.11648538727209334,0.16627588939765042,4.223145401473438,-0.2003129336512074,-7.850213335768852,39.189747724617455,39.189747724617504,0.5551892114977821,1.1560379085156118,0.8787448923900234,0.9088053485141644,21.665700514251252,-1.5339759153701449,13.59634824536573
2h,MOM50,TRAIL,ADX<20,1146,742,0.09309750910383975,0.006373793729523356,0.20941843850250663,0.8893691854031808,19.45634869035182,21.876571630409714,32.85616814558687,0.5552698073398267,1.2455086280814551,1.793038762324521,1.1954280981526537,19.758315391544855,32.04389990748739,9.244113502004069
2h,MOM50,TRAIL,ATRREG,1015,668,0.133236873889006,0.328141594653444,9.00568017947878,0.2788156066148927,7.8716394602390105,28.23242054420405,28.23242054420395,0.6218029448956333,1.562581536332323,1.248586850287915,1.0763728007319229,22.86863290119331,18.69040293160773,16.044157350577205
2h,MOM50,TRAIL,NOWKND,1737,1043,0.11487832669345471,0.2830705265713786,8.207145566800623,0.3882439856920288,13.077267179172502,33.68311592995528,33.68311592995526,0.6108152322812556,1.3715184696854332,1.232928896966643,0.9883489737433019,25.928597340401815,29.873318464563113,22.54251632815969
2h,MOM50,TRAIL,VOL,1119,694,0.18335301036896623,0.8981849024910253,13.361354364620514,0.5158801506516366,11.883965231780259,23.03629092293814,23.03629092293803,0.5494496893853613,1.9920764717166883,1.6034595803137677,1.3980951777954147,19.494905542507045,22.897076241564474,23.706350312050883
2h,MOM50,TRAIL,BTC,1477,885,0.16652499333866883,0.5453994606145438,15.451666426931897,0.5425830811979439,14.207297910777417,26.18455754169442,28.3309162233518,0.5832516279926476,1.4060414836691393,1.6584065554661416,1.4540848967694777,19.760396785941225,30.17439414184777,28.464748583197764
2h,MOM50,TRAILW,none,1544,935,0.07079221238417953,-0.18000742687631058,-10.005028838263597,-0.03437609228358489,-1.1608380218519287,33.76876034296215,55.581200242023364,0.6682723008455276,0.47440612642076274,0.9100578078101152,0.6065361283915685,25.8817170274822,10.823379840445636,-0.4051453760584356
2h,MOM50,TRAILW,DAILY,1002,623,0.131376629609968,0.0807025358327688,3.421188922988194,0.05906932605088088,1.9297519256218143,32.66927277889666,42.392582682625445,0.5629175525589768,0.9925099029726999,1.004318393961602,0.8545914894538919,25.32057448534194,10.901789384121251,11.830432955302573
2h,MOM50,TRAILW,ADX>=20,1085,628,0.17593610137575932,0.22631976828434117,7.80421136840781,0.06668064134569646,1.8999930113296815,28.493922268675153,34.483118410596994,0.644774847573633,1.2610075510437002,1.1373628639049755,1.0476775570327284,22.07970916917221,5.502343615536831,18.201852693012487
2h,MOM50,TRAILW,ADX<20,951,625,0.029695248190029874,-0.253123301207775,-10.578668374562394,-0.20440374936536942,-5.596933108378998,27.38175364080305,44.35593181624662,0.5717932896096993,0.6220112490744977,0.9086296224191313,0.635053551160578,22.5581544981723,-0.5452173191402787,-4.9113474763844085
2h,MOM50,TRAILW,ATRREG,902,575,0.15353766255364829,0.21944513277673683,7.800462148115339,0.01849090183476067,0.4932424012571879,26.6748699260277,35.54629829065983,0.6637902816597502,1.6230142161538657,1.099135345102361,1.0324912555303998,21.9059448379501,8.565761159274121,13.580200630398354
2h,MOM50,TRAILW,NOWKND,1397,845,0.11281259837526951,-0.0034817221769731298,-0.17045261591861482,0.03228679694233539,1.1499728004914722,35.61743218273827,48.95640928673968,0.6589218204177347,0.793238573136746,0.9204139188395525,0.7428007614781088,26.97694175863741,11.90294083440313,8.482708341950307
2h,MOM50,TRAILW,VOL,973,608,0.2095777290671922,0.45034297462471023,10.772510090722065,0.41137222492634756,10.293558565566507,25.022492871047564,26.414683099285273,0.6396365975486158,1.3708324445309539,1.4760158320246157,1.2651932911897703,20.4749719746933,19.93509473054442,18.623863417814945
2h,MOM50,TRAILW,BTC,1172,706,0.19079079263561768,0.30699737867839877,12.28635824561184,0.23190564721209342,7.2657137181309395,31.330473429506235,40.02105261779013,0.6198872285189723,1.1457685252293162,1.3153159523193783,1.199634664152445,21.941992945746357,19.05631372701628,22.768269949285404
2h,MOM50,TP2,none,2124,1272,0.02973148987726193,-0.34292321522524494,-16.945786847776045,-0.6088017831314737,-32.033301528412814,52.61696403654433,74.37154825230917,0.19598822473696934,0.42331026332909216,0.14219977655709737,0.27701329898861554,21.277634429442394,-16.232630553838334,-2.2085384155371868
2h,MOM50,TP2,DAILY,1375,822,0.05283845729202915,-0.2230423689038191,-7.437919141163018,-0.5908419141668284,-25.568325058881292,43.274392770418615,61.64915570569192,0.158477859554054,0.9584311173874839,0.3825166794561402,0.48195365495710185,23.585319146240035,-15.933468339700863,3.4133675403805297
2h,MOM50,TP2,ADX>=20,1364,797,0.04562888640471708,-0.1781210383435602,-7.39165330478011,-0.5949209577291733,-26.068836852679635,43.818992277873306,62.47404449405867,0.18020462585939398,1.0445202634025101,0.43690083888800435,0.6790377938597103,16.39743197368896,-16.625184014567886,3.7377380910496028
2h,MOM50,TP2,ADX<20,1240,780,-0.019199971342744683,-0.37354569908696794,-18.65249158114286,-0.581494402915945,-20.032865588702553,34.45065934985156,65.98499871400153,0.13285930896567041,0.37641254991341666,0.7149433182586917,0.4837455049282348,16.66145099129357,-9.854531250722765,-10.515899449534183
2h,MOM50,TP2,ATRREG,1120,721,0.07239374189532108,-0.04119035652632151,-1.58710545015055,-0.5104129491140615,-16.93723836635188,33.18340256796057,49.72622632442254,0.2050677934112411,1.1439889501459197,0.7736014950668071,0.8957501876651738,17.445296307988855,-8.529750356395994,7.878715359089838
2h,MOM50,TP2,NOWKND,1875,1117,0.05139379243118496,-0.21427226559607526,-9.522813485271897,-0.5796458036908958,-27.184077406840245,46.89773864271177,68.55815458292189,0.18661642776976348,0.7757983017326691,0.3466699929666017,0.5290547022461792,19.181230157291463,-13.473204980281228,4.775173625980589
2h,MOM50,TP2,VOL,1125,695,0.07728533674302963,-0.1194108706348943,-2.865440348787607,-0.3481061417247892,-5.879808619036653,16.890849985879296,35.02878972542274,0.14550292660268455,1.5544006869609057,1.4360203162380232,1.2230528259260363,14.539128679378832,5.6945932248092745,7.47872439631585
2h,MOM50,TP2,BTC,1587,942,0.08757625305899108,-0.05430844639151985,-1.5259575247775103,-0.5741094139084482,-18.532291380040398,32.28006880060619,48.051907119769965,0.2098638682165873,1.2125322736538353,0.7343797649680599,0.7440366528847359,20.804261743869603,-6.261374369981231,13.650076027862701
2h,MOM50,TP1,none,2788,1667,0.012294533650207162,-0.41160179709610634,-24.871746355115974,-0.6237592462962428,-30.77332676504392,49.335263481495076,79.26754728100018,0.11303172579100187,0.14182993772497723,0.1930176263475503,0.13959171153323985,19.662528507963728,-9.39458154303453,-5.386715104654771
2h,MOM50,TP1,DAILY,1739,996,0.03268685724931377,-0.30352568332797397,-12.644064292730983,-0.5991367483668181,-23.524775647432584,39.26445124849807,64.3652428123791,0.10885956630391236,0.8231163478874224,0.5215843103665706,0.48263531904715634,20.094966973321572,-10.450420138949202,1.6771465982414524
2h,MOM50,TP1,ADX>=20,1606,914,0.023543255199348075,-0.3146711047868866,-12.080997276959549,-0.6111277643901449,-22.758475317895954,37.24012660528856,60.75511429652498,0.09937734955897748,0.9108576534983526,0.5873643670253301,0.624644930472486,16.133063015262895,-10.995579796306043,0.002584198493615908
2h,MOM50,TP1,ADX<20,1520,958,0.006755973804584508,-0.3725864483048753,-16.45902310386419,-0.5863470458230743,-18.366093954850825,31.32290694680613,60.922814404646886,0.0730813766540397,0.592804915288189,0.8509203179252317,0.6176438752348178,15.122763097914083,-4.556547639225494,-4.974502861018593
2h,MOM50,TP1,ATRREG,1271,811,0.04446969534159351,-0.17755744167482618,-5.6583654449595455,-0.5498680155074321,-15.570637581126267,28.317045439999433,45.475298556294334,0.11604473775149653,1.3707642628880772,0.8772354752166199,0.8722174295829388,16.460331716210817,-5.095258275969794,4.831663749580817
2h,MOM50,TP1,NOWKND,2349,1391,0.03335824813899116,-0.3083243666415449,-15.17399735601298,-0.583332752979602,-22.506601353692712,38.58278356346592,67.55848104493536,0.10400332575928946,0.6362858659876035,0.5627383905333907,0.5154187368345714,17.40595793367403,-3.182815801581851,1.9444352530200382
2h,MOM50,TP1,VOL,1243,791,0.05348014550365852,-0.2501747151114694,-6.424860827722756,-0.5397023782839687,-10.772890341822382,19.960798349778884,39.1048026814674,0.06277482899978776,1.740875416119617,1.4715583968385006,1.0777956097152168,14.12308262829658,2.1797617641997835,3.9503557437929215
2h,MOM50,TP1,BTC,1989,1146,0.04297681320885853,-0.2736787309034691,-11.766072997469557,-0.5873331604272289,-19.22434558997842,32.73158555528269,61.666055434547175,0.15126762772274718,0.7912622136793154,0.7752845883226798,0.5838062222442801,19.069523567240477,-2.702916023998203,5.385675213200591
2h,MOM50,TIME,none,2673,1591,0.03736507477835814,-0.2219159335206861,-11.355666547148147,-0.5745476889616213,-27.69845418955046,48.20914733746437,72.40382446203225,0.2424320774556658,0.5342939324236445,0.29202316940239686,0.44419807865417377,20.677286296478925,-10.912512632895222,6.591493543358995
2h,MOM50,TIME,DAILY,1669,969,0.04615438504857348,-0.18440590783891989,-5.533737301462627,-0.595062153150355,-24.756158336536682,41.602643027242756,58.12875320942226,0.20471470859156962,1.0858664063157069,0.4720383007131933,0.6435822923433416,18.872080973657056,-14.746247756683605,5.848543221479918
2h,MOM50,TIME,ADX>=20,1470,830,0.07659648096970269,0.029932613038583668,0.82388766241559,-0.4830615454540151,-14.775998458998064,30.58823166126905,45.21726701473337,0.26002036844302084,1.3446008446984608,1.0242823679799873,1.1698454612193006,14.575955363768067,-5.262413438962577,12.154443793600134
2h,MOM50,TIME,ADX<20,1466,918,0.023844230651079476,-0.29196055877484495,-9.407795123506869,-0.46710606058816284,-11.723363043865987,25.097861134801715,45.9050666872054,0.17994603390887448,0.8961368255972404,1.0429391674790627,0.8410122726297856,16.365172008068562,0.8100634344978097,-0.08067164784044678
2h,MOM50,TIME,ATRREG,1150,734,0.04121967420341745,-0.08069061875640479,-2.972757117941238,-0.503684265617014,-16.868544016503474,33.49031361112598,50.58417621066238,0.2525297434871543,1.125715099795305,0.7614393798775894,0.8505936694621357,17.61663257634275,-9.229572664967778,3.771688518939764
2h,MOM50,TIME,NOWKND,2153,1268,0.052328876315592215,-0.09027359008274155,-4.296188768011655,-0.5695037957698038,-26.47073094723741,46.48034156024661,69.47293770456355,0.21013618257325806,0.8612102309092106,0.3717133007763308,0.6602631352052158,18.526749575484136,-13.931087874476422,11.042901367402024
2h,MOM50,TIME,VOL,1197,749,0.06016731581826596,-0.07465188824580798,-2.1730566086480496,-0.4933958018790439,-10.7491002024115,21.785957970203086,42.178303388033854,0.16713369560229355,1.3679395383845583,1.3614126293024955,1.3011270775503365,12.97027959660122,-1.6499829274681743,6.176338893749422
2h,MOM50,TIME,BTC,1911,1108,0.10161276892589492,0.2513824432625945,6.616245778488228,-0.5710178167076775,-17.637582119402097,30.887971624239785,45.51974441644651,0.2939683106363332,1.5155788725737052,0.8725091166455821,1.2409531854602232,15.020167298539366,-4.722676947214543,21.88393601787808
2h,DMI,SIG,none,1419,707,0.042467115813059925,-0.08318658444380325,-3.104470474818022,-0.46754980460372697,-15.583016518931082,33.32910497554054,46.438941289934455,0.383320785908666,1.0098827958279897,0.964752906608387,0.9771620262184425,15.527418072121325,-9.829796354306152,4.46494564858646
2h,DMI,SIG,DAILY,1024,512,0.06242143548155596,0.03427695221793986,0.9803874529667578,-0.3167931627944649,-7.175259548038726,22.64966669338766,30.1999214168831,0.445721477354437,1.3585644069349718,1.3229015642946598,1.246046422976887,14.899188259359752,-2.20501696123806,6.561538488947027
2h,DMI,SIG,ADX>=20,1419,707,0.042467115813059925,-0.08318658444380325,-3.104470474818022,-0.46754980460372697,-15.583016518931082,33.32910497554054,46.438941289934455,0.383320785908666,1.0098827958279897,0.964752906608387,0.9771620262184425,15.527418072121325,-9.829796354306152,4.46494564858646
2h,DMI,SIG,ADX<20,0,0,0.0,0.0,0.0,0.0,0.0,0.0,0.0,,2.084488595212908,2.644648319384238,2.15774666058655,9.254368071626018,0.0,0.0
2h,DMI,SIG,ATRREG,844,451,0.0701749607944086,0.11425533362092567,2.256573325297895,-0.03747703717563745,-0.4240098677810611,11.313857757589641,19.750266825920914,0.4299736956006222,1.6427055193136562,1.820101235959444,1.5608383784335744,13.1607093323301,4.058263302009668,6.4341350432553845
2h,DMI,SIG,NOWKND,1197,561,0.08332226354054272,0.19564504597480864,5.264144339729637,-0.1282743659464433,-2.400907428414656,18.716969760092795,26.906606878292493,0.42003930306726944,1.7908690408989851,1.980237746783739,1.856881704240374,11.46327007336927,3.03898133234779,12.348584725627877
2h,DMI,SIG,VOL,811,406,0.14539569842497155,0.6236293123432698,10.516109934973873,-0.3785944847494254,-6.146349189120681,16.234650626748227,16.862757613909906,0.41143760574822436,2.0633334781389254,1.7588689968138917,1.9256371556716851,11.613660416227223,-2.181833665061428,16.15685848525441
2h,DMI,SIG,BTC,1090,504,0.0971620625851533,0.1927429353551892,6.3668621858056,-0.5515609348879962,-11.435815009107763,20.73354780180362,33.03292114999008,0.511755200377467,1.4715121933264033,1.131446481390544,1.3129328555322188,14.86566439131617,-6.801465646918492,12.85144080864955
2h,DMI,TRAIL,none,1313,674,0.0660791897900247,-0.02574875424087956,-1.2686667261092688,-0.26355648756498684,-10.10053503109123,38.323985588101586,49.27099440388041,0.3588560842452439,0.765218924616527,1.1887320048230134,0.7831258566883464,22.212124443679436,-1.5200115390943347,7.4228410191652605
2h,DMI,TRAIL,DAILY,862,454,0.15071343698384698,0.3232202919768167,9.562144745745504,-0.41693752461736394,-10.243672434493478,24.568842643497735,29.583986473322533,0.44826050726966465,1.476718627795278,1.0517344026593434,1.2490438858223503,16.86977385283982,-2.8364839521624163,15.976957042223972
2h,DMI,TRAIL,ADX>=20,1313,674,0.0660791897900247,-0.02574875424087956,-1.2686667261092688,-0.26355648756498684,-10.10053503109123,38.323985588101586,49.27099440388041,0.3588560842452439,0.765218924616527,1.1887320048230134,0.7831258566883464,22.212124443679436,-1.5200115390943347,7.4228410191652605
2h,DMI,TRAIL,ADX<20,0,0,0.0,0.0,0.0,0.0,0.0,0.0,0.0,,2.084488595212908,2.644648319384238,2.15774666058655,9.254368071626018,0.0,0.0
2h,DMI,TRAIL,ATRREG,819,441,0.12749936420283356,0.3492766227384711,7.483624396735111,0.0003971881768673582,0.008557697430999767,21.545700323949035,21.545700323949056,0.40720124069604785,1.5038610331147466,1.6538124477196774,1.5438234713514927,14.697070269782364,5.774953799668725,13.604053874658039
2h,DMI,TRAIL,NOWKND,1111,541,0.1508679206005177,0.3985955254258836,13.428586308734092,0.11336942284421078,2.7102301360244274,23.906182708090107,33.6897567888806,0.40138064471971263,1.3253005967461013,2.2647102710130342,1.339044826254085,19.08452338541522,10.031240672604413,22.539194142788176
2h,DMI,TRAIL,VOL,867,446,0.1432687578233306,0.30266754563066217,9.109374128093584,-0.36323147287029284,-12.625696066102797,34.75936698528142,34.75936698528132,0.41148581360744,1.4669433682141844,1.3277180353905609,1.3157657752837149,15.499863296446359,-8.35321762323893,15.536948075371537
2h,DMI,TRAIL,BTC,928,448,0.17454544621688536,0.33664796651358386,13.05909313530309,-0.15150384325274527,-3.9033931796335186,25.764317893386433,38.79154022686233,0.5462693303183243,1.3448797240380932,1.5034780056124577,1.2835792119724134,18.44865312845988,4.504594828413788,20.35699664171604
2h,DMI,TRAILW,none,1009,533,0.17833624491800426,0.2829100810695095,11.041561898888297,-0.29763346662772483,-10.435678069581478,35.06217962590294,39.02852050074329,0.48064630323987534,1.3453922338066753,0.9875043267540732,1.206195794011837,17.986231548271103,-5.019277773529208,22.190203891663952
2h,DMI,TRAILW,DAILY,747,412,0.2301702643055184,0.39369534942075296,15.64337052023661,-0.21746345938731315,-6.027059579622252,27.71527500115668,39.73470995594137,0.5172050661866336,1.4457889959465298,1.0522052252238796,1.2504253971759829,19.35515957880478,1.436550806017145,22.06260477003166
2h,DMI,TRAILW,ADX>=20,1009,533,0.17833624491800426,0.2829100810695095,11.041561898888297,-0.29763346662772483,-10.435678069581478,35.06217962590294,39.02852050074329,0.48064630323987534,1.3453922338066753,0.9875043267540732,1.206195794011837,17.986231548271103,-5.019277773529208,22.190203891663952
2h,DMI,TRAILW,ADX<20,0,0,0.0,0.0,0.0,0.0,0.0,0.0,0.0,,2.084488595212908,2.644648319384238,2.15774666058655,9.254368071626018,0.0,0.0
2h,DMI,TRAILW,ATRREG,684,377,0.16028569619790517,0.30165082692292555,7.796740753110565,0.11076575336919696,2.4576408799691807,22.187732265744064,25.846906612666775,0.4641081901350924,1.8970663660701454,1.3550782761206055,1.2285314404173964,18.948543841021547,7.951471315786507,16.538872022714912
2h,DMI,TRAILW,NOWKND,890,438,0.23852030355416343,0.5611092811766379,20.896090381198597,0.30374653968616605,6.130997607819366,20.18458420679944,37.24067856689128,0.5069802228985323,1.7241517365870145,2.155687940834119,1.697092638276432,16.96767729813059,12.500735344208236,33.35126840100382
2h,DMI,TRAILW,VOL,721,381,0.30710587113815585,0.8483034006931337,25.276537853637038,-0.15750237056185393,-5.031515254042818,31.945647777198715,31.945647777198726,0.5241086593920806,2.0857602707707477,1.350238787328104,1.7845741562864925,15.499931626364894,-0.47414225643439556,32.90625082177054
2h,DMI,TRAILW,BTC,790,403,0.31182329120953167,0.6200984609997007,25.8784475736779,0.0068980048608488645,0.14922640717645042,21.633270806087356,41.732804064628034,0.5871561955186105,1.6471754039953221,1.5672227016443696,1.501975132657213,19.369370913975825,8.563092081205493,33.776299047863944
2h,DMI,TP2,none,1460,749,-0.030780620521665657,-0.3329978919883696,-20.65836995658209,-0.41096118730512093,-9.115457555613748,22.180823486977896,67.89832920712952,0.02358858256930317,0.23928558928466231,1.9227841488948991,0.4565251377201766,21.608644058356717,2.4963275300120324,-13.402567557523115
2h,DMI,TP2,DAILY,869,469,0.05912813294705121,-0.07511664802879572,-3.157059771752646,-0.2590591029533373,-5.0398836834152245,19.454570891195544,46.395801707127546,0.11692301751884289,1.0118505361410735,1.935230734655947,1.1355879132010043,15.681750404104445,1.2942738128314701,4.047296690041136
2h,DMI,TP2,ADX>=20,1460,749,-0.030780620521665657,-0.3329978919883696,-20.65836995658209,-0.41096118730512093,-9.115457555613748,22.180823486977896,67.89832920712952,0.02358858256930317,0.23928558928466231,1.9227841488948991,0.4565251377201766,21.608644058356717,2.4963275300120324,-13.402567557523115
2h,DMI,TP2,ADX<20,0,0,0.0,0.0,0.0,0.0,0.0,0.0,0.0,,2.084488595212908,2.644648319384238,2.15774666058655,9.254368071626018,0.0,0.0
2h,DMI,TP2,ATRREG,895,472,0.000635416741589607,-0.23967829338894814,-8.75596723734362,-0.23547636903583524,-3.6304989088254747,15.417678316047834,41.151809344588365,0.04535432510979508,0.913608992331588,2.1613551918383647,1.1593184287195373,13.753065057890336,3.9773181081369957,-4.20469129123584
2h,DMI,TP2,NOWKND,1229,591,0.0003863774847118986,-0.25881579220903844,-13.047748052574914,-0.040471910125399746,-0.6896673427484901,17.040642277856367,54.79790272760876,0.0349059531532112,0.6258049211340546,2.030765028512155,0.9291257011000273,15.983527731955183,9.535070867773165,-6.032219397406058
2h,DMI,TP2,VOL,903,458,0.06642474754140425,-0.058855191106723666,-1.7657848788487085,-0.4525939763589107,-8.111852868705826,17.92302437156844,36.377581509496416,0.07734225745197246,1.4135720333271067,2.17009608386245,1.4937170085982048,11.851934106020856,0.11936701558536988,5.259909653764305
2h,DMI,TP2,BTC,943,474,0.06598673990581033,-0.0601965649516169,-2.503026323760338,-0.2613077639817575,-6.148029949687695,23.52792682469589,47.18024224811385,0.19199845181228978,1.049219793197802,1.9107390849966175,1.1496507251490495,15.450167507254397,-0.40565861489910704,5.525576961201217
2h,DMI,TP1,none,1693,846,-0.0015285919821164096,-0.3295366880905238,-17.376160980058142,-0.5884340132493362,-19.07441767571868,32.41555934265191,67.10220255891785,-0.03398898040760599,0.47701027979599886,1.1026738514580876,0.5924837060771733,15.082747996331436,-9.74100696505843,-6.435289472032057
2h,DMI,TP1,DAILY,945,485,0.057420383205553566,-0.1021175124586425,-2.9379010481682566,-0.4477509213021129,-7.592847497418253,16.95774846277781,32.6872332281002,0.0670901131755825,1.1208066234092762,2.0581903561011226,1.2137272527474365,14.217912552662792,-1.0831932137192357,4.628857284757548
2h,DMI,TP1,ADX>=20,1693,846,-0.0015285919821164096,-0.3295366880905238,-17.376160980058142,-0.5884340132493362,-19.07441767571868,32.41555934265191,67.10220255891785,-0.03398898040760599,0.47701027979599886,1.1026738514580876,0.5924837060771733,15.082747996331436,-9.74100696505843,-6.435289472032057
2h,DMI,TP1,ADX<20,0,0,0.0,0.0,0.0,0.0,0.0,0.0,0.0,,2.084488595212908,2.644648319384238,2.15774666058655,9.254368071626018,0.0,0.0
2h,DMI,TP1,ATRREG,972,508,0.024919505217725048,-0.21706763597078116,-5.916969212490786,-0.5538689474125648,-8.69085868248921,15.691182405312897,35.02855848830517,-0.0029759266045674875,1.4912032919260947,1.9272794900923664,1.605657536104434,9.912253081993905,-3.3529200501056455,0.49299011174614993
2h,DMI,TP1,NOWKND,1395,655,0.023001590739404724,-0.2345492833614822,-9.647583320141074,-0.5226017623601369,-11.196432136472934,21.424405623717004,51.23912545848288,-0.016464606318903018,0.8920047327367097,1.447600810251456,1.0328135781577186,13.46966496436507,-4.1743015951323015,0.4183030293548162
2h,DMI,TP1,VOL,980,488,0.0631566169742464,-0.10979663013040629,-2.3981745700160984,-0.4558387589069667,-8.986548883271938,19.71431500213001,30.724347430214095,0.033338645525017835,1.5200611509105182,1.945563692939006,1.602469477154842,10.726281731031062,-3.2622955542546794,5.5531374092217645
2h,DMI,TP1,BTC,1036,491,0.0350272328379291,-0.17818507799962527,-6.4485101439553,-0.5144078678402958,-8.75682236828207,17.023111261977686,42.589216220226774,0.12842398616096334,1.0625968977168916,1.7777081371921992,1.2001782935060872,12.977602994851633,-2.4743415701047877,1.5841820644989735
2h,DMI,TIME,none,1502,768,-0.045069912017779656,-0.3364878113423622,-20.842906159026708,-0.6008695116431723,-19.138220913950843,31.850877009243426,72.89012578932473,0.03690423748459573,0.2714369752866911,0.8251354691471495,0.41020310780613556,17.988806950194213,-10.559799274007064,-13.61682625846421
2h,DMI,TIME,DAILY,915,473,0.06599737453085124,0.016731553315518868,0.4040530183156754,-0.5123841797859059,-12.493830631956925,24.383716603384077,35.035349511415326,0.1522211836114967,1.7801533933202736,1.3729212400687874,1.4011428187372037,12.403370790859947,-7.796686140756536,6.418046864581051
2h,DMI,TIME,ADX>=20,1502,768,-0.045069912017779656,-0.3364878113423622,-20.842906159026708,-0.6008695116431723,-19.138220913950843,31.850877009243426,72.89012578932473,0.03690423748459573,0.2714369752866911,0.8251354691471495,0.41020310780613556,17.988806950194213,-10.559799274007064,-13.61682625846421
2h,DMI,TIME,ADX<20,0,0,0.0,0.0,0.0,0.0,0.0,0.0,0.0,,2.084488595212908,2.644648319384238,2.15774666058655,9.254368071626018,0.0,0.0
2h,DMI,TIME,ATRREG,863,472,-0.026782787028662165,-0.24874666918908228,-9.837612674501905,-0.536400933250153,-10.085151681507154,18.801517775890776,46.52866851688285,0.06838452648391055,1.1088168503134117,1.6355472466505867,1.2578975559159362,11.099908969756767,-4.924843454020634,-5.354565013487678
2h,DMI,TIME,NOWKND,1236,597,-0.004533377759905856,-0.2293528582413101,-11.02204940951761,-0.4931023685387507,-10.297689223632556,20.883471426325762,55.9854812455562,0.04865159849649618,0.7910664270572959,1.2989322628898692,0.9613924592910417,14.064295330386589,-3.793534496404838,-4.304325462670599
2h,DMI,TIME,VOL,910,467,0.03334436384877599,-0.1112636741057652,-3.917735985205828,-0.43804842093714874,-9.495499339430369,21.67682586120493,40.72955077277693,0.09610676325101249,1.5911214254969746,1.4587380182880638,1.297695656432583,12.680662075410831,-4.522958660700782,2.202252988412745
2h,DMI,TIME,BTC,991,469,0.09566519956102384,0.1733806558394709,4.293092204597482,-0.5314607563697623,-12.953702185687298,24.373769898213894,31.759621444586017,0.2308976244268436,1.6958155962188646,1.3465841979226518,1.553587941678845,12.03156568676208,-8.1869631755888,11.037443788125078
2h,KUMO,SIG,none,3298,1812,0.09963268330134392,0.508097870169715,14.511664853903806,-0.26616736623825166,-10.21087139792155,38.3625969713417,40.94777037331999,0.7093345628416312,1.3003385500500964,0.6870385611824373,0.8993856805217025,25.374673126982938,10.446092654734729,39.11861063281701
2h,KUMO,SIG,DAILY,1865,1047,0.07191715257211392,0.038542192286701665,1.7234116204948524,0.10137243087282949,2.6193728456869403,25.839104607966956,44.71493493870318,0.6089607753017997,0.94894482218459,1.181251263563327,0.9627940252329616,21.65255033295138,15.739480560827324,13.224987307146296
2h,KUMO,SIG,ADX>=20,1607,762,0.09106163354320458,0.24145795878841983,6.065284404615934,-0.47348020951464104,-19.12178857588084,40.38561315051026,46.336050414191085,0.5808511638020236,1.5315328013719953,0.565372071069396,0.789093419977976,22.15748525913699,-13.088132992775813,16.107725299912534
2h,KUMO,SIG,ADX<20,1765,1092,0.1071382814879714,0.3134988142357482,9.846012067456789,0.5199856590576288,13.66946175088719,26.28815143798463,31.40685584875188,0.5863658303171947,1.280591961824774,1.6439010533681908,1.3370215546100364,19.564816022757846,30.870486312790725,22.501358184915034
2h,KUMO,SIG,ATRREG,1330,756,0.1364636596506766,0.6163407163770875,15.580295876089355,-0.2679416062548484,-6.64523212763285,24.80104609551509,25.278706180036092,0.5973103914115813,2.05067272853182,1.1199597630318883,1.3552444821240193,17.578218617329068,0.7319816600415141,24.03800249872521
2h,KUMO,SIG,NOWKND,2648,1419,0.1216353153295631,0.9384172873898919,21.528553063912547,-0.2814587874962911,-11.42445311982807,40.590145439955805,43.59780235571979,0.673655360679887,1.7012868330842639,0.6983281296583633,1.0454161986607777,23.755402104817925,3.0897552306164755,41.85959486219755
2h,KUMO,SIG,VOL,1173,709,0.1727285754024506,0.9654820866821282,19.110374615117355,0.49505465441504226,12.012101290294375,24.264192212247558,24.264192212247526,0.6227463975214064,2.0911213768362646,1.5305021516410284,1.4383371850888769,20.22589749671858,21.717270130168775,28.368368087655462
2h,KUMO,SIG,BTC,2100,1179,0.15866119596070838,1.012449106457267,28.807728764698638,0.13991749207234197,3.526897902106474,25.206983414789562,28.453508014345353,0.6708176318568327,1.7369338722302017,1.2347018444256777,1.455057281769901,21.117611109663358,19.4227482282308,46.609467762611814
2h,KUMO,TRAIL,none,1858,1105,0.13814942243699865,0.5742732476910135,13.141544961584305,-0.10135540333165491,-4.186643824540914,41.30656765127152,41.306567651271564,0.6391820868380351,1.4283595107789993,0.7561188871413863,0.8397055724667319,28.452305417186796,20.661410209707064,29.70642049124659
2h,KUMO,TRAIL,DAILY,1076,630,0.09480325869569448,0.00863674978298632,0.33357396285598195,0.06222203307805985,1.6432705755108579,26.40978595876663,44.41698087564776,0.5202485464768958,1.0869535755321247,1.1387893405185,0.9180238190077167,22.09462166185544,10.422715505099344,7.949958189544204
2h,KUMO,TRAIL,ADX>=20,1089,548,0.1733681628571644,0.7044882089013949,14.206651547353077,-0.5008811995543728,-17.597190545204043,35.132463667752,38.85444902310521,0.5436941572933842,1.8292212312477374,0.7435484651695834,1.2309786957183104,16.918185984324307,-12.780425168533348,23.521060356902666
2h,KUMO,TRAIL,ADX<20,1053,681,0.13717345386032798,0.23044706293617553,6.281474721712699,0.817296299632774,23.949541325179304,29.30337667739382,29.30337667739378,0.5377463993266819,1.454203279355082,1.6159897830785122,1.1423241589898885,23.547428866936226,39.76889451107357,15.563436022533894
2h,KUMO,TRAIL,ATRREG,934,580,0.20304033518342512,1.1760717924339552,17.800227045693173,-0.14980967914895094,-4.160983818613584,27.77513337089823,27.775133370898352,0.5960718575687943,2.1653786149772314,1.0158255147368673,1.2010344161444335,20.990793999796487,2.7993548300399906,25.45831872020521
2h,KUMO,TRAIL,NOWKND,1610,928,0.15077835531215694,0.6499753055365679,15.61936967523414,-0.014392953807591547,-0.4880309899963242,33.90763261804626,33.99239663683633,0.637679445150056,1.4550353415985118,0.9054464722910665,0.9736444298760614,26.14935854936462,22.20668575217395,29.53584272268335
2h,KUMO,TRAIL,VOL,1087,655,0.19889816442733907,0.8055257025330641,17.758270241857943,0.39792332887792564,10.95882142654041,27.540032542053705,27.540032542053737,0.5735676342137965,2.0080958316421644,1.3604546969307163,1.269384473152659,22.492497156797953,21.75084290918963,29.220245956806213
2h,KUMO,TRAIL,BTC,1272,745,0.24051328542476097,0.9933119902164117,27.688004638771304,0.42478830960830655,11.438502181399922,26.927535251493296,27.874429093258957,0.6074424784916049,1.8401169449751156,1.3969267698210663,1.4554211641615005,22.181587495636624,26.23611086827409,40.81235044562717
2h,KUMO,TRAILW,none,1514,908,0.16396822750294823,0.2894402659637279,10.385301877321007,-0.35655343912352444,-15.059964029416474,42.23760698098076,51.71513799212549,0.7093677012462611,1.237195321046719,0.46473983644188593,0.6585421354611176,30.904727975293213,-2.858200376513509,21.548800946809532
2h,KUMO,TRAILW,DAILY,900,541,0.13109774391488388,0.06547766572768121,2.953619895022963,-0.04221305751398639,-1.3234505316258471,31.35168617405527,45.108814772153615,0.5875357427213435,1.0163143049074863,0.9393913660753201,0.8340539924685452,24.750206048180523,5.14341352550689,10.025842814599883
2h,KUMO,TRAILW,ADX>=20,970,511,0.26921284564384274,0.9489983355165931,23.28058196159064,-0.4908910483118578,-16.943271780780854,34.515340703497564,43.283128475115305,0.64117705203672,1.9125476931125869,0.6844929261453782,1.0627355992305714,22.5468562840939,-11.737995411174385,32.476317989821204
2h,KUMO,TRAILW,ADX<20,897,597,0.10030972512490512,-0.08439245183811722,-2.4795437030089795,-0.06758517775363264,-2.3972524421901342,35.470091547717864,37.37284098400949,0.5729644801861017,1.0998966199970366,0.8294620915050668,0.6775587022163618,27.040033849087585,8.09651981246824,2.8732236399327427
2h,KUMO,TRAILW,ATRREG,848,541,0.2619598318525767,0.7597940117029132,20.475315042282062,-0.3705625463558796,-12.016563937903157,32.427896602272185,35.12572320045958,0.6585674060227863,2.031385315382953,0.690597459874009,1.0372550198461072,23.36430451033824,-7.85660528261981,27.273491228875724
2h,KUMO,TRAILW,NOWKND,1348,806,0.20626011749990425,0.5464161504567956,19.45264658810619,-0.3174998385687548,-13.018975522637488,41.00466816400671,49.092799375764905,0.6926296666826638,1.6059131116710894,0.5365455516870886,0.8164360458124161,29.2780870738096,-2.3389397489726904,28.356860643422642
2h,KUMO,TRAILW,VOL,970,597,0.2810037987928544,0.9000844218465783,24.802012824823393,-0.09897157966166303,-3.4317744357870827,34.674342346749384,37.673083386051474,0.6664291092258303,2.062374231448963,0.8141207629208987,1.0433315867088526,26.603148295099466,4.848867534289747,34.89263352054168
2h,KUMO,TRAILW,BTC,1053,631,0.2882843215071043,0.9727342604599374,26.42776671679932,0.0621384490335685,1.9648426189077028,31.62040008186,31.62040008186,0.6613394937765132,1.7668764058703101,1.0167679468950852,1.202340772965648,24.853094818481303,12.94147292895602,37.03938882835831
2h,KUMO,TP2,none,1991,1182,0.028596683659041958,-0.29622541493514876,-16.123433405400334,-0.6107778008932921,-35.41150996353718,57.977729235977684,76.90947083567355,0.20383964005705096,0.4101835486685423,0.011045020143369388,0.2104670415989219,24.808996053361344,-23.80105937351931,-2.2838995338736012
2h,KUMO,TP2,DAILY,1150,699,0.07968267929901927,-0.07594289654444071,-2.3997749944209112,-0.6144702906553645,-33.158404830778046,53.9625842535249,63.02387008048663,0.15946816296351704,1.1097984754350287,0.08188160206359689,0.4607755301432134,24.04181877322381,-26.56380327718626,6.964616997449524
2h,KUMO,TP2,ADX>=20,1186,594,0.04954416658369281,-0.16141666418871506,-6.092894044172404,-0.6193177673615553,-33.85047540121124,54.657684931957505,67.70162328971865,0.14734543106631118,0.8780130177006868,0.05713600789344887,0.3740784735873766,25.28050549061436,-28.18214637645726,2.5645495969931043
2h,KUMO,TP2,ADX<20,1116,713,0.024161008765400397,-0.3009637642147987,-11.304099745430795,-0.3653071452035603,-11.683812670040606,31.983531730620896,51.06863451031736,0.169308752111016,0.7970346042549764,0.8277984627952886,0.6316906121796149,20.60660150715501,-1.8327330110933127,-2.096813045078849
2h,KUMO,TP2,ATRREG,1018,616,0.037767327819265395,-0.1521335274005245,-6.1555741259055825,-0.5056697582143733,-15.55071333321223,30.75270585317398,46.97499498186524,0.19958729751888865,1.0748822420826885,1.0156840341264328,0.9976064661136412,14.196946192443715,-6.92411041449631,0.7519720590981382
2h,KUMO,TP2,NOWKND,1737,996,0.028936358930802753,-0.24393743801811613,-13.639258820917387,-0.6181425785942314,-34.46785807226964,55.76036866875571,77.76094758076883,0.19709451100941067,0.44880701618541075,0.04390245250265111,0.2844124048311349,22.658689086166873,-24.758656807061875,-0.1905064939345058
2h,KUMO,TP2,VOL,1106,684,0.08472830776708799,-0.0680542624073632,-2.219014970054367,-0.5635114340324852,-20.524982952919835,36.42336554920129,48.82900618949277,0.16526194413580841,1.3237007998902788,0.6155086330389304,0.8062281892777311,18.03489454218812,-11.433708729707314,6.476398103202552
2h,KUMO,TP2,BTC,1345,800,0.11200602959259905,0.1096792565714849,2.506253932669811,-0.5809750975409809,-25.773408191658355,44.36232861054832,47.453725476091144,0.2152747953889463,1.5295436209032383,0.3923600811928302,0.776656236432336,19.271473316295506,-16.993599173303142,14.972369811895113
2h,KUMO,TP1,none,2367,1352,0.013261166653533382,-0.3888104778891093,-21.747133473089796,-0.6607221289624877,-39.84838046632937,60.310346391609585,82.03374175821558,0.10771995745206926,0.27340807226553576,-0.13720378732100638,0.05700851700331231,26.68260433900187,-25.267747060283842,-6.089645692478962
2h,KUMO,TP1,DAILY,1340,772,-0.0075568075809664395,-0.35696610165946685,-16.877087594318418,-0.6507561399684283,-33.49107581214962,51.4648633415498,74.53288817568841,0.09302592029895813,0.503737713558615,0.08079086443662087,0.23768344970527927,22.242414837072367,-25.494869677066934,-8.028430309146428
2h,KUMO,TP1,ADX>=20,1295,628,0.003115467067079366,-0.3396671452953502,-13.642465596956477,-0.6222252389199838,-29.66982365395686,47.683413976353194,68.17434075767311,0.07717622726996824,0.9008748622725866,0.21017525004692372,0.33088563063702525,23.09219383815131,-22.673487287382997,-5.220366334334658
2h,KUMO,TP1,ADX<20,1281,795,0.022532290918892698,-0.3525876091272726,-11.724021482735802,-0.5364339622998336,-18.131685718519876,33.800406001112535,53.54332508589723,0.0892496749734916,0.8123230508622241,0.7826223680444383,0.6970498406417914,16.234890984948347,-6.791532414017354,-1.9405160051874537
2h,KUMO,TP1,ATRREG,1105,653,0.028306825456820443,-0.24154145942053232,-7.648927955152329,-0.6056789557545526,-23.851081215309232,39.379081919059985,55.76434637751756,0.1035263907332327,1.2260677801360402,0.5459980333299063,0.7251267218917211,15.893621982690798,-16.368252170988463,-0.050995089813743455
2h,KUMO,TP1,NOWKND,2004,1121,0.01605182153776728,-0.3238893294759232,-17.500842966258656,-0.6422721658133391,-34.708034769150146,54.03945027759025,78.27192394860987,0.10264115200736795,0.4175385782657964,0.0380784556084614,0.22953619275399098,20.657095523279168,-21.514456661877702,-3.934095733872256
2h,KUMO,TP1,VOL,1180,709,0.08198407776439551,-0.11796940011601006,-1.9422438255462193,-0.6105728698074191,-22.746343591281203,37.25410137934172,46.91768656945388,0.0729588128638519,1.6269669006407756,0.6238148831412459,0.8477587627824372,16.556164537498287,-11.514420383203937,7.43279042491376
2h,KUMO,TP1,BTC,1551,898,0.03555620603629056,-0.32138568870433953,-11.460446333260121,-0.6136734572164899,-26.767843423768113,43.61903404651414,63.18769562546286,0.14000351311995443,0.9851220472647202,0.4042935197821233,0.5014349267308358,18.526322470267253,-15.07823335570837,-0.07118221376674061
2h,KUMO,TIME,none,2229,1267,0.07663552062760648,0.054453694641036346,1.4146447095855885,-0.5453317163717335,-23.480521714449175,43.05731907667612,50.72678880900181,0.291198851491611,1.324860709656149,0.438019942731357,0.7416921026430474,20.43317429566882,-9.627230298036904,18.86734230444418
2h,KUMO,TIME,DAILY,1281,720,0.033654548254897644,-0.1911769618159353,-6.540921750587659,-0.5378605669980452,-21.321086920932174,39.640546693971835,58.080707241613396,0.1975012201672877,0.9744554056603753,0.6396796662729882,0.7682357779834749,16.374140714750684,-14.145676906947703,1.8132321359746628
2h,KUMO,TIME,ADX>=20,1191,582,0.08775671587991866,0.12121726876223285,2.5442658844177624,-0.553998685048702,-21.05093640402288,37.99817034253844,45.32953437859748,0.24796039942976447,1.561492003012521,0.6174529547709025,0.9389146686169756,17.117813163465957,-16.086080275797844,11.906268387388375
2h,KUMO,TIME,ADX<20,1236,761,0.09446374863837893,0.24926200737176443,3.3535338969346684,-0.2634770145287091,-5.738039097078252,21.7781391949582,22.103268015781396,0.2550583448649806,2.4679016165156202,1.0829977427780606,1.0418852034229187,19.268352260798714,6.052417929709875,13.395905767326767
2h,KUMO,TIME,ATRREG,1004,602,0.08950574329230095,0.16540408455141506,3.3032609302373173,-0.4465884307536233,-12.66584576011337,28.361338735845898,37.22956852018784,0.28215499533034355,2.038254202169524,1.032563177092068,1.1666080500728357,15.750638438310737,-6.419783027173476,10.269532186226549
2h,KUMO,TIME,NOWKND,1837,1019,0.078935747414692,0.0698885141726059,2.002739337192838,-0.5117315732662762,-20.82853689800085,40.702075045040964,51.692838693318535,0.27305747218961113,1.5398245386271172,0.5963671958711668,0.8851072688359845,18.107158483579067,-9.78608951451141,15.614229577700755
2h,KUMO,TIME,VOL,1136,677,0.07903871654145414,0.03348641612462708,1.012527169135824,-0.5068727956720315,-14.257887513772982,28.129123589813744,45.023847718391295,0.19041526603080272,1.4090379800775699,0.9726301662440373,1.0966047698800687,15.698820083377862,-6.315888783412293,10.191246265053366
2h,KUMO,TIME,BTC,1486,844,0.1291263764174352,0.7869902536311287,11.23095115927204,-0.5450031869736697,-16.866906901522725,30.94827205540287,33.88334692501407,0.2965908897945016,2.058653459177028,0.7832596024897344,1.1784847344178022,17.25302760805858,-6.813299881176283,23.89818399855901
2h,RSI50,SIG,none,4006,2164,0.03244069424042359,-0.2903769956695617,-14.262861045890284,0.002303313766365084,0.058957721702190824,25.596912831912366,49.88337963628089,0.582538736283001,0.4165209586296333,1.2054697861451285,0.6599800337263231,21.04361226945235,36.25185836927955,8.45641784014257
2h,RSI50,SIG,DAILY,3733,2028,0.025711032214320518,-0.27001600309079477,-16.423257740901686,-0.3538150184177452,-9.55491641609516,27.005400897973708,64.68437567812485,0.5552086810962796,0.2871424642667161,0.8440519162117837,0.42700009449493326,25.808462698390876,14.02097845018937,2.9253730833100233
2h,RSI50,SIG,ADX>=20,2369,1160,0.04714926541436094,-0.14641390377557786,-4.855682505970071,-0.2048842275266989,-6.3352081898616746,30.920916979986266,36.002201385932175,0.444921698571235,0.9675531083766362,1.4084414251447621,1.0932496849648627,15.173471370858326,5.366140714796397,7.730139157135052
2h,RSI50,SIG,ADX<20,2094,1260,0.03199972894773735,-0.27732174826786765,-7.869788125243071,-0.09854452713531042,-2.1283531945862855,21.59788327629668,33.436486611972015,0.3707834308708965,0.9429972433981413,1.48836374929818,1.0567645728423365,15.400369557436555,13.814117775148627,4.022517874380838
2h,RSI50,SIG,ATRREG,1736,1017,0.04053768114476205,-0.05950753060656107,-2.0821035855315584,0.23150985678196526,3.8286025523560863,16.537535833568604,34.9889092070978,0.4520110687043752,1.2311440057150407,1.6225759175050611,1.2059791247585852,16.359950052376682,15.029957343231937,6.314980397252401
2h,RSI50,SIG,NOWKND,3112,1672,0.07014379864719178,0.14949769022068193,4.77073883856538,-0.11337975400127871,-3.3117975824214385,29.20977922023087,31.91178961710395,0.49657114812538666,1.2644881717079848,1.4628106411230495,1.3001897523004473,16.15746627100062,16.193280504596096,24.304761197894955
2h,RSI50,SIG,VOL,1555,882,0.06523318957561347,0.04581154783167124,1.389403392614419,-0.22681824643324372,-5.24025489505483,23.1033216130481,41.64782506084492,0.4190763087129661,1.5130176342483257,1.2696756642470828,1.171895528671001,16.390317640468044,4.4496270468495025,11.585664586021839
2h,RSI50,SIG,BTC,3756,2026,0.07368628695802489,0.130819761606471,4.7549197100990925,-0.019947211507563546,-0.5542577663202097,27.78622797026278,36.34710575610689,0.6115323450092491,0.9431411727429005,1.2746699133409316,0.9979644758379607,21.63767991630401,26.53168755049098,30.482972648443596
2h,RSI50,TRAIL,none,1977,1144,0.08049922368189685,-0.0011351841990728446,-0.038655900554462885,0.048512854405888026,2.3012229119666605,47.43532286748644,47.435322867486384,0.42791747051158224,0.9603327764340288,1.0957374843803616,0.869098669615588,23.976879435273247,21.748769156446457,13.715488868226021
2h,RSI50,TRAIL,DAILY,1709,974,0.06453027083298503,-0.11194218440057965,-5.570268979696047,-0.08353553699142915,-2.2186126404177386,26.558907984818138,51.93634677104971,0.5239374120989478,0.6428966528476359,1.0350873217210637,0.7729777436636225,22.417974439864828,13.108785550075952,5.5515647659651
2h,RSI50,TRAIL,ADX>=20,1470,784,0.12120738484511591,0.5024581369642287,9.817826735179347,-0.10244607461108694,-3.5171866770441595,34.33207851444141,34.33207851444142,0.3965428854116262,1.4525999012981226,1.432754791284901,1.4282848182815728,16.150364342593615,5.966775596626528,21.567055451759742
2h,RSI50,TRAIL,ADX<20,1094,694,0.09576032846977421,0.09176963002161921,2.333066996425326,0.0991814993143666,2.338476845733739,23.577752523398352,25.4230838227821,0.39645292720818553,1.5276995547537784,1.8553475829515906,1.5400683085194793,13.862301411131384,15.158752653596563,11.914444275536695
2h,RSI50,TRAIL,ATRREG,1158,723,0.06479275648965035,-0.038561116124793515,-1.1712200242182447,-0.23529019170162319,-8.189254457034389,34.804912171686986,34.80491217168705,0.38128402376587367,1.0951156425600925,1.0426944561440095,0.9625991702467374,18.422790634693577,3.4185833934029075,6.005145207568963
2h,RSI50,TRAIL,NOWKND,1711,995,0.14741689460934215,0.7038275539615261,17.64110113651136,-0.09329423065875961,-4.2302061443475925,45.34263388505052,45.342633885050546,0.4332775757296833,1.879727364276051,1.0067103818945056,1.1780450335969215,21.88246150418365,19.9921706022673,33.12281097910672
2h,RSI50,TRAIL,VOL,1382,773,0.11542040430416957,0.19130525913299742,5.535088192462667,-0.026318129747856047,-0.9707693657208583,36.88595561392199,36.885955613921986,0.4951479017273951,1.50923889780288,1.2161386291807985,1.12377680793977,19.461330170394252,11.815432605483034,15.80950332894786
2h,RSI50,TRAIL,BTC,1746,1011,0.18396674559960816,0.6397666222145221,23.692674264701765,0.2960537186150721,9.233378369078249,31.188185753151952,37.03330783761536,0.5918320528605161,1.4605488043431754,1.7723506268614004,1.4410724683902132,21.423921305450598,28.771691543738775,40.881559957984656
2h,RSI50,TRAILW,none,1376,778,0.1404017984964158,0.2595105141727803,10.695426488926984,0.5703448673549787,13.701789279675335,24.023691741487063,41.21384647176971,0.5533524024022017,1.281024971733014,2.2102134713175325,1.4390920251950883,18.632668802007835,25.57903288897949,22.816386507213494
2h,RSI50,TRAILW,DAILY,1252,757,0.11527303506496352,0.04080221386173898,2.0435388032861157,0.046901806810604255,1.4245680768941504,30.373415733145336,50.084017749889334,0.5696644335798239,0.8713305153715054,1.0461488605902025,0.8761999453849135,24.1070296500413,12.856695317226352,11.247207603123744
2h,RSI50,TRAILW,ADX>=20,1141,607,0.23529467293772244,0.9840820581604475,25.151111208496136,-0.18019713918779565,-5.75909194087405,31.95995212150461,31.9599521215048,0.5443874959795507,2.046096380496122,1.356936410834169,1.7918831143449825,15.39835538408193,0.8817095953064014,36.51876504593172
2h,RSI50,TRAILW,ADX<20,870,562,0.06164871848949971,-0.12607072695976523,-3.5125364174573126,-0.2327771177768559,-5.664502054177289,24.334445362483514,34.20026971774529,0.44277142293456695,1.1677034844236382,1.2460604224260259,1.027188744903998,16.85466600312644,1.718377608872057,3.7544440766852594
2h,RSI50,TRAILW,ATRREG,918,549,0.1527012024401826,0.25717125443606537,8.263937673275134,0.23785322336345044,8.394251265965845,35.29172801303202,35.29172801303203,0.5259983720806911,1.2039451974015443,1.3919540416673595,1.175647658291891,20.985247970371603,19.5145726343827,14.639429431439122
2h,RSI50,TRAILW,NOWKND,1221,719,0.24852131623727017,0.7786078335680827,29.868475912477123,-0.23403233081733482,-7.202985759327863,30.777737991038013,38.36138634208254,0.5463123569203866,1.8048370113042753,1.2980543497815202,1.5277124979281307,18.878495263237472,2.7993110744579663,46.98398933090979
2h,RSI50,TRAILW,VOL,1027,615,0.21910853106123945,0.4318425113223073,17.37847060843205,-0.26083577060495167,-8.185992743193237,31.38370448273875,40.242611954110195,0.5844845457906934,1.5068426044041354,0.9866736073334789,1.2483447660960427,19.44935773875519,0.1743548786778959,27.06879769546564
2h,RSI50,TRAILW,BTC,1281,760,0.27892805199979487,0.9051070653397845,32.242442013635596,0.08799062798225789,3.2864445148159893,37.34993817158182,37.34993817158176,0.6096853886595742,1.5869169167222363,1.387330829839603,1.440243739319742,22.671846252320695,15.463126502815339,46.501547250169374
2h,RSI50,TP2,none,2251,1258,0.037415454169000946,-0.338075801798312,-15.141592006946114,-0.508783826793181,-17.798243144478242,34.98193575974885,59.796672673496374,-0.03370712646252609,0.4729637282059424,1.0548429987436851,0.5542680383748122,19.45982448364584,2.466703089261313,0.879781085081377
2h,RSI50,TP2,DAILY,1836,1078,-0.004713236228322242,-0.34589159357636823,-22.200913495774934,-0.5892017809935722,-32.27649117937621,54.78002989900725,82.62477488515485,0.1567030943286962,0.15696547525867907,0.12614118157044535,0.13997167913969005,26.226313149444948,-19.100587653599632,-10.337514532337511
2h,RSI50,TP2,ADX>=20,1749,918,0.000946170395082033,-0.3716443508428435,-18.759516933710074,-0.24866137804710717,-5.448283956079624,21.910455089038738,55.375494671458924,-0.035640391218796724,0.3885506417851135,2.244780837879837,0.6868786081366097,17.032231491070515,11.555601542031102,-7.434910411672613
2h,RSI50,TP2,ADX<20,1180,747,0.07343328094412854,-0.14359645617853,-3.6249503777793124,-0.5466020282799139,-14.712160203460567,26.915670711573902,34.337287258253,0.0447387619475976,1.3507881625590672,1.4280077569046639,1.3341186504927445,11.660537943775484,-3.6819014959967533,7.854128274987238
2h,RSI50,TP2,ATRREG,1318,808,-0.007999104220396626,-0.36594162462746543,-15.497466538784044,-0.2541307604532677,-4.30335586453795,16.93362840792072,48.53060819642959,0.004202887216561214,0.5728027416054798,1.743530246221067,0.8873279133333144,14.863631437677027,6.1618435056527865,-7.769392810746423
2h,RSI50,TP2,NOWKND,1975,1105,0.0775279828838137,-0.13903643145577102,-3.683212303778338,-0.5578098324672651,-23.981066885464962,42.99147395698208,45.31549423542225,0.0034263964171595386,1.152171648487122,0.5758490311625025,0.8499285351659368,16.072592312876942,-6.993073127300187,13.741505316788881
2h,RSI50,TP2,VOL,1483,805,0.07247534834307785,-0.1281169884509568,-3.8117556472719194,-0.3642978423448888,-11.22023058230528,30.79960756858625,38.21319175421113,0.06984767264958822,1.5400833994460819,1.720844530513344,1.6029560717253,10.242336661954454,-0.44664080841388953,7.699175566065142
2h,RSI50,TP2,BTC,1885,1074,0.0652829146834032,-0.14831735549147748,-7.455227328074288,-0.5193612864020033,-19.4708294027514,37.48995143176751,63.145700034519805,0.23062877751935124,0.7405094896401664,0.6519996352840596,0.69887717315425,18.723787116425516,-5.068978577854333,7.737694517811167
2h,RSI50,TP1,none,3128,1775,0.02158031431520152,-0.4013013589487654,-24.02230756055411,-0.5914631439879255,-22.01850351042136,37.22717760900899,74.15697058135733,-0.0998460261696379,0.1515055076249587,0.8579006151486462,0.27690992650650925,20.636762735920357,0.4091787701979932,-2.7678983258915713
2h,RSI50,TP1,DAILY,2342,1319,-0.006897390861461203,-0.39516783636176517,-26.590296686692817,-0.5868709279819296,-28.570280825380834,48.68239243614491,82.99501583227399,0.09540687840661177,0.04205951818856178,0.32148200640139474,0.10774863599726195,23.6604407044524,-12.794713847453332,-11.787881894629182
2h,RSI50,TP1,ADX>=20,2143,1086,-7.812299169828927e-05,-0.3775139776542306,-21.63308281879177,-0.5180470530857179,-10.96823235486928,21.172270529361427,64.7919987247908,-0.10474236763394999,0.24628802498071636,1.9273854778376711,0.4904058049265419,18.50124252178936,3.1356636742989163,-7.614246612488518
2h,RSI50,TP1,ADX<20,1528,978,0.06580664103720384,-0.31962508172712434,-5.448791675349963,-0.5226917200540178,-17.34495298379999,33.183906150278155,41.53853693464264,-0.000796944088327747,1.4050576291964758,0.9841621918692386,1.0369563423773587,13.627711538293442,-2.647295170693331,8.660629469521485
2h,RSI50,TP1,ATRREG,1571,978,-0.01351567103860306,-0.36195517228940266,-18.041153677899924,-0.2859321132563158,-4.385810735615648,15.33864344815341,52.98504652628614,-0.0742230130352563,0.42102098173042757,2.1496094492584,0.7424781520825726,16.11485263591945,8.06901790550274,-9.44880069332209
2h,RSI50,TP1,NOWKND,2638,1474,0.03715254381374175,-0.32821728862878796,-15.763392075320649,-0.4170330374045077,-12.313699849714544,29.52691692330044,57.193039175121484,-0.07942894648689575,0.5086692515020855,1.643062055501632,0.6894324869506456,16.63847654728574,9.236620559193698,2.923791122584829
2h,RSI50,TP1,VOL,1748,965,0.061044315917158865,-0.3066708661065245,-6.343727525287857,-0.5657408826733916,-16.813445745343316,29.719340179008945,42.61103251256846,-0.00414638126874845,1.7712825357460578,1.2852108923885877,1.1185553100057548,12.518758524093897,-3.4920892645088464,7.383894744060382
2h,RSI50,TP1,BTC,2428,1343,0.015212399259487726,-0.34802349330294086,-21.79253052241946,-0.4631245888094609,-12.994496254505783,28.05831641958443,71.66464877071081,0.17218450492448767,0.18649740519964195,1.2164038140164226,0.36748943049334826,22.700872569492436,8.16572315036279,-5.530062392236401
2h,RSI50,TIME,none,3047,1746,-0.003509974706189088,-0.41181638151510636,-27.202380822109205,-0.4915490629825175,-20.306700576808822,41.311645380007675,77.95110236810561,0.08282717546189206,0.04113648933420364,0.9139667014441025,0.20209964589630408,22.970082802147964,2.1762378745634914,-11.88972464569773
2h,RSI50,TIME,DAILY,2378,1310,0.019118141674860957,-0.31161836488781586,-15.538325135815379,-0.6014978690671915,-32.43343185609715,53.921108492695446,76.6864042266954,0.1898496960377519,0.4910260972473,0.11508851140963756,0.2625163882704311,23.7275535215402,-19.666465641473607,-1.4441668444883482
2h,RSI50,TIME,ADX>=20,1953,997,-0.022093300769396203,-0.3720578504817725,-22.288724576126683,-0.31117453133991635,-9.115567030250327,29.29406526619878,67.68828003228131,0.078718331202528,0.19824003945582333,1.9246874177814568,0.445329917373955,20.42587619348979,2.782962789525434,-12.061656895226458
2h,RSI50,TIME,ADX<20,1485,939,0.04482311157457669,-0.19560524155085635,-4.670932200001854,-0.5474159676560018,-17.60082224285574,32.152555429139696,46.79087384450107,0.08859424625637512,1.3497507616699504,1.043176927814015,0.9944434379224159,14.421421379621657,-3.0960139173449197,5.780569283657044
2h,RSI50,TIME,ATRREG,1405,878,-0.038326155411948025,-0.3465471118339129,-18.16280649998876,-0.2426254612193089,-3.9611892346381405,16.32635426937994,58.440749435663164,0.046181775159959505,0.43852529018453484,1.715975945659364,0.7852426875868832,15.139537543759818,7.168915501129214,-11.551988072710905
2h,RSI50,TIME,NOWKND,2406,1369,0.06598582275788695,-0.056767032008715294,-1.7082236406749662,-0.38554197905669946,-12.33817377751808,32.002153974790836,38.33203925501368,0.09573117303183527,1.477813664261532,1.3210410526200178,1.3225568249843556,12.974501433396867,4.143637169231584,15.346011115226265
2h,RSI50,TIME,VOL,1636,928,0.030563058485390426,-0.2331594305361635,-8.387579069959738,-0.5980721620637659,-22.048777407148236,36.86641647232766,58.104673045624544,0.07674824329040573,0.9803023026208817,0.6154195497155763,0.6573650139832146,18.072761880806087,-11.837105220785604,2.354111840482642
2h,RSI50,TIME,BTC,2457,1346,0.08626713092272645,0.10849866273617761,3.601188311698156,-0.5730730148470089,-22.97555142604587,40.09183966231522,55.56791598547714,0.2972383573847276,1.2562681556999922,0.6174808795150483,1.0155053380781933,16.052254550747357,-8.147847168797707,22.748459451592183
2h,DON10,SIG,none,3081,1815,0.0314776237945495,-0.2809311577712649,-13.06803563891813,0.031406285442708265,1.075432056731529,34.24257410808246,53.74101684986452,0.5966382244329067,0.4525682190900488,1.1862355343281872,0.6931543034311822,21.363535145391566,24.930804428732877,2.6730734388138666
2h,DON10,SIG,DAILY,1793,1026,0.027876778474310793,-0.22654572410590626,-9.151695084181133,0.2761773373104556,7.037360144831983,25.481309268041674,42.72557241298922,0.5924103333648915,0.578932569281895,1.4917279658759275,0.8463439087637064,20.533399048016154,20.5213616993529,0.38063921240019116
2h,DON10,SIG,ADX>=20,2360,1322,0.0061041714085421275,-0.3127405606937271,-16.945619983057504,-0.14964515909476214,-4.418701938384384,29.52786421635103,61.39981794010847,0.6241976512447384,0.32254719510341756,1.0040658608018778,0.542843543438654,21.68631681148091,10.325700646641689,-5.679333779360651
2h,DON10,SIG,ADX<20,1396,922,0.07860598637659423,0.15792505290323208,2.940277727464524,0.927190349366936,17.692320944842788,19.081649153189197,19.08164915318924,0.45232370658030885,1.6274571113801244,2.3332159851553746,1.649755708670963,14.816931316379211,32.82116978455536,11.68907956168319
2h,DON10,SIG,ATRREG,1818,1119,0.06491021076466388,0.061602753359798236,1.411867789786725,0.641209162526905,12.453697476999338,19.422207611508956,22.918907236833107,0.6580771324248823,1.2388036986699231,1.765910632673367,1.2732138348968918,17.749094936117025,27.67586624653069,11.631156441150559
2h,DON10,SIG,NOWKND,2603,1503,0.052774156188065836,-0.09719156251767637,-3.1261298754525546,0.2162536558893431,6.52183113109901,30.1582468249056,38.513048444522354,0.5819834344028231,0.8301617928809512,1.5326462888817367,1.0533517430526678,18.940960918108274,27.06225903634587,11.51657780089459
2h,DON10,SIG,VOL,2409,1406,0.0521155170949493,-0.14459909337599666,-4.698704164833845,0.34834811595947934,8.62720179001668,24.766035453512302,32.49470003671424,0.6189010041207136,0.8583817675016082,1.7922912033303282,1.1463274302476405,17.128554285518515,30.178381430028356,9.01967581037917
2h,DON10,SIG,BTC,2171,1279,0.08566658282200044,0.24507021197566803,6.221682799084882,0.9061938645269937,18.73966034003187,20.679526835919837,25.387348176377333,0.6431234652113295,1.179897813441102,1.8423466661275263,1.352061621038915,19.082405131935374,39.38936036786955,20.63592369474525
2h,DON10,TRAIL,none,2449,1441,0.09496936099100124,0.05060310512074894,2.225470055866885,0.3752068895588969,12.275533564992136,32.71670618688153,43.97892284587036,0.6593387912311002,0.7658905632618743,1.2766245345422778,0.9377349686398745,25.187488829325886,39.4762724293563,21.037724656224597
2h,DON10,TRAIL,DAILY,1503,864,0.061250840331254275,-0.14289954499367616,-6.802009841792167,0.687925888123111,17.050543640653505,24.785436825430452,47.59994051830733,0.6362660894300258,0.5184782564172288,1.6156060515542703,0.7866855782216549,25.875744677346844,34.46741302979681,2.716945741883281
2h,DON10,TRAIL,ADX>=20,1960,1085,0.05162526967018166,-0.16065715425237934,-8.831398333287698,0.13924676544076306,4.342063622503001,31.182509760703613,54.97046411897904,0.6725403433042835,0.44461479439739304,1.1232175298611158,0.6232825593021992,27.59011755889257,20.85389890861611,3.4597455701094626
2h,DON10,TRAIL,ADX<20,1281,831,0.16494582564784357,0.8405639861285286,14.928764074402046,2.5652522082601283,48.82171665073851,19.031936311576803,19.031936311576846,0.5853260658151119,1.8239122602936064,2.809182587557982,1.8832824972552515,18.265783518924007,74.29066921620264,26.73245346649866
2h,DON10,TRAIL,ATRREG,1603,962,0.12235954967167505,0.2849111059295245,8.861300572997655,0.8110235022854956,22.97943933915065,28.333875990515324,31.101983701504366,0.719027369223277,1.2469715367840053,1.62989248035557,1.1956730064355012,23.050018055825404,42.16414991477209,20.227935255440087
2h,DON10,TRAIL,NOWKND,2181,1251,0.1309218132292565,0.45866142721111575,14.238436087851426,0.8206367940433734,22.257517017746075,27.122250890166267,31.043456552315796,0.663654777650603,1.3883323846409745,1.6765612024804197,1.3324680108547495,22.45407653318128,47.46204385328525,33.725213805546076
2h,DON10,TRAIL,VOL,2080,1206,0.12426432222404457,0.2918208027952661,9.972837646902622,0.4583079207886134,12.976655624249943,28.314273080685425,34.174526118000244,0.6729666930101301,1.2518954228010466,1.4452805745074537,1.1873706979115493,22.336424381800455,36.69419649490566,27.842066712820746
2h,DON10,TRAIL,BTC,1804,1084,0.16751646585748314,0.6980442104246176,18.870163619887492,1.0810774702046972,27.770210207331413,25.687530239690638,27.03290613700362,0.7079731906584045,1.3931618013322362,1.8969219308576424,1.515378444591351,21.392117163944036,53.53857048222341,35.22441583226028
2h,DON10,TRAILW,none,1741,1038,0.18681851509743294,0.40004002944664785,17.661361267300247,0.1863419696601414,7.933721633772106,42.576139171663655,44.148985019649615,0.7414332892660355,1.1000033515738743,0.9451183789194527,0.9124659345414953,31.11168477763736,25.82263002139211,33.42403846074855
2h,DON10,TRAILW,DAILY,1213,708,0.11676316730879875,-0.006774159533298157,-0.3373133627567748,0.46363260738213213,13.6320599992513,29.4027205640771,49.79412738934212,0.6665434582863694,0.7034806578125927,1.370628762532199,0.9084992497392251,24.74858761826575,26.431426249382838,7.9380878720857195
2h,DON10,TRAILW,ADX>=20,1451,815,0.1785355137340148,0.32513613825083204,12.781051260615438,0.23406565978487004,9.643591846241062,41.20037025125555,41.20037025125555,0.7491092176784626,1.1214005881663607,1.0023493374386332,0.8917690918331145,29.867854157062744,22.313506698815246,23.73302192199902
2h,DON10,TRAILW,ADX<20,1070,706,0.19679249833698267,0.4921494430183401,13.77107305151737,0.21219701389218776,7.293179631742586,34.36985044213712,34.36985044213724,0.6388270504065697,1.4755541080039933,1.1651056474177566,1.0830799094493573,24.41616554075545,19.968303105338126,24.386589528394698
2h,DON10,TRAILW,ATRREG,1226,739,0.28857464470250166,1.1646878666702358,36.665811097450906,0.7423217060228797,25.912037523064857,34.906749072303434,34.906749072303455,0.7737600989691819,2.079496159815445,1.4625929155946784,1.4182687822852085,26.742473917786658,40.586885178793494,49.42076180688802
2h,DON10,TRAILW,NOWKND,1610,936,0.22276570511791965,0.7095804166234817,27.71655550278338,0.48446831931484835,16.556335418867384,34.174237527609485,39.06048539878232,0.7410021491735078,1.49257714894822,1.3042405794655427,1.2770880945737644,26.255376529919072,33.87957106550812,44.661362149136096
2h,DON10,TRAILW,VOL,1569,925,0.21295262900738254,0.49117582965545203,21.9063187391761,0.2875702649264403,11.084879853010365,38.54668303708608,44.59974904413121,0.7519691937584707,1.1585639339415144,1.0811411455518198,1.056744347207158,28.746621082833578,29.5699805913626,36.05120849187864
2h,DON10,TRAILW,BTC,1396,867,0.27353080915505484,1.1829006718424875,34.750116259666974,0.5352487757352403,17.114855212716652,31.97551491679166,31.975514916791646,0.7370393945763645,1.645408195426909,1.5073907773963977,1.563595023593482,23.069684681937662,35.29904031629001,49.177123614738335
2h,DON10,TP2,none,3846,2233,0.053964317187000586,-0.31759105793036996,-17.26752524834008,-0.24362235872934884,-7.138606554765536,29.30193514256275,56.99486611846556,0.47023622189784575,0.3045690291045239,0.966868908766942,0.4784926572217237,24.853203437744597,30.05636329348309,10.851554022642528
2h,DON10,TP2,DAILY,2377,1405,0.06466849747260345,-0.19821663178105947,-8.769922330554603,-0.2656928132554945,-9.452410193913153,35.57646169685276,52.36251751704282,0.46376017860752844,0.6056564227510621,0.9470372089196587,0.7044518033594489,20.618592222812836,14.27915688546424,9.603936330808471
2h,DON10,TP2,ADX>=20,3057,1709,0.035725235767870185,-0.30752037877864585,-20.247068444292704,-0.49004879327309947,-17.07388695122193,34.841197826818885,70.64110256394706,0.49739076817187583,0.18092762378884036,0.5951179224038159,0.274991554894973,29.17441573917796,7.642166551851881,0.8368815269310659
2h,DON10,TP2,ADX<20,1425,926,0.09077711186681536,-0.01639543517392577,-0.47614333083491056,0.35769999763369076,6.471616316744977,18.092301815926636,29.041213348953242,0.17201396657450424,1.384026986054832,1.9415307061996965,1.4463900251721968,14.770279274392273,25.33876174021181,11.333705873545629
2h,DON10,TP2,ATRREG,2498,1515,0.07383980575019317,-0.09743934171557074,-3.090592735490183,0.018133976010113965,0.4073271863805239,22.46210021196361,31.96864821937132,0.5347947173364123,0.97879435655761,1.2729047038579695,0.9743337204423718,19.3269239488181,23.55691227065233,17.605930577628627
2h,DON10,TP2,NOWKND,3278,1875,0.07832515856766023,-0.1184081599372757,-4.727543043672011,-0.11879124912849119,-3.981607134358145,33.51768049893489,50.826455225094016,0.44072015098751965,0.7517555818510595,0.9785124070702501,0.7787722221789678,22.7507845265596,28.32145308185503,24.63114567870366
2h,DON10,TP2,VOL,3153,1817,0.08214484559348002,-0.08734354278555603,-3.661751701265692,-0.13075701931801448,-4.74698659311088,36.30387582914935,41.92355364215011,0.4871003365004237,0.8693122881230884,1.0494006867934604,0.863531651776293,20.637915291859343,29.05810610958566,24.166491906080555
2h,DON10,TP2,BTC,2871,1778,0.12249230479568093,0.4110958873780022,13.441448260345389,-0.15314800986561206,-5.451461210220798,35.59603036960438,35.59603036960427,0.5279782544378497,1.3034300420641163,0.9737232343320267,1.1016815424314728,21.76458603226562,25.545565775173884,44.16072509082378
2h,DON10,TP1,none,5831,3416,0.03480828606881201,-0.42144531904473365,-32.886566891782664,-0.5132052730753482,-26.39033831855985,51.42257826077567,86.30209776893764,0.3414916717707105,-0.0806812089416146,0.34862979153957135,0.01001924056028977,39.039181317142365,27.293741919590598,7.167021921826455
2h,DON10,TP1,DAILY,3312,1928,0.044652822846470035,-0.3074463752777872,-17.228237935410718,-0.28536990763792525,-10.98440755715938,38.491821538157055,65.52592637271522,0.37652899148896946,0.3042604025900066,1.013348123929965,0.45559735688995806,23.272175782232186,23.61877198487392,7.454783740379156
2h,DON10,TP1,ADX>=20,4358,2417,0.008761611315760398,-0.4419605052689066,-35.573835570951395,-0.5324552763615836,-24.615224576405293,46.2296565912691,86.85283402620274,0.3698583143683125,-0.12107332308240532,0.4515055454348931,-0.01859966787183317,44.28684946600825,9.38998346469111,-9.187754416449323
2h,DON10,TP1,ADX<20,1806,1221,0.072697156037332,-0.1968001599468838,-4.4549210419594365,-0.21962030062214896,-6.970752581990602,31.740019307156864,39.585579211992325,0.10067410432018302,1.0576746355179023,1.5325788435981564,1.1826407729779673,14.297443454952463,17.52626896366676,11.122914624359503
2h,DON10,TP1,ATRREG,3341,2023,0.047798302457555196,-0.2754847099572493,-12.678996026217837,-0.40031416771915324,-9.909856593609344,24.755198273576372,51.41797499310394,0.408683456272456,0.5924167389453238,1.2433666073679563,0.7602769232016856,16.78431049439465,19.020639537412908,12.536972696818683
2h,DON10,TP1,NOWKND,4723,2729,0.053243827447572965,-0.26323731191127436,-17.43997469248113,-0.3517197837979199,-13.070224531986641,37.16090232642733,71.99378662272925,0.30381025579358706,0.2647332974722068,0.8613043701341335,0.37724632767744287,27.73306726987923,36.62425288797835,19.98821826336883
2h,DON10,TP1,VOL,4316,2498,0.06744616868584064,-0.18250577960931372,-10.34566415947047,-0.41539083489383677,-16.91890224713871,40.730080747840155,67.62867641304227,0.3622008591349885,0.5876811339700696,0.8361763984917245,0.6234838837740371,19.767559144755975,25.96142417646645,27.928430807583982
2h,DON10,TP1,BTC,4140,2476,0.06527853970202,-0.185409042803667,-10.686816056838733,-0.2958804897243973,-11.151914118845575,37.69060315275673,62.38487229618883,0.4427076327128264,0.5319493200574998,0.9126751998660108,0.6312352478839761,21.169424163226815,31.97588271421319,26.021222951115377
2h,DON10,TIME,none,4087,2382,0.037163102267082776,-0.31540348448321376,-17.98994888141121,-0.378386496535211,-18.509171754733366,48.91604728027335,72.87735996054332,0.45413238805322437,0.2763047533958623,0.5292785618114443,0.35670160077741503,24.92319278982581,12.563117261798329,5.8105917429503995
2h,DON10,TIME,DAILY,2230,1312,0.04055243671156508,-0.23556811238693248,-10.036932446315294,-0.17142519035313547,-5.83353177326954,34.02960650796116,52.56773595763746,0.4879365235316629,0.5328501270184515,1.024323940468453,0.6768209736346525,21.56984176372386,13.981264242898984,3.493116025183385
2h,DON10,TIME,ADX>=20,3031,1681,0.0018426740873538447,-0.36904827815378644,-25.478669797544683,-0.4048495533553008,-17.53056755649456,43.301437314689394,79.08894604942309,0.4968265992494979,0.05533714102577223,0.619953753401314,0.1871296138214285,29.001092716803246,1.2610001257430614,-10.84203901832418
2h,DON10,TIME,ADX<20,1512,1000,0.10167283079891778,0.3598792306844687,6.949877678984229,-0.19942375336044127,-4.511614925812102,22.623257509639515,22.623257509639505,0.2165908029997009,1.9960113316425707,1.426116417388368,1.4278386290828204,15.228600671898873,11.95484439434571,18.811220198765355
2h,DON10,TIME,ATRREG,2282,1377,0.04700866983262105,-0.18952724769615356,-6.049025366804672,-0.054108289528817057,-1.8306448119819296,33.83298248611172,45.366057506495316,0.52875077055913,0.9006454286890601,1.2012563488163797,0.8873691396746989,19.19379038080328,16.91535706546212,6.967334922111856
2h,DON10,TIME,NOWKND,3255,1866,0.05716759801979761,-0.1401840478759903,-5.755272582411919,-0.19069468999512865,-8.002049024848034,41.962621114685724,59.109188346954824,0.4282128500825289,0.7523405807286783,0.8851741535155849,0.7385043075320786,22.021675406568676,18.117374033000154,15.375958976306215
2h,DON10,TIME,VOL,2999,1744,0.08076758159675394,0.10251584952544875,3.0312460932495178,-0.260237477092799,-8.787688043815434,33.76795741330447,41.540401119289314,0.4762014550369939,1.3229529817593055,1.1068934940735027,1.133031712601441,17.075116853028117,16.694777959775344,26.671449056570218
2h,DON10,TIME,BTC,2761,1648,0.09695780113149947,0.3519609711654835,8.995138147281988,-0.15019152627552998,-4.764620139620668,31.72362820842407,32.90930633985213,0.5417436583338178,1.250025629176233,0.9634980433709955,1.0059934152515482,22.169639285395583,21.178995957846112,31.443019280244002
3h,DON20,SIG,none,1178,723,0.15010120287161025,0.48362070095351595,14.439311245025088,0.16729429287769357,5.231287110851479,31.269967557566336,31.269967557566314,0.7684445372364317,1.469653973712224,1.0835203864435725,1.0451146714656818,24.70431898750036,13.016392728485805,21.269767345884038
3h,DON20,SIG,DAILY,748,439,0.16340062830501506,0.3687408641809234,9.74755655602535,0.7604402924449696,18.519960415374157,24.354259761576724,26.434706599924585,0.7248383129710539,1.274843988200941,1.6505551634227245,1.2778201365011912,20.952115982309984,24.834457530885224,13.757013971768739
3h,DON20,SIG,ADX>=20,908,555,0.19938286320383822,0.8167416638150262,17.944026172337324,0.017950744939448524,0.4991785634884005,27.80823665938268,27.80823665938268,0.7790217122203574,1.6054929829331104,1.0521065737601893,1.1478238492181774,22.622026726553223,5.834947467577911,23.315008393491745
3h,DON20,SIG,ADX<20,578,378,0.1349683633859749,0.28344836700818055,6.206232078401408,1.7959034731222787,27.07701926939521,15.077101678700078,21.895458929288136,0.6176797447318557,1.5412307880270126,2.421658882553294,1.6661800332471954,16.29024830920891,33.13329061748465,9.567110405161628
3h,DON20,SIG,ATRREG,729,447,0.31324034921499944,1.707214106096163,29.034165748264208,0.8574600658035479,17.72723833297467,20.674127040962563,20.674127040962553,0.8155723829201815,2.2848977883228394,1.7611798359274542,1.727069069584226,19.26141979743591,23.19975019990228,34.3600060049305
3h,DON20,SIG,NOWKND,1105,666,0.15069184705975897,0.47761462464756493,13.850264250700794,0.39323830058601716,9.862994079170551,25.08146857636293,28.99882779117369,0.7641871178670638,1.4164798878415545,1.379161114135635,1.23995250474515,21.417399687278106,17.563161590049738,20.099355466896228
3h,DON20,SIG,VOL,1010,618,0.20541774623778017,0.8420703461088138,21.350777444662207,0.3619025263527073,10.728784169069217,29.64550780342724,29.645507803427208,0.7738923977469483,1.6258241412513297,1.2601854448264702,1.232101747947462,23.823696750802505,18.034980556078462,27.588807288638773
3h,DON20,SIG,BTC,902,555,0.22922963178521155,1.009559819260053,22.07172335899985,0.4863505468121947,11.947951355118125,24.566542452622862,24.56654245262283,0.7700510128046698,1.6303104015221337,1.4594246979632166,1.41792702056161,21.05342758181845,18.962458689503926,28.124425318310188
3h,DON20,TRAIL,none,1275,773,0.15217173143700544,0.4757583745190332,13.128124617993864,0.20477071368991226,7.5463521379325105,36.85269246734217,36.85269246734215,0.7384562963697123,1.3176111241884538,1.0179905126966775,0.9347069090569509,27.83452646526513,17.846546039125876,23.249541690133846
3h,DON20,TRAIL,DAILY,792,468,0.11854174502987574,0.100423202791823,2.8415025772271285,0.5326296203395007,15.609781634524357,29.30701004682129,29.307010046821336,0.7025887117835157,1.0324861736163427,1.3988925846252593,1.004128917938588,23.55671554181098,22.762390512005037,7.8557023123019265
3h,DON20,TRAIL,ADX>=20,962,587,0.1782647849499507,0.5624826351437059,13.798351837773271,-0.02226367516186214,-0.6721626201011133,30.191000147744408,30.19100014774444,0.7523085191030835,1.2659530739386182,0.9833528189298124,1.0357867706589756,23.50999849575861,5.709487003332914,21.81471686155405
3h,DON20,TRAIL,ADX<20,620,394,0.12466287448207268,0.21333740610221627,4.2854549545987775,1.760046854298381,34.71488377386209,19.72384069724139,20.087686603564915,0.5932341798832085,1.518997583173623,2.351042876040315,1.4951436317641358,18.558605445487007,42.66883193318658,8.199844375612365
3h,DON20,TRAIL,ATRREG,780,468,0.3006698325427122,1.7129167557563414,27.68012918364098,1.0338407956370654,25.05431914087055,24.23421405559042,24.234214055590364,0.7989223724363234,2.497828299334995,1.8037429735289743,1.6260295687883466,21.081132956778248,33.267954772619525,35.09264175334212
3h,DON20,TRAIL,NOWKND,1190,713,0.15731323034673872,0.4789176530239446,13.510602645424608,0.2972380917520319,9.326759984350087,31.378077854607035,31.37807785460701,0.7331646523518036,1.2516059472145864,1.184976207372473,1.0686063521242621,24.793288818710913,19.001386800220853,22.821800040070993
3h,DON20,TRAIL,VOL,1097,659,0.1921615354146986,0.6797372270018847,18.0595610906791,0.40970234165694874,13.706183512435155,33.454003355225126,33.454003355225105,0.738816940219404,1.4565527343467226,1.231529941156709,1.1178805367275606,25.920245795062414,23.369504596261525,27.14222898796821
3h,DON20,TRAIL,BTC,953,588,0.22353526078461403,0.9232623843068278,19.156259923961283,0.43811424899021945,14.083696657049426,32.146173491298235,32.146173491298256,0.7447831276153055,1.6327209140355452,1.3245685461354395,1.215058910999172,24.192650508422243,22.569048415522985,27.292677760663043
3h,DON20,TRAILW,none,1028,633,0.30368994645651914,0.9816928907689263,31.31371382785437,0.04036454519251656,1.559188333691952,38.62767005686515,43.67442291822715,0.7326809128026749,1.5683699508966082,0.8639746652934766,1.0821654723496514,28.857534924710183,8.59198601806057,41.994015361624484
3h,DON20,TRAILW,DAILY,680,404,0.3323887645922286,0.6360656094651068,21.088061559473136,0.5231050169416549,15.498368370851656,29.627642383288944,33.1539093541104,0.6687186396634309,1.36095065743628,1.395153230444837,1.290503675184792,23.733528997664553,21.697475821337164,26.69928164924682
3h,DON20,TRAILW,ADX>=20,795,478,0.4139725106201862,1.342973045030675,38.8433895455552,0.19960642563114533,6.22930693434447,31.207947913739343,34.527011488826574,0.7255153754175353,2.115571424771099,1.109945975176772,1.3931704331767343,24.76554718390619,11.864627678622552,48.392704202821115
3h,DON20,TRAILW,ADX<20,564,365,0.10654950554717126,0.044735243483747134,1.1175195972932261,0.8095058258035714,17.394330004060944,21.487590885209663,30.40229983038236,0.5980680072213083,1.1431713461441453,1.7571701206822654,1.20790013256075,19.45638191975213,23.005592084630734,4.340941816259436
3h,DON20,TRAILW,ATRREG,656,400,0.6096783920321968,2.8262241528201435,57.29647544564478,0.9741207696209907,26.745481945943304,27.45602268222799,27.45602268222803,0.7547007391874454,3.62006734862821,1.7181499563610412,1.9463980117014377,22.77481101009464,33.91615486184596,66.43683170096585
3h,DON20,TRAILW,NOWKND,965,591,0.32929198891714545,1.0844738990996352,34.01018335669266,0.1762532779843547,5.952841337560222,33.774358160241604,40.81811681748553,0.7239197489758833,1.6503287769248245,1.0630109386952342,1.2130508229386527,27.248777496282774,13.069306306415251,44.172175336365996
3h,DON20,TRAILW,VOL,905,571,0.3916086942370277,1.3432550357875335,41.87574154085936,0.08082238441855424,3.026887797467692,37.45110737877235,37.45110737877235,0.7332102166850556,1.8277966893992026,0.9151429871617011,1.235985118960561,28.181651156443387,9.89335675226306,52.171458398404205
3h,DON20,TRAILW,BTC,798,511,0.44480979722455705,1.5704739775769045,42.23161920487959,0.24229526976799348,7.832505663643485,32.32628384014015,34.37555962034915,0.7143588672794009,2.051472954934286,1.163336271915245,1.465536384709909,24.620681825537638,14.233310857561477,51.20210537866252
3h,DON20,TP2,none,1976,1231,0.0871011281133234,0.10221927799743077,2.8965962662215627,0.06363164336923845,2.042881685001463,32.10480787282412,32.10480787282407,0.6014800930874606,1.0168069440051257,1.0152835458371066,0.8541715565248214,24.883178838182907,18.872319301736674,15.827021881344038
3h,DON20,TP2,DAILY,1260,781,0.07426398219222834,-0.029374893892329317,-0.9230600203805173,0.3679796922880218,9.530898239150298,25.900609296912936,31.423433349713527,0.5899674093040179,0.9917776678252972,1.3768951834720469,0.9818439062687355,21.561721646300715,21.458875332004634,7.457886941326852
3h,DON20,TP2,ADX>=20,1525,935,0.0893071089506759,0.12680673867259448,3.2495324964506134,0.04885032676464155,1.2596694682724285,25.786305879619874,25.786305879619775,0.6170963957769653,1.044180027188288,1.1874536926584667,1.0185910235724651,20.721326351445192,14.544208306918026,12.310638506841887
3h,DON20,TP2,ADX<20,661,426,0.0796590276934857,-0.004658729944394537,-0.06802682290857343,-0.23968786138754505,-3.7577286331685777,15.677592563157816,18.332902198699628,0.22395236796995624,1.4090698609187409,1.5258631743566433,1.3224961306099434,14.470422403146943,2.265588500987592,5.646457696417451
3h,DON20,TP2,ATRREG,1253,771,0.1754456016452933,1.5233088149610907,20.34120970665725,1.1743342006618662,22.8460458898033,19.454466945548422,19.454466945548386,0.6770210338051773,2.138449710797381,2.011179858520681,1.707723258147822,18.462530517361298,36.483099675957156,30.267923452001575
3h,DON20,TP2,NOWKND,1734,1074,0.08903920521474229,0.10414431414176396,2.9803699062553424,-0.008257975755083836,-0.22528599971246566,27.28101975520737,28.617692005714158,0.5697901878255874,1.1459290027920337,1.1198300013789497,0.9763542706988385,21.33110744574511,13.847566745933705,14.859955414093129
3h,DON20,TP2,VOL,1680,1028,0.1345972638449051,0.6797746844515173,14.810415821188672,0.5606968928124264,14.857859499012104,26.49891534887211,26.49891534887211,0.5831583971813609,1.6338059425245826,1.5477210611141061,1.3302600233671065,21.246832491873036,33.05240409100549,27.990818049772436
3h,DON20,TP2,BTC,1545,964,0.12623555996519253,0.5556830555109126,10.826053383299804,0.5130667054696608,14.350029351086624,27.969129935941993,27.96912993594204,0.618286847315637,1.3736254508493215,1.4812577047054012,1.2140829877428163,21.935806995980478,29.591844251378706,23.058901660879737
3h,DON20,TP1,none,2808,1710,0.052538264623386816,-0.1560505045393942,-6.446539867853341,-0.2663019977797378,-7.3927139099285615,27.760640068660624,44.82412699252456,0.501103001232584,0.7874470196955762,0.9197455973405883,0.7415748545863327,21.097998588191345,14.40602592966076,12.117327633636087
3h,DON20,TP1,DAILY,1728,1056,0.054984855116500385,-0.10904500513564826,-3.464015267004572,-0.021056545723419917,-0.47734674535538923,22.669755601198418,34.675153737344836,0.4901276870819516,1.0535627699574381,1.2018248926883743,0.923878773148505,19.756514641345134,13.290622934785556,7.6810306774951265
3h,DON20,TP1,ADX>=20,2101,1260,0.062088289602758896,-0.045159667865300714,-1.360338731109001,-0.378894499035249,-10.076784716665877,26.595225695605627,34.07960176805006,0.5285258822249053,1.1295933655833517,0.8986828208189099,0.8676931611859455,19.52480852175983,3.8645226631564,13.427515957623726
3h,DON20,TP1,ADX<20,774,507,0.016256884194827133,-0.22487898550571142,-6.2351792771524135,0.1747270693731304,2.5260759743383376,14.457267459479283,32.01471454714858,0.15510333654611178,1.1323502722371954,2.334766425626998,1.468088878080063,12.273001421868567,9.621813509692512,-1.936931872021208
3h,DON20,TP1,ATRREG,1664,1001,0.10077155696620596,0.6176167458832892,9.216161909239196,0.4216610690397631,6.473356482160519,15.352037352896042,15.352037352896064,0.5840032277221504,1.6109119170210915,1.6848717913348827,1.4777489116961886,16.52437877540648,20.009593057073083,21.73741696025764
3h,DON20,TP1,NOWKND,2382,1453,0.06649274756498945,-0.02631739262728752,-0.9240673970919766,-0.2090853786645723,-6.101589731737967,29.182287975891963,39.76457499695651,0.4672611199192507,0.9977816247122401,1.069702937877544,0.9563729908296492,18.953259728693062,12.638193371096197,16.3378137442745
3h,DON20,TP1,VOL,2236,1359,0.07671130146590868,0.06432682784172108,2.1607430107874137,0.0012627638227927058,0.02860182545669776,22.650178077989658,33.59007560739688,0.48054224288287495,1.2795609106744898,1.2424262333456704,1.0624475211234912,19.38921516533427,19.740726076698877,19.27284231399158
3h,DON20,TP1,BTC,2126,1310,0.06603131211727468,-0.04419739656726597,-1.391635692087534,0.13214737957045533,3.623840986840565,27.422723012895524,31.486825020780174,0.5297951119311127,1.069213970546348,1.2910942792833149,0.9798299924255521,20.300741406185974,22.30798992627394,12.941598207847903
3h,DON20,TIME,none,1839,1081,0.05911849309097666,-0.008265885196208226,-0.28391677692138906,0.05961000624247187,1.9322877723311427,32.41549354098869,34.348018413276414,0.5903565959326584,0.9494852484165843,0.9941228581399792,0.7893455169806229,25.25879961176124,15.23341250361334,9.91651349863849
3h,DON20,TIME,DAILY,1098,651,0.05953063179914735,-0.019134630680874995,-0.49708424374242943,0.30596860033021084,7.883569601399043,25.76594327944387,25.9782512677009,0.5860481101836943,1.0076946020675386,1.3166009053475125,0.9645404110725323,21.77115702668021,16.603322746704684,5.330721044224984
3h,DON20,TIME,ADX>=20,1368,805,0.07749360692147192,0.14155385308872798,3.8336772945063213,-0.05055407662639074,-1.3916587656358392,27.528121538458716,27.528121538458784,0.6254183111563828,1.1720413363995155,1.0157260333052196,0.9195724460771003,22.521926048130393,7.554344768714527,11.523891614062531
3h,DON20,TIME,ADX<20,665,421,0.031858778977878886,-0.13847681626849082,-2.767779544620508,0.7560714504320202,10.103082549706999,13.36260289147816,19.9873135388533,0.2692366826710382,1.3489724178880529,2.136400253223963,1.4604827900334896,14.274029095168551,16.213727953953217,0.8480616800545571
3h,DON20,TIME,ATRREG,1064,630,0.13532314060040798,0.9269486213579752,12.884481507341071,0.8068354170213666,17.216154315000452,21.33787629025776,21.337876290257707,0.6754848526032866,1.6742139294404008,1.7525731209372566,1.4345579120583363,19.354552257443704,26.06211205690352,19.653453563850263
3h,DON20,TIME,NOWKND,1607,945,0.04187456146718521,-0.1052019387281061,-4.155531965951265,0.2561801826862004,6.317221383409577,24.659289868442524,39.500526475003625,0.567195280490479,0.8810758872153966,1.313457500857763,0.9126286801190813,21.150214916485155,18.515162310773835,4.188700999017492
3h,DON20,TIME,VOL,1488,871,0.08586577107855772,0.2282362568231245,5.327752011498843,0.23064146262934776,6.652385601550104,28.842973530049175,28.842973530049143,0.5783264083970012,1.2486913335386716,1.2002540471251117,0.9886679919523437,23.316341327426493,18.261871653182094,14.413201795099528
3h,DON20,TIME,BTC,1354,809,0.09433977586417483,0.37772590020987334,6.242015731528205,0.23089423968552306,7.180235456439243,31.09750795956925,31.09750795956925,0.614072291718737,1.3335873700010876,1.2036373068455186,0.9993168260467848,23.45437142459207,17.650785372071077,14.334448478582807
3h,DON55,SIG,none,565,323,0.44359383542334035,1.3138201293256977,31.76334450605829,0.5207252064023903,10.71173847728546,20.570808452487256,26.825220304576945,0.6891274833380093,1.9810068878338114,1.5694231129490404,1.7251425534853155,19.183346239690348,14.417285113124745,36.41916006579316
3h,DON55,SIG,DAILY,438,236,0.4121528103262884,0.6803295644047163,19.819145434429863,0.7347676448398416,12.345217640911166,16.801525934912487,29.131683336107084,0.6296959147587018,1.4565581219479085,1.8379947386095359,1.5029909998457325,19.588612308563903,15.301907655929803,22.771078508070495
3h,DON55,SIG,ADX>=20,489,290,0.5676205352355831,1.6875326994424744,38.250772964053105,0.5746029206288892,10.929921851492841,19.02169560769079,26.032929070493882,0.6810840073841797,2.254174161376626,1.644834815879573,1.8849263791201902,18.686970907884938,14.272735409059845,42.93988865358218
3h,DON55,SIG,ADX<20,203,116,0.07126421269182005,-0.0313802715125548,-0.6437590077858379,-0.2349209590144142,-2.2480325352541186,9.569314482136882,20.514768571338816,0.3904710083202349,1.5428028234442266,2.0361781033697466,1.6966451556697073,11.239731646378226,-1.378257523558235,0.21202463593510412
3h,DON55,SIG,ATRREG,430,251,0.6842742166414849,2.4583457136120765,42.75634879697776,0.9774247599073542,15.320814181443554,15.674673703677966,24.94883038027096,0.6971232636970033,3.231164498866208,2.0243751144462854,2.073122467319638,18.09245913360882,18.892638211675262,46.99012685609753
3h,DON55,SIG,NOWKND,536,307,0.42593976668696065,1.2403709183214233,28.25591539517147,0.6247642062814491,11.732544532808852,18.779156063757398,27.84139242865168,0.6803857620972448,1.978250645707864,1.6992546224142977,1.636779976447925,19.640623351385543,15.443616310927943,32.45868069347977
3h,DON55,SIG,VOL,524,299,0.4809543060320776,1.525851434296557,32.60272780687905,0.5543604511201377,11.210554648909321,20.22250076869181,26.22755592943121,0.6816483893349977,2.1830105779991746,1.5997948100668908,1.7612589592245391,19.00429997665727,14.684959128218654,37.117676594804585
3h,DON55,SIG,BTC,498,286,0.5405706125653187,1.5990409645188923,35.53500197001955,0.7090193489246956,12.197418711340212,17.20322404436341,28.409526548604404,0.6767321381618745,2.217817414623764,1.8602524137751084,1.734842764757918,19.973233655634637,15.573965221448404,40.083105407682204
3h,DON55,TRAIL,none,734,402,0.20591453901782347,0.6264079754106997,12.550192964085905,1.0478466396407307,23.259467256559716,22.197396428674487,22.19739642867451,0.7666427314947929,1.5548617141886878,1.9105654138678743,1.4732886629159285,19.433105006168827,30.16755833439495,17.345539384520613
3h,DON55,TRAIL,DAILY,542,297,0.14237740168215957,0.14844158630388177,3.2179972691165792,0.7101056886681029,15.230322732361689,21.447966092101268,21.678542713285655,0.7226176988935721,1.227021976380776,1.7145164977822298,1.242602936002938,19.04480988644812,19.7950827052102,6.203489198621903
3h,DON55,TRAIL,ADX>=20,629,357,0.21802786567525217,0.5896499464764117,12.031266944923647,0.809834741236162,17.626273851904916,21.765272535726876,21.765272535726865,0.7666969868566991,1.3587841890140775,1.766027163595332,1.4246249853633137,19.216236219272265,23.359014991659755,16.20244769461776
3h,DON55,TRAIL,ADX<20,221,124,0.21488045957941676,0.2523049134738245,4.164522698933304,0.6754605210227331,5.338050152186069,7.902830714818954,16.505911999868182,0.3992147404700272,2.1248407684989394,2.5254793314994313,2.0631585477550884,10.905123787297988,6.959991941177912,5.450065561403994
3h,DON55,TRAIL,ATRREG,539,297,0.3779290480179228,1.7948829568525102,24.858601483920474,1.5605283333982631,27.062774505534627,17.342059049066894,17.342059049066883,0.7877602716151766,2.434370288537547,2.307574642989257,1.9848860846961793,16.972730917204547,32.74273472254829,29.238564704655357
3h,DON55,TRAIL,NOWKND,679,370,0.22623016325140813,0.7694198875791215,13.741121661394008,1.1911920920320394,24.057501200059694,20.196155902126844,20.19615590212689,0.7581599787599426,1.615982101049943,2.0419458428588873,1.5877417706655963,18.408604179184074,30.657177452997388,18.30818128529037
3h,DON55,TRAIL,VOL,674,365,0.21800325398866868,0.7126565394117436,12.592364122933365,1.0162061974086587,23.61524016289993,23.238630332228983,23.238630332228983,0.7646714702024716,1.5811689955695976,1.8696914740143413,1.4374113477918942,19.971699261294862,30.02918320996222,17.095538318411908
3h,DON55,TRAIL,BTC,644,352,0.23350186538976614,0.6934656949564776,13.244635396225203,1.30233299178774,24.07083124690177,18.48285453773173,19.09919335960295,0.764249373933436,1.5733779594153938,2.143057847882075,1.6559860511147497,17.532827532510844,30.409001088099984,17.539833432412188
3h,DON55,TRAILW,none,651,353,0.4328535218910377,1.2502440487330433,31.61364338117909,0.9363447261026838,22.797721043981213,24.347572436138343,25.2859778962478,0.723144137489866,1.870291378708774,1.7588595192185315,1.6863661557578826,21.062356475573818,28.811623369799342,37.36891782646809
3h,DON55,TRAILW,DAILY,481,263,0.4394252707291437,0.7096674670135823,21.830684661200284,0.8036894246185985,18.127716392516223,22.555623898023757,30.761850691941707,0.6678449491396042,1.3991143658251097,1.754318035724617,1.4788778425192335,21.142210036064103,22.44555283717702,25.67925000803106
3h,DON55,TRAILW,ADX>=20,563,313,0.50973879527455,1.424880502268746,34.61445099367746,0.9352803440164821,21.468058341236596,22.95360795143394,24.292879956293234,0.715663787772997,1.9905721016240798,1.7858227462217173,1.7842682929632716,20.297108333371227,26.856988660992243,40.05876075156163
3h,DON55,TRAILW,ADX<20,212,119,0.055844083714390785,-0.06222856118928742,-1.4781067009457582,-0.03482191007152589,-0.4037778087054411,11.595510064670833,23.752866412090732,0.39189054684308805,1.4043570623430435,2.177949503955795,1.6226899370740595,11.791714130457597,0.7542565852311167,-0.533499141380589
3h,DON55,TRAILW,ATRREG,477,266,0.749107755594829,2.850098738661853,51.074150178876266,1.485916988752135,27.384517876750202,18.429372625820484,20.4178580263927,0.7306509659291244,3.4139607674351597,2.1854010679488827,2.3557742044887084,18.05431434011887,32.61208690949875,56.933235406635816
3h,DON55,TRAILW,NOWKND,607,332,0.4777866514166942,1.4790744335744173,34.056670733747566,1.0646925785929304,23.58769708712447,22.154467459797033,23.02566386158419,0.7145378357911427,2.028207165166933,1.899390702693768,1.8482418010411787,19.736902036482697,29.525668844194385,39.72760681818386
3h,DON55,TRAILW,VOL,605,326,0.4668043439075186,1.4845871188781257,32.562516737856974,0.9372819982275176,22.3070547010773,23.799725955754937,23.79972595575499,0.7176542045802778,1.9617244661131161,1.7641515280100448,1.7140676480408994,20.837753041277928,27.94589803171177,38.14964039665307
3h,DON55,TRAILW,BTC,567,310,0.5179961452089364,1.5157258426124265,35.268671190860765,1.2143784283830565,24.1283155963939,19.86886050711616,24.353282120517672,0.7141348087597212,2.093939531445566,2.0221756987675414,1.9801913828599802,18.674969114643712,29.718987688604216,40.71927555318675
3h,DON55,TP2,none,1203,702,0.1370569059384903,0.5669831937277128,10.85822023321581,1.6933332271493755,33.428330191260834,19.741141114637795,19.741141114637784,0.6568083937128995,1.596647341501726,2.509133223915363,1.7510568687721335,17.121953929327937,47.35400445819944,19.99747677076322
3h,DON55,TP2,DAILY,879,519,0.10280961829678441,0.15229960397635184,2.9748960010237857,1.1618691329833666,21.723286180269685,18.69684421729162,19.5331827749579,0.6264395729153128,1.2781371338136358,2.141896924313599,1.4575088100355182,17.09587387140027,30.82118081052043,8.65825412484389
3h,DON55,TP2,ADX>=20,1046,619,0.1515600617267426,0.6049568488050161,12.11551409546303,1.2005288056096821,22.92015062304895,19.091712348717095,20.027071549640375,0.6607487071442321,1.5142741042650767,2.1967134643784716,1.6880517611133536,16.928051767857166,34.77876741753807,19.748806926574435
3h,DON55,TP2,ADX<20,228,129,0.021404340915830572,-0.14744779147262257,-2.0462445803398954,1.0908329584964647,8.345066319343664,7.650178017032028,13.87775672936975,0.2160411856200607,1.7118088410161167,3.0393055138652745,2.1450767219666225,9.699879226454112,10.31000065216039,-0.28431556373229583
3h,DON55,TP2,ATRREG,901,524,0.22566425559266812,2.036263098282737,21.710365690609358,2.2678121810377845,33.468103592781475,14.757881570891806,14.75788157089174,0.6947144798431125,2.6886189710443795,2.780136783513928,2.196771237800444,15.437378970931004,44.213153116950664,28.538188892739225
3h,DON55,TP2,NOWKND,1022,601,0.14648943658368607,0.8584275603636465,10.40499201421401,1.9695043522175248,29.90063803971321,15.181808563178434,15.181808563178523,0.6278553103828356,1.7055676500376888,2.5918418704372423,1.8423525649091597,15.872032690539184,42.04920267291754,18.442712365565093
3h,DON55,TP2,VOL,1069,610,0.13843747977838838,0.8156145734090028,9.715674354477265,2.0129758726566793,34.48602642125014,17.13186277575015,17.13186277575013,0.6309722892619483,1.700207568822035,2.648276357193672,1.8069949506277387,16.46996049028735,46.59753146532446,17.417028393856793
3h,DON55,TP2,BTC,1065,617,0.1313269710986602,0.4531480342758955,8.277785236526203,2.0404302239836687,32.707645802394225,16.029779121060507,18.267287090307317,0.6586583928863351,1.391865377802804,2.703495452889897,1.827313718483389,15.794994574045983,45.06736153166959,16.22340215539473
3h,DON55,TP1,none,1605,935,0.0727578614421812,0.04127025055328129,0.9824721418872029,0.8577714277275452,14.069970508617402,16.402936789224064,23.805819657401837,0.5605065412631701,1.0623919242118687,2.0167748455599024,1.3521031202435718,16.868462675700712,29.64053092297274,11.72635748486468
3h,DON55,TP1,DAILY,1164,684,0.05358189229402215,-0.12254798041535471,-2.499256310175013,0.28879810655531873,5.752572547316515,19.919010605475073,20.394104429173176,0.5239791705412796,1.1035022314166993,1.6147423912145769,1.1650553339949492,17.047581674397914,15.242516443612697,4.747751560990254
3h,DON55,TP1,ADX>=20,1386,809,0.07788785795775428,0.11224324592895481,2.2368977727801775,0.46197170630333567,7.176188267599004,15.533826357077896,19.92901892908584,0.5671005090779678,1.2244494187628205,1.7953993495655087,1.3932787074140263,15.754408249850659,19.098794728126368,11.70349501516743
3h,DON55,TP1,ADX<20,249,142,0.01221997270627653,-0.14377943467175627,-2.298241418918212,1.3430143231203784,6.890861712270202,5.130892197977365,15.984493360716169,0.1591291284959077,1.5088091368777687,3.039566472025511,1.9022461265592305,10.746516749033308,8.989061448459346,-0.9283937613298598
3h,DON55,TP1,ATRREG,1181,678,0.10264460348585369,0.5045309603393259,6.679060926435687,1.0042176058138839,13.577646161444946,13.520621509558906,13.520621509558929,0.6002308049970984,1.4960088239865945,2.153651721863115,1.6719466172089237,14.879081817603145,23.66989210796353,14.971555046324392
3h,DON55,TP1,NOWKND,1319,773,0.09317746115177877,0.30492834132612406,4.6020051376447935,0.7276262424710375,12.712838808349481,17.471660677295464,17.471660677295397,0.5326760911009659,1.3246646822760826,2.0529565918959816,1.5567421631781257,15.412197727619748,25.714078193479196,14.249629930112317
3h,DON55,TP1,VOL,1353,778,0.08212966657041083,0.1415895161334642,2.487473053981226,0.9750019559394236,15.455612005060871,15.851877948459336,17.56820082382724,0.5314271976795076,1.241350633427967,2.0977050273315268,1.4957846759957016,15.84246443845615,28.97535682608263,12.258699016673692
3h,DON55,TP1,BTC,1410,818,0.06832024270143301,-0.01060431692308473,-0.24778397842037947,0.7882758521612749,12.397952726738982,15.727936727665304,23.36633092141692,0.5605281642426113,1.1620628939721114,1.9894364238126547,1.3942865303607488,15.781855671535238,25.64549953306838,8.996155577231058
3h,DON55,TIME,none,1009,571,0.08997201966244722,0.2514713433685748,4.394027543791368,0.7780728227305558,17.734484362739945,22.792833581441442,22.792833581441407,0.6678969164180623,1.2837798429579643,1.7566087408103146,1.2656375068652521,19.498394874681935,26.057701414044644,10.03414359314181
3h,DON55,TIME,DAILY,725,416,0.05673247477097957,-0.03520414718821397,-0.6722550437425867,0.6579233714455313,14.076690262238722,21.395637962078563,21.395637962078517,0.632710853511192,1.0831799167892657,1.7169738733555833,1.1759327126216548,18.77136424878717,20.067770372486105,2.8941787319166856
3h,DON55,TIME,ADX>=20,860,502,0.10023953847886288,0.3355454170203917,5.1994011348187374,0.6618664509081292,13.846263059445718,20.920025543593624,20.920025543593614,0.6762147897505816,1.2820451221736948,1.7168322521509687,1.3013228124463054,18.634580498078577,20.78112086617341,10.071706697732342
3h,DON55,TIME,ADX<20,229,128,0.06996877656757694,0.016075068664350305,0.2535397211120616,1.3351874701634494,8.651119655905127,6.479329569237258,15.772232542579234,0.26125490344348784,1.9767035004996918,2.7674032947675347,2.0306854547698387,10.712342709561796,10.503867731827388,1.402061286502243
3h,DON55,TIME,ATRREG,727,414,0.1721534066616117,1.2197179400472273,12.70960060184505,1.2253405649576432,22.778429828223977,18.5894684952435,18.589468495243512,0.6967503828676102,2.0292715951463034,2.122104627711986,1.6446592957721882,17.471819629086372,29.249349464978035,17.34947974129224
3h,DON55,TIME,NOWKND,858,489,0.09326153812916586,0.2133599155758146,4.0805297673319085,1.1875022094678616,22.74138122829614,19.150601192133287,19.150601192133287,0.6453296833018511,1.3426606434167743,2.105514250713504,1.446530324575166,17.63374030672994,30.598076292793962,8.91935521652436
3h,DON55,TIME,VOL,871,486,0.11286732831843295,0.5054746647038745,6.674597795951098,1.0181884127914318,21.939953486431275,21.548029039420534,21.548029039420502,0.6480470403355845,1.4516567060326038,1.9459698560173273,1.3984358765054667,18.852613806975494,29.39453761737212,11.879490539088945
3h,DON55,TIME,BTC,881,496,0.10611820916302224,0.451863570480422,5.673534848477413,0.951612385922963,18.735226629790503,19.687875974438185,19.687875974438175,0.6665235442636677,1.4367649813278585,1.9458471977286282,1.4172461922391903,17.8957560177706,26.24781815750621,10.620038363175844
3h,EMA9_21,SIG,none,1090,649,0.14545142978476025,0.740606249141796,13.802166206824019,0.3212194402825256,7.281865114787833,22.669440891818805,22.669440891818827,0.6484261225491817,2.3089802919601996,1.3983185431838183,1.2997319447027982,20.14576375318392,12.82131469333574,20.643607251603726
3h,EMA9_21,SIG,DAILY,873,537,0.066738536182346,0.01349240003777603,0.4705916757240969,0.3912610818677745,8.515896170209736,21.7652523209238,34.8782777272045,0.5434468237492937,1.272636740759153,1.4860368785863527,1.1012457928991533,19.59866732325679,14.660318816436678,4.524749164752073
3h,EMA9_21,SIG,ADX>=20,627,349,0.19203685068071139,0.46858096305827346,11.812675951449192,-0.24701709193196283,-8.202818142223867,33.20749215395674,33.20749215395672,0.5216435460757658,1.8446337020433516,1.2671359494624044,1.4886042397759567,14.932908083439534,-5.72153636615913,15.160994260446191
3h,EMA9_21,SIG,ADX<20,686,425,0.058790720582655935,0.024708650326948224,0.7051986656670284,1.8268287698170247,22.33209708376547,12.224515757983301,28.54055791537553,0.528056956024845,1.5264644228681623,2.5379919315697976,1.6642353398344447,14.574904424904888,28.588333901930962,3.211189305273199
3h,EMA9_21,SIG,ATRREG,505,308,0.2739659782783403,1.138898894147831,17.51837451653755,-0.26974659884673413,-5.5315223928753205,20.506365665126502,20.50636566512648,0.5483654510360428,2.7074109240705324,1.4804278755824802,1.777770072507231,13.953078516718897,-3.367896917570301,20.443679846215602
3h,EMA9_21,SIG,NOWKND,967,558,0.18323941469564797,0.8191266127728715,17.96649527380967,-0.3736873092479466,-6.998282187587979,18.727642107172883,21.933721836957876,0.617445809407897,1.987612159913025,1.2041293111929845,1.5092486988994716,16.25345562763374,-3.138236964460439,24.164331940504002
3h,EMA9_21,SIG,VOL,514,285,0.13117370846575727,0.30265283617007127,5.387485513302659,0.6408841265734073,9.824580280900852,15.329729468304343,17.800875688061424,0.5985370429718199,1.687044331662766,2.25061094470405,1.7837807072076373,13.257562590595528,13.244988674145631,8.780764841059852
3h,EMA9_21,SIG,BTC,930,559,0.2097021669499984,0.6760360365827498,19.911524839943205,0.5233792511617956,11.493576652736248,21.960321558836814,29.45334828686451,0.6294923697433393,2.020842440527369,1.583565664277457,1.507571349282243,19.441983817841436,18.465292257774134,26.004191566782442
3h,EMA9_21,TRAIL,none,1271,755,0.13453904828193325,0.31733123736703217,10.502255494666791,0.8859204367347876,23.64305851317967,26.687564179375112,33.095561539438535,0.6204767191765087,1.5599398857819493,1.7044410811526838,1.2772282755149198,22.212623427105672,36.336078002374265,19.082452806872354
3h,EMA9_21,TRAIL,DAILY,727,462,0.061025313524633716,-0.05103434191038327,-1.6588166441452779,0.5757459075128519,12.319267262687061,21.397055718389225,32.50392935522072,0.5189263935860224,1.1661277283180695,1.6183817935068123,1.1100424661681114,19.386413603491114,20.333173704529628,2.247944621157827
3h,EMA9_21,TRAIL,ADX>=20,766,414,0.07092468293271756,-0.028444613119238005,-0.9631588905189781,-0.1621473886432414,-5.309139248992101,32.74267500337814,33.86085395085099,0.491869544897596,0.9305877493898106,1.2079129967460507,1.0040717790045715,18.15792550532911,-0.6512488104946645,3.332336605790953
3h,EMA9_21,TRAIL,ADX<20,684,424,0.12919513851604164,0.2930334301739109,5.8941138054287245,1.911129624840894,29.585020495873813,15.48038401546773,20.11413442463086,0.5170764244624836,2.2761629349267665,2.509905293114595,1.6893063706317062,16.35162631145497,39.063097618857135,10.182554598128934
3h,EMA9_21,TRAIL,ATRREG,585,371,0.212643958753871,0.6577066426311033,14.118867915862342,-0.4218502695741855,-11.041604000252093,26.174225303678146,26.174225303678035,0.5253754865696018,1.7255463185034072,1.035446470432953,1.3598616482437913,16.438409892934448,-6.536825337967656,17.78727283419508
3h,EMA9_21,TRAIL,NOWKND,1133,642,0.14621474872082,0.3537522474037017,11.058195948870564,0.6620111649559419,14.26093763447609,21.541838551054017,31.25971928102258,0.6025887384327404,1.6876155631689167,1.749672440657236,1.4404326246882841,18.594028796155904,24.939509834826357,18.659152213688724
3h,EMA9_21,TRAIL,VOL,577,324,0.1452236664511154,0.23066125309151772,6.16229062468352,0.893599187531082,13.971080250804512,15.634616107256205,26.71575976498556,0.5823673544716905,1.3606908963397626,2.368540490615435,1.6116878618832398,15.370173232474539,20.287455897450645,10.152958084995213
3h,EMA9_21,TRAIL,BTC,813,498,0.2184175877249292,0.6223373896707602,15.656458009634866,1.0557884924240777,21.630962738474512,20.487969791004335,25.157508241498583,0.5959384732418207,1.8005734837904503,1.9536217420496969,1.5973747345640525,18.70853935301131,31.745213469299948,21.70822581668883
3h,EMA9_21,TRAILW,none,864,531,0.24099395083774444,0.5929527461201043,20.69897527897675,0.26637757616728425,8.292643437908032,31.13116185388022,34.908304944057235,0.6342777585382505,1.382995290833142,1.1724391710060207,1.1811340237494363,24.62226767089787,19.634960020652812,28.212667291656413
3h,EMA9_21,TRAILW,DAILY,605,393,0.06996827981729402,-0.043198856231611446,-1.770060851301114,0.18524602357655676,4.75857518772369,25.68786684782527,40.97471566864874,0.540825134244754,1.014642629590667,1.2485402500899851,0.927432037036082,21.592496769284843,11.220068250776816,1.4421708821770407
3h,EMA9_21,TRAILW,ADX>=20,600,335,0.3098084069908244,0.40084533236332864,17.137896840999534,-0.309840213170651,-11.06367343642043,35.707674362871934,42.754387933013625,0.4890910962117968,1.356269020822857,0.8825917714588736,1.1703296529491967,20.20280452644788,-7.256842386535056,21.647355765931643
3h,EMA9_21,TRAILW,ADX<20,545,346,0.10132381844605157,0.06180983804305163,1.674216533433781,1.4204836279471424,23.07146742256412,16.241980525961143,27.086570462580084,0.5350198709629763,1.413702810958904,2.2527214573388794,1.4921745166686915,16.629717444079795,30.73941586085127,5.127919750942445
3h,EMA9_21,TRAILW,ATRREG,472,310,0.5571523072374263,1.4023988723924268,36.617195748039855,-0.24737724357179,-6.243992341162519,25.240770941610414,26.297896380866103,0.5221845060914003,2.742863404425835,1.1182065067642846,1.7293272317269772,17.950268848785576,-1.9868815950641383,41.118055073633755
3h,EMA9_21,TRAILW,NOWKND,809,484,0.26780856009163245,0.5203646498882737,21.62125621247757,-0.11288817137801253,-3.078422310553519,27.26966229477883,41.55020180006428,0.5987644197307405,1.7036454879852598,1.1048455013502805,1.3467499993085992,19.997683398891063,6.139072582337124,28.42357864878309
3h,EMA9_21,TRAILW,VOL,496,290,0.16140073439337532,0.15883819276477326,5.510922832261311,0.29393334502846186,6.5969733382231555,22.443773222069662,34.695199790031296,0.5962888796282911,1.1988665649783434,1.8210113653652629,1.347129960168685,17.121132149535224,11.638598087378904,8.580399493186563
3h,EMA9_21,TRAILW,BTC,661,421,0.458130695048295,0.9786915804330095,36.33117704499298,0.46555293946440385,13.779732090130924,29.59863620662312,37.122192293632196,0.5935051363123317,2.168460209540676,1.4772831463994458,1.6339163216691122,21.89414017650675,21.979998569398205,44.85637931458204
3h,EMA9_21,TP2,none,1273,818,0.056653182847471416,-0.09118642644086287,-3.211923030108421,-0.5268891593114486,-21.68931639850199,41.16485605216496,47.38377848764647,0.15807126925939233,1.0185651768577182,0.48510920206561864,0.6564391373072386,21.29192867702917,-12.968973302908593,6.058204395339883
3h,EMA9_21,TP2,DAILY,736,471,0.023330602032942124,-0.15746977191757253,-5.7905031249271826,-0.5388642510648153,-18.47873605657011,34.29200586243281,54.695322380364594,0.15265445328535848,0.8421063015964276,0.8148437023289559,0.8039189293572157,16.973574888003384,-13.046505740637016,-0.8234483578733354
3h,EMA9_21,TP2,ADX>=20,774,443,-0.011799432508089373,-0.26702162998589485,-9.345098338574044,-0.5223684859947685,-18.6044190768212,35.615508162579935,49.35254021339113,0.12317653334426656,0.8935686331134006,0.8817507029600262,0.8717082704704943,14.021080011881216,-13.401895610223747,-5.129386206873132
3h,EMA9_21,TP2,ADX<20,743,476,0.10307039944372001,0.13186356268557958,3.286971614044254,-0.4393786847955773,-12.68687099929119,28.874570930070963,36.38125710605961,0.12602878962480143,1.6090777922203805,0.8805274099140395,0.9921131871470004,18.622575635399386,-7.058675930021874,9.716538457791192
3h,EMA9_21,TP2,ATRREG,603,392,0.10640916302706513,0.17829988450002512,3.970108570139441,-0.5445804208444348,-15.739332516961724,28.901759803549442,32.65758447096418,0.1809891538113847,1.4379190774330621,0.8184312559822391,1.0299625591872583,17.4142571529744,-10.854223493016002,8.468840845825088
3h,EMA9_21,TP2,NOWKND,1132,680,0.06013162365738221,-0.060905050510968034,-2.2304728763894666,-0.4678842435211783,-15.968172124868685,34.12846734204227,43.388560957081964,0.15418882625523786,1.0885102733083727,0.8570929231892982,0.946717203479625,16.61201898569361,-7.430929978008239,5.884567094151949
3h,EMA9_21,TP2,VOL,576,322,0.14938006809018456,0.2870358446916795,6.6598595586011555,-0.4674439842230879,-11.66215597086645,24.948777531599763,24.94877753159972,0.1771136634347649,1.6751174890881608,1.2301227684242724,1.4407225923302343,13.79462949963024,-9.019268574727269,11.49346801744191
3h,EMA9_21,TP2,BTC,822,511,0.09969701259871466,0.08244779257270032,1.9703892105553455,-0.5449070028465146,-19.261318856159303,35.34790111989934,39.87828202194401,0.218512146016697,1.2012747240459147,0.7546128644839342,1.040703579933599,15.73744421106602,-12.989414117475306,8.510421780712484
3h,EMA9_21,TP1,none,1575,956,0.040565930388086285,-0.17245030121960028,-5.879050943424291,-0.6016039721366595,-26.72298897794351,44.41956871234412,56.74351389833296,0.07913113493765146,0.8956125764534751,0.38042597323811866,0.6554579560132046,17.643648347999598,-16.61344598997966,4.239933256997874
3h,EMA9_21,TP1,DAILY,801,502,0.01226561139366689,-0.26153288813280423,-6.621951458454189,-0.5735225773235446,-14.662274715868884,25.56529646015552,42.78842966505512,0.08415808065201133,0.9424066454631204,1.2293428100511687,0.9739502762051101,14.562703453712567,-9.099867354147461,-1.6099764046199727
3h,EMA9_21,TP1,ADX>=20,861,475,0.006650324486983183,-0.22453669893211106,-7.11097850479645,-0.5602403929231183,-16.638272081390515,29.6984513997258,42.821068492473515,0.0708510578707904,1.2283506237076554,1.0787142577599422,1.064749754718174,12.708486116540985,-11.350136798772482,-1.5968571134958642
3h,EMA9_21,TP1,ADX<20,825,527,0.058482408556066616,-0.045722099689742134,-1.2513544683039113,-0.5531892276777137,-13.733261146288578,24.82561203142143,39.92451669656081,0.048492687680025306,1.2787975559938174,1.0841254480928555,1.1395319072471857,14.481955179682881,-6.7201383851920315,3.74719403088406
3h,EMA9_21,TP1,ATRREG,642,409,0.06307009293587369,0.01599679500092466,0.31214763428437653,-0.5482960466728539,-9.131695202352908,16.65467999954671,20.121078781241774,0.09932666765417729,1.5004301567971374,1.426891190897151,1.3831431463940262,13.104540722461255,-3.501235541273706,4.348192467297407
3h,EMA9_21,TP1,NOWKND,1354,782,0.058441939486838866,-0.05628732977272629,-1.60761019299408,-0.578004632808366,-20.863668755448185,36.096023407420354,45.880117819693766,0.08429182968227636,1.1190956544293358,0.772266945557203,0.9776562928692277,15.01645171190641,-11.581215189184157,7.505935471903458
3h,EMA9_21,TP1,VOL,604,335,0.061792231405571066,-0.018980555131779233,-0.46799731512454645,-0.43888276843043234,-8.674696096488411,19.76540598190162,32.59911381717468,0.09955048943686017,1.457225528668304,1.730120321970685,1.5047615614527874,11.903878744697005,-4.803556905451723,3.7431965263041933
3h,EMA9_21,TP1,BTC,909,557,0.05370455463846507,-0.10098157636527175,-2.3168548122117105,-0.5648438277765132,-14.941460307820254,26.452374219324938,35.93944879694568,0.14995125728555453,1.0662981067066701,1.2467399350601522,1.031863945891914,15.278707478831755,-8.468291368369984,3.870561332146494
3h,EMA9_21,TIME,none,1567,909,0.024333509372595173,-0.1841493796401,-7.7842034231843105,-0.3613932290460375,-12.055765728040846,33.35913558719462,44.79364115727137,0.2113845549231102,0.8323285021096646,0.939013832541021,0.806290464686314,17.86450648018507,-1.5852517443009528,0.507007037554108
3h,EMA9_21,TIME,DAILY,813,500,0.010184977953003419,-0.1882435106608216,-5.761950762089896,-0.4730575670404538,-10.114020515901522,21.380105130073133,38.59051040103989,0.1873408551215088,1.0984017118618747,1.4269659919152755,1.2035354962564444,12.896570064610325,-4.090087778741935,-1.6159691671411625
3h,EMA9_21,TIME,ADX>=20,828,443,0.007715363825413739,-0.17829946009750122,-5.732217784102945,-0.29978846480465654,-7.666598289787762,25.57335985153182,33.93780826678332,0.21025537844613618,1.0905416453689951,1.316540689136182,1.0847163670811584,14.820573237567892,-3.1344286234652574,-1.612538833739785
3h,EMA9_21,TIME,ADX<20,806,498,0.032001778229185936,-0.13443505019418478,-3.2228115804562973,-0.3721166301369642,-5.169653972106847,13.89256365727074,23.97300090862543,0.11895346132845508,1.4584848083011772,1.884160130619605,1.566100670951742,11.271058167501957,1.471249674510955,1.3706148473259017
3h,EMA9_21,TIME,ATRREG,606,385,0.08714999035958995,0.1573419494448245,3.435864461183069,-0.439619997430428,-7.996269305673875,18.189048160711398,22.25784002422565,0.23734338076296135,1.657939209246617,1.2387858843014554,1.2488816787077506,15.597487516410368,-3.5892151063993016,6.57515344648012
3h,EMA9_21,TIME,NOWKND,1314,729,0.03957253338873392,-0.09994848781813287,-3.6449276846842737,-0.387567932060883,-12.200820175502258,31.48046875453471,39.141737408621566,0.2127150077566593,1.073022248926789,1.192789174576723,1.0973585671125488,14.524770774223583,-3.8953843014521095,3.4754017160137263
3h,EMA9_21,TIME,VOL,601,326,0.07522022263819882,0.060056612882005665,1.309943605552788,-0.4782840303737742,-10.482992332908847,21.917922546392553,25.010501243799588,0.20538143676565432,1.336171418214148,1.3867185380513236,1.3200529468294429,13.733792262215905,-6.694876007526506,4.965282710058805
3h,EMA9_21,TIME,BTC,920,548,0.07801527471359825,0.04800718062032048,0.9889755303427616,-0.2916199973376037,-5.182140590739137,17.77018255966808,20.600575113218543,0.32976725461311585,1.50947555889326,1.6945573922043211,1.5447591792072066,12.437678077004099,2.1378761884800035,6.472320403081255
3h,EMA20_50,SIG,none,537,345,0.5104659709261467,1.4026553547404674,38.53621540656054,-0.11116760768530398,-2.626486007343365,23.626360790082725,33.14753468926565,0.5752525332802778,2.380560668844702,1.1134676797430747,1.6204306235083763,20.055640509145856,1.903174965764931,43.051787743555714
3h,EMA20_50,SIG,DAILY,387,236,0.20751823202031086,0.22278420871695667,6.534793295497199,0.03787321380768205,0.7123965633712981,18.810037273013215,29.332389998069996,0.43681949896732586,1.4926459713191076,1.4327694382966092,1.3041636736987254,17.222784764820798,4.033103663674509,8.565757809144614
3h,EMA20_50,SIG,ADX>=20,333,204,0.7339838822102888,1.8829592399973627,36.02588819475203,-0.05155081373476512,-1.021581210943534,19.816975464241693,20.974585183125406,0.5018590541850649,2.897918803526095,1.3748684929532935,1.887474116867952,16.994038057444495,0.6081215071028101,39.140739185260976
3h,EMA20_50,SIG,ADX<20,304,201,0.015424031612988191,-0.07991515955229163,-2.115587294282084,-0.3236176985217608,-7.145307453107064,22.07947057823414,39.5826624643019,0.38713592100976213,1.1494459531677386,1.3542544456932926,1.1991873421584984,14.552530771754668,-4.301974699750555,-0.9004205576812474
3h,EMA20_50,SIG,ATRREG,269,174,0.9186874600805659,2.306652088354098,38.09960050169254,-0.007601416287166299,-0.15002889206919834,19.736965639218663,23.798215538825886,0.5085043824178188,3.4059189580991,1.6200049317941423,2.231755424760427,14.74201178410075,1.2641154508466368,40.80869028968228
3h,EMA20_50,SIG,NOWKND,486,292,0.5137291099139023,1.480129434979116,34.567625439531135,-0.06714332927890015,-1.461077138346456,21.76057032080476,33.092762020301656,0.552393631624639,2.3034389264595445,1.2457433004973941,1.5587084546029242,20.220842531621276,2.8167827248938515,38.175457562576874
3h,EMA20_50,SIG,VOL,225,149,0.845489591631594,1.6473622824898833,27.213491346425343,-0.16833069541808485,-3.173080678548168,18.85027962765289,28.574947502895785,0.4785330981801183,2.727968210937314,1.540279572822037,1.6213036817741404,17.712700333764232,0.07129363264397615,29.47560622047942
3h,EMA20_50,SIG,BTC,429,268,0.6954997327387198,1.7405991901968192,43.149445893940474,-0.12344924499452962,-2.7411537709961853,22.204702597554594,33.70890645090009,0.526229466627719,2.7511097965183438,1.44525508779154,1.8278531029790195,18.58623393154599,0.7340866365040499,47.441053923589436
3h,EMA20_50,TRAIL,none,785,485,0.1764718200608371,0.4160871278290696,10.149407894428242,0.16629775840926259,4.543849644292086,27.323577225313933,27.3235772253139,0.5978417634207911,1.4755033847030892,1.3694140154127865,1.2481763426293642,19.551935034952905,10.586334088811157,14.81418166372459
3h,EMA20_50,TRAIL,DAILY,377,233,0.0832526831783667,-0.015714660226312217,-0.361730182847253,1.2541513533588549,15.467069239829856,12.332697483765509,23.018644860140302,0.46177595602612315,1.3125237889926322,2.3403714120862444,1.5914172371107966,14.238135804292618,19.311667801218046,1.833838771176488
3h,EMA20_50,TRAIL,ADX>=20,441,253,0.13785218790415457,0.3097364681584569,4.70424192225487,0.15068514796289464,2.802075959862127,18.59556829417669,18.595568294176868,0.5298002720913442,1.698927632678055,1.7259746848843953,1.4813547054347254,14.88189459737459,5.580154124575465,7.353606638771182
3h,EMA20_50,TRAIL,ADX<20,353,237,0.21526113355718224,0.3457417378789646,5.123054392774007,0.5234195050018339,6.7440276012617595,12.884555383999551,14.81757575525191,0.43717980893750336,1.7202119254891555,2.016856315512257,1.6515669724241075,14.000469189830456,6.755855774916553,7.390372057938688
3h,EMA20_50,TRAIL,ATRREG,326,191,0.40009128566618246,1.3414992876789669,17.20628357182534,-0.044454290173066714,-1.0326565142596333,23.22962553758835,23.229625537588237,0.55675999429139,2.842273296396901,1.5912458156242009,1.7511018207931874,14.686323705356163,0.8074581257100588,19.767802997986905
3h,EMA20_50,TRAIL,NOWKND,683,383,0.19219345520340286,0.435526239759646,10.328517607609488,0.32017230599906926,6.136404238374205,19.165943223059536,23.715029462540514,0.5969859116748444,1.535234844112319,1.7135617568856252,1.5322009000075885,16.168881203217712,11.026760807199976,14.265332672017482
3h,EMA20_50,TRAIL,VOL,246,164,0.14989933427863944,0.13290503010892313,2.309209072686902,-0.004774063166327846,-0.08148479625605942,17.06822750708106,17.96845468703834,0.5068497200128279,1.6487599502223846,1.7485876172320918,1.4982500481158678,13.729773561354207,2.042789177787263,3.7903190868245895
3h,EMA20_50,TRAIL,BTC,472,297,0.267626464293697,0.5516529186053181,12.395307383223164,0.8161881401962482,11.026526658740131,13.509785447371069,22.46939509458379,0.5800266987061878,1.704631782698371,2.103715067731989,1.8254307814071116,14.52840859209459,15.292116375035425,15.831264471543417
3h,EMA20_50,TRAILW,none,746,459,0.41593806565658875,1.1631352934866943,37.075962888869675,-0.07835987382784712,-2.685563466369767,34.27217701077239,36.356960401275174,0.6327964036065657,1.8338629287254387,1.025999681769254,1.4683241049426907,21.810017365901956,2.760849460506698,43.4942766799217
3h,EMA20_50,TRAILW,DAILY,369,228,0.13534219406970097,0.05228696196496439,1.5676232867517736,0.11714726664546807,2.5336535197658216,21.62793543816618,29.981150708319625,0.49153987953637235,1.1844176921261806,1.5148723880869146,1.23153104445989,16.934944506863793,5.113488488863482,3.697680708866802
3h,EMA20_50,TRAILW,ADX>=20,437,250,0.591228991371635,1.946280186149385,36.090931400518535,-0.04381803297277836,-1.0280886469443362,23.462683675988583,25.352247520791003,0.5683391198651915,2.473761971670678,1.3869160957361673,1.9093992815602676,16.763667418009998,1.5968812498085017,40.69375269061302
3h,EMA20_50,TRAILW,ADX<20,337,224,0.1199845084254474,-0.025011822734127317,-0.69586418245976,0.23444509257598017,3.8608759530489145,16.46814574204688,32.10147183690526,0.42705817152856207,1.1025967229911577,1.8055065486573705,1.3123539400687345,15.48321910647753,3.8770224104104356,0.9893352762030627
3h,EMA20_50,TRAILW,ATRREG,325,191,0.9404620254265988,3.1060481735360215,47.66253299155372,-0.15313122934603715,-4.382688566664184,28.620475296782445,28.95999628277911,0.5409619178486018,3.8818176473410126,1.3693080301571503,2.241614396258338,15.500001137245455,-2.504870699667361,52.017800923488025
3h,EMA20_50,TRAILW,NOWKND,656,371,0.4623602209179355,1.3073033328834585,37.185559166670416,0.02871362459430361,0.778944157187178,27.128033057230606,32.209482029803546,0.6182991461653294,2.0275301487245248,1.3935975188351575,1.771079976816951,18.54520696118388,5.515978670551447,42.90075652001484
3h,EMA20_50,TRAILW,VOL,245,162,0.8872698089973682,1.5337014023004334,30.289996565488785,-0.11922986921928011,-2.6273892401135757,22.03633416121128,29.491550480027684,0.4859951900835963,2.759664050222091,1.5849931165912097,1.6828661960824802,17.733363487367626,-0.7673523457229603,33.39973143186374
3h,EMA20_50,TRAILW,BTC,463,291,0.6575101056989907,1.360401954226609,42.364403446791975,0.14651298299151147,3.499553721281279,23.885621941668013,31.141092759511814,0.5878669550075244,2.244997447122395,1.5176810809944516,1.959466923965198,17.88635298757284,7.232563099438627,47.7493069490585
3h,EMA20_50,TP2,none,794,482,0.15691097326038583,0.44016703633522036,9.66621972027928,-0.48138246461656553,-13.186170742486446,27.392295548176225,27.39229554817627,0.26253058593545736,2.2034389539906476,0.9231141112210632,1.1956673421205755,17.20680934597918,-6.1967857018697226,15.4012460873298
3h,EMA20_50,TP2,DAILY,379,234,0.19579402629134596,0.4558478100813769,6.340878272490125,-0.1249815976301854,-1.5734628456042676,12.589556186184058,13.910077293906852,0.16878071399799865,2.2139833918998555,2.105289406446959,1.9790595708951049,11.14157431689936,1.6784742690486576,9.620939942244844
3h,EMA20_50,TP2,ADX>=20,441,256,0.23915576997138616,0.9161752163612833,11.613891841729274,-0.4681013351818744,-9.73016715903655,20.786454615123084,20.786454615123063,0.26206233156278,3.095757990667826,1.225457246272136,1.4892597435033508,14.796977879029672,-6.6013341705177915,15.535130790828688
3h,EMA20_50,TP2,ADX<20,370,238,0.0467322694656625,-0.09641305510229285,-2.128113656871311,-0.1799041119581284,-2.4695133182178752,13.726830873063312,24.46489973703604,0.1380433105268073,1.3418793793162658,1.9072298847682483,1.5269368940855887,12.199706264152276,2.0352048646236964,-0.3851680665956314
3h,EMA20_50,TP2,ATRREG,331,192,0.42124059153875926,2.1035321612746953,18.83201638934848,0.11067110935880592,1.3817479290173296,12.485172842512815,12.485172842512826,0.3330749770567185,3.8944473957411114,1.7597088589259826,1.8940718384960937,14.277255550070345,4.487109857455951,22.054650004529243
3h,EMA20_50,TP2,NOWKND,686,385,0.18024660715499952,0.5595032293783024,10.950523281356595,-0.5223289467194271,-13.572062406957542,25.983745477249755,25.98374547724973,0.2565505084608619,2.215906614872242,1.034005203977465,1.3851044117106461,15.098575859378604,-7.338054279861095,15.905447933984806
3h,EMA20_50,TP2,VOL,246,166,0.22811845521880625,0.5118165414224581,5.495138232173713,-0.4873919775574619,-9.31125072848278,19.10423469656928,19.104234696569357,0.21910409680371573,2.1035148097392757,1.3824911232225712,1.4943852137101055,13.340708578508554,-6.995427469319349,7.250858232301249
3h,EMA20_50,TP2,BTC,475,295,0.2147653574888564,0.8538183177217658,9.339584904770781,-0.44859308007522514,-6.777979973723025,15.109417141669724,15.109417141669823,0.25795615757057705,2.275677249828867,1.5410003973217286,1.6839036151672626,13.02273401328936,-2.306761039566807,12.453716993680096
3h,EMA20_50,TP1,none,820,497,0.09615466139725327,0.19900485562649414,3.137770200164658,-0.5648573043408827,-15.462695021384576,27.3745154794937,27.37451547949359,0.18718684865288174,1.8189242186376056,0.9293306292630785,1.1399443734699521,15.474889439146244,-8.545649525484944,8.645684492088733
3h,EMA20_50,TP1,DAILY,386,236,0.1691196885766822,0.889201119088041,5.423321247567103,-0.4177681971412538,-4.208025652915626,10.072632818176984,10.07263281817703,0.10575840858328524,2.5129686638021074,2.281099915855203,2.209992344033834,9.558688728247478,-0.4585436385504793,8.589512637072549
3h,EMA20_50,TP1,ADX>=20,443,258,0.1591273778371341,0.6688086059874891,6.131542006587032,-0.5234804144855593,-10.529031937672762,20.11351646846229,20.113516468462265,0.1923720697580205,2.4519533148178554,1.2825175517011482,1.4449090605343813,13.771814148069506,-7.587623782160879,10.19743675439566
3h,EMA20_50,TP1,ADX<20,381,244,0.02728047981861076,-0.1578916065914415,-2.5511433923385507,-0.4313566662204697,-5.30875472106811,12.307111809777304,23.200555823102054,0.07566108474127949,1.7658673150260842,1.9120393415270882,1.6156224011565723,11.048320788119959,-0.7558728027492023,-0.9223061014273393
3h,EMA20_50,TP1,ATRREG,334,193,0.21093734704432826,1.174660241009662,7.544925668895908,-0.46489485575735956,-7.478643844024601,16.086742521254948,16.086742521255115,0.23656146737804262,3.218664823456875,1.443347473961842,1.5521657923892658,13.59417579691764,-5.255324285992868,10.390875872226314
3h,EMA20_50,TP1,NOWKND,706,395,0.11027571470438377,0.28489326958012545,4.25279229092943,-0.5673626603165528,-14.577788730125274,25.693951593486574,26.401667806399676,0.1809586660712102,1.9829804602516503,0.9960390944527776,1.2140736705011868,15.041465375716845,-9.037860629207895,9.050150519927659
3h,EMA20_50,TP1,VOL,248,166,0.08928240532231849,0.06124916603044087,0.6411909137997718,-0.4600246806130362,-7.105070382801538,15.444976502854601,19.441696457698686,0.15286272802853532,2.001052555718079,1.5700454695828687,1.4692628938270273,12.690387008016046,-5.349789352609413,2.74994114001601
3h,EMA20_50,TP1,BTC,483,300,0.10991770276143821,0.2180725833609147,2.509445224504603,-0.5482808034377394,-5.548689980230959,10.120160956649372,11.731984330227796,0.19234019345320688,1.751115914398195,1.9495775927212324,1.8104175860780556,10.87793405568107,-1.6234295399825571,5.985171820174751
3h,EMA20_50,TIME,none,798,489,0.05851030601483052,0.00035882540188864347,0.008617834188751061,-0.3354814887193097,-8.784681170724152,26.185293275820975,26.185293275820975,0.32168534442478935,1.532485165143477,1.054201126641366,1.0122439828489302,17.73113702266721,-4.270031792450779,4.321409220281924
3h,EMA20_50,TIME,DAILY,381,234,0.05326425589978849,-0.03495105613453206,-0.517291432837319,0.06531127089311455,0.6169299392494443,9.445995014537134,14.800452119277418,0.18912046188447434,1.7329571744297099,2.382112871821456,1.9083085686999388,10.40891463277166,3.223778240816544,1.576513984585759
3h,EMA20_50,TIME,ADX>=20,441,253,0.09624546064799093,0.24390753622451658,2.8704566069652993,-0.3468841268848582,-6.60324155672355,19.035871188523345,19.035871188523434,0.34183979199164777,2.409936497733972,1.3014116755900447,1.263998168998463,15.427668882599788,-4.302821956008707,5.2646738381648905
3h,EMA20_50,TIME,ADX<20,365,240,0.016141110609861373,-0.13918048396462188,-2.56352721567904,0.020065725968514764,0.2274710749496922,11.336299284990648,18.418726122052142,0.1384098363730511,1.404559206079476,2.0967985308395547,1.6218501785025352,11.717205731980885,0.49848782116102,-0.6184688172727992
3h,EMA20_50,TIME,ATRREG,327,191,0.18659931816319497,0.6993425747035675,6.707154432693363,-0.07038598502054086,-0.9555742524132604,13.576200604912946,13.576200604912925,0.3864905194252854,2.47563937537472,1.5949827642938994,1.4967058959172632,14.802068992311156,0.8789181954970582,8.579371828811588
3h,EMA20_50,TIME,NOWKND,684,386,0.07073569313536038,0.05871887179934612,1.2429610755364306,-0.32676274405633166,-6.574505317144985,20.120119067220177,21.167999953811645,0.31925993363015026,1.424734172441327,1.3073148300647022,1.2297663989412762,15.37922157613284,-2.9753678334436984,4.939798363334558
3h,EMA20_50,TIME,VOL,246,164,0.02405780960106585,-0.10649894765617318,-1.395156254108243,-0.3467382876378065,-4.350516937278837,12.546975896193125,19.057593141237504,0.290677418480903,1.7959863734927513,1.5761875635333586,1.3443799753312713,13.6918553772301,-2.7706912195842315,-0.18560786959457287
3h,EMA20_50,TIME,BTC,477,298,0.08115180655259732,0.07361186597315612,1.2770564636268134,0.144012246731681,1.5739409118310954,10.92921572679587,17.348513677027487,0.31862526007689934,1.6611300470468253,2.1458576502362843,1.7579398679711982,11.763975817535833,5.031473520729235,3.9632699465308896
3h,EMA50_200,SIG,none,200,112,0.895318409664131,0.8470731160691102,21.345590155625892,0.18806869602398094,2.771699702586372,14.737698304841484,33.89378030602052,0.3665223051624275,2.052470902672493,1.870229550779184,1.3136195690777932,21.716879551620096,3.595933721034794,23.093228509085062
3h,EMA50_200,SIG,DAILY,162,85,1.1822832416552027,0.9601272523371963,23.847253320977856,0.1124571969919818,1.7881853395690595,15.901030680113404,35.73154786988886,0.31602245148732444,2.2000044505733043,2.014715664869686,1.3822237732572473,21.137985221942934,2.4007578702096577,25.53462153888959
3h,EMA50_200,SIG,ADX>=20,178,99,1.1037871956338452,0.9962273675089044,25.10416242147415,0.25114871204453326,3.7884128475950574,15.084341133006895,35.4196549666293,0.3670266026596443,2.0998089754949105,2.047312204171551,1.393300621390201,21.521000735873653,4.549415150965297,26.956404368853715
3h,EMA50_200,SIG,ADX<20,31,16,-0.22414508980971048,-0.16787383631202726,-1.3842127993065168,-0.1377922599598663,-1.3489153690931843,9.789485777256813,9.789485777256745,0.12666493546372376,2.3500406407016174,2.230030919407856,1.809681980653264,10.570426046414184,-1.264705014917833,-1.3182536988804006
3h,EMA50_200,SIG,ATRREG,138,72,1.1010952754678605,0.7918891777969655,18.800995224417004,0.1048596634771385,1.0381195801444365,9.900084987119639,30.74532806672786,0.3461195316755962,2.0767917860010776,2.0419585135735607,1.4277006991031251,19.00464589672639,1.5037898611678369,20.088520666626387
3h,EMA50_200,SIG,NOWKND,155,87,0.869891160692814,0.643118230443184,15.508723472628883,0.7200417918751723,7.717677659092859,10.718374608498848,29.627909139182286,0.35430558904723297,1.8860800581357782,2.085385943271363,1.3814951123368089,19.84453918266911,8.582887286520148,16.751813272068627
3h,EMA50_200,SIG,VOL,57,30,0.5695582660143057,0.30338216828571263,3.1149125551054757,-0.061979041405677615,-0.6942166365055846,11.20082887312921,14.163448245166643,0.2708914487798873,2.181793182834051,2.154250932790909,1.8869395572459833,11.096578683562042,-0.49506696573360376,3.520937474043251
3h,EMA50_200,SIG,BTC,173,96,1.131086094133908,0.8856987211644632,23.971571499265497,-0.07484373761760897,-1.4128826880460132,18.87776763988862,34.117830543506656,0.332326029798079,2.109455356890038,1.8767111482303973,1.3448517537179414,21.230776878235723,-0.8388624008329293,25.69864661682766
3h,EMA50_200,TRAIL,none,259,136,0.22196711941227804,0.24682066930890767,3.4165067140173866,-0.42468207198953367,-6.611318867180948,15.567690051544925,17.480715640321833,0.47393365813949384,1.673499039820845,1.8075390702258984,1.6940625020889843,11.563337287829656,-5.4252699714450685,6.7700109574142076
3h,EMA50_200,TRAIL,DAILY,181,89,0.11020682830176384,0.040244471545203206,0.7612093502558093,-0.38784392954966873,-5.211653091942914,13.437500744163355,18.91463152648948,0.3917108073886207,1.795273641903442,2.042378671592929,1.8445345051095312,10.28761973588679,-4.414986007054999,3.745663746588801
3h,EMA50_200,TRAIL,ADX>=20,228,118,0.248034231275433,0.2818631447872691,3.610815937654821,-0.403719968663097,-5.8670015523677455,14.532354126044577,15.212826973137872,0.4798420578769874,1.706980034905793,1.8661304428854157,1.7389938293662495,11.402117934893774,-4.820984210697055,6.774888112171973
3h,EMA50_200,TRAIL,ADX<20,31,18,0.037264260159741644,-0.03669778318699504,-0.12218828216467026,-0.3334823707567991,-0.7718392661903328,2.314482964837794,3.3747549887537476,0.08307191768931986,1.9669522961944714,2.5958632298984323,2.1371635998457323,9.241328774563174,-0.6151001614643659,0.06328168520060018
3h,EMA50_200,TRAIL,ATRREG,163,79,0.24332646636965896,0.3773183983432671,4.046715183052774,-0.21757451264478597,-1.5583380125339885,7.1623187550379335,10.724934699238432,0.4596310151355353,2.0420161622349773,2.3806296195791052,2.145043303155379,9.776338769223036,-0.7698719042866009,6.983914372598976
3h,EMA50_200,TRAIL,NOWKND,188,102,0.13360882466828167,0.17247140883817272,1.6510156860385372,-0.38292439606116313,-4.941987702941974,12.905909766461077,12.905909766461077,0.4328627105710488,1.814665299366228,1.9028103596675108,1.741430355952312,11.107758042225058,-4.063091505955729,4.61173301337563
3h,EMA50_200,TRAIL,VOL,63,33,-0.051166629503666204,-0.14130137561186523,-1.3497073010155236,-0.2898142976636186,-1.5661265146731163,5.403896658303886,9.551975663159695,0.3527318637144215,1.9614828577028718,2.1914170668261255,1.781631332423479,10.669327210448854,-1.2579991142747216,-1.0125886219364277
3h,EMA50_200,TRAIL,BTC,218,112,0.2773235884086945,0.35730655072067696,4.173211793835052,-0.42741755482034594,-6.465466719518487,15.126816029435386,15.255593027581638,0.4377599212823639,1.8064644745469962,1.9796757643844767,1.818690575283658,10.964328483938324,-5.467383592329423,7.3425375164254625
3h,EMA50_200,TRAILW,none,258,137,0.8493729772960129,1.8749052444241059,27.139220188275882,-0.03621845321081846,-0.5149462853309306,14.217787886565958,19.05567978889603,0.5055039335109817,2.725701525765446,2.044584349430959,1.953119565391892,14.991399778314218,0.9275664155930174,32.30850728541008
3h,EMA50_200,TRAILW,DAILY,181,89,0.9490947713192934,1.336479338072144,23.876911200311657,-0.3095554370488157,-4.533074899591916,14.643822582502619,19.844956120581227,0.4097135206711579,2.985007960997618,2.046381868754905,2.176380608639241,12.575184557151442,-3.766047721685617,28.716106347535543
3h,EMA50_200,TRAILW,ADX>=20,227,119,0.9511286850458301,1.9084322712807602,27.00008903544773,-0.2606377436502678,-3.2822349877777213,12.593091629054044,19.108430215632698,0.48414578772391165,2.7074784524333166,1.8949903585170231,1.9051425181760526,15.019928803161575,-2.1983652990654967,31.899423345205502
3h,EMA50_200,TRAILW,ADX<20,31,18,0.11217306067614123,0.046591398114198136,0.1868911509619986,0.5869090483733425,3.0202840181998036,5.146085286247882,5.146085286247892,0.2052276676710534,1.9869866329545764,2.7499707146627816,2.1620995944063734,9.54035810200814,3.367699719441686,0.3907246223429306
3h,EMA50_200,TRAILW,ATRREG,162,80,1.1653035513916636,2.3115227745038918,27.489986711981107,-0.1792622930297234,-1.2845420238613903,7.1657123321991705,14.709875728815557,0.4498708944348569,3.166891034966568,2.3344940859325174,2.49116420278344,11.748343304680809,-0.5224081781076806,32.248982866715735
3h,EMA50_200,TRAILW,NOWKND,188,102,0.8636683745454748,1.761008354531751,22.33876686954428,0.23076190426346851,2.334536014799893,10.116643915949297,16.23495601268663,0.45201586280634076,2.885938837545829,2.179614324465687,2.0954495452495654,13.534583351823326,3.539699320475709,26.9606842678777
3h,EMA50_200,TRAILW,VOL,63,33,0.06857897151003131,-0.03940399780335627,-0.40347436060935715,-0.24926966584785407,-1.8836429247251707,7.556647209030576,11.440319261987398,0.3457968047045894,1.9391487766859639,2.147624815317259,1.789424578312646,10.786556379298084,-1.5936426251557556,-0.025323910102448277
3h,EMA50_200,TRAILW,BTC,217,113,1.0625456552873913,2.3264535951484766,29.688102009839312,-0.04732808192501539,-0.830526103972129,17.54827303772799,17.548273037728013,0.47584003813936493,3.0053205661903535,2.1666277914424996,2.2294720887086448,13.491599382479336,0.38988518450433496,34.783220252905856
3h,EMA50_200,TP2,none,262,137,0.12992876794521455,0.20746686503067763,2.4256909133280713,0.2334892824388054,1.7871443027644762,7.654074243141606,11.691943737470512,0.3102716696471016,2.0536326881463847,3.072260165642043,2.30190643649874,9.198093172096588,3.5347710169668867,4.5344060171425005
3h,EMA50_200,TP2,DAILY,182,89,0.1450797871101677,0.22604633429609464,2.0503417450705275,0.23730897369333637,1.3542950113591523,5.706884953744929,9.070448992040792,0.2508736468472965,1.93520400274255,2.552986749949775,2.1185038197199746,9.901272955602513,2.446475852111951,3.6983850747876135
3h,EMA50_200,TP2,ADX>=20,227,119,0.14428852586729865,0.2381159505939731,2.6428012594905237,-0.0368343407696272,-0.26413833312561863,7.17098032994855,11.098799777579515,0.31756600883845726,2.145994329017014,2.5994979453153637,2.234499273616294,9.317748000453241,1.1043387008069505,4.525393613498507
3h,EMA50_200,TP2,ADX<20,35,18,0.03679548085055451,-0.05234806284329478,-0.21079877826674087,0.8180725417121258,2.0621081451679624,2.5206910634749113,4.026868747708434,0.030698254058361626,1.9633378644617794,3.0516381969090225,2.2836169176643564,8.897919800499842,2.4098680381937188,0.009261528480974945
3h,EMA50_200,TP2,ATRREG,165,80,0.20702544462603287,0.579917214564848,3.610565812504385,1.1825299207734583,3.1058885558368665,2.626477775552094,6.226002128965325,0.32437794346043003,2.3355743716131854,3.069448404389453,2.554596165641885,8.573071130185228,4.2234246856034385,5.128687311640778
3h,EMA50_200,TP2,NOWKND,192,102,0.08568438803179525,0.06731107252069644,0.523960831331105,0.5775859866831722,2.6552352511950206,4.59712547120974,7.784169999222645,0.2444859380207609,1.9483854604273652,3.0361230788298776,2.25825774542647,9.148257243895197,4.021483006756266,1.660829986147938
3h,EMA50_200,TP2,VOL,63,33,0.10284482075732393,0.1020525095276029,0.386865342402376,0.940118999310183,1.7055295354283295,1.8141634587533817,3.790845949728827,0.17728981097335547,2.0208941962536593,2.9125233585610255,2.324188298440644,8.796010087333128,2.203299358473876,0.7081563067654617
3h,EMA50_200,TP2,BTC,218,113,0.09503786726694978,0.07089559752864921,0.853621224494705,0.08357107605456333,0.5383725207625645,6.442091524716787,12.040539247162041,0.29254519593226747,1.9160686797144757,3.121044720617417,2.1650594807013834,9.384580973344182,1.9625721775081262,2.600130020589453
3h,EMA50_200,TP1,none,263,136,0.07241634112326065,0.033308259004582355,0.2895442412435445,0.11384897135111582,0.6039069541901698,5.304456834552251,8.692866270906286,0.2568927271884955,2.1218341641021943,2.7618271292407317,2.241646881129603,8.98478818455657,2.207988407679329,1.824417950816315
3h,EMA50_200,TP1,DAILY,182,89,0.05167319370357436,-0.03845056604309336,-0.3255399905257139,-0.2030850962177656,-0.9227953850829085,4.543885308518192,8.46645508835594,0.1942458651288099,1.833622959862301,2.5230150397986795,2.0710341016711973,9.467270876679857,0.025589510147794314,0.7244208831110877
3h,EMA50_200,TP1,ADX>=20,228,118,0.09542831528793044,0.14287896962828975,1.0820388526476377,-0.01870236491365925,-0.1247797119965921,6.671868107196399,7.951993109700306,0.26305293494603704,2.270479514085254,2.5080972067683738,2.089664377184116,9.711328544030117,1.188266811552463,2.4259521125327366
3h,EMA50_200,TP1,ADX<20,35,18,-0.07749023343515979,-0.23292375611850916,-0.7823274132357949,0.4043866288709981,0.7291297875060998,1.8030511778832747,3.3587274491561736,0.02681200448412492,1.9252614600001925,2.924749731339631,2.2271026519305392,8.897919800499876,1.0071490375110015,-0.585493020055472
3h,EMA50_200,TP1,ATRREG,166,79,0.12749011371726962,0.2688042690450367,1.6545981186559366,0.5121981000730069,2.0822518748795815,4.0653252610323705,6.155401194088617,0.2667014103419676,2.238201070758856,2.739275086094829,2.233292002933665,9.395360635305527,3.064104574435511,2.594472886297594
3h,EMA50_200,TP1,NOWKND,192,102,0.017976054698461964,-0.14602180930567568,-1.23517853501659,0.5064193914256697,1.8388235440895517,3.631029094112892,8.458863377257032,0.19696818355427262,2.027060486277443,2.7857528139624463,2.1577318304818425,9.189355919145846,3.1255336586567983,-0.21665189517160455
3h,EMA50_200,TP1,VOL,63,33,-0.008266290353787167,-0.1575301697285538,-0.6249582085011474,0.5899279956436895,1.2489861500528665,2.1171840619126026,4.258442864238809,0.13404836697353872,1.9098990123413784,2.723463006240752,2.153685163916088,9.272068982134652,1.7190498958795208,-0.32798897540829985
3h,EMA50_200,TP1,BTC,219,112,0.06722564190852234,0.005412548851859757,0.049384325386814254,-0.02475728932603472,-0.12320621765097295,4.9765633074138504,9.124042431477687,0.24799130331621286,2.0630581953994356,2.7946593308547576,2.2821257775323223,8.720022165246455,1.1905147626341428,1.30254607469662
3h,EMA50_200,TIME,none,260,136,0.09407118933031865,0.11526477640565605,1.33892211251323,0.13784311955693715,0.9576987071362231,6.947744002127276,11.616056129767749,0.3784867300665367,1.9868031081436908,2.46187855053676,2.0304404691987146,10.122468874613988,2.9331262254782997,2.9858544550777744
3h,EMA50_200,TIME,DAILY,182,89,0.10296988937917698,0.11949555502879498,1.1903020314879775,-0.035626708654204274,-0.29930179859070094,8.401051062441622,9.961056971542991,0.30305591981516006,2.106302160192325,2.361965221260174,1.9803200273991397,10.240444478046628,0.73188097385819,2.4557063676647672
3h,EMA50_200,TIME,ADX>=20,228,118,0.0962984090562605,0.10787457517370974,1.2638688161680012,0.09176132403861477,0.5883998869292695,6.412286364587116,11.716095420378725,0.38532432400944433,1.9820378448360878,2.367095983541577,1.9602211553392181,10.43113755082149,2.3430874318083994,2.705825332894518
3h,EMA50_200,TIME,ADX<20,32,18,0.12365340845664807,0.18254140980989225,0.2985473121823068,0.1640236766754969,0.3700146357166201,2.255861124541514,2.4921790654042764,0.04281785289854352,2.060278267226879,2.7628933979678485,2.2547989114787654,8.941291259260275,0.5795583023589845,0.5021696359196914
3h,EMA50_200,TIME,ATRREG,164,79,0.1948474563063336,0.5604978229858697,3.438103909375112,0.5840158493595474,1.7478494897230856,2.992811738996193,6.134018310828992,0.38055396172133715,2.4820224677024045,2.577732911475131,2.1825694458130935,9.86655503278463,3.049229507404516,4.615487729939272
3h,EMA50_200,TIME,NOWKND,189,102,0.008921919590926855,-0.1345250356960796,-1.3176109350515497,0.03101434043861766,0.19858929110561085,6.403144103568826,9.794540683329089,0.3347113073393686,2.0006559818449645,2.417553999602425,1.9150887028822594,10.126336230592914,1.673458596382793,-0.17516150959434595
3h,EMA50_200,TIME,VOL,63,33,0.007959471391370397,-0.08970256253356612,-0.5164373838435599,1.0588661430633053,2.4289529642420593,2.2939188113193287,5.757219964037397,0.3214579345518371,2.167552486010357,2.675830951247968,2.0886989381557157,9.671823455186512,3.2408077915387246,-0.21807253652723624
3h,EMA50_200,TIME,BTC,218,112,0.10552332076050963,0.12471083025827749,1.433069656053454,0.09375479504160346,0.568839546492006,6.067311503796525,11.491140369168829,0.3712241795988644,2.130625352515594,2.5495522475580605,2.11858796480632,9.684180666548903,2.3112839122767737,2.840430834436236
3h,ST10_3,SIG,none,639,396,0.32413164805062805,1.2907420886451983,26.40789298586852,0.16149953910663697,3.658366674397451,22.652489874796842,22.652489874796945,0.6838424866118052,2.6720756938745285,1.2884455942878932,1.4711814218093628,20.18557774352181,7.646365326145843,29.567173487940824
3h,ST10_3,SIG,DAILY,404,253,0.1075996359144473,0.06743844208843952,2.0571572808301797,0.8742850948513129,17.354352364924974,19.849763500630623,30.504223068089274,0.5467251601290306,1.3784418809119177,1.829821614415138,1.2738930322590665,18.733664716300456,20.56492565554182,4.019896023463776
3h,ST10_3,SIG,ADX>=20,441,269,0.4281779589968505,1.6300315372012042,25.8775050788012,-0.1894165803703049,-5.438638603723844,28.712579400871007,28.712579400871075,0.5950662979511715,2.526975323008127,1.2559845841760229,1.6867388832235828,16.34807560527206,-3.1556606518609476,29.145526665070463
3h,ST10_3,SIG,ADX<20,315,208,0.08775263925589763,0.045966120009210146,1.0525694129041918,0.875311243024943,13.337925279499663,15.237922951161709,22.898809224996374,0.5427395794428439,1.6530641763278027,1.9538635624872949,1.392392618613747,16.317816472964065,16.33663229368065,2.534606990308541
3h,ST10_3,SIG,ATRREG,404,247,0.3815693245477657,1.495301103946368,21.641923897118453,1.4258021528282636,21.531729167374092,15.101484539536647,15.101484539536692,0.664503055473784,2.9020087828521732,2.2214587771571934,1.9376028164861807,16.38715302444672,24.797069549472717,23.78705166359383
3h,ST10_3,SIG,NOWKND,591,361,0.3456203326310877,1.286347728452086,26.672774695844016,0.537125740061845,10.401469701636735,19.36505537872585,20.735275622510287,0.6707786655796546,2.465367808940839,1.6388957490976976,1.7033553420329988,18.346592643074278,14.620767479483021,29.70718093143898
3h,ST10_3,SIG,VOL,474,281,0.4734794703371994,1.976133685558439,30.890847722365788,0.1515028007154824,2.82831442750624,18.66839698110748,18.66839698110756,0.6756745070590531,2.604223832453858,1.4842606615583145,1.801551244696156,17.20464608688773,5.38413224757146,33.89370106409801
3h,ST10_3,SIG,BTC,476,295,0.3255092198417751,0.6838353944440206,18.070183611071112,0.6497488183493336,15.19417881840408,23.38469634620408,26.424756246732052,0.6399379189374585,1.8193750622288887,1.5998368338911733,1.4265385249738738,20.551251142810557,19.307013434568198,21.169800524609773
3h,ST10_3,TRAIL,none,998,609,0.11767297951411684,0.17500501300842464,5.708132170687308,0.43641473634463235,13.540969966155124,31.027756027610298,32.61696378041766,0.647839805535596,1.2909817041088736,1.2981355773800876,0.99677731084747,24.587221868287035,21.694241063561705,11.551003719726594
3h,ST10_3,TRAIL,DAILY,407,255,0.07786241476887276,0.0004671392302247315,0.012692401183977964,0.8193904848354151,15.194522397569044,18.54368909424309,27.17048871676202,0.5038924469504753,1.3295002075821452,1.8315244912387842,1.256102690921037,18.075208883791984,19.03659845110004,2.1538096500921755
3h,ST10_3,TRAIL,ADX>=20,626,374,0.14214176247035062,0.22307198157932412,6.233508015275913,-0.22841937351879202,-6.521146938604749,28.54900982410871,28.549009824108683,0.5310511895984793,1.2647569909580771,1.1050861086569526,1.143504449729524,18.00799510705322,-3.095677780746142,9.879195360554792
3h,ST10_3,TRAIL,ADX<20,372,241,0.07649701679744385,-0.0005439212375011996,-0.01228297658181221,1.3235754328297602,21.988973197495355,16.613313190985767,22.582270621093592,0.5291681614294331,1.644191167497024,2.1702756807247225,1.4106426543289383,16.9469901694144,26.27456444977976,2.0448041365249248
3h,ST10_3,TRAIL,ATRREG,527,335,0.2823853770349888,1.240663189126102,18.20524176566032,0.7495629162642532,12.289409228650271,16.395433874849974,16.395433874849953,0.6150216632270631,2.5351778181942204,1.8318496002438274,1.6936054863674026,17.00773807128525,16.761106277981995,22.083234428156562
3h,ST10_3,TRAIL,NOWKND,889,524,0.15659410808176075,0.3493711548919244,10.390979677548229,0.9428816359280615,23.64511564238154,25.077501503259292,29.741950736495713,0.6464493322440158,1.4188054373901946,1.7744598655150774,1.3278021379198788,21.197933339987852,31.91514570595202,15.995349646949709
3h,ST10_3,TRAIL,VOL,618,369,0.2406610299068826,0.7669827724245075,14.680126015632776,0.5867103604580636,12.274926130427556,20.92161133961249,20.921611339612532,0.6243545071425307,1.9932736494691772,1.6403469106200386,1.4493744323518145,18.999679836808838,17.35880915830601,19.232910398995617
3h,ST10_3,TRAIL,BTC,518,320,0.18658488714327512,0.33973193722229134,8.193948756709158,1.0377263465808326,22.367618589077498,21.554448012981233,24.11886507846256,0.6034841017976195,1.6221260918564446,1.8847341892829732,1.3821443089590804,19.60614747948416,27.839850811961476,11.559007081618766
3h,ST10_3,TRAILW,none,782,467,0.4395706414063629,1.6602220676510184,43.80932388067569,0.4603929780020193,14.140489578922,30.71395580420859,30.91854800982896,0.6810460364129032,2.4210023039123643,1.329454853238452,1.560863485960232,24.223859936723336,20.491988504519853,51.68215044699795
3h,ST10_3,TRAILW,DAILY,394,245,0.1464541293502142,0.08896746485824004,3.1322252538838136,0.7535568828514922,16.487455714165876,21.879510478063214,35.20641235393942,0.5326561145457058,1.2796261496901058,1.7148062101689776,1.2232560639214318,19.758453675126187,20.311351833110436,5.324708788480126
3h,ST10_3,TRAILW,ADX>=20,507,309,0.5734982623347918,1.7840019879861395,39.252762509592976,-0.3510151804452498,-11.183859468933289,31.861469508945383,37.28517239816331,0.5224674674818115,2.6938790585513277,0.9133187051843391,1.6610125845424975,18.435615828999552,-8.771693674250292,44.48155118900805
3h,ST10_3,TRAILW,ADX<20,353,225,0.13327207956424308,0.07350740697163999,2.2030850420361903,0.9076027259685916,16.951152030705472,18.67684124969462,29.970925826375105,0.5507122051908471,1.4057614468854394,1.8902465858335646,1.3261369367436533,17.981777261328258,20.620181396914926,4.227939284015858
3h,ST10_3,TRAILW,ATRREG,445,275,0.7432643647826986,2.8215815845644974,50.964880251247195,0.38956108215291635,6.75170901572133,17.331579885772697,20.81535075861618,0.6010038876867719,3.98262700073468,1.597198518275872,2.194520088191935,17.45815777795482,9.984331062676976,56.7210686135664
3h,ST10_3,TRAILW,NOWKND,707,416,0.5067540098227346,1.800186100330551,48.39703333157463,0.80473386548066,21.717034743673437,26.986604733854534,30.76778428505611,0.6649814251474847,2.530699323360613,1.644943906949722,1.837625336411725,22.209968098998843,28.302501488333863,56.03642729241807
3h,ST10_3,TRAILW,VOL,554,325,0.648545792942463,2.619355783561518,51.2137659161459,0.41019680943564174,9.717270505536524,23.68928836600599,23.689288366006057,0.646238173207122,2.9871242994451164,1.4439581403785235,1.904851746266484,20.48148990037437,13.827669047885415,58.200349269550465
3h,ST10_3,TRAILW,BTC,494,300,0.5759080213201515,1.0425240460339256,38.00794243394024,0.630360891405022,16.08373554707041,25.515122791360202,36.45761704829146,0.6052001637920048,2.2210422707752695,1.5451184220834564,1.683202767171262,21.655704195332014,20.638591792548745,43.41851316559517
3h,ST10_3,TP2,none,958,593,-0.005797177092987736,-0.22464891065214615,-10.169667119111969,-0.5063314897148384,-17.931235531695023,35.41402400588149,55.492568538298684,0.198905314977188,0.7176941539276193,0.6200680862172413,0.58197285681793,20.649501953084094,-12.783251686577179,-3.9286031275489908
3h,ST10_3,TP2,DAILY,407,253,-0.018941240792330165,-0.17217723222960432,-5.3506251087500285,-0.06425954269308522,-1.3541723810942985,21.073483008773685,37.39565737357739,0.16079904624869956,1.2362419861148441,1.6630771900546868,1.2398949724515993,14.17719492425521,1.6324566669446927,-2.447739901782797
3h,ST10_3,TP2,ADX>=20,607,369,-0.014052066208655997,-0.19691289473436188,-6.881768265692911,-0.4136210270650223,-11.806992548300544,28.54543598056598,41.510395003631416,0.15491343444019134,0.9416290469684844,1.0803064403885483,0.9404481062003648,15.660568143746712,-8.738282351572312,-2.1607597703880432
3h,ST10_3,TP2,ADX<20,371,238,0.027310957553192405,-0.11955529055855166,-2.5488289725896562,-0.3726757005952627,-6.753334192626282,18.121208819999268,28.04595088016043,0.14558654232180562,1.8075706889377396,1.430333011143603,1.2428734142229956,14.099927775910004,-4.0696844294465855,-0.367063773999321
3h,ST10_3,TP2,ATRREG,515,330,0.072966967869649,0.026650660745439713,0.5172577016073765,-0.18547146779204476,-3.501692007781798,18.879949835238175,19.408813407970992,0.20285587787819023,1.5328732961752887,1.5319389639156122,1.3396381079146649,14.496178984543405,-0.09144037863446641,4.437551463255618
3h,ST10_3,TP2,NOWKND,856,515,0.024111120747919823,-0.13784339908089113,-5.6261893935434015,-0.35083940286310783,-9.750360993672558,27.791522030029792,44.21022052115866,0.18712348205825236,1.0462330527312387,1.1010946159749964,0.9464237478238716,16.615901091884766,-4.585087376710916,0.48952448695440687
3h,ST10_3,TP2,VOL,602,363,0.1097372215648877,0.11220092340561799,3.1317452320389627,-0.2652112057392101,-6.067755812843578,22.878957153907663,27.91193812832875,0.17494378554460427,1.7771090077349152,1.288857656019281,1.2427865203663375,16.00156330706115,-2.1288455303204112,8.67192288552545
3h,ST10_3,TP2,BTC,514,316,0.02380767108720586,-0.13580046922638742,-3.884139271705156,-0.3836498113465031,-9.914850016435206,25.843489878534974,39.93610790348665,0.21722252368192924,1.3231669824185814,1.0664307868372072,0.9623152418988735,16.909919691619656,-6.812517003710816,-0.5801500001224369
3h,ST10_3,TP1,none,1001,609,0.004816884266865405,-0.2471239775587484,-8.727944229293294,-0.5337347468124146,-16.76144625703253,31.40407544596956,49.40643501809693,0.10336373164471568,0.9852434297596384,0.8095495387575519,0.764708909175678,16.809209706872842,-11.26139055861689,-2.414701644542949
3h,ST10_3,TP1,DAILY,408,254,-0.016428358396278032,-0.2535067694233103,-4.966307323274433,-0.053918236686757874,-0.6658270645538589,12.348828624015141,24.529371650876485,0.07645317511720717,1.4302851850468385,1.9991032905578312,1.4872556476227992,12.027446066425885,2.3410375092697278,-1.7120860992185127
3h,ST10_3,TP1,ADX>=20,628,374,0.029705408974316862,-0.14035290588023747,-3.0249657777864147,-0.5547207126113267,-12.34023883805111,22.245859145875237,34.14530014572142,0.08045453663172843,1.6490454341024632,1.1334087674535036,1.1022172566617485,14.610892035068979,-9.174095932777092,1.256982678882479
3h,ST10_3,TP1,ADX<20,374,239,-0.03429403362435818,-0.25553004225310144,-5.689150672508592,-0.26719116172091684,-4.493957211431876,16.819258475794374,28.747218421229014,0.07676824912503089,1.4023187314020398,1.869724524438518,1.449925459647256,11.575359809998542,-1.6616207041181053,-3.4155288460645528
3h,ST10_3,TP1,ATRREG,528,334,0.03727286297469001,-0.11963234225415414,-1.8266927543293066,-0.412685066790619,-5.845457309950197,14.164450764863668,21.893563816246875,0.1174850162672898,1.6632834035714261,1.6766214648499833,1.4546972906058602,12.381824389296646,-2.536786110940459,1.935643453085878
3h,ST10_3,TP1,NOWKND,892,527,0.025730296275210382,-0.16754522878961056,-5.242397344227657,-0.4296488476031106,-10.017201917881845,23.314858107417212,40.28954397770301,0.09487984412162649,1.1753347039328843,1.4637813174357166,1.2753834277537819,12.388548123449173,-4.661256818424119,0.7842343454731671
3h,ST10_3,TP1,VOL,619,366,0.0552703435948456,-0.0678366714626584,-1.4744919733744255,-0.3409373880120895,-6.836812815805637,20.052986431523923,27.717926746854815,0.1073892900722044,1.665937317263145,1.5211044483738492,1.3540875832100279,13.251089265999383,-2.8167019943480365,3.233534355010481
3h,ST10_3,TP1,BTC,519,319,0.02561362259883398,-0.1640619048865332,-3.507161308599349,-0.4336726888516106,-6.558739224474309,15.123708255279379,29.318620268920583,0.11993103537597799,1.3062137734930275,1.5294874449478386,1.2971091310748162,13.25556947689731,-3.1626525474213407,0.2968623353028166
3h,ST10_3,TIME,none,1000,609,-0.023751084358530447,-0.25881502075711016,-11.183074422067696,-0.21446068644124494,-6.233314431409232,29.065067984462278,45.49472617305966,0.29400221533844634,0.7109033084962617,1.0389389769724289,0.7187325586503583,19.6377156097418,-0.4307673129460232,-6.821717599159527
3h,ST10_3,TIME,DAILY,407,255,-0.019154995319528165,-0.18910025658431817,-4.56072245710335,-0.018826160844519737,-0.27065003515555075,14.376273388439497,24.11801305552308,0.2166953446917207,1.4156866587026997,1.7866390680461512,1.3318484826388377,13.565787064295376,2.3238746387054032,-2.6663464577052265
3h,ST10_3,TIME,ADX>=20,628,373,-0.025593968104927665,-0.21729505819616277,-7.0017263628545106,-0.2513912963570793,-5.371023739533721,21.365193693518535,34.1992880905115,0.26494209906721156,0.9473254584021061,1.3329825722823156,1.0187433096621787,15.694620222658761,-2.071079793519215,-4.2221894372326485
3h,ST10_3,TIME,ADX<20,372,241,-0.02063997953934376,-0.19417664142287974,-4.359594426772206,-0.003195106462487746,-0.03280423121426734,10.267022898737965,22.451693441735042,0.20118973952447838,1.6248779171742316,1.7960779008048193,1.3413123749111124,13.569683397237597,2.690559450839003,-2.5661412425223795
3h,ST10_3,TIME,ATRREG,527,333,0.061379303803546226,0.03031778239345307,0.6535306637337257,0.29359251731123565,3.604568960387211,12.27745513883799,21.556018024420265,0.29739936936156036,1.6183826723364423,1.8634877141270203,1.4688010604224966,14.213564077676432,7.177762223685691,3.330173557473648
3h,ST10_3,TIME,NOWKND,890,525,-0.013623213786049233,-0.21994431348520405,-8.819619661015853,-0.2318955560077394,-5.516473285486878,23.78861147862087,40.42929042375031,0.2882343932126288,0.8626430327178645,1.3124063131272812,0.9590939836864487,15.874335017581076,-0.35507913992616214,-4.8089540018170895
3h,ST10_3,TIME,VOL,617,368,0.0202362168088064,-0.11877274911657762,-3.6271966895592977,-0.1630155688845159,-2.8237335167633937,17.321864016336953,30.538963832512945,0.26521049330183555,1.671800244276182,1.4121472161487705,1.1187848545444843,15.98553237960001,0.9548040328798635,-0.3912500767775051
3h,ST10_3,TIME,BTC,518,318,0.0067681953817934236,-0.1642009067282821,-4.082049545532962,0.10923805913443543,2.024893958461327,18.53652449069386,24.86009137749704,0.29610175994870036,1.368706021683839,1.6700439199786794,1.2229249451263158,15.281268400104853,5.701703769904287,-1.5576418625301902
3h,ST10_2,SIG,none,1021,610,0.09765418091153281,0.29715267581578597,6.202856262024414,2.1857123261995315,31.841351452590374,14.567951633395149,20.874307273173454,0.6312684674586247,1.6091897866591522,2.658826199478985,1.7689995132345606,15.802963329520258,41.3611013232952,11.817896617968593
3h,ST10_2,SIG,DAILY,740,462,0.11536927063285629,0.22185715296249256,6.025818283597095,0.8014821117878633,13.746340003958334,17.151150102769506,27.160802359236204,0.5479682415895851,1.537859753481965,1.8565800489477766,1.4256437876812662,17.33983965628587,18.982049478290165,9.4949877219886
3h,ST10_2,SIG,ADX>=20,757,428,0.09966032447440415,0.2660748576547012,4.832237482841517,-0.08105022487230527,-1.6987370878610686,20.959066930874414,20.959066930874226,0.4972922680723354,1.339179894271987,1.7949115078959579,1.405246989209351,15.071474987332556,2.3033129668788455,8.295911944092182
3h,ST10_2,SIG,ADX<20,480,323,0.09588031016750026,0.11334672218415626,2.6260871861122137,4.033112943028231,31.747991729643132,7.871833042643583,23.16862045508089,0.525777372414253,1.6518721580056444,3.383736663448037,2.136438444497053,12.482388985394422,37.99483238099231,4.988021598779091
3h,ST10_2,SIG,ATRREG,647,376,0.06999851777787951,0.08525371354589721,1.9595106634744175,1.3582404288989336,13.52109062944773,9.95485802201359,22.984461109949127,0.5443775062635122,1.9948291666815103,2.473340649951406,1.7832037101041458,12.961004906403206,17.53894572438639,4.507178174684112
3h,ST10_2,SIG,NOWKND,952,553,0.14331559823337683,0.6894447501935866,12.938356708109922,0.9232467405921896,16.34369279997625,17.702410505660783,18.766343067340795,0.6028665149459819,2.02991754480144,2.3419334455020424,1.9359665239794603,14.329769844029972,23.31315461181036,18.138617541325154
3h,ST10_2,SIG,VOL,699,416,0.20257065473692382,1.1635214570014736,16.148458981145275,0.8546032755233834,13.571064173537572,15.879958060336552,15.879958060336497,0.5805149003961623,2.3995251765911156,2.2825778242420434,2.0246192236397733,14.01902088748569,18.252385733086385,20.3794676111805
3h,ST10_2,SIG,BTC,840,498,0.1759953889595013,0.7073755441569981,14.193516496622948,1.3090726339281595,16.424096467139403,12.54635995090303,20.06503704271797,0.5844540661320767,1.929523170211969,2.229129568648434,1.8705395773334423,15.101894513841485,22.355624158861232,19.054935558247486
3h,ST10_2,TRAIL,none,1315,736,0.11295410008870471,0.20531614063731074,7.028650902592126,0.8019294269092948,18.064985221867747,22.526901514877384,34.233309085076655,0.6340794892138754,1.1817619690593948,1.7157056603139658,1.291581884081154,20.090649248766347,30.02233124714595,15.211558731250108
3h,ST10_2,TRAIL,DAILY,718,436,0.07663192436153106,0.01149519176059416,0.37310263111851594,0.9761831894206134,22.825658450501997,23.382556366340967,32.45727769392436,0.5461065941012122,1.1667966123298827,1.8194393780841116,1.1818133606445078,20.502188863299466,29.78657334232746,5.057932664649045
3h,ST10_2,TRAIL,ADX>=20,934,488,0.08328406609958539,0.04437060757985184,1.1827649759508896,-0.10427213598279847,-2.774223914247098,26.60561125078281,26.656497182787486,0.527212766861514,1.0091570753527666,1.5179478897957497,1.0899514767277299,17.954325582741724,2.778752485927405,6.0627203844189514
3h,ST10_2,TRAIL,ADX<20,560,371,0.14510697631125682,0.24702517092565848,6.290626904498042,2.056395230048163,34.700519759280034,16.87444089163118,25.46553001431254,0.5514280747376149,1.6340455820393527,2.584045848282944,1.6921726256835998,16.892660853512844,43.20303826801562,10.680906067508268
3h,ST10_2,TRAIL,ATRREG,750,439,0.12281252490985811,0.29895649046148065,7.193330671006115,0.7411015877870696,11.192954623143692,15.103131348788324,24.06146345878698,0.5798813057431759,1.6913927427586533,1.8672599851658236,1.5046526668546183,16.37293153346826,16.98201234547254,11.26273337577064
3h,ST10_2,TRAIL,NOWKND,1188,657,0.15120665372510347,0.4283253097677423,13.836315122405995,0.7970991166867984,16.591952198527736,20.81541912565832,32.30328632671434,0.6206195559449008,1.7028897992531367,1.8517387402494945,1.5503276810023117,18.19911635499024,26.828314113592167,22.41031725009186
3h,ST10_2,TRAIL,VOL,838,496,0.211558791535125,0.9117591658250196,18.572863845573973,0.7321551927203599,17.30879482692014,23.64088242358622,23.64088242358633,0.6057731559214234,1.9314421207549086,2.039365747364441,1.7955819575034324,16.705043478268745,26.378546150908242,25.72114613007137
3h,ST10_2,TRAIL,BTC,844,483,0.17902427525038084,0.5211593898185015,12.400359416421036,0.9671873019504502,19.134758511114637,19.783922382486907,23.79379448720971,0.5972862391207919,1.527835689699081,1.89106475355304,1.5135935501983597,18.606122975368677,27.24379926030023,18.809965264203843
3h,ST10_2,TRAILW,none,886,505,0.32658727727186737,1.2302189975010898,30.839379410771794,1.0114446494345173,30.994351874125805,30.64364608726168,30.643646087261867,0.626939504018326,2.195147363473545,1.7792175946249307,1.575611187638991,23.54916672373658,39.33746990108769,37.75642548208333
3h,ST10_2,TRAILW,DAILY,601,361,0.23910278818600647,0.31049525220626273,13.086491543464817,0.6399735872597175,16.5288928292197,25.827460942558954,42.147155070736574,0.5328298776510643,1.4676764800726851,1.5573674231619166,1.2914486024491671,21.758887103084877,22.36952841416837,17.30604219218823
3h,ST10_2,TRAILW,ADX>=20,693,377,0.2737860746183577,0.5296438972971699,17.272149329570887,0.17380705796110285,5.153401118186873,29.65012571204202,32.61087197966886,0.5580174401495714,1.4481748063543014,1.4957954795341684,1.4425178234910592,18.861594510198255,12.562453751509416,23.250973232266215
3h,ST10_2,TRAILW,ADX<20,464,309,0.11734710798632647,0.07519905942227699,2.571628495090872,1.214160649701343,24.70152012261506,20.344523707543228,34.19761516763137,0.5475869430996704,1.1820604732267936,2.0609335427337254,1.3678713392824642,18.58841582185985,30.57417902922954,5.932217516159377
3h,ST10_2,TRAILW,ATRREG,575,350,0.41709140062315214,1.2778966816779835,31.533976995721712,0.35063330200991527,7.024035990066246,20.03242689671165,24.676468331003885,0.5992070049367528,3.0925516284962957,1.5104858483288126,1.7432513023623861,18.54644080581439,14.06977745557063,36.245344898823696
3h,ST10_2,TRAILW,NOWKND,829,478,0.29242253886002845,1.0029074753384288,25.51689410212983,0.8054651394784206,24.691464574183208,30.654913991898127,30.654913991898148,0.6259329537827094,2.1549143464691616,1.707842255675582,1.5132346050966516,22.46339227327361,31.61108494578655,32.735231494486406
3h,ST10_2,TRAILW,VOL,650,376,0.4449510837682642,2.0910924757333436,39.098410500632006,0.11528969128322038,3.702011623173651,32.11051727148179,32.11051727148182,0.5937816488170424,2.6944132097893903,1.3688265510462165,1.787516029784206,19.08284276870792,10.590369972538593,46.20348115970494
3h,ST10_2,TRAILW,BTC,698,391,0.3082046818237063,0.5560391914475756,21.498952731018605,0.682958787276926,15.56964245619028,22.797338208750663,38.664455782422245,0.5691112438213317,1.5022252558412064,1.6535671176958362,1.5372210903706445,20.178485490892616,24.254270957699408,27.285054244965433
3h,ST10_2,TP2,none,1439,841,0.0020440449612212593,-0.30679266327374033,-13.591072507669233,-0.21320623641684197,-6.2964252115307096,29.532087416150887,49.95023374286409,0.1458032170071593,0.626834541008853,1.7467796737000643,0.8737266347153378,15.37059210389783,3.5092499159351975,-5.423027930164692
3h,ST10_2,TP2,DAILY,715,444,0.035768596400419114,-0.1751606652105981,-4.188763755066594,-0.3497592767771918,-8.370479759350724,23.932116501610324,35.170780701057815,0.19058816966556175,1.458731855837422,1.4379371634324019,1.244463388136362,13.327315203505885,-3.260528212700342,-0.2675269740742947
3h,ST10_2,TP2,ADX>=20,1029,577,-0.021891578698311417,-0.3334580166399497,-12.872955359385518,-0.41562169705177987,-13.505758062220451,32.4953152302293,51.20773752256198,0.09667503618214637,0.7604223128713266,1.5123801236227803,0.9180328949301936,13.156061063332647,-7.7282334721828665,-6.598775159432957
3h,ST10_2,TP2,ADX<20,565,381,0.05466460093047549,-0.0728770690080226,-1.6620798408635284,0.2958209944604421,4.219351454857101,14.26319136866171,22.80662303639791,0.15091898689159766,1.724967006973236,1.9065496737468512,1.425317676072956,14.196818540586541,9.392038310421169,2.1441885181529896
3h,ST10_2,TP2,ATRREG,827,497,-0.017457095367756633,-0.3112490059106352,-9.440327058880882,-0.2942084479354287,-7.845086527650058,26.665062076571832,39.65002911677015,0.15364226147444393,1.1060074760170349,1.5629402334548106,1.1675665144827858,12.543199412761751,-1.57194053195292,-3.8112735181388246
3h,ST10_2,TP2,NOWKND,1275,747,0.03580244471355149,-0.16556260268221626,-6.356608030788735,-0.24912113867850127,-5.731783486031993,23.008017370332603,38.39398467895385,0.15116622975063695,0.9368540519752037,1.7290340097448689,1.0971702737272007,15.037407424015104,5.245295592711696,2.3644491428592707
3h,ST10_2,TP2,VOL,865,511,0.07289625409215676,-0.002160602288109515,-0.0632750421540762,-0.4236020680421324,-10.671204492407815,25.19157789226476,33.44503740147993,0.1471952735940769,1.3536246083448369,1.6642657133191987,1.3525174357905798,13.110735422974019,-3.8630837151644837,6.141820954263877
3h,ST10_2,TP2,BTC,852,499,0.02562465070389909,-0.24007603146956683,-6.49379959987656,-0.4447704070669362,-10.734576257187346,24.13509551585754,41.600710209144474,0.23586899276141823,1.199594463932503,1.324145643287323,1.1389134769700153,13.29474263078807,-6.264288139485686,-1.449307485034823
3h,ST10_2,TP1,none,1733,1037,0.0210346251065734,-0.31638170139609956,-11.05613225938763,-0.4559425639698273,-14.065222924758524,30.848672697487643,48.93886240860723,0.03973643897594647,0.9080824354717971,1.340040085207299,1.03491899471391,12.299807145103149,-2.707433347118804,-0.785039382691588
3h,ST10_2,TP1,DAILY,743,461,0.03876436888099129,-0.17903759704865177,-3.2363984273701685,-0.3296925576980476,-6.6106566093134695,20.05097311103974,26.34017765218325,0.09568532338628818,1.5704762514133725,1.573800284899763,1.3438355405904006,12.903572798321218,-1.0843449531423355,1.6687359909363098
3h,ST10_2,TP1,ADX>=20,1159,646,0.00990769285928598,-0.3095247867206128,-8.714207936628082,-0.5366515871985708,-17.423171709298334,32.46644960140861,47.871740810553675,0.0091975446269743,1.260399188114465,1.3136230327256457,1.2629201868990767,10.145705505459645,-11.383947197353518,-1.8244198323850602
3h,ST10_2,TP1,ADX<20,611,415,0.049529261514862435,-0.11967129083934026,-2.0704525029306864,0.5682172408789764,3.690010545656519,6.4940136979096845,17.301162947346217,0.06642765989116278,1.8556162583080502,2.4534627058776155,1.829343471011439,10.913839627979549,9.71843239391732,2.2638300664620026
3h,ST10_2,TP1,ATRREG,908,547,0.02659413812855204,-0.1691750323123369,-4.286673642116867,-0.5358661688127592,-14.180915015706496,26.463538549420072,40.55397397890063,0.04204538357298464,1.400746405483684,1.3315932255301348,1.3160795634789202,11.599493257691973,-8.505485902230337,1.4421635252838128
3h,ST10_2,TP1,NOWKND,1508,881,0.054187890420823386,-0.10577827321007137,-2.7916424257812933,-0.41635162480412313,-8.107246182892148,19.472113713273686,29.69416923696684,0.043058435981027626,1.5541296692987816,1.779782673543153,1.580335388790501,10.98172234319531,2.6772525344232134,7.4127227131582485
3h,ST10_2,TP1,VOL,935,554,0.06501123254489552,-0.0466023762071201,-0.7076150981215945,-0.42826509273153446,-5.753912350095258,13.435398886694227,22.799918174048372,0.06399042947252143,2.044248704804763,2.1949798901183284,1.9468839814659962,9.534768659831627,1.897013682930604,5.720284185286206
3h,ST10_2,TP1,BTC,895,524,0.024809475210123475,-0.21028260007126398,-5.744755755033992,-0.21254335109075145,-2.5425963125262685,11.962718661759663,31.59787116297125,0.13905342508538393,1.2497634220355849,2.1221775095365603,1.5097832648936254,11.398302203760435,3.6587801958748667,0.020509803839452445
3h,ST10_2,TIME,none,1678,991,0.025815025548900965,-0.20410146573194687,-7.259990000634797,0.1328117120289896,2.3086136016276404,17.382605542527195,35.570494188266046,0.23821075023516464,1.0691111569631722,2.3393730875832577,1.4069702011753193,12.566554166477573,14.238479897246158,0.9912405885695863
3h,ST10_2,TIME,DAILY,747,463,0.037352544729124,-0.08540752286144701,-2.2223379535596943,0.06821264656651155,1.1692276851003047,17.14092245285096,26.020400535031307,0.23885582538582562,1.1844786770758697,2.0370351676549676,1.4048175452041796,13.749978303548394,6.013217163834117,1.8170230705708779
3h,ST10_2,TIME,ADX>=20,1116,623,0.01852801457740792,-0.21013387949748752,-5.348859444931408,-0.2325098494370896,-4.258564965061473,18.31563254361711,30.43801632697898,0.19349628699828655,1.7619989350143557,2.1098326279536095,1.649166357915465,10.320302327396092,1.9834922489222695,-0.14215807344308828
3h,ST10_2,TIME,ADX<20,596,403,0.028317003770125797,-0.13536607731347405,-2.854595245342928,0.7543716903885764,6.014126021739319,7.972364417123668,21.087966069463604,0.17612873025543796,1.498080353721477,2.749409740705674,1.8878204855647347,10.630525242917077,11.482894689888322,0.7660270977010608
3h,ST10_2,TIME,ATRREG,874,525,0.021278123861305287,-0.14989142880563266,-3.438750065129137,0.5509858424258323,5.425986599519583,9.847778621008707,22.941605751108263,0.26234841713447266,1.7645461735353352,2.398849971478828,1.7070986564202242,11.528170416406002,11.472764092290632,0.305230592329675
3h,ST10_2,TIME,NOWKND,1447,842,0.04543253631590185,-0.07432576168283506,-2.3412811233510356,0.47115170260338807,6.45809905778596,13.707048116564568,31.500264112217447,0.24567279094767472,1.4215184104854417,2.4133355433633294,1.7395988465562622,11.759908741104985,17.314843808428428,5.401310074283394
3h,ST10_2,TIME,VOL,917,543,0.07925184309168841,0.1312023292740184,2.747810526567096,-0.296138575544621,-6.034684078691111,20.377906078574448,20.94330597460846,0.23045883628504535,2.2373018287919417,1.6188541952981268,1.5534612272018855,12.695486755624719,-0.09427990879652404,8.2049990528831
3h,ST10_2,TIME,BTC,900,522,0.06504498812218101,0.021024128328446735,0.4285004434172457,-0.14594037317416328,-2.327512905442064,15.948382581319297,21.003751554292904,0.3062713993982963,1.395813161932211,1.7821233537616403,1.5293160838679685,12.804203985379537,3.178474125302677,5.64848059108054
3h,MACD200,SIG,none,1611,899,0.07167592734222508,0.30399296040419094,4.880647299662444,1.1126632094599431,20.471503837042484,18.398652586867502,18.39865258686749,0.5400368467013711,1.3957383205927965,2.0121554625174545,1.4298066998234362,17.881248956999528,32.06077032991295,13.376957124387733
3h,MACD200,SIG,DAILY,1394,787,0.05957054629530129,0.08698336800592174,1.711827714930747,0.694021661837123,12.74204388775737,18.359720724030872,19.67994289223438,0.48607352907826007,1.1844337309757333,1.7623414171385439,1.2781907827297836,17.949352179143286,21.74362533329206,8.474974706413452
3h,MACD200,SIG,ADX>=20,925,485,0.04265815984991499,-0.025590540163118326,-0.5154210280987948,0.5312628897052134,6.869778225720302,12.931033503078293,20.141076538963855,0.530936516543554,1.4316302794652578,1.841242842823582,1.3659371892579462,15.280823706992773,11.917020431746138,3.6039140384690915
3h,MACD200,SIG,ADX<20,702,424,0.10580283451267031,0.38511002993741766,5.313193860886289,1.0182973314254582,9.468783398853663,9.298643045247735,13.796560587501993,0.3027904632310745,1.8473749211169432,2.5113919951094474,1.9935345970501372,11.964846789664474,14.496646270956482,9.398556106989698
3h,MACD200,SIG,ATRREG,643,348,0.0725738828781875,0.210900067890025,2.7650224528028566,0.428157955420465,5.325711155127255,12.438659816322307,13.110581141418564,0.5434466384715892,1.707200345281867,1.808207735191949,1.4448581636387579,15.124453187162745,8.504812020964515,5.521185345228208
3h,MACD200,SIG,NOWKND,1258,695,0.09015703531612555,0.5435506403302084,7.463174591032051,0.9846177400754491,16.92001776000285,17.184351927994214,17.184351927994214,0.5277347986029898,1.7104907571285708,1.964437599721913,1.497387047811023,17.294231893817948,25.406265451038102,14.305863349503166
3h,MACD200,SIG,VOL,608,335,0.12345068359648156,0.73487387179095,6.162974151268696,0.08388578180772174,1.28559599034328,15.325552944002485,15.325552944002574,0.5215870932872222,2.0060536396762534,1.7493090457362452,1.5676906822804264,14.22693592194767,4.674459542542397,9.458986296800154
3h,MACD200,SIG,BTC,1417,783,0.06978226768451708,0.1724260347818544,3.647384106702134,1.0212437575946651,11.958333786989982,11.709578343132732,21.153325896037913,0.5151375929959771,1.2168455385479808,2.1585367179970065,1.465211288196805,16.04502724087894,21.106041314987102,10.887665408681846
3h,MACD200,TRAIL,none,1087,650,0.12429616860270003,0.26998508080476846,6.958427724267535,0.25548507930116426,7.75295672425067,30.346025472241113,30.346025472241088,0.6330001803761676,1.092666349905533,1.174895321506969,0.9833233617310788,24.278967126931516,16.855086742202463,13.523068577259245
3h,MACD200,TRAIL,DAILY,932,562,0.10507431234484962,0.09945649498177224,2.3969695634422195,0.3272672056539063,9.06363382907045,27.694903957640904,27.694903957640847,0.5899002541597169,1.0972016760493348,1.2893066102136128,0.9853999735662307,22.76152424432636,17.096686469190224,7.694417931567599
3h,MACD200,TRAIL,ADX>=20,708,383,0.07033664467612298,-0.0029132759697972598,-0.08971759393043843,0.14698492235647015,2.7795990628006084,18.910776821444863,30.796119166383697,0.6283200755536827,0.9539728265816302,1.3967449268289531,1.1018229407790534,18.2199582914661,7.717053720275491,3.523869067849006
3h,MACD200,TRAIL,ADX<20,540,340,0.13467426167345936,0.1947475146542585,3.7907555973793583,1.0229837371902437,18.969285341772867,18.543095703431657,19.464975479195246,0.4815710545506377,1.493376922721654,1.967419554775775,1.3923921667968604,17.90648774853797,24.68883687691772,7.206543969892509
3h,MACD200,TRAIL,ATRREG,519,291,0.19060593334443057,0.5929363029948336,9.328593944848684,0.2889676547540444,6.043816864364082,20.915201978257024,20.91520197825705,0.6494265449783362,1.5800383080467966,1.4209693628591484,1.2546890532864317,19.353356846110103,9.36675812613743,12.284279393513732
3h,MACD200,TRAIL,NOWKND,940,526,0.16524689291895261,0.5282728326267563,11.208239941077247,0.606274752812822,15.796961017677425,26.05577907440011,26.05577907440013,0.6358912630766462,1.4559196810644741,1.506392184137915,1.226422968779471,22.009537300407757,23.973872050823996,17.137829151144967
3h,MACD200,TRAIL,VOL,521,295,0.20714988840582474,0.4831074115673228,8.007610587784297,0.6116031043393325,11.562429685874731,18.90511935573762,18.905119355737554,0.6381540373934501,1.5192807926501615,1.7926057672884386,1.4540450812475652,17.13545908430769,16.18643252795824,11.530364055451358
3h,MACD200,TRAIL,BTC,955,547,0.11071164740386148,0.12266655255302977,3.4092503038569033,0.5118245822749647,11.387752695242192,22.249327386007444,27.792827245088315,0.6060532227052702,1.0014699608292388,1.8178556247262379,1.2021932272074287,19.369228459751685,19.729601049132327,8.973459851539234
3h,MACD200,TRAILW,none,833,524,0.2676002895318133,0.8259667057428486,22.055980240765493,0.0865576341604559,2.9282759564851712,33.830360370720044,33.83036037072004,0.6024460415276536,1.7290252841920435,0.9862328226757476,1.0888779568702347,26.172825282392232,9.7311752307228,28.245624250766312
3h,MACD200,TRAILW,DAILY,729,455,0.2444928209780893,0.4703535166269203,14.393144468652764,-0.031150627452480855,-0.956346052786039,30.700699504204533,30.700699504204522,0.5453721632535824,1.3192821510849382,0.9664699720495787,1.0292403722902803,24.298149844337512,4.382186420271328,19.499274154133197
3h,MACD200,TRAILW,ADX>=20,611,350,0.2408342109448735,0.3550549269826373,13.35564151472619,-0.0840587051141716,-1.9756649982393126,23.50339557998059,37.61570534516002,0.5810608575871135,1.451896901527782,1.1035712397838136,1.182527064617626,20.491601282557458,2.0947315776970843,17.295606477802284
3h,MACD200,TRAILW,ADX<20,451,300,0.16051812089661402,0.19017219365968144,4.17847914970606,0.36155980111050884,7.726352232277778,21.369500172714883,21.97208261257988,0.4753842969606891,1.2716961787373933,1.4736899781658004,1.175535219235311,19.53884726901557,11.68317629489788,6.964640191547478
3h,MACD200,TRAILW,ATRREG,460,262,0.43520385821341967,1.1189537135406282,24.465454305576007,0.07847880801217826,1.8959995482333403,24.159382593312596,24.15938259331267,0.5977863116119172,2.2599155859934954,1.1881245745651663,1.3715807733261602,21.026936541255626,4.624682008002878,28.005124678073102
3h,MACD200,TRAILW,NOWKND,745,435,0.2435924371763175,0.5521355786263824,15.678688432419108,0.6443310392145029,18.18437735932157,28.222103627802795,28.39644652392256,0.6135121299146258,1.7235170379599747,1.4974952874266398,1.2620658775083737,23.160608532176486,25.439793406197797,20.567682433213076
3h,MACD200,TRAILW,VOL,476,270,0.3781324531041344,0.8653396788680618,17.59007422270116,-0.05469182695191797,-1.3460999395555229,24.612451522947655,24.612451522947644,0.5943019147169333,1.6561423200397536,1.2036030828346296,1.3499666050635972,19.099524298534433,1.7539418074669966,21.31155950444419
3h,MACD200,TRAILW,BTC,732,439,0.28142390454831867,0.7103534059817949,19.134222191529847,0.1571006373673305,3.494789853266389,22.24554853393065,26.93620109427648,0.5773287888204377,1.4403188392988435,1.3560111024211976,1.4016515424752927,19.741530303514498,9.262735745790263,24.486378189604107
3h,MACD200,TP2,none,1299,739,0.08206589020341366,0.04121672755812822,0.8766736152989285,-0.23652910376788303,-5.783992783879411,24.453619836802453,24.4536198368024,0.3023299132598959,1.3523476229814595,1.2372234875655772,1.1336057899046128,16.87842451957723,2.723829381486298,10.062454317448278
3h,MACD200,TP2,DAILY,1102,634,0.03714547095244715,-0.20089561067138706,-6.555718138601463,-0.2707547951833145,-6.753573774386656,24.943505690505496,34.846501527844545,0.25769130509553073,0.9368864000593177,1.1582970467996017,0.9161543079112517,17.48823179598751,0.2913352499020583,0.9536717636050129
3h,MACD200,TP2,ADX>=20,822,448,0.06989269068981147,0.0020786748974565335,0.04242082609484665,-0.3167833129362206,-6.353757812360216,20.057110185091876,23.340357578269387,0.31957174280002504,1.431493963391704,1.4850776788068512,1.349898392281265,13.732992901409357,-0.8667034593570766,4.545344326424239
3h,MACD200,TP2,ADX<20,598,354,0.06734603652461238,-0.07745969325173929,-1.5930041530049288,-0.08019073162846226,-1.0420049400955755,12.994081971010907,20.565588193433225,0.1420953062824585,1.3281731765582172,1.7768506727855604,1.4295735140452692,13.42711972655739,2.6734618893955453,3.692532590244224
3h,MACD200,TP2,ATRREG,611,323,0.09716722387168733,0.14814215356582675,2.345294430198397,0.13161972060877714,2.275383505380568,17.287557630849683,17.28755763084977,0.3820864607034715,1.6043214938731258,1.6803212960322358,1.385825161083583,15.291732727353969,5.931930394708718,5.858131970023406
3h,MACD200,TP2,NOWKND,1076,607,0.10667090057036689,0.2946668605960656,4.8060062527713665,-0.17561081858700872,-3.8488063146564278,21.91668113402413,21.916681134024063,0.2831424352583581,2.1397209394567973,1.3032100865893723,1.2422810290426367,16.917972636184153,3.103434485696832,12.926384144695335
3h,MACD200,TP2,VOL,578,323,0.12468187773511753,0.271513264806274,3.518901606033076,-0.2952623723465573,-6.263443567445936,21.213145168712412,21.213145168712423,0.31232509683314336,2.2950782172832,1.3512135873630478,1.313658931903305,15.113337011204852,-2.6122002526108523,8.029471458366121
3h,MACD200,TP2,BTC,1116,630,0.06733548388576063,-0.11315446046505309,-2.4542048705790798,0.025499043553708026,0.41187530115958104,16.15257844052299,23.54635870351508,0.3036678256792496,1.1718865102996718,2.037758644216192,1.385506554665726,13.836295821995027,8.63812523584022,5.532445329606817
3h,MACD200,TP1,none,1505,843,0.04617282213192583,-0.2141704019580424,-5.841528283212394,-0.5268793111869328,-15.720545244592666,29.837089653754,44.606692887460454,0.19961427915335714,1.0112060140187922,1.0234852197423396,1.015175120061648,14.009364899163279,-7.238992094010632,4.880873534187091
3h,MACD200,TP1,DAILY,1253,718,0.020211084773739278,-0.2764129738165836,-9.13099349740959,-0.541221539930082,-16.187030261363557,29.908326012772303,49.99479066591687,0.16175789060801793,0.983809062231184,0.9310935435371082,0.8525368581554047,15.034238559595892,-8.558221967681302,-0.3024353593097828
3h,MACD200,TP1,ADX>=20,901,475,0.051230376461631616,-0.15749074799871662,-2.3062255579057056,-0.47607418150881947,-11.009954025297242,23.12655139248142,27.84699123422074,0.2171489432159932,1.5676108863821923,1.4775069015850408,1.4121306971125016,11.76913411499264,-5.912507827059555,3.70927531887697
3h,MACD200,TP1,ADX<20,649,395,0.047272279454343764,-0.141081025446972,-2.9392656201504552,-0.5034291492595635,-7.324729555795118,14.549673110045823,28.165544654317507,0.07921673857662012,1.230720664254869,1.594621403280232,1.3372193237283316,12.924382478577689,-3.301188016627987,2.0051167325860098
3h,MACD200,TP1,ATRREG,640,342,0.03219508934731491,-0.19329992441562185,-3.029875482154565,-0.1883144449459575,-2.2191467536496257,11.784261978875154,16.855274295526556,0.2729313262929125,1.4392933681122482,1.6945353743728908,1.3426466488113142,13.577604878983395,1.926914868888474,1.0557249890662312
3h,MACD200,TP1,NOWKND,1206,676,0.054684267969015266,-0.14084966045908884,-2.8919725699630305,-0.5205913390691292,-14.430685384351527,27.71979535839969,37.94833816305269,0.18419731119529728,1.5292164107094945,0.9911044950974316,1.0231481361412802,15.308433973351876,-7.657161052131157,5.757212970370973
3h,MACD200,TP1,VOL,613,338,0.06907904669591883,-0.05290563773052553,-0.7031776621559849,-0.4506287555133159,-4.847870452882419,10.758013982840842,21.3070105174481,0.21170374345493398,1.975265376374785,2.0145300751659967,1.7530434557874368,10.615712270076383,-0.5052484307978444,4.178062596608778
3h,MACD200,TP1,BTC,1289,711,0.032347799849412384,-0.2401908502137911,-7.641572882601233,-0.46009077221318684,-8.883651538772652,19.308475794981472,40.7757787855945,0.21097346683748378,0.968358422462782,1.8558473552490948,1.1174139471327709,13.47477625109642,0.03744407621375512,1.567366187773378
3h,MACD200,TIME,none,1483,833,0.039799629265595875,-0.13146301828924287,-4.432116711739331,-0.29354220510004075,-7.413336868948539,25.254756352402662,35.45621409780904,0.3830437654505387,0.9240980155969363,1.0750280564665737,0.9085064983826607,18.206037143069143,1.6610492774128183,3.3578570333697266
3h,MACD200,TIME,DAILY,1253,704,0.019855163779142437,-0.19437519167039616,-7.1784771543656145,-0.2026784411669638,-5.178595603069402,25.550796489515847,36.93103575963658,0.3326035136898339,0.8269490270120896,1.1680190016041094,0.8866000556337194,18.00207538874886,2.3144510456444722,-0.9080350277574589
3h,MACD200,TIME,ADX>=20,869,451,0.05650960087157655,0.0016795270761461203,0.03832525575082624,-0.1443196563997878,-2.7820150858887227,19.276757964155,22.819075854834214,0.41555835114604844,1.4381384819596208,1.6144764569157264,1.3825431989769752,13.88866213066584,2.3158308253412363,4.545758491279961
3h,MACD200,TIME,ADX<20,644,395,0.015152830044818995,-0.17172032247480692,-4.515485328762514,-0.24085575660305775,-3.341253027950586,13.872423375195208,26.295579135224255,0.15263391813069496,1.2222553791138078,1.6208270031256153,1.2680629605034563,13.804450238722243,1.1729833179453975,-1.0327797231984959
3h,MACD200,TIME,ATRREG,618,332,0.0660236338079216,0.0765887312897225,1.1493930084205406,0.3042550591885928,4.318744094184135,14.194485724252681,15.007338404295755,0.4691518982280636,1.6187363719226509,1.6971755393589913,1.3337371513277412,15.801183698114063,8.25152779396079,4.154664985329126
3h,MACD200,TIME,NOWKND,1171,653,0.044822344722780454,-0.08918487221573496,-2.535965040526811,-0.12765091116680002,-2.376684561053466,18.61862590191682,32.35841712274249,0.3659001865971769,1.267115483860524,1.3077328493488278,1.056260746389244,17.388936219460447,4.956771965044671,3.5560244911183148
3h,MACD200,TIME,VOL,602,333,0.08320154428550561,0.13329493265501796,1.6038611890062837,-0.35537872151753913,-6.53498600705854,18.3887937329304,18.993528532165815,0.42025123786626795,1.904418920015599,1.284394447760264,1.2131705980979761,15.637251240244465,-2.594098912422005,5.172129986365559
3h,MACD200,TIME,BTC,1277,706,0.045867825872613247,-0.11519356905517214,-3.119428481991249,-0.03987329656966689,-0.5312727569836917,13.324023912982675,27.079883951657003,0.38683910508707087,0.9464267546540885,1.9147130613922294,1.1176092520615455,16.578784044717953,8.343973528784442,3.7978434694773133
3h,KELT,SIG,none,903,522,0.1529286933646361,0.7454098564632404,12.220480956948542,0.7922969598944573,18.64015506576766,23.526727993820316,23.526727993820316,0.7708220057256658,1.6854939126769797,1.7296419218948975,1.3828255749445395,19.979443001712273,25.48150622563572,16.926444768380744
3h,KELT,SIG,DAILY,643,371,0.17554727989280652,0.609745136228494,10.38676097103468,0.7164530762405134,14.380287698910688,20.071499691744254,20.071499691744286,0.7416695421135077,1.5565329711103504,1.7716858014487822,1.4409224466745518,18.18478802137208,19.350180439654373,13.655740589121912
3h,KELT,SIG,ADX>=20,802,471,0.1834110016003102,1.0244601170583159,14.771995067087062,0.6045815826041202,14.376203814862398,23.778765725776218,23.778765725776196,0.7697502086127265,1.7274421786963043,1.5931193391701723,1.3756115259549087,20.16743248750116,20.17570935618027,19.11432377466078
3h,KELT,SIG,ADX<20,267,161,-0.0092484229856302,-0.1252243826972078,-2.4186781977712846,1.7617442000091772,10.859788795199954,6.164225654974986,19.314754408649325,0.4177865154810752,1.6287280021313042,2.6899167547071743,1.8373604548025673,11.437194197394918,12.91366711651014,-1.3790718829227333
3h,KELT,SIG,ATRREG,649,386,0.27311714678777377,2.1317118882189936,21.857542931335637,1.0667968787947073,18.754796489582183,17.580475592290632,17.580475592290647,0.7949736633880534,2.4502866348473593,2.027386230563624,1.8209700050776634,17.06613795021552,24.22881221082791,25.91755469700803
3h,KELT,SIG,NOWKND,839,485,0.15363612870669308,0.733720184952075,11.435480057938175,1.1080396208119736,20.995262408186967,18.94811522425669,18.948115224256725,0.7552253932659484,1.73368022883491,2.038307769371216,1.5781650840673598,17.62049060758306,27.734439251720122,15.736268407278708
3h,KELT,SIG,VOL,818,465,0.17055615749546998,0.8635240111452515,13.24954460972001,0.935259246523347,20.985352690032034,22.43800611225304,22.438006112252996,0.7689741489859107,1.6911296022456337,1.849431569006937,1.4659647220175454,19.408863222685568,27.431154828172755,17.789938712530606
3h,KELT,SIG,BTC,760,463,0.1812967129323182,0.8356257931243741,13.431954303258408,0.7507998325472743,15.970588229608286,21.27143286037253,21.271432860372585,0.7720597861416492,1.7483118299563225,1.757220093946008,1.4656057997660799,18.806462626516872,21.936943754323003,17.498583952109325
3h,KELT,TRAIL,none,852,497,0.20612889788121755,0.7273503965610902,15.00952668117581,0.7509965789404439,21.672181067456144,28.85789586156664,28.857895861566575,0.7693266142560279,1.5515486752042316,1.579803137170446,1.2747575756184781,22.956084499455976,30.135577151487425,21.38446107460186
3h,KELT,TRAIL,DAILY,617,353,0.18012595879888527,0.3401632862074511,7.37659480996089,0.7514379309551512,18.622259877205295,24.782166443919827,24.782166443919763,0.7398260862106149,1.2760424826884513,1.663292296161498,1.244855941792096,20.78223999795048,23.942327232184635,11.329402910598718
3h,KELT,TRAIL,ADX>=20,757,446,0.2518651241248258,1.0396958547059432,18.843450911700987,0.7230698044047641,19.471396684459297,26.92879244278259,26.928792442782566,0.7699173421607072,1.7988174594051023,1.5964521816671797,1.3776722455149881,21.92476314057513,26.496976364865787,24.931247012400725
3h,KELT,TRAIL,ADX<20,268,161,0.03858378051010848,-0.06461313871766994,-1.243719113231545,1.3249032946795356,15.686285180146896,11.839569909093672,19.248702940527817,0.46255560901506554,1.5042111167893817,2.394556396339407,1.599429289772862,13.965956786348155,18.459872991881166,0.08927561505274184
3h,KELT,TRAIL,ATRREG,622,364,0.36986564274393513,2.5199787510896114,28.62382196070974,1.280571239796692,26.805510861285754,20.932463597684336,20.932463597684382,0.7950204243645621,3.0204219738351705,2.052612179025235,1.8384225212193834,18.996371777471687,33.68665105681292,34.4808013680525
3h,KELT,TRAIL,NOWKND,802,463,0.2202455453117487,0.8546599857850385,15.92551267869078,0.9408298118357091,23.459894439970075,24.935322143115425,24.935322143115414,0.757662480972264,1.679822667910644,1.7830897829920345,1.4318068354021773,20.913805386623473,31.30687173393858,21.857897748853826
3h,KELT,TRAIL,VOL,780,445,0.21244599767346983,0.7341991816253063,14.647395448286215,0.8829103696630501,24.646632155792215,27.915214276165134,27.915214276165166,0.7659428331992891,1.5920574507294523,1.6898080784265512,1.322070669400474,22.44347557089281,32.703772550534914,20.454985617648312
3h,KELT,TRAIL,BTC,722,442,0.23576362367209022,0.7840657567642185,15.416631699248985,0.7211759879649259,19.26591000435487,26.71457498012518,26.714574980125192,0.7694147118351184,1.635427844204062,1.6256844795979812,1.348114039415322,21.46882044984292,26.145730667595913,20.341103802243055
3h,KELT,TRAILW,none,754,440,0.4279116061770045,1.3681277890995898,37.41624458479193,0.5590131525443998,17.41491438576075,31.15296000907164,31.152960009071652,0.7393616294937966,1.9349013465885248,1.3790368068669723,1.4734716228251965,24.704176402131328,24.230702393869173,45.25208440532737
3h,KELT,TRAILW,DAILY,541,307,0.4914126305507325,1.1946385650665472,30.37225088849378,0.9283318276420656,22.67877101013498,24.429595468829678,25.42379911099044,0.696011187731554,1.8266567816356714,1.771406929171367,1.678934058276801,20.8889077683587,27.60531250604137,35.5882050947939
3h,KELT,TRAILW,ADX>=20,665,392,0.5288457057633108,1.8692375745440348,45.03584171878154,0.6353819011412747,19.01331383049476,29.924229500939504,29.924229500939468,0.7315039829799506,2.314358920296136,1.4581652624510937,1.6332447515840718,23.942108107058026,24.892650527681482,52.88065648612643
3h,KELT,TRAILW,ADX<20,258,159,0.0724163589352166,-0.027350915541464977,-0.5730964577531417,0.6050947693353274,8.497225348681114,14.042800862441728,20.953465228039867,0.473451790915427,1.4381142950046986,1.9936147375445665,1.4464953822001914,14.669871561428305,10.749553242307929,0.7019473666564524
3h,KELT,TRAILW,ATRREG,548,323,0.7120344707604013,3.0039495503691236,56.81273032718464,1.2748330238537842,29.606133975263973,23.22353862921237,23.223538629212392,0.7448345516435264,4.082024379529761,2.018348044373036,2.219907771966532,20.148206547258805,36.319653997734,64.5581082207767
3h,KELT,TRAILW,NOWKND,714,413,0.44443097917833385,1.4034441411678142,37.317512986217615,0.7877207946950089,21.72255621263959,27.57646663504696,27.57646663504697,0.7258616548589862,2.1037128112771715,1.6152491093190273,1.6480563770673071,22.594335613806194,28.33519713903019,44.56144140604168
3h,KELT,TRAILW,VOL,700,400,0.45290173238300085,1.4735781352657444,37.683191277235515,0.683341000995627,19.85251458616264,29.052134376888773,29.052134376888795,0.7312962522324248,2.021624488804604,1.5080884494490538,1.5727484001391403,23.49975431958178,26.4442346977382,45.023543348465786
3h,KELT,TRAILW,BTC,634,393,0.5200394686657293,1.584585167551694,40.87077554783028,0.6249641685148974,16.670098041152404,26.673686078300396,28.215011119314013,0.7318616774856698,2.1614851649627584,1.5054756742770348,1.6712355504839564,22.335771084396683,22.998159453830837,47.335696489370214
3h,KELT,TP2,none,1477,900,0.13677556160866444,0.7897566945139233,13.411631661282808,1.7074004593254068,36.846202207514,21.580293015776697,21.580293015776697,0.6704224862022914,1.8594325388763977,2.2797392958961122,1.605814642551974,19.641209888130938,57.03269425431281,25.28350454635351
3h,KELT,TP2,DAILY,1074,657,0.13294586439705416,0.4499589265418175,8.654748741050344,1.3879997589767654,25.881002012155328,18.646258289868022,19.234530599419063,0.6448140713399008,1.6936463009721006,2.200745898888916,1.575290670995212,17.671647486707908,38.312621374196844,17.074739793887407
3h,KELT,TP2,ADX>=20,1338,812,0.14860865002574125,0.9100883754270982,14.754827473770927,1.3424653779069073,28.359990336326323,21.12530483321927,21.12530483321924,0.6751057986395442,1.6597624194111362,2.068831589717814,1.5725303835690707,19.418322020606638,45.41276922259225,25.974066605702294
3h,KELT,TP2,ADX<20,272,166,0.04505990136264871,-0.08029631612154285,-1.1731514271188903,2.2003896462349024,12.22280716264188,5.554837609582641,14.610277080994793,0.2105008882735047,2.014510208669067,2.8896364286931595,1.9935276568848457,10.991498120137887,15.182512208299936,0.42525007338123366
3h,KELT,TP2,ATRREG,1121,681,0.23809470840281044,2.0574985577675187,30.11479419336025,2.22411524329975,39.680483482915044,17.841019525608814,17.841019525608857,0.7093850833497097,3.339612005431037,2.5946821171526255,2.132425468723904,17.779880155826987,55.56113282440715,41.27171955036473
3h,KELT,TP2,NOWKND,1284,789,0.15017435090975018,1.0320296963826059,14.023706872332742,2.209905085615857,37.60225253426168,17.01532467571234,17.015324675712396,0.6346833239214222,2.1105393561136236,2.630502255530324,1.8578808392174966,17.196674296874537,56.130291800969175,23.51260834700448
3h,KELT,TP2,VOL,1290,774,0.165704872996007,1.4635134995438255,17.80863492925493,2.3016791669564243,48.773256977515175,21.190293450850252,21.19029345085024,0.6513007904335734,2.4377360106474613,2.74106451268997,1.8901457104352433,18.59849873637903,68.79819389078443,27.823120335198514
3h,KELT,TP2,BTC,1260,795,0.1527129949076301,0.9642332304669159,14.39619124189,1.4363255780524262,29.70908373619301,20.68408736163899,20.68408736163898,0.6759682011425833,1.8874437817917917,2.160485711524998,1.6168857176771454,18.953791667586195,46.80171402458593,24.388501594629286
3h,KELT,TP1,none,2179,1299,0.08580218904506126,0.2269956447785153,5.959882830388574,0.671111235657656,12.993784816567988,19.361596299061688,26.255494180092153,0.6217505708341774,1.4246164915329766,1.775123675252284,1.3750992418633976,17.783339612860715,35.851879787052574,23.628944835203324
3h,KELT,TP1,DAILY,1573,933,0.07131989088939338,0.04180293075692852,0.9755385402794969,0.5296522104545215,9.586253450919124,18.09914744373987,23.336606372217304,0.6034110853821956,1.3340280479971147,1.7386251143550604,1.2846291514688,17.0359896435087,25.383409317226867,12.60797389845174
3h,KELT,TP1,ADX>=20,1967,1167,0.08905851429004005,0.2993707577122126,6.619045848406246,0.40646689726924823,7.71414020011576,18.978520149959046,22.10986102647068,0.6262490191814553,1.3527109275248101,1.61762702629976,1.3444037500860997,17.588715087594586,25.303644654019752,22.566347322615044
3h,KELT,TP1,ADX<20,300,187,0.014901769331721841,-0.1480428548461165,-2.395422121135271,1.0930356717308116,6.088077460122876,5.56987993857736,16.180599351621517,0.16100969575459478,1.8004702039461158,2.7908943952616583,2.0073827026482034,10.085020400484002,9.512791968664636,-0.6717263466566537
3h,KELT,TP1,ATRREG,1641,965,0.11965790706766571,1.1400875020507082,14.156247428959645,1.484703855240126,21.361306760591823,14.3875875887296,14.38758758872959,0.6581303763446289,1.823947803758596,2.3908189541253115,1.913443011030714,15.177936996099884,37.84573087197094,27.39695452494486
3h,KELT,TP1,NOWKND,1852,1102,0.1014347794353506,0.5755404183458975,9.303640737602947,0.9857530402377024,15.094805208758633,15.312968454166477,16.16505190780797,0.5797835273895215,1.7902517343596422,2.064778933706879,1.6445202025269592,15.919653093347442,33.63659734752873,25.411063025936564
3h,KELT,TP1,VOL,1783,1052,0.10223961399170786,0.6168554548846225,9.346300517161144,1.0417736466201706,20.07528553754636,19.27029504218759,19.27029504218766,0.5710819800760413,1.8968305143516784,2.0273197911003247,1.5400323046897242,17.62556695574706,39.962045355571554,25.02161523390334
3h,KELT,TP1,BTC,1855,1148,0.08226031577668245,0.15866346043146162,3.815851718882657,0.4745148367925428,9.029512046865818,19.028935128562708,24.04997160975827,0.6274145055011457,1.4296707636191384,1.6701154355429242,1.3045524534932955,17.511233634520707,28.345689607190682,18.116859008060437
3h,KELT,TIME,none,1220,710,0.10644326146352955,0.5385400316405601,8.36066687491812,0.8411823591512364,21.857350701228295,25.98408117269915,25.984081172699124,0.6878022633647662,1.754499804459957,1.7161740147372941,1.2649664548097694,21.286884760536818,32.80957714194939,15.627582998365064
3h,KELT,TIME,DAILY,873,510,0.11007557091031768,0.41589648994623374,6.059826883923547,0.4793724352684549,11.746353428694034,24.5036063079345,24.5036063079345,0.6730859564071289,1.6563895401953659,1.525211716068692,1.1969580806428095,20.196856549370512,18.72704909028822,10.889150547268557
3h,KELT,TIME,ADX>=20,1093,635,0.1284303834535418,0.8856601750631471,11.409096342685054,0.7361892040648292,17.71930028938966,24.068948840262117,24.068948840262074,0.6904383567795132,1.746737247160998,1.6794334302526082,1.3412311263519145,20.349934781044322,27.354839265358244,18.14849495725248
3h,KELT,TIME,ADX<20,270,162,0.010015906168255446,-0.1142157466190966,-1.8901028252848673,2.436551051043069,14.567465743167762,5.9787237935899356,16.54853101462672,0.26542436135555314,1.9452403229306723,2.8197939887441477,1.8759067993224654,11.744692369118203,17.294943402039475,-0.5678673902459686
3h,KELT,TIME,ATRREG,898,521,0.17330279790898148,1.3155878918494062,16.26760367777511,1.2664428833702577,23.239948554192313,18.350569819892836,18.350569819892858,0.719225882002776,2.4301884631694395,2.127698484426162,1.7179904327736915,17.50486403674989,31.3074333359485,22.344792939560598
3h,KELT,TIME,NOWKND,1060,626,0.1031985978985174,0.36288367952099737,6.523778492268817,1.0045119973202539,19.867040563527326,19.77780316862996,19.777803168629905,0.6526293134688205,1.7871297975599887,1.9435514957751059,1.4204885957621491,18.24468279336794,29.534563493640142,12.75519023913343
3h,KELT,TIME,VOL,1035,593,0.08704629199122244,0.2091008673126064,3.8365656923708524,0.925609387832514,22.383119504346816,24.182035963097825,24.18203596309776,0.6441223892819802,1.4750713161536044,1.8214960184698932,1.2511499190887145,20.259044349664023,31.877231259840364,9.765574828012213
3h,KELT,TIME,BTC,1034,633,0.11434851254587543,0.512395712668879,7.955786053028557,0.654598125970396,16.002519670935712,24.44632674010958,24.446326740109615,0.6932996388349073,1.773469100097518,1.6224475496193478,1.2539896832082638,20.472195130370764,24.895404878589765,13.92460518831362
3h,SQZ,SIG,none,966,568,0.09006265668427474,0.17322949769460358,4.861231032538926,0.3978438943984634,8.873266528551248,22.303387468010673,28.062374464128936,0.5395376943961154,1.342434480182917,1.6684635844488374,1.322909319683128,17.64013146282434,15.771522982264186,10.317105344484245
3h,SQZ,SIG,DAILY,502,296,0.12137493413465365,0.20119326008504262,4.534146297379427,0.18705037472011007,3.523609459733068,18.837756754059253,22.536273309865763,0.4798238814288723,1.4447098018122686,1.7300254201471417,1.458739632859337,15.21149656826869,6.925093384177217,7.42524792282464
3h,SQZ,SIG,ADX>=20,495,294,0.14224249847756473,0.5282738726945576,6.376634252716218,0.5524181315956482,6.860000972487423,12.41813144813414,12.418131448134195,0.5124612945117109,1.7927750708228656,2.0972652276021435,1.7464462209524376,13.479107879260487,10.280314972765092,9.230828415833582
3h,SQZ,SIG,ADX<20,535,309,0.027025966926384256,-0.0946334836803004,-2.1375236722303126,0.5249652726021387,7.525772426037536,14.335752894156062,22.587392845554465,0.39018566832744417,1.3486390043935181,1.9189913525353361,1.3681956717046533,14.977329100373737,11.603065872665619,0.603430361476609
3h,SQZ,SIG,ATRREG,255,174,0.3825253396221599,1.4062578869782694,13.215813817880463,0.2529603181868672,2.377270064870407,9.397798365806398,9.397859340208402,0.5192783737529704,2.764841818105467,2.1505962313187954,2.1034180097244968,11.955788900672747,4.093843200266467,14.880984342440605
3h,SQZ,SIG,NOWKND,838,494,0.06620868568310412,0.046202439025282455,1.3630020263293074,0.5936620531861883,10.992576956570211,18.51655651152533,29.5006509414678,0.4908691652991578,1.3288138043258035,1.876297906099779,1.3733210832299056,16.35383462316633,17.191396244963776,5.750953003252235
3h,SQZ,SIG,VOL,744,436,0.1076574969442952,0.24965853771020674,5.677686063603105,0.4583588049865503,10.604816296491414,23.136495211000895,23.136495211000817,0.5316381091089902,1.6619621698400564,1.7753954191132015,1.3993981821697556,17.14595000178585,16.15975948004673,9.989322792734988
3h,SQZ,SIG,BTC,613,384,0.1737211122269866,0.6399099902749926,10.546795992029324,-0.11787130878733151,-2.668200112769581,22.636552866174263,22.636552866174277,0.5226022728840347,1.688175497649005,1.349724537626271,1.3860602271201445,16.616370937215784,1.3089402603666755,14.49981543778791
3h,SQZ,TRAIL,none,833,495,0.15780258515265133,0.2781056833939104,9.013150510313483,0.7586241202964471,17.25422751573722,22.744106144416808,32.40908420252314,0.5628699711161099,1.2490329297180274,1.9061221637851309,1.4702440373444745,18.090868795899006,25.59519787394182,15.577941136547956
3h,SQZ,TRAIL,DAILY,453,269,0.05584298377919073,-0.052340473274438803,-1.5138879137256311,0.18946226847841882,3.8229371373223797,20.177828377252016,28.923848391431328,0.4836786865804173,1.212418698122774,1.5970764656474998,1.2042446124659423,16.532619449684017,7.88791342636761,1.8167853977157478
3h,SQZ,TRAIL,ADX>=20,444,267,0.24125161303580153,0.5552039226180081,9.68681538478342,0.6398416823295119,8.392180213160149,13.11602611228173,17.447310781066207,0.5129582773593565,2.0042237784029475,2.276749880271976,1.9624734472990328,12.779156971968908,12.06799607082123,13.651637461152678
3h,SQZ,TRAIL,ADX<20,497,287,0.046126988826812945,-0.05673666803912399,-1.6885938422144697,1.7127899651195289,27.423767563275558,16.011167814940908,29.761949380778997,0.47437580551789565,1.2812947651277984,2.550109446567173,1.5477175689078089,15.677376174809698,33.87964287684247,1.2594956137379265
3h,SQZ,TRAIL,ATRREG,245,163,0.4216647673224448,1.4737424310763387,13.378924369742196,1.3465322188436368,11.470187204833348,8.51831619349117,9.078197171788682,0.54545823195614,2.3050129507070523,2.594658500756122,2.26483694165763,11.931847553553599,14.030907011275918,15.387346532123946
3h,SQZ,TRAIL,NOWKND,740,438,0.11786697768565667,0.09980283277553995,3.842524920797752,0.7600824607764146,14.960772068160999,19.68309077001824,38.50116087826609,0.538045981058135,1.173478450436858,1.9883417376763217,1.4432634580510197,16.76237878959288,22.285961178807167,9.105040393951324
3h,SQZ,TRAIL,VOL,669,388,0.1953673602563194,0.41183974569857223,10.863507530762796,0.9940091896820077,22.220574381518745,22.354495926367946,26.37799688890119,0.5618683278172069,1.6242877185745253,2.2247706591092764,1.6896413911407302,16.673902176988243,29.26327096418666,16.524703335053957
3h,SQZ,TRAIL,BTC,547,343,0.19351175273096327,0.5013539476903183,9.13411300325615,0.15736579060599873,3.4803914496231103,22.11656953026765,22.116569530267604,0.5539241597839659,1.6565770658726982,1.544583550877603,1.4083726159418908,16.917877435846606,8.274013938583714,13.90396344184257
3h,SQZ,TRAILW,none,690,424,0.3879378634903166,1.0258027911844037,31.271085827470735,0.301171887837851,7.262289173833247,24.113436436481805,30.484500623521193,0.584027770075095,2.1002510700147727,1.6068149245441115,1.613450540341988,20.16274784159403,13.47950011270791,38.96520492452555
3h,SQZ,TRAILW,DAILY,413,252,0.3494864253175684,0.459142712411086,15.389965027694231,-0.17751313054989679,-4.671304095215955,26.315259500777653,33.51891386204792,0.478221817004146,1.6484519434916232,1.235331487987871,1.4244700464093494,17.166637889631108,-1.7118651387046269,19.33700532340461
3h,SQZ,TRAILW,ADX>=20,388,242,0.70095164423887,1.9838722761814358,36.258851339411244,-0.23463851959608067,-4.50367346814785,19.194092580794987,23.053231745836854,0.48800608052594985,2.8753981626087484,1.5238356257210777,2.040019119863392,15.389046884499047,-1.9782568174982806,42.147369979696904
3h,SQZ,TRAILW,ADX<20,446,265,0.053575684730637174,-0.04609436365586262,-1.6583774317636357,1.3262698571019158,23.418474516161126,17.6573978446089,41.54264617324903,0.4758740031079807,1.075180986762917,2.5214197728375902,1.5383882454870785,15.362951665021507,29.094432703266904,0.8245608270672555
3h,SQZ,TRAILW,ATRREG,222,151,1.081206698879335,2.229757691622933,36.09275401590089,0.17490001409928535,3.261236845232962,18.646292637699034,18.646292637699137,0.46971051794104407,3.5584924811630088,1.9640858309503186,2.489783493758473,13.296475638833005,5.127959577857877,39.21314994739096
3h,SQZ,TRAILW,NOWKND,629,383,0.24064234472498433,0.3446012483351598,13.431672189290357,0.15789908108018255,3.770176384404511,23.87712682437957,38.97743334994157,0.5569606702180273,1.545508100752962,1.495684943653378,1.4442005484415372,17.716596577204857,9.052531934032547,18.74401036380149
3h,SQZ,TRAILW,VOL,573,351,0.524362483409316,1.6498449385683367,39.807986592059486,0.23425888527449495,6.603106336292264,28.187218292936954,28.187218292936965,0.5621215217905763,2.6655162059512905,1.5377408013270677,1.9137163556245893,18.338262765151427,11.469184845473656,47.46991182846858
3h,SQZ,TRAILW,BTC,487,319,0.48691140959921847,1.1395651517939036,29.67429958926704,-0.21984017187902805,-6.813311591803972,30.992113650425768,33.643623838534786,0.5410318507196424,2.0624187807499563,1.1205820978099852,1.3460225411676612,21.369595908769,-3.424426875169795,35.19946279926973
3h,SQZ,TP2,none,954,569,0.06910496255002807,-0.03643412502341743,-1.3805426733851989,0.23489799124529234,4.88419541434153,20.79283602404759,37.89147324103098,0.18489745884587536,1.1311327076706055,1.8902133531048741,1.3760491010603126,14.944119080944429,15.358804241769963,6.571980445377834
3h,SQZ,TP2,DAILY,511,300,0.06646746684611989,-0.029623008803266456,-0.9067344558923995,-0.18802574563170849,-3.648702190596176,19.405332915115757,32.4617142674286,0.1744458618686768,1.5371464926286835,1.4268894658784876,1.2122045156163839,15.556114891829653,1.7676653883389015,3.0874931214317725
3h,SQZ,TP2,ADX>=20,501,302,0.09324385451549,0.049684339726221306,0.9386485076900319,0.40213519158514227,5.007943099011425,12.453381857158641,18.892240751559243,0.17283050375706496,1.8661745752538248,2.4500264639791363,1.901008086113037,11.252248953439093,10.446489001827942,4.253137541775698
3h,SQZ,TP2,ADX<20,531,304,0.08285652535398212,0.014041407100956587,0.35417595686602077,0.22652721997056466,2.8789335105150027,12.708995902960785,25.22367981495901,0.11744251259198944,1.833325214700608,2.1177527742064237,1.6719700455565443,12.42346986400692,8.24404402696488,5.598203850837535
3h,SQZ,TP2,ATRREG,257,173,0.09344690292707855,0.05089101057767364,0.870463271377897,0.3293190167345975,3.35475336487272,10.186940912605602,17.104460326039927,0.24200928509521827,1.6899127183699512,2.050959552558152,1.6227081843211097,12.904614488778133,6.573164112690577,2.5140642455153683
3h,SQZ,TP2,NOWKND,821,493,0.07255095753553657,-0.00951195215398431,-0.3835489527797664,0.07846006471560643,1.4256522208193623,18.170418619802476,40.32284294229841,0.15358795784617582,1.1911490679975056,1.914393272486437,1.3781788326509505,14.695372846700339,10.194942250362814,6.266816407158005
3h,SQZ,TP2,VOL,740,438,0.10410444570875114,0.08782334351943254,2.4917689323368464,0.7928018419353693,12.036987088302165,15.182844503637572,28.372512733878054,0.1828427761885528,1.7631820121457054,2.4038544120840215,1.7707627602690894,13.241404276144053,20.594900777965396,8.597996708534916
3h,SQZ,TP2,BTC,614,383,0.13338225447881955,0.2234751960046155,4.709717433305949,0.24090453954169125,4.307542738122505,17.880703893406857,21.074900111995774,0.20390826860099553,1.8725016186477683,1.8836398371285512,1.5750554983065106,14.421844301932907,11.011869742141922,10.399183876878704
3h,SQZ,TP1,none,1162,670,0.05076363516861031,-0.12329555453092544,-4.246035149587801,0.008323092402553373,0.13784686751459052,16.56197730933536,35.04392847372917,0.11220509008256814,1.0345279241695495,2.008364737134678,1.2571787285993101,14.659160688368445,9.801550999125475,4.797760327244194
3h,SQZ,TP1,DAILY,618,332,0.03240786387540239,-0.1344638816541283,-4.130260451178247,-0.13433971803896505,-1.415964534661318,10.540177955789808,32.84791085462212,0.1046878733639257,1.3005323438891285,1.8217721128349689,1.394729932621386,12.960813797189308,3.19752692180999,0.6018002930577415
3h,SQZ,TP1,ADX>=20,592,347,0.09061338641683817,0.07848101948391083,1.417301779663549,0.18894572442489452,1.6740481175703037,8.859941777807911,18.059166266999192,0.104038452981009,2.1918870529704786,2.1509694507840935,1.7601278496993316,11.872686862158544,6.695862183153922,6.28513805036226
3h,SQZ,TP1,ADX<20,608,344,0.00945226955463687,-0.20161708779350007,-5.85964679831511,-0.05410394708884163,-0.6464850738595596,11.948944737765544,32.508037943925274,0.06796831711230195,1.2576743432187312,2.5325868835211147,1.5616079186956888,11.245427775920614,4.215704958244082,-1.5602976516321698
3h,SQZ,TP1,ATRREG,273,180,0.14335447145191518,0.2585363970409866,3.0415729750775222,0.08716704368916289,0.5835352834216989,6.694448483334847,11.764583284555219,0.15961551646800104,2.1016804880151394,2.1668565386584526,1.8542458793115069,11.45244518695494,2.8734519032138417,5.379253973055076
3h,SQZ,TP1,NOWKND,996,576,0.07152501410795592,-0.011036910921697847,-0.32549528682755957,-0.1126987435735146,-1.959228148001868,17.38464942800221,29.491520692411953,0.09486657978121635,1.3566980065135583,1.8193546819806883,1.5141441767924657,12.896993337240026,5.980977184727387,7.846761782939216
3h,SQZ,TP1,VOL,858,499,0.0702207250993825,-0.03885117301595984,-0.924717683909082,0.4075771423077346,4.58199230632248,11.242024713110432,23.8015383352573,0.11770398590689514,1.7759293508878065,2.304677446328144,1.7358258007423533,11.875149192979716,12.083059302387845,5.910488861084229
3h,SQZ,TP1,BTC,744,447,0.07413853949740001,-0.027713825289619905,-0.5789473220995656,0.16457553602936337,1.8206997269475833,11.063003474725042,21.061780543971732,0.136601684584803,1.802386501597457,2.0605806336411794,1.6197090995604202,12.446576781808915,8.51795736197467,5.487811344718718
3h,SQZ,TIME,none,983,572,0.0454336919476454,-0.07394510453020346,-2.47487842930626,-0.048500922615324196,-0.9906663344103284,20.42572142941711,33.46913152709624,0.2611349669378204,1.1199823514503493,1.4234325971373911,1.1207178260562858,16.774546149240386,6.438975159753668,3.568915134333217
3h,SQZ,TIME,DAILY,515,294,0.027492922709065504,-0.09967440370585173,-2.800742533595435,-0.1574783948363966,-3.242631985882105,20.590964171630375,28.09891435980577,0.24019157861099605,1.3312437992389308,1.4341116662594975,1.1608543602078145,15.625493735462737,0.43238724197345313,0.3006443982306317
3h,SQZ,TIME,ADX>=20,504,297,0.08706153523327012,0.10585806615091443,1.7996424002464817,-0.014690787040730874,-0.14102074875583792,9.599264380107853,17.000522167870113,0.2753672716207971,1.9858426785120449,1.904414618910894,1.6133591774867206,12.741478454302213,3.5156735269030737,5.247217753147693
3h,SQZ,TIME,ADX<20,532,308,0.014443175555537856,-0.13068852143003015,-3.6041860977132245,-0.09161314203118832,-1.6034314781952497,17.502199385863058,27.578444214344287,0.1414035634986566,1.3239777161371518,1.6025523414802876,1.2425994195821373,14.677874160074245,2.4292982585693457,-0.6120355620357842
3h,SQZ,TIME,ATRREG,257,173,0.20131599134426242,0.4458425632188074,5.650416768138333,0.7334233201974506,5.12747638470703,6.9911553716707875,12.673569628131853,0.3384135540157934,2.1810519451247607,2.2410474854579987,1.8817646798368701,12.263893605864107,7.28829496193093,7.244157956763919
3h,SQZ,TIME,NOWKND,853,501,0.03446590350441518,-0.08676718746878417,-3.2705394416766564,-0.09802493559564712,-1.4656978150462407,14.952295618864209,37.69327480913546,0.24564964276589557,1.2039675376432026,1.5816660190998122,1.2353087057897678,14.878820310616215,4.855411190899117,1.8288685434441732
3h,SQZ,TIME,VOL,757,438,0.049665436035998815,-0.052544498783514776,-1.5238509099889774,0.14380249276085164,2.8196841769019487,19.60803406649687,29.001150363376727,0.26537597918492944,1.4758364796848407,1.6054298962372735,1.2225939829541839,16.29867228506614,8.783099666580396,3.2830867430017507
3h,SQZ,TIME,BTC,630,382,0.06790744582737217,0.0042281150338317015,0.07771805697949219,-0.24497749791376702,-5.65434330292277,23.081072143667335,23.08107214366736,0.2938175720009035,1.4940236811698833,1.2583961817872624,1.1298331773352452,16.56065711175617,-1.130425967905646,4.2774903085254
3h,RSI2T,SIG,none,1990,1125,0.020766790550606352,-0.20425884715159276,-5.341970240770467,-0.49070943525957234,-12.453310444265753,25.378176063963963,37.60652828156896,0.02008772328858908,1.5649992152942889,1.190767738951241,1.0921860400682422,13.943019725060978,-4.2891683991094665,2.8205976432135405
3h,RSI2T,SIG,DAILY,1864,1052,0.02044902541787077,-0.20627324372509218,-5.133451997795446,-0.4634069825098377,-10.57573633457305,22.821702593461758,34.31462612498284,0.013854760000128365,1.6733362313208862,1.3448523992267147,1.1865690299716902,13.264939446883284,-2.8825474388653016,2.499583770399294
3h,RSI2T,SIG,ADX>=20,1361,734,0.040720638025873356,0.06493009629751638,0.7322273479247965,-0.33891508403623255,-4.951804832604212,14.610753742889848,14.610753742889793,0.0388980955539885,2.2974673862878796,1.8321377337032967,1.643878480366753,11.698020487797079,0.4916476748749732,6.461226719596724
3h,RSI2T,SIG,ADX<20,705,442,-0.020850643319602853,-0.28927727111518053,-6.442956021904855,-0.5637941226700921,-7.969840565740838,14.13608309358777,31.089107233819156,-0.0244618900820984,1.3229749187354995,1.6672075307155811,1.3489154411117867,11.67486138942192,-4.396738471869199,-3.5460516526891306
3h,RSI2T,SIG,ATRREG,861,502,0.028252654977865298,-0.08156816666261339,-0.6235917015204762,-0.21420609334033872,-2.625836473038168,12.258458347709745,12.258458347709688,0.007418151881637469,2.049181352500981,2.113958253082396,1.7733846345821762,10.83040033620234,0.8838598971552925,2.4057678994056086
3h,RSI2T,SIG,NOWKND,1490,857,0.002945277660512988,-0.2670470187847805,-7.486716891220812,-0.5223264890582182,-10.51457877824088,20.130280578339445,38.258038326236985,0.015630465618614635,1.558934108672494,1.3798217712525083,1.1427337989722226,12.954991594979559,-4.502966771610783,-1.8708163053789084
3h,RSI2T,SIG,VOL,822,460,-0.026411154486979404,-0.30260648185023087,-8.025705969979757,-0.3426068081077231,-3.8986237556494885,11.379294466395063,29.69308228565969,-0.0481832671262213,1.5201297001203062,2.1429002755028512,1.5509521061485019,10.335687992570818,-0.3335534471142432,-4.928965258127316
3h,RSI2T,SIG,BTC,1626,933,0.03777835875090793,-0.02814704054837878,-0.40079456017633186,-0.5468573086527212,-11.136081575042589,20.363779360430012,25.160144506376813,0.06670764320922742,1.8053818937638275,1.3326700230514712,1.3327968343553678,13.059736646183717,-4.2911811978585295,6.6446127817391565
3h,RSI2T,TRAIL,none,1251,759,0.09697152342128126,0.16984083903802222,5.289535617575547,0.16233179986750243,3.6211289888657294,22.306960138564026,31.1440737547898,0.44947441062613336,1.0928362792297477,1.3548384427308329,1.1621674329289604,19.587212481423222,12.534583035293023,12.392478962558906
3h,RSI2T,TRAIL,DAILY,1176,715,0.09036277182025017,0.11842578750205168,3.6116755485807728,0.03952129716743587,0.867162645732722,21.941654446687366,31.378858949340515,0.42618783733866816,1.081010790696821,1.2831004342893122,1.1115246466744992,19.397030130176617,8.902750819070281,10.244092961333017
3h,RSI2T,TRAIL,ADX>=20,972,547,0.1401150694843456,0.5329817682741499,11.458985163086943,0.0006236044217535903,0.011135700363618106,17.85699391339185,21.499769495291222,0.4428097780729556,1.7843843969356106,1.399044772327994,1.3920106999776196,17.349171982185897,5.595123353238418,17.56072217910347
3h,RSI2T,TRAIL,ADX<20,526,349,0.035249928901143604,-0.10446112900989117,-2.8159376392892232,0.7959024814653892,10.249796672491197,12.87820670394143,30.950314159164204,0.3338524209053085,1.1951874777427303,2.0420518231207723,1.4006507738650942,14.879657248444511,15.34982344778566,-0.1736195696730114
3h,RSI2T,TRAIL,ATRREG,671,409,0.1035324070029739,0.20858329900552786,4.394705146198774,0.3045582372181103,4.5473537555765775,14.930982649206682,21.069305007407646,0.4595020129655854,1.3004628692963505,1.7678292968400333,1.4563350353658482,15.382402362916725,8.678544599789983,7.812524680777266
3h,RSI2T,TRAIL,NOWKND,1072,646,0.10923279133917231,0.25562541272992745,7.2587443528504325,0.3710393496096837,7.898422333460675,21.287290261179713,28.396020080051343,0.43535667796419036,1.358516651559867,1.5345140479344186,1.2854931997369916,18.92888917245823,16.614118882925656,13.40087635299545
3h,RSI2T,TRAIL,VOL,718,419,0.1031173085653993,0.11247602627196934,3.1266739972453994,-0.6120847036069468,-13.31993891981076,21.761594173678656,33.48787054988781,0.2672777036606348,1.41486727245814,0.9892695490567556,1.1333477481889578,16.070129626806807,-9.998346728481245,7.149328581863967
3h,RSI2T,TRAIL,BTC,1034,624,0.11310447854187852,0.2043792464860748,6.146927746658437,0.1278527103821382,2.3815039796953874,18.626933856758487,32.48523464453168,0.44962975307649755,1.1700453071842896,1.5104702953854496,1.255579372349048,18.161171659009,9.775427998069674,12.25935365612656
3h,RSI2T,TRAILW,none,868,537,0.20212090716727385,0.5667902815371935,15.952252740799322,0.46208032567173657,10.96177108641221,23.72265270216133,28.144894611698657,0.48677793209995085,1.4767040962855855,1.5275936348697094,1.3912844120970167,20.277585888898198,18.378376515611983,22.462994522399992
3h,RSI2T,TRAILW,DAILY,820,502,0.1890280371785542,0.43211241101784925,13.080311050281024,0.4295739567366916,9.777708541676322,22.761409038745782,30.27062106239924,0.46521777837303013,1.3724437196562635,1.531703259376065,1.3621504631644603,19.775019114422232,16.52896421778629,19.22199181973363
3h,RSI2T,TRAILW,ADX>=20,724,427,0.20159060810862778,0.48204739649630063,13.961591136244467,0.3348781706214589,6.650467094089829,19.859362829616668,28.963108685416607,0.4695613174774395,1.79635360418292,1.5485050987809321,1.4477154496969036,18.31134610242,11.743554485703545,19.45054573290943
3h,RSI2T,TRAILW,ADX<20,428,278,0.05083641732190578,-0.059299669103480585,-2.00986689825583,0.7378010428588823,11.874902548280142,16.09499290251265,37.76577808550927,0.35990926647496446,1.0493656158134967,1.8849939678212362,1.2897335065432587,16.662831314278236,16.278238930873435,0.04931846655744643
3h,RSI2T,TRAILW,ATRREG,545,332,0.11650665979026778,0.10805110300298132,3.5908199618233994,0.22806561090142707,3.9357423499305266,17.257061835734653,33.23260810881609,0.4511304690048218,1.2127297672037007,1.6196623141813231,1.3394386839882035,16.44731065305347,8.06068439625136,6.162724388398977
3h,RSI2T,TRAILW,NOWKND,795,476,0.1509351637690456,0.2822277727106252,9.024976406499308,0.4806960413685475,11.127736168670355,23.149215327402228,31.97763395083314,0.4678447264495657,1.2293129292901317,1.5405325017270217,1.275866973985974,20.106527889418057,17.61902072761763,14.279363196822459
3h,RSI2T,TRAILW,VOL,581,346,0.10825461216908845,0.06650008010378644,1.9698124865438205,-0.39422947376215595,-9.54262754713955,24.20576892963804,34.41347519775723,0.3320417765321099,1.3100423888470911,1.0613944542930207,1.0790697433538252,17.27942114906633,-6.375004131086137,5.06210395371125
3h,RSI2T,TRAILW,BTC,729,446,0.2046844120042633,0.38260780516058573,12.717000367142894,0.525481398170707,12.193924052238248,23.205243981399605,33.23769195405043,0.4836242398737477,1.3891687475840417,1.7582393627498323,1.5151335135834532,17.99731454731979,18.776000870770915,18.21225584155104
3h,RSI2T,TP2,none,1421,827,0.04649048919847825,-0.13646267937853357,-4.932635738944658,-0.5345538766726916,-21.717486360063088,40.62731056267458,57.095970979977274,0.13722690516633385,0.7554732445258808,0.6640601102746412,0.6749947432776108,19.965968169909665,-12.120100747191465,4.945806035958178
3h,RSI2T,TP2,DAILY,1338,779,0.0413899437147131,-0.1692461619691134,-5.956814655263576,-0.48575417379684144,-17.849138786326368,36.74520930373204,53.3535847334608,0.12348202191373044,0.7888666410458633,0.8961671347958774,0.7654650682532732,18.337709949234338,-9.34882781206312,3.2938863644159877
3h,RSI2T,TP2,ADX>=20,1138,636,0.07798891519825316,0.07161879382768065,1.6577467037035554,-0.518416440076997,-14.648391204207256,28.256031390577864,41.0554672489903,0.1654829602648987,1.406472119777981,1.1868979078190267,1.1859731652355554,14.812762904795862,-5.639962949662191,8.909922743463849
3h,RSI2T,TP2,ADX<20,564,376,-0.007252996257623336,-0.21783916734127381,-6.391781009729525,-0.5407524526162797,-17.990595304497838,33.269558404137356,50.77613640031515,0.005422233174360871,0.7964895960085778,0.8964136941156831,0.7751407431781868,17.557194577871616,-14.653400873452593,-2.350991075076181
3h,RSI2T,TP2,ATRREG,780,473,0.05306831361952448,-0.05065865397329886,-1.1588626223394738,-0.30993821550256784,-7.933665752455821,25.597571888936976,32.82769607453837,0.1477879980342452,1.3124646986626727,1.3696104588714266,1.254639995952638,14.324957248480796,-2.340812903112588,2.977213981932958
3h,RSI2T,TP2,NOWKND,1186,685,-0.008265739448904429,-0.27380227091923526,-12.622167761260938,-0.44416777589365575,-12.931427650825489,29.113835700502456,58.85220165514298,0.10491081819330597,0.4550976758939739,1.2002274558587818,0.5507292335418505,22.618047645771878,-4.422172174095462,-5.157711469523885
3h,RSI2T,TP2,VOL,778,429,-0.02770699380001113,-0.2983726841897135,-10.766465879064391,-0.617686046435402,-22.866347851009337,37.01936927824177,59.589036534978824,-0.000472890540291056,0.8084730871992164,0.6813465079907896,0.760258307761564,14.161124193544683,-18.388081702032157,-5.763624820998148
3h,RSI2T,TP2,BTC,1178,693,0.07994335876974798,0.038637174360480905,1.007227032737812,-0.531662978895933,-17.571512712751534,33.05009641491507,47.664725786423375,0.1705185822840394,1.1410064649246134,0.9253298232884449,0.974799032010122,17.12689488937399,-9.387295628247793,9.192320389967247
3h,RSI2T,TP1,none,1907,1142,0.028483432983536772,-0.24909228130238645,-10.645972995439978,-0.5576890993693722,-25.449421810867634,45.63370852979827,64.39611033649601,0.07723676053154357,0.6020505817308848,0.49697411625121934,0.5354857183499945,19.003434416485064,-14.221211165974646,0.8431477501550821
3h,RSI2T,TP1,DAILY,1787,1072,0.023120138279575018,-0.2681738995502853,-11.363686110690507,-0.5381824348256268,-23.84374910317527,44.304212772943316,63.17833795999549,0.06772574601465221,0.6054017370412056,0.6051762892646039,0.5669229547647822,18.15940907565905,-13.31399958650602,-0.6972732035502638
3h,RSI2T,TP1,ADX>=20,1369,775,0.04494393186795226,-0.14497429514734422,-3.9309052988161897,-0.36336480055613846,-8.435280008605329,23.21435646957254,35.60945134404735,0.1006295889087753,1.2382065633968535,1.497070903557645,1.2975357791460151,12.93029246269316,-0.3254653451315037,4.295880144799691
3h,RSI2T,TP1,ADX<20,694,453,-0.020016549795730514,-0.3053889414445807,-9.084117547767734,-0.5782043127240428,-19.19244945363612,33.1931966456916,52.579664545702286,-0.004025045883721636,0.8416519202985284,0.9819839848373014,0.8367458370068243,14.545076518108335,-14.392881580557104,-4.082395801541883
3h,RSI2T,TP1,ATRREG,879,544,0.014783525154557787,-0.2138110236626213,-5.577273102616076,-0.13685936388338182,-2.3599421420955724,17.243556269240624,26.97118676364606,0.07463572938626177,1.2738552537049357,1.9406843876239819,1.4570444003224003,11.9349308230278,3.209776000476028,-1.1114356690614446
3h,RSI2T,TP1,NOWKND,1500,903,-0.009392485441371673,-0.34809643936089185,-15.429964379305982,-0.5806039987620594,-22.71632438587321,39.12533229930908,65.78918592687168,0.05806932069418583,0.5202697033405057,0.6832976121657752,0.5506377191942546,16.093933903208757,-14.643251160807258,-6.907085039612659
3h,RSI2T,TP1,VOL,879,495,-0.04726001272333895,-0.33543787722199697,-14.337198435589327,-0.5409986174711997,-16.702006488088827,30.872549298109742,58.7608360066587,-0.032993337745839256,0.7243708083533092,1.1813875340822626,0.8587893599359089,12.454207050459065,-11.646164331528198,-8.966209005727531
3h,RSI2T,TP1,BTC,1542,941,0.031333572207720393,-0.21030866842660334,-8.373125836297369,-0.491872680976357,-14.669333528264517,29.823436217571984,52.637761247691074,0.11379596036987666,0.8138202682934292,1.2074773217357524,0.8687980054700523,15.72042562003747,-4.160086909285454,1.0092073225232756
3h,RSI2T,TIME,none,1810,1054,0.0839450817957795,0.5215955086140404,8.257668589772504,-0.5194563293017662,-15.882331943092643,30.57491274471731,36.205419972595365,0.16232654484754266,2.2422758003229624,1.03114332022135,1.4053168647442857,13.981648032510241,-6.576739830548284,19.677915484753193
3h,RSI2T,TIME,DAILY,1696,985,0.07584811018338637,0.30265941355600506,5.544152669559788,-0.5107438482660741,-16.487664894621634,32.28167103841908,40.09882524979746,0.13803963155615248,1.8860692861598325,1.0491046659776513,1.3094839370873417,14.139561833925407,-8.090484152836364,15.901033066299398
3h,RSI2T,TIME,ADX>=20,1278,703,0.13379181041789925,1.184301484788934,16.634321535617637,-0.3873516410263482,-9.568163687049813,24.701492580998185,24.701492580998206,0.1822461447538933,2.5568773272017413,1.4852152244671624,1.9250734676472128,12.459486135604635,-3.7143062296214335,25.594077582387854
3h,RSI2T,TIME,ADX<20,635,414,-0.029447292405630026,-0.2514965243574802,-7.658291364716097,-0.4991700287218869,-9.729769979874469,19.491895386402337,43.147401035089736,0.025080804823151823,1.0105759920366573,1.4696041974245906,1.149806175690205,13.000504361085252,-5.6116289296394335,-4.626247514675108
3h,RSI2T,TIME,ATRREG,799,487,0.0897069059423955,0.36152409385539863,5.452609665748542,-0.20445036073108838,-2.9501712522089663,14.429767898963497,15.082285685582718,0.15175117878255795,1.829123565628337,1.9817484748008767,1.874327805557398,11.438638969700044,1.7875461441492657,9.475872777237605
3h,RSI2T,TIME,NOWKND,1408,816,0.04987777321755509,-0.013272651202434413,-0.3346041594337823,-0.5874378756807251,-15.150972580062716,25.79161679438139,42.65002852260553,0.124139643094878,1.5578148800987917,1.0191891875965837,1.1396613946232321,14.585488608824493,-8.166615006822585,7.329333415592099
3h,RSI2T,TIME,VOL,815,451,0.00512832480453016,-0.19592568879273553,-5.724572041935594,-0.5690486538532519,-12.26199274871842,21.548232590812145,42.968315529266675,0.019975135335659994,1.2444860926269137,1.3819298249126923,1.2487575881474182,12.165997880923218,-8.752620458069371,-1.9117665849291088
3h,RSI2T,TIME,BTC,1479,874,0.11653319028830365,0.8479402888275857,14.060740159536955,-0.448278114962641,-12.366160781197067,27.58591233530918,30.70466290548466,0.20059420085369062,2.263090367154525,1.37367323225473,1.628244980002958,13.816163531095427,-4.170456919877996,24.309638620993248
3h,RSI2,SIG,none,5242,3032,-0.02351273493897824,-0.476682224295256,-38.57946732119153,-0.6850503097066848,-43.65867769728495,63.73061522441776,92.61040814899336,-0.42894009249970527,-0.1990672646376634,-0.363453392603177,-0.1814610836914945,35.60324433244332,-27.635466428807764,-24.24499814328456
3h,RSI2,SIG,DAILY,2550,1443,-0.006100348172567378,-0.33613658685183695,-16.000848282477143,-0.5807325828824537,-20.336966899294794,35.019503810777586,62.672174001500856,-0.1394707103504742,0.5498934309316948,0.8746547227152274,0.6331978738019828,14.572228631722073,-10.02588310598549,-6.700800462711587
3h,RSI2,SIG,ADX>=20,3817,2136,-0.025115721308924515,-0.42473109489700606,-29.847831295769534,-0.6554916717559037,-33.35661627152198,50.88793299565144,84.55515623065233,-0.46565890908657975,-0.04279119260071667,0.2854113445001119,0.019181921246588792,20.17938944603801,-20.796679482582036,-18.661982664116262
3h,RSI2,SIG,ADX<20,1725,1089,-0.026646646483222118,-0.3568596988403334,-16.091979783268716,-0.6014592107635599,-19.36219922319584,32.19204041885948,61.73039984592879,-0.12679947346883683,0.6516993266276614,0.9522350465221489,0.7366515598908364,12.633236858460695,-11.097117644044086,-9.572549699811706
3h,RSI2,SIG,ATRREG,2597,1532,-0.03858359004373876,-0.3985409705080336,-24.359391100277595,-0.6437541593780662,-33.8518965571997,52.58513061865755,80.77656630065361,-0.5368347545355061,0.1815940284447674,0.2495648916830006,0.1684402854877018,15.685361216232396,-26.138824598410693,-17.42673217308087
3h,RSI2,SIG,NOWKND,4100,2358,-0.03455920783453854,-0.4606503435326739,-36.00479119557255,-0.6628725739097996,-38.59340814398878,58.221458637750764,90.26772185712188,-0.40505604355943703,-0.16578472032706937,-0.11945254882931182,-0.12242785925764184,31.61366710601241,-26.151987813537392,-24.880090758404204
3h,RSI2,SIG,VOL,2912,1676,-0.051175341967462144,-0.4417872258740715,-32.56236222348959,-0.6402921062108944,-29.647928141410386,46.30375394889717,85.19336506249769,-0.4673513024741733,-0.112300888414303,0.4961799722165667,0.001236266836967241,25.13047631111235,-19.354440678608732,-24.5900738243662
3h,RSI2,SIG,BTC,2134,1188,0.026915710696484334,-0.17998582479922187,-4.006858369486322,-0.5949962369869999,-16.92292881529891,28.44207704740267,40.237857477959274,0.02976997132376427,1.4535789677137252,1.1093908655731335,1.1996038823832347,12.265650317170984,-8.703406719372452,5.055149736215547
3h,RSI2,TRAIL,none,1960,1149,-0.004739324567660052,-0.3104542755393279,-15.974181517835518,-0.39801706327139064,-22.09855612199577,55.521630003404454,74.39945342129019,0.08509576647929497,0.362444321900978,0.4727615445901683,0.3966436381419422,22.887758696494288,-12.66928877624468,-6.529910136567496
3h,RSI2,TRAIL,DAILY,1624,947,-0.008693091733335658,-0.2719952558313537,-16.567067467786355,0.37944938820618707,9.481559658248795,24.9876793926906,60.909398647962085,0.3149005721702415,0.26885631026995394,1.8532345054119268,0.5250650191966035,29.23487301353682,20.046922725102114,-9.955925574034186
3h,RSI2,TRAIL,ADX>=20,1658,931,-0.010185438175469358,-0.2638851168797454,-14.420589547517936,-0.09426085244631945,-3.274409650568766,34.73774706666808,59.473029556601716,0.05680533267047648,0.4705135111324934,1.6879076224540093,0.7053925958037113,19.7585759519589,8.302471864731453,-7.48681074674602
3h,RSI2,TRAIL,ADX<20,844,524,0.03489804746666749,-0.13980676399173675,-3.19001671357928,0.49442157128288616,5.892212824574372,11.917386228286365,28.03424603155442,0.276124463151076,1.0955210275464895,2.174799426209589,1.3813239613354225,14.419808877513452,12.466426645923367,1.2057848831516615
3h,RSI2,TRAIL,ATRREG,1351,862,0.008247095171155103,-0.22638859742460285,-8.225189860986104,-0.6636619449941943,-33.11334638888497,49.89490001445637,62.98554361278072,-0.12988941877083635,0.6418764313152876,0.1953895787641081,0.4577366223570055,20.560646272911075,-28.392184092477102,-1.5467527853222474
3h,RSI2,TRAIL,NOWKND,1816,1045,-0.0034057578356646886,-0.319738644508225,-15.392424457412146,-0.21353982433249705,-8.107025967941672,37.964936953954044,57.55950591102494,0.16241494853043267,0.41400731944275704,1.296532713164472,0.5928516759011629,21.129377878446665,3.759815970139302,-5.671038459523281
3h,RSI2,TRAIL,VOL,1668,985,0.006032409831246461,-0.3004332274133932,-12.83250117203969,-0.3218095174451577,-13.48581002870677,41.90618765961452,60.90981686002801,0.030823127477426205,0.5791364104664505,1.032433949538247,0.6996244489959242,17.942430755571802,-2.337166659710177,-5.441968251700413
3h,RSI2,TRAIL,BTC,1372,784,0.13956261743348608,0.3236894524798955,11.892860439632846,0.5823270901119361,11.823156788210664,20.303291722076665,36.74157544682899,0.4633946740144101,1.1275960895165076,2.027704544544973,1.2323587927224664,22.09158732023927,22.29680542607937,20.7425603575782
3h,RSI2,TRAILW,none,1345,794,0.11040129408935465,0.19739589031029497,8.801092544949253,-0.2865425151682387,-10.1852613187414,35.5453755710956,44.58599685694794,0.24007348768166634,1.347988145590494,1.2223493896024815,1.2416799108799446,17.375496165934056,-2.597728139298472,23.95141610423741
3h,RSI2,TRAILW,DAILY,1150,687,0.038213300165574324,-0.12010153887690514,-6.392529892914755,-0.01532430294078311,-0.49412375353053983,32.24445219074277,56.83685237657761,0.3339498819501476,0.5387062893379448,1.2901994951454734,0.6715781046031346,26.470034394946996,5.337484493439337,-0.896411964542787
3h,RSI2,TRAILW,ADX>=20,1227,680,0.11817002059245499,0.22235873106152382,8.986649528295843,0.5763771179966068,13.512277162291397,23.44346564148465,40.41509629684544,0.28457004692374005,1.216061354731559,2.6827555559759,1.3875617169786891,19.219239113247866,22.22665784233606,22.643325955232264
3h,RSI2,TRAILW,ADX<20,660,415,0.030581950212990414,-0.09045959046597361,-3.058314906352233,-0.056402888679141866,-0.8582169781736204,15.215833767943066,39.875182533011156,0.30283999072813783,0.91997991776878,1.962341839813405,1.07756100620904,17.242429725490517,4.362684342525935,0.3479431628883978
3h,RSI2,TRAILW,ATRREG,1037,692,0.25218070010572635,0.9993958778623979,30.598463882380035,-0.6616898841324909,-36.302190097458094,54.86284582550649,60.92009169501462,0.07408502540073389,2.0875669507332204,0.02035204003180194,1.142543470192583,19.011031121751067,-34.06752711909188,39.92640729157164
3h,RSI2,TRAILW,NOWKND,1224,733,0.13785843081455906,0.5159769774687213,14.051317979297417,0.3356255746894673,7.808620534466781,23.265868644520292,27.232451432678918,0.3137761553572098,1.956782141269394,2.078034249990768,1.9101195459261342,14.206962208048068,16.912985270075964,22.425473942542993
3h,RSI2,TRAILW,VOL,1216,739,0.08858830238678428,0.19563220148008298,4.948500035004155,-0.2921109989571806,-10.221046080782026,34.990281493235685,48.71967439537105,0.15871035251454443,1.3844877014875476,1.1893763875949126,1.2810433752510626,15.642350529947857,-2.6075349692600613,15.369800242293309
3h,RSI2,TRAILW,BTC,946,561,0.4303708535096342,1.4196010324757813,53.30308188082977,0.4242142921434926,11.73893687753047,27.67218619206662,37.54793118730642,0.4763222253877798,2.3752923934885435,1.9842929257527608,2.100509545287813,19.624126013399145,19.239898381888644,63.93674576094557
3h,RSI2,TP2,none,3064,1743,-0.07012810738553071,-0.5117703003374887,-44.82964433643332,-0.6669033604285153,-45.24711286618841,67.84658100555247,95.60354622512472,-0.5765098075493519,-0.25847805187186296,-0.19854560578834934,-0.18127928917689687,48.237575162553384,-32.74139820940704,-34.15150795410686
3h,RSI2,TP2,DAILY,1890,1109,-0.04464206812644279,-0.40374427417407677,-27.347951395002944,-0.5561475089642414,-23.92494302204523,43.019059937178525,80.53880306473633,-0.05453453179169551,0.03653452299156636,0.5094022332332439,0.13276161120575267,30.500765355986726,-12.973172450773163,-18.341244636681107
3h,RSI2,TP2,ADX>=20,2668,1492,-0.0963180422259577,-0.5243075787562097,-45.98946071766562,-0.6423141728019717,-41.723942730569355,64.95877640151812,95.09442277537988,-0.5812688189468505,-0.26934882090568985,-0.11176040380576113,-0.1843077845436524,46.796224277606235,-30.932715743456253,-38.43676666881145
3h,RSI2,TP2,ADX<20,1054,699,0.05869769382887484,-0.053414956746823346,-1.3480383503350235,-0.4721117254802027,-13.859716919645892,29.35685807326359,44.88987635098853,-0.15264686692368187,1.1879934765285225,1.458920303201473,1.1623156697659174,14.46759141312719,-6.392006232351588,5.950987108966754
3h,RSI2,TP2,ATRREG,2163,1261,-0.10806494815026815,-0.4913270618482521,-40.837481562077194,-0.645162609110448,-42.31845772109227,65.59347538667977,93.55113190002338,-0.6062510038522502,-0.22870398076463735,-0.14613324572577743,-0.16182858790915342,38.58767750378392,-34.608884831393894,-34.80222368935275
3h,RSI2,TP2,NOWKND,2766,1597,-0.06721657665833461,-0.4972188442434917,-41.21840912375452,-0.6646394265974546,-45.62897906791231,68.65223043042246,94.1692399414435,-0.5234039446712643,-0.21562453065564918,-0.26167847261360083,-0.17547821684953016,41.397580329262354,-33.131735085492885,-31.20755706879309
3h,RSI2,TP2,VOL,2531,1450,-0.07481483958953432,-0.48630746077624337,-40.20880420264452,-0.6926048596881259,-48.89074861554435,70.58967018735535,94.50551872930993,-0.5783667290731013,-0.23990624078417122,-0.3352245732581498,-0.18691191654096964,41.73652151670106,-38.50277925420899,-30.440030111774153
3h,RSI2,TP2,BTC,1583,898,0.05764278221430619,-0.1091540824077674,-4.32794313371293,-0.5502617108462301,-20.996061160595957,38.15650034654743,59.90318335746727,0.13495659380721842,0.6722309489359038,0.7407547718226841,0.6042487257519066,23.384503005293446,-11.099271475990069,6.203313259609278
3h,RSI2,TP1,none,5043,2905,-0.05266384041929627,-0.6106692899213384,-57.61024637950427,-0.7533741860129111,-62.25883970824295,82.63999598623887,98.95305724137971,-0.43307846575489944,-0.3550723588388065,-0.6060038210940294,-0.3055999613166235,71.35992342729625,-46.6473694264394,-43.23458932681715
3h,RSI2,TP1,DAILY,2558,1517,-0.025583152340659675,-0.4279315285219207,-29.71525972260044,-0.6370984685227953,-39.20578472635832,61.53803009017207,87.44272936914818,-0.09086487264567072,-0.02650035635392374,-0.10117171732033182,-0.04175925334317626,29.57297019555345,-26.793707329423654,-17.933941241353757
3h,RSI2,TP1,ADX>=20,3917,2173,-0.052455149232638665,-0.539671710754373,-48.018603762255665,-0.7038253936474541,-49.10614120181235,69.77034594805995,96.43821204648306,-0.4553175400603259,-0.28615803085321806,-0.49457166724584595,-0.24454954915319704,50.52634578325061,-33.526908952078394,-34.83206102523124
3h,RSI2,TP1,ADX<20,1614,1013,-0.03960344605660163,-0.38961027724602487,-22.344633042779595,-0.6313747065430301,-33.15402525953905,52.51085435631004,79.37428895250923,-0.13156255987493154,0.23520620480296983,0.13763281155112225,0.17788511242564445,18.889645640504817,-24.497905152849974,-13.11577544639373
3h,RSI2,TP1,ATRREG,2896,1708,-0.08555348314328425,-0.5241337494967069,-45.33544760370229,-0.6809122492654126,-46.94652530401612,68.94651308544289,95.5731356607823,-0.5176155445366372,-0.2773952082139423,-0.4057237140079204,-0.22851659016807344,45.546043067292196,-37.33880150059699,-36.579476553493095
3h,RSI2,TP1,NOWKND,4267,2453,-0.07718100239525903,-0.6201108359016565,-58.68397079960632,-0.722466640823774,-55.857016924596095,77.31431981538492,98.74344389905538,-0.3957704049187213,-0.3648958476880626,-0.5912836629431838,-0.2983722166142017,68.78609037922246,-41.581673469154154,-47.6097971537042
3h,RSI2,TP1,VOL,3313,1874,-0.09002411329592241,-0.5762316608479118,-52.90101551010727,-0.7218576319555043,-54.75227225270372,75.84912845539974,97.99351078719296,-0.456257990160862,-0.33339953016466317,-0.5060290016496733,-0.2679941474167951,63.22123895837707,-43.347714247942385,-43.07063657237107
3h,RSI2,TP1,BTC,2092,1208,0.0012342477635194059,-0.32671686418403884,-19.122303040420718,-0.576324124646015,-19.709761083445176,34.19909082506505,70.93100965143071,0.07809571149272247,0.28459215623505213,0.9447928597065086,0.37755535722964784,21.74485180453504,-7.338570462694394,-8.181487312369928
3h,RSI2,TIME,none,3771,2181,-0.018999305766321386,-0.432150475925058,-32.31949034676518,-0.684215449207354,-49.69529130084798,72.63105701342857,92.86842800688449,-0.40826990370485194,-0.06969658785589601,-0.39954295499470266,-0.12393003392076046,38.41765334728666,-36.32576868426288,-17.696633759030167
3h,RSI2,TIME,DAILY,2349,1347,0.011032301242312876,-0.26922532479777034,-13.805524636335987,-0.5874298412933,-29.902759833716487,50.90439356618628,74.60202724901525,-0.02403447208639357,0.5022406942925277,0.3234648293713206,0.4143302073961542,19.33556285715928,-21.029381242431977,-2.721688008004275
3h,RSI2,TIME,ADX>=20,2876,1621,-0.0011558480193290968,-0.3363300086623056,-19.111622514209948,-0.6801483968092839,-43.36377922246217,63.75634997581496,83.81320029523935,-0.4956361836977679,0.5633411956139188,-0.29719219615691905,0.17819999944806272,15.535453126753962,-32.88465290283119,-6.0953432467890085
3h,RSI2,TIME,ADX<20,1246,774,-0.0187274213321782,-0.31837956374231857,-12.166748142527005,-0.4755116080445411,-16.720401218841985,35.162971704522064,59.67210559532372,-0.10695159829666998,0.7380108156202864,0.940328274987338,0.7858688053064644,14.865973491536344,-10.099323351166213,-6.059448701989734
3h,RSI2,TIME,ATRREG,2089,1234,-0.07112389581281955,-0.4259322672180501,-29.789641391861778,-0.6755890230161448,-40.26289135375065,59.59672224098359,87.71438429853018,-0.6084858308370464,-0.02266879858087984,-0.14168118299022994,-0.04686896032653516,21.750293871986305,-33.80325481214146,-23.086016903245408
3h,RSI2,TIME,NOWKND,3116,1781,-0.010514315241103307,-0.39290148086709026,-24.719405843161056,-0.690479433959904,-48.67923786401713,70.50063400851984,88.86772550599889,-0.3908163904489933,0.22689550236503617,-0.41232045042300347,-0.049822188359085764,24.40373922063619,-39.41171485593392,-12.002919344608486
3h,RSI2,TIME,VOL,2548,1471,-0.03562687905173646,-0.395911895808257,-28.224501544798763,-0.672081210746312,-41.479845186635664,61.718501459926856,88.7682970874987,-0.4074256139957092,0.03745019328069749,-0.1693705996571957,-0.02110233858345052,26.487225962732452,-32.34661004722324,-18.73192075392922
3h,RSI2,TIME,BTC,1961,1109,0.12461594390686233,0.8187743122589294,19.77953923901854,-0.4843389796855702,-16.137336022072336,33.31826819420686,39.631935906899415,0.20090796185066342,2.4213220157657127,1.091486137041626,1.406490622640777,16.933655445408448,-6.586471703379349,34.135717350252335
3h,BBREV,SIG,none,2464,1352,-0.0462899306482855,-0.4123542292240879,-27.21364475937891,-0.6067299333311978,-31.558022827681175,52.013294703319815,83.28539946688872,-0.5927120482742813,0.08344864805655333,0.45606890633768815,0.15087566824628956,16.288225577578576,-23.65005167339328,-19.79191636765526
3h,BBREV,SIG,DAILY,1072,564,-0.054568449798258985,-0.3437978407071169,-14.45937253676095,-0.4715691233094549,-12.971316857005878,27.506713683825712,56.01550427071083,-0.2655363135651061,0.5589011316737392,1.640656219990723,0.7160276530503309,16.31623909934785,-8.918912849742199,-10.646100249363643
3h,BBREV,SIG,ADX>=20,1867,985,-0.0609892529329736,-0.3983254526402738,-24.23101604325192,-0.5809237518048919,-23.70897996370719,40.81255051122449,76.28185370951715,-0.6221200035081338,0.22495176429972766,1.1945219245051624,0.3849276249746859,14.605190249715317,-17.923961970008328,-18.83100922813179
3h,BBREV,SIG,ADX<20,819,477,-0.016318154763290786,-0.30726084884936095,-6.909583895699544,-0.5312124673232423,-12.527217601181484,23.58231098058676,40.27745714083485,-0.19642482027710606,1.3188033665868528,1.7414874663312139,1.2943341039214924,11.360778696896457,-8.43870634145787,-3.4184588283697637
3h,BBREV,SIG,ATRREG,1394,772,-0.09422004666686756,-0.39564901592015406,-23.538020838348274,-0.5926595963214949,-24.238514460498926,40.89786887944099,75.34599771659049,-0.6882753679781483,0.2661175294627844,1.5397257982507937,0.4169548743925189,13.690215625676572,-20.157785363588697,-20.065791629357665
3h,BBREV,SIG,NOWKND,2142,1185,-0.043592345086911545,-0.3930301749486151,-23.63153945709614,-0.5829617867067793,-28.993124597561504,49.734176851191435,78.77309624004506,-0.5544556082505966,0.2297466217682872,0.7124580846304276,0.2870934050123453,15.978156600562055,-21.585106809387412,-16.870617375446283
3h,BBREV,SIG,VOL,1988,1108,-0.06832715061157753,-0.41715921607270423,-27.528590814959276,-0.5881918776586028,-27.157207083464563,46.17065980504256,81.27667799404716,-0.5901521491530306,0.059810284588945925,0.7899644311015213,0.1959583471404837,16.844947659671618,-19.843447371939536,-21.725957226706928
3h,BBREV,SIG,BTC,731,384,0.018897534575396432,-0.1478276871398525,-2.7539599126521375,-0.46305903280817756,-9.108915294105168,19.67117505270336,33.050750045864774,-0.0735119159423361,1.5134220686395512,1.8841756663699487,1.6018363923394243,10.660143406371404,-6.469220418564269,0.6385257555719059
3h,BBREV,TRAIL,none,1584,966,0.0746221898395321,0.12631953306908209,4.192968007308973,-0.32801968992166913,-17.47833566695415,53.28441006431035,59.05009937951134,0.05749014034404356,1.492729378477605,0.9334099100712364,1.2060630417797114,15.180138779219842,-5.673754951697441,12.935283683640053
3h,BBREV,TRAIL,DAILY,1077,600,-0.010249527157677768,-0.2667652126676143,-11.586702805477433,-0.4127661703452405,-12.466259611855124,30.2017473995707,60.15626399913667,0.16267773823722415,0.5209729118986378,0.9973965088986365,0.6145662795004803,21.03387114086026,-6.66367916079934,-6.752258308298109
3h,BBREV,TRAIL,ADX>=20,1348,785,0.005894057002859866,-0.24920793962927873,-9.371059811346417,-0.28933185397496314,-13.627541370369133,47.100038185039836,60.26329324972455,-0.014090598264179473,0.7480080072715453,1.178275726068902,0.8307220387076466,16.797844798570296,-4.930246950082373,-3.150983399969365
3h,BBREV,TRAIL,ADX<20,629,395,0.14600722781566708,0.5749074017866701,7.269106472680686,-0.2857402779486567,-5.5025153296614615,19.257051785503553,20.560511607682074,0.2437837162903709,2.057672819785283,1.5180863437833563,1.555053094374451,13.86010508258353,-0.4100059562293312,12.091584285461355
3h,BBREV,TRAIL,ATRREG,1125,673,-0.032149367671815726,-0.3371411375134587,-12.91890649294417,-0.5716431646125358,-26.776885139149908,46.84195805489861,63.33303887146216,-0.22138140189484118,0.5542491790263837,0.5076078148629142,0.49799823381447833,18.772929972730513,-22.52026413932551,-8.303289351531895
3h,BBREV,TRAIL,NOWKND,1466,877,0.08286778426746497,0.15166861453824043,4.563255922910225,-0.22788552636893333,-11.062820480458024,48.5455160611998,48.54551606119997,0.17448349841288185,1.4808440667127183,1.2804787365997983,1.3797378340683621,14.393069692000338,-1.1577071360501345,12.82197188944445
3h,BBREV,TRAIL,VOL,1468,853,-0.02582361159722091,-0.3510656220180072,-16.196651814660633,-0.3460530012374606,-14.411522996903381,41.6454212082219,66.17254852001278,-0.07135200952631085,0.6650825035461524,1.2853997194512747,0.8768705538717411,12.49667196976274,-5.462016273402959,-10.266739488019372
3h,BBREV,TRAIL,BTC,749,389,0.23228225956057183,0.8342617886092586,17.925926275898863,0.09523670478096886,2.167955951876399,22.763869842645178,32.39742619637263,0.37258931091859754,2.2446531251736253,2.0460013910793506,2.0379990808974253,13.296112225475342,7.547324137266642,23.712812980461038
3h,BBREV,TRAILW,none,1191,686,0.16202996882625112,0.6635110902086807,18.843935500085717,0.42946809946168274,13.932758124801904,32.44189298871309,41.852823851875144,0.33484759128685154,1.740919850264697,2.360101532557185,1.844710914621421,16.264484056109897,23.761841722554,27.809640260955824
3h,BBREV,TRAILW,DAILY,901,506,-0.014122750072013806,-0.22325002338024852,-11.402224300551323,-0.20193975634861638,-5.89930083137391,29.21317197783343,62.031876036970026,0.23524234074034306,0.49567612012656037,1.0596260824338148,0.6472147648615095,22.375802528219623,-1.2419850210688699,-7.614875023587187
3h,BBREV,TRAILW,ADX>=20,1081,627,0.22391949681590026,0.7215924662432275,25.585047991746567,-0.1204154979047182,-4.746849046375601,39.42058230853029,45.50986564912151,0.25428139285455,1.7622868977778217,1.7099514186351286,1.5584951156798603,18.402891348382532,1.7912178970996395,30.3530174153267
3h,BBREV,TRAILW,ADX<20,526,330,0.27146765127650463,0.9406892604725822,16.0561597912662,-0.0705189687840181,-1.3571731530770514,19.245504812098602,19.245504812098623,0.29703173149675943,2.471668596109164,1.7857167250901065,1.9343829149034002,13.246354633650437,2.3334853886517015,20.471820973269182
3h,BBREV,TRAILW,ATRREG,940,566,0.20291621867135184,0.6148472949256425,19.73409937694033,-0.5959810954877828,-25.4328155997953,42.673862967045494,48.768420615115126,0.043796917540753565,2.4281011336151,0.5072975738543499,1.110322748354087,19.387763440817096,-22.074974105868183,26.416606532857646
3h,BBREV,TRAILW,NOWKND,1112,675,0.17294854529241102,0.9514657784155639,17.956350539009946,-0.006838588435285249,-0.27480123022318725,40.183911171680975,43.56831780648298,0.301421648170278,2.0230875350502675,1.5320593133711793,1.6559146040153236,16.19760212950363,7.502849447454074,26.236947980608115
3h,BBREV,TRAILW,VOL,1152,655,0.053019349087796784,-0.057381958337804864,-2.2967226541296126,0.1254467101392081,3.962430676430273,31.586565100297705,53.92366736215519,0.17778880734412988,1.0861529483768122,1.9861088066644783,1.325813117754253,15.331208575601874,12.149861188391387,6.7010733960690905
3h,BBREV,TRAILW,BTC,619,334,0.5103838157375029,1.371898945995767,42.624246693832205,0.5550980896365899,10.034181115630458,18.076410823535007,31.069523610497562,0.41202029743935836,2.627819184821175,2.137618502299802,2.0917024724149287,17.77922525523422,14.63483940546999,48.78134961164737
3h,BBREV,TP2,none,2492,1393,-0.08088386265286197,-0.4848308484793033,-41.18436890602138,-0.6866383275485853,-47.19787164038737,68.73760136415882,94.85798066984161,-0.5789259763563576,-0.2627215501710883,-0.2835514100825724,-0.17936390353300433,43.49206477394665,-37.443527176728416,-32.95489095228758
3h,BBREV,TP2,DAILY,1165,632,-0.09831198308325419,-0.39336433838703305,-25.183975237815627,-0.5658217478956163,-25.37392467731928,44.8443785904113,79.80172629596063,-0.2057454910213952,0.0861698118957011,0.6218308354510703,0.15871966871366439,28.142924343194466,-20.522322831230134,-20.486724155113233
3h,BBREV,TP2,ADX>=20,2030,1106,-0.10566527819152816,-0.47756889805896413,-39.75637144563953,-0.6790670594200091,-41.821033930267205,61.586014739084135,93.1140902000516,-0.5843739667654994,-0.23739397117497157,-0.16233555851551154,-0.15936010980387555,36.26196844398974,-33.2309625000844,-33.96852555602536
3h,BBREV,TP2,ADX<20,807,483,0.02740863582696174,-0.22509593418068913,-4.569885697272202,-0.4209661756574242,-12.299191713309565,29.216579441571234,41.97082689214843,-0.18080827991960624,1.5405850347865422,1.3145509202976258,1.2222330908831727,12.972454437634806,-8.001279178860498,1.1932542639755628
3h,BBREV,TP2,ATRREG,1607,902,-0.14904603366858468,-0.4755062769586117,-38.776907108326384,-0.6329478788273493,-37.5534505779237,59.331031565345114,91.70170044075998,-0.6294562707272398,-0.2342368996491271,0.028631369744446983,-0.14621903028935865,28.94517109089385,-30.480661962698573,-34.17393237685636
3h,BBREV,TP2,NOWKND,2195,1242,-0.06136439070464932,-0.4259584696643568,-33.503098976743104,-0.6465084299833165,-39.13566255224848,60.53387819437776,90.50781651649798,-0.5283077205240625,-0.09451049807155114,-0.04271301144104993,-0.0661349108707865,28.783423751048897,-28.49389980973802,-24.90752771877197
3h,BBREV,TP2,VOL,2118,1179,-0.08838187117908085,-0.47039415053083344,-38.04225302227847,-0.6746667437027299,-43.497131077468374,64.4720248677827,92.93279449651108,-0.5625944068535009,-0.2098247923954598,-0.22535438481821604,-0.14353597669557483,37.46663355332455,-35.132328709742985,-29.97661288673763
3h,BBREV,TP2,BTC,793,407,0.02940857360167865,-0.14443523470584846,-5.388360363194423,-0.5951481655420358,-18.657147545473784,31.34874410388486,57.10932720679165,-0.018952947628297485,0.7762036780234403,1.109363063362894,0.7351922214295505,19.08507145193472,-15.346874003878918,-1.692113195764433
3h,BBREV,TP1,none,3106,1694,-0.07368194843253754,-0.5333076812764462,-46.740733234689834,-0.7151591206087643,-52.384961219092595,73.24937864807065,96.65936769806251,-0.4751833864761902,-0.3011132911685731,-0.44825493570688346,-0.23559615867808487,54.613745628264155,-41.08076255974786,-35.919452395749154
3h,BBREV,TP1,DAILY,1308,703,-0.0681802126994884,-0.3918683999461782,-22.929723162320816,-0.5712597766895452,-22.81317088227982,39.9348454296613,74.89174923482096,-0.2074280634211069,0.187775426157169,0.7337035889376511,0.298107024117392,19.578937281088994,-16.172372267715097,-16.25858322756081
3h,BBREV,TP1,ADX>=20,2337,1244,-0.07819322199160202,-0.4792883727711921,-38.38751001346162,-0.6859000569755788,-42.56602353403905,62.05863828285787,92.3578455999085,-0.49765264244726864,-0.21891172164337383,-0.25484866426524394,-0.1722335123567372,34.09365745225239,-33.51317050921793,-29.76576611905697
3h,BBREV,TP1,ADX<20,950,553,-0.024718137148655946,-0.3358446066583196,-12.157178607922535,-0.5824920414727951,-22.38667572661689,38.43258642644037,59.94245803765772,-0.1513024625470289,0.957296557350642,0.7941384872408612,0.8095116041162321,12.715808688951036,-16.82663708440454,-5.854522405880946
3h,BBREV,TP1,ATRREG,1751,960,-0.1201579130494694,-0.4715918167205839,-36.67293882775523,-0.6759694638519349,-41.04101480724099,60.714302941102474,91.2697191439684,-0.5627357993631619,-0.21400137996397667,-0.2078934616686192,-0.16278007105591608,28.76098585632937,-34.41264472148008,-30.72207330915382
3h,BBREV,TP1,NOWKND,2678,1466,-0.08669089323863728,-0.5221894043994427,-45.010217443613385,-0.6913709541092298,-45.879043539793464,66.35951838460518,95.32782211743842,-0.4403591793416249,-0.2853887377267717,-0.33964498715407704,-0.213044392582726,47.537382121274184,-35.08334869473213,-36.00483376209754
3h,BBREV,TP1,VOL,2444,1343,-0.09980966148770674,-0.5205918518476523,-44.65884632156681,-0.7012126033453074,-49.24588909680715,70.22961204899556,95.76657705041208,-0.4648479856693044,-0.28901468997230795,-0.40436392281202593,-0.22159804804964153,49.70290780517627,-40.315043472280166,-35.96767835166911
3h,BBREV,TP1,BTC,878,446,-0.028365625714122107,-0.3105068427613477,-11.853304141458764,-0.5054959245833521,-11.637117525860974,23.021189607913662,52.020372216820476,-0.04008220773626312,0.7886115164294001,1.4267099639801706,0.9571541607973066,13.50149075387035,-6.840578952108478,-7.590303610978721
3h,BBREV,TIME,none,2532,1385,-0.013312764131864099,-0.3290452119395005,-21.691166234380255,-0.6619927255013845,-42.594190994249296,64.34238527619623,87.56524728897388,-0.42417003458282704,0.3116559369463847,-0.187901717583182,0.06993261184203005,26.913594706608755,-34.84532271074098,-11.059367902834571
3h,BBREV,TIME,DAILY,1159,618,-0.04389834936554506,-0.30817018897308857,-15.283010293860988,-0.5888569872878694,-21.298027937426557,36.16842187017265,67.66862513363607,-0.1859992866265014,0.4721769413678742,0.9103087454542079,0.5156365010636129,18.379945519939255,-16.926570112684214,-10.478474130323212
3h,BBREV,TIME,ADX>=20,1943,1046,-0.04171939404362532,-0.34772711895887887,-22.89214996714656,-0.6617479251447621,-39.44211903750981,59.60293570830852,85.86004388308642,-0.5458341067991218,0.32449476399500066,-0.12299609382523478,0.15311993247247355,14.153277995437941,-33.004152689827606,-15.514248552233855
3h,BBREV,TIME,ADX<20,787,454,0.051348149316906136,-0.04441807895792891,-0.9738132913782338,-0.5285582023763932,-15.170286911771026,28.701260984250254,44.106036808286234,-0.006788194497682436,1.5825816912730817,1.215551267110996,1.140930486551272,14.383545052732282,-11.333652494893586,4.094243099859196
3h,BBREV,TIME,ATRREG,1467,820,-0.0918821122076844,-0.4066809372340428,-25.603467156861683,-0.6400418365389151,-33.15508829186451,51.80143921708882,81.7822184657227,-0.6365312698982916,0.1735430642443987,0.30510351471215746,0.1973576430035884,13.323601028101862,-28.754593015184803,-20.74865976316046
3h,BBREV,TIME,NOWKND,2180,1214,-0.0038038640750207185,-0.2923032271908287,-16.828032798815617,-0.6589711333829735,-40.54042419797772,61.52078921857247,83.51180774687533,-0.3793017958450087,0.5290553485760425,-0.13385488386521271,0.20901961745441425,20.955823997700097,-33.41436294601969,-6.556880246996211
3h,BBREV,TIME,VOL,2059,1142,-0.06589060885107544,-0.41109707844099247,-29.96006330849157,-0.6566249208845193,-40.82114628064373,62.16813432188169,89.53652052751555,-0.5187254736245565,-0.026734144012178038,-0.13722610852824296,-0.043806634626957934,29.86438501498877,-34.3683848452405,-23.154572805952355
3h,BBREV,TIME,BTC,788,403,0.1376099386072066,0.4939895141545769,8.90656429449268,-0.5252940834617206,-11.607359553596108,22.096878527743712,36.21782355216803,0.09805673292099269,2.1674856540538165,1.6552821704290712,1.54283963265853,13.541343910126846,-8.244283310004919,13.804297421808819
3h,PULL,SIG,none,1364,825,-0.003555875829041838,-0.32586814864143776,-8.36393308018697,-0.5795686768298888,-14.50549943146009,25.028094186873474,43.5966458902164,0.009579409721980082,1.3637248155438741,1.3402959371472523,1.195577384152942,11.278030503835446,-8.456908248200257,-2.9277034924715895
3h,PULL,SIG,DAILY,1091,677,-0.0001199220971030883,-0.30440211109382875,-6.215361885980231,-0.5665232447529182,-10.72319250178917,18.92807153299765,34.84015380973424,0.01005223276852067,1.5171282936793193,1.654600242430201,1.4271234435146694,10.65487677489222,-5.710868721477835,-1.7965668450281913
3h,PULL,SIG,ADX>=20,1029,590,0.002930017038047542,-0.30760466502457123,-5.347505285820519,-0.5497226668482421,-10.994987170895875,20.000971096815224,32.679372623347106,0.00654032437379878,1.78340825755625,1.6254493394014895,1.4429539859228135,10.732525029661065,-6.650709183568293,-1.196693138197047
3h,PULL,SIG,ADX<20,335,235,-0.023478215411832797,-0.279137709987461,-3.1779168495058685,-0.5682266923145558,-3.9368565082509632,6.92832026636232,17.471912021994697,0.00876293434424043,1.6890716323911001,2.2599244872255624,1.837111943313827,9.738442124031776,-1.929021609265258,-1.743597982782863
3h,PULL,SIG,ATRREG,552,345,-0.005090638882086946,-0.23130563978746513,-3.2200516050827965,-0.46073327770478856,-5.060507573425655,10.98359467029455,21.47499995542286,0.025335706336977556,1.8424199177281584,2.078387707023677,1.7221628060195404,10.23801622726811,-2.5660306966827973,-1.2211902650398065
3h,PULL,SIG,NOWKND,1064,651,-0.007031716630204974,-0.3080330489232824,-7.086568985125097,-0.564350437122164,-11.952225682224382,21.178730264077217,38.44134925815745,0.019915391310456682,1.4480982675257967,1.5990212566805875,1.3868076313060824,10.511721628499505,-7.1526039541410125,-2.868195119240491
3h,PULL,SIG,VOL,260,188,-0.022146792775708597,-0.21352575527481732,-2.456431209963139,-0.5352092485629947,-5.9718043471917115,11.157887056745853,20.570330914357015,0.02977195263741798,2.071445894778885,2.0745792578930202,1.7767921064790593,9.97805334245372,-4.57583887344356,-1.3362110553106987
3h,PULL,SIG,BTC,851,533,0.0014139915009443252,-0.29037488429789415,-4.6674647798843,-0.5715462362097619,-7.663174502320902,13.40779453494373,27.0895573286844,0.0264885474836702,1.761029174871387,2.080964782377623,1.750265574089161,9.42743767052372,-3.5033990512111646,-1.2779167545564518
3h,PULL,TRAIL,none,882,536,0.06737531328050057,0.004260940308224684,0.13092229515956344,1.1180756852704081,23.50980865499568,21.02702792370429,30.726150964107745,0.3324446288926041,1.3132053448151184,2.194031031607616,1.4174454821587075,17.38352409875098,32.34990778808533,5.3391531740346165
3h,PULL,TRAIL,DAILY,726,443,0.08547744848098263,0.07817691365578261,2.112772396665563,1.0370554689695353,16.17060854688934,15.592809671942797,27.025528354422125,0.29336839930912256,1.4655229985645284,2.1321205508967243,1.508586536941285,15.95106463521132,22.44556132129196,6.634988209622561
3h,PULL,TRAIL,ADX>=20,691,392,0.10712367304609828,0.20978956467046128,4.379218854131928,0.525280741165733,9.019355924446026,17.170543706646768,20.874340728104524,0.26785271933547083,1.5812604515160933,2.0928312981398713,1.6523344097830057,14.251195789130344,14.145939650540186,8.631136335615054
3h,PULL,TRAIL,ADX<20,239,176,-0.07963896764440213,-0.2204022648416825,-4.843925101138103,1.3526325187001007,11.11610252150481,8.218124559202188,23.176097115916217,0.25845472527390745,1.5251484955352488,2.408668382638928,1.572138745786686,12.848106162012563,14.051375776019892,-3.6342435670075446
3h,PULL,TRAIL,ATRREG,425,263,-0.01476772084399015,-0.1540127970672434,-4.542641309422491,2.0644549651877164,18.851982571335913,9.131699595889097,29.495219851368137,0.29104923651041,1.0373102964845866,2.682855131746658,1.5113070527244878,14.391101476668222,22.845154773614595,-2.690569716026525
3h,PULL,TRAIL,NOWKND,745,450,0.15922780916173881,0.431921380602979,10.418402755022104,1.210281282822576,24.86887325446596,20.5480111172732,24.121062820454988,0.3474195063946414,1.9138254668227896,2.3484088943233834,1.7424981720942956,16.54836137257938,32.59084318082819,15.772919660885432
3h,PULL,TRAIL,VOL,249,180,0.27286604984194934,0.5067472932914443,8.364464788239378,1.0436434889518929,13.815614302025692,13.237867574779195,16.5061854280665,0.3023491628566521,2.437696995587307,2.671791110714217,2.122799156563097,12.184762457711418,16.80271995251108,10.24563464197561
3h,PULL,TRAIL,BTC,571,352,0.057928423390695975,-0.05255011289382082,-1.2067209355379083,1.13346454160175,18.825762254808296,16.609043833170787,22.96324154385979,0.2794036755783282,1.2961080929552364,2.7640604733298795,1.7707429785076145,13.12710886445111,24.46260299441021,1.8150358144906065
3h,PULL,TRAILW,none,758,457,0.06818063015203234,-0.02548584222589767,-1.0910084887872706,0.3306325476238341,9.45130017341016,28.585510535287817,42.80841414291706,0.35667873548712187,1.0147521704551947,1.3968443349611335,0.9963147356915357,21.702539724316537,15.21449845206484,3.0222677761536865
3h,PULL,TRAILW,DAILY,622,378,0.12580487798059928,0.12773202902242042,4.4473941803580885,0.19303870602062134,4.844132761315523,25.09410087321062,34.81815966125028,0.3296587774012916,1.2424131332765453,1.3965199241736208,1.1573381838703447,19.693491141489773,9.102831749593676,8.227578709949345
3h,PULL,TRAILW,ADX>=20,629,366,0.12447298715624673,0.12217209721971684,4.3080241105403205,0.13648796299481267,3.0286076892896086,22.189558865382974,35.26193139496231,0.32121430026780223,1.304039430851082,1.4894171249253192,1.263187485035223,17.686680528513776,7.059986762811632,8.178989928505697
3h,PULL,TRAILW,ADX<20,218,159,-0.09260648325341377,-0.22099242682675557,-5.019636306437214,0.5282748906828919,7.486771672732129,14.172113429533074,27.446694022448902,0.2827144849316588,1.3314670562224782,1.9961559300708775,1.3451032487735624,14.440206442694482,9.930144598029479,-3.8629004068588157
3h,PULL,TRAILW,ATRREG,402,243,-0.041359098707905974,-0.1854143887969099,-6.44094880694025,0.5103010938498141,7.962643742020803,15.603814763454682,34.73812819346625,0.29742280234783797,0.8946337517403562,1.8288489589573935,1.18916435215363,15.942764742473237,10.783794170590388,-4.837871083950629
3h,PULL,TRAILW,NOWKND,652,404,0.1746197279758233,0.258343466474549,9.498240116688429,0.3279997434190515,9.021539893948937,27.504716314436394,36.76593895059529,0.3569754373450191,1.3777552204053436,1.4745845396558745,1.254484963499345,20.37049861832313,14.203934624731684,13.898500105773826
3h,PULL,TRAILW,VOL,240,174,0.3204528292952074,0.4313891312730773,9.61388771874172,0.20647372434919428,3.626430391057922,17.563641100040407,22.285883027164054,0.3181121149580563,2.1291990051766496,1.8581943125049483,1.6982252778745557,14.293849558518923,5.568827496943318,11.293576651791781
3h,PULL,TRAILW,BTC,495,299,0.051656953324510715,-0.07497309877160166,-2.4997004467369077,0.6570193711621385,14.185572314724414,21.59079768018547,33.341298248215736,0.31100207572372573,1.124984077067372,2.0891715912103512,1.3845552425550285,15.83179370114076,18.740469407080983,-0.11983819925632799
3h,PULL,TP2,none,921,555,-0.0018597720003969381,-0.3046343398362595,-9.35221281379498,-0.1854970119390904,-4.485027622671723,24.178435953159294,42.36023320165162,-0.06542190922070526,0.9348392339015991,1.6354871563490845,1.163775942622227,13.534102825034678,4.608983025462754,-4.183140999923274
3h,PULL,TP2,DAILY,744,448,-0.004196003327294392,-0.27698113295010446,-7.822783938761191,-0.011105198482298479,-0.2562304369811641,23.073017325137556,41.383496537269416,-0.0639198482333555,1.0096531116523169,2.3689230613865275,1.3064051157684458,13.143778869787692,7.5843457515460955,-3.5244799095318413
3h,PULL,TP2,ADX>=20,730,427,0.031075692029338794,-0.1755081990053669,-3.852421562081787,-0.26103921286607573,-5.660995544252345,21.68637992007997,30.462666964874597,-0.07610100407712872,1.254052965323563,1.6467913284007318,1.3658730476650358,12.898186160610958,0.9578222268807668,0.5071912644013965
3h,PULL,TP2,ADX<20,253,183,-0.07845201456130724,-0.26315861338498736,-5.482045778767808,-0.3285661239866592,-4.431142529515675,13.486303687520728,29.97688622321052,-0.014008752723658651,1.5755665807871884,2.1968006619008484,1.708350894657346,9.923368138430455,-0.9896793221138345,-4.021376007080524
3h,PULL,TP2,ATRREG,448,272,-0.02198386310621812,-0.19675330194644705,-5.745308294480777,0.5498354420646999,6.513039208615079,11.845433579468455,29.200568618891865,-0.04627783046844885,0.9626041729698421,2.6570391798494986,1.2865385209839622,14.93432837499048,10.756391973448864,-3.401155227436281
3h,PULL,TP2,NOWKND,766,475,0.07319429933727094,0.009076779409724985,0.19692764091163717,-0.07991870826086063,-1.657925310428976,20.745146493326494,23.97707904697979,-0.0513536223419408,1.284743383122931,1.9023204326659173,1.426432634395536,14.077636941028882,5.685532807731164,5.332183443579508
3h,PULL,TP2,VOL,247,177,0.19900409214545042,0.3260169010036445,4.8094329444596795,-0.05090035916761276,-0.7237182141733634,14.218332169134396,14.752096991456021,-0.03015510233015558,2.231766612480745,2.172719997987339,1.9585464388386007,11.109613098234828,2.3296910243074676,6.747432197727465
3h,PULL,TP2,BTC,592,363,-0.014314884191786599,-0.2993560721222712,-7.381842446321086,0.01980977262528395,0.31912371887483637,16.109408467794673,32.035810989133154,-0.0004987642554232216,1.0332381992631232,2.602487090583035,1.3354885846506825,13.00960918272146,5.885448280030525,-4.071724186445591
3h,PULL,TP1,none,1017,619,-0.014692459875483585,-0.3272526908379515,-11.283296700632373,-0.42590126230143427,-10.779650849096322,25.310211082368095,48.000655448150496,-0.10628970367910387,0.8492272583928967,1.4992563915932324,1.0303044434426134,13.009006175409954,-3.4590394747024744,-5.3686013403357435
3h,PULL,TP1,DAILY,822,504,0.007908685056793496,-0.2682873150822257,-6.6838859397409305,-0.212024777672918,-3.5408255791038012,16.700055615981302,33.515666409951116,-0.09778329798160085,1.0702035865942323,2.1782954287383416,1.300504661899482,12.920709213318338,3.1125896472074865,-1.6210594958745217
3h,PULL,TP1,ADX>=20,776,446,0.00776715129837067,-0.2782958411502382,-6.225671078879191,-0.4721992199416692,-8.024855946608655,16.994640413848984,32.92680825371169,-0.10660078182069507,1.1407016573568056,1.8919862779107377,1.294559893625278,12.362752546802803,-2.5044717341804357,-1.4012841237833973
3h,PULL,TP1,ADX<20,267,196,-0.0776268167290492,-0.2705399178375259,-5.49807872678898,-0.34974535616875413,-4.931241134976139,14.099518543991152,28.998449666076187,-0.03879351660181794,1.504581254028004,2.286589720451394,1.7597756592596239,9.55231526838346,-2.5208099252792104,-3.95687475462535
3h,PULL,TP1,ATRREG,463,283,-0.05563146666701961,-0.3288098856541537,-7.550383007430128,0.2651614932310608,2.1060827554446826,7.942641783245086,24.29968056050339,-0.11176206136115312,1.0911600704591142,2.945462484218964,1.447244520560142,12.113522225147278,6.055772459061659,-5.0179099482661975
3h,PULL,TP1,NOWKND,838,519,0.022250947215131267,-0.28416285866747715,-5.246292917635998,-0.370580442652752,-6.933328739481103,18.70937572919329,29.950931807831914,-0.0870241490434565,1.3689523601983955,2.0206488733582075,1.551254067430919,10.729340770720942,-0.18785588626759608,0.21060192316690873
3h,PULL,TP1,VOL,257,184,0.07481574005007373,0.03981588318294438,0.4535572562299972,0.08415651701253196,0.5488652681252093,6.521957985065807,12.836377239370101,-0.05559708163541393,2.521901206136987,2.7623936520337256,2.255928534911199,9.009737857039257,3.359822996629891,2.334448304647996
3h,PULL,TP1,BTC,643,401,-0.00010050984760576159,-0.2612547647041449,-6.1175372396438,-0.2894411104485686,-4.7516685920066415,16.41670246718797,30.424698120930096,-0.04784234755146349,1.1348466863414994,2.5649294856819367,1.3446102913933056,12.426595249589534,-0.09124936522937332,-2.5362772537907863
3h,PULL,TIME,none,958,567,-0.0025403269624482867,-0.24891174649621858,-7.464159557731531,-0.35927445935369084,-4.825838987708442,13.432179388397891,35.09335250712409,-0.07142281837922726,1.2498799929575268,1.9948895009885859,1.4938262759914371,10.878092378481208,0.716241515830518,-3.0412996076804477
3h,PULL,TIME,DAILY,775,466,-0.0018711955227492067,-0.23379516113979965,-5.916005294655891,-0.16370991864697237,-2.0011403287417684,12.223696311627098,29.880888804922932,-0.06756123053212068,1.3325287278688758,2.3513512269694066,1.6257384140646465,10.714034812664918,2.5298475961769817,-2.2912220351593127
3h,PULL,TIME,ADX>=20,733,408,0.019534912087374796,-0.1783939742262251,-3.2851272050471114,-0.2189644962308082,-2.8091625793597585,12.829306246975536,21.857593060196557,-0.07514980692239502,1.4953487090709943,2.0739326041388417,1.6560308801537384,11.04183251981965,1.1308689395633564,0.2422545224939121
3h,PULL,TIME,ADX<20,251,183,-0.08594903006189757,-0.2574373189444521,-5.067844149279333,-0.34535078640053035,-3.0053290015013223,8.702250349057572,24.1276566055037,-0.014650982187853316,1.4863389027667595,2.4363244467522476,1.7668746201794086,9.840040103223258,-1.1552559492323478,-3.95142338042187
3h,PULL,TIME,ATRREG,431,265,-0.06666696317441437,-0.27461887695093934,-7.00831856927433,0.726926771072106,4.690946836184429,6.4531215837133065,25.520163242552208,-0.06507946032584558,1.0609708067228756,2.6930672248669705,1.4312314727230777,12.738102135090458,7.4785214380373555,-5.36067883022433
3h,PULL,TIME,NOWKND,784,463,0.0361063329319838,-0.09476266155928553,-1.9796485241639794,-0.12017093227945674,-1.2368556215704762,10.292469219546174,20.890596481668776,-0.04641477648978617,1.5640937032467361,2.325265465189937,1.79946109730207,10.646399667600281,3.4812745240320853,1.9736735854691156
3h,PULL,TIME,VOL,250,179,0.02900795581437862,-0.05745588420958542,-0.8694744647165131,-0.10761827601064816,-0.8340528468081421,7.750104143329873,15.132905474831382,-0.014068158340991446,2.2021374519865247,2.421771841055006,1.9681236444299879,9.910719390341017,0.9513415568463968,0.4790224236141061
3h,PULL,TIME,BTC,615,373,0.033483081413620955,-0.1190254717902011,-1.9101741710341735,-0.08400357235036893,-0.7401788628541128,8.811278403338784,19.412732608799775,-0.0008852513980522756,1.770120286228523,2.6384730778947856,2.0471262481680044,9.385160151023019,3.185487507665652,1.0773770781357106
3h,MOM20,SIG,none,3522,1994,0.04913157303664806,-0.005561855332885643,-0.19675680132423823,-0.10921202884575074,-3.2801775564255675,30.03494753364976,35.37610914848363,0.7071742738664435,0.8693670432236037,0.9006565266773642,0.776613357482233,24.075810728280945,17.010984623281765,18.132672582847164
3h,MOM20,SIG,DAILY,2248,1212,0.04734559279880855,-0.021485837055930934,-0.8634037107294712,0.04731406841346546,1.0982606791988037,23.21213786989076,40.18478351492188,0.6220802357463265,0.9755399980732437,1.2022066754781575,0.952936612709207,20.40861656534866,13.41430767124896,9.861860873550699
3h,MOM20,SIG,ADX>=20,1797,908,0.08006892762949262,0.4235359994426741,8.818093603663657,-0.5772237947002063,-18.92077969801057,32.778932316602585,33.87943780947557,0.5989343897442692,1.5486934125975667,0.6177401689218881,0.9777515180760292,18.858669615236533,-12.943756420176445,18.353305861854285
3h,MOM20,SIG,ADX<20,1805,1146,0.03172580068137866,-0.1604380467133044,-4.505868797164981,1.2484065617713358,17.997288296127035,14.416207706078609,28.08478967097353,0.5347345808891067,0.9741005501438019,2.295225490256962,1.412704810601081,15.123646921759182,33.68088456210663,4.414076904351649
3h,MOM20,SIG,ATRREG,1202,750,0.12302136750944549,0.7703644442761806,14.848187055474327,-0.48562282467074175,-9.953357167565901,20.49606538637141,20.49606538637129,0.6547085966045019,1.7878060967022733,1.11565669824469,1.440618365178187,15.767973307645022,-4.58994460713793,21.244594882820735
3h,MOM20,SIG,NOWKND,2731,1525,0.05801583290697139,0.11803099033275469,3.6405694994922744,-0.12216282876463168,-2.9045256597702074,23.775854645329886,33.587090920920716,0.6688712048019827,1.1291396382258496,1.1095870251346998,1.0249971214134945,19.77253522199558,11.846696626417685,17.958287829537632
3h,MOM20,SIG,VOL,1091,599,0.19815237066949457,1.9714613309842517,25.63151152319756,-0.287483149662962,-7.356345370993711,25.58878800242068,26.144486377044952,0.6197858592165795,3.3464364910206528,1.2274263179684606,1.7162182451213919,15.734494184480086,-1.8764103990367986,33.91847265654484
3h,MOM20,SIG,BTC,2412,1305,0.09269037937422393,0.5848608839023466,14.90567542318395,0.14805375142513333,3.4270434136200345,23.14729198437768,25.48584771771595,0.6620883147367188,1.5047129698812132,1.2926299110659578,1.283852035701856,20.07798714217386,17.232845175574617,29.479579624753605
3h,MOM20,TRAIL,none,1509,902,0.11867327709506226,0.2843188201212593,9.224924138088442,-0.13926847833669012,-4.208139464053295,30.21602242167003,32.445703503391364,0.7022090111748176,1.2376201649456962,0.8842596680217251,0.9270536121277033,23.842123180736962,5.402787650006902,18.937328905038587
3h,MOM20,TRAIL,DAILY,1003,615,0.06888669461336215,-0.02799692863805158,-1.0564909893612584,0.2547038807007492,5.928719235457525,23.276909716280137,37.73596036264297,0.58128994574115,1.036712525959928,1.3405861929545668,0.9973014945710299,20.528285203763662,13.8192900547359,4.6511375583459635
3h,MOM20,TRAIL,ADX>=20,984,554,0.12333564186431897,0.30395236753868277,7.213498459543843,-0.34048271790688284,-7.693794618354188,22.5967258063839,23.732331871459465,0.6229472376627251,1.5224229715994824,0.984130381366063,1.0700954416150144,19.2336471792519,-1.9980878870318741,14.098918567372642
3h,MOM20,TRAIL,ADX<20,864,544,0.07031142567542081,-0.04711000713836452,-1.282901295808958,0.41816272192231135,7.625559373175306,18.235866023925553,27.232033568600635,0.5892037719567162,1.1612136718030026,1.6467976884348359,1.1959576598201083,17.26898841561596,10.114165418407817,3.864579998163298
3h,MOM20,TRAIL,ATRREG,778,487,0.22480177108299476,0.8194480289057362,19.13247155551032,-0.39538360848690474,-9.988452634152278,25.262687728449674,25.262687728449663,0.6622873976184085,1.9467194256155296,0.8824217676093098,1.2210560926728062,19.767686705006582,-5.411147402820848,23.969723258444553
3h,MOM20,TRAIL,NOWKND,1393,818,0.14322965565117637,0.3826071650259628,13.657565261466287,-0.39595115980128387,-11.947432895699395,30.174006566101376,35.69605200817271,0.6852805863945493,1.2336122930535218,0.7833985315302296,1.059883058679473,20.636240803195484,-4.54059379889854,22.991434515806365
3h,MOM20,TRAIL,VOL,906,538,0.26907045315891626,1.644143216318507,26.83564783207151,-0.4228435967020845,-11.327234383778595,26.78823676679495,29.440181394044618,0.626661196158597,2.25652452245783,0.9699490854834761,1.5456270855615848,17.110555794021355,-5.426358425587785,34.804276650196854
3h,MOM20,TRAIL,BTC,1115,652,0.1757655847183936,0.6304387890828628,15.00520726872201,0.19544962846806724,4.607275238976127,23.572698884556175,23.801211994825046,0.619470984394293,1.4740076165443492,1.5165753474798014,1.4832090063646706,17.702885861750072,12.864480715425163,23.31062330753795
3h,MOM20,TRAILW,none,1036,623,0.2120967002838969,0.5841249047039535,17.52874366871575,-0.014787819530525036,-0.4535561163694912,30.67092585443446,39.059879326582404,0.6992415827544632,1.287335582057637,1.0011453745178944,1.0414464540941442,24.977027942050455,9.411587706294888,25.157700146295635
3h,MOM20,TRAILW,DAILY,746,481,0.2483206530132779,0.39146412814297116,17.11433488867835,-0.12090085992134175,-3.110332263387472,25.726303894042257,43.71878202446132,0.5715751981491878,1.4895742106615613,1.015132431691941,1.0943299460945595,23.234970292252775,0.8886781211491446,23.18301633254429
3h,MOM20,TRAILW,ADX>=20,731,427,0.3473038911398389,1.1484632466609574,28.367186293083833,-0.19400068883529623,-4.13271554816621,21.30258182575231,26.96895439423601,0.6168417967148802,2.267972769625148,1.097175337057037,1.4915019171383732,19.328599309654713,2.392256399301762,36.31011307068266
3h,MOM20,TRAILW,ADX<20,675,431,0.08976810882664009,-0.029599671638901107,-0.8790600706629514,0.2562416487321935,4.639959373865565,18.107748669362245,37.70559327259026,0.5821239769639163,0.9930091863043405,1.5229208816862343,1.1556250313623004,17.533930215979943,3.835542655303059,2.9120302548538257
3h,MOM20,TRAILW,ATRREG,607,391,0.5050292034907736,1.6340775403928722,41.735571162366035,-0.2587594436537349,-6.25834568351229,24.18596050116356,25.87826270645801,0.6372623695490767,2.7005801772494267,1.0277785968464044,1.6785073002765618,19.31118256429868,-2.641780860021503,46.7506081856981
3h,MOM20,TRAILW,NOWKND,968,592,0.18856945452185922,0.3874762669524473,12.920669442010336,0.010530084948629894,0.26661482051559826,25.319341849211618,33.34570538637922,0.70615548824796,1.3610138220389592,1.1958491498664972,1.1407873875394854,21.408294226930845,6.934201478673141,19.532480066273305
3h,MOM20,TRAILW,VOL,719,436,0.38204493746625806,1.684279774000106,32.04283091749327,-0.23533005459502632,-7.576547845084248,32.195411071155114,40.56000498572008,0.620810809031395,2.7103276330824455,1.0699340786263052,1.388708139846288,21.004894653488094,-1.5567592578461409,38.94093287245723
3h,MOM20,TRAILW,BTC,812,496,0.4428312318909529,1.5175779636405324,44.643130244568255,0.07961140573435847,1.893826629706452,23.78838323776915,32.193080147038266,0.5980981385724524,2.2221124566830914,1.3122612716579358,1.6954603116884157,21.09806944985737,8.32592578215825,53.9521368113034
3h,MOM20,TP2,none,1673,1018,0.028332057302158344,-0.21846359862500686,-10.012155461812966,-0.5854960908699179,-25.88145330930277,44.20431444870733,60.356384447327315,0.2922753475557891,0.8008129983861413,0.39079479975662557,0.544861172006831,18.546797821771143,-14.678777394504205,2.6010714733781137
3h,MOM20,TP2,DAILY,1154,683,-0.014333420135750737,-0.30237859509527865,-14.072738604421309,-0.5570720675131587,-21.755880344631517,39.05397813563434,65.25608490993126,0.21453886722105306,0.5663518520781518,0.5797079096239637,0.468053973738061,20.38117703416662,-13.164226816913194,-6.203060905086543
3h,MOM20,TP2,ADX>=20,1100,637,0.057734064733467545,-0.08536454523950839,-2.373543512997267,-0.5500122588389779,-19.82946978816299,36.05277785993546,40.491999101718925,0.25762597499756673,1.2714483694752703,0.7319060059035487,0.9291249703023119,15.648730249855614,-12.190226161087804,6.404183608437286
3h,MOM20,TP2,ADX<20,938,591,-0.015770762182667215,-0.3275860362214872,-11.443086106307355,-0.5716792625107902,-13.346207500894213,23.345621183245758,47.57182162419124,0.1773789569476241,0.8055800880023545,1.1444365768341285,0.9016494439508038,13.915402519381981,-6.267834643027614,-5.5883239636606685
3h,MOM20,TP2,ATRREG,860,526,0.06745852711536186,0.004560995124750337,0.1081962752394583,-0.5619066304433992,-18.63899519592376,33.17098283965038,37.851755529462736,0.31408159925595264,1.3281106975756087,0.740758704893857,0.9523493129635996,16.4600945613522,-11.642396110530406,5.966193693281019
3h,MOM20,TP2,NOWKND,1509,909,0.0637429420463399,-0.05223939485048669,-1.8392436238463095,-0.590300263924626,-23.93595163301677,40.54877338844134,45.669361579114856,0.2704893837932376,1.331969380165136,0.4837185638263139,0.7484143159920473,18.38619336125823,-15.35485823500885,10.04268329987632
3h,MOM20,TP2,VOL,947,551,0.10155522240839197,0.12377944175303583,3.203350018492168,-0.5571688928909115,-18.782721373471745,33.71100148110606,39.61544991133555,0.22419469377767806,1.8210012673244456,0.8522453297036718,1.1841280450170388,14.282234713482488,-11.630127976803628,11.301882368144312
3h,MOM20,TP2,BTC,1274,737,0.04195892401798843,-0.17506757804192002,-7.138562895184942,-0.5272637463331,-15.751422468529618,29.87389627690925,49.06046128663457,0.2663186872153404,0.9954096928427135,0.8327127055916517,0.7224290460097108,19.131779836471097,-6.112385171324197,2.188508238890763
3h,MOM20,TP1,none,2264,1323,0.020602078556696275,-0.3145026233062007,-14.777996647788182,-0.6200128915415712,-30.928351724868985,49.88340104988812,69.98231650507346,0.18956465055612576,0.5793427303458801,0.17938278470762695,0.34129913814550594,20.049831365020275,-19.256659364826913,-1.5737741162936025
3h,MOM20,TP1,DAILY,1468,829,-0.00808163344281172,-0.34285149703489237,-15.395958386234243,-0.5347907443702831,-20.270541278984933,37.903687549517194,65.1130361388869,0.1357400854524203,0.5995298340251332,0.7439179826439157,0.566255675255776,16.449674665625825,-11.053594841079518,-6.368665372303295
3h,MOM20,TP1,ADX>=20,1351,732,0.04715867918713794,-0.1408737845929181,-3.9639891121020288,-0.5794497721589265,-20.90875657377509,36.08381188221508,43.30976373865026,0.17596402701801528,1.3708985210216076,0.6971828234213131,0.8912680989156825,15.320474578615773,-13.608497705831136,4.849167035824387
3h,MOM20,TP1,ADX<20,1155,726,-0.023282351518946216,-0.3599235050921,-14.85398793264805,-0.5962958139170921,-18.73556034950109,31.419909233349152,59.215672745001214,0.0936846308013203,0.5832372393600636,0.8811326245574682,0.6699837113611437,14.741049141514184,-11.08232000474667,-8.44065192117589
3h,MOM20,TP1,ATRREG,989,601,0.05461321526204487,-0.042638998629566806,-1.0444004184035793,-0.5657085856343034,-14.484704579359143,25.604533760289495,32.09332148761233,0.20013612203861636,1.6681039455412634,1.078475428368373,1.1693478219056594,13.942142792427791,-7.980456650673218,5.65969116204974
3h,MOM20,TP1,NOWKND,1961,1133,0.022019019184106044,-0.28614806594930814,-12.563766815324783,-0.6269718999215476,-27.681544684030325,44.15117278381071,65.56133175663017,0.16569279804112952,0.8014522007014162,0.3532319400205302,0.4873613204840583,17.65477360794788,-17.502888726699016,-0.008511070712291513
3h,MOM20,TP1,VOL,1081,606,0.07257566966494491,0.0004370147115266713,0.012331627364425835,-0.5845628396420793,-14.01975578180007,23.983316815663812,35.313522513097304,0.13446601265909436,1.997667562870206,1.1800106608975205,1.291124399827735,13.079649187121289,-6.879672507403523,8.473381849373718
3h,MOM20,TP1,BTC,1612,915,0.012061151273883908,-0.33175240001081313,-13.169659411857026,-0.5086783895753686,-14.831911651443374,29.157738868806014,56.929782514625686,0.19583699246011735,0.7180621939648364,1.0763968114487974,0.7240041750315035,15.882710360387897,-3.8530791658125674,-3.170837293119433
3h,MOM20,TIME,none,2192,1258,0.01759602670346992,-0.23938156777871508,-12.04106666792929,-0.4523592322547458,-14.534935144886308,32.13139935806808,52.27820135799446,0.350694405114074,0.5815616132259466,0.9517137359130854,0.6741342862172285,17.72676208589382,-1.4056152807824795,-0.5242256985683591
3h,MOM20,TIME,DAILY,1429,811,0.021651176647499666,-0.17997820908672366,-7.692524467812656,-0.44573131875790784,-12.09259065722449,27.129775603209062,48.007563790949895,0.25903015523738077,0.8965645230747543,1.1210387034384346,0.9590366414643697,14.921816034910297,-4.164723681929738,0.315321634586585
3h,MOM20,TIME,ADX>=20,1255,667,0.06340958918016706,0.05236040379820776,1.6155368118959457,-0.5306979139791234,-12.23061612311529,23.04628641068376,30.85417022607537,0.3197124940609202,1.4094850764865061,1.0844196367841172,1.1732513298439087,15.165412026174385,-6.180573500087738,9.23938936374924
3h,MOM20,TIME,ADX<20,1112,703,-0.025111969887780566,-0.3388257696518816,-13.059777299365816,0.09791239247235427,1.3084553039439006,13.363531121081994,38.54422676523031,0.22330233320968523,0.649708443995495,2.466062134577399,1.0025847004648945,14.867435106112548,7.532471378462824,-7.466080647863082
3h,MOM20,TIME,ATRREG,895,546,0.04601481509188922,-0.022795100395675394,-0.5963822019166343,-0.48163090828438015,-11.602446819746193,24.089913292889207,28.16704256564074,0.3444803895903455,1.718802738768502,1.011971548836499,1.0247699541414441,16.63087761916827,-6.452340843341764,3.7442759794654945
3h,MOM20,TIME,NOWKND,1825,1052,0.009850892731473345,-0.24218175371252346,-11.875901994051752,-0.5594182570397118,-22.437267668896553,40.10821489385854,58.7917376450812,0.3184991799707869,0.644974346790431,0.5301605756444348,0.5601494375189081,18.074802322855287,-12.734055266409216,-2.755246478281259
3h,MOM20,TIME,VOL,1030,588,0.12127581815335174,0.5679475980341059,9.380649918973315,-0.5836365160545968,-20.634809427202782,35.355583243308374,35.355583243308416,0.26765005568078853,2.5569300702369633,0.726035956530908,1.247384315717404,14.885919210748643,-15.858265369352676,16.47564626974727
3h,MOM20,TIME,BTC,1569,882,0.04786893983767163,-0.08639182716197553,-3.4758831863675455,-0.4285064893726399,-8.214976229842296,19.171182779214224,40.23393532180576,0.35471074342974224,1.066680843567046,1.3940752658473738,1.1284743218200504,14.89946362133676,1.256202775420645,6.22513517677985
3h,MOM50,SIG,none,2813,1697,0.11857133792952214,1.065006686049495,28.134952456898144,-0.09553107716925792,-3.1283483916216603,32.746918430313364,37.94534704269162,0.7373785225083169,1.8360054681767293,0.96868255029617,1.279749417782851,22.520809353835137,14.337757141318374,47.20794771851129
3h,MOM50,SIG,DAILY,1655,985,0.03198686670905602,-0.11285761283223406,-4.972909859259489,0.20179952699667253,4.416163551174734,21.883914283146723,44.063574751061374,0.5447846107807871,0.7814814267574187,1.357108146548944,0.947036521907685,19.656581465144917,14.948461042266036,2.3149760009193
3h,MOM50,SIG,ADX>=20,1345,720,0.16754659626295362,1.2318085603529147,24.789691946496518,-0.2840307994381096,-9.683694315453916,34.0938177641682,37.39754038517303,0.6258283126848133,2.474940997302247,1.088573109250498,1.6058174637428078,16.29097531862531,-3.5060744928875565,33.74148826303247
3h,MOM50,SIG,ADX<20,1515,1004,0.06828623598410513,0.09306982808224427,2.5268662311606294,0.24829556922008517,4.606604177668672,18.552905281952302,27.42137795027767,0.5486795548777572,1.417736354707048,1.6564359706408396,1.334897598856983,16.17244929492464,15.795808361551389,10.206605188881479
3h,MOM50,SIG,ATRREG,898,581,0.2570992213900094,2.467595343448066,30.24746206428115,0.5466789263100028,7.541824411241405,13.795710879414248,13.795710879414191,0.6610679339151296,3.1290177658797544,1.928195496298756,2.162985522656269,14.721022170260689,13.5111447348097,36.570617330475045
3h,MOM50,SIG,NOWKND,2207,1288,0.15036051510151352,1.365311194100116,33.60688058011836,0.1476194968135468,3.593004085208862,24.33963102954526,28.477574386371174,0.7168801226988943,1.9659582885737759,1.3570047116496906,1.6791868781307941,19.113951009959685,17.523345275176606,49.81465453857285
3h,MOM50,SIG,VOL,824,506,0.29482205867664174,2.155205761607994,32.40921373447665,0.006930610510545965,0.18002094624078868,25.974760227379644,28.258451897831527,0.6104692535468821,2.6740760479152357,1.5171565668789126,1.9519173269171863,15.875478810706179,5.293420719347841,39.5032232951587
3h,MOM50,SIG,BTC,1810,1118,0.15527226464957342,0.7307203933638563,28.029111797763463,0.49671154578993304,11.428064699552243,23.007447272798743,38.358190153599004,0.6679774632417886,1.680155922096309,1.6073809862184372,1.642961714790444,19.526790042671184,25.171531281310312,40.42643134628465
3h,MOM50,TRAIL,none,1308,791,0.13978841429779534,0.44977602862947025,13.212603710925386,0.7047658694724139,19.447128836639482,27.593743793520474,29.37596241219439,0.680709333118044,1.5383201376251525,1.638859486255079,1.319376324754438,21.542896971882175,31.679355994225112,22.055101283155487
3h,MOM50,TRAIL,DAILY,842,532,0.09140696008084727,0.040853438053893576,1.4280414332449087,0.819998898174051,18.243222539723057,22.247862259750008,34.955232687174245,0.5383193592502589,1.2022689487535834,1.7381295693896353,1.1937642600403071,19.980825346110585,26.359601724251846,6.1981065158740245
3h,MOM50,TRAIL,ADX>=20,839,468,0.10365421546276818,0.15587686438584783,4.830832140499441,0.4690360020077684,11.16223751769212,23.798253161613903,30.991335112704743,0.5798256788213094,1.4327899928542476,1.9990654966435466,1.5515310124765895,15.303472622375281,19.372345140293024,10.73857599781267
3h,MOM50,TRAIL,ADX<20,752,505,0.11227071276276625,0.1554121884997318,3.405601870357944,1.3016028605715613,23.24580957885427,17.859371919823953,21.913351219321008,0.5834588522423382,1.5519509116535375,2.3031747554048767,1.562317239873081,16.27974516303128,28.761901046789816,7.939150821925578
3h,MOM50,TRAIL,ATRREG,619,396,0.270263943983206,1.6010391025934796,19.62991437201427,0.8691185787338472,15.351033019740058,17.662760174916304,17.662760174916304,0.6437657148869684,2.715720896986393,2.1273217339481727,1.928475703452905,15.491924260952672,20.92969313815265,24.19657593165876
3h,MOM50,TRAIL,NOWKND,1204,709,0.16456733427866505,0.612149218153684,17.08692086332477,0.39838956922805113,10.636468139777321,26.6986612134131,27.912999570367813,0.6573978345681598,1.61477992769603,1.4633432560865596,1.3587464689918263,20.68728529415965,20.221761425562757,25.981318033016265
3h,MOM50,TRAIL,VOL,697,434,0.23961224071775825,1.2898792300719921,17.9017986111343,0.6768591421777218,16.046628959693308,23.707486476528928,23.70748647652888,0.5807874219152154,2.3240100715960073,2.0076510270968475,1.7697056251031564,16.689884697667,23.303211226061627,23.59535519062892
3h,MOM50,TRAIL,BTC,949,600,0.2348532717045987,0.774708139312496,21.303681418842537,2.0638415378863098,38.33796052672629,18.576019438968284,27.49897714737861,0.6241323933847348,1.7673448041999618,2.549654008744762,1.9484384328189408,17.943979926911744,50.35617060468584,28.17409571495435
3h,MOM50,TRAILW,none,985,620,0.3322381328007491,1.1712588646191655,37.279850698225104,0.10672823246746649,4.094192515670048,38.36091370592184,38.36091370592173,0.6665041938459796,2.132875740074137,1.0431781333897412,1.3272128644868364,25.437242943419225,11.522149929868842,46.58227152062491
3h,MOM50,TRAILW,DAILY,653,439,0.12206439687388068,0.06251060196524834,2.544172617669438,0.5291954309427416,14.294916882376342,27.01254781605066,40.69985790704472,0.5565790448532051,1.0880502860969028,1.4532283878182164,1.051515306508065,22.44479839396426,20.945322571540935,6.230671590457959
3h,MOM50,TRAILW,ADX>=20,704,410,0.36104340494281983,0.9153657247777808,30.005068334496276,0.11522484884508238,3.4173409086535322,29.658020322058153,32.7793225399394,0.580746593701374,2.010138905921903,1.4952746651332185,1.794454775923816,17.398383201884016,10.19014604521924,38.708408252576575
3h,MOM50,TRAILW,ADX<20,604,417,0.14343950360618415,0.13343447030324374,3.68089966318883,0.9465123675274341,20.118353524962117,21.25524632870579,27.58582287488085,0.569662211087014,1.3168335106939175,2.036258241180149,1.4228918091664564,17.599973366349975,23.58295501809713,7.2527631622980815
3h,MOM50,TRAILW,ATRREG,546,340,0.5697461005267992,2.3641881864481653,42.79578615326698,0.16456568603014257,3.4106888258447876,20.725394874968472,20.92877798850551,0.5855876517017674,3.4181390818507302,1.51592155497217,2.0546939292291237,17.109326288532,7.336140678637948,48.55339091909809
3h,MOM50,TRAILW,NOWKND,921,577,0.3835141681512754,1.3886789929355268,43.815724379318375,0.09340385781032995,2.9944031437516783,32.05866667554832,32.05866667554832,0.656984231251952,2.1688740341034562,1.1385899996509996,1.5659516830183964,22.67964132131596,9.672998422675194,53.19503777758252
3h,MOM50,TRAILW,VOL,628,387,0.5356846905692103,2.1505924335801883,47.19188434125196,0.24966383662170152,8.275310218528077,33.145810504655046,33.14581050465506,0.6066037857177018,2.592465559011038,1.5185880174259359,1.9685613630443288,19.143906559850045,14.27392434757504,55.26686728441214
3h,MOM50,TRAILW,BTC,727,495,0.5138674960730416,1.5481499451808889,49.57352633649626,0.8015579199529814,21.726428046020054,27.105250294694237,32.02114012974627,0.6384660292211662,2.2607477173752177,1.6543840664346705,1.8586593499386035,22.345929204012936,29.75483790281144,57.67823008710447
3h,MOM50,TP2,none,1370,852,0.06136485769841858,-0.055714332179358284,-1.899555192083946,-0.43134581730374244,-12.236577967168172,28.368370519173236,42.20694039343024,0.25395445065366073,1.2381662052942737,1.090515424459235,1.0893312843804053,15.260415911083092,-1.1476256724837097,7.647805726992596
3h,MOM50,TP2,DAILY,892,564,0.054164459544875254,-0.09886819420183593,-3.1103086578934014,-0.37207608794591807,-11.924549722713618,32.048686032322706,48.94371008564864,0.14875899981497942,1.146395495383645,1.1426389309977187,1.0993398318982595,14.81553549470962,-5.2939786791012855,3.4296881171218985
3h,MOM50,TP2,ADX>=20,889,511,0.054086812581098445,-0.048397858638122675,-1.5022404031741154,-0.4633970516638835,-10.475679321666064,22.606270980904743,33.91756495602052,0.2116770048572684,1.3629721936763743,1.6509875971350545,1.389431124081165,12.320616297025634,-5.4117811222574534,4.71564956602486
3h,MOM50,TP2,ADX<20,805,551,0.022266783598314077,-0.24626185611983384,-6.301144516347589,-0.13804717586886434,-2.03711619928979,14.756666961625609,34.57710290546721,0.14887227727300564,1.1053712551452746,1.7405435057860639,1.2069455826916162,14.195525677931842,4.670714025600731,-1.1808301272894672
3h,MOM50,TP2,ATRREG,675,434,0.12283481058735338,0.31101118084499385,5.533865411596883,0.3332849404972438,4.443228184933146,13.331620019506673,17.7931397725374,0.2946684765908292,1.99716020926739,2.30212546084575,1.952934594783882,11.748416076257396,9.963238394398566,10.281743027582134
3h,MOM50,TP2,NOWKND,1255,761,0.10050197047110485,0.21189086281866149,5.535406060355941,-0.3270090241490648,-7.447475562470151,22.774526121564374,26.12385445375812,0.2300237404015003,1.5179601656428854,1.7075839017312064,1.4883787200864864,13.80338738732263,2.0193041359813924,14.95930156857277
3h,MOM50,TP2,VOL,720,446,0.1754309735298304,0.7337243023618323,10.864878565776515,-0.041131441755971915,-0.7638037170553447,18.569826012589196,18.569826012589207,0.19529826245585388,2.5256166572671463,1.7766870898958533,1.7747956486255203,13.482826303692729,5.908963363512543,17.13106583539932
3h,MOM50,TP2,BTC,994,635,0.0918037813337174,0.07037318935586583,1.5881446067819383,-0.2783648203159411,-5.795084108973414,20.818306359244875,29.84438392570533,0.2270903113454294,1.2937504576190313,1.673041073670127,1.3471589827331056,14.450318853301757,3.9043652738714796,9.092219762326703
3h,MOM50,TP1,none,1793,1146,0.051195096436290104,-0.13276469024100454,-4.488634706820827,-0.4690596392864991,-11.941924892352118,25.459288952077273,46.435366719756935,0.16015157745710523,1.3510688850210424,1.4446090111008516,1.3421847285133461,11.679158267314815,1.3517924765697131,8.304286355053492
3h,MOM50,TP1,DAILY,1128,684,0.049027198880647216,-0.1221845366959444,-3.5826184871636135,-0.44086239775355396,-13.409417299507066,30.416332551462123,48.4728652682772,0.0948241104633445,1.3096589738402324,1.1258544367575272,1.1108923853889632,14.13274712557322,-5.5861904313140425,5.759009658457326
3h,MOM50,TP1,ADX>=20,1037,592,0.05919089500780685,-0.035139210406193444,-0.8405857804249406,-0.4408602875980966,-10.321054182909373,23.411167830835332,31.284329646980368,0.12510692400127577,1.7416817705140546,1.517144641565548,1.4778063068621472,11.780152845865787,-4.108911005374239,6.61748823933217
3h,MOM50,TP1,ADX<20,981,679,0.021881835181017162,-0.2397755873371884,-7.0838379043905775,-0.4154070666031033,-6.2302462565777095,14.99793036147442,39.75592120820944,0.10419467737101502,1.0649677811799108,1.7359250304061227,1.215786803446433,13.067998001649006,1.725713768524928,-0.2948374282740085
3h,MOM50,TP1,ATRREG,748,495,0.1008963910595227,0.2748541807618708,4.260217340071026,0.24978396448301265,2.2842005775987717,9.144704634368617,15.499918277619395,0.1788340582350174,1.9790469372821011,2.5769639854367243,2.1751445675198378,10.144600751521493,8.819010736253619,10.15078852955571
3h,MOM50,TP1,NOWKND,1587,969,0.06181336887744405,-0.05267837469091451,-1.608644738694598,-0.4850077445609348,-14.323863792641067,29.533268186486584,46.207137791911826,0.14064632186965348,1.358483797460398,1.2110831836976976,1.28674761687636,12.615451025650348,-2.282293925301737,10.77397554403996
3h,MOM50,TP1,VOL,789,502,0.10895070320040828,0.24960939595453166,4.1913601758497565,-0.38560664428137553,-6.831668064574226,17.716676218859927,17.716676218860037,0.11222343811083413,2.551498735706429,1.7785637739874711,1.7760017062691973,11.326459370553676,-0.3724752122240882,10.781345993498071
3h,MOM50,TP1,BTC,1235,791,0.04475856991050224,-0.1699156909764003,-4.9654570640521145,-0.37688403905093953,-8.542223023358996,22.665388125402764,43.45398971473466,0.1602954567775944,1.1176220935375933,1.6949015974769308,1.232506963287765,13.17934015968456,2.337644376517223,4.717966513825966
3h,MOM50,TIME,none,1741,1043,0.08391853016139378,0.2059592968626053,6.326722241628158,-0.3482727535515847,-12.119378510528744,34.79852611764438,41.99478777189558,0.3689086494448747,1.509384791833751,0.9635514224814131,1.1410696562739855,17.180723141579946,-1.2866730858639097,17.651410121160225
3h,MOM50,TIME,DAILY,1103,664,0.052544428012370296,-0.033319518777319514,-0.8548756459344387,-0.29430013531897825,-6.865138217262501,23.326996468491924,38.001102515930974,0.22093760141625157,1.5724103353530625,1.3917886836030744,1.2552496788792924,14.478535587052555,0.14698862944177993,5.199581206287807
3h,MOM50,TIME,ADX>=20,954,527,0.08744158402545134,0.21607181359917343,5.277107920074586,-0.2832366218088261,-6.854082323612031,24.19913879723603,29.080052210443096,0.2984603597903452,1.6837794578650431,1.348147899894802,1.3803883945109745,14.771233406306095,-0.7142655575283041,11.430230343699854
3h,MOM50,TIME,ADX<20,935,616,0.025402562936049783,-0.17835502281198426,-4.6389542934332395,-0.4107014492605325,-7.517799293641703,18.304779072919008,35.03472917263787,0.21550307273563357,1.4176313316659506,1.6008491029385585,1.3408566776080417,12.31593312309317,-2.7965617192495906,0.7705254051241006
3h,MOM50,TIME,ATRREG,668,428,0.1560268640056036,0.721128462257392,11.129826443671087,0.24953850809701766,3.8464343931254197,15.414191671090583,15.43390259320887,0.3677344179095986,3.0106399246920685,2.060689148580785,1.9236878731174352,12.89815481745814,8.60001857189765,15.183620597997006
3h,MOM50,TIME,NOWKND,1475,862,0.10499626026613165,0.36263181291292473,9.920751846092557,-0.2795786691924519,-9.011487150540665,32.23238445397092,33.28377838634717,0.3475885349389815,1.653935146540514,1.1085673504759952,1.291487321947911,16.76764275662753,-0.030550536677487194,19.98107605855184
3h,MOM50,TIME,VOL,759,477,0.15126112167478029,0.7291113391032749,10.72404990731275,-0.01685349600324675,-0.3273398304050379,19.422666391707534,19.4226663917077,0.2605094707020702,2.926244716138563,1.6647197310863222,1.6494122365046713,14.473365416618034,5.266274664034931,16.352549880442837
3h,MOM50,TIME,BTC,1211,749,0.11018116983772831,0.3784790138811251,7.681939557032558,-0.12833382930476667,-2.902995649941431,22.620657901880325,24.377036245801953,0.34527173844111175,1.7291034146236597,1.56102028520018,1.5417267735233635,14.441066346600406,6.05897445529513,15.26919716446795
3h,DMI,SIG,none,903,484,0.14302922010248045,0.5097619279043815,12.14106691023813,0.06896042803480192,1.2916816131370856,18.7307655991523,23.817131577773477,0.4988073420287563,1.5537747707812097,1.9731756639622167,1.5693873375491232,15.615874945131447,5.799618428024145,17.120678116680878
3h,DMI,SIG,DAILY,634,337,0.06111414046786619,0.08008459242510153,1.4420591568113705,-0.4447820298910514,-8.819974089331605,19.82987957380392,29.88300571639263,0.37218685168199234,1.5976470017344488,1.44186594084542,1.4208066669727504,12.974475105867821,-6.575259666652422,4.098594128655231
3h,DMI,SIG,ADX>=20,903,484,0.14302922010248045,0.5097619279043815,12.14106691023813,0.06896042803480192,1.2916816131370856,18.7307655991523,23.817131577773477,0.4988073420287563,1.5537747707812097,1.9731756639622167,1.5693873375491232,15.615874945131447,5.799618428024145,17.120678116680878
3h,DMI,SIG,ADX<20,0,0,0.0,0.0,0.0,0.0,0.0,0.0,0.0,,2.084488595212908,2.644648319384238,2.15774666058655,9.254368071626018,0.0,0.0
3h,DMI,SIG,ATRREG,511,295,0.2684625635084888,0.9030670500080932,18.020310429829212,-0.41643839706985125,-7.0159367273298745,16.847477986409253,19.95456531125537,0.4239267407168813,2.0620478466975354,1.83584257739468,1.8598348822057007,13.317622890863367,-5.041068338068911,21.091223663237322
3h,DMI,SIG,NOWKND,776,403,0.183321707525416,0.6899690448353694,15.452618667052342,0.44920026694185117,7.415599411819862,16.508448363811436,22.396104263981044,0.5179947942765285,1.9602041113456314,2.6068760148414984,2.0280259764388946,13.296756520793995,11.733100392181539,19.968360258879446
3h,DMI,SIG,VOL,489,260,0.1992135917757565,0.47060447016227613,10.733202203335201,-0.00751158350908698,-0.12279546947276954,16.34748110358093,22.80726785199071,0.4945980782375433,1.816114101733812,2.080521273421775,1.8327640096973123,12.928820927816066,2.1876493329516356,13.60840195325248
3h,DMI,SIG,BTC,669,340,0.19990329563063644,0.9610579758044511,15.27501799487505,-0.3043240799938974,-7.091025317934296,23.30090119085053,28.704726481904785,0.5120075129077086,2.1960003982585365,1.480478328159633,1.7885978988862872,13.257886290475051,-4.016954037082221,19.247415440765735
3h,DMI,TRAIL,none,835,438,0.10539997293167017,0.11893777939798932,3.6788671298138675,0.31426349317024704,7.155102943594849,22.76784640625976,30.93102249289228,0.4810240494914365,1.129674469152708,1.9930942060396368,1.3059343745006133,17.364099106108743,13.140862199027325,8.655359442800847
3h,DMI,TRAIL,DAILY,537,293,0.035910508250824126,-0.06194686009426575,-2.179093732291848,-0.4193826398274555,-7.388507621813833,17.617580987266546,42.1940977787192,0.362436887398135,1.1434429251487765,1.479685318755469,1.2259382471896876,14.184834354525433,-4.991118207892587,0.7427480736505565
3h,DMI,TRAIL,ADX>=20,835,438,0.10539997293167017,0.11893777939798932,3.6788671298138675,0.31426349317024704,7.155102943594849,22.76784640625976,30.93102249289228,0.4810240494914365,1.129674469152708,1.9930942060396368,1.3059343745006133,17.364099106108743,13.140862199027325,8.655359442800847
3h,DMI,TRAIL,ADX<20,0,0,0.0,0.0,0.0,0.0,0.0,0.0,0.0,,2.084488595212908,2.644648319384238,2.15774666058655,9.254368071626018,0.0,0.0
3h,DMI,TRAIL,ATRREG,493,277,0.27267472857002245,0.7538856734447108,16.285505056021844,-0.25725108388363266,-5.44088772097685,21.150106109710432,21.602088525716233,0.44194806070148257,1.7698018399294557,1.6679518365260726,1.633666773047623,15.011844459925328,-2.947181971814916,19.623018509646208
3h,DMI,TRAIL,NOWKND,736,380,0.16151728475979593,0.33970153392034375,9.617906562042823,0.4090842627283844,8.459451526197736,20.678995250947786,28.312814637740537,0.5053137051155254,1.4924007516037336,2.3015628363140808,1.632845878796988,15.377709656495952,13.264249469207945,14.527414728358812
3h,DMI,TRAIL,VOL,528,277,0.1518752280225976,0.17466955842807536,5.603853721061469,-0.08504749060956661,-1.6720142022851103,19.659771150226423,32.082600834930254,0.49018420503703714,1.5333924511553116,1.7737546413930811,1.5950552549363395,13.46512474226097,1.786941331864056,9.236332454861174
3h,DMI,TRAIL,BTC,577,306,0.1527591985034026,0.2289880027947148,6.789643248994337,0.07699948384042657,1.435741189885631,18.646114470858734,29.650650541204016,0.5011781348537155,1.3582773192099638,1.7942147128060706,1.4359420042732822,15.730966912371935,5.8658338061486015,10.580128566488668
3h,DMI,TRAILW,none,625,346,0.4359008515986565,1.3017556423526948,33.345342400133696,0.9585418574132791,16.423819755531998,17.13417064524789,25.615669573644283,0.5370323664037431,2.2057364724559436,2.0085630011151383,2.0893141380527513,16.801381943308023,24.19934212552679,39.25231767127113
3h,DMI,TRAILW,DAILY,461,260,0.08165405349506819,0.010443233956027906,0.34715118318928706,-0.29494810316583453,-5.375857212495195,18.22645121224129,37.44753873256216,0.4020083755438368,1.1298942597561417,1.491534477760739,1.1998721681765363,15.671092452970914,-3.2294996469837356,3.901617085674869
3h,DMI,TRAILW,ADX>=20,625,346,0.4359008515986565,1.3017556423526948,33.345342400133696,0.9585418574132791,16.423819755531998,17.13417064524789,25.615669573644283,0.5370323664037431,2.2057364724559436,2.0085630011151383,2.0893141380527513,16.801381943308023,24.19934212552679,39.25231767127113
3h,DMI,TRAILW,ADX<20,0,0,0.0,0.0,0.0,0.0,0.0,0.0,0.0,,2.084488595212908,2.644648319384238,2.15774666058655,9.254368071626018,0.0,0.0
3h,DMI,TRAILW,ATRREG,404,245,0.6524606106413862,1.4540816749843741,38.08548843711612,-0.045551817801823824,-0.8727623119702654,19.15976911760745,26.192124618808222,0.4455361534125688,2.510964975385199,1.7139422003327507,2.164154234584042,15.193447997952292,3.4135326202549887,42.22999278078685
3h,DMI,TRAILW,NOWKND,562,308,0.47730504311801925,1.104316925660908,32.792033796697396,0.988672091880162,15.997715132346135,16.181012151281838,29.694404780649474,0.5240460753379701,2.459116016779916,2.182312475322576,2.271863914608208,15.344378368642285,20.073645902565374,38.105784283258345
3h,DMI,TRAILW,VOL,436,243,0.45061536013256986,0.6507043282270963,23.039221442067625,-0.2223885131814671,-5.426025460266304,24.398856679430715,35.40659012494983,0.4786209929860792,2.091552720492944,1.3409436102282244,1.7469919658193143,15.377883751070808,-1.1134258738385805,26.793783454922515
3h,DMI,TRAILW,BTC,492,278,0.46845712980272614,0.8129590767013369,28.0578504339164,-0.1646865668837494,-3.7887390661034526,23.005756558018998,34.51323841264426,0.4548076448896908,2.061185443712581,1.449055404847379,1.764630750446781,16.488350760337145,2.106102403803045,32.65762445804876
3h,DMI,TP2,none,897,504,-0.015700477754289784,-0.2694047714022693,-10.699853812001713,-0.426486157229267,-11.322291301235133,26.54785181022554,47.55061579175249,0.08125105947233961,0.8630571973468941,1.0677242544219898,0.8263674513047587,16.28870131672645,-5.622671764976584,-5.25039732694813
3h,DMI,TP2,DAILY,568,303,-0.004605595645873202,-0.21466992782289002,-5.973574964108696,-0.5301288157673915,-16.454749479363308,31.03915310761617,49.50927022734406,0.1155565504670855,1.3430566744023722,1.193615750880264,1.1624446248073115,12.052716851624723,-13.522150158539326,-2.5407225644307863
3h,DMI,TP2,ADX>=20,897,504,-0.015700477754289784,-0.2694047714022693,-10.699853812001713,-0.426486157229267,-11.322291301235133,26.54785181022554,47.55061579175249,0.08125105947233961,0.8630571973468941,1.0677242544219898,0.8263674513047587,16.28870131672645,-5.622671764976584,-5.25039732694813
3h,DMI,TP2,ADX<20,0,0,0.0,0.0,0.0,0.0,0.0,0.0,0.0,,2.084488595212908,2.644648319384238,2.15774666058655,9.254368071626018,0.0,0.0
3h,DMI,TP2,ATRREG,519,306,0.06470343130845654,-0.0076222821172121326,-0.183768048262678,-0.3314421858882412,-6.909320220923987,20.84623054970358,30.249761080736658,0.1063672667056858,1.3541350884337249,1.5190344076851563,1.391959424468237,13.282619729565582,-3.886782431959579,3.0480532549065797
3h,DMI,TP2,NOWKND,782,428,0.02048226228615316,-0.14749534499151182,-5.488958176011039,-0.43575806583944404,-11.620409409026733,26.667112602129773,41.52706909357378,0.08755069361029084,0.9882884577437636,1.223029356268034,1.0505532922404703,14.700779939654085,-7.59492086650293,-0.3785732749058246
3h,DMI,TP2,VOL,533,294,0.03812997223676271,-0.07838522129807192,-2.4713391766423953,-0.5201307000699948,-12.502893487393507,24.037984079215036,38.07988006345001,0.11065738121643331,1.416332381739461,1.3669401713416756,1.354770861937488,12.040894231004506,-9.957367746036926,1.754885759138336
3h,DMI,TP2,BTC,610,327,0.021009764342699896,-0.15042876971626112,-4.348401442359984,-0.5637965500121583,-21.559942219335003,38.24064233608748,52.416346627623334,0.1660438491584874,1.3075401654873897,0.7094943007037694,0.9233176908457105,14.472665235360072,-18.027603422574114,0.050896163549563056
3h,DMI,TP1,none,1050,569,0.04398602281155785,-0.17457756668630373,-3.208054298470786,-0.49669770155263876,-11.137285712920653,22.422664083418052,30.883180559372125,0.025122780976969437,1.6038225753285582,1.6161370902767864,1.5193089829693842,10.807780164922132,-4.865732433047166,4.021599789474739
3h,DMI,TP1,DAILY,591,312,-0.031178646771229876,-0.32829303784582653,-7.99791921537536,-0.3179899458629983,-3.152719004872606,9.914524172506113,30.19829588213102,0.0707021468131079,1.141726726456485,2.152057183876089,1.4378632493558126,11.233920293774291,0.9031234535227473,-4.426863579996654
3h,DMI,TP1,ADX>=20,1050,569,0.04398602281155785,-0.17457756668630373,-3.208054298470786,-0.49669770155263876,-11.137285712920653,22.422664083418052,30.883180559372125,0.025122780976969437,1.6038225753285582,1.6161370902767864,1.5193089829693842,10.807780164922132,-4.865732433047166,4.021599789474739
3h,DMI,TP1,ADX<20,0,0,0.0,0.0,0.0,0.0,0.0,0.0,0.0,,2.084488595212908,2.644648319384238,2.15774666058655,9.254368071626018,0.0,0.0
3h,DMI,TP1,ATRREG,565,331,0.0723605889186812,0.0946567865431849,1.0304821247081541,-0.4297760431962896,-5.06979813099303,11.796372113457998,14.12346962897285,0.04844825067706576,2.11842176714143,2.17346579075728,1.9690213269930577,9.816024388905687,-1.5795760194973196,5.083362200628705
3h,DMI,TP1,NOWKND,899,466,0.06890954382412923,0.04356393603901305,0.6247884569815954,-0.48064670733148007,-9.787693899789717,20.363592947781484,24.03745840229624,0.03103911191817267,2.0948468560368005,1.8072216078044046,1.7917378864178655,10.14430525123251,-5.009689015128882,7.277397861964818
3h,DMI,TP1,VOL,592,307,0.08594073566368698,0.09801287091848984,1.5773269044298655,-0.22143198781073528,-3.2538626422573658,14.694636824732576,21.585735459848287,0.06146630350037237,1.8647132127068131,2.017086533733714,1.788922160045001,11.13888242513128,0.22231235084182455,6.686407308011866
3h,DMI,TP1,BTC,641,337,-0.00922680029429497,-0.2999978806246698,-6.932473350379709,-0.37993908554204897,-5.928513382148859,15.603852321986844,32.05334168694425,0.11108464119679108,1.1911221693442384,1.8706379112773837,1.4123992419983804,11.31166434842883,-1.1585581959214775,-2.8081729380606046
3h,DMI,TIME,none,934,506,0.007579577357510085,-0.20372598506307588,-6.283869121450825,0.010059038961446564,0.195932044643099,19.47820715219921,30.84471094595649,0.16943842577049012,1.3505101086894307,2.060935402502591,1.4753463239720646,11.924419127848896,5.682726457554099,-1.7807787550862098
3h,DMI,TIME,DAILY,568,299,0.023875265840006148,-0.11107240118755214,-2.4715173796312606,-0.35193865414114417,-5.300262882136197,15.060189665925527,29.38105699505753,0.1712788074097631,1.6757802210961665,1.7418317301347486,1.4727027035467746,12.125265994597967,-2.4679035250988024,0.3382974412847295
3h,DMI,TIME,ADX>=20,934,506,0.007579577357510085,-0.20372598506307588,-6.283869121450825,0.010059038961446564,0.195932044643099,19.47820715219921,30.84471094595649,0.16943842577049012,1.3505101086894307,2.060935402502591,1.4753463239720646,11.924419127848896,5.682726457554099,-1.7807787550862098
3h,DMI,TIME,ADX<20,0,0,0.0,0.0,0.0,0.0,0.0,0.0,0.0,,2.084488595212908,2.644648319384238,2.15774666058655,9.254368071626018,0.0,0.0
3h,DMI,TIME,ATRREG,521,291,0.05798741127897911,0.02856673420692528,0.645311591152864,-0.24192682328193407,-2.799595080140471,11.57207391128312,22.589617226754065,0.13843281769848192,1.761396890114488,2.1888493527559025,1.8906029915057452,10.384187018020508,0.02493132365133377,3.248638359325695
3h,DMI,TIME,NOWKND,800,419,0.03870210592798123,-0.06338824293464115,-1.8665902626772035,0.048930574192633934,0.7902101403695294,16.14961919838841,29.446947513623655,0.1760865544556209,1.5732166961394738,2.363640371248692,1.8431325028792518,10.547890695553319,5.462203992066406,2.3450613721056612
3h,DMI,TIME,VOL,549,289,0.042027845707691004,-0.05351513327563495,-1.1908318766259973,-0.3752738289548029,-7.182310475434949,19.13885254252561,23.437267002368834,0.15704210701591842,1.5926195990505265,1.736892540523443,1.5679798615824108,11.449415321026768,-4.435678421713929,1.8851605730375587
3h,DMI,TIME,BTC,616,315,0.06408786927941999,0.03547378634659395,0.6923915407228032,-0.1918805356863755,-3.211599059074277,16.73749266743535,22.779078403768004,0.2728625264347168,1.7482262438583218,1.8696896761805255,1.6323858318388678,11.931894221664606,-0.02496052460072562,4.084445899456601
3h,KUMO,SIG,none,2128,1244,0.10671005298601327,0.6297728290521416,15.707139782717405,-0.0067159067630089535,-0.19558760529986285,29.123037618263925,31.577873326486472,0.719804801769353,1.5762473826565888,1.0297239124030286,1.0958368073701648,23.057125702432945,13.18150323423335,28.606545941436124
3h,KUMO,SIG,DAILY,1225,702,0.043362263735916985,-0.06166301837521742,-2.32515711381005,0.39189046362500013,8.750749177919936,22.329579283392633,37.70748132473092,0.549837721226458,0.9790011785351755,1.4663903550642534,1.027032816652063,19.989661956504577,16.58438983685535,3.3020653571454783
3h,KUMO,SIG,ADX>=20,1025,507,0.1733498826020803,1.1886040812197116,19.286152510505495,-0.14710827231590354,-4.532548536449044,30.810969805394418,31.902012346657628,0.6285212075337746,2.2940508112204343,1.3695319047282792,1.6577276864878536,15.403868950051136,0.4566312604532996,25.549826352578364
3h,KUMO,SIG,ADX<20,1147,769,0.05711147405829977,-0.016650382172000492,-0.38458734804458494,0.1796033311650514,3.515774940852734,19.575221228061835,28.62789105470045,0.511413032817083,1.0582072956512403,1.4424351638463575,1.1170688068221493,18.175471031967838,11.876778253677989,5.452806699117918
3h,KUMO,SIG,ATRREG,758,469,0.22507259275981162,1.7581487808961092,20.67281109937702,-0.05636911738090957,-1.0765129107808025,19.09756548974072,19.097565489740674,0.6468963061887795,3.1832041319773103,1.6623141881376968,1.9171551185921192,13.963314379013825,2.9119418794140595,25.174191903952646
3h,KUMO,SIG,NOWKND,1722,987,0.15674497294978537,1.354486961620211,26.92008181133254,0.21789578719547367,5.137238667690425,23.576585549503182,24.621381845244393,0.7246608233942158,2.1454932259494974,1.3032671167425922,1.4634171535540408,20.628954647157947,16.417696773835043,38.560783109905785
3h,KUMO,SIG,VOL,727,470,0.205610205267793,0.9802814662723558,16.2668146021691,-0.4638515439202864,-17.127657589236566,36.924869203798494,37.406004544032086,0.6231489420836315,2.052403289531536,0.75668324624345,1.2586740914227457,17.040806403458785,-13.825961576704483,21.114466191118588
3h,KUMO,SIG,BTC,1332,808,0.14574136190114514,0.500243163172863,17.422614931174294,0.89183345449503,19.564441563660353,21.9373263752906,34.82829194639842,0.6671309271747284,1.5153560174261302,1.7919581844205665,1.5144412597226178,19.78600410304828,30.595206312191326,25.77403952976962
3h,KUMO,TRAIL,none,1222,742,0.14722000672062752,0.5944555248472219,12.419206133745607,1.151693877205775,31.136018053316448,27.03497749667495,27.034977496674973,0.7038547033367796,1.912139474447481,1.8660617445381407,1.3511558273585875,22.361472448726584,45.21407528002142,21.20737573199549
3h,KUMO,TRAIL,DAILY,723,431,0.05461019785177052,-0.07627508584226896,-2.5362177166042943,1.2287292745458103,27.908875394462072,22.713608255796103,33.25093231424214,0.5596571318394636,1.084494388988947,1.9785736324376106,1.1812099196171002,20.239150729576536,35.53952435420498,1.37811579184568
3h,KUMO,TRAIL,ADX>=20,690,367,0.18485797335173598,0.5780729339967184,11.59830741023602,0.9267084842593217,17.654414435464894,19.05066667170454,20.063744085105117,0.6471022800557278,1.547857397415401,2.434766221529981,1.776176051067775,15.43969024240619,23.453683159956462,16.129731795773637
3h,KUMO,TRAIL,ADX<20,686,483,0.11985340067427266,0.13839859198925625,3.073827035661636,1.7257887439440476,35.1160005966163,20.347797909704536,22.209958869381087,0.5792207981331049,1.5194991525069927,2.3506361885138802,1.464010140538921,18.690378924195816,40.93031687937927,7.476934759071585
3h,KUMO,TRAIL,ATRREG,559,337,0.22162732728026904,0.8185913074974268,13.476698611896886,2.4616925596942,25.90800209746218,10.524466995456393,16.463280868566088,0.6575470772983343,2.3316089068116295,2.7763197063097755,2.1199159392129507,13.976264175232734,31.554806950475346,17.204858662240106
3h,KUMO,TRAIL,NOWKND,1105,647,0.18013743731700838,0.9407657380984626,16.890562235006357,1.5741219799226798,34.3472014678128,21.81991097633992,21.819910976339997,0.6928697761241362,2.0045011633454157,2.2109604895793975,1.6505704836242325,19.6488895069325,46.60343533340665,24.53609430798396
3h,KUMO,TRAIL,VOL,681,437,0.28805035894471354,1.2704928157355702,21.134001887986177,0.757656109737021,16.128974747380333,21.287988759146447,21.28798875914648,0.6417728007089211,2.0741722979678876,1.8330685515766931,1.6770142199146496,18.23851037923947,22.819132779496808,27.17385252164417
3h,KUMO,TRAIL,BTC,816,499,0.1797195378513708,0.45869373654260603,11.758072724333601,2.303153740146232,44.0503849066308,19.126115699004075,25.633820101752026,0.6460265254691053,1.4458574514248381,2.666992363804685,1.766499942569719,18.219353263624328,55.86148172502317,17.371299768571525
3h,KUMO,TRAILW,none,989,620,0.32469772875765857,1.329370763779333,34.880104045381714,0.478206852203932,15.481845040456331,32.374787122151226,32.37478712215125,0.7042451860376964,2.060507344967699,1.3140569203151375,1.401796737675914,25.251080455521468,26.25346506389232,43.7335327952489
3h,KUMO,TRAILW,DAILY,618,382,0.017027544592827976,-0.13235825964559642,-6.207459104973023,0.6599385416872248,18.70257721252113,28.33987717205513,46.898917540878585,0.5721329740528196,0.7046161565394881,1.51102306336245,0.8984489093904096,23.175062410543713,25.029912933228694,-3.433908096061533
3h,KUMO,TRAILW,ADX>=20,612,345,0.48419666315150844,1.4513877067514245,38.402414071615,0.27103818536123836,7.162924900371359,26.427733386809127,26.459101102330116,0.6389834913435892,2.1843164339755465,1.638065035507016,1.9757518610242828,17.48608723236852,11.491267802694471,44.580927469405076
3h,KUMO,TRAILW,ADX<20,569,421,0.11816340052032735,0.026052246807542066,0.8368961797473151,1.005957502580169,23.565788573711878,23.42622676730205,32.849665532617344,0.5585803178077365,1.17150158563264,1.851257460835335,1.2061994498448445,20.39184100757574,27.033944388247466,3.78237159981325
3h,KUMO,TRAILW,ATRREG,522,315,0.5720756153483136,2.479886982384779,42.06133160538421,0.947254910364876,14.76312758682945,15.5851687072731,17.260997648388887,0.6348499652835048,3.737380593867055,1.9521619012169964,2.23820777566243,16.66908207464324,19.14483805117959,47.6030012696353
3h,KUMO,TRAILW,NOWKND,915,557,0.3771822464847287,1.6539587714933324,40.9218937584231,0.7776739113391969,20.55343546128594,26.42937503958671,29.66134959034893,0.6966002975850274,2.1748125171678905,1.6366325042827754,1.7403186392771033,22.037970596735313,29.77376089147066,49.88439456416236
3h,KUMO,TRAILW,VOL,614,404,0.56400868620358,1.8434698800571334,46.141729496648274,0.17871840130033662,5.118457186264558,28.639788343131944,34.936445413392,0.6491245426234538,2.555762098607455,1.3284867313555009,1.7962540518119814,20.34095647657145,10.108877009535178,53.33206662012893
3h,KUMO,TRAILW,BTC,691,432,0.3928623762209479,0.7899868321575849,31.603293894971564,1.188534173634347,31.362353548767906,26.387422629058154,40.00483629411611,0.6474930666156395,1.7104249443340447,1.920899584578764,1.7067918142376841,21.92668472448631,40.85132549790052,37.8868952785242
3h,KUMO,TP2,none,1291,798,0.02590076948829147,-0.2075969054251108,-7.953954031280697,-0.561418634915133,-21.811150270668257,38.85006466514127,54.160528071694635,0.261828243969726,0.8003244158239871,0.59335484041801,0.7029619453061986,16.946186891308813,-14.48097441231938,-1.0332204323876382
3h,KUMO,TP2,DAILY,750,458,-0.015838196319339123,-0.24155047946685318,-9.48000206334253,-0.5030587940952207,-15.400420115805414,30.613559084090614,54.96043810510268,0.17309901395591804,0.788047784552563,0.9499619962207339,0.8437484072794903,15.2535328783033,-10.95073477760069,-5.051085045335901
3h,KUMO,TP2,ADX>=20,746,409,0.08155292286761576,0.08910271022711357,1.8334917900920233,-0.5685370605612555,-20.287368233363658,35.68345784413089,35.68345784413091,0.24244884153374208,1.6486111031838195,0.8025652039128651,1.1590839274341278,13.751960523001161,-16.485371454617358,6.893460010326358
3h,KUMO,TP2,ADX<20,729,511,-0.04083760156922832,-0.2959071068329587,-11.64692743060044,-0.07552211156548948,-1.189614027488517,15.751863961813829,39.980086347990074,0.15986455412803863,0.7925169599534769,1.6523873213774671,1.0473799829351231,14.384663218832728,5.090724857574314,-8.301917699610717
3h,KUMO,TP2,ATRREG,596,371,0.10966472399427021,0.2671352566620848,4.0575753396162595,-0.09780802864907068,-1.3487524021567499,13.789792318542604,15.189216842121766,0.3108311214183279,1.6405988455902831,1.9389508265607975,1.741942126262634,12.133490252971235,3.7584716806474683,8.371122287584454
3h,KUMO,TP2,NOWKND,1158,697,0.0547340773058567,-0.08028352194624623,-2.574480050442818,-0.5137208793723961,-13.913825488658704,27.084407208943862,41.43079867134806,0.2489918372680734,1.016293701697251,1.2202685532519628,1.0014984056981822,15.901307563206036,-6.68679503507602,4.57705787998155
3h,KUMO,TP2,VOL,685,447,0.07276945721878035,-0.017970918091454527,-0.41762766581814326,-0.45559398182418337,-10.58092597725243,23.224463885336565,26.405733813276346,0.25638823717525755,1.4254662390126307,1.3609578778229299,1.3466821411945251,12.9554921838141,-4.481180728591793,4.2282605393356265
3h,KUMO,TP2,BTC,850,535,0.06709892598003159,-0.04718204443624562,-1.2344589921924887,-0.4595878094970771,-8.610634216634839,18.73555833880228,30.387384096938796,0.2431613212255982,1.0772779626374303,1.671804788647736,1.1225149667766305,15.737143215794402,-2.66431912696391,4.236286790734156
3h,KUMO,TP1,none,1543,935,0.005118324054096361,-0.34629596068829904,-13.313388367833445,-0.5671053616189042,-21.530390184094006,37.9654146147228,58.90574280110701,0.15756801481263671,0.6781664958630816,0.6935989110626849,0.6626112404918305,14.837322138187826,-12.455602070397266,-4.632345352588696
3h,KUMO,TP1,DAILY,875,512,-0.013343335914591909,-0.30499578318300424,-10.01815577226739,-0.520972252946405,-15.331940915782615,29.429476961721967,51.53639859627363,0.09561360789817687,0.8217132611596306,0.9687483874182691,0.8412375668511567,15.040953765216091,-8.53528867319625,-4.509318786716343
3h,KUMO,TP1,ADX>=20,810,430,0.052512594011945364,-0.12518501858612116,-1.48983155591903,-0.5392568779677697,-15.767080444330094,29.238533783286236,29.92322538517964,0.1294600146229477,1.7259930156334187,1.139396899749385,1.272070949788993,12.46537968363748,-11.15276048111664,4.530367469570673
3h,KUMO,TP1,ADX<20,836,582,-0.0415494406866498,-0.33643569002869755,-12.979225242081094,-0.5341787371741643,-8.738686341619694,16.35910554554799,47.698335608712185,0.10828407434919944,0.7702140476735108,1.4677939648686076,0.9987137961058592,12.912754452547315,-2.1488733287105655,-9.146410399835403
3h,KUMO,TP1,ATRREG,632,405,0.07066701631839488,0.05248137298055505,0.7230084867735798,-0.42219600589337347,-8.044212139669982,19.053264425484794,19.053264425484816,0.20413742782010452,1.8520154717699642,1.785139431375701,1.7109182811155292,10.783837987392896,-2.7989776984565173,5.511383128711911
3h,KUMO,TP1,NOWKND,1353,797,0.01647428340956155,-0.2895277918017796,-9.675790333582501,-0.5451604486280014,-17.091755814464417,31.351789839998535,50.84764329153231,0.13600754233830836,0.8545846177607933,1.0572902499991772,0.8930710330918825,13.873647651091403,-9.1227221553834,-1.3997768116713716
3h,KUMO,TP1,VOL,738,478,0.04389618363790668,-0.13399811454029453,-2.9617220186933246,-0.5619823904443542,-15.28184758004787,27.19275165893482,34.55754239199247,0.15907131288535528,1.4173765537377863,1.1873544845826745,1.2563757955797499,12.255553734820278,-10.218889735229164,2.4630595954605594
3h,KUMO,TP1,BTC,987,599,0.02570292173475587,-0.26248134965606423,-6.630680854693294,-0.44679885761852833,-9.038286381481797,20.22898274551673,38.55458931388254,0.16383503996291054,0.9691085407667257,1.7746739038233053,1.0927416749360979,14.11654852584805,-1.5568500523690743,-0.010875770904617
3h,KUMO,TIME,none,1461,874,0.014972784061039046,-0.2629231540532953,-8.677250252202606,-0.40357818981523447,-13.843169767250041,34.3010849361996,50.326103450985414,0.32094637393858577,1.1743039594422868,0.8777166542653496,0.7636077761892672,17.577777048214706,-5.492873812929355,-0.5661192530374892
3h,KUMO,TIME,DAILY,861,503,0.0013510291343756002,-0.19969612196213363,-6.932432104389052,-0.46722258948861667,-12.585656368176657,26.937174381812056,48.91086475114902,0.22496508416493785,0.9600938563173724,1.115837457061508,0.9872341234259807,14.63374863870035,-8.172095281041102,-2.335034109834766
3h,KUMO,TIME,ADX>=20,756,384,0.05323052403420089,0.0042533632190897225,0.07345200207473646,-0.28205544900711127,-7.134788252769941,25.295693729320778,29.242341725475807,0.32998529062788523,1.8036239127224707,1.611554342260404,1.4982126376615028,12.233698495290945,-3.325699391011472,4.31877414110815
3h,KUMO,TIME,ADX<20,799,552,-0.02054136613679252,-0.2843673847570784,-8.946075827463106,0.10526920216556337,1.4683614629883435,13.948632959894203,31.562420775487652,0.20819456154550608,1.2020953209013507,1.8344819539598645,1.203720352369207,13.843485257204657,5.606508846416913,-4.5629983053450225
3h,KUMO,TIME,ATRREG,586,363,0.04221386174915287,-0.031245642711816127,-0.7088109440604895,0.14788444867361575,1.4497545058806516,9.803292495482685,22.685113268367473,0.3765477640371424,1.5368229553970423,1.951174500407281,1.5441127554281227,12.848503871296879,5.319367680654463,2.1758743417624515
3h,KUMO,TIME,NOWKND,1254,722,0.017539820899512882,-0.21493805316919135,-7.003605150358405,-0.3623438487044972,-11.606570871027422,32.031924682935475,49.052206874369034,0.318408582241008,1.2098987409524933,1.0378740117589595,0.8973886271139119,16.26101982296162,-4.751782511152536,-0.4666499019851278
3h,KUMO,TIME,VOL,700,456,0.03950350252362122,-0.08751085864093426,-2.0529288614843155,-0.4555886689080084,-10.50223293385738,23.05200644921652,29.087519470075573,0.2983951510235171,1.7575103609048348,1.100254902044646,1.0496497821331612,15.982167332323638,-6.275275488664434,2.7901525692493268
3h,KUMO,TIME,BTC,957,574,0.036298503898633656,-0.12252386426768652,-3.493594042865311,-0.18015962814060046,-3.793094404153974,21.0540754513201,38.98322295889276,0.34398851786897927,1.0583872223869015,1.605037364157217,1.2111965911668043,14.601021706138273,3.1239275728425886,2.0121504311850558
3h,RSI50,SIG,none,2516,1451,0.07750165461348987,0.5629342072607726,10.782792600520885,0.029157897870815134,0.6639723996887614,22.77161414826643,22.77161414826645,0.6155012102097726,1.7000680252335638,1.2078681265737614,1.1798433657876084,20.130435540534464,13.296388407012593,25.125498847965755
3h,RSI50,SIG,DAILY,2292,1337,0.03459874515854324,-0.118268094400175,-4.951674370954528,0.018392811104150218,0.42112726116299015,22.896296753026814,46.88821295883907,0.5608486686462238,0.8680928580795217,1.1987593559545417,0.8825401000414529,20.15871095337769,13.6285952284398,5.435789342925257
3h,RSI50,SIG,ADX>=20,1440,773,0.04536047101256439,-0.0267261539620154,-0.8544070754780586,-0.12409764562969157,-3.488791128495994,28.1132741140519,31.968949841880967,0.49316620252619403,1.067956812595386,1.4696942424121198,1.1802264089126673,15.787406594225084,2.9668021970740366,5.776292690987073
3h,RSI50,SIG,ADX<20,1365,846,0.09507454425580686,0.9356857300445864,9.362100245847582,1.375105733787413,13.795568296189288,10.032369116949692,11.925217534016387,0.5166628472393272,2.1809009015271683,2.5348133964887833,2.043230753172908,12.73743907778443,24.54614109286919,16.378828483498342
3h,RSI50,SIG,ATRREG,1053,644,0.12219420996639883,0.5480985687979767,12.771575783507604,-0.1870157122107874,-3.3751256924887008,18.047284116345054,23.301603964258977,0.5069829421794341,2.0221615523887535,1.4703291540301953,1.579247345374788,14.99998827527278,1.4974717466650134,18.092632430624043
3h,RSI50,SIG,NOWKND,2059,1181,0.07494288996532122,0.3808082367956916,8.905148976511201,-0.5004484687156022,-13.388643491315467,26.753290954565877,28.55987864173062,0.5186784812133204,1.8520996108505903,1.0415469058074383,1.3376860317747263,14.936882915919348,-4.131507029557058,18.615093247588497
3h,RSI50,SIG,VOL,999,611,0.10666010864099372,0.5070046268572861,8.605702612349496,-0.23856385008510775,-5.476557056459663,22.95635761455853,26.315852905130722,0.4845879583009277,2.4331922029614668,1.386233630463589,1.462072470685436,14.873233643992368,-0.07791441967475166,14.35564627039918
3h,RSI50,SIG,BTC,2358,1353,0.08913815094011593,0.37013568211357445,12.438512406694379,0.16682961681346375,3.220871512522283,19.306353236569606,33.6052777610284,0.624716456688707,1.3607737835986338,1.4646783062069417,1.3873716258807711,17.99836613137661,17.6364418012807,26.103305403240928
3h,RSI50,TRAIL,none,1263,764,0.17142675511611405,0.9506503978427793,19.173963819650062,0.8928630331647198,19.65523473239843,22.013717672610078,22.013717672610046,0.5188994099087565,2.099855492198409,2.3119860158789867,1.9973187890594342,15.490702735363705,28.33688159480616,28.862705075868877
3h,RSI50,TRAIL,DAILY,1061,671,0.06832600075468814,-0.03605230278667661,-1.395500786910575,0.02982624173438228,0.8433206231760249,28.27445142724384,41.40354229152297,0.5153756719672173,0.982900091286515,1.0683592635829624,0.8447099320002092,23.01089662014306,9.47713638716925,4.70238747121936
3h,RSI50,TRAIL,ADX>=20,941,517,0.10246306412157513,0.11801100654674111,4.088235575115795,0.4348171198650644,10.225347653321904,23.516432969555357,34.64283285726023,0.48946676293301566,0.9712758963928532,1.9262483779890707,1.1458585663888723,20.472952897435903,17.465472273300552,9.266859900489099
3h,RSI50,TRAIL,ADX<20,700,459,0.2173741299590446,1.3264956394924152,15.559940186069854,1.7183514882054887,29.1182931673003,16.94548139141728,16.94548139141724,0.48878436122671887,2.6180660250676366,2.65609959220115,2.0294365289119893,15.393228469780906,33.75932079240529,21.69608432583543
3h,RSI50,TRAIL,ATRREG,719,449,0.20411342335297894,0.6221955570524302,15.8474019855386,-0.18942285364535524,-4.955073599726312,26.158795015322656,26.158795015322656,0.4758345425793696,1.9259765214279536,1.2861568160698156,1.493779226718781,16.38185977081239,-0.38476763877994813,20.1225097750098
3h,RSI50,TRAIL,NOWKND,1178,702,0.1458204566846732,0.4179930902556186,13.848956679854796,0.48869989375806777,10.961781192292541,22.430496368634778,33.13202299919751,0.528493398670986,1.6279152981537908,2.0236542299013567,1.745611656100117,15.617657445671718,16.974920988757436,22.047377985778493
3h,RSI50,TRAIL,VOL,893,518,0.18936569810189152,0.51763511759176,16.29277393452666,0.3825820337203098,8.936413515257623,23.35816302809105,31.475403002653657,0.5364540039151319,2.3263562941396145,1.8999588328929273,1.7857020886485817,15.467666998389696,16.284012212934385,23.855619630465362
3h,RSI50,TRAIL,BTC,1129,678,0.15367107048833242,0.31487699082666276,11.338875369371637,0.5773295881104175,12.032045188815665,20.84086011977351,36.0104920324699,0.5801184845188929,1.227078457271447,1.667716622191941,1.3504951736355209,19.733893207991915,21.70097890543552,19.41066276850507
3h,RSI50,TRAILW,none,859,541,0.3498618909389451,1.3184768697391356,38.27204054522939,0.071943995788377,1.358461758822016,18.882211697247484,29.02746451122925,0.5575460410957171,2.626889567811391,1.3639238597678576,1.8434078169943935,18.140721776737067,14.273757593642289,46.66132263599461
3h,RSI50,TRAILW,DAILY,754,498,0.12831512688733585,0.11027063380786822,4.21369578908064,-0.0058172470226066945,-0.16751298986150687,28.79592171529355,38.21231132508443,0.5273102377297055,1.1708172566446333,1.034393125508756,0.9220933836894434,23.23003445159545,5.105829710364884,8.957379863515747
3h,RSI50,TRAILW,ADX>=20,725,407,0.3063173725242334,0.5199633823117392,22.6975279740429,0.6752623339432701,19.43977481455854,28.78847795498647,43.65216618356945,0.5446983066253932,1.315066022653233,1.8443720169693283,1.390768279346319,23.091800484031477,28.361993424541552,29.57947014886022
3h,RSI50,TRAILW,ADX<20,531,375,0.3120440257329687,1.2526175915193984,18.727219347853975,1.1460948768971035,18.746219247114038,16.356603301348738,16.356603301348727,0.5235806819510594,2.353223422318979,2.184801087607123,1.8964277320615357,16.04683193056896,19.64998984396946,23.559683181139192
3h,RSI50,TRAILW,ATRREG,568,352,0.5503903210853994,1.871000209404415,44.99120363353486,0.2930457155927139,5.6939589545132785,19.430275385520257,24.046605343703654,0.5126601899397875,4.094568277601772,1.5666009614024523,2.071820891602513,17.60877272027551,10.136181460478944,51.904981889310854
3h,RSI50,TRAILW,NOWKND,829,500,0.4156337492710473,1.5398950933012638,47.2969026919428,-0.18619864526701407,-5.162288730818143,27.72463098974365,32.7021783846545,0.5376289054611415,2.984058225948967,1.1891117478168713,1.8279283449396686,18.988300616572495,1.827400189026851,56.21248646664678
3h,RSI50,TRAILW,VOL,674,392,0.1213513082432157,0.10265396554669076,4.935511868241527,-0.003194389375574266,-0.0695882646936874,21.784527968252863,48.07911552132563,0.530254831333941,1.438173955867512,1.6886650143134756,1.5161618745212413,14.248755032830452,6.183161758418487,9.652707426819006
3h,RSI50,TRAILW,BTC,777,496,0.47149823598153795,1.297148573687783,46.89975861020743,0.03661908301938053,0.8514875120712917,23.252562376306496,36.15604223105437,0.5459065936565249,2.2078197298707694,1.295795318570253,1.8634778160188203,19.551058880884142,6.576991174280433,56.34849722211801
3h,RSI50,TP2,none,1449,855,0.02025284239157023,-0.22418100698295393,-10.676519269472307,-0.2880901937217113,-9.449811517995755,32.80157299322747,50.370182217952355,0.07758492663327816,0.7606776433456035,1.2340384495333019,0.9209526273511167,15.343310987664772,3.4491638013626424,-0.07208241416069017
3h,RSI50,TP2,DAILY,1161,712,0.0054553873422027825,-0.26843260617843895,-11.133481237696486,-0.5342619858456426,-21.973962381281208,41.12956370365804,64.95319073672555,0.12715358703575053,0.7339998766482967,0.5594583372586059,0.5261211767065306,20.570444785133567,-15.402863304601933,-4.982275045982465
3h,RSI50,TP2,ADX>=20,1076,632,-0.055658043399262475,-0.35663764021485983,-18.235837882588935,-0.4277169532779024,-13.265907964253188,31.015623445802188,61.94823586663677,0.0788164673217842,0.37247010089854987,1.2936101247551768,0.5584499795504072,17.750213361650534,-5.509226030680436,-11.56780660784812
3h,RSI50,TP2,ADX<20,787,513,0.14460727725116915,0.6803269132996359,8.497325250846476,0.021203044712289815,0.27104626322651537,12.783365167805838,12.783365167805727,0.07352007622282669,2.253913116666006,2.15828685236026,2.0395494677168347,11.474657230368134,8.893473964911314,15.175231306027825
3h,RSI50,TP2,ATRREG,818,517,0.0265091699255094,-0.1874686818421266,-4.910488570349047,-0.30152121218972705,-8.139084873138225,26.993407243324707,32.81822784213663,0.09050334864668956,1.1957086812987776,1.5989338893533342,1.3263328073743497,12.437226995059959,-0.5643511410733604,0.8170800155944846
3h,RSI50,TP2,NOWKND,1319,779,0.08132435590973326,0.035043945092931086,1.3605515770939158,-0.3784690369931406,-11.506215312895218,30.401999075828645,40.228784544297305,0.0973620276260286,1.2694907737199947,1.2976058124784162,1.2386724274791057,14.796418130257772,-0.2897347640589909,13.539381230823789
3h,RSI50,TP2,VOL,934,573,0.04576712005873293,-0.0868862558483457,-3.6732288660467183,-0.3370836704410589,-7.525067890315917,22.324035692591405,42.905098018016965,0.12853501981501558,1.290087200341732,1.4807927749973913,1.2628673631115859,13.543527843323677,-0.03659539893355879,3.965284862107765
3h,RSI50,TP2,BTC,1214,723,0.0681767800523409,-0.0635408647027352,-2.265324747620112,-0.5400313150636652,-18.58611752845415,34.41674030748199,50.64034637781709,0.19267815706315175,1.057053627399149,0.7316801768591978,0.787872417164726,19.250829131258595,-10.67346346416953,6.054317796666386
3h,RSI50,TP1,none,1988,1203,0.06942944971063157,0.00490018661684995,0.10578954119702111,-0.5112022435238751,-14.713301583902583,28.781762541727606,31.894463339349986,0.008109055521500444,1.395070081853612,1.1908368510603615,1.3188979373452332,12.945073568999677,0.9033278520633958,17.19587663751605
3h,RSI50,TP1,DAILY,1458,882,-0.004198267143447055,-0.30694371280105964,-14.603627344431114,-0.5771179957458478,-24.930898901861788,43.19896292549661,69.90823648438939,0.08078445112043664,0.5901147246787468,0.4501210568757974,0.47984744567381243,17.84204294473636,-16.260812255065183,-5.784156077562019
3h,RSI50,TP1,ADX>=20,1319,747,0.03583341556244789,-0.21318099825919537,-5.583295449022463,-0.5331261666682923,-16.512072627493335,30.972166927546517,41.72452060095744,0.0037981489689518327,1.18838259080998,1.0842058982849438,1.1122369206289626,12.869354329670424,-8.700641265569987,4.0524916345265005
3h,RSI50,TP1,ADX<20,991,650,0.08226741605373973,0.12437886689395142,1.3159459285688069,-0.09278874820875388,-1.2347458617746554,13.307064548351855,13.307064548351955,0.03606785777271255,1.7803881387155354,2.069704679929435,1.767642484952536,11.496274533277017,8.189559904991018,9.624801913459624
3h,RSI50,TP1,ATRREG,953,608,0.05631171961463114,-0.038493842167146006,-0.6687228659826405,-0.45730142581947586,-12.017989295044075,26.280235784325523,29.691619119042212,0.04359847270929466,1.598494074081174,1.415002417394167,1.4395932162399254,11.932929277705817,-4.3521573762261845,6.555972623710482
3h,RSI50,TP1,NOWKND,1765,1057,0.07542432058818442,0.07011880130166274,1.643587623571996,-0.4859948805362419,-10.586046905070479,21.782218967800524,26.84414589110824,0.011034082362858175,1.5176651400936256,1.6741697351212177,1.4924554134841965,12.455420871699996,1.8296013859940397,16.48085322609618
3h,RSI50,TP1,VOL,1128,662,0.07586210799045161,0.04108559363844819,0.992160285077226,-0.5589801062227793,-13.47889860279814,24.11337801246576,35.51873335857437,0.051820927194046615,1.9417013178872435,1.278919791147457,1.4074449903593653,12.420672237022746,-5.209495505180128,10.409948506834033
3h,RSI50,TP1,BTC,1535,898,0.016679860614129512,-0.26220417745750974,-11.60606646597968,-0.5263317432265602,-16.47617211472223,31.303778133765427,61.06481736014266,0.1446462476173744,0.6807381121573945,0.8664832448559119,0.7106680048019482,16.652214112892306,-5.756262796716404,-1.6079726800928729
3h,RSI50,TIME,none,1936,1159,0.04537643421618967,-0.09471064893487129,-3.3623787677718786,-0.34144551246494725,-9.436843421479246,27.637919014818014,35.50159148507209,0.1016063029841033,0.9660781823758503,1.4284718539770693,1.0238609095532534,16.5695740467099,1.4398590812475076,8.310856260135857
3h,RSI50,TIME,DAILY,1467,884,0.032467980152333764,-0.16981639745155996,-5.453197914022667,-0.5412553607358134,-21.56186511416879,39.83676962544327,58.022669783045664,0.18486584995635186,0.9866812416270394,0.5945404531723281,0.7458850253839934,17.439631002975453,-14.698404268965248,3.058720750527555
3h,RSI50,TIME,ADX>=20,1198,681,-0.005882876982221739,-0.26535268776237525,-10.156305865059622,-0.20877464574279195,-4.37509927860601,20.9560852709868,41.403365463533405,0.10512736590702078,0.7426288747012864,1.9541841106194024,0.9636933939022932,15.712479351341035,2.301631339762533,-4.887058621291585
3h,RSI50,TIME,ADX<20,954,605,0.09658203532534629,0.5503121796691149,5.110876833131384,-0.48491583160703666,-9.34341519946502,19.268117455560173,19.478860010428345,0.13889307665093872,2.204641160375709,1.7259942971847646,1.8492512654292133,10.759774023022084,-4.985579952571351,12.352866113026128
3h,RSI50,TIME,ATRREG,864,533,0.03119637475334889,-0.08098711477473845,-2.1384426729913697,-0.2613901413636204,-4.096310498551059,15.671250939998815,26.77442520581792,0.1272741960164643,1.2963082447044956,1.8271766039047919,1.4491303987346635,12.644365781939582,1.780006646650989,2.803898637431468
3h,RSI50,TIME,NOWKND,1645,960,0.06847580604455024,0.09271246933380398,2.775891662146268,-0.39857400216115907,-12.776994430528088,32.05676828204628,35.846213015158014,0.10357417954302787,1.4989558816545354,1.2687772155542145,1.4150348910321497,13.047442547165744,-4.913350106682612,13.885433560479111
3h,RSI50,TIME,VOL,1040,623,0.09171289484811157,0.2797192095879795,5.00561333299816,-0.49694164327296897,-11.09067704333665,22.317866078380888,22.317866078380966,0.14387725852918573,2.265701287169679,1.235554187671539,1.3893656162007302,14.037455603016358,-5.229693532111823,12.152064503757053
3h,RSI50,TIME,BTC,1561,903,0.08180726825606982,0.14182720230666093,3.4400496372964495,-0.504781120712146,-13.03750156294361,25.828029274451236,38.5415913554562,0.29196420397786876,1.3175727852680528,1.2769656764192667,1.2295675493697833,15.079118295244099,-4.88971257632368,13.94430910190978
3h,DON10,SIG,none,1986,1171,0.04103885620127296,-0.11075801476461136,-4.547208586827612,0.6584277465027469,14.667598681905192,22.276701976507606,41.055345714633596,0.6965833914788716,0.7476696993784216,1.6373216802481434,1.03650443848419,19.861552713101783,28.594385686478716,4.697760410629992
3h,DON10,SIG,DAILY,1195,698,0.03236037837472514,-0.13565408050258293,-4.543959137068043,1.3720507948363534,18.309634046220282,13.344720264823795,33.49666386910878,0.6700218604440399,0.8361199526572723,2.266399278230802,1.2210328658711331,17.376719824819396,27.136323329053603,0.9100948762664762
3h,DON10,SIG,ADX>=20,1463,858,0.05811789631101399,0.013717542843154924,0.4152309899400075,0.2884599982145294,6.129938435031268,21.250566709330688,30.270070572238705,0.7181682335239384,0.8933909751330856,1.4457157803479257,1.0673505841059747,19.510217108668826,15.141697090157358,7.24815242668555
3h,DON10,SIG,ADX<20,928,595,0.03979038664011278,-0.06924275727337595,-2.034500335869527,2.0431223248019506,29.333682083696132,14.357281366664909,29.38213924435673,0.5200410698822205,1.142070833981239,3.107207196369359,1.7164110004693762,14.20125691200045,38.80890238011416,2.6805110480663252
3h,DON10,SIG,ATRREG,1128,677,0.11937190162335752,0.6177462562023199,11.10654552599768,1.162952633667438,20.235263462247133,17.39990338078866,17.979138545131292,0.7683727093141463,1.5691786986313365,2.1501208805509666,1.6687679140844653,16.49117680502733,28.840635169187934,17.005908733460508
3h,DON10,SIG,NOWKND,1763,1037,0.057178819662445965,-0.0012771766855285062,-0.042290956154311665,0.9297818042953871,16.82638555390139,18.09713362443446,33.11284697998642,0.697737035726214,1.061998760432069,1.8861946816133577,1.2731808363159103,17.88844754332153,29.372344970606235,8.372416851270415
3h,DON10,SIG,VOL,1523,915,0.07796633711446854,0.13555397447942705,4.067121756907532,0.5249830212190814,11.624723885000643,22.14304732752398,30.0037071766184,0.7137277420165206,1.2299538058416075,1.5414826913341722,1.173224391040477,19.900611461360242,21.851162607915086,12.0759807817028
3h,DON10,SIG,BTC,1389,855,0.10564123973942674,0.4071504021538811,9.579940259680786,0.9747972086393226,17.557869480085884,18.011817560079145,23.529241796155908,0.7184601648308245,1.4415338894000387,2.1649865431584763,1.6866076275861617,15.749366937485675,28.43344912261383,17.269519250481768
3h,DON10,TRAIL,none,1605,948,0.12637676590433655,0.32233686427729114,10.641078383953007,0.852662798371656,26.857101955754437,31.497916887008415,33.012291063298896,0.7319883766321743,1.1737565814599078,1.589926363340129,1.162881063872086,24.873491200458076,43.11331331909321,21.607526239954723
3h,DON10,TRAIL,DAILY,1015,590,0.0780253882208662,-0.040397285231573016,-1.4075951762401284,1.4632814623387522,28.987931454641224,19.810222572156434,34.84380616596494,0.6878962322674503,0.8821120768556857,2.172852698765595,1.3084788125280884,18.660533025649894,39.648855635928214,4.800347001110006
3h,DON10,TRAIL,ADX>=20,1230,714,0.13408918002966888,0.3274473960674744,9.563305349872863,0.3795635058431637,9.894352144326145,26.06771196916521,29.205623451964268,0.738945127002003,1.025264573787275,1.3552050683816226,1.1309955073601463,22.205687795857344,19.609573947000026,18.10955538440915
3h,DON10,TRAIL,ADX<20,866,548,0.11789182267186021,0.178423084909475,5.337244966327193,2.219600409048495,51.390325027905504,23.152962496495334,29.913421623861648,0.6309369254318711,1.3654591350249936,2.602376288255036,1.5344819592861145,20.076432807352173,64.05464400597336,11.273450475608438
3h,DON10,TRAIL,ATRREG,1001,585,0.2018630143428698,0.8751930086464483,20.048035528229136,1.608706033870718,36.24252982702636,22.528994772166655,22.90698775031913,0.7926544378067033,1.9133583870088597,2.1848505451378113,1.6673430382191428,20.18768238227858,47.32976871914325,27.14446861352169
3h,DON10,TRAIL,NOWKND,1487,869,0.12824480402004151,0.3225322679519035,10.433790552435296,0.7481560725159105,21.734334689762225,29.05053569460938,32.34960216132917,0.7330918688854604,1.0983039992332537,1.5541673340347997,1.1821276068475741,23.554203352698234,35.03644556905306,20.50320650393498
3h,DON10,TRAIL,VOL,1325,785,0.17517820076756488,0.5596605398611478,18.432404285208513,0.8263918588721666,26.965586951508747,32.630508955292136,32.93497213468294,0.7411584261878726,1.461573078187886,1.546876122350351,1.2425666366859849,25.511776596197635,41.15184934830762,28.598931002774442
3h,DON10,TRAIL,BTC,1171,714,0.19180480553030446,0.8067700555376105,18.95122442810142,1.1401188414134378,27.48038245292208,24.10308597203241,24.1030859720324,0.74130352046218,1.5492769125796375,2.0672581713703133,1.6645071065786854,19.20991579836254,40.07457224950202,28.46472374207172
3h,DON10,TRAILW,none,1191,698,0.22104435626455188,0.5324412302816545,20.384894519714504,0.2033462325736893,8.189525854628021,40.27380173694771,40.273801736947654,0.7283662524878762,1.3130681302557878,0.972404103257454,0.9741422291777972,29.841330336275718,18.666381291265232,30.684703399951974
3h,DON10,TRAILW,DAILY,827,471,0.22965985369315536,0.3468965424074893,13.606729711403954,1.1450286536194267,27.645076104771714,24.143567077894378,39.224172189702955,0.652655265770639,1.1385434294439902,1.9282094039476072,1.363239388375699,22.253521178566693,36.18460417147635,19.76685781823011
3h,DON10,TRAILW,ADX>=20,929,532,0.3469181634613378,1.1393004802531062,35.274437656760036,0.43870809953959333,13.686047456342987,31.19624978591904,31.19624978591904,0.7240659438570134,1.8622204989466025,1.2892680090501552,1.41591682090483,24.749185140231024,21.72033827175486,45.32267032276434
3h,DON10,TRAILW,ADX<20,737,468,0.024027905659195253,-0.14583882564368272,-6.210345414617824,0.9204198475863185,23.704360617368337,25.75385643793965,42.58362193474531,0.6127047422326993,0.7823256052802429,1.748499678433675,1.0015162794984636,21.642688630252348,31.820173333416047,-2.4234424285923817
3h,DON10,TRAILW,ATRREG,773,456,0.48793529222303056,2.072924232421879,51.47598627300476,1.0515506530194048,33.275238200230106,31.643970839335367,31.64397083933529,0.7555580327663207,3.3253090576314888,1.7076209993061815,1.754621773223917,25.013932931945103,41.73995985114223,59.936349015570165
3h,DON10,TRAILW,NOWKND,1114,654,0.2645156068438302,0.7497784291838236,27.286206934763246,0.4392702244894004,15.815523488321626,36.00408724881204,36.39236055972673,0.723560199133868,1.5680237359747522,1.2214382978054894,1.2045294593906717,27.38717621214831,25.257664620317797,37.368424631635236
3h,DON10,TRAILW,VOL,1025,634,0.3735421011415787,1.4628694128774018,45.31680088526866,0.17999148152023417,7.466395661891134,41.481939027496594,41.48193902749659,0.7354894542586384,2.155695938673352,0.9332395421690145,1.209506148877557,30.57151817616991,16.631082736279357,56.27631559595567
3h,DON10,TRAILW,BTC,924,563,0.381206196258217,1.4703631873890026,40.89388352091197,0.7828739745891028,20.641843072692566,26.36675089822291,28.547188866390584,0.7034608023024034,1.9629458171430445,1.6758239835478241,1.7815983265050577,21.62987044575434,27.81781173958624,50.88470663199607
3h,DON10,TP2,none,2541,1544,0.04899417259147914,-0.19994953995104126,-9.221511288737483,0.7360784675533998,19.206998062139057,26.093682818871024,46.119192327201254,0.5682630180910669,0.5954231875034809,1.8996754449971531,0.9801427205232429,20.227884365952463,48.60155321121758,8.513634011102189
3h,DON10,TP2,DAILY,1648,987,0.04723887085702347,-0.18341727853374803,-7.375456599759655,0.9900576952688466,17.799315136180716,17.978058471983672,40.21135118086817,0.5455848117869263,0.7724949799634822,1.9997233468537323,1.1663443156958413,17.328227612171453,37.32001891312677,3.182867272007761
3h,DON10,TP2,ADX>=20,1987,1174,0.023398941852778465,-0.2731424089516853,-13.430459702111142,0.5289479342653853,12.219696198852104,23.101888498388956,49.17017373339042,0.5799298113152149,0.43193617332342155,1.9223503017980397,0.7702094364188334,21.54046662395799,32.737302905717854,-0.6565992512875596
3h,DON10,TP2,ADX<20,965,625,0.06257627432857116,-0.0716783496567801,-1.957258690498409,-0.05338142406233752,-0.9124129543938486,17.092330720296168,27.306134974792496,0.2216311245820325,1.3496181302794166,1.4811987275438958,1.1800750515256913,16.164135686715785,6.450800122396694,4.293595861317567
3h,DON10,TP2,ATRREG,1610,965,0.09137791262091531,0.22126573257500873,4.596829158034921,1.813301319329239,33.69540263838044,18.58235158117282,20.77515168995544,0.6396136580759653,1.3414125782379445,2.5438638042980197,1.6302548145296099,16.97115034903809,54.51002617390193,16.710713303328852
3h,DON10,TP2,NOWKND,2195,1341,0.06142979518153099,-0.1135939139552364,-4.3991205996905975,0.21801184122739095,6.358678867587764,29.166667424066784,38.72672792509066,0.5431501451714125,0.967842210133823,1.3320412946933173,0.9213851534197145,21.08862362785031,27.29824563738874,12.17966490635134
3h,DON10,TP2,VOL,2038,1240,0.09720945457358111,0.1926117415663641,6.004791270332865,0.8802851803915278,24.167278052670117,27.453919015109562,31.175624193522612,0.5610183312562121,1.3226570329196172,1.7841809608273642,1.2497624714305153,21.47155030565858,50.58203022459566,22.95709751955126
3h,DON10,TP2,BTC,1905,1195,0.0992922108771375,0.24775476098165716,5.067999005933332,1.0385520195224514,21.171206493072138,20.38531156369723,20.455707837269564,0.5909892095036885,1.2146254583743592,2.132827441733936,1.5089532970854405,17.154383875490453,43.64006946174441,19.51749447741189
3h,DON10,TP1,none,3890,2339,0.037108568185269634,-0.28440919844125334,-16.43038179327505,0.05899007533162257,1.5129314205472921,25.647219672836407,57.77021939980911,0.45588346803231183,0.30159225361619024,1.4376417929711063,0.5356214333986595,25.222465208959978,36.23168592957819,7.541488545928199
3h,DON10,TP1,DAILY,2323,1392,0.030561237557361877,-0.27861383855322386,-12.500259263897128,0.1310566981797082,2.5658664757393534,19.578293298836,44.91627837820271,0.45581323071221613,0.5683654706341055,1.545556429012751,0.8723283543166742,17.466546246905178,23.441260019973974,1.5531707683579032
3h,DON10,TP1,ADX>=20,2868,1655,0.02976306299368889,-0.30035483614221664,-13.96260767105918,-0.28250086224761994,-6.255564025609894,22.143521884640183,46.487041295542674,0.4763267523840935,0.4560219703695498,1.212865077657617,0.6470305815402281,19.82050237730314,14.480924632785763,4.8065879770024855
3h,DON10,TP1,ADX<20,1210,804,0.03509446816320301,-0.19539773498068413,-6.583802068566957,0.5410428341382832,7.140986007006611,13.198559441934076,33.69436226687987,0.16060552861822666,1.227486626297913,2.6341083568210126,1.6846571143174804,11.179204827755074,19.14832183971502,-0.24506715926824185
3h,DON10,TP1,ATRREG,2183,1301,0.05042332047612599,-0.12475196917371736,-4.0816684391525975,0.46030326177884184,8.761105050174333,19.033332538894133,32.71826862683719,0.5397511915422758,1.0299079020007658,1.9122750762175282,1.2938628591131895,15.316781270095948,28.09421918543169,11.08584547567757
3h,DON10,TP1,NOWKND,3236,1935,0.05350328472341725,-0.13525969000367927,-6.679253812677932,-0.03731022562644798,-0.8159220478177853,21.86859055709932,49.38096348214495,0.42575556539237286,0.7266445548498289,1.4398657351867727,0.9105446480028289,18.830384284282076,26.6665861538089,15.636118385304453
3h,DON10,TP1,VOL,2822,1693,0.06475362009043654,-0.062452302958107324,-2.5807109900745306,0.17773072998271167,3.887421264461244,21.872533043888264,41.3229115314716,0.45658296106793905,0.9173520631215453,1.4686148843012488,1.0854254179040301,18.099774702306615,30.769329446478345,18.58916274194955
3h,DON10,TP1,BTC,2750,1698,0.05224798016750187,-0.1721769209086491,-7.412163500767422,0.45293671062665386,8.833812091069039,19.50341379670274,43.04969250030931,0.5099511656306998,0.7880168691134665,1.8616198939157977,1.1193401012175577,16.594396117753107,36.27562210588269,10.480952434295654
3h,DON10,TIME,none,2652,1561,0.038238028595756424,-0.18609500228918022,-8.050409383904233,0.003926910385195903,0.10987859460396265,27.98092745334729,43.259675353314385,0.5439253115992332,0.5237100671424477,1.1768658508496737,0.6835179110119334,24.382592441834696,19.33851450845068,7.1665556918270035
3h,DON10,TIME,DAILY,1513,893,0.03938399160082023,-0.14479558829208772,-4.86657227320576,0.4232096162184556,8.371512070965492,19.781006267693645,33.60994855305057,0.5568925845182294,0.8564285374035894,1.5616809648290346,1.0440110603994568,18.591287061938733,20.307548219523653,3.644030206480764
3h,DON10,TIME,ADX>=20,1919,1107,0.05037499016667309,-0.06368785505395033,-2.0692015179073486,-0.06649773455619203,-1.7402778894793025,26.170483868269677,32.48973475640712,0.5884260750076439,0.99454910624329,1.0872882929227248,0.8825977552266409,20.926652211364306,10.485273666541817,9.010414117428045
3h,DON10,TIME,ADX<20,1019,650,0.03600509274336548,-0.13471938030819267,-3.722066231536081,0.39747428799328444,6.630923610035588,16.6826479355757,27.62829091865806,0.2632080673125597,1.1971940540519508,2.1377615000225414,1.4894386105413653,13.310893469800822,15.684583406832054,2.1315116357393027
3h,DON10,TIME,ATRREG,1442,844,0.07077505363513882,0.1364874253296554,3.076893818833737,0.8602561076760057,18.908790092760007,21.980419463504163,22.543423406238162,0.6467282400199141,1.3984443039371686,1.7732794353638701,1.2397167035151828,19.695235899419806,30.689461842454158,11.121888107665168
3h,DON10,TIME,NOWKND,2225,1302,0.03233553571430893,-0.18626252968258544,-8.44888068442401,0.11356275606887381,3.0201611248436677,26.59464448900829,45.36006623995688,0.5216298048739079,0.6072140439269644,1.3038942292465685,0.8282441831832505,20.596035476555553,19.177647346521766,3.3081835931751513
3h,DON10,TIME,VOL,1916,1126,0.08249008736118836,0.1812321193264814,5.606592858232662,0.2213977598324981,6.09487981446617,27.529094328132974,30.93597801023692,0.5455013676386995,1.2003574506982584,1.2887997143564582,1.0763539011461847,21.52237422098091,21.203617285935827,18.40956409788854
3h,DON10,TIME,BTC,1796,1081,0.09907866224969238,0.39696167294749773,9.508793730051002,0.24721472768443453,7.0299576895191285,28.43664596913802,28.436645969137963,0.5926884495299718,1.5561290950387008,1.4147493046137876,1.2386867887529283,19.963184559026015,21.190554817138096,22.10857859328876
4h,DON20,SIG,none,868,547,0.23212946999724562,1.2273177122654617,22.88009826841517,0.27642712283519466,7.038194614477455,25.461302575122534,25.461302575122545,0.7706442134657551,1.7063666364452066,1.2901624469628594,1.3491917773385855,21.56349512374205,13.96765564636433,28.031915235399453
4h,DON20,SIG,DAILY,587,343,0.19914564485854658,0.4684506607249522,11.008071389070206,0.7466331466785299,14.850335748114096,19.889735426530763,23.498891797984946,0.7053596054609239,1.2903616423204607,1.742109454925883,1.4237619684106504,18.66275312380551,18.651444089332013,14.149133612025299
4h,DON20,SIG,ADX>=20,668,423,0.2981647982220913,1.4596154255039864,24.721826915766055,0.02934188474795083,0.6156598755842513,20.982287977504498,20.982287977504576,0.7749422369793825,1.8622573129613997,1.2360035922191723,1.4625826194009852,19.346487447677152,4.782655985749096,28.980496834374648
4h,DON20,SIG,ADX<20,426,301,0.08277440151860016,0.10612262389030001,1.3888347689718028,0.5865455762624131,7.314008722522436,12.469634106063465,13.51910125910889,0.5460835460288638,1.2615961214980491,1.926218232010874,1.4700766244328742,14.74329349581378,11.261846364494899,3.2033900609883315
4h,DON20,SIG,ATRREG,552,329,0.35441407073892145,2.0029659853928337,25.766186969744798,0.7666478466459713,13.326069563916597,17.382256563058498,17.38225656305852,0.8176954579863464,2.1530684885442,1.7862392999276082,1.778044380447199,17.6000353427609,16.63746357081697,29.28914843665915
4h,DON20,SIG,NOWKND,822,515,0.23573290222411478,1.210349882015119,22.072191649188213,0.33014178853702497,7.655233955901908,23.18771576850346,23.18771576850347,0.7616069590251863,1.7011418450075702,1.3857550713148945,1.421394258015327,20.375622231437994,14.559203334337756,26.966538873233215
4h,DON20,SIG,VOL,735,464,0.27491688828061916,1.2946054406552951,24.052536613071673,0.5019280882807728,11.375255589109589,22.66311819303167,22.663118193031796,0.777497213952542,1.7419869811139728,1.4994671513080047,1.499588126626323,20.256993074807085,17.324185514260893,28.73404658757044
4h,DON20,SIG,BTC,655,411,0.310033875138055,1.0826686493669935,24.81907062547726,0.768817169503779,14.845203570191302,19.309146776434382,22.92397645391162,0.7474485366090294,1.6283894960781473,1.7680082087410494,1.6586559541054375,18.9338272241357,20.576583437727656,29.100676237819222
4h,DON20,TRAIL,none,936,582,0.22346088347368792,0.8682072812588815,21.17028079735197,0.37800401346160317,12.186701010301615,32.23960745469575,32.23960745469579,0.7707674736984202,1.5760984515735743,1.2314300634718431,1.1788270433259043,25.13805252086233,19.75986503955496,28.165561854498765
4h,DON20,TRAIL,DAILY,602,363,0.23293202717418424,0.49281087641516536,13.038780517082781,0.6735945097508108,16.261665508907065,24.141624187113543,26.457980416199955,0.7174561847832092,1.2980385309837152,1.5979497015088915,1.322941641496655,20.847550942058923,21.826412730127597,16.710638162913895
4h,DON20,TRAIL,ADX>=20,715,442,0.2838507461729988,1.0487861102644422,23.24810041384744,0.24413066037756959,6.263723710677449,25.65725952238055,25.65725952238054,0.779164188321798,1.7424942091976658,1.259891538698496,1.3385604662192148,21.693201396617756,11.042125106845857,29.21940898663149
4h,DON20,TRAIL,ADX<20,441,320,0.1256105853364644,0.2128422435961514,3.3191472046434356,0.5890559763796904,9.904476684140961,16.814151933426423,16.81415193342649,0.5608375692145265,1.3716562301499224,1.7652415741229923,1.353390198240043,16.931434146117674,14.126109486992423,5.75281467200377
4h,DON20,TRAIL,ATRREG,592,335,0.3342107220021821,1.4660253660946305,24.466202876381328,1.1970857580082963,24.026861665403597,20.071128158252705,20.071128158252684,0.8203738151944698,2.1304737784453276,1.9780049555321286,1.7382255815096097,18.94086346696596,29.538524308564806,29.601148371723408
4h,DON20,TRAIL,NOWKND,891,544,0.21176995267299614,0.7530893777502586,18.348275845759353,0.36921010813062477,10.924198430787024,29.588026411568602,29.588026411568524,0.7601966396776083,1.494617787645583,1.2764787855867414,1.1988051387509682,23.688422730046245,18.06090771707103,24.79653515331335
4h,DON20,TRAIL,VOL,799,497,0.24601649068543305,0.8705173024924395,20.389856032596043,0.4649966471327388,14.731254984021769,31.68034667530959,31.680346675309636,0.7781530768003722,1.570898500305139,1.299001535273301,1.1960668124910447,24.93568125293396,21.72072699762475,26.522566916729183
4h,DON20,TRAIL,BTC,677,436,0.33658227465431867,1.3334673318506198,26.67457413718841,0.519505412031129,13.69382739573053,26.359354645009915,26.35935464500997,0.7532906624698222,1.8194036676308198,1.4462871279686365,1.4460823713812538,22.003900414406942,23.546921069315996,31.760525662088046
4h,DON20,TRAILW,none,708,468,0.510854786096923,1.9329043835631796,49.24242132605274,0.23774140226463286,8.009207123287299,33.688735100385045,33.6887351003851,0.7089025549110767,2.3335100289353505,1.1040741499883933,1.4714433554853275,25.927084611153518,13.280441339271931,56.85769159775742
4h,DON20,TRAILW,DAILY,509,306,0.46920038271556297,0.8348301016527953,27.91805852355449,0.7240010621861286,16.870212579904486,23.301364405412205,33.44160502631897,0.6369752671823208,1.4678712423362774,1.6573307705000624,1.4816191316044072,22.43586537271678,21.545638585553984,32.20443928308087
4h,DON20,TRAILW,ADX>=20,574,358,0.5948239035846589,1.823669789374701,47.642434859785965,0.15452166962154196,4.262596163406673,27.5857501012429,27.5857501012428,0.69225704068871,2.249399981194813,1.204773423534422,1.6852860251340265,21.79035362789563,7.93278729542839,53.86504915553538
4h,DON20,TRAILW,ADX<20,402,294,0.1195177266704206,0.09287103997778219,1.7462843348864165,-0.033890660212755566,-0.6547908332401597,19.32068685382864,22.44068653345861,0.5381507980049385,1.1032545499833386,1.3158975742925716,1.129288270957393,17.893665904857425,2.1772378702725526,4.164128102717335
4h,DON20,TRAILW,ATRREG,470,288,0.7743640705362794,3.5421081628013984,55.9247793259813,0.9226557191863989,19.405207535441104,21.031905110340276,21.031905110340297,0.7219214100869464,3.6931476300367354,1.8018485550752423,2.1819547955112437,19.42301861233001,23.35923547178682,61.991800322121414
4h,DON20,TRAILW,NOWKND,684,437,0.5044194806324166,1.9148464522960258,46.44355592902416,0.3360133502896922,9.866267099230953,29.36272350704161,29.362723507041576,0.6983703387237143,2.3193257210023535,1.262291945032292,1.6006978006623072,23.55684167179267,15.02457142851088,53.714923497462095
4h,DON20,TRAILW,VOL,641,420,0.5405207981725367,1.974026454215655,47.11368258314583,0.22930109779267527,7.344404240392399,32.02952062197675,32.02952062197674,0.706195195466248,2.387894629288736,1.1193758198829586,1.4804021060378734,25.203873427237887,12.112459064742254,54.24214390386848
4h,DON20,TRAILW,BTC,564,370,0.6068385985749178,1.4609681273956412,45.96727056315015,0.3293431680990483,8.9895932900504,27.295520784408154,31.463568370305637,0.6684767481701565,1.9539864128672824,1.2997442224331368,1.6650625921572677,22.490552909785077,16.575686645755393,51.43133085323015
4h,DON20,TP2,none,1504,939,0.13755098906765967,0.9396941817830976,15.91900358285172,0.08523360356778086,2.7026331069608833,31.70853975230147,31.708539752301512,0.6512667054004941,1.7217508474521974,1.0280167842214403,1.0476265439392158,24.811323314735024,14.67156295318992,27.912251839120984
4h,DON20,TP2,DAILY,991,607,0.12657024119113688,0.33096847576195526,7.855117526848976,0.22532497913318147,5.393965864306494,23.938605853008042,23.938605853008042,0.6127606401777751,1.267793158692233,1.3135373634746426,1.1440637265581004,20.67805254628887,12.262684589138262,14.549820504267652
4h,DON20,TP2,ADX>=20,1179,704,0.14627091077706303,0.6646624941637905,14.201291765036705,0.2577246922970399,5.303834450068479,20.579457881185704,21.366169882811427,0.671724054975345,1.4077704412142862,1.4106294776375814,1.351479839915748,19.136255677029823,14.204958397738165,22.420986391449095
4h,DON20,TP2,ADX<20,483,353,0.032161273843147896,-0.12382385008666541,-2.6991939782167296,-0.06561487202526567,-1.2030328240839605,18.334758370338978,21.798659760034433,0.2523809876852407,1.5077303246858955,1.3962949551019876,1.099769426928491,16.925830473987734,4.2338465852372,1.5227353617336403
4h,DON20,TP2,ATRREG,968,564,0.22402217697290808,2.552362075842379,25.202622647559725,1.405011994429131,24.012360013794698,17.090501795716794,17.09050179571684,0.7351390185847266,2.5644570668203515,2.208273248717301,1.953816388690145,17.065065126080526,34.03540948696357,33.23616609821967
4h,DON20,TP2,NOWKND,1324,820,0.14188074873555429,0.8984969065894856,14.619728243476771,0.06030437322487554,1.8957360403245138,31.43612874070173,31.43612874070176,0.6130378885435852,1.7353667834434368,1.0844039375382277,1.0998006749491884,23.100923699960262,10.507233575378482,25.336207378092745
4h,DON20,TP2,VOL,1242,786,0.14441848333354068,0.7406846480155342,14.090499059111927,0.09707132605905551,3.060235791049992,31.525641147502505,31.52564114750239,0.6464878621645461,1.7202923669663301,1.055440419838098,1.0432703567455766,24.34339553088012,13.889877017165286,23.254268495130127
4h,DON20,TP2,BTC,1150,720,0.1544802680410509,0.5225477311496266,13.843750940498921,0.17506517902626414,4.498392661344375,25.69553058103864,26.492796954724305,0.6432679933379948,1.3648159661480057,1.2339954362143821,1.1891349820125479,21.550996651423272,14.849091840080364,22.854414049138438
4h,DON20,TP1,none,2104,1312,0.07214309720524618,0.12155361318269738,3.371034646777815,-0.4984783588482672,-16.737879933183553,33.5779470383757,36.83689030203997,0.5804580955783063,1.18442319927143,0.5558001645527,0.7252783562666248,23.533998108757025,-4.034154496029063,18.01466588883349
4h,DON20,TP1,DAILY,1346,832,0.06736367933015473,0.043549353969447764,0.9872199028385209,-0.3402468301508351,-8.436037427240539,24.7938751508743,29.66588255058632,0.5633575038335428,1.192220401598311,0.9446390060498687,0.9215568179659591,19.700937135463015,-0.07182335168021137,10.02588410510199
4h,DON20,TP1,ADX>=20,1596,954,0.08149204620980285,0.2831567628779338,5.206774694601024,-0.48171833713257706,-13.189918651341259,27.38097687925708,27.380976879257013,0.5973210414529144,1.238040267408068,0.8888348027614696,1.0705031691031026,17.3488507085096,-2.9622294358646273,15.96584306794333
4h,DON20,TP1,ADX<20,571,407,0.03356404906156913,-0.1337402749813759,-2.5467843514303756,-0.31664747820548733,-5.237463599358561,16.540361000316338,24.47652923181831,0.21297713980282412,1.566686285453064,1.3141978594748118,1.1097140238177727,16.05021637147781,-1.2215573809050917,1.251620986982438
4h,DON20,TP1,ATRREG,1265,742,0.12063909373566346,0.8888519431710381,12.606315612371223,0.23859157276593707,3.034525188921644,12.718492752041044,14.182694552477837,0.6810642825434987,1.6780888191694863,1.7794910946713907,1.7085537725479583,14.531045102120533,11.815690958604353,21.816974802606648
4h,DON20,TP1,NOWKND,1784,1102,0.07279276444702541,0.10213102135524868,2.8412196665818845,-0.4725026499778635,-16.085471837924437,34.04313571294898,39.73756418981383,0.533279876567463,1.1282125405162642,0.6228005659957594,0.783296774560845,21.818038183630108,-4.9723692922422735,14.985478377979412
4h,DON20,TP1,VOL,1631,1010,0.08338676853991445,0.20369104797102344,5.012029136941365,-0.41300494786498904,-12.07461316833598,29.23600124103879,30.30891681367113,0.5757066895225369,1.3660360324455072,0.7462278569922212,0.8654556471400799,21.715139849104126,-2.1890244319506147,16.942198402250376
4h,DON20,TP1,BTC,1574,985,0.08920893405576023,0.283471686335937,5.992419594284737,-0.437731578060537,-12.963585978912606,29.61537761646198,34.712029213827655,0.5815753116048178,1.3080588752804625,0.7311511037654688,0.8856269235062826,21.378608826180077,-3.2810011072698875,17.196380154044633
4h,DON20,TIME,none,1378,839,0.1008099424721538,0.46063845560295796,9.742029190707191,-0.10657218505092289,-3.84921143526451,36.11834958085226,36.11834958085218,0.6701108628625584,1.21597664760616,0.7960917765018235,0.8305836895071587,26.828592705635845,4.264719887324664,18.641771956136456
4h,DON20,TIME,DAILY,864,524,0.11092485623606799,0.40672541234155585,7.089675718882615,-0.024345349620701135,-0.6876911258614671,28.24733004765375,28.247330047653772,0.6599996383667078,1.2738509827394378,1.0733438218236186,1.0132553593818663,21.742413802492734,4.725044402132306,12.619589955797883
4h,DON20,TIME,ADX>=20,1028,620,0.16645429434780146,1.1090518816468304,18.655502231905885,-0.06863318945555336,-1.830709930318053,26.673828578280123,26.67382857828008,0.7052774827430055,1.6708789598723996,1.0343132096302114,1.1850685355305357,21.79045156562436,3.5747573447349135,26.229243548541948
4h,DON20,TIME,ADX<20,475,341,0.013167938702508509,-0.1363879269994452,-2.925676159462498,0.272126916306068,4.436373027671081,16.302588100772,21.451137383108687,0.35271265243865707,1.4351713917490525,1.649193658912581,1.1981080112692333,16.35228608605085,8.558941120584018,-0.5760758246150299
4h,DON20,TIME,ATRREG,808,460,0.2012101553658363,1.4094125531048396,19.38677905451356,0.4621178017507265,9.36790749774994,20.271687137478278,20.271687137478246,0.7614909364849827,1.8579178990309568,1.554780596945663,1.5096522608464529,18.826679003845236,14.991781251413872,25.33429463057817
4h,DON20,TIME,NOWKND,1214,735,0.09613732794738508,0.3723852761393529,7.544954862503217,0.014074235015391708,0.4368577169979737,31.03953547174836,31.03953547174836,0.6529914426342114,1.1869235033138856,1.0143366156237184,0.9458083164351743,23.72814957764198,8.22393266601511,14.364892231825642
4h,DON20,TIME,VOL,1086,662,0.12995993398119632,0.6623051196303777,12.36498558446597,0.11974536545050873,3.837732905730329,32.04911431262432,32.04911431262428,0.6711782139057267,1.3861018298069692,1.0766303250838096,1.0266376137811335,24.246550251900622,11.245105881135654,19.907653511845403
4h,DON20,TIME,BTC,1007,625,0.16407523255354067,0.9306281430732865,16.751483273828114,-0.014727641849534468,-0.4647992841416704,31.559654212827184,31.55965421282717,0.6741809413816815,1.5532230729677101,0.975764674797446,1.0601604896525954,24.063915033404225,8.018048887793562,23.97085625484021
4h,DON55,SIG,none,422,258,0.4468214148104226,1.0897191267693045,22.88145589803008,0.17494435251105786,3.7731933126546435,21.567962946481213,22.052052406351773,0.6275651005204216,1.7975438190525532,1.323341693542075,1.4574725573191096,19.68344033793359,5.922843397880895,25.635416987258864
4h,DON55,SIG,DAILY,340,206,0.45368955829427887,0.7409812052983712,17.817257090364258,0.2500315775214121,4.824308581956949,19.294797200340852,24.045491252628704,0.5682172795431648,1.6030736427180476,1.5206726864777589,1.5470053734820235,17.61146391392543,6.570591148664651,19.997209435685768
4h,DON55,SIG,ADX>=20,371,234,0.5619749696013194,1.2060091314270205,27.191711946038623,0.02628665564665986,0.5610637871452884,21.344053602215485,23.433664165261003,0.6074439840918658,1.9263624112058366,1.3170215324210783,1.6073044107685261,18.315977093213508,2.401220730638709,29.90956649585408
4h,DON55,SIG,ADX<20,137,97,0.06312260115194909,-0.03921068873350426,-0.639772140118422,0.9696911809902046,8.94798836822388,9.227668090253848,16.316268874200045,0.4525267697405742,1.4901462840524375,2.196643295027388,1.5883457469679838,13.419248931577787,10.02295704647802,-0.11709291316979176
4h,DON55,SIG,ATRREG,323,191,0.629839821894174,1.4836772051197,27.049987097129137,0.3905006277875592,7.216443956183727,18.479980421720676,18.479980421720622,0.6330119666784128,2.250964362678202,1.7508687224904245,1.9201601276192606,16.03643931985246,9.023875202525499,29.42395084630394
4h,DON55,SIG,NOWKND,386,241,0.4779037954505211,1.1060078172593657,22.65725442683493,0.297563246647524,5.729047991048897,19.253211058807917,20.66432196534698,0.6166996217231321,1.8294043756388982,1.4728082923364574,1.5693210989567383,18.509059657877923,7.946830500886404,25.230988221216478
4h,DON55,SIG,VOL,383,244,0.5002458294146814,1.2364741212617585,24.013842391448726,0.18260288778397582,3.4752493870655377,19.031732899957486,21.396810549422508,0.624774492125627,1.9107012583441172,1.4058281858772448,1.576242193050908,18.395082615953218,5.50462654761481,26.648272209861545
4h,DON55,SIG,BTC,367,224,0.5928254467734123,1.217087511153095,28.28988812698814,0.2962783428785941,5.295776289798004,17.87432803337925,24.007973198010124,0.5994923803241826,1.9630139692727249,1.5329739343070996,1.7531991679428731,17.627572491381304,7.251888931314032,31.119381355978028
4h,DON55,TRAIL,none,554,328,0.19762775522404702,0.4049810900048443,9.166712402599565,0.4301283509111822,10.728843831168344,24.94335425330696,24.943354253306936,0.7674025069331563,1.2578653602045116,1.3997802352264044,1.1648689379119883,21.441134426141627,14.606326904925492,12.291460788976028
4h,DON55,TRAIL,DAILY,438,257,0.15558274678428555,0.1835478000198545,3.9629936206875493,0.45373183491190733,9.416190398139479,20.75276556243325,21.591071210109135,0.7093244494688805,1.1342059998185499,1.5616526704428413,1.2162001945221654,18.793939536263327,12.415807867778938,6.215096533774878
4h,DON55,TRAIL,ADX>=20,475,284,0.24854297823749272,0.6050076275459748,11.727762947983678,0.29397556984769524,6.328253616003687,21.526460920825052,21.52646092082511,0.7440918338179481,1.49388701842046,1.397599319194611,1.274814341877214,19.663822829345136,9.428419420828039,14.75927840059834
4h,DON55,TRAIL,ADX<20,151,107,0.135827933492246,0.07507096747168708,1.1937077953835251,1.116104434893434,8.505359351561737,7.620576610623209,15.901057833492427,0.5020639456393196,1.6969888525186876,2.3080713433904,1.7309161422157546,12.666177391525457,9.979979531625837,1.9638716668798573
4h,DON55,TRAIL,ATRREG,399,221,0.3525285845271834,1.20507037291873,16.505699869588696,1.4317820590493402,22.016000345910026,15.376642141002927,15.37664214100294,0.7881478389099751,1.9881959115701493,2.195549764561,1.7957215266884226,16.60133788626863,25.38862189474438,19.139982425255496
4h,DON55,TRAIL,NOWKND,503,304,0.20775924095197942,0.49245545160738063,9.082964206575038,0.48137571569439624,11.045093903811454,22.94485065138493,22.94485065138495,0.7578391698696577,1.4154326527173242,1.4814041976681158,1.2264424747438978,20.405659796491914,14.79611150142155,11.765156489706818
4h,DON55,TRAIL,VOL,491,302,0.23566063332037862,0.6043999899436642,10.966923448180776,0.46119627611480823,10.725972385965509,23.256849505210297,23.25684950521032,0.7653609383904719,1.5226506540832132,1.4801655668895575,1.2640533214031544,20.288868722613106,14.341988647082871,13.88014016216561
4h,DON55,TRAIL,BTC,479,284,0.25053059381870413,0.6146260647768552,11.416411708204933,0.4678310223754865,10.210232828644905,21.82461688154159,21.824616881541615,0.7549197125276605,1.5014808370654642,1.537388095622152,1.3296172802028714,19.34762207377504,13.601319307320846,14.305262376153905
4h,DON55,TRAILW,none,485,293,0.4826111718286964,1.152159188888743,27.758318539157823,0.16270416736967996,4.351601159296159,26.745480645304497,26.745480645304465,0.6694184273546532,1.8279959315541645,1.1758592944681918,1.360202075931003,22.3872989102604,7.259570796654247,31.653571263057366
4h,DON55,TRAILW,DAILY,384,230,0.45893998320367596,0.6768246104620133,19.509194798332572,0.2727297625992667,5.764456415709174,21.136147227829817,28.824594284500428,0.6178698390339084,1.412940934696738,1.4131819362078013,1.3934314198021311,20.084199471731,8.144196515013146,22.27270664855874
4h,DON55,TRAILW,ADX>=20,424,255,0.5927268996481442,1.2976166472161612,32.249536177475036,0.08182652105536421,2.0027551609045124,24.475623979533957,24.852899542142517,0.645231448013997,1.954427500402572,1.2377877175727037,1.5578943816032833,20.159751786513112,4.424701076138682,36.275913281082374
4h,DON55,TRAILW,ADX<20,146,104,0.04267750635776088,-0.06729016192904531,-1.2618823470949891,0.257192945780841,2.4303175098647545,9.449394121157873,18.75285050473785,0.4690532078238035,1.2704435481072256,1.890416517664814,1.4599800856632144,13.525079372280546,3.493434100747761,-0.6062971401274209
4h,DON55,TRAILW,ATRREG,354,203,0.7749928126651642,1.7854267076987749,38.11477480829344,0.951221149767495,15.533295658287516,16.329846810160063,21.347711806898715,0.6713296486548477,2.5457032942015614,1.9248993123704703,2.117182213478594,17.070676839289114,18.201300322455637,41.777158661227176
4h,DON55,TRAILW,NOWKND,445,275,0.5077016084949167,1.093927596275869,27.0870361111456,0.17537027509038441,4.297032541109336,24.502627591219095,24.7612695788641,0.6593080791860243,1.7993724546820218,1.2399699974501621,1.4243232067108973,21.210414406134415,7.131793966682243,30.523412375311132
4h,DON55,TRAILW,VOL,436,277,0.5445131370026892,1.2137510872374784,29.35779009284132,0.09069855324521846,2.210603049935722,24.37307951273482,24.373079512734808,0.6637455227097807,1.9090934147033787,1.1831305126843807,1.441748126336679,21.14117125785406,4.849708079194426,33.06694773250478
4h,DON55,TRAILW,BTC,419,255,0.5890821756581155,1.1568393168322424,31.149285123057435,0.21726801330594064,5.032190845610951,23.161213512478685,26.92619853926914,0.65427493975205,1.8208883121767623,1.3381715430283683,1.5864360248293812,20.00263859752115,7.625813444835394,34.889434137083164
4h,DON55,TP2,none,899,558,0.13089506157686895,0.586162887426033,8.293481342091692,0.6199643931557379,14.580156867698225,23.51773267732752,23.51773267732754,0.6774342771730807,1.7013412804939905,1.5725942829808215,1.2385428562551495,20.633287213222463,22.01339207417181,14.608856001565584
4h,DON55,TP2,DAILY,704,440,0.11415526627942464,0.23514993001868045,4.42639146432473,0.5653606122962982,11.065679783873893,19.572781589663546,19.572781589663535,0.638955249080995,1.3871129017426163,1.6915516434784124,1.3018797697074769,18.03126695351944,16.34907570729174,8.997932178162582
4h,DON55,TP2,ADX>=20,788,480,0.15588754922620665,0.680249053250272,10.567966181987565,0.4233902807770824,8.158057980902456,19.268411088533522,19.26841108853359,0.6625768179974759,1.554464442709817,1.5567211074757632,1.3627105224383074,18.460535145563416,14.20046045388277,15.379024741794689
4h,DON55,TP2,ADX<20,160,112,-0.07402606456340996,-0.22540939103334498,-3.416568651417895,0.5315653480976995,3.4063279037401806,6.408107518539962,15.15717085146856,0.26052304638192125,1.6848705778351238,2.1828041837799796,1.5884470918919795,12.12051287329976,4.8609614617100005,-1.8487066207355518
4h,DON55,TP2,ATRREG,665,390,0.21046298548600686,1.197572613219478,14.960374172897218,1.9791312639407983,24.094331498961942,12.174195788805786,12.492248075612466,0.7293067585597725,2.306350558197977,2.5240933614045193,1.988240352025174,14.974271876494882,30.494446986163414,18.99097865198407
4h,DON55,TP2,NOWKND,746,470,0.12043197939417255,0.3977439215698396,5.380072174618888,0.8608920090871552,17.376302754743357,20.1840678869447,20.18406788694468,0.6467606958162169,1.5327180296164187,1.8028780764705186,1.322583986293112,18.92581105023271,23.850260926254087,10.769494401448032
4h,DON55,TP2,VOL,770,493,0.13630398075772712,0.4755146666363417,7.717102849006263,0.5412218001888722,11.965988512443415,22.109213834822615,22.109213834822626,0.6684333007022373,1.6625471922957353,1.617278127402559,1.2980568468273743,19.146357089435305,18.668892628874033,12.12203189347485
4h,DON55,TP2,BTC,794,483,0.1473659043346968,0.5590080448512215,9.060804243899835,0.6721216382970263,13.365422144409278,19.885421600580557,19.8854216005805,0.667360512309858,1.6861518885178757,1.74783561557317,1.409225700960285,18.18502629358121,19.7124767799834,14.535546213781725
4h,DON55,TP1,none,1194,744,0.06155406498379563,0.010654143726721936,0.22422669477253354,-0.11592956892427374,-2.3245979034635766,20.05181184605306,22.16560852230244,0.6307772033992027,1.196677242518052,1.2233814405482828,1.045196982623185,18.31488155970552,6.169152479400597,7.275289345218194
4h,DON55,TP1,DAILY,926,581,0.04286482083308569,-0.10167391830743831,-2.3560754258040606,-0.2368555737671085,-4.4641528976339,18.84757376249604,28.03407464818577,0.5999267244004742,1.1877823035878452,1.2289156250145674,1.030917790674387,17.205718371002888,1.8944538031369085,2.8647574918810426
4h,DON55,TP1,ADX>=20,1041,634,0.08009739448476712,0.22681719291705305,3.2388485755396657,-0.2701808018553966,-4.089540018301441,15.136308687432953,15.136308687432987,0.6195419100574546,1.2894630766424453,1.3658332602061827,1.2761229050427363,15.62100112369219,3.470632599798096,9.417725814557464
4h,DON55,TP1,ADX<20,173,121,-0.0795469695427204,-0.26708263947615096,-3.6266550695799427,0.24207606164802564,1.5042824479610584,6.214090057976318,14.265333193478213,0.21502562254854035,1.7884454184807361,2.1586785558120796,1.602859354974397,11.732373062667545,2.9670779507790623,-2.604321998246373
4h,DON55,TP1,ATRREG,857,519,0.10276723671895925,0.3460851793234613,5.897670383747,0.5520542311624596,5.745948279029078,10.408304030076621,17.041094898302088,0.6824409060966069,1.5098770908678731,1.997635050438708,1.6778790571738436,13.694541518325764,12.439489565704953,11.10027160863205
4h,DON55,TP1,NOWKND,968,609,0.0766870738687377,0.14995176176975591,2.207217670098771,0.015446312417608889,0.2532730520059312,16.39699140859008,16.39699140859,0.5887719432390488,1.2909514440238652,1.414590886804217,1.2047123922617997,17.02666781649689,8.426247837816137,8.12165704268548
4h,DON55,TP1,VOL,978,624,0.07794492769227167,0.15738771429616827,2.501520016067249,-0.10951466086918223,-1.9144481878038633,17.481204549322538,17.481204549322594,0.6117727974273849,1.5750804709744242,1.3482876621652893,1.194845443212959,16.85961695021193,5.600526867420852,8.754926192801072
4h,DON55,TP1,BTC,1046,641,0.06556003569583456,0.030426053341850313,0.6645473205647123,-0.1700583291467665,-3.0896791518195243,18.16834945586828,24.67887522981087,0.6172955251581884,1.2446683823555909,1.277411349115729,1.1144623233128153,17.201067540152458,4.174142669482728,7.010197654482164
4h,DON55,TIME,none,753,454,0.14774594881040493,0.670515365242474,10.801356888980829,0.3007554042595125,7.366867206133354,24.494546404814432,24.4945464048144,0.7294314545765106,1.4398399003145925,1.3823401817879608,1.2279018756019298,20.365639062528086,12.163911358675383,15.93252363106592
4h,DON55,TIME,DAILY,584,355,0.11157453860352542,0.30462217119860296,4.830706141871377,0.13785461999454734,2.9368792501618612,21.30417718519717,21.304177185197204,0.6807744505495088,1.367895252714516,1.368290267759847,1.1752493564334563,18.69458739476233,6.258407636814889,8.713447450115307
4h,DON55,TIME,ADX>=20,648,392,0.19178352508682872,0.9171833834103225,14.044968833701187,0.1583471920133349,3.291754609274933,20.788209550300863,20.788209550300763,0.7148710959067319,1.592409806195584,1.3749882963869593,1.3535815076185498,18.740722911975972,7.004384135411534,18.87464400976897
4h,DON55,TIME,ADX<20,157,110,0.003628207599186143,-0.10500149169551765,-1.196564711872361,0.7539066376949632,4.444413598575769,5.895177700204856,11.395692504466016,0.3847953083643364,1.7251828446585946,2.336286647162505,1.7571317338488348,11.548637335534995,5.761121687726267,-0.5658113846612189
4h,DON55,TIME,ATRREG,534,307,0.2260048594166447,1.2494933666839958,14.467913666879607,0.6354102894623387,10.121555361517443,15.929165028287374,15.92916502828735,0.761319971616427,1.8470439223388098,1.8290415424539275,1.6513863725501414,16.284859629973035,13.486790712706199,18.328036378982926
4h,DON55,TIME,NOWKND,643,388,0.12752894451756203,0.44621556744473523,6.98426133886314,0.6899849065813767,13.70992646350464,19.869893287133365,19.86989328713338,0.7119751071421049,1.336010268451501,1.7771919741568019,1.3851144500021744,17.966107250008655,18.365480772423236,10.346477281651945
4h,DON55,TIME,VOL,636,391,0.17245815247191087,0.8949207884007688,11.51664892323836,0.2680395942504948,5.646619338961667,21.06636280640185,21.066362806401784,0.7148358918049511,1.6266917780032897,1.462822186625413,1.3428950151691381,18.578716720178345,9.637544917931141,16.100679525787598
4h,DON55,TIME,BTC,656,389,0.18083249093180898,0.882783522125707,12.547707270101526,0.308002084616658,6.3227325452770655,20.52821347993924,20.528213479939193,0.7145111971361862,1.6270757428205738,1.5073714169231873,1.3910810152368904,18.298822620709377,10.391200236416998,17.371905809676868
4h,EMA9_21,SIG,none,796,496,0.12380952235458087,0.531612085970499,8.83525451975553,0.3280494960974979,5.901742340390537,17.99040209053243,17.990402090532477,0.6684641206825486,2.121663500605719,1.5317755778583442,1.3491968636779685,17.820936941120223,10.525087125582555,12.588061216718671
4h,EMA9_21,SIG,DAILY,637,404,0.11886328949987476,0.2143250274516871,5.601667424952517,0.4875416835461946,9.043771750199525,18.549740576884698,26.13631964290889,0.5219629009820613,1.557810881975111,1.6297874327105115,1.3106200138905482,18.06370576865173,12.991072500295164,8.508289410146276
4h,EMA9_21,SIG,ADX>=20,456,271,0.44182017126730844,2.1670317127976113,28.213939016555223,0.08329300685239822,1.6579180784820569,19.90464915524083,21.795398928552558,0.5729628523227484,3.4911206901603706,1.7009327146877542,2.038859837918913,14.720777708366917,4.207348564757218,31.675835858678592
4h,EMA9_21,SIG,ADX<20,500,306,0.08712137668698401,0.24586755523699153,3.1123595337265497,0.8792083719221496,9.806996168348835,11.154348026632766,13.10807102051389,0.4935582236548548,2.007169176912297,2.137482330607373,1.6347504477392283,14.008237262213486,13.715646852278084,5.9120312927585905
4h,EMA9_21,SIG,ATRREG,367,228,0.39583739841803056,1.7891021924094133,20.22161175205199,-0.03174033238227789,-0.42786969802780517,13.480315608374182,13.480315608374127,0.5774804857093921,3.3225087046990773,1.5684482336894454,1.7733573199723174,15.148582271245271,1.1731261956702932,22.202030956781236
4h,EMA9_21,SIG,NOWKND,717,430,0.1649655935885471,0.7959102264988784,12.028172416056604,-0.10195052302054124,-1.7129526658119065,16.801803610823818,19.728240605232195,0.627445354520647,1.8356978024795962,1.4246556846870049,1.471838776824125,16.061838230242653,1.6591396141764747,15.693779725923696
4h,EMA9_21,SIG,VOL,356,206,0.3638669014569885,1.3479955271579314,16.513595110288605,0.8103074308583607,8.76454754549798,10.816323794801775,12.250482125193185,0.608124441752926,2.78199619691458,2.3016357236072142,2.165436001862426,12.710032459435705,11.120529791771606,18.702664777758528
4h,EMA9_21,SIG,BTC,675,420,0.24510195339688629,0.7159676678059624,18.668625117610272,0.8767875113042366,15.523566167952296,17.705049362371415,26.07467621382833,0.6245292317949733,1.960066756421899,1.9064013044951627,1.705933853680714,17.364514394020603,20.24766895748755,22.598062490249028
4h,EMA9_21,TRAIL,none,933,565,0.139017766522188,0.6284988570108584,10.40109862999401,0.26337790221216145,6.91109010856481,26.240204855901883,26.24020485590195,0.6381260553401034,1.9312233559614662,1.3759370136039897,1.2193700486968155,20.450629487862482,12.945179498105341,16.211863295774176
4h,EMA9_21,TRAIL,DAILY,543,347,0.12280997581261476,0.11675077440195622,3.902893248637729,0.4536061094227152,9.268102583382621,20.432049725207037,33.429270757559394,0.5525005032015721,1.3152289060960494,1.5516529723227113,1.2099835143675204,19.034869977567404,13.48043808251649,6.89268883224714
4h,EMA9_21,TRAIL,ADX>=20,568,331,0.1618784273703249,0.41278478325231904,7.248685188409665,0.12497631681889142,3.178157838976592,25.430080833492617,25.43008083349242,0.5772252542908257,1.4699312075096886,1.476403083092504,1.3115058141341216,17.56245928495631,6.401309158027324,10.580943894999528
4h,EMA9_21,TRAIL,ADX<20,488,311,0.10368118050750903,0.20408497926785543,3.3579921405240354,0.3033690404640788,4.937464566309413,16.275439836432636,16.45389167086506,0.4563004886234753,1.9160003679866302,1.8588612034815037,1.5105420864114243,14.60366766242136,8.476793792088655,6.016884994450833
4h,EMA9_21,TRAIL,ATRREG,432,275,0.16054883644783915,0.4458019157382479,7.115268564935229,-0.3755204384368536,-7.525530456500807,20.04026861447723,21.26910417612786,0.5497191077072439,1.7172850417440373,1.0839715236003848,1.1627290963376016,17.765721304358816,-5.570115112171214,9.177080209527656
4h,EMA9_21,TRAIL,NOWKND,847,510,0.10860295028880029,0.3659073674474129,5.454878111156436,0.20770296966221627,5.040367415421887,24.267189937721877,24.267189937721945,0.6340065803137104,1.5301289208424784,1.3782460355780695,1.158874216283488,19.583908990939257,10.30532769156327,10.58051339249455
4h,EMA9_21,TRAIL,VOL,397,225,0.31170793510556866,0.946941903399904,14.823010142306646,1.3773951863911695,16.41352108981411,11.916348519278763,15.65355814235916,0.6111115175965651,2.2301864764785204,2.5814317316817994,2.179928699569933,13.037447679537017,19.81489442404318,17.82788706098333
4h,EMA9_21,TRAIL,BTC,609,386,0.1475829351396825,0.18903543051425034,5.950725739430229,0.8825078265224313,17.46005299837865,19.784587143188194,31.479420144900494,0.6026121031342394,1.3508697356099835,1.9255772147864125,1.4263691202836843,17.77803966539465,22.725408390000368,9.28008140651837
4h,EMA9_21,TRAILW,none,602,384,0.20908314544120635,0.621573171155913,12.12990559139866,0.485491980321843,10.956990381054288,22.568839085231986,22.568839085232074,0.6477596476618696,1.825155783567153,1.529675767033797,1.3240478853454054,19.894979305857785,15.123177556773438,15.789467905556375
4h,EMA9_21,TRAILW,DAILY,440,283,0.1453118937200688,0.1024660699740975,3.43974440401118,0.6908935526161283,13.48484634633258,19.517979716659738,33.569594353337806,0.5128238504925761,1.271062333759503,1.740029774548163,1.2889882584012902,18.45229223472309,17.162800695149237,5.719951389787137
4h,EMA9_21,TRAILW,ADX>=20,421,242,0.696428738565973,2.182354039596502,40.87305138916295,-0.1602128285423512,-2.4262975095498462,15.144214927261402,23.334147393215197,0.49948486974677075,2.96406424863859,1.3764062455486992,2.0282917938009484,16.434090568339265,-0.502564681789075,45.54671529759702
4h,EMA9_21,TRAILW,ADX<20,391,249,0.12194652604177693,0.17883498257831343,3.053177478465896,0.3365237189321218,3.9149919310251136,11.633628510490768,19.712343671693546,0.47320740876056494,1.4428977677489827,1.8497000632062393,1.5189257101564175,14.30244346979076,6.741233265640667,5.6474830960763445
4h,EMA9_21,TRAILW,ATRREG,339,226,0.7767860163721593,2.3002752921633554,39.489298366507875,0.21126927243740687,3.3227307250063287,15.72746801592153,19.939598195070364,0.518446973988971,3.5759889633889976,1.5596962340762694,2.0468021529027958,16.68838310908449,5.342428908015839,42.826763881309034
4h,EMA9_21,TRAILW,NOWKND,568,349,0.24215352782874122,0.7428522705747743,14.019280675045742,0.41362354366874565,8.312152460070244,20.095936479687214,20.09593647968716,0.6355586509058456,1.7853433861215653,1.530468123785767,1.4004099677230828,18.93044057679505,12.248078991111733,16.624772700561643
4h,EMA9_21,TRAILW,VOL,339,203,0.5342486882560973,1.4888174736777324,23.522614147993416,0.24697340157057102,3.8779611741446063,15.701938546756844,15.799528527756312,0.6128713833671559,2.4575363543096826,1.8882262700207557,2.0751580845349125,13.92072315242945,6.309387852704784,26.62396507075271
4h,EMA9_21,TRAILW,BTC,484,308,0.4447115457552627,0.7173294689052941,24.778902898392797,0.4886413402000661,10.599553051699795,21.69188764781953,34.54326634065029,0.5625367974016208,1.8627957549927043,1.6664275104402875,1.7056948622677033,18.212986981656954,14.237117949536193,29.22042268602645
4h,EMA9_21,TP2,none,971,619,0.06965071266256562,0.0219176107305005,0.6568295096100352,-0.07318874879637927,-1.2152676229861936,16.6045689121866,29.968116401300648,0.22746516254079543,1.6008479074848105,1.5400969449951618,1.2986761427680658,15.440667832818356,5.972070585330536,8.492367683312342
4h,EMA9_21,TP2,DAILY,544,354,0.07680517552605728,0.01323757615770112,0.31123002800672595,-0.34897295265612405,-5.652634834472514,16.197916748128584,29.542117451332295,0.16125975649928914,1.4700570284329386,1.6960138687162085,1.5347108843553494,12.335574286591322,-1.347897739252435,4.046638374367872
4h,EMA9_21,TP2,ADX>=20,589,351,0.020124709249026883,-0.11675110303749706,-3.683893703811747,-0.3360748805699249,-7.55797711913705,22.48896765601769,33.32231374421125,0.20662589981210824,1.1687804898923186,1.5300645086028426,1.2798309225614013,13.21162992538164,-4.51586588327676,0.18036547197590735
4h,EMA9_21,TP2,ADX<20,525,349,0.08171241150930385,0.09147209586638387,1.3824420569944929,-0.22096074486405343,-2.8589343904216746,12.938652936659134,18.981438620724568,0.12486174663628603,1.965946364194769,1.6933118354069834,1.486207050617597,13.425272331703663,2.1729864927577225,5.817610572584053
4h,EMA9_21,TP2,ATRREG,462,296,0.15532932908132646,0.35078851139532,7.126546446495241,-0.0770723807946545,-1.053099900937149,13.663777997762184,20.315792037054493,0.2553358553321971,1.8875854128544876,1.8255067288563223,1.7218095609106512,13.008141714002619,2.855849310014502,9.718598173031957
4h,EMA9_21,TP2,NOWKND,869,526,0.09087758691656925,0.14451454462576355,3.2534915528959374,-0.2514953347962488,-3.5327099513881244,14.046821004652754,22.513246409357723,0.23053532110132655,1.7377744634724932,1.6741119247609775,1.5407788124510553,13.30980251728391,2.4847699246107746,9.972151098971782
4h,EMA9_21,TP2,VOL,396,229,0.21217688348904173,0.7904446918768666,8.638651051729918,-0.011880499689460332,-0.10624380239211417,8.942704866729411,10.928849469806579,0.22795193283552456,2.4920924298149667,2.644937167911822,2.516024684467715,9.207445034746264,2.53216919147794,12.021176391990007
4h,EMA9_21,TP2,BTC,608,396,0.1221674927353902,0.21041002919693783,4.104441836008443,-0.2680762000072781,-3.940303720947602,14.698446638831141,19.506873563364234,0.2335207178744827,1.5222981485823188,2.1241915341087525,1.5737329172076642,13.163808631401464,1.1313078078863503,9.031114615037627
4h,EMA9_21,TP1,none,1171,724,0.05392706147267562,-0.06059648374952066,-1.317252706471117,-0.5442705261515445,-15.289511943456969,28.091750717362597,36.52467124989091,0.1302359776556969,1.7232288050142763,0.9625326409475844,1.0606561976325677,15.189143632428115,-8.035273621551264,5.979962048809306
4h,EMA9_21,TP1,DAILY,593,382,0.08967124000230856,0.2222238012836667,2.2096751465507936,-0.5692048544266579,-14.288268046285502,25.102154233518657,27.968693469834893,0.09628855813581734,2.0157982142266273,1.2367795511644275,1.4297607380913226,12.330403014964231,-10.08245465264862,6.079582399070205
4h,EMA9_21,TP1,ADX>=20,638,375,0.006587424341957814,-0.23086549614987636,-4.8652395908539425,-0.5261383611364029,-12.519331659515876,23.794751693215165,35.260949049499345,0.11420848127234474,1.5323964661715777,1.422925191882994,1.3272107454353281,11.55628514719903,-8.763665404909327,-1.3603561014516208
4h,EMA9_21,TP1,ADX<20,591,382,0.07349570010574133,0.06972115952183915,0.9689125855930181,-0.34670999759761606,-6.556121677832493,18.90952589559123,23.61605590947965,0.07079687253893911,2.0420164124621283,1.4487288774677454,1.3496868633998365,14.049695455596167,-2.248285447088705,4.914597699624723
4h,EMA9_21,TP1,ATRREG,483,306,0.08671651830015968,0.20076103528185685,2.5259603890148696,-0.4790123721162247,-6.279546936068803,13.109362725489627,13.109362725489726,0.16135036203671999,2.2344966642111355,1.6613440534848363,1.58726840215339,12.321268172470157,-2.653974272023396,4.767400257311705
4h,EMA9_21,TP1,NOWKND,1035,616,0.052396076961865934,-0.06983257622373351,-1.421257175783197,-0.5453308187608215,-15.530966845207683,28.47989937649107,38.189232534144544,0.126274087235857,1.7777170997573681,1.0320616360346255,1.143390482687382,13.988310508639245,-9.470476040514242,4.4852972141624425
4h,EMA9_21,TP1,VOL,408,235,0.1351457195257492,0.3294516171999213,4.419955133481923,-0.4724839792822449,-4.223614404015496,8.939169557519456,13.416097850871257,0.1375880829208695,2.089554302584636,2.178450386461356,2.0725044994751154,10.002918398537108,-1.2743255773647988,7.410241539941653
4h,EMA9_21,TP1,BTC,666,433,0.09719493785915669,0.3112842608930281,3.048534207351672,-0.5355330802544416,-12.634534192679537,23.592443975032573,24.749777214058245,0.17178908707749954,1.8751144944713343,1.336058387927738,1.4991209990568746,12.207204490240697,-7.679778424697615,7.2269598693587955
4h,EMA9_21,TIME,none,1141,677,0.05153041899813434,0.0007134155422771162,0.019119060969918777,-0.19828794873327713,-6.430437877784367,32.42979676205202,32.42979676205201,0.32431358079977785,1.8478422545057684,1.1689664627914618,1.0704986007298136,17.324380548080132,-0.5252925514531603,6.0451312879194585
4h,EMA9_21,TIME,DAILY,596,377,0.015489573524112657,-0.14298808933668333,-3.260771007801422,-0.5282737431707316,-10.536428480100247,19.945016416791706,34.20852908911903,0.19540791745566286,1.2675168926377336,1.4659334127856478,1.325461771930983,12.351207468968328,-7.812714784258235,-0.47631181615835905
4h,EMA9_21,TIME,ADX>=20,614,354,0.06595391865087423,0.09559706544161818,1.502688715031475,-0.2919317363258595,-9.800091344234641,33.56980459738574,33.56980459738569,0.299515914341147,1.6692866889263345,1.1528590331661288,1.1693804822760716,15.656647477171893,-7.18921379136953,4.391129009277339
4h,EMA9_21,TIME,ADX<20,577,349,0.03273837711228855,-0.07983170947172677,-1.5639857470228558,0.3141027220252173,3.2035497225323173,10.199051131671267,19.591034156380648,0.18588635052347977,2.0103743699995786,2.340138473409108,1.772756190057918,11.285251005336171,6.91529249200129,1.7300977691748542
4h,EMA9_21,TIME,ATRREG,450,286,0.14445833046149806,0.5022917809657073,7.06859005235787,-0.43348297537034713,-7.852312693872032,18.114466172895007,18.68138592977352,0.3412281391258221,1.9745240029347053,1.4014265853794454,1.505021648755329,13.802545036832415,-5.865521657081773,9.176822995156497
4h,EMA9_21,TIME,NOWKND,991,577,0.05561523054945611,0.023421115310069778,0.6623460065242393,-0.2210664785756478,-6.499512780455929,29.40071612092844,34.1374135026812,0.32036533164399045,1.6608987428382749,1.3147051366097522,1.2224053642003048,15.336493236552517,-1.6077382860059553,5.7609183464637725
4h,EMA9_21,TIME,VOL,406,233,0.14986228739094168,0.4428701475920099,5.880633360605758,-0.2744868345111815,-3.238962475867846,11.800064952608514,13.278459594940317,0.3065770309602729,2.394872430972159,1.9166275406540285,1.838296762773546,11.641285618493502,-1.1810222225561717,8.325108339857024
4h,EMA9_21,TIME,BTC,676,424,0.04589762301951375,-0.048909924465445107,-1.002441188092773,-0.024824137138089408,-0.4934306332822658,19.877050732416425,21.319277877415832,0.3548220723859421,1.4113623991831232,1.9099588154893397,1.5446026114062272,12.526189366868723,3.6500726414254725,2.215638113765017
4h,EMA20_50,SIG,none,377,248,0.4306851836641687,1.3800592765394462,21.52902050924206,0.9956993755060491,15.596391422972488,15.663755352910469,15.66375535291039,0.6004865211477352,2.2198626175756413,1.984775458631398,1.8364835666864816,16.7056706975631,19.477647596585477,23.714483222555227
4h,EMA20_50,SIG,DAILY,279,183,0.19795664957856196,0.19631450816768797,5.016665388788488,0.03309451752189556,0.5056821200243533,15.279936312405539,25.554226407471383,0.41104263263955204,1.3953275916746073,1.6165411144096216,1.437915993973009,15.178334402947314,1.910479662461806,6.264845855791901
4h,EMA20_50,SIG,ADX>=20,249,150,0.8117504132502803,1.8403883816017634,29.86507912825933,-0.16551664592647647,-1.9875421287269157,12.008110227232338,24.70838113612981,0.4481797907423615,2.6289284211874544,1.6943689236629678,1.8749258085514484,15.965466527253191,-0.5016419651585613,33.14557527953499
4h,EMA20_50,SIG,ADX<20,198,151,-0.023508763244172903,-0.20552537063819223,-2.387871617499293,0.21701716300511195,3.309299056521531,15.249019988541546,16.371148617644383,0.4437771359889188,1.3459057850274676,1.877018143431306,1.3983353426559615,13.947142168507053,5.603028085333817,-1.7667437061194113
4h,EMA20_50,SIG,ATRREG,206,128,0.6936003534983359,2.3243753657368043,21.092566649768997,0.36673897535169814,3.972122245170695,10.83092475066627,12.769468506022253,0.5367763315967085,3.065458735435543,1.8886762005740338,2.013486875240342,13.995940783214678,4.983161426113969,22.436030935337726
4h,EMA20_50,SIG,NOWKND,325,208,0.3752587299260947,0.8667716363148928,15.390269954351933,0.15724462278618045,2.2084216054822026,14.044496825085018,19.678060623525607,0.5514015991168327,1.8639006684307264,1.8691413557774057,1.8460469793892902,13.976342008878706,5.40253935018149,17.366125351773377
4h,EMA20_50,SIG,VOL,174,111,0.35966715404093064,0.3900387937437753,7.399282816573538,-0.14324466885560933,-1.7742615635190417,12.386231038779517,24.294017282437096,0.4875503840526331,1.5622411784918122,1.9074525999792316,1.5968013598506678,13.857658022802777,-0.7225537999294485,9.299221682026126
4h,EMA20_50,SIG,BTC,296,189,0.7435208865601378,1.349469400501607,31.03938793621768,0.21120500627223962,4.567522595732609,21.6260148201466,24.856660560684908,0.47821359758417914,2.447282520175735,1.9712021368070642,2.0535507193824607,15.509705236291227,6.9773465308389016,33.4344810952089
4h,EMA20_50,TRAIL,none,563,354,0.17578423477422556,0.5710729013968845,9.035585221436438,0.013537000474341783,0.28451880179358735,21.017861551594695,21.01786155159473,0.6127710322152171,1.6628545754671276,1.5243846470504645,1.4537102910226505,15.833612245889627,9.784086660896008,17.513695216706537
4h,EMA20_50,TRAIL,DAILY,276,178,0.06828298989142037,-0.002480881219792648,-0.049010359402545944,-0.01942419798138879,-0.36109378731622455,18.589894298966936,19.755222060426668,0.44973650600849635,1.2819574340331736,1.6880900788290738,1.3854316178043824,14.185707140495662,7.166136986424543,1.1854438339997442
4h,EMA20_50,TRAIL,ADX>=20,337,184,0.2094444384980097,0.6690979409981698,7.742633826191625,0.042914833425690115,0.8005778151427334,18.655037226906334,18.65503722690639,0.5555387407777322,1.765427756466099,1.8731404041768658,1.73570735164222,13.095275992995015,3.668261180800636,14.545537693066258
4h,EMA20_50,TRAIL,ADX<20,232,178,0.12309908998371687,0.15647532186666682,1.4764318764826534,-0.15486543934823085,-1.9111368348756597,12.340628373373042,12.340628373373052,0.3681135605266195,1.876916848437301,1.840940120145967,1.5904809857024615,12.562429587778967,4.901472627769277,2.8731846318708287
4h,EMA20_50,TRAIL,ATRREG,259,139,0.4607021888157886,2.248512436963706,16.64559583558065,-0.027725327346291337,-0.414651170298741,14.955681681219414,16.659201139429104,0.5748361213814114,3.1750941894087825,1.7318825169516023,1.8669465310598008,13.740067104534182,1.2810238919322536,23.82285965698001
4h,EMA20_50,TRAIL,NOWKND,462,273,0.21104105169962536,0.6739774929094701,9.881932400127557,0.22923787719802716,3.4664521644369284,15.121637867211767,15.957698410068598,0.6100976561184364,1.775509740251234,1.9097394221377275,1.7578271931715537,13.657038586493453,11.803148151456622,17.877284575009632
4h,EMA20_50,TRAIL,VOL,190,118,0.3140970830722683,0.8707160698596449,7.204812581200204,-0.27636419965111975,-3.5293625086046165,12.770693574131741,15.822587072457905,0.5305953587486628,2.1740666700560882,1.9059086448284914,1.8789666963060316,11.526018371320855,2.5213418131319276,13.371885361011016
4h,EMA20_50,TRAIL,BTC,335,224,0.3682365035122844,0.859928484299132,14.986338724584169,-0.06494002599066553,-1.2266849986279915,18.889505815786322,18.889505815786343,0.5561387680348021,2.0527418690361503,1.6785101011388572,1.7905246498241947,13.904198111823051,6.654661771296255,17.317599579774324
4h,EMA20_50,TRAILW,none,525,345,0.45031946787991756,1.5091386836051361,31.474563883646447,-0.18836655611937458,-5.868831704230882,31.156442126125583,33.025287030708796,0.6108602067738151,2.341408053982814,1.1681976825387912,1.6944827894864973,17.336096859017104,2.085595967338638,41.20491269830799
4h,EMA20_50,TRAILW,DAILY,266,177,0.17412321626745628,0.13823051127200459,3.4152362194785235,-0.14054323604320396,-3.26784857889566,23.251553549621562,24.70681897977036,0.43462780700511056,1.384497933228341,1.4506061983763978,1.3348181566054156,15.26281612450081,3.201517253863617,4.711997297007908
4h,EMA20_50,TRAILW,ADX>=20,329,185,0.7981148892581353,2.5169031212041517,39.77628347692006,-0.09910862958169292,-2.0436220166249464,20.620020933095805,28.1139234621296,0.5401377642542322,3.2761740776939403,1.6868834831851625,2.234276630383442,14.747868499569282,0.42794413868842973,49.05810506204873
4h,EMA20_50,TRAILW,ADX<20,216,175,-0.09020807223263756,-0.23909688408625462,-5.181708535519114,-0.32110852515414984,-5.818978257221874,18.12153151159236,27.35737951665248,0.3808708359257948,1.1488428778168118,1.4626196755635645,1.171810282629478,14.101443982340989,0.027205837761878904,-4.549526458840081
4h,EMA20_50,TRAILW,ATRREG,255,140,1.1378115260601362,3.2592894290435814,47.063249015020105,-0.005841533269531067,-0.10958123948724419,18.75898577156283,25.92808382842898,0.5137974317686865,4.288861284006421,1.6927045560296394,2.519266390419404,14.1460321700006,1.391939997372571,56.427034265505014
4h,EMA20_50,TRAILW,NOWKND,438,269,0.44882702278487097,1.0717693046106755,25.574769088529937,-0.03718285104661306,-0.7728934928671993,20.78628913899816,26.215097928845488,0.5869210430890716,1.8441284873208008,1.6822398470511477,1.6738773411538488,17.116790535874237,6.348562187972262,33.8122295833303
4h,EMA20_50,TRAILW,VOL,189,117,0.9041731089164662,1.603817138698556,24.74322564856648,-0.2903906054138023,-5.179137050229832,17.835070948144615,22.23038414360471,0.4881068775046083,2.7131115028536334,1.7441253587018353,2.2911507168387266,11.962007216042181,0.11209676206880292,31.856932899868617
4h,EMA20_50,TRAILW,BTC,324,222,0.8265696258638239,1.5868258933651433,39.3576345059393,-0.1530337221925553,-4.4275448127477635,28.931824628670977,28.9318246286708,0.5326523518820541,2.7335608558933586,1.4697958782718676,2.227604564101016,14.493223188868054,2.3068107245888925,43.05918818619343
4h,EMA20_50,TP2,none,560,361,0.131855883151874,0.4869724289180784,6.1347846867155775,-0.08915248616587002,-1.550565936178916,17.392290477396855,17.392290477396834,0.30555060109836696,2.016120587826702,1.648032009111824,1.5424510031556136,14.187178573123028,2.39873767715848,11.324820322162621
4h,EMA20_50,TP2,DAILY,274,178,0.014181110947817653,-0.10474862795516686,-2.1739656816346153,0.18333175719551079,2.2226730280840323,12.123775291771754,20.754120832638378,0.1786233283774039,1.5213810989754166,2.166869474210522,1.6432570346744797,11.903681870657401,4.189140682785353,0.0133237176678902
4h,EMA20_50,TP2,ADX>=20,332,186,0.1633875547779531,0.4927302482058249,5.549122324885758,-0.16659610729253432,-2.217521383472576,13.31076349568433,13.310763495684263,0.2875942170390031,2.795892839714571,1.8087377090463164,1.696404200501113,12.681890226636972,-0.2807165198348338,8.512541898330994
4h,EMA20_50,TP2,ADX<20,242,183,0.12286022731114937,0.18582044109137244,1.8158558379689493,0.009124885065701072,0.08430027095194248,9.238502221667776,9.772099491874787,0.15461157118386964,1.8204628932063578,2.0775202763884604,1.7511973961798362,11.80598156796908,1.5899894153356575,4.043483640442447
4h,EMA20_50,TP2,ATRREG,255,142,0.3239762598289313,1.6779208355923758,11.024782713870662,0.10948794944639666,1.0847598555616456,9.90757303471762,9.907573034717554,0.3490912911890689,3.1521492636965722,1.9179499594541078,1.858702954281754,13.021061600446625,2.522554936164756,13.772051675626052
4h,EMA20_50,TP2,NOWKND,461,278,0.10663428055334759,0.15625021184546994,3.469478463135278,-0.2933737036258093,-3.5673961977046864,12.159904427749291,22.204632058781215,0.2881463097554378,1.4925984996208606,1.828057608634035,1.5607136831017991,13.100244646102233,-0.6788814015486033,7.653886391418219
4h,EMA20_50,TP2,VOL,187,119,0.13017937061087442,0.22381478666149876,1.7907766923657809,-0.5343878481614716,-7.225630026779683,13.521321735962033,17.430062765712407,0.28875721329883847,2.019230668355593,1.676618481489752,1.6081703291560272,11.812172235731955,-6.206796862281938,3.8676644639076496
4h,EMA20_50,TP2,BTC,331,226,0.1489314630549704,0.40866946553548067,3.835920777340651,0.21106029956680175,2.008757667686756,9.517458621113029,9.51745862111295,0.2594402751535516,2.0960652457141613,2.217247408254297,1.886477244334007,11.555850529165124,4.603543090768558,7.386699262743757
4h,EMA20_50,TP1,none,588,366,0.15319029938895487,1.1466877491597451,8.406077319816285,-0.5097785004302579,-9.129893591290406,17.909530479580226,17.909530479580194,0.23868277489512305,2.3204089902744998,1.3676779177703853,1.5497194716165212,13.57144956047237,-5.8107812094781774,13.629486535369463
4h,EMA20_50,TP1,DAILY,279,180,0.16819637568668128,0.8058068784550071,4.424011017735441,0.04293879402913084,0.39701199945714194,9.245997900821301,9.245997900821246,0.14033831106193007,2.0939155591209606,2.480284410873513,2.184284562507998,9.947935504970962,2.358952254158675,6.731656544726161
4h,EMA20_50,TP1,ADX>=20,340,185,0.22443383675016756,2.1776281780844724,8.77011857728256,-0.46709610148051695,-4.169586192932795,8.92661313103833,8.926613131038351,0.2190734015407076,2.909660047162302,1.8741360428945637,1.9215932056735663,11.608651345707399,-2.397717572098068,11.991928315224909
4h,EMA20_50,TP1,ADX<20,253,186,0.07441828136269132,0.0467662909745628,0.31243838873178387,-0.4830829014127855,-5.987534478347967,12.394424354158062,14.41703344795313,0.12859445517016885,1.8710435406428698,1.6913065552378947,1.535920129775263,12.227019002776274,-4.554906912495726,2.1862256231170996
4h,EMA20_50,TP1,ATRREG,261,142,0.28601842806849725,1.723705280319359,9.42680893519059,-0.4054284914750121,-6.160577611460183,15.195226139749185,15.195226139749252,0.27326435049028175,3.186794777475602,1.4583593326469955,1.5726965121950485,14.034919270809043,-5.138105188849085,11.779325181287303
4h,EMA20_50,TP1,NOWKND,476,279,0.13716172461334883,0.5292578977436917,5.656953424543776,-0.5367593201128265,-11.633882422770746,21.674299796648732,23.799391913341417,0.22504550280975658,1.8181177540100755,1.2521842026327077,1.43848231673519,13.51828905890542,-9.336115716878224,9.966509054211304
4h,EMA20_50,TP1,VOL,188,119,0.1773993955928891,0.9986946110069062,3.232349738279683,-0.5620879563729585,-7.3355869990188065,13.050603407968186,13.405573061410237,0.20425494368941075,2.095120075432164,1.665123906716818,1.6470042964433966,11.874441936414426,-6.36983026806287,5.374858926333426
4h,EMA20_50,TP1,BTC,338,228,0.1903973721566306,1.490389015386717,6.456156028426618,-0.1711584658422868,-1.0770374671567273,6.292633331670306,6.292633331670261,0.20056474311685946,2.364185663252199,2.364911962913626,2.2069693430344475,10.035237680922105,1.383946143298287,9.922188257398368
4h,EMA20_50,TIME,none,572,361,0.08192420520788213,0.19868077464598885,2.6527894188200785,-0.012702669046446147,-0.2609388100003107,20.54204585242769,20.54204585242769,0.41406616660145223,1.5020556126296738,1.601811040916516,1.3830791173331216,14.999972652991767,5.685607001162163,5.54169336213215
4h,EMA20_50,TIME,DAILY,280,181,0.024013923099444064,-0.07847529814771965,-1.2330653334825303,0.05130217659417995,0.7322937183218192,14.274125718184349,15.712783036025469,0.261223322241757,1.5320324785934905,1.972327660929098,1.5570167192093727,12.566271146839558,5.064980623606341,-0.0156430993349832
4h,EMA20_50,TIME,ADX>=20,338,184,0.07085840816819225,0.16633566472006692,1.2428337388600275,0.09132574299693362,1.3166016309265283,14.416544423522893,14.416544423522925,0.41830743827306527,1.5961257140476919,1.896209134432719,1.558015466856955,13.192411244890978,3.690839937972834,2.754947041923206
4h,EMA20_50,TIME,ADX<20,238,183,0.0733638031576192,0.05293250672801264,0.6281365475526712,-0.19417236401513052,-2.470407061751023,12.722753180048429,12.722753180048496,0.17814920801536357,1.9526884616678468,2.006584163396132,1.7219134763506836,11.412180978266228,1.0480302381847606,2.0761297965401493
4h,EMA20_50,TIME,ATRREG,260,141,0.19521825767694917,0.982247260812639,6.084994128273946,-0.06473593971602677,-0.6910427381049189,10.674792721574356,10.674792721574345,0.4561619382680059,2.4216521808964604,1.8749830967786745,1.7310537659708833,12.684630163458833,1.0032128903453064,7.3771828827530195
4h,EMA20_50,TIME,NOWKND,468,276,0.08102897070114995,0.1617973743875886,2.1426688821448048,0.02366987830689563,0.33352323460253963,14.090618898761974,14.090618898761987,0.4091135392972597,1.5052740441370531,1.9757634749260498,1.6638191018464703,12.433390771077423,5.157761557490592,4.458100338427595
4h,EMA20_50,TIME,VOL,190,118,0.09692308776357261,0.19791898251570986,1.3095873277632286,-0.3407490645309892,-3.0632744996769823,8.989825119236372,10.907481747380753,0.38551935631224027,1.7937138145083458,1.9714525275049246,1.7342441233041257,11.355729095833633,-0.11036675175523092,2.2531168710131277
4h,EMA20_50,TIME,BTC,339,227,0.1455767591044296,0.48086716348732444,4.523003398666159,0.020420966300036227,0.2955310465771799,14.471942328050147,14.471942328050002,0.37721850833058573,1.9555783741255477,1.9040771742696634,1.6846648827594324,12.828746623924413,5.128915772854081,6.435082955080884
4h,EMA50_200,SIG,none,145,81,0.5304869447484425,0.6448362935980512,15.837123745515381,0.47771212480019287,10.184033421504356,21.318348211831374,24.559913737403882,0.3016974925123034,1.8470270690824195,1.8667640903985374,1.693228095707728,16.662327510197418,11.0509297742448,16.952508817468303
4h,EMA50_200,SIG,DAILY,130,72,0.6211775109144809,0.6900034195106036,16.68668886156841,0.42594911479690883,8.558033630497853,20.091680750594577,24.183487196923924,0.27975141543362714,1.90632504642207,1.8633004386615768,1.7608953474879105,16.01724007088223,9.28310312238365,17.780941969929188
4h,EMA50_200,SIG,ADX>=20,128,72,0.6907312891017957,0.7513400420334048,18.571097824683093,0.5459162281240333,10.96894722981714,20.09272973531201,24.717300803538723,0.30920861941989813,1.9462723587779682,1.9450315831039817,1.83386788915772,15.975197568926536,11.8217395137449,19.69235976038428
4h,EMA50_200,SIG,ADX<20,22,12,-0.15911526557447245,-0.10859999048740773,-0.8190119445259492,0.25866136422047414,1.2457985213191858,4.816330127514945,7.541547111101399,0.09497517932888133,1.9744327862411282,2.442825410539663,1.9277844479651238,10.324444628317607,1.4369967541185247,-0.7538264338477707
4h,EMA50_200,SIG,ATRREG,101,49,0.3040153212215049,0.5241789972649147,10.682251449414926,0.24090440342759578,4.797435995637223,19.91427274628087,20.64076526250679,0.2746008099097292,2.006543693093325,1.7708457276766265,1.6194021795805422,15.488805656871275,5.25736354081503,11.34867491486129
4h,EMA50_200,SIG,NOWKND,117,63,0.36831068064149636,0.17716663779921238,3.6579050418928505,0.7501638071982446,7.671052634755382,10.225836758781625,20.6466922177439,0.29421736600717646,1.5883880918493256,2.0977421548644934,1.6613185312412844,13.80592752393872,8.317486132113805,4.1631262459809415
4h,EMA50_200,SIG,VOL,38,20,0.7409293801887077,0.21312108037813582,2.881811336207263,0.2995127607880238,2.5894720828971263,8.645615218811297,13.521944103765481,0.2774351358183943,1.5666699366920458,2.4617515497200624,1.7534895129201895,12.283071202345418,2.810636295639757,3.0902695729954965
4h,EMA50_200,SIG,BTC,118,72,0.8470805457295868,0.811577534293629,19.892831088827513,0.31673669581646585,6.55783266365042,20.70436659303404,24.5113131503099,0.28818353662948537,2.012002767041908,1.8524509866107344,1.848993848642862,15.628417026467545,7.2621633965926025,21.034713146942984
4h,EMA50_200,TRAIL,none,193,101,0.24328289162643615,0.3175194588403689,4.523423870114729,0.23603124120343616,2.0232074515257326,8.571778215502935,14.246131202903234,0.4315910206345033,1.895448511460611,2.2479258028079965,1.9363841525741172,11.324146136851176,3.2187890769615146,5.860037934008755
4h,EMA50_200,TRAIL,DAILY,169,87,0.20950146201466344,0.21313977125541717,2.9717700116069334,0.19870221338309532,1.415576792176898,7.124111845939451,13.942822562409985,0.42308841765094,1.812894105465062,2.2704136345896004,1.9215239071569934,11.04466936168067,2.354250378142031,4.127409010699812
4h,EMA50_200,TRAIL,ADX>=20,170,89,0.34329237474104335,0.4951096939955001,6.466916665762135,0.0423278295919552,0.31131600258778036,7.3548775259421495,13.061583613066786,0.4380037307393083,2.0534614262899735,2.230168384338337,2.0383977604853833,10.936322941665033,1.2244085425498819,7.780378574205704
4h,EMA50_200,TRAIL,ADX<20,23,12,-0.49591763574239894,-0.3148661490665209,-1.8209896766240297,0.7350391139469065,1.7399907267778847,2.3672083481853567,5.7833771017389175,0.056181100918803954,1.9052053200798067,2.714607650074237,2.083919209126707,9.412640664322769,2.006005904186625,-1.7771319789030682
4h,EMA50_200,TRAIL,ATRREG,124,52,0.2151991910066426,0.1768455007604843,2.1251664147100113,0.17258023183984209,1.2729016958740846,7.375709733982527,12.01707934649856,0.4027934122630709,1.8685761851157676,2.47321993002017,2.0612760705995825,10.136623699451164,1.8325346708039092,2.956230260858006
4h,EMA50_200,TRAIL,NOWKND,144,76,0.31353319016724757,0.39591644220696665,4.8430582857172055,0.44313692914643454,2.8019544944268837,6.322999303677934,12.232526284385736,0.4287756729368513,2.114494805168841,2.4337159862124054,2.0852911141905532,10.659853758317283,3.6820755306182784,5.919438494237239
4h,EMA50_200,TRAIL,VOL,39,21,0.07719862467648533,-0.01960332698804037,-0.09202707254392095,1.5614769691843988,4.483285580655805,2.8711826489490555,4.69446194516191,0.3616691495321245,1.9761199107096077,2.982079515354528,2.28724684420835,9.079409553355621,4.850228170225668,0.05083732501918181
4h,EMA50_200,TRAIL,BTC,154,87,0.3337512827162041,0.4644700995045132,5.442275869725877,0.08525972924807027,0.9293296743845492,10.899983879617858,11.717171623171396,0.4039025612462755,1.9835977875123338,2.2337466470640304,1.9867717446468298,11.10729952217464,1.9374033235601162,6.641609034827289
4h,EMA50_200,TRAILW,none,191,101,1.0545414780661697,1.910607217153528,28.97753626696524,0.0013568219159638935,0.021117239490764383,15.563751766024936,17.574032781041126,0.42096675331057726,2.899922167627665,2.0834105499542552,2.5450024376374296,11.832506962374545,1.0311651096820418,31.439312585428915
4h,EMA50_200,TRAILW,DAILY,168,87,1.154749555336665,2.049603283171519,27.881761078281862,0.022313278343641232,0.29306798871600037,13.134241602804098,18.4648634971176,0.41089795807853746,2.9076045419693766,2.1804114067046525,2.200798779358329,13.551047703971076,1.1122256807850173,30.151870085001132
4h,EMA50_200,TRAILW,ADX>=20,168,89,1.2380468515837018,2.259865712252207,30.44160686919288,-0.02916645771103933,-0.41160977092490336,14.11243610735463,17.85112623158669,0.4127379592597513,3.024615433243564,2.1491898158347396,2.3928963287604215,12.745396765775974,0.39683640400414166,32.85209441851868
4h,EMA50_200,TRAILW,ADX<20,23,12,-0.2858455980618896,-0.27268942107208405,-1.1216750983129242,0.1436309007658567,0.47198598807671743,3.286103377198313,4.113379587308652,0.09940275769927774,1.9516941778001156,2.541402244297601,2.013221360884179,9.74510920099606,0.6719711602118039,-1.0625102499795092
4h,EMA50_200,TRAILW,ATRREG,124,52,1.4387643874660487,2.1077348104386577,25.73662940115915,-0.21145189936312156,-2.164384656525331,10.235825088562967,17.358768787358812,0.3595269626951228,2.841113216127871,2.234064336775092,2.3007214204272284,12.431141684141467,-1.7842452273051812,27.53051591303375
4h,EMA50_200,TRAILW,NOWKND,142,76,0.6990246215532652,1.216777907624698,12.887810494562313,0.006317852669684148,0.07731535332886619,12.237599920596354,12.237599920596399,0.4424019251496769,2.0956890040267457,2.217689825548949,2.080247892457123,11.810180937459114,0.7622852123700508,14.274879589356605
4h,EMA50_200,TRAILW,VOL,39,21,1.0217947208892624,0.6362725068712525,5.198868912938415,0.5163025711129003,3.58909974142283,6.951543420917805,8.170821239004733,0.34466542564270863,2.240894721087317,2.843722174886139,2.422956419786894,9.324722040174937,3.9154941048501923,5.501664022541064
4h,EMA50_200,TRAILW,BTC,153,87,1.3262283368101102,2.312601181013875,29.53387065666988,-0.10414317749356979,-1.771603823162593,17.011232668332777,18.856616421037707,0.3923962784565054,2.997433419850843,2.018581176870918,2.5423083604542716,11.76646220550217,-0.9899293005985021,31.814099147279794
4h,EMA50_200,TP2,none,194,101,0.08896857655446799,0.08895095607813838,0.8145452221908878,0.8934593323329912,3.8872337851700633,4.350767454652649,9.157239653223693,0.2964350267249518,2.0240467784630423,2.8328747762931092,2.220614065870084,9.456364258287376,5.350416594048046,1.8471100888333147
4h,EMA50_200,TP2,DAILY,169,87,0.000588691904219427,-0.12623448035680043,-1.4931724911025457,1.1898225842298091,4.751976368675925,3.993852891733396,11.828562900422368,0.29361498988783197,1.7352285077261718,2.9100144314036736,2.117125940743192,9.576069286469647,6.058626410527013,-0.6844432873831852
4h,EMA50_200,TP2,ADX>=20,170,89,0.13585957065891607,0.26281067415653636,1.9157274849776806,0.1856106633386367,0.90655817685521,4.884192322513514,7.289382332456662,0.3069176732730205,2.165566712451363,2.4601456459775606,2.051071547517827,10.142823940975521,2.0033528574243675,2.863651213502516
4h,EMA50_200,TP2,ADX<20,24,12,-0.24317596501870575,-0.2528655137554371,-1.0781046623782542,2.9857402709596177,2.960778882500237,0.9916397991137527,4.2635496093032295,0.027053967833029872,1.956593459544558,3.161989907313056,2.3262929181119083,8.667731551440161,3.2892155623316155,-0.9856827196374707
4h,EMA50_200,TP2,ATRREG,125,52,-0.010160248394892999,-0.12449795488977111,-1.247828942785878,1.3309261907494918,3.5205698586127987,2.6452029294203316,10.02288707385346,0.3143623789112301,1.7791633059217844,2.7868678024608515,2.10988528322738,9.53633135674835,4.277104133490339,-0.735783754078656
4h,EMA50_200,TP2,NOWKND,145,76,0.12367397470201309,0.21405055183261448,1.4040108884596059,1.6105805758014853,5.570054893054688,3.45841429900694,6.559249095314312,0.24910120542507702,2.1989144353409893,3.175613209236919,2.4641639360275205,8.764523856048466,6.769399730963355,2.1893434414693713
4h,EMA50_200,TP2,VOL,39,21,0.23614579782743816,0.377258810641661,1.0317139322084223,2.5508337672278594,3.729534163611281,1.4620843629745361,2.734764313267146,0.2105703897741076,2.2496379217748292,2.9234079808389497,2.3084073847800313,9.144276424304486,4.136476141556478,1.2352116369535926
4h,EMA50_200,TP2,BTC,154,87,0.0974095655440362,0.0933187035650371,0.7658459828980613,1.0768104396798115,3.8781270517251,3.6014946631444777,8.206779066152759,0.3045140239009592,1.9909355394963812,2.7803285603774075,2.1777043819582453,9.632697930794054,5.152317211683277,1.5832429879063525
4h,EMA50_200,TP1,none,194,101,0.07865929820395252,0.11327131868526602,0.7350668611668443,0.12154528643641206,0.42476674268907555,3.4947199940270623,6.489435010545696,0.2590010642939881,2.1967862577490327,2.8772255399033773,2.3645505877610247,8.577318195418393,1.6618800406493106,1.7166609984663683
4h,EMA50_200,TP1,DAILY,169,87,0.012423011430846627,-0.12261421804989256,-1.0160139308318938,0.3733392911432569,1.2297072101938422,3.2938060347952547,8.286265222671574,0.2505116678660066,2.1196542911109844,2.9949323574214923,2.351461974670263,8.408708554215472,2.32907982915298,-0.23126469738082855
4h,EMA50_200,TP1,ADX>=20,170,89,0.07703604124715138,0.09649442803917999,0.6195516974037307,-0.10948632065399538,-0.41234235827914967,3.7661541260689213,6.420595572131605,0.26557985145834373,2.2517057348697778,2.6818856478150965,2.2272737265249627,9.006582911734117,0.6085175921140218,1.4746773140136948
4h,EMA50_200,TP1,ADX<20,24,12,0.09015736831462741,0.04910953461023435,0.1133759613457963,0.6076901545252724,0.8411961619422037,1.3842517534274457,2.3086344076689524,0.022081531391025973,2.0373161922525487,2.873939634536773,2.3209130135090335,8.69897996402682,1.0477036860710998,0.23707596471673753
4h,EMA50_200,TP1,ATRREG,125,52,-0.0021602483948929886,-0.14123661173173038,-0.917627954602207,0.013911174538328065,0.0398502494219688,2.8646214819728844,6.49709691666337,0.27858223965635304,2.0893888356702006,2.6235332559411773,2.0989808541867276,9.319701190024032,0.6172939585072701,-0.42982718422192034
4h,EMA50_200,TP1,NOWKND,145,76,0.05470845746063376,0.016035383922973743,0.08998369448867116,0.30182760168305567,1.1585582800534011,3.8384769106371674,5.611570943415478,0.21260093249182815,2.114152936533309,2.8757807809074705,2.3100359153563943,8.746044634272865,2.1228268013633755,0.7818145404683063
4h,EMA50_200,TP1,VOL,39,21,0.18486374654538698,0.2931026672565262,0.8015667145365724,1.5521534619118098,1.5452645015733735,0.9955616757572727,2.7347643132671795,0.21795551848705455,2.2396098461972813,2.8645308320043816,2.3202675163624,8.868015287020059,1.8492310218517272,0.9736100997669306
4h,EMA50_200,TP1,BTC,154,87,0.07143553957001017,0.06038879445372419,0.38812159079602004,0.4748003417348093,1.1957625160839092,2.518453360237427,6.427046512634671,0.27045168697156113,2.1252295442484312,2.943210256480232,2.3764730591977785,8.545593635683213,2.3066985964485642,1.1513667547926598
4h,EMA50_200,TIME,none,194,100,0.018181335562437784,-0.10906415729611767,-1.0457064681559602,-0.01471810124924135,-0.10157922593532209,6.901652884101339,9.587993838496233,0.36737690071564433,1.7841179102563796,2.163517977723159,1.7320686967231196,11.21541308975419,0.9636352294483119,-0.17405031507464752
4h,EMA50_200,TIME,DAILY,170,86,-0.006030513664380641,-0.14221801631190475,-1.5772883989420006,-0.10123855649278024,-0.5473496342573436,5.40653337245457,11.090637036328632,0.3583623185261968,1.7794858815210326,2.1840967622747542,1.7415608907912081,10.98543967260628,0.28595971058249514,-0.8162664884473481
4h,EMA50_200,TIME,ADX>=20,171,88,0.038115419910975015,-0.05052789116281233,-0.4584801101596647,-0.21669417220705986,-1.5368132148802727,7.092083738236332,9.07380259909003,0.37349438515064637,1.86734888460315,2.109156926514013,1.7466092233824186,11.079859047393025,-0.7035217272303163,0.34235329064182807
4h,EMA50_200,TIME,ADX<20,23,12,-0.13002424807233906,-0.2577825637231038,-0.5904994669077679,1.4713838443951006,1.4600030802602193,0.9922652649896668,2.2906881612910435,0.03507535772508821,1.989476718606601,2.702166824699998,2.1340150668059583,9.392050663199392,1.6815855917538647,-0.5152613149081664
4h,EMA50_200,TIME,ATRREG,125,51,-0.05265441868061026,-0.22374109772189735,-2.0156757051861374,0.2189130315210948,1.088465868407984,4.97213830005866,9.008964940770758,0.3653903667785218,1.6960160245259577,2.4600570789997764,1.8967446673220456,10.180792714225106,1.619195472095969,-1.5441523707526383
4h,EMA50_200,TIME,NOWKND,145,75,-0.047948236204890776,-0.22511885294836723,-2.200646740736867,0.08482461043458879,0.35243640166926493,4.154883822791511,10.361476702819438,0.3283802055560281,1.7275399505391893,2.3237618751249824,1.8061139735524339,10.570730748089108,1.1357645928721682,-1.6135844927330556
4h,EMA50_200,TIME,VOL,39,21,-0.0406285410731717,-0.15556949266823406,-0.6405208005209828,1.0174186825130644,1.5766302054212478,1.5496375607403912,4.117264828310208,0.2947454030021068,1.944136689761765,2.687117269361423,2.1174908281887013,9.443917879245545,1.8389134981996014,-0.5063303550436493
4h,EMA50_200,TIME,BTC,155,86,0.05351550561783532,-0.01656583177304939,-0.12860801886023232,-0.1975187230545976,-2.0083596130676673,10.167945509208876,10.167945509208865,0.3486627580932814,1.9005719444516116,2.028230677944441,1.702591592766015,11.388766726695643,-1.157433077137482,0.6150894500137838
4h,ST10_3,SIG,none,454,288,0.4261652373717266,1.7107127601346264,26.916173280526223,0.4390320392161836,7.769397118268184,17.69665177999107,17.6966517799911,0.6716964803803624,2.6319432822565867,1.6086734112367536,1.7380124114387914,17.705916593378422,10.566222101075562,30.096890686639988
4h,ST10_3,SIG,DAILY,295,180,0.11549845828306979,0.08054157724888901,2.0950795918874388,0.6250343776515576,9.834970126239128,15.735086705457825,26.012398359337297,0.5112621675774649,1.358162328619202,1.7863281231694672,1.3426716701884498,16.74743207750169,11.700451310145233,3.2428489166269614
4h,ST10_3,SIG,ADX>=20,327,197,0.5064514185528309,1.501735005622607,23.571610811537557,-0.24412985199552964,-3.444010963618438,14.107291408514444,18.279981631966457,0.5892325298696267,2.746120900678026,1.5068991161439917,1.881776306018008,14.500234037617732,-2.1277170391084566,25.744895842771665
4h,ST10_3,SIG,ADX<20,223,147,0.014005076722142382,-0.05048600602321539,-0.9174866197994791,-0.28979716053270826,-4.2045316527163585,14.508532951073583,20.250255627326585,0.461621093133528,1.6514714566730981,1.479088059434433,1.2715215739069348,14.544522097202917,-3.179403426825056,-0.11841955245465163
4h,ST10_3,SIG,ATRREG,291,189,0.5128321383571992,1.580936550940031,22.483208565592207,0.5190852489245723,6.219111624494955,11.980906098525345,14.221449021609123,0.6481599399464346,3.011713590970083,1.8559715855840804,1.9459599624671957,14.898538994659816,7.767888184562666,24.33675378389857
4h,ST10_3,SIG,NOWKND,426,267,0.48710468527592254,1.9690687984693864,30.147498251307713,0.535223869265715,7.939625101410708,14.83421341485246,15.310535759208733,0.6565477998319735,2.806657901954964,1.754149485089975,1.9543799744614736,16.32489568692266,10.6342531807311,33.36155355831853
4h,ST10_3,SIG,VOL,321,215,0.428294172898741,2.0354504650992404,18.77157160990435,0.942254644777749,11.458799730226609,12.161043507436798,12.161043507436576,0.6790517817853101,2.408784632764979,2.0578198245219546,1.929004374517147,14.903974643963958,13.763546306879926,21.000477179694887
4h,ST10_3,SIG,BTC,353,223,0.3561286734339981,0.6396399136762979,15.34451868481499,0.6914031537540233,11.10971729892183,16.068363643701677,23.989307666282343,0.6139803553199462,1.827109569498244,1.8309610808183348,1.6496107699003146,16.70557025310796,13.58597967644024,17.309378504032335
4h,ST10_3,TRAIL,none,730,448,0.10178130359697066,0.1527544763097473,3.848757721487228,0.19251911677715772,5.299808577997145,27.528739310245808,27.528739310245708,0.671693868023563,1.1111303441044302,1.1905673362938738,0.9737107677463143,22.65433723581064,15.277405597544536,12.520259560407542
4h,ST10_3,TRAIL,DAILY,297,181,0.09041251563532363,0.03813723697191207,0.9091817182740103,0.8098397135189366,12.419753683519641,15.33606400895432,23.839737497071933,0.5362013190277365,1.3147873569668656,1.89898672378811,1.3588831209555927,16.55645177191364,20.607977614903717,2.295324614019756
4h,ST10_3,TRAIL,ADX>=20,471,272,0.1531936935543458,0.3222711337628212,6.353123405427419,0.25162453380077143,4.798086215103381,19.068435587852328,19.71359746449729,0.613474191329489,1.389539775700089,1.5444595749116523,1.3240912612728577,17.349209813981425,7.707733017537044,13.967790052178387
4h,ST10_3,TRAIL,ADX<20,261,176,0.010766550962837587,-0.09217172053035248,-1.8996275783210281,0.08142245439595669,0.9997467541834837,12.278514097864502,20.60965735901039,0.4202821711871568,1.497836975138192,1.6490490565793348,1.2788477297382426,15.04338341887712,8.129103596139142,-0.7779061613029215
4h,ST10_3,TRAIL,ATRREG,394,252,0.20703328353602732,0.5266652648099359,9.008108927593984,0.3374129059325138,6.463554803748206,19.156216878796528,19.15621687879654,0.6307085520157822,1.769970343238482,1.5141949787908453,1.325309690069181,18.318477216215378,9.087248811834714,16.192093313970513
4h,ST10_3,TRAIL,NOWKND,664,391,0.15773694748727904,0.4050241251148313,9.285061630812507,0.5532265880761421,12.213065449562176,22.076063791571165,22.924712517260627,0.6678745474913709,1.407388486915878,1.5642426175959043,1.2826722477129753,19.871347921514783,22.532355322174702,18.255908755753005
4h,ST10_3,TRAIL,VOL,432,282,0.2486309708065669,0.7280883003004512,11.770216032173542,0.908216877373332,16.487693826457985,18.153917018303268,18.15391701830332,0.6615250637828509,1.8431228161863986,1.8837884600360904,1.5293896259094364,17.810771632667375,26.272070425327176,19.738300751797766
4h,ST10_3,TRAIL,BTC,392,245,0.23360477847179018,0.4001846964877911,9.220931764555518,0.6908127468426528,11.725870546468876,16.974021686863416,23.041690113297054,0.6146832823256795,1.4705661898827243,1.8108059074590046,1.4903610859307643,17.069066701818038,20.35787991637541,11.51702228971223
4h,ST10_3,TRAILW,none,545,338,0.5077617566252774,1.3387401032338442,37.44389006731967,0.2541610635913351,6.975821324278919,27.44645944469025,27.969499066227023,0.6393045289064988,2.1515990787991788,1.2333690174186698,1.5086177875965137,22.685373102235197,15.466478880831236,48.85045348746626
4h,ST10_3,TRAILW,DAILY,286,172,0.1670017867160273,0.09884928864709173,3.274335345147117,0.8194509922818676,14.561860301052377,17.77026379637785,33.12452107609023,0.4910838210892962,1.2087991909736355,1.8421143549427665,1.3454097513363508,17.763353228147693,22.32829992971226,4.711972174734225
4h,ST10_3,TRAILW,ADX>=20,367,214,0.6799247465060353,1.4694045736950376,35.944700096975346,0.2835954552608295,4.312310092110905,15.205850489193384,24.4620853510664,0.5616561651380584,2.438075310544296,1.626302170397351,2.035596570188825,16.309049273741028,6.588977691109377,45.82551475436547
4h,ST10_3,TRAILW,ADX<20,248,166,0.016165696345215606,-0.08034037223865123,-1.904928744723866,-0.2246969974758781,-3.2010499921529156,14.24607372644825,23.710728387780822,0.4382155514636157,1.386821283991355,1.4049341506430018,1.1616966082183786,15.778683888061817,2.9163844643769643,-0.5227463476334293
4h,ST10_3,TRAILW,ATRREG,315,195,0.7633495956829174,1.6646816796543031,35.779859161398655,0.8512149806292372,14.795273530360408,17.381359429815735,21.493514104647858,0.5829966185179662,2.933269185795609,1.8660883504464094,2.0204749883246467,17.493938218211934,17.227687466854256,45.162547567656915
4h,ST10_3,TRAILW,NOWKND,504,299,0.5925541875636434,1.6999657112974529,42.61954956791196,0.4670939201945023,10.777762535130453,23.074080113572215,25.070828949475544,0.6282934942540893,2.5351778434152012,1.4837281731500804,1.7987792792740573,20.396397518176755,19.37033100966947,54.091897682349746
4h,ST10_3,TRAILW,VOL,380,243,0.7315540803607896,1.9681405473796916,41.10815013207394,0.7906492931173497,15.325486797019527,19.383419337029483,20.886796009971842,0.6039978019603625,2.880047591423775,1.77698072399007,2.0084590720576894,18.504288009325066,23.87147743288669,51.65249207615881
4h,ST10_3,TRAILW,BTC,355,221,0.724853492563196,1.1904951081377542,35.84826583796157,0.6531437233739524,12.805565275805364,19.606045067164544,30.112064798013016,0.5653716150045188,2.3618330648885286,1.688296833200846,1.87614542271774,18.695362943472315,20.715002768128276,39.471763910988614
4h,ST10_3,TP2,none,701,437,0.0937032720982266,0.16920208468751496,3.086894805202478,-0.1798864689105454,-4.244721363376347,23.59666843806455,23.596668438064462,0.2939003497529715,1.9508646483584016,1.250071663040671,1.1619272006084405,17.38241052934252,1.2847106082222837,7.069340632081045
4h,ST10_3,TP2,DAILY,296,179,0.09134303938421652,0.0735064523683493,1.021234956905026,1.1436335107475541,8.783031056646573,7.6799350264801225,13.893133514150568,0.22937216029020469,1.9053760731379403,2.389053214284445,1.7766139426182403,12.443185292354686,11.221738943908788,2.608847259256031
4h,ST10_3,TP2,ADX>=20,459,269,0.09781501958613069,0.1882587742566514,2.5630621428883726,-0.06840403436746717,-1.2000472588049926,17.54351581601644,17.54351581601652,0.26164063227527373,1.892736161623475,1.946334963590883,1.6998126125722475,12.143914727479876,1.3237400577699399,5.223086242330566
4h,ST10_3,TP2,ADX<20,260,173,0.09202633060044868,0.06465722447536432,0.9069771544579996,-0.1805670335935989,-2.766612343585517,15.321802039525744,15.32180203952571,0.18117043848153674,2.0308446252509773,1.5487021277657913,1.3447486298149158,14.651741738469626,0.3575907784520327,2.2622677512889044
4h,ST10_3,TP2,ATRREG,387,252,0.17654558478818583,0.4102925247351379,7.042681601037293,0.11923610688665645,1.6343129223057362,13.706527032615067,17.165025381789878,0.30845462986753636,2.2662158857693315,1.8721063961046873,1.6891202633694737,13.550953329246484,4.215110405462252,9.314238413364517
4h,ST10_3,TP2,NOWKND,640,382,0.1410575386765353,0.4660483890115897,7.536012744512655,-0.11258484095756997,-2.2450393362523524,19.940866968923853,19.94086696892393,0.2869141477072971,2.2773718917314683,1.4886881162261147,1.4437343185694418,15.440071103273233,1.488517000032652,11.495444931751209
4h,ST10_3,TP2,VOL,423,276,0.19864107539299822,0.7070082858687954,8.495092281257332,0.35726051854232216,4.559851958145211,12.763380562593674,12.763380562593829,0.30355721341220615,2.0078713508987573,1.9518191228819368,1.7294044974622964,13.907868709206028,7.856708696448034,11.270755619888195
4h,ST10_3,TP2,BTC,385,242,0.14469637071090757,0.3387334737170474,4.124397747454411,0.209305370474595,2.962472657767301,14.153830124138544,14.153830124138523,0.28662608396605477,1.925283128616886,1.7845117406509954,1.506516906714242,14.666498364968284,6.6740217450206085,6.323825109597481
4h,ST10_3,TP1,none,732,451,0.003999995251751344,-0.20426498449620323,-5.74590224301228,-0.528734868104742,-12.107230313689033,22.898490423163466,40.3687279698393,0.2077161329328903,1.231400375776546,1.1149789338278644,1.006426664735898,14.93412490370133,-8.431374485377962,-1.8101633316704224
4h,ST10_3,TP1,DAILY,297,181,0.07762762371233953,0.06590342992462415,0.6960210499266761,0.2914326405766534,1.809497921583203,6.208974801184852,10.561226490377473,0.15433816773139383,1.9033878970642926,2.536568707694708,2.045784504874443,10.066587113798843,3.7715516504164492,2.266800673041258
4h,ST10_3,TP1,ADX>=20,473,275,-0.004217475817598966,-0.2613282403156158,-4.114373394088766,-0.4782614448628079,-6.991085776661032,14.61770722217942,25.221337419136336,0.17483641625067206,1.3381064959024946,1.8834104529439182,1.4875725304512777,11.311283163159436,-4.751507150839496,-1.3695035377421227
4h,ST10_3,TP1,ADX<20,261,176,0.018901046192818415,-0.10345951259773285,-1.6605490902685038,-0.3669861657593482,-5.421502022818525,14.773041952686805,21.934132043009548,0.1378577326007871,1.8236927500204365,1.5429323956286192,1.331675520281034,13.621087285313793,-3.7769933842144554,-0.39719385605097024
4h,ST10_3,TP1,ATRREG,397,255,0.013586068513238927,-0.12846795294795588,-2.2529796438595096,-0.41974562794022674,-4.970710330785188,11.84219679708739,21.10517615730012,0.21372103421779196,1.6018177234837783,1.9683498844457572,1.662511467184849,10.812047108519106,-2.7709329913034986,-0.47409723888458544
4h,ST10_3,TP1,NOWKND,667,392,0.014234893918419802,-0.17320825580070717,-4.275873216341131,-0.47849446984923977,-9.110951514139353,19.04087108260616,33.619974572781096,0.20032214640566454,1.3432125216206288,1.4893218162542976,1.3027712767288755,12.50326310249844,-5.743815073244352,-0.5556265825460982
4h,ST10_3,TP1,VOL,433,282,0.1111204730207669,0.2287750814238305,3.2212994045310195,-0.3877553659372003,-5.174808248036033,13.34554903071059,14.080639309502486,0.21854430860524554,1.8473373344300266,1.6944736441552657,1.605726456877266,12.473764700074597,-2.4639492267331753,6.379955443501739
4h,ST10_3,TP1,BTC,392,245,0.07339844785906811,0.03345530683365876,0.5220815442772864,-0.24828623234347733,-2.674926006265921,10.773557522776567,19.338246006927605,0.21027499761416407,1.6289067234818977,1.9472087195232717,1.6765040408609235,11.663074354020464,-0.24384940566403168,2.881894604641433
4h,ST10_3,TIME,none,726,446,0.0406987383455976,-0.04452140215078686,-1.016807287740229,-0.2330088200251471,-5.112569774392406,21.94152896804782,24.83824201529723,0.41329860224338616,1.2487877681863104,1.1549183127922016,1.0079123013818725,18.149612144307238,0.44474076129314977,2.668915590645926
4h,ST10_3,TIME,DAILY,297,181,0.015558537361663767,-0.07716191340083615,-1.56254129525919,0.04080455123143936,0.3669954442263146,8.993983101168123,20.250162630651637,0.29619758845717375,1.24507894712554,1.8538359254254166,1.4504568390908208,13.33252498986085,3.910058655545945,-0.12180809376960422
4h,ST10_3,TIME,ADX>=20,469,271,0.057184897780756694,0.04336073101077477,0.611077419229944,-0.11601261572760324,-2.3344143515878435,20.122073249938875,21.12744525432507,0.375369635668865,1.492185801269307,1.5716632817137057,1.3507340835639903,14.475181066792786,0.013787650175345334,2.665673810708058
4h,ST10_3,TIME,ADX<20,261,176,0.01705816609361414,-0.07839450280338026,-1.2523643531784256,-0.22703417323444622,-2.951431507687985,12.999943865896334,15.975155251886175,0.2579472930952725,1.7665673662019306,1.714620390582699,1.428550079614801,13.145527941417523,0.4237998989090608,0.41047683346691066
4h,ST10_3,TIME,ATRREG,395,253,0.11023430754016883,0.25144570730087384,3.880263862987232,-0.16547574072388652,-2.300899026835901,13.904751335576071,15.431815896320721,0.398680148344398,1.8102339033415777,1.6719978404188078,1.525022235351294,13.63015192923992,-0.2120856543316063,5.732419172146219
4h,ST10_3,TIME,NOWKND,660,391,0.04465940075828417,-0.021829063266936434,-0.5207883582630801,-0.13561215233995821,-2.252225561008825,16.60784466692079,23.85756786237806,0.40116166162196853,1.2081188048086147,1.4679467995477822,1.2307044394044429,15.530718495347429,3.0873640204284625,2.846630903776237
4h,ST10_3,TIME,VOL,430,280,0.07016413764431156,0.07617089737911516,1.1186007756964544,0.40324708164854667,4.4240675884780645,10.97110875642715,14.685408918434995,0.41480098213760597,1.7766629338873685,1.8914359600558655,1.4857315281827592,14.221846858996978,9.453859825137489,3.3752646049030943
4h,ST10_3,TIME,BTC,391,243,0.08090652278070885,0.10676337932866761,1.4720724794155648,0.18673598269461092,2.4593362966453203,13.170125335015548,14.034583030585178,0.4126466860695121,1.4540877960854686,1.765982815699631,1.4339642261287266,14.551522990250298,6.848996696637477,3.5989971569214907
4h,ST10_2,SIG,none,723,455,0.12166816971227835,0.557527496446725,7.9565226435069025,0.49659488566453736,8.313600046870096,16.741211572779157,16.74121157277899,0.5767319704554622,1.5327800459511203,1.9482580799955718,1.6335611417719118,14.896516906688984,11.329899111615727,11.225493282823319
4h,ST10_2,SIG,DAILY,521,336,0.16956544022048584,0.43770422658258246,8.849504352798032,0.31392614767205473,5.0015779139736205,15.93233934498045,20.218000684826333,0.5327306626169658,1.5884435513177417,1.7169122273239976,1.5221424678305373,15.796133230822672,7.7525961247910224,11.324525712725775
4h,ST10_2,SIG,ADX>=20,542,321,0.08369989682028155,0.1451720128066269,2.767921654365235,0.15603379145404828,2.0998251580591765,13.457502624856566,19.066496364228158,0.5537795828536105,1.3178157114836135,1.9164819337182668,1.4708014286977305,14.375836726445213,4.711999196907568,5.065847489205222
4h,ST10_2,SIG,ADX<20,325,228,0.1775389088913796,0.49235304474716096,6.3228922883676875,1.5060335744936848,12.72233079572671,8.447574483858267,12.842191910511481,0.455756324838113,2.1347601709986535,2.727859000724069,2.124288685916606,11.648654222351917,17.04984499634157,7.974968988362119
4h,ST10_2,SIG,ATRREG,447,275,0.2884211951899213,1.259124461032681,17.789050695497053,0.8330639247297106,7.434821707012396,8.924671308296828,14.128111434597358,0.6101959313405094,2.423752295750357,2.375212499434907,2.307850172891503,12.001564830601353,10.064242114304012,19.998716837647713
4h,ST10_2,SIG,NOWKND,665,413,0.16364405446841135,0.8303651093358229,12.082054964548238,0.7729037391536582,9.009293718702093,11.656424030976243,14.550292189193993,0.5701649024048863,1.7573632351112645,2.0844232092708994,1.8394961980100824,14.136980328522785,13.794972048380627,15.370370068365036
4h,ST10_2,SIG,VOL,490,303,0.27442825685347116,1.5401667522044045,16.82167057945867,0.8050326942439412,8.52093294771099,10.584579991143784,10.921980074808268,0.6520185863972598,2.1719206336095978,2.22670531596799,2.1144703231981548,13.014544201189382,12.519183016054258,19.68608519810491
4h,ST10_2,SIG,BTC,603,363,0.30255739662030373,1.1913730768141555,22.982702487270412,0.27587353712144835,4.154825813376717,15.060617472518324,19.290936596224196,0.5985826633132121,1.806082141978698,1.7409808681272416,1.732480348847313,16.614623217517465,8.590331537431384,26.698102044358052
4h,ST10_2,TRAIL,none,960,552,0.14084904262580633,0.5286166270964983,10.148425525081617,0.49319708510479454,11.167720000285941,22.643523933060195,22.643523933060383,0.6789136176552781,1.552279542119141,1.7826596334539557,1.4994115086075963,17.077585580070053,16.588236737692274,15.481160482664391
4h,ST10_2,TRAIL,DAILY,499,322,0.19282154660213965,0.3689072123568504,8.964602353557805,0.2649292799417335,5.551790326070871,20.95574459452685,24.300425834142235,0.5288240215428225,1.772006729065671,1.5148643894807097,1.3381708096191822,18.095807752067195,8.731566378590049,11.877748663742803
4h,ST10_2,TRAIL,ADX>=20,665,389,0.07364475508098944,0.030463346208633856,0.8032436452683145,0.44936895399111426,8.554462592335454,19.036612379111105,26.367544778802433,0.5863600423572947,0.9870644904646625,1.713125779359602,1.1991473496175036,18.053394874301276,12.470239137325457,3.6340437466800157
4h,ST10_2,TRAIL,ADX<20,396,265,0.25317921605993565,0.8654138458382236,11.024553590858432,0.8894250905153693,11.659081798149984,13.108559588075297,13.108559588075252,0.5050286447787138,2.1773263412074075,2.3142868521956363,1.9525691433880696,13.435698169932952,14.45874828206497,13.79583657300838
4h,ST10_2,TRAIL,ATRREG,534,313,0.08921150766571583,0.12623784625400214,3.166351512102783,0.15576245699699004,2.9219132542223303,18.758777375210467,25.082426594412844,0.558806944060852,1.2715673203822504,1.6308418171387866,1.3609684429860094,15.759754969475848,5.758131856213455,5.436010696170346
4h,ST10_2,TRAIL,NOWKND,866,490,0.1383067063907852,0.43288078403540897,8.817321748943808,1.5807992464150749,25.308863980101414,16.0101695629579,20.368937763295502,0.6795769000405721,1.5925664472564431,2.3043604372077007,1.6645555243990915,16.67643945259647,31.465391397432253,13.52453118483763
4h,ST10_2,TRAIL,VOL,602,344,0.22230134180637776,0.9009488667094722,13.641396249919557,0.7563072149494515,13.048482619005885,17.252886606242402,17.252886606242434,0.6313353985263004,1.8443139792187764,2.0506930459201866,1.7731715959620176,15.3985454969898,16.62316888639119,17.369627642805785
4h,ST10_2,TRAIL,BTC,602,372,0.183156623442742,0.37027864882356465,9.341158997380795,0.6420822053397739,11.766822051762936,18.32603668799111,25.22737680678908,0.6081251464188572,1.5565125393234307,1.7675622379022409,1.459855421997871,17.48501968055255,16.09894425907996,12.87362241120249
4h,ST10_2,TRAILW,none,642,392,0.2865631337918816,0.7236104717492639,19.830253941419084,0.40611428186120735,7.971688825788492,19.629176273374394,27.404597798980458,0.633820709314136,1.47903307850942,1.5387676668013515,1.4804588039437254,19.270061865020725,10.43715351609038,24.476464226857164
4h,ST10_2,TRAILW,DAILY,421,258,0.22952194051770852,0.267927376383539,8.469081070734518,0.5566016846982929,10.822873092737485,19.444556835296044,31.609614459893788,0.47549810859217617,1.432007858370186,1.7539234499134508,1.443675494472615,17.481310286296605,13.698052051792198,11.375137718673711
4h,ST10_2,TRAILW,ADX>=20,493,295,0.2734257786283198,0.7039456213038816,14.681296912910025,0.3763796951553263,6.3020331987715394,16.743818223697705,20.855725880809693,0.5817608437547677,1.6863903176373036,1.6071910526099829,1.533101087621986,17.219087461542635,9.071723077883398,17.543288984825534
4h,ST10_2,TRAILW,ADX<20,332,217,0.1299094963544549,0.12693103277487633,2.429849733878009,0.7380587265615866,9.945914812065748,13.47577700002416,19.143070695623877,0.46800904258213616,1.4315019516139984,2.4175569501731773,1.7224124330430848,13.177841391002454,10.79859575844857,4.471279670780448
4h,ST10_2,TRAILW,ATRREG,407,246,0.2569687961481111,0.5660577921001932,12.365253366691897,0.9404242390590245,12.929993762022773,13.749107291152285,21.844506937735474,0.601917095487654,1.5765086758077738,2.0185201390482357,1.7151185081541547,15.656923218077434,15.703159326856596,14.72129962986437
4h,ST10_2,TRAILW,NOWKND,591,352,0.22880258395489372,0.5742004168198247,13.142952996518753,0.6002628863847727,12.0817541407521,20.127438185487968,22.889138724959878,0.6281942922983308,1.574027921153566,1.6364536122633249,1.422764702689319,18.954541473028318,14.50663435996673,17.114422731255942
4h,ST10_2,TRAILW,VOL,465,268,0.3019481881204174,0.7382684212526667,15.347541779551133,0.6201609278872859,13.263392522897032,21.38701734738705,21.38701734738705,0.6414912335472426,1.7279593807435394,1.8279907428544666,1.6110109261100332,17.349051426256224,15.103786553582443,18.257200136460703
4h,ST10_2,TRAILW,BTC,497,295,0.2604174736254065,0.3149795240033246,11.441840213600685,0.4193149247416294,9.37790629106614,22.364828289488038,36.325663548465826,0.5668647306316826,1.1438118489320819,1.6613683035674234,1.2364874065678804,21.00228431032378,12.626115620089484,14.683704204705105
4h,ST10_2,TP2,none,1028,633,0.051190630382370796,-0.07276601359860518,-1.8587676127989172,-0.5010001316142091,-18.679636190450843,37.284693180150576,43.44193300252539,0.20634223590429565,1.2073150848243526,0.9850273145879241,1.0982527043781711,13.7608305124711,-13.179831458289105,5.437917170156514
4h,ST10_2,TP2,DAILY,506,320,0.0797357709375703,0.03410833970792268,0.5852479648050801,-0.4721626719675497,-11.679156086529009,24.735449835245937,31.075564291980807,0.2016014643873868,1.6492311214933966,1.354806164967458,1.4070524839688885,12.516369744984669,-8.503797435788464,3.6844905625767366
4h,ST10_2,TP2,ADX>=20,748,434,-0.0031962536605301237,-0.22456269692596112,-6.648998100990411,-0.552547026349906,-19.987732778590207,36.173812952407005,48.75114518458486,0.1591037322479431,0.9304240211833887,0.9689284089736513,0.876898984523761,14.729561879359853,-17.494282442148844,-2.552396540685109
4h,ST10_2,TP2,ADX<20,393,271,0.12940351679792536,0.31113484623080534,3.489593039139094,0.4504064390665564,3.684062521845588,8.179417970756841,11.21569339279488,0.1525590737985275,2.5409756920950537,2.555195524713616,2.1120935308916065,10.461565457190492,8.335974537295598,6.390948978923694
4h,ST10_2,TP2,ATRREG,601,351,0.04910551076811628,-0.03519218592806731,-0.7421202671197391,-0.2001069452878894,-3.986929318452359,19.92399270658224,21.08764339437823,0.21048561557792886,1.3568119757490218,1.7545136533585044,1.489074347770355,12.656854628696856,0.8263808505545533,2.3880452572654587
4h,ST10_2,TP2,NOWKND,926,569,0.07556877727364794,0.06069974948243478,1.597588014878193,-0.4010671436509975,-10.06519238666177,25.096028298494446,30.82367011550303,0.21097605971456018,1.703463704453766,1.3668841008295158,1.3905940682287345,13.277569984613734,-3.6243565574710535,8.75272208176261
4h,ST10_2,TP2,VOL,617,361,0.16422051594583498,0.9243083173044047,8.879897987013141,-0.47284414429376154,-11.089278148351356,23.45229032055428,23.45229032055419,0.21817592401267183,2.3738843659228475,1.5911157707293955,1.9087561988222013,10.903494433147676,-8.227895123919115,14.413963185511536
4h,ST10_2,TP2,BTC,601,387,0.0848593889166076,0.06126534402592682,0.9401472321430182,-0.5356475910162586,-14.220970241826658,26.54911639730497,35.00871599062033,0.24661171914363725,1.6769345764851018,1.2747256993135865,1.434660080867237,11.945571589078885,-10.431430193424085,4.590869309865142
4h,ST10_2,TP1,none,1246,780,0.025799614823085567,-0.2295901748385543,-5.719496951680836,-0.5019436861899632,-13.213651922212687,26.3249688874698,37.88712375116412,0.1101205935901158,1.245296965344803,1.2120916494564646,1.123958597670284,13.28654773771124,-5.6123750750216805,1.4922777686518174
4h,ST10_2,TP1,DAILY,526,336,0.10168535026846134,0.3453051709104649,3.142762100460472,-0.5170706239331755,-10.823013725948172,20.93140322616143,22.398906615832825,0.117691327519501,2.34839770842703,1.4470106733887187,1.5497042119202231,12.120138322882479,-7.213703417629924,6.392793855544299
4h,ST10_2,TP1,ADX>=20,856,491,0.006212733987190738,-0.2328680308844661,-5.935861403134346,-0.5206937206477373,-9.99649555819797,19.19841772964429,36.46243031012365,0.07551229602454691,1.281557976179852,1.8419527373755034,1.4099898556452608,11.027420159771651,-6.180536008668014,-1.3581381151132166
4h,ST10_2,TP1,ADX<20,421,299,0.06674331502263237,0.016883735502943847,0.16372082587914338,-0.2651096761042897,-3.08653359699147,11.642478095659092,11.642478095659126,0.09790866217367708,2.0236172242325434,2.0738658340723766,1.783857902558299,10.867379301176005,1.2416353807429115,2.8668567226115327
4h,ST10_2,TP1,ATRREG,654,392,0.021114873173920353,-0.1507364896026258,-2.789788442672547,-0.30384047301929146,-3.3147298174555417,10.909441341098368,21.3404397844016,0.11237792332796041,1.5376336018967025,2.1662865243268064,1.7533459514485255,10.384767568592125,0.7524482789360798,0.6517299045131875
4h,ST10_2,TP1,NOWKND,1092,669,0.03221695138490158,-0.17081911255346513,-4.103085604958556,-0.47380415144161264,-10.220330901163244,21.57079221460284,32.65559269151122,0.11561322702899257,1.335442004110801,1.3439772349755519,1.208856774293452,13.427925829917541,-3.1862347831595583,2.2044655824892567
4h,ST10_2,TP1,VOL,667,393,0.0805967522706752,0.10417118975599479,1.756020102833844,-0.3342811766184821,-3.2419122553219992,9.698159759147973,18.917413968812436,0.13530290351200014,1.7616100880022392,2.408726778604381,1.8863733834157668,10.58747040055904,1.2202639929084436,6.201191209620771
4h,ST10_2,TP1,BTC,636,405,0.09479130195792347,0.26294990907107024,2.929241789325032,-0.544498100646544,-11.757277314597037,21.59287112413486,24.61796004087602,0.1645867113131876,2.3205212673457503,1.5005367775379255,1.5828681504169937,11.667074171216429,-7.469413655382374,6.818011110038968
4h,ST10_2,TIME,none,1197,737,0.046339999832333514,-0.022977657680612776,-0.5133503457908972,0.09070183992946229,1.6852510320501723,18.58011958038306,22.34128268975095,0.3360249460604426,1.2470822910844304,2.2191736098052424,1.4468872101842902,13.8683889730555,8.386044638870004,5.14801852836233
4h,ST10_2,TIME,DAILY,527,336,0.09162802376607761,0.26393892664070373,3.089745088848095,-0.19300277677204877,-2.9404563162444552,15.235305757892604,15.235305757892625,0.24870513972963998,1.7107939205219536,1.8760365143250393,1.7034867490140315,12.01348655861042,-0.33611578167824785,5.8944060089634265
4h,ST10_2,TIME,ADX>=20,807,468,0.01271504155747208,-0.14621483456559312,-3.8634251120896024,-0.2351306928061963,-5.155470785613481,21.92597965023144,32.58158910580816,0.26561391093122927,1.0686256747482323,1.817739819453355,1.2078145010753756,14.331191346774075,-1.6561709457367457,-0.5628337934517669
4h,ST10_2,TIME,ADX<20,410,288,0.11113013850425535,0.3982513304141422,3.5539965763786707,0.8995043862971873,7.731692202370355,8.59550250132508,8.924004278109665,0.25372502379337136,2.2687818315198993,3.0731211393856803,2.413910415730082,9.471337125676548,10.949012579702956,5.93182728992554
4h,ST10_2,TIME,ATRREG,620,367,0.05841786902875271,0.07869797372946348,1.612648126120697,-0.060545142519811496,-0.8643543363105355,14.27619624526778,21.382870844200752,0.31608268469753364,1.4251587704612314,2.2010867106673837,1.565853036084443,12.964697577343909,2.13441780671888,4.1679664240106495
4h,ST10_2,TIME,NOWKND,1050,634,0.05529289039318181,0.042363948817286126,0.857482654843289,0.2584967715299556,3.8972612687714348,15.076634209800199,20.240857587227634,0.3297034702273211,1.4807924961124497,2.518527764781803,1.7234962008348944,12.2080875714339,10.005918088726883,5.858362078252588
4h,ST10_2,TIME,VOL,641,384,0.05335382910068156,-0.0031817778424036176,-0.04536316701369003,0.5110175758433757,5.060221597610037,9.902245708983148,14.539324862771908,0.318364238228435,1.4350030638257512,2.9074901455259243,1.710171711917696,12.215427089470099,9.054978382501154,3.2272324277594633
4h,ST10_2,TIME,BTC,636,401,0.09974455374794783,0.4585888908526574,4.244253024767519,-0.1305421747341294,-2.576850611465964,19.739602291092083,19.739602291091895,0.3753458211872571,1.760897544330732,1.8761251975633735,1.7351776729251127,12.037127867238883,0.8129024022704767,7.679556204323945
4h,MACD200,SIG,none,1234,692,0.08092750646199402,0.4448878293981532,6.579272011611059,0.5944610581268489,11.739063727298117,19.74740576664179,19.747405766641755,0.5709489060537553,1.4560048953976386,1.6646040723294069,1.3159886209753229,18.624099260649185,18.34700790377257,12.148091173755926
4h,MACD200,SIG,DAILY,1116,633,0.06891599211211366,0.22590041547702563,3.8182887630624274,0.3921483276691686,7.026503082816182,17.91797283589084,17.91797283589075,0.5064776038707522,1.2701367499003553,1.6010037496778347,1.276604702635398,17.703917895138066,12.525253066943698,8.645005329073463
4h,MACD200,SIG,ADX>=20,724,384,0.10608808150181842,0.517427608770232,6.733515207665164,-0.12240390542062093,-1.7125455498200437,13.990938801626973,13.990938801627017,0.5492799580256948,1.5306967807432568,1.4538396875412054,1.381045124836551,15.818726263670069,1.0744390490590394,9.962157699891838
4h,MACD200,SIG,ADX<20,516,318,0.026100041606716338,-0.08920863653380573,-1.42132104105539,1.5034266503997171,13.785212178239847,9.16919503493886,15.932549765142735,0.3516313961043403,1.7312199939636381,2.6284258709952595,1.7810731130331179,12.361136944265638,17.303703013567564,0.6738969123518013
4h,MACD200,SIG,ATRREG,468,250,0.12856525646098121,0.6397301565616687,6.422388912232546,-0.174637334979236,-2.3958306487340764,13.718891490292929,13.718891490292972,0.5523831839120031,1.825672173257858,1.4760998192201213,1.4080275365075408,15.349209104858286,-0.7937412427962753,8.231049936608748
4h,MACD200,SIG,NOWKND,960,544,0.09092488820790706,0.5237401390388751,6.790116901658072,0.4503094968806998,7.170212193697889,15.922853600392727,15.922853600392717,0.5443579796576111,1.5732050343150075,1.6958639713014063,1.4184059720236546,16.71954386348168,11.902317427978804,11.078572902137784
4h,MACD200,SIG,VOL,457,238,0.1729242369387412,1.1387180572268323,8.534022599201329,0.06117272776382814,0.8920310778718799,14.582169382993316,14.58216938299337,0.5589952775516026,1.9737635002251077,1.7765223043008358,1.6623297920292839,13.889347299520283,2.90882704911013,10.942358915009653
4h,MACD200,SIG,BTC,1080,607,0.09275567641397167,0.38433517848884013,7.395327844503141,0.3250960029321097,4.999738388814867,15.379267489360583,19.2418707899201,0.5252804593469969,1.4582705688529067,1.6516564040620327,1.4302076729287774,16.44246431049352,10.181050456142371,12.39555135329482
4h,MACD200,TRAIL,none,816,486,0.08684054285728342,0.0575248366483311,1.2672925981873417,0.3365998554821021,9.22283632930343,27.400000858864992,27.400000858865013,0.6101352173238757,1.090210666058275,1.2959453891119035,0.9672602159365643,22.711361919268924,14.743720098065571,6.03745654869674
4h,MACD200,TRAIL,DAILY,725,438,0.0816990162737821,0.004074343220635375,0.09492607643841744,0.34902785442024914,8.745213419320553,25.055918341665716,25.055918341665695,0.5507110560801642,1.0524359113267092,1.3741987316352786,1.0090805442006414,21.295063941357007,13.566399809429441,3.7070631326019177
4h,MACD200,TRAIL,ADX>=20,531,298,0.15200211838932615,0.3533209377008866,6.164244638564509,0.04797950979359119,0.8980678932766217,18.717737991491113,18.717737991491003,0.5838312407771313,1.3578758621807232,1.3546112376224388,1.2249326491493606,18.060428487987433,3.6972003391121833,9.762380134239246
4h,MACD200,TRAIL,ADX<20,397,252,0.007517958882561562,-0.13959671243329702,-3.635828983358591,1.1718232361749166,17.945763716301432,15.31439483558994,26.045233587401896,0.4864425901938414,1.2715262127211675,2.094383332055965,1.3171829854280024,16.520280901911523,21.374800353278257,-1.6429890628599564
4h,MACD200,TRAIL,ATRREG,378,203,0.18029908777547599,0.45586896309777514,5.956984247303665,0.47528197427700425,7.72495888646787,16.25342281961992,16.253422819619836,0.6165148886788725,1.6963213725340076,1.6944901885187746,1.3913111527236082,16.834989547259504,9.916625311708493,8.279615626561277
4h,MACD200,TRAIL,NOWKND,689,402,0.15515299240585423,0.4264770794788499,8.06441638627662,0.5492272889823393,13.157929404802449,23.957166129131558,23.957166129131537,0.6161934915928504,1.472098284370996,1.5153508821637296,1.2101826185396356,20.91129564648001,18.01080734961151,12.048463635216432
4h,MACD200,TRAIL,VOL,384,194,0.1978064674553517,0.3399466728170296,6.387156014403006,0.6653914159887793,10.895724966531573,16.374910623607008,22.52784001189806,0.606935695431816,1.5201772594927154,1.9632553693789196,1.5621044748674566,15.509022499289626,13.496978451297759,9.03698260935235
4h,MACD200,TRAIL,BTC,708,413,0.11722596382647284,0.14775199026501012,3.5395846709880274,0.3765686416704667,7.933509851967768,21.0678983166908,23.956257134941982,0.5619134860022563,1.1499419994225701,1.519773838129061,1.1937499340057414,18.992054712130567,12.446327823851666,7.6512093684209415
4h,MACD200,TRAILW,none,626,389,0.2620554929630628,0.5933256423783498,15.869043118675808,0.14012150647325838,3.877473327737313,27.67222124090789,27.672221240907923,0.5691652454669074,1.405996533820513,1.1578647637035577,1.1645043037909695,22.752728991403302,7.782128266076582,21.09912290176115
4h,MACD200,TRAILW,DAILY,564,341,0.27236072337583156,0.5170214757800706,14.496592982242618,0.3037381023350679,7.182734679779101,23.64778940988933,28.038666982586125,0.5105495312736676,1.4018777680090713,1.3852352374331551,1.3036805908289302,20.54189396139843,10.769606972517899,18.149276638565116
4h,MACD200,TRAILW,ADX>=20,449,258,0.3893424944393239,1.0030944592091307,20.507038861136806,-0.19578664948230365,-4.059918944155605,20.73644426160204,24.687932602523155,0.5182746979238311,1.705024978373343,1.1399498275188997,1.39690053073295,18.82976713958049,-2.010141952445621,24.929187403960352
4h,MACD200,TRAILW,ADX<20,335,219,-0.06597430687354579,-0.21870773116285416,-6.865665478611471,0.9065713341309858,15.378333057080473,16.963180367733244,32.901666627379576,0.47320283723219303,0.9523778331467498,1.9156358016792756,1.1542799518795024,17.314327971355027,18.205940868250426,-5.35940347347299
4h,MACD200,TRAILW,ATRREG,331,178,0.538817848378216,1.2493788991273442,22.85043161189977,0.15042628990261314,3.2067004164008317,21.31742010307419,21.31742010307417,0.5324412412985138,2.100790138144141,1.4696529220240389,1.6285226540808952,17.59971287410753,4.920905728811298,26.101331996969023
4h,MACD200,TRAILW,NOWKND,540,333,0.24557229782790652,0.510830693843404,12.37194356983169,0.3662444977226765,9.393872343305642,25.649183541915665,25.649183541915622,0.5637585739360945,1.4002805651408503,1.3611363191967323,1.2089529168772257,21.764543297285186,13.136228273446227,16.296275861906718
4h,MACD200,TRAILW,VOL,342,176,0.48306731327135444,0.8333219529498187,19.85922107767233,0.47330605788213326,8.32205833659392,17.582826583357082,23.83139074564644,0.5464567527288569,1.672899532694051,1.9083443762137609,1.6809865681789071,17.07967378331925,10.637723998226623,22.858637066784237
4h,MACD200,TRAILW,BTC,542,332,0.3379058955618715,0.6598798906365794,19.45756994488996,0.040209309201716066,0.9989359169324308,24.843399122355425,29.48653265690434,0.5265092809609272,1.4116079670005093,1.2844088064418666,1.3454269541829587,20.222328397210653,4.084278838679012,23.518050478341614
4h,MACD200,TP2,none,960,557,0.006883351333091718,-0.29287552615814916,-8.415299361572437,-0.16858788600796734,-2.8830866193148452,17.10138662737958,37.02549143460401,0.29725956396716197,1.033190395876256,1.3574031789895582,0.9628049656374119,16.63715709830278,2.5276556599060473,-3.7058627161219437
4h,MACD200,TP2,DAILY,852,492,-0.0107357420731879,-0.29979603543230565,-9.992836436173514,0.060695750280573134,1.0192480066942844,16.792740875311573,41.25861505042013,0.267825542262404,0.79639959276775,1.7695518261376728,1.107192175408534,14.616150644789794,6.21813009066936,-5.909427647992393
4h,MACD200,TP2,ADX>=20,629,342,0.008251017100263474,-0.2768152672484019,-5.174566813325043,-0.07391295232142737,-1.153204689349574,15.602200333367822,21.810328177460057,0.3160827626895401,1.1002213355047046,1.8062170132849378,1.3384219795561347,13.14643610423899,1.695793910111032,-1.9229684724504592
4h,MACD200,TP2,ADX<20,417,265,0.021906768045948478,-0.19613730564868018,-3.148029742683023,-0.1611997255143174,-2.0302203569273813,12.59444053300861,21.37713540492302,0.1222872638042592,1.6707887471558034,1.8104626265243107,1.4327597720035055,12.810842191771709,1.052811599413861,-1.1294873938150207
4h,MACD200,TP2,ATRREG,434,224,0.0704694144011519,0.04451153077860574,0.568227860785564,0.39234449470555766,4.141995982715274,10.557038619399295,12.765857539518278,0.39207489566434417,1.7495595114939706,2.0180844182847446,1.5737802480851961,13.265106269451877,6.459723782286386,2.534439878781747
4h,MACD200,TP2,NOWKND,780,464,0.018345387341379447,-0.22104682600663866,-5.379334833739168,-0.01984889262716412,-0.3265276083405988,16.450671303130072,33.08901189956458,0.30044342048464945,1.193826712624043,1.560620452265359,1.1472715266295086,15.465869580742142,3.9717027405537175,-1.2232267331069857
4h,MACD200,TP2,VOL,420,223,0.0071254141848504475,-0.2473830087740585,-3.9236209353972873,-0.27873650047840703,-4.773561406093618,17.12571334540168,22.693794635227725,0.3015202650274087,1.2640429368714772,1.4206787552621813,1.1538225850895858,15.004475873013323,-3.137761818153162,-1.1066845819000415
4h,MACD200,TP2,BTC,827,490,0.0008248077232785954,-0.2950721883499558,-8.4884472289813,0.10778567243782736,1.630892318442223,15.130882255087752,37.17112393020775,0.2967730209191344,0.951380240371756,1.9666583695290276,1.2825160502946331,13.196108258733863,6.7403425908506565,-4.44249966501401
4h,MACD200,TP1,none,1108,637,0.01062996312184801,-0.3142044221707293,-8.580915729253991,-0.4806188373522232,-9.876608620405714,20.54977427604987,40.52415390959617,0.20646233082173224,1.0983558632011374,1.2935447533413509,1.0299998295652164,14.012579383025203,-2.539485362362892,-1.720020963280522
4h,MACD200,TP1,DAILY,982,564,0.006992246983596091,-0.30980251862574176,-8.31638126519081,-0.38386574456914224,-6.47796984836686,16.875613258062007,36.898457046262735,0.18162601636520992,1.0225421672970922,1.5694639846476997,1.1808064965821803,12.956706538216933,0.4324826150365668,-2.913050825765773
4h,MACD200,TP1,ADX>=20,679,366,0.019997901459197755,-0.2720767060932377,-4.257398601684203,0.0469306267516692,0.6914846117647366,14.734186598949318,17.80864306568337,0.22128131821355174,1.451775564482175,2.404414382807511,1.7742237912265304,10.363782452341352,4.643003866791062,-0.23272615677721875
4h,MACD200,TP1,ADX<20,458,289,0.003150795286861649,-0.2547532734015271,-4.232725277178295,-0.43058322276798655,-9.141620820134587,21.230787306035882,30.965374011278644,0.08901454502938097,1.578260210412797,1.4806012662045525,1.2978365764401871,12.59450596996482,-5.754351313415129,-1.0138553985212573
4h,MACD200,TP1,ATRREG,455,239,-0.013778854835713164,-0.2897492410834376,-4.630262843064015,-0.04393907660000979,-0.397016513048265,9.03561348506301,18.950901021771305,0.30136193594350297,1.49142008961581,1.9671318220262015,1.4660900592715012,12.24895429260503,1.8018485809792928,-2.452392562646488
4h,MACD200,TP1,NOWKND,883,512,0.02843556590188709,-0.24930956580472324,-4.357414400010018,-0.4097862150369351,-6.221359645254165,15.18196419733987,27.71240649193023,0.2142057013197469,1.591056404388984,1.6261420301863827,1.3433855460286592,12.583931059521126,-0.7651916588750307,1.0282436908334303
4h,MACD200,TP1,VOL,450,237,0.04730873047988976,-0.09649212619542014,-1.2547598282936834,-0.4946334462423887,-7.870405753136422,15.91159233757038,24.092274380342758,0.21889348360083058,1.8265610032133097,1.4248021688340613,1.301217068205758,13.616076630680185,-5.557309650167408,1.4875987426179682
4h,MACD200,TP1,BTC,957,547,0.001783527096446391,-0.32201846659673694,-8.818567268867184,-0.2561685768806664,-3.791266333480059,14.799888337772915,36.52613619005077,0.2215166725618517,1.0633229365556238,2.173482778386089,1.3498054879417436,11.5856081536295,2.782082654116569,-3.643359351436859
4h,MACD200,TIME,none,1107,622,0.0014060085154148862,-0.2819891440558294,-8.345681771610902,-0.06236044570875774,-1.332075298208435,21.360900857406186,36.04632048467856,0.3971107267225147,0.7912938312700506,1.3542882539886287,0.9389347876776752,17.26365539143866,3.9321252399321827,-2.703183804870868
4h,MACD200,TIME,DAILY,979,558,-0.023582734047828253,-0.2848769221192833,-10.68764085217666,0.05768865888141498,1.1491599388753437,19.920032137296882,39.27917952399279,0.34975075705793324,0.6765986164759784,1.4629723669100814,0.9254517737008018,17.04972621867705,6.151533605879433,-6.178163695710726
4h,MACD200,TIME,ADX>=20,663,348,0.025479447993301395,-0.17044552312089492,-2.56441572021191,0.021075766651017697,0.3163904233005166,15.012048128044675,16.51582044866403,0.40772156125574394,1.0996113139886219,1.6497226902763518,1.2743566036793357,14.787194087544853,3.269839563470578,1.1940327832149933
4h,MACD200,TIME,ADX<20,461,286,-0.03867709471911837,-0.2722920886927518,-6.150088361398797,-0.06812376298474294,-0.9196976691017711,13.50039441167904,24.629970290926885,0.21409834693151356,1.2851833982714855,2.0008741909205305,1.4533890403707863,11.900171033952278,1.5116587872341158,-4.027874932768139
4h,MACD200,TIME,ATRREG,441,232,0.04818131982976381,-0.005558158344205101,-0.05825845788102191,0.11004247335302104,1.4188616084644723,12.89376333729525,12.893763337295361,0.4724532856600908,1.4310382268128352,1.666350792580753,1.3312367980041433,15.033347193309666,3.154304957383669,2.1100309342077628
4h,MACD200,TIME,NOWKND,887,495,0.021801195985572824,-0.19179513218304237,-4.021200922920931,-0.02969552639855567,-0.4913100584352459,16.544918309956014,24.931318598760342,0.4043128950877444,1.0327724678300019,1.4228992721867275,1.078633319058847,16.790025991618542,3.6282255710473166,0.24435985605648636
4h,MACD200,TIME,VOL,449,231,0.07359014025982297,0.08914830085869567,1.06506418061858,-0.32868981695416494,-5.4536728431468395,16.592156379177826,20.72598549164446,0.38652527271041487,1.5440182266644158,1.426686595273788,1.3025907133316212,14.615207197912483,-3.607563869370456,3.932233671517027
4h,MACD200,TIME,BTC,957,535,0.013115904885072471,-0.23285350671982616,-6.005529990564529,0.10501695630619468,1.6545640575864162,15.755208642328721,27.484879110477323,0.40964202192324783,0.9614530526580767,1.7310736751453044,1.2200595215534105,14.557264349396348,6.632160097355189,-1.1563555225553745
4h,KELT,SIG,none,636,387,0.2815886372814911,1.3230116728797576,22.271505269011136,0.5121243477464028,11.287432053300872,22.040412846940562,22.040412846940495,0.8056945331454565,1.7720183669419716,1.5744051816430924,1.5432847281428972,19.25330181092012,15.455923889747991,26.16638393580373
4h,KELT,SIG,DAILY,495,290,0.2630738755518859,1.2241840422830503,15.118187050779298,0.65003899984162,11.32777450241569,17.426299814589076,17.426299814589107,0.7619602798105214,1.7859849435432351,1.8027748780341286,1.61685113239954,16.892640409202443,14.501538460548602,17.914854466102305
4h,KELT,SIG,ADX>=20,577,347,0.2985274279830319,1.2817818127172902,21.768374699914993,0.4744594955724973,8.915170407810379,18.790161206602185,18.790161206602242,0.7980657356824535,1.7499726984582995,1.6242036513562097,1.6312838272050498,17.823841471021005,12.295543477017201,25.284342585457264
4h,KELT,SIG,ADX<20,173,135,0.2496820991683457,0.7954232903316669,5.145831052050842,0.28576873594372115,2.4343721210307256,8.51867896952222,8.518678969522242,0.504187676238152,2.0926296054722338,2.048291895497726,1.7739606469516749,12.527400927558553,3.7867547171073657,6.025102420470674
4h,KELT,SIG,ATRREG,468,271,0.39819048648123984,1.8438262355548858,25.44113335009408,1.0093426704376978,17.349637719144482,17.18904612605041,17.18904612605049,0.823153658712594,2.0602872873443387,1.98483851275834,1.8798154739662152,17.034425719510093,20.42195950680852,28.566283257576863
4h,KELT,SIG,NOWKND,589,363,0.28965666955015257,1.3190379089323676,21.20988406092177,0.6456142413336741,12.741091963444951,19.734837225903057,19.734837225903046,0.7944008958854768,1.7796129985574443,1.7275620144250081,1.6425600097097708,18.061999472037638,16.8061053776273,24.827223934246966
4h,KELT,SIG,VOL,559,356,0.31827578092372655,1.4164199017719181,22.774594046908405,0.4892130514982936,11.336964662983773,23.173880231245867,23.173880231245857,0.801079385334309,1.8310495672861247,1.5304230656781495,1.5077176672065078,19.839924073751902,15.206371338083802,26.3770711872493
4h,KELT,SIG,BTC,534,333,0.3260400261333881,1.5875295652457482,22.376232727921284,0.5907302570362363,11.406521052855423,19.309187090032076,19.309187090032033,0.7916731706168619,1.9366721066269377,1.705136115521692,1.6701629749683709,17.84764148110215,15.051332193018418,25.832585765818795
4h,KELT,TRAIL,none,598,367,0.3530352651869239,1.2191559828084964,25.587297616739146,0.7730873149824032,18.605799278117164,24.066879532929164,24.066879532929143,0.7918543497460758,1.8576154148118706,1.6682972533589777,1.5622694525620824,20.69294511161457,23.577996434634564,30.02615728246154
4h,KELT,TRAIL,DAILY,466,278,0.3439376495632354,0.8549126598675261,18.15378228836937,0.7753162108370595,16.518019604309032,21.3048809936214,21.304880993621488,0.747774808938057,1.6175421252277153,1.7590168416105076,1.5486276630846636,18.990982011866585,20.37740139991664,21.33129282570396
4h,KELT,TRAIL,ADX>=20,548,332,0.34998410004295544,1.1519227969257821,23.016986758459602,0.7106497852874407,13.857738065022973,19.500094634402586,19.981362309945304,0.7837940592300051,1.8385630671027942,1.718783264484489,1.6485102445873212,18.51051007318659,18.03757464054401,26.925682812392672
4h,KELT,TRAIL,ADX<20,170,136,0.30211618119777084,0.5014416147855592,5.774685255293166,1.0717144142073596,9.567388954927992,8.92718137229127,11.51616675804361,0.5036663440799186,1.9944430102103388,2.27501926744303,1.8194252368927113,13.122433033434044,11.302740028762436,6.868703247640684
4h,KELT,TRAIL,ATRREG,453,255,0.46863877952251637,2.656616625368293,28.395234821904424,1.3812080647230855,25.434353830161704,18.41457089613864,18.41457089613856,0.8096228248965943,2.4333790103730695,2.148814265318511,1.9402911450630818,17.81234381765818,29.58216309863555,31.951327954167972
4h,KELT,TRAIL,NOWKND,571,344,0.31959338329611486,1.0158192192295645,20.902229408738116,0.8116436502603309,18.93009450119405,23.3231597328733,23.323159732873357,0.7796021884568308,1.7899048894711167,1.728956578089056,1.5329457045904735,20.086650645528238,23.72966679773889,24.858070758978144
4h,KELT,TRAIL,VOL,537,340,0.3622457594895242,1.3269813043241285,23.47723912771307,0.7195011728156776,19.036684206794874,26.458169807141797,26.458169807141797,0.7851172386091977,1.992105829521387,1.603838723541937,1.4618866493909872,21.682298844886915,23.75957623783429,27.66188958817144
4h,KELT,TRAIL,BTC,500,318,0.4323450412601636,1.4867344509083344,27.32875309799534,0.766929983433249,17.196819014455535,22.42293219189583,22.42293219189586,0.7755573737872528,2.0834853473006483,1.725962311744797,1.670244955360696,19.561057376079983,21.499073834743765,31.344467032785374
4h,KELT,TRAILW,none,519,333,0.6614773003886676,2.3114496775785542,48.53077690172387,0.3298870072248515,8.672583564856096,26.28955786350461,26.28955786350461,0.7020051980983653,2.5175705650262437,1.3089410831463193,1.7203458899654827,22.071651194249164,12.331496276951537,53.94354268459733
4h,KELT,TRAILW,DAILY,403,249,0.749261194272251,2.0554911307651063,41.63994330827552,0.655590305870285,13.53047675739032,20.63861627640885,20.638616276408804,0.6454611583638395,2.5097839740347183,1.668724177178282,1.9399271220970637,19.048362638799766,16.742475656311683,45.86503374648218
4h,KELT,TRAILW,ADX>=20,482,301,0.67731611621755,2.2287680195031028,45.847600237795575,0.3683789190988124,8.11699929704075,22.034375139863748,23.029241216797182,0.6890129212260117,2.4138950277000557,1.437887578152095,1.8648943036885086,19.85255344505601,11.398663057947056,50.82968681235018
4h,KELT,TRAILW,ADX<20,161,133,0.4055020795158141,0.8695963329920229,7.514804514094631,0.4010443199504038,4.423427721888529,11.029772775327086,11.029772775327096,0.48313183543135274,1.7322822583827933,2.012781134680459,1.7658024736139841,13.301482553110223,5.763872960710281,8.573166586806913
4h,KELT,TRAILW,ATRREG,393,232,0.905260900158546,3.568990747666388,54.661489297565026,1.0272598923427745,19.61525098544965,19.094730682724315,19.094730682724414,0.7065345098629577,3.1033023751640765,1.9103285748826875,2.2881032083556643,18.381478707964405,22.980213335481793,59.43827891642006
4h,KELT,TRAILW,NOWKND,499,316,0.6478361771669953,2.314485638712421,44.82608763353906,0.42178565353205566,10.30515032460193,24.43219734551436,24.43219734551435,0.691888523287953,2.3241980234964936,1.4159440959050713,1.763565820738949,21.096330874058722,13.943533770743155,49.828997135418994
4h,KELT,TRAILW,VOL,474,309,0.6992337400969442,2.5520589221539254,46.97140222059979,0.3875141469373289,10.447658429221374,26.960714884329196,26.96071488432915,0.6958062587372332,2.4414953427817805,1.3409770938496652,1.696792455325819,22.320556463848582,13.998809918036192,52.249592756344484
4h,KELT,TRAILW,BTC,436,290,0.7968344648326532,2.536991146804277,50.2523379562742,0.4280060671759262,10.106444614659837,23.612853624585927,23.612853624585874,0.6794263796180986,2.5175463919878713,1.4625317902276516,1.9077813722111576,20.35996005745002,13.419353529772525,55.3293582348672
4h,KELT,TP2,none,1092,680,0.17384320415499915,1.5257299706446834,18.000069565050005,0.794811068058043,20.15195547455495,25.35439714471025,25.354397144710305,0.7217481595462665,2.009317862829765,1.689669323325426,1.4301156308292144,21.047288135797192,28.606255976098936,27.747050817221066
4h,KELT,TP2,DAILY,850,520,0.14262021100274255,0.6402561974314807,9.009801585147859,0.6131054326903261,13.040745943162557,21.26998921855797,21.26998921855798,0.6821664757917771,1.8405011052327394,1.6680955110059055,1.3481155642679288,18.927128930487026,19.856183829051965,15.47616698888179
4h,KELT,TP2,ADX>=20,1004,605,0.17747402127861253,1.2024204908705365,17.115588231362988,0.5423723717704323,10.73662167981655,19.79566482114431,19.7956648211442,0.7222995752202603,1.8127838765435356,1.6244815928146115,1.505785230002037,18.551150699092478,17.871266746775195,24.11455013659076
4h,KELT,TP2,ADX<20,178,139,0.11961246524301268,0.0962381267183829,1.2952601335994185,1.154877923809599,8.829073193870695,7.64502724646966,13.458908415681003,0.26313431260554376,1.8201787593400052,2.510135388332634,1.8738995760308383,11.844752015761827,10.873634558380484,3.650112366381286
4h,KELT,TP2,ATRREG,848,491,0.25479253127386714,2.888559234176208,26.097973413968557,1.6804290800174333,26.793761747585897,15.944595381143923,15.94459538114389,0.7564913935937403,2.5775680748557273,2.339933671659906,2.0384601256055888,16.749945052803927,33.45284193551823,33.684826985573224
4h,KELT,TP2,NOWKND,947,590,0.15324030931546181,1.0205407157796484,11.931899645185684,0.8466296906706793,18.97641321036845,22.414065345778035,22.414065345778077,0.6814394955213712,1.9354276594301765,1.7929099087272626,1.4222414815571414,19.504598631331373,26.795753666600277,20.664552955478598
4h,KELT,TP2,VOL,932,596,0.18772691756321594,1.2419314300842732,17.277110460177102,0.7148200523322746,19.20835707895725,26.87159798649367,26.87159798649368,0.708883070951976,2.1758205472312806,1.6045569268867612,1.3590127982776887,21.843294050587613,29.00512334150982,24.945539775930236
4h,KELT,TP2,BTC,940,584,0.17438859095888498,1.17124117186936,14.804888209813472,0.4542207927852213,11.164624961314452,24.579731132197757,24.57973113219779,0.7086184514831231,1.9384453832735147,1.4745206085704403,1.3192933716573751,20.633453306055614,17.848527497493304,23.817883946246067
4h,KELT,TP1,none,1578,959,0.0936989399496009,0.4641723753397173,8.036977809036184,0.2916416107985911,6.616704312734223,22.687792371657643,22.687792371657668,0.6927382129084004,1.4099024810519962,1.4109491293920273,1.2136742655302792,19.657238065574077,18.901416637600278,18.972192779577735
4h,KELT,TP1,DAILY,1219,737,0.08896212576531576,0.3199067490634714,5.2001251619524735,0.24928682805316518,4.454094056158153,17.8673461848864,17.867346184886358,0.6645035673755709,1.410267534486706,1.5414532093526994,1.303344713940728,17.19594374283593,13.445644287689774,13.261870913061946
4h,KELT,TP1,ADX>=20,1441,857,0.08733440226079547,0.34008753751217075,6.089220625070402,0.2973999324362587,5.135700406278065,17.268667024256278,17.90486258218882,0.6901773256048616,1.2189144325057777,1.5832980267505967,1.3440401806183824,16.991871485042196,15.873766578410686,15.353993396316445
4h,KELT,TP1,ADX<20,193,151,0.08503233841891646,0.051953768933754606,0.5537076994659662,0.4005378560274196,3.166652381685453,7.906000229523058,10.657700313753748,0.21686959903726719,2.1669348768838486,2.2616628505122844,1.7845802452225754,11.651159576880431,5.036736720193513,2.3664084293878895
4h,KELT,TP1,ATRREG,1201,691,0.12667516054417208,0.744966253965111,12.944354716233054,0.8343764930895919,15.441754171022136,18.506938173489583,18.50693817348964,0.7273584815319646,1.5396527282649075,1.8758521457660486,1.5630754107348077,17.52989986553164,25.212115644906795,21.590239708759775
4h,KELT,TP1,NOWKND,1314,811,0.10234935895045741,0.6135987955326407,8.120590286383322,0.2194168710010049,4.197427668408071,19.129922185376746,19.12992218537678,0.6394947868513736,1.567928940917805,1.4787159341631466,1.3168380416414285,17.82400280672356,14.42070913002873,17.817955527423422
4h,KELT,TP1,VOL,1258,797,0.1192835278415761,1.3238170376401783,11.263037129544639,0.2331707763730069,5.380169492866416,23.073944241879076,23.073944241879108,0.6582520704908142,2.032697281827492,1.363727237610863,1.251989714466438,19.85207806122912,15.765646668925681,20.63285226452878
4h,KELT,TP1,BTC,1349,827,0.10041628207544746,0.4821559158981204,7.89637341710252,0.20786643402882216,4.217417341897112,20.2890734216008,20.289073421600847,0.6718520789038045,1.470787858640633,1.4305630682515766,1.2678204956178407,18.414752577450766,14.64611447963704,17.72550307669767
4h,KELT,TIME,none,879,529,0.17542367816557403,1.2278597935892401,16.634871522011462,0.5355216064091235,12.315136588382302,22.996526080357405,22.996526080357405,0.7408118350368279,1.804648748563011,1.5724190184269542,1.4224950098389055,19.73049593191758,18.210443297557187,22.50973139861172
4h,KELT,TIME,DAILY,676,411,0.1705172383947169,1.1168820964742496,11.82165135283415,0.31791259136527383,6.8170472710762375,21.44314964626115,21.44314964626125,0.7081052056652473,1.8815717414471471,1.5013229566311477,1.3631281886552227,18.557756226170053,10.954574810267005,16.204462673501
4h,KELT,TIME,ADX>=20,804,478,0.17158737840946078,0.9687767295624594,14.699081450470942,0.44546817568668695,8.327099871527754,18.692917532642085,18.692917532642074,0.7410636854975678,1.666069599301003,1.6117844025271422,1.4932801526270951,17.799989922292404,13.594990596796075,19.975555589470307
4h,KELT,TIME,ADX<20,173,137,0.15755928878208095,0.28060720076388135,2.689902710961034,0.6649439494339522,4.704049010432976,7.0743541834426775,9.586007428314247,0.351355751883257,2.136285785011509,2.3114886452651646,1.8591387446383931,11.760714196695233,6.215207590466787,3.5861305950754874
4h,KELT,TIME,ATRREG,652,372,0.24025444165823223,1.4662640951469272,19.368373326714682,0.9016993614928527,17.489337402367976,19.39597403441946,19.39597403441947,0.7708085521578307,1.9684646168308917,1.8743162888354532,1.6568818457456316,18.13163373618527,22.075112216950377,23.844949534651462
4h,KELT,TIME,NOWKND,762,475,0.1808642344294581,1.2517785297372275,14.796448774672456,0.6806087102100505,13.993738364224262,20.56062191726211,20.56062191726229,0.720726564800904,1.811305517114522,1.8000610468979237,1.560356487673719,17.804702574236686,19.507303700977484,19.363924187061656
4h,KELT,TIME,VOL,714,451,0.22554595137326894,1.7821790605925678,19.260320077752958,0.5298477568795372,12.381318199943326,23.367690132088757,23.367690132088747,0.7187155819866331,2.0550089927835713,1.562633018649858,1.4586096852206518,19.919464342565128,17.52862539362885,24.45127543385157
4h,KELT,TIME,BTC,744,458,0.21641201523899198,1.7180543933297103,18.719275642218225,0.4838270762926385,9.601428121181478,19.844751547914896,19.844751547914953,0.7269126025971556,2.0668989021990627,1.641687500074693,1.5752155778063224,17.954371174984207,14.566349292323476,24.08898031859188
4h,SQZ,SIG,none,700,410,0.08833905653534821,0.2630635623119299,3.6432973820542003,0.6022187884566719,12.135127626459564,20.150695825280874,20.644803237704057,0.5651188697664278,1.4554360954712262,1.9442711268957138,1.4628520417685897,16.045089821492297,17.552866935966694,7.1626124311732875
4h,SQZ,SIG,DAILY,359,212,0.09118271300655686,0.1365679630890883,1.829556874002014,0.36021176973492514,5.416451540504075,15.036853305737253,19.322837238631053,0.4631939660991269,1.4328330534995353,1.9673322199624168,1.5497741362624504,13.916780994018985,8.026582921900216,3.588303710816154
4h,SQZ,SIG,ADX>=20,379,219,0.09868949529005239,0.25782759917911907,2.6230977217238216,0.7944766523571524,11.144007819970847,14.02685376204249,14.026853762042514,0.5315006341971291,1.4950693313813643,2.4284858669226197,1.8097422966437795,12.680646763044978,14.337886366478836,4.4402406834916475
4h,SQZ,SIG,ADX<20,368,230,0.13091970246437473,0.3776852107865668,4.239206163608622,0.12415379890122186,1.3120806315085831,10.568187547386199,12.37416204963403,0.4127591160287205,2.1508051483478665,1.8690762642764263,1.6203720410798401,13.385343348156564,3.6425352042110726,6.317802993667088
4h,SQZ,SIG,ATRREG,195,127,0.1635334645274221,0.5923874313399994,3.4977905376938567,-0.10945094431794412,-1.2979898072608687,11.85910103699368,12.870612120688019,0.5152382474322225,1.9436659229495692,2.1435122574723153,1.91075927761024,10.895819873561141,-0.2955195985958059,4.339760726731368
4h,SQZ,SIG,NOWKND,641,375,0.07911731836447324,0.18307714015300963,2.56370356406741,0.8797783431938293,14.27227005268865,16.222574882755715,17.28347358815492,0.547877934170716,1.4848881611025293,2.232463963207648,1.6154305527430926,14.537640970547283,19.31583877741323,5.648491968154468
4h,SQZ,SIG,VOL,519,326,0.08442798699265605,0.1595035351898373,2.2726091926027037,0.6182043330866845,11.155015315098883,18.044220523984468,18.0442205239845,0.5616384049216111,1.4534862834971494,2.0729955045741897,1.5390904179256328,14.787725142191398,15.525862446650773,4.892783654805921
4h,SQZ,SIG,BTC,440,282,0.15994320707697704,0.43895126928491385,6.757636886686513,0.3660867037919024,7.966256210356604,21.760572366717057,27.28384190537545,0.5353518227317292,1.6103732774819377,1.7973874526530442,1.489168210344698,16.033099201568923,11.709402640282818,9.157424652253443
4h,SQZ,TRAIL,none,596,367,0.16229730640478499,0.34029446892064286,7.130220613833171,0.6321227923610417,13.892107405072407,21.976912671008108,28.593007255778446,0.5859374153928686,1.3654997686714745,2.058225165097587,1.5993090542369521,15.726394189919946,19.071831999627697,11.11532399022268
4h,SQZ,TRAIL,DAILY,313,195,0.11973053127052087,0.09987088953337993,1.7930431402652935,0.2175502991901002,3.9263274888964306,18.047906638204715,20.104172515395426,0.47616834126474405,1.5993770604058326,1.726213291780764,1.3852810058757365,15.323608444555582,6.435374788491188,3.848031665732776
4h,SQZ,TRAIL,ADX>=20,341,205,0.18776874546437297,0.3679637747355357,4.956960626666551,1.0483978564305174,16.783537296871877,16.008748199862623,17.805301747867485,0.5584142101128217,1.6618243750536519,2.716730259856376,1.9978201805441635,12.451921654756259,19.96164911814993,7.138128832383317
4h,SQZ,TRAIL,ADX<20,343,223,0.22336237019568292,0.5338186198913266,7.468226280746104,0.04394921959003187,0.5416135359439966,12.323621238244698,19.22816536816898,0.4334773142908551,1.9592432344293464,1.8392768336988952,1.7048616414273288,13.319028058619498,3.1456933007949495,10.161108542549723
4h,SQZ,TRAIL,ATRREG,183,119,0.20265481066779412,0.3636527447253419,3.8282860565334254,0.18545167942158175,1.902307875013065,10.257700986835527,11.690358356215446,0.5352360378546742,1.9174035590158331,2.242836324951049,1.9174129777270708,11.246528762021201,3.2262697147047437,5.1056534616670035
4h,SQZ,TRAIL,NOWKND,561,337,0.1351950426358143,0.20141812948002036,4.399898825833715,0.8872092601863548,17.35270725287674,19.55875353378511,30.195242473074746,0.57124505794955,1.2313202572014137,2.2337360928730585,1.5305474080941481,16.18907589770986,22.496194112995216,7.981630353563718
4h,SQZ,TRAIL,VOL,461,298,0.2149910648657394,0.45296033471561703,8.941814037569884,0.890249972862397,16.54226410819821,18.581594622250098,25.461187708861775,0.5863334494835313,1.4488083233461806,2.2890288519025335,1.6981047759058383,15.499521836462971,21.14546434943927,12.14935907039254
4h,SQZ,TRAIL,BTC,384,253,0.20368556814906946,0.4121674806829411,6.85041245077862,0.28176256361013724,6.808934602509642,24.165504867888956,24.23501707768715,0.5506319528723693,1.6099493125431033,1.8270912474001078,1.5381549251238593,15.381725543727631,15.3853107309317,9.579871194097533
4h,SQZ,TRAILW,none,489,309,0.16151756620093713,0.13695589659164992,4.016922952446689,0.19187958472383115,4.349632158100825,22.66855103090395,38.840815127052174,0.5527240419084485,0.9736078251507143,1.7153305383167927,1.0905276896370302,20.325261834292085,8.145480508270442,7.085931158649483
4h,SQZ,TRAILW,DAILY,287,182,0.139163132755994,0.06176247037048275,1.5136711228499466,0.014563242686336882,0.31651595471509086,21.73389275535754,33.0644485854326,0.44271949696888946,1.0423203142315367,1.5320934415247425,1.158392395137074,17.63775607152771,2.2673202795692626,3.394118687235337
4h,SQZ,TRAILW,ADX>=20,297,182,0.2132224682111297,0.2785303185396851,4.586563315325476,0.3202128763628143,6.130137426348581,19.14394416607683,24.38823608441657,0.5089398877253347,1.4718090155141224,2.1319564392830808,1.6622467927915263,13.673477936903012,8.527856527392807,6.42999014735639
4h,SQZ,TRAILW,ADX<20,307,206,0.15460804679460594,0.1291059183871471,2.8284203549568954,-0.24916116200438929,-5.188750546017662,20.824876976317263,33.632085829977484,0.41133900084183167,1.3109198167691063,1.5101990939759304,1.3543596992901803,14.59193659291248,-3.2837779451272198,4.992264421610115
4h,SQZ,TRAILW,ATRREG,168,109,0.2849329232300293,0.7229660079254824,5.315453827417027,-0.03695702240560333,-0.5305293316114845,14.355305083535274,14.355305083535153,0.5175231368207261,2.171949447908582,1.9868638961327276,1.8088640731106835,11.941935996907116,0.5033289414991593,6.544163442834194
4h,SQZ,TRAILW,NOWKND,460,288,0.12983568471415016,0.06249229600580034,1.785565236783948,0.34402067418490906,6.450966858244178,18.751683669966944,39.897088510771496,0.5410758234932477,0.930109134667623,1.9230996294351896,1.0929492606541185,19.882776786915258,10.234975212996567,4.383778111742664
4h,SQZ,TRAILW,VOL,399,269,0.20463927659118977,0.23172105959029277,6.0246702290345455,0.11568048900193374,2.4090937864882367,20.82541150433731,39.560294415013885,0.5553435238340386,1.1295948624851129,1.6316224587673314,1.2168456983141756,18.474829038212924,5.6976525326426275,8.551049400847454
4h,SQZ,TRAILW,BTC,341,231,0.3306191068253286,0.38911596592341985,10.791407239107853,-0.14096399463640075,-4.434664747598327,31.459556456505066,42.49712942309289,0.5234411866548542,1.2170270463700799,1.288852407986835,1.1737387262326944,19.42475533050154,2.0547518426746736,13.336701583601185
4h,SQZ,TP2,none,691,415,0.0542955243830971,-0.07955510719584108,-1.8880532632557623,-0.0732386612120548,-1.2488297232627343,17.05150944317346,25.359466866328837,0.2090348395160014,1.4106060010526538,1.545842284392514,1.239848666129535,15.32638762607771,3.556605410160607,3.424551959713118
4h,SQZ,TP2,DAILY,368,220,0.09246675405005035,0.057408785180894345,0.7972190502077092,-0.08951584466069831,-1.3864951867833653,15.488824263891487,16.47378784563438,0.16770061420027568,1.9620166829029329,1.5068389579606136,1.2773230020070623,15.647582723958708,1.019399101049978,3.6354187258371695
4h,SQZ,TP2,ADX>=20,390,226,0.10011725462634176,0.12090816613854034,1.3080115688179905,-0.05703563677732577,-0.6406801692461994,11.232980035753693,11.23298003575377,0.20825359035268748,1.9858058755604628,1.9628998830546098,1.662151944275538,12.220505329689857,1.8783999026036113,4.753071523733476
4h,SQZ,TP2,ADX<20,360,236,0.04165486403980412,-0.08060456124259442,-1.5640350301072692,-0.12947659082401983,-1.1832504150562917,9.138720810656231,20.853768111594604,0.12240011741193565,1.6900780491978717,1.883166850214127,1.5171358992379989,12.617854071340028,1.586254938789522,0.8139014195199135
4h,SQZ,TP2,ATRREG,195,121,0.16062222994801353,0.358875603281919,2.831445788311604,0.19748816441470068,1.5144907258083595,7.668767038758418,7.889769497892917,0.2727768613035465,2.1065801761960175,2.111145531579229,1.7768257211372505,11.985645164168425,2.9672603235916917,3.985242139280576
4h,SQZ,TP2,NOWKND,635,371,0.06151003091363679,-0.04372861097227447,-1.0883060813647427,0.012701828757605076,0.1341040276472638,10.55785196025183,25.852592728399692,0.20002519108739095,1.3872870367871342,2.026854621570584,1.5984495773838279,12.264559909032357,4.52421048780669,3.6119065876927037
4h,SQZ,TP2,VOL,522,333,0.04266303677217901,-0.1147278678959786,-2.5666920107965785,-0.1319133841026367,-2.6519890668032065,20.104018139204104,26.897200360914464,0.22038716043412118,1.255229543277474,1.4284303331490198,1.1538846839084695,15.938140973576553,1.0139655048317042,1.4179357386709723
4h,SQZ,TP2,BTC,442,283,0.11454420611961405,0.11931167625206875,2.233802018897779,-0.0669591401193303,-1.1757190906871773,17.55875431781062,23.333665347941235,0.21796981660195255,1.5153434511141943,1.5033168862567479,1.3047612684849874,15.763240484773133,2.087245584459163,5.639235475460125
4h,SQZ,TP1,none,835,500,0.02840213998166192,-0.20969692588801697,-4.804755802305283,-0.2699852256415975,-2.9446868646163527,10.906844467576137,27.069400755905136,0.15241834266806134,1.5259769872325493,1.849236326108816,1.4290792634651468,12.230681509119423,3.3882013766223906,-0.0005342063146729359
4h,SQZ,TP1,DAILY,438,258,0.07675538854081455,0.018559779655315804,0.25663467894148084,-0.07584140722411771,-0.6685609962243655,8.815250411278786,15.7434421747496,0.13370188573045022,2.28900637061191,1.9214040323464483,1.5941576275152227,12.498154947963913,2.3473992834593727,2.8776690624203516
4h,SQZ,TP1,ADX>=20,448,261,0.05249723623691866,-0.09050167766908938,-1.0918328095703922,0.15211588761099143,0.9936886187213334,6.532444666546011,13.124037719083127,0.14955021071658364,2.124791216160079,2.576529475662585,2.030801531648602,9.718929576636048,4.189396776072818,1.7169529066942468
4h,SQZ,TP1,ADX<20,413,267,0.010700171247561367,-0.18151150864117951,-3.3627973197681627,-0.3320567801800545,-2.815725399501534,8.479650371766944,20.283489096813014,0.08667636176168816,1.6085549939811268,1.9560190581309855,1.5561998350302555,11.612881390910811,0.20921542625560452,-1.102731251106237
4h,SQZ,TP1,ATRREG,208,136,0.045186613812475164,-0.038938928037686074,-0.4185828824434856,-0.19875946811188067,-1.0639760378666097,5.353083543510506,10.749727933916686,0.21206584785787444,1.945601411426156,2.303636185368995,1.895557149173213,10.304426807051248,0.35254269348681255,0.4940716055194416
4h,SQZ,TP1,NOWKND,757,445,0.038390072178463915,-0.1503785673247536,-3.2786868114583534,-0.35272181010358916,-3.8596706425152005,10.942534688687589,25.70757853021678,0.14399108741845182,1.6129664417296274,1.8630051193428032,1.5121563251754737,11.830776317200565,1.951960212848558,1.1900689393678165
4h,SQZ,TP1,VOL,595,378,0.050277029889309786,-0.10476413371205262,-1.7381402909757315,-0.37707489259374916,-4.4851795196313216,11.89466497962658,20.677268079212,0.1519091343739832,1.9655155700448201,1.6400568832992473,1.3904640871876612,13.184254437816534,0.16583876897255934,2.0394823990942834
4h,SQZ,TP1,BTC,527,336,0.06710689696915442,-0.03943105184424814,-0.5733142910069322,-0.4968437962779344,-6.269682380007358,12.619021163142586,24.472059751769926,0.16062156112664153,1.8298972760854189,1.5698598945283666,1.4096041989121595,13.042468093937421,-2.7175637317214063,2.877105907210642
4h,SQZ,TIME,none,717,423,0.010919435894244798,-0.1960653759669954,-4.7028477298345255,0.30843384987373546,5.418631529883333,17.568212866718667,24.115751141346365,0.35494503745237566,1.2250764854292993,1.7659454174937437,1.223568289739995,15.599856625216724,10.241685468346029,-0.8158289839386934
4h,SQZ,TIME,DAILY,372,220,0.0022315664928329567,-0.16313246523801672,-3.0905403312814106,-0.1945099911113196,-3.0236537537473795,15.544979136917025,23.271845063625506,0.2650537538651424,1.36777014067084,1.5388987845302033,1.2381383722520707,14.571033111007791,-1.021811294793884,-1.160706681815371
4h,SQZ,TIME,ADX>=20,392,221,0.04503346700074996,-0.06650068528279494,-0.6187516543401661,0.579581823507237,6.021296922779129,10.389036851332422,10.389036851332467,0.3456103822595343,1.7371106053082588,2.314129055361243,1.7286973573579438,12.050299471609783,8.64135740545624,1.409285452560738
4h,SQZ,TIME,ADX<20,362,232,0.012501532415295405,-0.12684631476236152,-2.2908570169288045,0.14596996407531093,1.6979513147544756,11.632196565304653,18.06009911459059,0.20688754052990296,1.5254615557389466,1.9571060380241736,1.4894393250578748,13.014877262500713,4.219164324719027,-0.0575614299022531
4h,SQZ,TIME,ATRREG,194,127,0.08475779370011521,0.15366494550760845,1.010787361551957,0.3590795462686023,2.2059455164101793,6.143333808158669,6.6255109787579975,0.4220973075952784,1.9936554076311401,2.350182310357774,1.8986573740042008,10.882374966316121,3.594035805054019,1.8905978914161903
4h,SQZ,TIME,NOWKND,656,384,0.01447178960894913,-0.16542231705438143,-3.9781648088598853,0.3697305074941395,4.485767732762258,12.132533404302215,25.700154326798007,0.3456034569011475,1.2298922294824146,1.977409313550377,1.406649704326532,13.648574764288634,8.850533704855579,-0.47394290523646854
4h,SQZ,TIME,VOL,528,331,0.008143033970092263,-0.1861047223268201,-3.7899044855498665,0.3522570582090045,5.177871257422884,14.69912706291523,21.66329139377645,0.3577074880237372,1.3264941998433715,1.9252346628260115,1.3628254166163531,14.22985650240458,9.03193368959283,-1.0697147421534159
4h,SQZ,TIME,BTC,455,287,0.07319520793879976,0.0666221932195073,0.7435423503437955,0.23579993692693685,4.795938700350799,20.3390160440833,20.339016044083323,0.36777306631821444,1.6569227640067659,1.7115972388050138,1.3301287407928133,15.865038282013455,10.12692205291481,3.3363180836330386
4h,RSI2T,SIG,none,1451,859,0.0241362816963153,-0.1503683138739407,-2.1802946682105695,-0.030792810990736216,-0.25723960870218665,8.353885222741608,18.85390747427145,-0.06811518780312445,1.8017388268143808,2.4262142701036065,1.9035396379137945,10.086695610529372,5.9690234324081715,3.131506916696858
4h,RSI2T,SIG,DAILY,1413,835,0.020530120902205747,-0.17444619469696848,-2.8483329685324965,-0.11052488055442336,-0.9250870184677296,8.369943616561603,21.591230385224925,-0.076069508510222,1.7587900393446576,2.3887519245775235,1.8664207135175845,10.07227897661126,5.00693895299491,2.2533628925912375
4h,RSI2T,SIG,ADX>=20,1016,570,0.04108567943283957,0.16853403198112604,1.3244981416020707,0.5835375808682481,3.3788888435212217,5.7903534481768215,7.858935824607816,-0.07994759311513865,2.4496463213124584,2.7134219426141875,2.164368793890788,9.833422046644124,7.406581856641292,5.0157832524932555
4h,RSI2T,SIG,ADX<20,499,332,-0.017443860234555058,-0.27379407130848327,-4.02429288744397,-0.5426833574641167,-3.74969234940713,6.909539969917111,20.601528004747937,-0.029585840213092577,1.679691849495161,2.4225144305306525,1.9280192007973183,9.145227951905333,-1.2979770220561515,-2.1160475958081015
4h,RSI2T,SIG,ATRREG,641,362,0.021158477768842856,-0.11865981104842692,-0.8158603949542931,0.6889401699141054,2.58959964614498,3.7588164534923862,7.65192216182572,-0.08811611877806924,2.0732218048459834,2.633947330628998,2.04007092966145,9.930035086745637,4.918086404341815,1.13568398070798
4h,RSI2T,SIG,NOWKND,1129,639,0.008185547702432381,-0.2230972559031592,-4.252765878503151,-0.10281720611110085,-0.9309939632543673,9.054845958840453,21.049143828467333,-0.061891055059184165,1.7166438603998289,2.287838538227495,1.7352803620553399,10.496574824052352,3.488700995080163,-0.2934029793358994
4h,RSI2T,SIG,VOL,584,376,-0.02835155007890131,-0.2702592839214505,-5.4996675780012545,0.1368430508849489,0.7617837665883309,5.566842902595049,21.734660153873897,-0.10006511539966152,1.553071771145266,2.675184114543781,1.9255650824987618,9.369398622674453,3.5592962812504236,-3.4238594217424367
4h,RSI2T,SIG,BTC,1191,700,0.047560025466970725,0.28551953028035876,2.3075448934621656,-0.14095977680611987,-1.2054359125442171,8.551630400225507,13.38706231348602,-0.035545322007866184,2.381752616010469,2.3681116439888776,2.0564595935771943,10.06876207086389,3.7499733300176974,6.964255091665272
4h,RSI2T,TRAIL,none,938,559,0.13210090455953316,0.3761452328300248,9.876634112251036,0.43975022889958054,8.727902699200808,19.847409110033396,29.246159876425114,0.3789955980353094,1.306187941198803,1.622261404970452,1.3929782538456348,18.354728858113,15.686927557734954,14.958079700278759
4h,RSI2T,TRAIL,DAILY,914,548,0.13024323994163473,0.3729225393921097,9.321306402441731,0.2408336769843984,4.630057510537555,19.225124860081333,32.91026381027802,0.35976450764811463,1.3418127979995789,1.5092316341351715,1.3544559853753801,18.116623625547355,11.003686823089875,14.442001224879109
4h,RSI2T,TRAIL,ADX>=20,745,411,0.1359128244343848,0.40856531620586345,8.49180361098889,0.3605447920429167,5.699107123129554,15.80693231162017,20.78444565448657,0.3699216048188494,1.5806942789680651,1.7047519966808693,1.4886048764320576,16.348892736611763,9.694740518303412,13.507480672515392
4h,RSI2T,TRAIL,ADX<20,384,258,0.06390574381123446,-0.028605386415225406,-0.48298752370145026,0.13197367872737278,2.0435888288951265,15.484821281042793,21.80051911935237,0.27237723000630026,1.3503276310962598,1.8057316943644106,1.4211234755680444,14.188641439643234,5.18729600122152,1.3668733705513025
4h,RSI2T,TRAIL,ATRREG,535,286,0.03192808635566305,-0.09004081588833956,-2.1413190029355267,0.6249951665590908,9.05898633994202,14.494490237126545,23.781648153777233,0.3309741505952221,0.9711771645971621,1.877831922698708,1.2437651134279566,16.789022464454682,12.107732461694386,-0.06736169530465741
4h,RSI2T,TRAIL,NOWKND,837,470,0.15153374090230604,0.47641499449988456,11.610468543888985,0.1881152728820327,4.669888156138713,24.824609318495927,25.989896659923197,0.35149378619378874,1.4176015198592118,1.4413256864151451,1.3373674653160563,18.95647616982592,10.14746447991599,16.649621276299943
4h,RSI2T,TRAIL,VOL,535,333,0.10589402660908452,0.16392273240818941,3.375505456491279,0.8679513847158041,14.066641872080154,16.206716320506864,20.592052163246166,0.30140843399584855,1.4795913194075139,1.9825693665025823,1.45587388179594,16.548582881534845,18.154481281011314,6.220786595821126
4h,RSI2T,TRAIL,BTC,770,461,0.1844452672921774,0.48270392889549146,13.43476206623533,0.30946693426751765,5.772003862641295,18.651439696790696,34.454436233104715,0.378171610904521,1.3613945160547039,1.639128237050159,1.4113432918525812,18.59530193601716,11.554673885220534,18.036921880371093
4h,RSI2T,TRAILW,none,656,393,0.18729818212896884,0.403582290238344,10.420902915938868,0.6571133075511476,12.809250633137669,19.493214466883458,25.821011397166572,0.39987832754497066,1.3008308701828226,1.7775499542459678,1.4588776070787914,18.24762696077823,18.2247422890482,14.543969983867978
4h,RSI2T,TRAILW,DAILY,639,384,0.1862116481461876,0.3865715447063516,10.027056593879259,0.47054562352261325,8.932680613496103,18.983665274844107,29.996009114373624,0.3828306134976193,1.3352139381115267,1.6815350790331796,1.4479281498957226,17.760148704729485,13.867706864829454,14.033121241408853
4h,RSI2T,TRAILW,ADX>=20,560,317,0.1656879999664339,0.2598032174944395,7.433174634587214,0.3133994115311756,6.268088775920733,20.000320821589067,28.610787450106557,0.3844207172649875,1.3776683794069986,1.6471709559636782,1.4109010165245028,17.088294155782467,9.518008115793176,10.713059361871814
4h,RSI2T,TRAILW,ADX<20,297,207,0.06800871467267303,-0.03247159768820361,-0.6847629240639974,0.4618925458851177,6.9346391970456,15.013533469687967,24.47802301475913,0.3229458776038763,1.1370789731115478,1.9922195748423912,1.393736829459895,15.102504985186515,9.8825695139676,0.6718517618522934
4h,RSI2T,TRAILW,ATRREG,438,231,0.08138995713320442,0.014206933297945102,0.3539653988324787,0.1455206612341998,2.5594171324012205,17.587998231276003,24.914975766351798,0.33004774408051685,1.0114390468799186,1.4880448519518155,1.1680941561016547,17.650344841558805,4.844448323840478,2.196894785107606
4h,RSI2T,TRAILW,NOWKND,608,349,0.16638882604559077,0.3215904200269106,8.430899630406575,0.5055040847252449,9.4966119459839,18.78641979944745,26.216264867905824,0.3704579351524223,1.2286779907200276,1.6979022787617546,1.3697593366408756,18.395388677812218,14.127636499594342,12.182176254922371
4h,RSI2T,TRAILW,VOL,418,264,0.13221588882092475,0.14842757254275596,3.152920700906625,0.7186746457906924,10.420437608077137,14.49952028934105,21.24214960127032,0.28013353085759485,1.449411065308232,1.9724660592631509,1.5007665344239758,15.578551736775859,13.51410446842789,5.310107346324466
4h,RSI2T,TRAILW,BTC,536,340,0.23980188588809986,0.4223103507722785,12.018708031522296,0.23255841560602028,5.274599620592468,22.68075144409405,31.831532633980906,0.3769062537737353,1.2572746977433777,1.6211922078287895,1.3125882493782282,19.574264670807786,9.49138735626578,15.629231245064723
4h,RSI2T,TP2,none,1078,604,0.0029353555845233205,-0.23150210948251118,-9.218190687522643,-0.1140892328948916,-3.012545320534421,26.40516764022619,55.79574754174631,0.039736863354818554,0.752053735858814,1.7873696124644853,0.9688413677848795,16.61303146688343,4.50337396439533,-4.40396898246409
4h,RSI2T,TP2,DAILY,1047,590,-0.010543840112305585,-0.253559608840631,-10.852500177979795,-0.08018727708997776,-2.1037362853873254,26.235287713121036,58.07185433971408,0.03240266434087399,0.6825089041295755,1.9552254950917551,0.9276556507950867,16.82090116240984,5.647519681773461,-6.189643454666804
4h,RSI2T,TP2,ADX>=20,843,473,0.04207678409227099,-0.08737711106532574,-2.4701441520459833,-0.24865519911470052,-6.0672144969249775,24.400111152014446,42.885498833367365,0.05515562023487509,1.2223880107123177,1.5840812968149436,1.3394061172836018,13.445305597727709,-0.14899986364294016,1.2732812697178852
4h,RSI2T,TP2,ADX<20,422,270,-0.0825912911258791,-0.28718651511899806,-8.73240386320302,-0.43049896246622776,-7.584539299289883,17.61801992701639,42.90576578072754,-0.008010198297349263,0.7793221080593603,1.781953101057909,0.9362760520771309,16.061017590306413,-5.165732412506474,-6.993564055922253
4h,RSI2T,TP2,ATRREG,599,325,-0.07267698654252643,-0.31236850872176564,-11.003075730979173,-0.08265208110314981,-1.396553357967223,16.896771857738514,44.5976149929703,0.05643632650507792,0.7170908344962162,1.7476773616017824,0.9925630014533239,15.562457631455661,1.4856724707250413,-9.091375761452136
4h,RSI2T,TP2,NOWKND,925,507,0.015272489121917655,-0.19634077948260126,-6.148975499240628,-0.2738553761542764,-7.0154040802454904,25.61718589849178,49.04149144766839,0.013698726126574102,0.836786063594134,1.4357332306473019,0.9591341508956417,17.141427495107507,-1.433502809631293,-1.8330371939408785
4h,RSI2T,TP2,VOL,575,343,-0.053633617612103945,-0.28625130250019176,-9.321060823782846,-0.21122831801558026,-4.515541603397444,21.37753898634167,46.20730173953701,-0.0539035995440936,1.0063173392536984,1.900185843037166,1.2120701065685602,12.851929303442066,-1.0312310347085574,-6.261472302166227
4h,RSI2T,TP2,BTC,896,501,0.01779317812746983,-0.17477989110455514,-6.383235278440591,-0.08491047119016353,-2.0604532388260433,24.266185429727503,51.94908466667769,0.07085079989643919,0.8483416979143463,1.9225911618743357,1.0414489716608015,16.702250290467056,3.5308777208101327,-2.5454668030417182
4h,RSI2T,TP1,none,1428,848,-0.002972161513524727,-0.3051751474202223,-12.63622885306378,-0.43328331277749726,-9.7311994999129,22.45920674288727,54.41310041487814,-0.02531787822478031,0.6657906165709553,1.4093838271120214,0.8530003068102298,15.417141704310943,-0.9720948317205713,-5.647158384399753
4h,RSI2T,TP1,DAILY,1392,825,-0.004660215746440648,-0.3072706099616381,-12.645663886499959,-0.44497993265216906,-10.52632239211474,23.655723819669262,54.923760599046425,-0.030307320613773933,0.6761809135378404,1.3345816133728923,0.8547305871167781,15.174172721776124,-2.1743861872545955,-5.689950600420213
4h,RSI2T,TP1,ADX>=20,1025,571,0.030974182593675043,-0.17100036093641577,-4.005728979546186,-0.019042758796954606,-0.23164751926200156,12.164598718702857,29.654577647734335,-0.013141012226148602,1.5181216249922789,1.8519054322962416,1.397911378111332,13.289244560388125,6.386233553406884,0.9474902480089309
4h,RSI2T,TP1,ADX<20,512,338,-0.04730832905990422,-0.30540629461388596,-8.088401551958924,-0.5543362333611004,-13.777014473380433,24.85317329853476,44.80997992016887,-0.029344872872158378,1.0619178527958046,1.396911942747329,0.9897682019055192,14.001407370447739,-11.195436966620875,-5.184040065569762
4h,RSI2T,TP1,ATRREG,670,388,-0.021057287057658428,-0.2962783086590773,-7.2343594299966725,0.6938411016444042,5.933543197010538,8.551732065091034,26.31677468628425,-0.024459774945848743,1.0847951977037769,2.4334705334238227,1.4906519973497974,12.37480903990903,10.88138298448289,-4.745460634218257
4h,RSI2T,TP1,NOWKND,1164,661,-0.03270829576943604,-0.3523971565581205,-14.813789440390856,-0.2665485079353752,-4.703720188026505,17.646769904886973,52.10499375816031,-0.035174990351527054,0.6140349573539438,1.808570168208251,0.9204929383653172,14.3858170831062,2.4736604318557065,-9.798823036815973
4h,RSI2T,TP1,VOL,630,398,-0.07196769135840649,-0.32638780970575804,-11.791877854531085,-0.29310399848999025,-4.574638172718792,15.607559761335088,44.24224167740497,-0.09228748119419597,0.9177010430263408,1.9896907600014773,1.247094754103815,11.583483721242427,-0.5808947721004154,-8.313163604189832
4h,RSI2T,TP1,BTC,1169,688,0.009351163625768112,-0.25242326851618535,-8.795534062872068,-0.4196692374854114,-9.33841834865088,22.25185339913198,48.75346477257245,0.01235265542941666,0.9083176346939652,1.4176397828858036,1.0644410952958523,13.864141275446784,-2.0448043662009585,-2.9793079674516276
4h,RSI2T,TIME,none,1333,764,0.023520660576305114,-0.13084653115511305,-4.585146119477823,-0.43639266021488626,-13.764765720034756,31.54215681184184,55.30383478249858,0.07839327396489207,1.0358178941245462,0.9344647613591028,0.9044777423259157,16.992597049396775,-6.741409823710709,1.563695989757119
4h,RSI2T,TIME,DAILY,1299,745,0.02334728389958198,-0.12732623818051195,-4.516312700163905,-0.4544229473180832,-15.296586437146754,33.66156248803953,57.13669350184356,0.06295696649397702,1.0880058474056196,0.89644212832535,0.9066493675418291,16.59558228943875,-8.64064625464831,1.4860514879017073
4h,RSI2T,TIME,ADX>=20,958,515,0.03488126435628822,-0.06020098194902356,-1.410883597416679,-0.34953895264748275,-7.858467490545595,22.482379806381758,39.03308525661623,0.059714889861698275,1.5946853270153263,1.4605785893094285,1.3266192427689127,13.463149457218881,-3.543331178675535,3.1246892913212143
4h,RSI2T,TIME,ADX<20,461,307,-0.0009888471123580894,-0.16089596341138346,-3.48919104710681,-0.4879002356302812,-7.409530002065312,15.186567787764037,33.46368260321954,0.04376982085754155,1.3529478338315994,1.513828719176201,1.3007812561899037,13.13911105425223,-4.253880830591495,-1.3954481029521348
4h,RSI2T,TIME,ATRREG,617,341,0.00412233110255544,-0.2147681814885764,-3.5046261590416794,-0.1128673973256861,-1.5812999170662811,14.010245248265441,26.061354838017625,0.029351692261604865,1.284475313267685,1.6880073277483922,1.3135510493174452,13.977418461591107,1.3105116473111744,-0.9478336886759586
4h,RSI2T,TIME,NOWKND,1077,597,0.017303117778867713,-0.14518473597457524,-4.497418827192956,-0.4533479937382968,-8.574360933875358,18.913419828267862,44.129095139205475,0.04756235191201966,1.0509797454798384,1.193887326751805,1.0277664214597604,16.113490350035498,-3.369752907340129,0.5917888940500049
4h,RSI2T,TIME,VOL,570,371,-0.03487290293399516,-0.23998653357270275,-6.886385373410064,-0.36407888567976665,-6.48549973287329,17.81344644791555,40.17966054923053,-0.012353460942480366,1.2528924061387494,1.5374999190201792,1.1967563960322507,13.380564237689285,-3.0037002950966007,-4.403989541487796
4h,RSI2T,TIME,BTC,1092,632,0.05296279476142422,0.021734115821032286,0.5720572778461719,-0.4068159523416906,-11.916302911119525,29.291631369241024,47.673837307869825,0.10614527717526613,1.1986374029015847,1.0460050095842257,1.0872839984681453,16.32208311039899,-5.711477848299252,5.977947212633272
4h,RSI2,SIG,none,3896,2262,-0.02769101186785557,-0.42926749727195035,-29.907777362911748,-0.6506534194953635,-31.027384598722684,47.68650047637809,84.00611414950716,-0.4873696582587196,-0.03827147670989373,0.39499061867916746,0.049533092750124304,20.936532645209738,-19.45223172594298,-19.563357004464887
4h,RSI2,SIG,DAILY,1831,1073,-0.00555410850201286,-0.31548763716597866,-10.400432468380572,-0.5556082388653992,-11.047304815414039,19.883263138742514,45.79533681036245,-0.1960694775943973,0.9859034416796352,1.6034490962786554,1.1679309272741714,11.73722750389149,-4.265234327123268,-4.405431207074195
4h,RSI2,SIG,ADX>=20,2881,1606,-0.025491461185104817,-0.37819895468323134,-21.8773920564451,-0.6215981911769611,-21.720231263748225,34.9425586690048,71.99570967705522,-0.5359832993022099,0.3407861779235245,1.2994746022094705,0.5085812445668574,13.453814713075296,-12.851443212173253,-13.668054571900024
4h,RSI2,SIG,ADX<20,1219,801,-0.043925185438303795,-0.35662152791442997,-13.614289865701423,-0.6073877925365212,-13.963504202345256,22.989438335650537,52.43097282208834,-0.14493971522643656,0.8200879883469969,1.4770413968857845,0.9208476912984782,12.59249109860261,-8.722261004830623,-9.498521598955211
4h,RSI2,SIG,ATRREG,1968,1108,-0.03760427760165524,-0.36260200602655374,-17.746742041929885,-0.6273812836559416,-26.749014068022568,42.635977140006354,70.23162221188531,-0.6135050627497702,0.5701624586835018,0.7986848944740952,0.5751907368274253,12.701603350992684,-21.68447724280924,-12.846279053112141
4h,RSI2,SIG,NOWKND,3115,1781,-0.03664550132467488,-0.4213896584220583,-27.83032559293368,-0.6395626787121708,-29.531632034784938,46.17472691535113,81.44241242563088,-0.4520295506476147,0.031106952447986485,0.5538220254049597,0.1271144940947744,17.67073008915211,-20.605996903012958,-19.369557185285835
4h,RSI2,SIG,VOL,2110,1235,-0.06012328106009318,-0.4032513044544159,-25.595273832994792,-0.6262123042125958,-23.333033424513573,37.26057962698882,76.76683622765277,-0.5213187253420029,0.13394083456350817,1.1262049436295845,0.3135475802371348,15.062026342896317,-16.500441405035925,-20.003008564925985
4h,RSI2,SIG,BTC,1574,898,0.0358387382045372,0.01866455245643933,0.27127261755131027,-0.4366177599473878,-4.336841130950997,9.932809722338332,22.049656350290725,-0.06148402528728364,1.8245045165981382,2.3462700099751452,1.9679261832346038,9.810422218908732,1.8593754421371678,6.226828138622786
4h,RSI2,TRAIL,none,1427,798,0.0010218252957226001,-0.28519331825123273,-9.438937901366195,1.3998450252004226,25.647234276749597,18.321481174730437,39.87715845705934,0.243309133793566,0.7384339808264557,2.3873934247241513,1.2760374503131742,16.550682176027188,37.069787351119096,-0.1756504826200045
4h,RSI2,TRAIL,DAILY,1161,703,0.031212792447735175,-0.125591699646409,-5.076480413264028,0.08034392851393755,1.901076259484391,23.661728952606598,50.1086516925058,0.28567313278634193,0.6646407864110164,1.3676371030134207,0.8334927699216581,22.348968759003373,10.056806831563335,1.2647960801682956
4h,RSI2,TRAIL,ADX>=20,1219,669,0.0027513563803134495,-0.1932501366852563,-7.598060815340402,1.2206282812613876,19.971082914653927,16.36131426843229,39.31723384866347,0.13058620543361535,0.9205167640726085,2.535553398231983,1.4468405659991097,14.51631810376769,28.146075177357655,0.6668492360418554
4h,RSI2,TRAIL,ADX<20,629,410,0.09125549771856745,0.18005438794592465,2.8127142347948997,-0.25411344500881955,-5.912973368622465,23.26902997366882,27.318561733218427,0.3296261941716651,1.8761312207835326,1.6296137579139887,1.5515571763678586,12.690155831577599,-2.084567058847664,5.314525519784041
4h,RSI2,TRAIL,ATRREG,1050,603,-0.06528101309269223,-0.331812491955563,-15.723344509845527,-0.4407408960671454,-8.998809707509302,20.4174602080456,53.910609417512575,-0.1701076977342824,0.47772551884321496,1.5969209062758407,0.68522193734392,17.871136805054743,-4.680303175048017,-11.994497143959093
4h,RSI2,TRAIL,NOWKND,1335,764,0.013734389901147791,-0.21322688881153581,-6.73875186570001,0.2982197927380589,8.602475424591338,28.846091487117743,31.60366829558804,0.1778339412480242,0.927892693148548,1.586743582563393,1.020701618779211,18.91174845514425,17.621309985500687,1.6258396519809093
4h,RSI2,TRAIL,VOL,1221,662,-0.013507824331159489,-0.23531363458197857,-10.63876983434625,3.5399436152241126,37.89393167341784,10.704670975675635,45.2110216785586,0.095217493074322,0.6632748090866352,4.618233803716899,1.2979767420110477,17.564457977751292,49.06557195375119,-5.6438312218210935
4h,RSI2,TRAIL,BTC,1005,574,0.23815301512513137,0.8427097334739384,25.84309581658857,0.605730168204891,16.165552952784545,26.687713112741108,30.66666349046957,0.4043748860538316,1.6009503602982333,2.293381992377293,1.636348239649872,20.16082580543622,23.917554723462864,32.89284693372805
4h,RSI2,TRAILW,none,1021,596,-0.02673463923999677,-0.2719214740660724,-11.235590670157647,-0.4284667004605506,-9.977271109849939,23.28598955093958,47.382024899139175,0.1409242300259897,0.910848990418017,1.4266330402590803,1.0457682145142697,12.944878617709454,-2.705603901125786,-5.006661876133367
4h,RSI2,TRAILW,DAILY,827,493,0.056402337379309095,-0.05635542912963708,-2.4837935686320534,0.16042362215812533,5.415176360854468,33.7554799474411,44.07372292239076,0.29173100617437686,0.7673638058745246,1.6801463572873159,0.9520251747685563,21.514209253890215,12.474179386350738,1.6551424223465006
4h,RSI2,TRAILW,ADX>=20,948,544,-0.06140614638417116,-0.31397842075730154,-16.112408472399377,-0.5177746455081969,-13.800010438026044,26.652541907457262,58.45699199894765,0.062327086160579775,0.36492189680122683,1.007433333896029,0.48734097531971526,22.139915741421913,-7.506182803998529,-10.926991013869458
4h,RSI2,TRAILW,ADX<20,478,309,0.019582513595958886,-0.11551936622035676,-2.6099233141919975,0.6901700748660976,13.548741236330075,19.63101810660034,23.921283342047982,0.3706630611788076,1.3808196756597937,2.6064558029282803,1.7328673388058562,12.405509684571047,17.290616796660707,-0.7353723754384256
4h,RSI2,TRAILW,ATRREG,845,491,-0.05959754947874342,-0.25533333184303636,-13.177591323270455,-0.6141631366127464,-19.06576570502355,31.043487582429186,57.4806250210792,-0.06997197105239768,0.5537159990282337,1.0485610508021592,0.6024579409399937,18.037535859964116,-15.286736185099103,-10.44111420442393
4h,RSI2,TRAILW,NOWKND,951,572,-0.015913528064198216,-0.2339072861472532,-9.417637596836348,-0.2893520941516563,-8.359514040388671,28.89045633105821,50.719258023625535,0.1875610651265101,0.8608928763186439,1.203616845395995,0.9101268077459331,16.12748662007697,-4.0911216776269965,-4.866118053383461
4h,RSI2,TRAILW,VOL,930,494,-0.0756121109710316,-0.31168131528811055,-17.361681302536592,1.1922340124925712,15.332787684429539,12.860552143092862,55.70331120583176,0.06608222769994233,0.3252626568644016,3.444992444871965,0.7126850736837131,22.529009636064668,21.5992895727946,-13.4973215435374
4h,RSI2,TRAILW,BTC,695,421,0.3647195350803296,0.9000916752043174,29.39574570939394,0.16595457512635267,5.056239254553629,30.467609890863002,32.65861302707995,0.40744105091812577,1.5967143601023464,1.6236807410027334,1.4898813731526834,21.439489572699255,9.84441941235643,35.1252241593957
4h,RSI2,TP2,none,2234,1322,-0.09385927963719537,-0.46840959500043833,-38.26216551842433,-0.6100284039774744,-34.07971403651596,55.86578233785713,91.45173931256019,-0.6083794864564608,-0.22536330008806535,0.24084135910546192,-0.08811450814613683,30.87804975352163,-25.07229067582214,-29.099502994650972
4h,RSI2,TP2,DAILY,1383,789,-0.05846106443686864,-0.3614936560636527,-21.998274811054173,-0.3033449352723748,-11.879472248484824,39.16159746599425,75.72915577783108,-0.09870367144691473,0.21193648973335727,1.1025756094314276,0.42009262737303543,21.508277756649928,-2.546931505054184,-14.684000936465026
4h,RSI2,TP2,ADX>=20,1938,1141,-0.11437122862968951,-0.46673343944096035,-37.70936120950812,-0.6391690309454198,-31.342646925349303,49.036554350872066,89.60441516369538,-0.6076942087765329,-0.21607743204498386,0.41446383520139746,-0.06860301349386005,28.546633793849942,-21.873183230743386,-30.68004409659274
4h,RSI2,TP2,ADX<20,796,507,-0.09555591344909836,-0.3530801229665693,-16.48487169015257,-0.4023169730537093,-12.882665190550323,32.021182434255614,62.24397110630723,-0.17938778535610664,0.4644049605192088,1.6384319824306792,0.6482707483394582,16.677838485432606,-9.251885877292265,-11.25981916430614
4h,RSI2,TP2,ATRREG,1600,918,-0.15022871979562505,-0.4711057222779949,-37.77116175222438,-0.6485769346322839,-38.59077344169797,59.5006873989087,91.6898430364942,-0.6397134857602339,-0.21326416945923365,-0.03665533132446585,-0.1356126518849366,29.86557092255907,-33.22306991084341,-32.229787336410396
4h,RSI2,TP2,NOWKND,2039,1201,-0.050341907002897084,-0.39044014017296563,-26.9575926391609,-0.5466212563830859,-27.60963336222443,50.5096225948354,82.33127780163144,-0.545968841149628,0.10499336132205589,0.7536551020163259,0.2205544802710777,18.91877704594419,-16.751520709338898,-16.185525356791576
4h,RSI2,TP2,VOL,1808,1087,-0.12549357576180956,-0.4719622729981671,-38.0419133465294,-0.5191111054948484,-18.421765205302588,35.48713369894454,86.90984821158223,-0.5837110963309149,-0.23923785333564515,1.8225622051834398,0.029170437205431124,25.6685355569789,-7.074907825162935,-32.046002886595915
4h,RSI2,TP2,BTC,1207,655,0.05298133006182997,-0.09392279923695933,-3.0555076978171503,-0.08442054027730904,-2.2379676611111843,26.509752884307424,49.44361824022583,0.04197998545013156,1.1364723263625354,1.6599574619961435,1.3021540377276297,14.566075648463361,4.416774689261782,2.882643259207951
4h,RSI2,TP1,none,3680,2165,-0.0764589655599002,-0.5613308937657723,-51.159632961860794,-0.6568985746703679,-43.063396577412995,65.55562492888987,96.86769843833399,-0.5237950934073238,-0.33260009984693045,-0.24054272218927433,-0.22999743523941252,53.326640480834065,-26.424449407367167,-39.95601468331994
4h,RSI2,TP1,DAILY,1839,1085,-0.06005957430420474,-0.41292601465972706,-27.948243560399245,-0.5284298103395054,-22.244223360487293,42.094944163342774,80.91206254940515,-0.15438791616897168,0.015661795154543606,0.7455455656374657,0.16322239638195318,23.558352749814716,-12.358216155538116,-18.42413241020372
4h,RSI2,TP1,ADX>=20,2864,1617,-0.07033299171943974,-0.48924080164628,-40.80973454093326,-0.6421138950898401,-39.19536601745948,61.04114288318825,93.28906273055618,-0.5424043841716827,-0.23779041714712928,-0.0621201371326804,-0.15531960005035292,37.83916748387595,-26.573013603288054,-31.54521252745456
4h,RSI2,TP1,ADX<20,1187,771,-0.06747455868096992,-0.36582006775667847,-19.777950319099624,-0.5906955997530969,-16.825169661019302,28.483654979065363,66.73584358793183,-0.17687356803042875,0.303379340751043,1.1816013136903676,0.460908149188311,18.473043572672164,-9.910912348876044,-12.688331859766166
4h,RSI2,TP1,ATRREG,2116,1232,-0.11309710591613421,-0.48494926425782275,-39.94447874370233,-0.6537735790645232,-40.896031249651934,62.553814591543414,93.1968797837249,-0.6129811332702616,-0.24888345410997928,-0.19365850958176203,-0.18030478741023429,33.56123039158029,-33.205403070670194,-33.515781698693544
4h,RSI2,TP1,NOWKND,3166,1840,-0.08987628546149506,-0.5517193869507588,-49.265607005833004,-0.5876527203874264,-37.16929747319169,63.25044738784973,95.55413054166755,-0.46959152063199844,-0.3188083733575129,0.05431602026145718,-0.2077085346731374,47.496222230886985,-23.029531927382784,-40.08070378983736
4h,RSI2,TP1,VOL,2371,1399,-0.12420824244019665,-0.5324375120250552,-46.567430104029214,-0.6356070440105163,-34.29179678866296,53.951253548561354,94.18458401413882,-0.5405293486620083,-0.29387447513302195,0.23376442802108738,-0.1765802060674337,44.49363970248809,-22.94085679290645,-38.808086333943045
4h,RSI2,TP1,BTC,1571,895,0.004821180901490046,-0.2854850208508088,-12.508992009448727,-0.4477435898639923,-10.946988620770426,24.44923583181997,57.3405948328803,-0.018844793166995548,0.6707939747765281,1.5442390606380383,0.8385918067124494,15.56459067989071,-1.4707403224460291,-4.645082943018963
4h,RSI2,TIME,none,2822,1640,-0.0690631317061237,-0.46764230457088174,-37.67875702866176,-0.6785629816737166,-43.5471161000408,64.17549627100084,93.01075964579411,-0.39426862198123136,-0.214792113499668,-0.2846318530343776,-0.16499680061063898,34.498202232731565,-35.242486520087205,-28.91275953866408
4h,RSI2,TIME,DAILY,1674,953,-0.023646733668059954,-0.293932708671023,-16.10290705350853,-0.5347437039477559,-24.463987772716468,45.74899637360963,75.4084383400618,-0.06914390068803812,0.4169657626460562,0.5560207461128491,0.4287182308179997,19.556106668982707,-17.291592855736027,-9.642243000637551
4h,RSI2,TIME,ADX>=20,2181,1204,-0.1041047677755341,-0.47536993290965346,-37.50598190330665,-0.5998451271594796,-27.831365358514716,46.39758514053119,88.2931444308751,-0.5670141224142092,-0.22224783271115695,0.5529326717688653,-0.057344332482979966,27.680761127189324,-20.14986215831375,-31.548553058441286
4h,RSI2,TIME,ADX<20,891,579,0.004087062269116972,-0.18182449027344336,-5.746577446508994,-0.6090278381257385,-18.46590933090266,30.320304220790373,52.30205819845368,0.04377035808006001,0.9727457125046418,1.1757533407998684,0.9346634964210505,14.70358322559081,-13.54279783468425,-1.4300515636721522
4h,RSI2,TIME,ATRREG,1588,902,-0.12068872699885583,-0.43541402876944807,-31.231090372101544,-0.654940947957411,-36.847053948900054,56.26011637204294,87.51204217611185,-0.6932702725104744,-0.08094077594603902,0.024612210896086405,-0.04741868569766664,19.70969971164357,-32.851748037344144,-26.517338406054293
4h,RSI2,TIME,NOWKND,2391,1372,-0.055080030969461825,-0.41686946351403087,-30.05142904853466,-0.6465393251420616,-37.96644220742459,58.72255674329225,88.19729164098543,-0.35356205254779993,-0.0377501138440634,-0.02992438668359935,-0.03149861719813824,19.659490009489367,-30.118551884362045,-22.033677846109256
4h,RSI2,TIME,VOL,1849,1100,-0.1101394440677004,-0.4568700897616282,-34.698401474244314,-0.5484288895329923,-24.036065305701204,43.82713194807957,85.72021501847304,-0.42002621920700983,-0.2024868986084256,0.8665043954645523,0.030576544791063438,20.533581662001488,-16.096053903827855,-28.807624518398512
4h,RSI2,TIME,BTC,1443,806,0.09355437058676193,0.3163915410378026,8.509787785007884,-0.44852630381151576,-14.016637622645012,31.25042501082662,49.62895058175928,0.13778026541283925,1.4361857121386996,1.193681327072362,1.2780849882266228,15.948289446706898,-6.792179480690064,16.669516882943203
4h,BBREV,SIG,none,1801,1014,-0.08411330699158741,-0.4113534622357577,-27.250724184341767,-0.5766741568131721,-19.007631354968634,32.96078232464755,76.95696657231927,-0.6342188118788592,0.08477636788004674,1.5247206138862677,0.3762823938094379,14.213876030677131,-13.456760896038766,-22.776607547512672
4h,BBREV,SIG,DAILY,739,417,-0.06424712761257531,-0.31855976273145903,-10.660408787352738,-0.24042324633271298,-3.3192876097005164,13.806017763802569,39.22371343315968,-0.29732488683427905,0.8652964416307086,2.81346062541555,1.1581841481972501,13.229534335056336,-0.554866727770742,-8.414618899542825
4h,BBREV,SIG,ADX>=20,1382,752,-0.11148521999745624,-0.4054512091706834,-25.670368203949767,-0.5349679488411001,-11.423449440052735,21.353521205895287,70.42136749637908,-0.6624109301050582,0.19279088446094955,3.428655745347231,0.669905907500915,11.375766601292103,-7.36318693979997,-22.666175404911858
4h,BBREV,SIG,ADX<20,564,367,-0.04030388911757435,-0.2960233860449472,-6.382900313103413,-0.49597606115548065,-8.824319643874157,17.791825725048195,35.28700618783988,-0.21965338563725034,1.2341309152423194,2.0679421468562293,1.3942370905798331,11.288835077475623,-6.517934646811952,-3.995572882552234
4h,BBREV,SIG,ATRREG,1044,583,-0.13289808883322635,-0.39060090488107235,-22.432334455673953,-0.5879844304287897,-15.277522969659007,25.98286991803137,67.85424794192426,-0.7426170106018151,0.3891185300060404,3.00527792902949,0.7382854646049666,11.109186000324566,-12.372637056061953,-20.30600585821358
4h,BBREV,SIG,NOWKND,1586,908,-0.08431386317046301,-0.3981889952226548,-24.620088217863113,-0.5265743674363236,-17.058994525960024,32.39617341993559,72.86483343773172,-0.5885350006322638,0.19608098905517507,1.988221175391165,0.46887987059246256,14.646473626086431,-11.644098256937351,-20.3901255972318
4h,BBREV,SIG,VOL,1423,837,-0.10212273191262725,-0.40429137825146705,-25.14780231967325,-0.5449909085586115,-13.701524050487857,25.14083048967837,71.34801004000131,-0.6283952999223981,0.24084525799338619,2.2379266040485395,0.7004752032659671,10.538142986784127,-8.929618210514578,-21.428014097196556
4h,BBREV,SIG,BTC,574,308,0.014959771004750313,-0.10677385335973984,-2.109819672837443,-0.08158782147667715,-0.8788949657757228,10.772379380505527,24.711180876550053,-0.17149645485134493,1.3348825565543265,2.9627229895286535,1.5480751496754275,12.390094064896429,1.1630420738126812,0.11503349306258848
4h,BBREV,TRAIL,none,1262,697,-0.08292036932318471,-0.3865974884212312,-21.197918136397607,0.1487038486024014,5.065240965177131,34.062608417892235,63.99809363099832,0.018035776198113345,0.3342557538382388,2.289658666400024,0.8514890537075823,14.741441485350016,12.149473743687555,-17.059413185139082
4h,BBREV,TRAIL,DAILY,750,431,-0.020169038261365863,-0.23313051507666396,-8.227983416177665,-0.31411897412589956,-8.145348643378858,25.930775643352845,49.24851880092762,0.10593276359657475,0.820080476340589,1.3182636394737401,0.9678155986637152,15.737431709941664,-4.685828303200967,-2.8169738879045614
4h,BBREV,TRAIL,ADX>=20,1087,577,-0.19257289375998263,-0.44609575144495184,-31.657358660928058,-0.056215806214776794,-1.4888356924395718,26.484289609782717,76.6371914261153,-0.1572839119086591,-0.09457581800288647,2.204327279940706,0.27801867571957795,22.978231325422925,3.6460519070041553,-29.035202329023903
4h,BBREV,TRAIL,ADX<20,438,316,0.1170425019934021,0.33682843818249747,4.001352238691425,-0.5170554861932265,-15.344170313234661,29.67606131830204,32.64487045110774,0.11543931299063823,2.0826980805953834,1.2547580141254138,1.5427538121038527,11.713745523034847,-13.094818224241822,6.428405130811532
4h,BBREV,TRAIL,ATRREG,901,499,-0.17020357994434465,-0.40929379860970627,-24.696099763286618,-0.4344847448473078,-12.919879123271494,29.736093790386043,68.8995428714395,-0.3280009781396942,0.15315201433495093,1.4331726070928212,0.4308226446904985,17.336315293907532,-9.55756668342299,-22.48568621797261
4h,BBREV,TRAIL,NOWKND,1165,662,-0.09434206930650096,-0.387325242446436,-21.33953115828283,0.146207184778117,5.136370371331811,35.130765831561085,64.03472910781647,0.07321366123984843,0.32700542289180823,2.0840428984956874,0.8541003383915077,14.546843308833479,12.449503708053467,-17.61553119711259
4h,BBREV,TRAIL,VOL,1090,639,-0.04481106330477008,-0.3517118516247306,-13.59710165133986,-0.15519390910645361,-5.214094315747175,33.597287069885084,52.43962670870507,-0.06409263973096024,0.9206294657409549,1.9238437588459263,1.2208913942341078,11.339737166871311,0.9243179821047054,-9.523950718564267
4h,BBREV,TRAIL,BTC,578,308,0.1897977164929925,0.4132373202284954,9.757635708461265,0.4602544403404258,9.310324495441025,20.228646764504155,31.725043481203443,0.27653554941751407,1.5394139350688307,2.378571658498234,1.6933446162151702,15.175300274498449,12.725923315014587,13.200783820744789
4h,BBREV,TRAILW,none,947,531,0.030062395733016483,-0.10352313316698725,-4.865102813239696,0.10601078470319363,2.5355523333774554,23.91787156822235,46.99532041202885,0.14902089131940924,1.1480639110723112,1.9294606448054223,1.3728900333044396,13.824510584591444,7.883626474316774,-0.6780716190784686
4h,BBREV,TRAILW,DAILY,618,363,-0.010397515163154366,-0.176651871095643,-6.974380711110162,-0.16256299998648668,-5.513673258996099,33.9171475640486,50.24543372946595,0.14745532125010657,0.7266619438958343,1.4113490810657692,0.8685108621053845,18.890409720862667,-2.3820897056904378,-1.5609654789733973
4h,BBREV,TRAILW,ADX>=20,866,474,-0.04494756613530047,-0.20702231492493806,-12.885840502774737,-0.43519736081559746,-9.173087862711427,21.07799515493446,62.24372723996866,0.04071205750240674,0.5029632607843784,1.576805971571647,0.6488590411983131,20.532118076560458,-7.372720185520665,-9.387664668392159
4h,BBREV,TRAILW,ADX<20,371,261,0.21134472715580663,0.5811766630018135,8.106399139642262,-0.41489788328370425,-8.179403206280789,19.714256292524325,24.153231946637675,0.23247040592070586,1.8757262377880068,1.727899521516708,1.7905093750797545,11.844186250529576,-6.073687849367026,10.239464781411112
4h,BBREV,TRAILW,ATRREG,767,405,-0.06060049484081807,-0.2088180325020376,-13.164087753278741,-0.06519630136865201,-0.9859004503014468,15.122030385231211,63.04095290788783,-0.025495967782031732,0.46432530605776884,2.0379121655916324,0.6803157824485445,22.01951761814742,2.770833756324942,-10.570370437021914
4h,BBREV,TRAILW,NOWKND,906,510,-0.11864439216639007,-0.3415168863624738,-20.272464181450367,-0.04980732621698294,-1.700367770954081,34.13890887349624,67.99107484279712,0.1177785908656778,0.25463002255907796,1.618711826289024,0.5453123343038264,21.003390013226074,3.444910711028659,-17.5535745494103
4h,BBREV,TRAILW,VOL,863,490,0.05674025930477977,-0.012751718341378475,-0.5434995122637343,0.1204014623857796,3.0742573387976257,25.533388697118685,42.62166852447757,0.1309041757428641,1.1744743986324335,2.232278177195383,1.3717036847229171,15.177888837237596,8.44941782338653,3.3824891537714397
4h,BBREV,TRAILW,BTC,476,267,0.5006311846438195,0.9488841115182988,30.146486389053685,0.5603397562443743,11.361933442198847,20.2768647335523,31.77046176989583,0.3487664188984931,1.6340786358094086,2.149389569255887,1.5809124165996622,21.137643270980366,14.216687827718921,34.59394476174942
4h,BBREV,TP2,none,1834,1047,-0.07571589721020491,-0.42091258260575026,-29.702396306536517,-0.5578538503383786,-27.40515743814258,49.12605231911436,83.9824743298958,-0.6010781438352277,0.0017495007261858974,0.7220364621476588,0.13657890974681305,21.00369115731453,-18.045126717861482,-22.502265102741916
4h,BBREV,TP2,DAILY,811,445,-0.09788871779652272,-0.35103831794380636,-17.427578804277356,-0.3194734923915666,-9.427950187385791,29.510899689387404,61.36415906494732,-0.22348957065797287,0.3839812717469925,1.792409154756445,0.5914179401927101,19.30871070190612,-4.360861504068714,-12.84640148874553
4h,BBREV,TP2,ADX>=20,1496,821,-0.10116418589052276,-0.4178799939838306,-28.771048460354244,-0.5918775303474516,-19.052849064862365,32.19052605980449,77.38643872396945,-0.6131063775889589,0.0319477424379148,1.4914215525213663,0.2989319086611772,16.909529778597598,-10.15367748640208,-23.126211968715673
4h,BBREV,TP2,ADX<20,581,361,-0.01120364335394447,-0.26659681555825565,-6.292950709477041,-0.44228222791046945,-14.007494320331082,31.670940943090752,46.7453977912996,-0.18404160982188145,1.294494846278912,1.3058867308727296,1.2102735697939635,12.175682795904496,-10.978811583048909,-2.027284788987116
4h,BBREV,TP2,ATRREG,1207,664,-0.1662482745582237,-0.4376565535479555,-31.942933924814255,-0.6227688194211337,-25.601379551536418,41.108961709632496,83.26117729885786,-0.6722401350758477,-0.10146926166123145,1.122972171118836,0.1052355846710088,18.090132649016944,-19.67567834630527,-28.117657560227073
4h,BBREV,TP2,NOWKND,1645,936,-0.06315625513398981,-0.39260941925932086,-25.058057694479487,-0.4467772795029802,-19.815545742990505,44.35217870755294,76.97227201005077,-0.5453674230371263,0.14881462029249096,1.4263003608095888,0.321678607204812,20.647355152033743,-10.22436317442107,-17.46933031520188
4h,BBREV,TP2,VOL,1521,892,-0.0938001363850333,-0.41957658574931694,-28.592772898391814,-0.5195111502863137,-17.559843834504907,33.800706346393724,78.09427103894309,-0.5818710194036161,0.039663509020260564,1.6799221900060297,0.34948251698060034,15.622841883725124,-7.595513297943968,-22.676637844894763
4h,BBREV,TP2,BTC,614,312,0.07182729578637805,-0.002670555350971384,-0.07765065149083483,-0.2529249603680816,-5.8567549582342115,23.156097166965562,43.76837778024586,-0.09048564569601769,1.138443000635158,2.067095799344125,1.2101798658276837,15.77536971009984,-2.9175938592899464,3.221363596530513
4h,BBREV,TP1,none,2254,1277,-0.09517835776635922,-0.48466652800836824,-39.36397709724208,-0.6062863138453017,-32.09335614704377,52.93432395578142,90.97503138400548,-0.5523759863439421,-0.2320743094920378,0.34639110359576897,-0.10880235618540715,31.89113238933303,-21.74548311926754,-31.566237833604525
4h,BBREV,TP1,DAILY,890,501,-0.08506737205762588,-0.3599838444754705,-17.495016086225014,-0.4201385613538399,-10.691124220006998,25.446662609488378,59.413391218385904,-0.23315569104421435,0.5184276094290297,1.931241990232055,0.7893352177810493,13.810485688268825,-5.335572284091139,-12.405967546849661
4h,BBREV,TP1,ADX>=20,1728,919,-0.1033985305769465,-0.4485061388862481,-32.84868855065862,-0.6076604010408313,-27.021001858116776,44.46727450370938,84.73901852820649,-0.5740362981808772,-0.12569604893317043,0.7686970327072957,0.03737813052092733,21.615352262147248,-19.421901255445007,-27.31830406220932
4h,BBREV,TP1,ADX<20,656,432,-0.07755010617298806,-0.3368537482106913,-12.582954811251646,-0.542101400189638,-13.73429355597815,25.33528515361446,53.30213980936798,-0.1957344096369761,0.7823005903947153,1.6084761911880583,0.9386954549684694,12.963535998737042,-9.857415534971704,-8.119551855814954
4h,BBREV,TP1,ATRREG,1308,720,-0.14376876006866046,-0.4382934241559253,-31.16737165628387,-0.6277515834105387,-26.977591640126285,42.97494797792235,83.30910393907955,-0.6540826009151818,-0.09138876310980874,0.9488962361700122,0.08823705102902187,17.607214334919885,-21.245772136773432,-27.1403406934693
4h,BBREV,TP1,NOWKND,1979,1118,-0.09963580255700366,-0.4671697133569049,-36.556235420032024,-0.578206725560807,-26.093752814076264,45.128760459795316,87.815418665388,-0.5021322390375055,-0.19303430740665678,0.9512784361082519,-0.026033919031831824,28.13929490862811,-16.111970533343968,-29.273998091605524
4h,BBREV,TP1,VOL,1756,1028,-0.12399243733221224,-0.4750181174465349,-37.172547614161154,-0.5799579081483233,-24.502181795946765,42.24820707105587,87.40150462729447,-0.5427572428992412,-0.2114249542704059,0.9926176361206879,-0.026906179049957055,28.115859098594285,-14.50676496002986,-30.840305544642945
4h,BBREV,TP1,BTC,664,352,-0.020290515512870116,-0.32540002488867487,-7.857402841101591,-0.3401094965679965,-6.297736319099623,18.516790570828846,36.01776016520668,-0.12513560352093475,1.0112353692783176,2.042706213788239,1.2151262368096465,12.973567684255972,-3.003401529332861,-3.900106320227592
4h,BBREV,TIME,none,1879,1078,-0.09939024575363097,-0.4477957222627366,-32.90798658244549,-0.5690141045565994,-26.286559280284028,46.19667433510749,85.15120993723444,-0.556831502298544,-0.13859545235160073,0.6156017649575181,0.055617783917508,19.84157791935265,-18.325365516950143,-27.805690571042874
4h,BBREV,TIME,DAILY,789,451,-0.0912697594384464,-0.3445467656022382,-14.948437079656818,-0.4866978717256464,-13.609547853434101,27.963031367241854,58.30127287203908,-0.2153019929433623,0.541632635873623,1.6726741996385126,0.6978575978779554,16.248143695496363,-9.488803329669548,-12.266750418877049
4h,BBREV,TIME,ADX>=20,1467,809,-0.1313808776520485,-0.437988993046582,-31.36293063912341,-0.5432324414650873,-17.045797305125877,31.378459760528465,78.90329521987407,-0.5909735395665378,-0.09190977188407157,1.675631133492003,0.20798462491059572,18.336224142940804,-11.413418682755738,-27.503032522472036
4h,BBREV,TIME,ADX<20,546,364,-0.011916142452179198,-0.29578895558222684,-4.809514687230321,-0.4732236156615755,-12.507768292884336,26.43098923835033,38.46689888700474,-0.1514475734381163,1.3866687121442802,1.4575766642183732,1.1619359908544336,13.380364213486528,-8.710531917053821,-2.3048956174324453
4h,BBREV,TIME,ATRREG,1123,631,-0.17162133870182741,-0.43009153544422474,-29.599480980307668,-0.5956484948581953,-19.446011369179416,32.64679007341215,78.4202928516544,-0.6864375127613752,-0.028235787346559467,1.595564625797483,0.22608968379687472,17.949072422545253,-15.811064937508979,-27.02004609571994
4h,BBREV,TIME,NOWKND,1656,957,-0.09176611490325305,-0.4241322075508113,-28.468159270301328,-0.5429676745669388,-24.721619588680266,45.53055503423437,81.04441219030689,-0.5019777318445305,0.020228044532550903,0.8359064944060468,0.20072272100247318,17.277436099704012,-18.010052717667147,-23.717907559041297
4h,BBREV,TIME,VOL,1493,889,-0.12060893637793275,-0.43957439080689104,-30.525982501635028,-0.532469201439237,-20.42796127158597,38.364587503596894,80.51967575640934,-0.549849482651508,-0.07829181356280758,1.0639837970117918,0.24300180146026334,14.312710433296804,-13.369048199311296,-26.441014330159142
4h,BBREV,TIME,BTC,600,328,0.04483537438025624,-0.03428948527585496,-0.7783863291177973,-0.15203119635869242,-2.407779473777971,15.837403976597109,32.83593592517572,-0.06971490109009579,1.370039716368501,2.5688336028780596,1.5293125073316844,12.692835116197953,0.640228216887917,1.9170825547492054
4h,PULL,SIG,none,984,601,0.003361064631143726,-0.23157254528360952,-4.3281011940541685,-0.4663271889950545,-4.973101151082215,10.6644031667966,25.941019556271094,-0.03273544723937711,1.7169155895730068,2.1790753239270484,1.757488083524467,9.81086156805232,-0.5412357332294726,-0.8310070481905241
4h,PULL,SIG,DAILY,754,469,-0.005662708873948772,-0.23445931577609871,-4.3098012849757,-0.48017117262334597,-3.424039089642128,7.130871832507946,23.547703266344822,-0.02782948597715566,1.55751432107737,2.324507855882927,1.8175108446219082,9.669545303428052,0.03162637513289823,-1.666499580569969
4h,PULL,SIG,ADX>=20,737,436,0.0026657197572600632,-0.22958930831513352,-3.2799600262895967,-0.4457472766711786,-4.115904981942132,9.233718740088626,20.236327723787696,-0.04073247086966165,1.6601133234935403,2.27762908006548,1.8541207732441458,9.61968105028328,-0.9449473062819291,-0.6897531699392001
4h,PULL,SIG,ADX<20,247,165,0.0054358386070637935,-0.20469210054980394,-1.0783229171286046,-0.3625912239237714,-0.8787038200547159,2.4234006839598754,7.5637594440362665,0.003747515766651491,2.170934746690178,2.535480046416736,2.0514311325625516,9.440694311912845,0.4238212489869442,-0.1368028489394657
4h,PULL,SIG,ATRREG,411,236,0.0008382234781255419,-0.2292875336921375,-1.7759021251594342,-0.42178002980576146,-2.305837369543462,5.466919262643488,11.463699982576358,-0.051300252400549716,1.9300286767197365,2.3878126560429047,1.9472083634148878,9.65632135810397,-0.7988376424035715,-0.45736173964583404
4h,PULL,SIG,NOWKND,754,488,0.011623896186786066,-0.174134907946311,-2.4645039922180922,-0.4165943637816043,-3.192354186902091,7.662979781876389,19.22900168878653,-0.0103494470638193,1.8438888782785927,2.2798925906597938,1.8592793987826817,9.870666591658017,0.3705760787090506,0.27750297930386747
4h,PULL,SIG,VOL,205,135,0.0372903905554957,0.021032255095613624,0.08557332526692996,-0.33127255650951304,-0.9697156871991797,2.927244252939898,4.938083313639163,0.023938639671440266,2.2247716353261078,2.582857611618533,2.142373176981442,9.242086754703461,0.034881095162808684,0.8819257263293689
4h,PULL,SIG,BTC,632,381,0.021599544895027602,-0.12646861378111557,-1.1854479003546858,-0.34108816489631943,-2.201822483955762,6.4552884285066,13.140382605514977,-0.007302235433462413,1.9156216243260995,2.3909382007658406,1.9708885393746027,9.671546895057414,0.7237689556864879,1.1458351241294018
4h,PULL,TRAIL,none,645,391,0.17651597753245296,0.5812536774977116,11.217998444054889,0.6963534851297764,12.240005875479065,17.57728816880689,19.29966016275063,0.31242037805204237,2.0894889260903278,2.06098120355217,1.7327855612495724,15.433572764515723,16.994028891773706,15.045822865703862
4h,PULL,TRAIL,DAILY,510,299,0.2208514803258678,0.7388417372649736,12.395264941222761,0.654542179996067,10.168945970454857,15.535967400169625,16.776617123860994,0.2868485146432637,2.1173833015284256,2.1197953778136296,1.8507449789111101,14.440884613545645,13.763464588852315,15.571541672998922
4h,PULL,TRAIL,ADX>=20,501,296,0.2008385054796353,0.5913584122151135,10.741214182728754,0.6560544652936574,9.159285571933996,13.961166422111305,18.163627946872786,0.28373991288140843,2.2599977955359773,2.1946857970602203,1.8973060094861118,13.652986732207673,12.688261887331297,13.669422536572085
4h,PULL,TRAIL,ADX<20,184,130,0.1781813214048756,0.24281208465881787,2.9770520188245664,0.14906612242769793,2.034844098010824,13.65061400183527,13.65061400183506,0.21619047814497414,1.842553276201383,2.2153150367864294,1.8559439010895067,11.586792140785484,3.2999360605342254,4.02177752562074
4h,PULL,TRAIL,ATRREG,320,173,-0.030681367575809602,-0.17467553749619052,-3.866501789294663,0.830349459809931,8.178670042572467,9.849672262621311,22.135336434152876,0.15502393489724262,1.242716088243305,2.2263777520904084,1.5218977757195806,13.210628207011688,9.957503213738516,-2.656652451175401
4h,PULL,TRAIL,NOWKND,550,337,0.25678440891375903,1.3417709082328755,16.760299402478253,0.7104314722686349,12.814296771369783,18.03734388406194,18.03734388406192,0.3226815440850614,2.36711334777947,1.9872696774087972,1.782420053779101,16.174046385682594,16.759900984675923,20.441161214503232
4h,PULL,TRAIL,VOL,195,126,0.22349002082567088,0.28470447869786075,4.515957882883104,2.2900741253144403,14.23532069675062,6.216096037850316,15.861913741355682,0.31983452189584416,1.943657442947778,2.705921098099729,2.016220912550442,12.132065804648395,16.1048129307656,5.671156142476375
4h,PULL,TRAIL,BTC,439,251,0.19032828168646354,0.43335291035959383,7.770274613720574,0.8803348175328574,15.856436955593711,18.011825318952457,18.011825318952525,0.3134515204543855,1.7704594206145152,2.6555331100044337,2.0492994810289344,12.738865189694238,19.40239120847391,10.19177764353012
4h,PULL,TRAILW,none,539,327,0.16462653656172924,0.25568695947461084,6.923465005183771,1.0823247250474415,19.478649280213677,17.997047308847048,27.077896422289992,0.35280683580584826,1.5400795014373532,2.058922491787317,1.5236832404232643,17.446114645002165,24.090460769166878,10.266388161443851
4h,PULL,TRAILW,DAILY,423,255,0.26154584899502176,0.6215871301404888,11.782182219807979,0.8207427474058008,13.241057764411202,16.133018301122327,18.95499705269801,0.3208982054129137,1.9835720548717142,2.010904186950579,1.6882404416863876,16.092491922676,16.721314217212324,14.627355991574987
4h,PULL,TRAILW,ADX>=20,447,267,0.15255769201978067,0.1714934709535335,4.824027257402452,0.8732851891272131,13.432428010090437,15.381490694368926,28.12950971590943,0.32720718590685083,1.5378099688577247,2.054109571646332,1.557727603079098,15.776032230917236,16.99891315293447,7.561594300013286
4h,PULL,TRAILW,ADX<20,163,117,0.12782835788749333,0.08992915381811586,1.2724868733835049,-0.17848238659445215,-3.2817029622182137,18.38670484429874,18.386704844298873,0.2086553953098071,1.689692118932033,1.8281619720098614,1.6121536551278157,12.239837285901167,-2.4384416196662095,2.0754829911006523
4h,PULL,TRAILW,ATRREG,304,168,-0.07476127138654157,-0.20511860603735485,-5.898013401147628,0.40405014794728983,6.323165369109285,15.64945688359003,28.754160897883253,0.22090751537120043,1.091039193186335,1.8374426388815495,1.2284234150294218,15.385721764420135,7.8769125628336045,-4.62983769826838
4h,PULL,TRAILW,NOWKND,466,292,0.23927869224818132,0.5553468111761556,11.516820229173419,0.8648063690175979,16.717149759779936,19.330511844830966,20.738068531954333,0.3555561277473463,1.701847253953946,1.9262648379675857,1.5550388286014345,17.84040060713069,20.477993709429242,14.723850975598186
4h,PULL,TRAILW,VOL,182,123,0.15261303211389213,0.11104508246508467,2.1217227946189743,1.4005945497253869,11.55965803751866,8.253393560459843,19.10685955216519,0.34482378817893067,1.7224073517562306,2.439090029959005,1.7967901808350057,12.799626338351777,13.231461574412439,3.066434219823022
4h,PULL,TRAILW,BTC,376,218,0.13933058860793876,0.09385627646071061,2.8043563773899827,0.8798777607551284,15.457943962325738,17.568285791266536,29.879263093970287,0.32279136992612767,1.297022341599431,2.400243966014031,1.6223874185192304,14.901485678314552,18.59818248369156,4.522096866296432
4h,PULL,TP2,none,647,405,0.07334703730330105,0.0172553878231515,0.307645107137966,0.1879250843835996,3.7491910433173015,19.95045555315178,27.766375252188723,-0.07792727395699914,1.60276940454433,2.450617404034251,1.8736148801104922,11.355625367264066,8.520226733728165,3.7984027731768455
4h,PULL,TP2,DAILY,509,311,0.07959877180474098,0.059100083102832976,0.9026655574021047,0.14137185170721378,2.803607049228063,19.831437555436672,27.614972018712947,-0.08246572826954898,1.6060271653595792,2.6051399157162836,1.8479225973285511,11.484202121920251,6.455554753945036,3.6515980824155525
4h,PULL,TP2,ADX>=20,513,316,0.04185164167927173,-0.0991003792146052,-1.976974922609942,0.15188272654661755,2.6860098585184344,17.684761918558355,27.604694933615338,-0.08575142444040999,1.5194453318986563,2.5123789603136486,1.8206456002782694,11.025872629988276,5.739160313263958,0.685702615902728
4h,PULL,TP2,ADX<20,187,130,0.14630747992830404,0.27699300498052376,2.0580691961415765,-0.19388236421480753,-2.462723817974044,12.702154875961414,16.303959640438503,-0.00491749789862008,2.332798773529502,2.1371703224230085,1.888325199021341,10.751760423755508,-1.215978123841932,3.087205693278672
4h,PULL,TP2,ATRREG,325,184,-0.09845794248625114,-0.29667101763286724,-7.609517936935761,1.4452385671983248,10.008322826894677,6.925031655013447,25.649684278740704,-0.09296193428908182,1.0960683609878648,3.4422063107531105,1.5838307771130913,12.056782812066446,12.454873419191227,-6.412039772475254
4h,PULL,TP2,NOWKND,543,351,0.13402274635182704,0.3839697098464644,5.061987352008912,0.25471322184092,4.672429075226914,18.34388117529705,22.121440821634273,-0.06232863990158214,2.5946087339820973,2.5067503305299272,2.104345628226772,11.033719286034527,8.350153886397816,8.368854758746846
4h,PULL,TP2,VOL,193,129,0.06410154734502212,-0.003595676657797031,-0.0339378654706457,0.6774590621697303,5.276794503232973,7.789097228004794,9.438519839389137,-0.016098449417660463,2.154111264031584,2.490921729179533,1.8934632959101982,11.15480822146775,6.872573674785043,1.0773800481717943
4h,PULL,TP2,BTC,439,260,0.12077868081119171,0.16189696345753532,2.8394700074884316,0.7513992219358637,10.841517888231511,14.428439066386067,22.418057304964854,-0.019896514964014962,1.5615224360741515,3.032681429177753,1.8812364803664507,12.507930751275808,14.856828789939037,5.32537776017068
4h,PULL,TP1,none,740,441,0.060903003646021775,0.01821239184773273,0.23692244846365007,-0.02083237918788683,-0.3390778558532759,16.27648252727829,22.019767797311285,-0.1302664662181823,1.8326736038784461,2.533142077225585,2.063675875973093,9.808110798473868,6.292333152187024,4.58652018659258
4h,PULL,TP1,DAILY,573,339,0.05047669320490142,-0.057914429355970874,-0.6999302589034695,0.4976720323746246,5.596548432599202,11.245454975429237,15.822791892502186,-0.1204899328361588,1.5727273609977808,3.2382123173641353,1.9058257253929194,11.043348275135456,10.987553300926223,2.2589518217172255
4h,PULL,TP1,ADX>=20,565,328,0.07224773499147749,0.11417266785475955,1.2491666271529533,-0.07613723250368659,-0.9337438528183584,12.263958409220432,15.308183099522399,-0.1347735523225014,1.8006299865765905,2.7774158479772058,1.9889576027270908,10.282553350781832,4.070794402229705,4.645592199696558
4h,PULL,TP1,ADX<20,201,135,0.052019213920189634,-0.044635677464808635,-0.2871217503165213,-0.03700357591936365,-0.29448856121438993,7.958381153651873,11.611685669467963,-0.04155367395853149,2.059509094704957,2.6876096648702057,2.19055013641634,9.056582210881647,1.1827778942970157,0.8405455019940389
4h,PULL,TP1,ATRREG,350,188,0.0061086753062503316,-0.21392374725655258,-2.402129990487245,1.0737671514607803,5.187198276341043,4.830840903713851,11.832707363563221,-0.14965969472152568,1.7414714570604442,3.656815386169259,2.1613485018595764,9.358076782457402,8.721978998361601,-0.16235343879119624
4h,PULL,TP1,NOWKND,608,372,0.08252851765351052,0.21152131724195367,2.111450682481908,0.023630797924578395,0.3591691497454752,15.199196865540598,17.91410314814572,-0.11172024927973057,2.309404360632135,2.608531727982403,2.203137937334657,9.559418566887235,5.487570326137825,5.9300464996777436
4h,PULL,TP1,VOL,200,131,0.057055181538923465,0.015118585993814593,0.06302112458422826,1.2235220258616912,6.57408479306949,5.373082506168658,5.373082506168625,-0.04625951461682828,2.4010484613487457,2.8215448571025203,2.1140638944357315,10.1188518884899,8.282090118478823,1.4538264472463203
4h,PULL,TP1,BTC,487,281,0.0704650582643353,0.05564544897121203,0.7253010108168256,0.6322896115728026,6.534825075664674,10.335177039220177,16.57756717995811,-0.0794236298346568,1.7890394454383254,3.1748363332306213,2.1409406687011936,10.158616802448584,11.104027373900372,3.2471584633552153
4h,PULL,TIME,none,698,419,0.07424045860637815,0.28884539484203214,2.719363057466606,0.18192833725440516,2.251226777774473,12.374250277604638,14.741419533547518,-0.04370178376623919,1.7547680385975524,2.7039429794526253,1.9632497793971933,11.058606160963436,6.672424480593153,6.310315315922921
4h,PULL,TIME,DAILY,541,322,0.05143858860727471,0.022062244185681475,0.29611389739281346,0.3678371807300489,3.815793098372966,10.373592715123948,14.730581090067075,-0.06615632422019153,1.5474216924632183,2.9258107893665657,1.816598886083344,11.59125473789544,7.07148882049724,3.0027722721746697
4h,PULL,TIME,ADX>=20,531,308,0.08866381962863537,0.34777819735146703,3.353974121983838,0.5807725577118569,4.807094226554676,8.277068471509386,10.068348134981353,-0.06319344392324948,1.7549150679770664,3.1835612874988843,1.9967312519329485,11.23168770170122,8.389395664263466,5.88278125162407
4h,PULL,TIME,ADX<20,187,130,0.06853016328970694,0.06709919356405036,0.5164762212154894,-0.3761736374721166,-3.4845947185008885,9.26326135429727,10.36325521763981,0.011010168733389118,2.0543994070727902,2.148177626400495,1.8732907265724041,10.387619981521679,-2.525551459818487,1.518247120264049
4h,PULL,TIME,ATRREG,329,176,0.003500838939754458,-0.15326620664054125,-1.8504925976165043,2.7997383293379507,8.029494032051643,2.8679444603490367,12.073715649246196,-0.10466845449047861,1.6006639278755628,3.3349722129497756,2.023602129495486,10.367535052287469,9.762633055689651,-0.5964229211400274
4h,PULL,TIME,NOWKND,574,356,0.12733019596878975,0.9798555981248757,6.909472924001392,0.38282712292267357,3.9680070669409373,10.365010286228927,10.365010286228781,-0.020097196896869098,2.3575459517186403,2.56098641655199,2.2308998218541314,10.582493018039719,7.63629328822466,10.015244067692874
4h,PULL,TIME,VOL,196,131,0.04837525232653732,-0.0001881377472521424,-0.0014592026281845527,2.4903551271140194,9.703809491304604,3.8965565134278624,7.756033276134255,0.050002536355431296,1.9835718554913795,3.1363285824336375,2.267154417320675,9.683427408277112,11.314418843009765,0.9365453564056159
4h,PULL,TIME,BTC,464,268,0.1216301225928497,0.42985621548960057,4.887818059383919,0.4844000054160212,4.615091487797551,9.527438968201363,13.489694943284125,0.004204656472647708,1.993127293692671,2.9735185230534396,2.221996727866609,10.323345532674432,7.481933659130924,7.266294641646565
4h,MOM20,SIG,none,2628,1512,0.053908556864834194,0.15330720816561952,3.254002069434825,-0.0743227571586612,-2.1253163883616644,28.595768908634877,35.89386728131233,0.7070376105044094,1.0559428218372322,1.0426720895466683,0.9440819471945021,21.43229172615705,11.091335029271153,14.92968559075123
4h,MOM20,SIG,DAILY,1672,919,0.050526700681585754,0.033827212380283384,1.0787252029478278,0.020651103532701623,0.40430041631989155,19.577666427349516,31.889272778994236,0.5895055940667174,1.106096092374727,1.2978849859411041,1.0794847368094496,18.606034307144437,8.175484726712678,8.065374277782556
4h,MOM20,SIG,ADX>=20,1341,704,0.06319361210180614,0.19765831118390756,4.085014055915126,-0.10730881992586548,-2.9193841364477557,27.205444421666535,27.306440796669072,0.638544476193652,1.1805496810643292,1.364348111064189,1.2294224749691731,16.640650881304442,2.603936803546736,9.680558780619265
4h,MOM20,SIG,ADX<20,1351,848,0.0599595578506138,0.1561932673777117,2.742170082715134,0.14021162552756966,2.1654088282024864,15.443860807224608,17.556263011541517,0.4944502907343097,1.5566240348703535,1.6276039966035492,1.3583762543021294,15.615659597391563,10.234884422788237,8.876027500669338
4h,MOM20,SIG,ATRREG,912,522,0.10101214842905525,0.6078636037731566,8.660857019837165,0.0585981205532029,0.946100501410263,16.145577579596115,16.145577579596083,0.650992003171315,1.8193451117989115,1.4432646962165863,1.361579003828623,16.891880917716385,4.739700123151835,12.336015509055077
4h,MOM20,SIG,NOWKND,2090,1170,0.07484601457654509,0.465086286318008,9.163368816820538,0.6363646616213476,11.712782282736578,18.405771076122335,22.95522190466346,0.6985555202086673,1.4288998828057653,1.7657217806529488,1.4542514896896062,17.395548116186333,23.65795161130415,18.860906314873382
4h,MOM20,SIG,VOL,797,459,0.14905372363047717,0.8948881403004528,12.249605188862933,0.5827263541030423,9.550117297486182,16.388682664243216,16.388682664243102,0.6362375172295814,2.058477604909262,1.7478882905112212,1.5415393465736786,16.933179797647625,14.550269181940045,16.462190172894275
4h,MOM20,SIG,BTC,1799,1020,0.11721180948535936,0.803819170949965,19.407467416188908,0.16413221190475483,3.4295497432341504,20.89504371770913,24.144071350342244,0.6388209388731121,1.8004260901231286,1.3647328930484117,1.4379056431726012,19.032758619499603,12.516986864475754,29.088174391771737
4h,MOM20,TRAIL,none,1123,669,0.1024552751308447,0.22244973386565225,5.372863849229637,0.47396754945353203,12.174019878003417,25.68534468665552,25.685344686655597,0.6945568257984329,1.1420997147884178,1.4461497121912172,1.1222357966363339,21.410081358326693,20.768102575466905,11.291394824682088
4h,MOM20,TRAIL,DAILY,752,450,0.11505722118673796,0.1335674894074374,4.863316220457903,0.29513382248937303,7.006819120512797,23.7411593880098,36.41092785402837,0.5746023270471718,1.2508781006415897,1.356601745106975,1.1036923619743186,20.79097377141568,12.005820528845334,9.515442694796604
4h,MOM20,TRAIL,ADX>=20,728,417,0.12881411829535203,0.2819798924933465,6.556397235130795,0.41432862319778246,8.445774170683752,20.38424018475814,23.251293477549993,0.6498716923844272,1.120635870148784,1.5509447038984538,1.2615925406287292,18.82008481728491,13.655599847271848,10.6522855035875
4h,MOM20,TRAIL,ADX<20,632,396,0.07306373203850504,-0.0012590207509383395,-0.025461022432826663,1.3400259560307077,21.807589661666693,16.274005412748103,20.222877513218695,0.5253998498018114,1.528126848001219,2.219047762642603,1.442552477163558,16.559219271523716,27.79743037770157,3.617006772544573
4h,MOM20,TRAIL,ATRREG,575,341,0.22606361551038978,0.9020244453618744,15.008158618648547,0.31583920334439836,6.954195704404587,22.01815237236896,22.018152372369016,0.6611546100967043,1.9887646045674134,1.42892234876295,1.3580302831083737,19.51915655919879,10.884607875712371,18.566452406719947
4h,MOM20,TRAIL,NOWKND,1057,603,0.145860252700309,0.5211523266044912,11.914677578993803,1.2531778438495655,26.52104299773419,21.163032148945206,22.862178619872108,0.6864279307332334,1.398400790861937,2.0543870776323674,1.5321092307091366,19.05760035931475,35.095781699739504,17.371411476519285
4h,MOM20,TRAIL,VOL,677,389,0.2556723236482785,1.3215222481572644,19.141508941119923,1.9444843744607738,34.99107210886889,17.995038977143896,17.995038977143953,0.6720451515657453,2.2709473777542386,2.4995779805452414,1.90760123997772,17.46337354731239,41.74382231802405,24.66083094698086
4h,MOM20,TRAIL,BTC,826,480,0.1699724999693557,0.3280365933686949,10.952389410034558,0.9907848005718871,18.163387634940655,18.332323653387327,33.387706223752545,0.5966278266061539,1.3958579445660617,1.9728327199516966,1.5610457829919768,17.607521546597916,24.30395461705197,16.679034326377895
4h,MOM20,TRAILW,none,735,438,0.2161678367588085,0.5312354089183818,14.569038930731736,0.5740308170095033,13.720416475374964,23.901881342979912,27.424826519743718,0.660702736194379,1.628612010113255,1.5332486871282032,1.3358073891123263,20.82670363371244,17.452751583717085,19.937528990870888
4h,MOM20,TRAILW,DAILY,558,341,0.1873171458033257,0.21506689906868978,7.6366590144683055,0.3758582975467152,8.615903583693218,22.923276245144898,35.50829554681611,0.543586495137891,1.3292096873984374,1.4515801659394532,1.213168413169845,20.14456620670162,12.492385596699208,10.900851698821512
4h,MOM20,TRAILW,ADX>=20,522,309,0.30895579517292343,0.7354696236272905,17.733999715502513,0.7517850454577304,14.187001497734686,18.871087664555517,24.1124842492332,0.6396176173324565,1.7200793819444986,1.7562264923347732,1.5835549943959488,18.323748188823608,17.787431282440846,20.85108791847139
4h,MOM20,TRAILW,ADX<20,472,309,0.009655268881233857,-0.18515358852030675,-3.887419929623681,0.2883268224307431,5.4796229620665216,19.004901853634316,20.99564993954912,0.47950052432397433,1.0481065782035472,1.6425897593437437,1.1567982433293194,16.707415734281373,7.78377937134862,-1.893062802153267
4h,MOM20,TRAILW,ATRREG,451,274,0.35830952472919314,1.143071274182006,19.734878492452722,0.38166451599344253,8.676178970740311,22.73247474462462,22.732474744624653,0.6396909508173755,2.281476475105347,1.456740945936061,1.4370079121311155,19.885466332135092,11.432007943579592,22.574980940348375
4h,MOM20,TRAILW,NOWKND,694,410,0.33356815116993577,1.161092945867274,27.056402699134495,0.8220063379891792,16.460070926363677,20.024262789297808,23.302529565300922,0.6248029675167287,2.493329863542725,1.8021924950633863,1.7604603902002638,18.64653802762062,20.60197356732656,33.583061690741744
4h,MOM20,TRAILW,VOL,522,319,0.3694139443956359,1.26763550817291,23.225811344455096,0.6603247197300868,13.389728924295884,20.277491549565262,20.27749154956525,0.6517286708452873,2.1546351452476795,1.7161405483078112,1.6630846751665267,18.500022352917266,17.64139214440952,27.7029054009005
4h,MOM20,TRAILW,BTC,589,358,0.5159766586486917,1.2689763102938834,38.82948580887393,0.792425980568991,15.303457324205795,19.312159999117327,30.59906279880148,0.5645160157064829,2.2038903496232853,1.8648355476357084,2.0708992151816323,17.804056376861087,19.694570883309037,44.91556869289821
4h,MOM20,TP2,none,1185,756,0.062428203463767186,-0.0003613538212968617,-0.012537123310674136,0.22581787881641197,3.5452775738102016,15.699720466741617,34.69486849669858,0.2926074769893114,1.2588519896195582,1.8661591702598284,1.4518824608249086,14.285084777064515,16.651338340352638,7.948264464069532
4h,MOM20,TP2,DAILY,824,510,0.04449100200550416,-0.07963855610485612,-2.8457734578552385,-0.2461346688145611,-4.669460779974277,18.97116242284531,39.16141572556177,0.21063032223832018,1.2143361128657855,1.4021398036768467,1.1656947537505602,15.398566749143805,2.2536160946195816,2.771042596651463
4h,MOM20,TP2,ADX>=20,805,480,0.07609193479596749,0.06254833775552823,1.8559644395648167,-0.15736592369087682,-2.1500256386669525,13.662587097892775,29.67248221397827,0.30312025366889567,1.471366205803106,2.265578477102518,1.5911379505144023,12.67431825955525,2.9843435779178584,7.333496587030797
4h,MOM20,TP2,ADX<20,688,436,0.005981297470053525,-0.20596038700980085,-5.90349862060453,0.5992248072642727,9.449276296427712,15.769167400742056,30.418708287293473,0.15049396857618008,1.2381097323651795,1.9803618673991632,1.2814067103162192,15.275841510247679,18.889738382764843,-1.9436538761016475
4h,MOM20,TP2,ATRREG,628,394,0.1333422192723123,0.2820216818619328,7.4455427625586434,0.11444908768607748,1.4908426585100054,13.026252009970051,26.400604072007837,0.3428725401096078,1.8830838442644213,1.8243729570033484,1.664906977809766,13.807633363866433,5.560509828250471,11.50340501494429
4h,MOM20,TP2,NOWKND,1124,684,0.07967830631862821,0.1149785270539975,3.065279736443416,0.2897362443052883,4.221823870854813,14.571265949062195,26.6595843152858,0.28475260127924973,1.720818677915512,1.9963676878084977,1.627145029725478,13.556902619315403,13.331459541389279,10.413916443948178
4h,MOM20,TP2,VOL,698,427,0.10309743419298309,0.17154259325531654,3.746536499445985,0.1526534532048471,1.6700535596128718,10.940162338625981,21.840269686664946,0.2651280519957284,1.709988102283579,2.129477166873103,1.8211964339109405,11.931662033637346,6.502971833168569,8.80283876543233
4h,MOM20,TP2,BTC,880,561,0.11143679954392066,0.19585593179477057,5.386075709266058,0.22667433550830068,3.1390607568337447,13.848328924377917,27.500191900799344,0.25837752601320296,1.6489753228505295,2.6201978772920698,1.803957391361099,12.637112917050054,11.406960862017135,12.313521261453108
4h,MOM20,TP1,none,1646,978,0.021630148972998038,-0.21343361566692348,-9.132797180433894,-0.5682346333478132,-19.2674148983639,33.907498360048784,56.797064240552196,0.20031540411727158,0.8633257395898938,0.806856909238229,0.8203847029308154,14.6897021405335,-10.216439449399894,-0.12503566111300435
4h,MOM20,TP1,DAILY,1072,620,0.055652317254493044,-0.047872649341439755,-1.3013329167128607,-0.5438046864787238,-15.89558269999991,29.230315764521862,45.741611756644474,0.14712077328481485,1.3853744050498638,0.9358501372048246,1.0516492873710868,15.15904401189726,-11.462593549961664,5.197256503154324
4h,MOM20,TP1,ADX>=20,982,553,0.035250817524845324,-0.11067444664723061,-3.245791404258669,-0.5620185761285131,-15.635160485038169,27.819650718205047,43.230095996200376,0.20236355935366243,1.1706012279675597,1.146663867570512,1.1342587467009668,13.388017925050455,-11.510480143213076,2.1851059611381674
4h,MOM20,TP1,ADX<20,853,535,-0.005428843358045138,-0.2691448589683966,-8.432118421564805,-0.3963124198605174,-5.625519755856601,14.194659248469954,36.20338034824595,0.07732915356054913,1.0571091918647724,1.5770981296327922,1.1643674463118998,13.28635944234664,1.4014104859994658,-3.6660147877768723
4h,MOM20,TP1,ATRREG,709,432,0.0638482970653577,0.08618949835565222,1.2847992680996567,-0.5123951060056974,-8.763763317510055,17.10352658483941,20.547232787641967,0.2516788677483508,1.9296586780458087,1.2408537732466827,1.2208634930276758,15.131160138457156,-5.51537210494989,5.3214803285067225
4h,MOM20,TP1,NOWKND,1485,841,0.030635771518099677,-0.17626389949887164,-6.3645156179560125,-0.5731978612597455,-15.888878924340554,27.71971076343651,47.6212510359186,0.18901752449480977,1.0924842472799572,1.0068708766221433,0.9919774528409205,14.071858171724616,-7.790744864726462,2.502638537385038
4h,MOM20,TP1,VOL,794,454,0.0956007308486213,0.22843929109578798,3.735531802795977,-0.5106928318328129,-10.87794227866028,21.300362175871356,23.05053132610695,0.16427127139316317,2.3218337579762833,1.431015354989149,1.5559071024371256,12.194017214882969,-6.365331767715576,9.474447740487314
4h,MOM20,TP1,BTC,1171,690,0.06610470941957372,0.003492573203256262,0.09167742300248971,-0.5303593373733558,-13.886553914300116,26.183292978444218,39.99661672148037,0.20157719530836504,1.4834175459393066,1.1722436650240278,1.2437033199766185,13.614023149378152,-7.991075953652693,7.355796594300568
4h,MOM20,TIME,none,1601,937,0.016542787098542375,-0.1697169287870841,-7.602996025532926,0.07169754240528943,1.3083597742116204,18.248321076554742,44.79810045980241,0.4262663715782936,0.8689420248374838,1.4591136193461767,0.9963034959404137,17.101247763841332,11.332579456625492,-0.7604352372125867
4h,MOM20,TIME,DAILY,1054,612,0.0023352769443372706,-0.191576733601958,-7.305056302633006,-0.5331003209132591,-11.451767585160077,21.4814494306474,48.89515073022197,0.30513014831996604,0.8329608167945907,1.0720009997003224,0.9154731928470039,15.858722652737923,-6.668797713347773,-2.7920154201647285
4h,MOM20,TIME,ADX>=20,917,505,0.028434731009652058,-0.0934874294384166,-2.644947586528912,-0.23637905589897767,-4.5557527059636005,19.27308106311505,28.29201318741179,0.40787263909235877,1.3618416887471472,1.4998254348840085,1.2541443558121435,14.176107333078159,0.36346006024408073,1.1548839791934995
4h,MOM20,TIME,ADX<20,804,516,0.007883752800059247,-0.19477255555227263,-5.018862013301517,0.37612631945860237,5.383704818617674,14.313555154467783,25.76780901739807,0.23663015836868107,1.5970293818664247,2.1656969126400463,1.4877731363699247,12.796687614392466,11.323605977113814,-1.3259889750215748
4h,MOM20,TIME,ATRREG,653,388,0.08134854958593916,0.19845648619458786,3.841710206209714,0.2857660694173076,3.609965597056819,12.632590021683587,19.35794732575731,0.4599080427240584,1.6597355434012442,1.7775356486377092,1.486670779975608,14.778131793447514,7.641317209848109,6.643951850690999
4h,MOM20,TIME,NOWKND,1395,778,0.024322467799193476,-0.13074802831624577,-5.162008900920356,0.06733742982770753,0.9435784861309138,14.01268935486838,39.480586953363364,0.3934491610112882,0.9819920058176987,1.732738634742953,1.222472809845285,14.710432222524783,8.518890038380288,0.8704060066311747
4h,MOM20,TIME,VOL,753,427,0.055202579420015455,0.010136854777424499,0.2541950855537989,0.3973846041375078,5.213754051800112,13.120171233397826,25.076327039814117,0.3525240279754151,1.485497975735332,1.9712893413949348,1.5133213778444843,13.883815264021315,9.79698238318929,4.411520940686375
4h,MOM20,TIME,BTC,1157,666,0.06384707616505161,0.03333736924766,0.8303893145154895,-0.19254939543271,-2.829630937406702,14.695610604477693,27.163215269060103,0.3974717618666183,1.3983948636680816,1.7692425020596305,1.5170685243055244,12.919457839683169,3.36075893316381,6.719572049509281
4h,MOM50,SIG,none,2153,1259,0.06511912481556893,0.1733395558919711,5.1451712165610175,-0.1317654119215072,-3.1931605886513004,24.233678186757157,29.682614508182994,0.67897978747116,0.8755958944059783,1.0347709441802142,0.8987121962510212,23.11770250377251,7.289608336509712,14.890594983455042
4h,MOM50,SIG,DAILY,1340,774,0.011967512545510041,-0.1760919316682302,-6.634802538312179,0.4712494837087201,8.318667374209653,17.65236390020415,39.396003033903405,0.5422502766209574,0.7068362098202655,1.6446844149934978,0.9819972283839309,19.024283869795322,15.812631458755488,-1.6922141186681117
4h,MOM50,SIG,ADX>=20,1107,561,0.11346901711485646,0.48360510108492993,11.111233353764272,-0.029246686276518837,-0.4928948096809549,16.853013877222843,22.975839851227985,0.6209931298980639,1.2835636278590012,1.6590609346505065,1.2817480239587407,18.40211566947627,4.070564942631694,16.26842404973743
4h,MOM50,SIG,ADX<20,1075,726,0.016321024580350525,-0.20299148821265617,-4.641321111379804,0.05029919527962069,0.7877288814197136,15.660864493767978,25.05338626454281,0.48580419231984595,0.8944041910011566,1.4693026636472244,1.0813138324766405,16.6832659427533,7.20240259671745,-0.2829935695809249
4h,MOM50,SIG,ATRREG,763,422,0.2605674621714064,1.556656758872872,26.292744238142873,0.18899247368564512,3.1584941944410305,16.712275006752996,16.89052136142116,0.629294547680255,2.5210332483616975,1.7126591070844188,1.9662821518449356,15.07070830644639,6.583463141320567,30.57426489193096
4h,MOM50,SIG,NOWKND,1715,959,0.09682622442855458,0.47780622742946144,12.054383235605615,0.3750378922916947,6.350221660411459,16.93221349343661,25.228602189755268,0.6751592775846725,1.1566896480515518,1.5875442761310208,1.2138703518052913,20.861401353469343,15.19341368886835,20.408012101889007
4h,MOM50,SIG,VOL,639,353,0.27577646180698756,2.1112898935089297,23.014545641276097,0.20287294584343182,2.496016833062753,12.303349875882741,14.72592819830939,0.632657773556927,2.2798362814501116,1.9198904411707658,2.1409130726947767,13.260281189784584,5.58676004304961,27.10668530937983
4h,MOM50,SIG,BTC,1443,855,0.15050174668994912,0.7100495826139634,22.463025562174277,0.4172824028961192,8.272613450429066,19.82497558730868,31.635854892667226,0.6104124630700926,1.4945181425801843,1.6236296015658918,1.4761586771697537,20.037068338809462,16.626275124382218,30.402176213244193
4h,MOM50,TRAIL,none,1003,618,0.12960224237810813,0.3995560958286922,9.477513796271841,0.45930937496944985,13.190616982557657,28.718370887672407,28.71837088767234,0.7099095644669149,1.262361630445088,1.3462941210427801,1.0978077145469503,23.423239064467303,22.801852990539405,15.572186129595945
4h,MOM50,TRAIL,DAILY,654,406,0.059469131916403815,-0.019217617519248806,-0.7484487629474734,0.7779902348463806,17.51207526996279,22.509376706277894,38.945970393978854,0.5522422579501277,1.0389345178666272,1.7024894255399323,1.1325592939202076,20.13087280448954,23.9187665711577,2.503377128804618
4h,MOM50,TRAIL,ADX>=20,668,365,0.15067506952213036,0.46035937267069765,8.559865800695544,0.3994804906197842,7.645655440369525,19.13899582056555,19.138995820565597,0.6585285284933322,1.3966344060103855,1.6231219214501347,1.390454606323063,17.48453370771471,12.931535491425983,12.309932259651601
4h,MOM50,TRAIL,ADX<20,531,352,0.16539179587356495,0.45001953638824227,7.979926637436763,0.5360335929081137,7.663478610575103,14.29663870318062,17.73240046750392,0.5109543024062639,1.622681010081877,1.809737098816721,1.5364672991348083,15.813871706839366,11.612608617204367,11.584887881906614
4h,MOM50,TRAIL,ATRREG,501,294,0.33790657577373256,1.7885600989151882,21.95049743754558,0.7022367557677623,14.674897771234008,20.89736495662321,20.89736495662319,0.6920344956531057,3.011813965695539,1.6790822642477352,1.576949543082204,19.330290711917797,19.010309923752054,25.54700724667065
4h,MOM50,TRAIL,NOWKND,929,547,0.157494267046813,0.5695095127724735,12.458045432170483,0.7612341100241022,17.182763733485572,22.572246181850065,22.572246181850055,0.6974335489424447,1.4326936454297732,1.6761742110684246,1.3664235498686477,20.200906450669663,25.878649109304753,18.27575930232115
4h,MOM50,TRAIL,VOL,554,308,0.31586388083407635,1.4734616090385084,21.44821423214365,0.8380915980607968,13.97994036450607,16.68068311011983,16.680683110119798,0.6722981767534953,2.382131193104149,2.1830216379434755,2.0501732750325834,14.7294698232169,17.96466616514254,25.83454121755018
4h,MOM50,TRAIL,BTC,722,442,0.16416722342078496,0.33996189234172025,10.170933984274422,1.6222270378188073,29.363512618961927,18.100741717659407,29.91786495308386,0.6181131399933621,1.3490301618419984,2.3387062329435415,1.6663914261904063,17.48525678187193,37.23831187766391,14.346355828732694
4h,MOM50,TRAILW,none,733,482,0.2366337965235418,0.7819349825188787,17.371422981183148,-0.06415190148167875,-2.289961230828108,35.69592136691539,35.69592136691543,0.6808994609928093,1.6611935618276183,0.8203793511794255,0.9338658671504406,27.231640702266013,3.1647201070503117,21.809878407411887
4h,MOM50,TRAILW,DAILY,493,325,0.1111617474200817,0.05755957651345834,2.2201074150019373,0.81770529745677,16.366450098477415,20.015096085815276,38.5706002281452,0.5305272944705474,1.1640637524358013,1.8027416236216494,1.2743010567777926,18.714748409350047,21.47666917770561,4.144363439040855
4h,MOM50,TRAILW,ADX>=20,541,322,0.3115322036225801,0.957165892020595,18.740459904431205,0.018875740521467482,0.4306935431512615,22.817305772000385,22.817305772000452,0.6338111438631983,1.8992934983428535,1.2257674599182757,1.3525815811584925,19.594449501151523,4.425156241411199,22.273786444117217
4h,MOM50,TRAILW,ADX<20,421,296,0.08717210037787479,0.03450306135562232,0.760563557027627,0.008196593810403302,0.15551201662387104,18.972761151893568,22.04336447680728,0.49880516788598045,1.1984275880529978,1.3170466208466256,1.0942597171041106,18.307577529925247,2.6417219790475954,2.987755456539465
4h,MOM50,TRAILW,ATRREG,437,254,0.5480677864047862,2.3458492455188975,32.90114756828779,0.44974560675033,9.736858873726728,21.649703137916386,21.649703137916433,0.6496599945080223,3.525434173814758,1.5020410114890916,1.684959518982875,19.71518098931978,12.69172454551326,36.64649839469077
4h,MOM50,TRAILW,NOWKND,688,442,0.27952365664213513,0.9506694214333611,20.766478989809144,0.250538040330847,7.200065848166948,28.73841369022816,28.738413690228082,0.6751442290895514,1.8647179156080063,1.2026914738743575,1.2245970215600417,23.41464804121818,17.55796023729519,25.428261144800103
4h,MOM50,TRAILW,VOL,471,284,0.4623499613296181,1.6952986680617115,29.041779804229662,0.06643606326027598,1.5038645854690946,22.636268792408988,22.636268792409066,0.638929646745702,2.3700460451085084,1.5166877537458123,1.8493714707528928,16.31604568429531,4.265656905264192,33.06870219737408
4h,MOM50,TRAILW,BTC,535,365,0.5283605066093588,1.1754433839991185,38.06308484011536,0.7235390021596222,15.706116170442597,21.7073525042367,32.38189551130597,0.586522468010416,2.2068518339498646,1.8449843100018242,2.019732821558132,18.101713369350712,21.431022939702228,42.65654823519378
4h,MOM50,TP2,none,1023,664,0.050693271545694155,-0.048598394118188386,-1.327380947330603,-0.26130617673087697,-5.115769123759117,19.577681583194728,27.313267679226026,0.2791035551298655,1.4704163384577773,1.3611438417210395,1.1782696724291966,15.58646176112346,1.367126081891401,3.90912167277504
4h,MOM50,TP2,DAILY,669,443,0.020143252757883267,-0.13800629452097962,-4.254341122654637,-0.2812615276685152,-5.446419867115681,19.364254728555117,37.85414358301094,0.15022635909774618,1.3123389685870845,1.6072062115473857,1.3130066584168296,13.127915245630117,-0.5895242470501438,-0.6953110322916123
4h,MOM50,TP2,ADX>=20,706,399,0.05616776812647472,-0.006778793172395336,-0.1456474729401358,-0.4193896157931622,-5.244109561960409,12.504147371514174,21.485752586941697,0.2499363830779428,1.288191017533961,1.9151881364120933,1.3788578812944576,13.598888402849397,-2.151698291792259,3.936688000476618
4h,MOM50,TP2,ADX<20,562,390,0.08570442112818279,0.10318134565964356,1.7251512985060113,-0.1358879121980182,-2.2910068311030485,16.859533670401483,17.50873269259251,0.14395194880234588,2.1911541851981124,1.9610060586177402,1.7152672858216755,11.773215393931391,1.9042768329711857,5.4278561623082755
4h,MOM50,TP2,ATRREG,536,319,0.1367919025069072,0.49265715827172507,6.476823460304648,-0.0011323403610925074,-0.020982769674826596,18.53044402177977,18.53044402177971,0.33156316172932015,2.568866916956504,1.4251365743246531,1.3088781898321156,17.044024516271918,3.200203508770594,10.619333814549536
4h,MOM50,TP2,NOWKND,935,586,0.07843135738881835,0.10415064428898915,2.2314096203263523,0.17158923410289206,2.4892669280934143,14.507127682618748,21.424827811288516,0.27585100971340193,1.5370836206720655,1.9588523493034047,1.6114512953759499,13.247281847266612,9.253212243426056,8.017631843785145
4h,MOM50,TP2,VOL,557,314,0.20829323898260035,1.2309450619398992,12.315635423844595,0.09270120448204358,1.1962457328269505,12.904317042166003,12.904317042165992,0.2886530809419044,2.8664416129458896,2.0874802090909643,2.0605247956214754,12.009622993668678,4.7023986272886065,16.4841318174487
4h,MOM50,TP2,BTC,736,484,0.11538613215038568,0.35694741114651307,5.108243267245172,-0.12490279754209122,-1.881686535369187,15.065207284369064,15.065207284369075,0.23680549828972214,2.002289908562945,2.1191490404120987,1.96071880930567,11.008269855770125,4.022706708564439,10.003134843008631
4h,MOM50,TP1,none,1393,848,0.03214996697648969,-0.18005296187592224,-5.579560489779157,-0.4422408496137543,-9.422691502338976,21.306696363686427,36.90705741945101,0.20517339582140215,1.1070439238593859,1.162078199458123,0.9927176821824407,15.85344160511466,-1.0770786023334922,3.292477036698682
4h,MOM50,TP1,DAILY,871,531,0.03337363344988624,-0.12868973878294196,-3.5786604635770214,-0.46569488998950787,-10.450461415373336,22.4405756644845,41.2096070299359,0.09972384464573818,1.252392923339527,1.3310348181671163,1.2204574992746893,13.395458576908892,-5.703725923619696,1.6168614837282824
4h,MOM50,TP1,ADX>=20,824,450,0.0649639640480086,0.05845344169178925,0.9052692626430936,-0.3471533255196329,-4.465195643234299,12.862315625381427,15.487013877067458,0.18209582015825515,1.431788149289789,1.7544983120822342,1.5271641527369917,12.66154121044858,-0.9588536028320327,6.883550794178994
4h,MOM50,TP1,ADX<20,704,479,0.021697506829428184,-0.202987195655725,-4.193175072214261,-0.5092932842128624,-8.21159178635983,16.123502981295434,29.029265791869797,0.1151271931336608,1.5972582861613056,1.541814394236028,1.326165325130479,12.495862524778033,-2.749601292669024,0.18955435421603717
4h,MOM50,TP1,ATRREG,594,356,0.11735949537673662,0.5853490173625928,5.661310508325701,-0.29052496122184157,-4.489047174951477,15.451502535521177,15.4515025355212,0.25346450823346234,2.3591386575532662,1.393734415803548,1.363679404685415,15.454420521606805,-1.0343263048545714,10.730077499197144
4h,MOM50,TP1,NOWKND,1239,720,0.0465915251339071,-0.12525831694684392,-2.668327220031641,-0.46711250308218205,-11.221263146458927,24.022613551161353,34.207520417357586,0.18489020044560764,1.3831819630355902,1.0990642817523897,1.050554861063881,15.686109561332485,-3.079884422445145,6.075675534311986
4h,MOM50,TP1,VOL,625,342,0.12099963272668038,0.5215651084179456,5.143920579069738,-0.4260699217088933,-5.576353246096122,13.087882908350645,16.54908111239658,0.1963769921212651,2.0142723199213544,1.7909003511456467,1.7745308966123077,11.651949105817671,-1.7778818700744492,10.557710584649072
4h,MOM50,TP1,BTC,965,595,0.059801618633130875,-0.025746137094381064,-0.570292014316276,-0.35531628288944656,-4.807967496015431,13.531514674522771,27.61780607101726,0.1752223779613712,1.5310498294469381,1.9501651436839285,1.6583137941761283,11.303820079458626,2.4707158008731467,6.382353425568876
4h,MOM50,TIME,none,1337,782,0.030069452547870145,-0.13317534635174264,-4.1548249078791955,0.34908638344368514,7.2358412851809994,20.727939067117152,31.19815357495279,0.427638784463982,1.1304441099081737,1.5635693468013652,1.0740744519349463,18.260992833343405,17.415229480735395,2.253709623962097
4h,MOM50,TIME,DAILY,861,515,0.0034150820280320075,-0.20086019986580536,-5.976019228027408,0.2115442197830264,3.3526094200019285,15.848267673967097,30.642415111333932,0.2828714311680467,1.192908602966563,1.871324143856843,1.2914648944579878,14.107409778864099,9.821769393623846,-2.348899927288761
4h,MOM50,TIME,ADX>=20,754,402,0.020021884033283883,-0.16391447687973137,-3.0455408380392623,0.4487100354628967,5.085107084321172,11.33272421481568,18.580060138762853,0.398556150896851,1.1294078506086116,1.9654387797967954,1.412247185663779,13.904616041919082,10.37831278657002,0.16876152093066032
4h,MOM50,TIME,ADX<20,682,441,0.027750147845991377,-0.0986749844561715,-2.556212668869118,0.0752278219503105,0.7341069198974814,9.758449744595477,25.90537696009987,0.25669368992777375,1.5620386267274913,2.027081739447441,1.5571584348598282,12.238068136621816,5.195804038118923,1.06928858039943
4h,MOM50,TIME,ATRREG,536,317,0.11605431849464472,0.4350233336991517,5.86620371663491,0.7116905789779902,8.312071994302661,11.679334024962163,13.484802451290555,0.46825748660773864,2.18777302877826,1.9830226184977104,1.6128177044203669,14.691855319974255,11.955408606695883,8.353958890426982
4h,MOM50,TIME,NOWKND,1144,652,0.06675974876849296,0.15196182615033127,2.520838226108446,0.6269089048527687,8.611861444204983,13.737022041866675,16.58862814411467,0.4162860457977831,1.874528095997952,1.9209783470899764,1.4731145587949752,15.29582733278173,16.82765820455032,8.314288098264932
4h,MOM50,TIME,VOL,597,331,0.07941091652796363,0.2230534834419657,2.2342489103497343,0.3943163601172463,4.693524317394782,11.902940867072331,11.90294086707241,0.4242102833120311,1.9534744744136516,2.1460051813681997,1.714749924870217,12.603403257959089,8.24007723892426,5.41033473594994
4h,MOM50,TIME,BTC,939,565,0.07136429535376297,0.13487227750986044,2.3219355145905007,0.8185081791008203,10.780675011044272,13.171126796664979,17.215810079434192,0.38553482869053685,1.641550218778355,2.5309906012211507,1.8848281385507148,12.159190592319346,18.224425698035994,6.917870562508233
4h,DMI,SIG,none,671,375,0.26573444818274267,1.606483102312046,23.211903017800207,-0.10940044443715104,-2.2100868984868405,20.20180914124625,21.51809787321267,0.5551659673127971,2.3821556291144694,1.915391083882135,2.1712730355137126,12.664834941481207,0.7192192476716874,27.26586702672673
4h,DMI,SIG,DAILY,465,254,0.1588845181735861,0.7340758304824863,8.216978937776886,-0.14742682264706747,-1.4932564665706471,10.128797730013005,11.193637764066022,0.4417887508907252,2.0696480430749196,1.9936784021322855,1.9303013701387592,11.676851279276502,0.3319143017949111,10.194546399580062
4h,DMI,SIG,ADX>=20,671,375,0.26573444818274267,1.606483102312046,23.211903017800207,-0.10940044443715104,-2.2100868984868405,20.20180914124625,21.51809787321267,0.5551659673127971,2.3821556291144694,1.915391083882135,2.1712730355137126,12.664834941481207,0.7192192476716874,27.26586702672673
4h,DMI,SIG,ADX<20,0,0,0.0,0.0,0.0,0.0,0.0,0.0,0.0,,2.084488595212908,2.644648319384238,2.15774666058655,9.254368071626018,0.0,0.0
4h,DMI,SIG,ATRREG,397,242,0.32324003577618354,2.0009093178612956,18.057437548471867,-0.17955472638516232,-1.9829276255948103,11.043583566501269,14.577928019411402,0.5263633697571398,2.690043376556427,1.997255434404605,2.253948539378096,11.466730799089309,-0.33267532034430003,19.868170067452407
4h,DMI,SIG,NOWKND,606,334,0.20401220050794208,0.8318828804614913,14.35460574486056,0.19890056016363913,2.440301715719606,12.268953459517284,17.25556094735027,0.5372593118915837,2.1263961708954597,2.4177019967692144,2.131670159125795,11.962307278491835,5.342123215201289,17.725188561255734
4h,DMI,SIG,VOL,381,208,0.3098066464575908,1.277240056143595,15.794275650503685,0.4733573222428787,5.480971427282477,11.578930270503351,13.050184692277156,0.5382321696600294,2.5923725455998126,2.5278387420066593,2.455939658438797,10.85707683508561,7.566701461357672,18.105737445437107
4h,DMI,SIG,BTC,521,270,0.2200935859397574,1.3619312683424838,13.920384536075204,0.060425953267024116,0.8359521620191046,13.834323114854419,15.092189621274798,0.5381030942877703,2.1762627858654406,2.1402386722417406,2.1577887913962317,11.58602934336146,2.9478160937583597,16.414442547491515
4h,DMI,TRAIL,none,644,343,0.09822443132540461,0.1203909569832719,2.9481730293870356,0.22496123763795403,5.45606799144589,24.253369374801913,24.48832622699958,0.532738000837853,1.1210294154103169,1.8148765591082943,1.2901273267541205,17.009884354781125,8.63883990313008,5.792789112959151
4h,DMI,TRAIL,DAILY,395,219,0.10748066958485988,0.11743715413337907,2.629336100344659,0.6410653199127851,5.209498157940495,8.126314115150123,22.389303621564217,0.4617293235925683,1.6532786963804413,2.116111471729419,1.6915175286230137,12.902108163112946,7.463291296679975,4.3979083268450125
4h,DMI,TRAIL,ADX>=20,644,343,0.09822443132540461,0.1203909569832719,2.9481730293870356,0.22496123763795403,5.45606799144589,24.253369374801913,24.48832622699958,0.532738000837853,1.1210294154103169,1.8148765591082943,1.2901273267541205,17.009884354781125,8.63883990313008,5.792789112959151
4h,DMI,TRAIL,ADX<20,0,0,0.0,0.0,0.0,0.0,0.0,0.0,0.0,,2.084488595212908,2.644648319384238,2.15774666058655,9.254368071626018,0.0,0.0
4h,DMI,TRAIL,ATRREG,392,223,0.16256928784529884,0.33605139328116723,6.743133841242943,-0.08766674915128232,-1.5201361370073663,17.339939620484156,20.06578153241312,0.4792201266903952,1.6314229978517156,1.655949532034006,1.5675739526817065,13.998830537877549,0.288735279641017,8.568193095421783
4h,DMI,TRAIL,NOWKND,582,308,0.06390516433328582,-0.0098644085771893,-0.29735560383582493,0.8773578149603394,13.251506175189022,15.103878884110756,30.144291115783396,0.5235129656295556,1.1992133590788931,2.423050593156631,1.5487183253536743,14.339034348970713,16.71089550670093,2.044589212206227
4h,DMI,TRAIL,VOL,402,220,0.14112595833382005,0.21742286920678752,4.755417419315489,0.3258734961564144,7.023025369642455,21.551385591271,21.8717443876278,0.5254258539269977,2.0432613954923324,2.1600685222965135,1.7494179357963526,13.11193742388561,9.250422925043967,6.913303177972452
4h,DMI,TRAIL,BTC,451,239,0.07074286532968596,0.005768147021434145,0.16099724712821395,0.7650471071717392,8.554064066199851,11.181094583604011,27.91143265418795,0.5231994174989065,1.198534496270416,2.3772589239755932,1.471394229836827,14.590692409392458,11.292348476834979,2.067587724370612
4h,DMI,TRAILW,none,460,258,0.6008951769542334,1.9920589687337924,39.90937700990636,0.2553262315537438,4.501639199444996,17.630931111351334,20.034234747214263,0.5147537594528997,2.905479428949106,1.947484099156367,2.513157463355301,13.774362456015632,6.817259657261876,43.945642874648904
4h,DMI,TRAILW,DAILY,338,185,0.1763794480163795,0.170032875216723,4.648622111935974,0.4475314460783371,5.1853533621647685,11.586567620227317,27.339548931410263,0.4187198347880526,1.3008703828142019,1.9806925157379187,1.4585357145891507,15.53856586606418,7.102579021005329,6.210346334016803
4h,DMI,TRAILW,ADX>=20,460,258,0.6008951769542334,1.9920589687337924,39.90937700990636,0.2553262315537438,4.501639199444996,17.630931111351334,20.034234747214263,0.5147537594528997,2.905479428949106,1.947484099156367,2.513157463355301,13.774362456015632,6.817259657261876,43.945642874648904
4h,DMI,TRAILW,ADX<20,0,0,0.0,0.0,0.0,0.0,0.0,0.0,0.0,,2.084488595212908,2.644648319384238,2.15774666058655,9.254368071626018,0.0,0.0
4h,DMI,TRAILW,ATRREG,309,183,0.7100508546610258,1.5427012033400693,32.226064965468424,0.3042220392333505,4.23365780517746,13.916341550554378,20.889375658550378,0.4736773380962296,2.60822307164588,2.007290296665202,2.3839507094401857,13.463071324532583,5.899412691247696,34.87570776688849
4h,DMI,TRAILW,NOWKND,435,231,0.4489468968855819,0.8898461386525617,25.392505280576927,0.7164165853686424,9.711672674315054,13.555901514085933,28.535838025916714,0.5025301610774078,2.592488835998403,2.5224663004526278,2.5463057071367596,12.178054664685313,12.132238483247825,28.299139988314415
4h,DMI,TRAILW,VOL,327,180,0.6955026305683056,2.197864540225807,33.224863258105785,0.32683070592956437,6.082265497562034,18.609834961078686,18.609834961078665,0.5044846586081166,3.258324386200012,2.206972333048849,2.608225584716014,12.576104341000216,7.862366772426865,36.30581277419618
4h,DMI,TRAILW,BTC,375,197,0.4151503201095416,0.5636901337368151,17.751185630924304,0.4516085999307907,7.110631998130845,15.745120883925933,31.491034823065167,0.4752242226362641,1.6831761704531785,2.018480444116532,1.6983432285018891,16.419409057957544,9.235035137271375,20.206335696490086
4h,DMI,TP2,none,703,381,0.11599359047426441,0.2864929039483029,5.580543381653458,-0.2240032449761789,-5.332891893100166,23.80720821105641,23.80720821105651,0.1639846105126214,1.8423566762940182,1.693364188828553,1.6825466742633508,12.500082230300091,-1.1750522383897954,10.1380187535419
4h,DMI,TP2,DAILY,405,228,0.12498590316352849,0.18235461694824906,3.620375594150582,-0.4914970842021064,-10.577819466891313,21.52163218641121,30.579356828770386,0.13418106464883087,1.9038350995054094,1.526036462661102,1.636750280303203,11.628528104628211,-8.485962605402865,6.768502995674908
4h,DMI,TP2,ADX>=20,703,381,0.11599359047426441,0.2864929039483029,5.580543381653458,-0.2240032449761789,-5.332891893100166,23.80720821105641,23.80720821105651,0.1639846105126214,1.8423566762940182,1.693364188828553,1.6825466742633508,12.500082230300091,-1.1750522383897954,10.1380187535419
4h,DMI,TP2,ADX<20,0,0,0.0,0.0,0.0,0.0,0.0,0.0,0.0,,2.084488595212908,2.644648319384238,2.15774666058655,9.254368071626018,0.0,0.0
4h,DMI,TP2,ATRREG,418,244,0.24028539178392433,0.7936002364117365,12.123041964204573,-0.16467051386527076,-2.962271639666836,17.98908359568545,17.989083595685518,0.1845096192352316,2.2122266692328294,1.7019886150409476,1.797724397637296,13.265574700846262,-0.892280663569045,14.811077891933365
4h,DMI,TP2,NOWKND,633,336,0.13439078105404406,0.370780889407379,6.9996361720593425,0.05252571893488358,0.8055951314267951,15.337155735564433,18.878093159674158,0.15928655697755054,2.1258807971404434,2.410378656728115,2.203950947019746,10.381913665176912,5.154229513346409,11.20451241742213
4h,DMI,TP2,VOL,405,229,0.25871569176077003,1.1665232001245824,12.171140737985485,-0.2434567662407628,-4.048880813839395,16.63080010614828,16.630800106148335,0.18422103969563206,2.7737472739268165,2.2407633247305716,2.4163660790292827,9.773608905582176,-2.1053408812618635,16.073376144462003
4h,DMI,TP2,BTC,471,253,0.10216140937724585,0.1307587874838696,2.2906332515462813,-0.5242313533184494,-15.210898572370146,29.015621587841466,36.936259809551395,0.19820327903007295,1.7263006391610782,1.3230149418518393,1.4347030773974738,12.130796174242453,-13.158193727196144,5.81024374627328
4h,DMI,TP1,none,810,425,0.018952444274487484,-0.23076248855672613,-4.6852330840980505,-0.30206645021135986,-3.0806528774305675,10.198593307118331,25.59440133872879,0.08030040214941406,1.422748969151384,2.202799913386665,1.599860601623319,10.965132363156716,1.0511798601818612,0.32283906417012176
4h,DMI,TP1,DAILY,429,233,0.07413010739622146,0.06742497076775686,0.8560205679768229,-0.3377336788843928,-4.898161503034748,14.503029485286845,23.168124646462584,0.05406582336927097,1.902857363155356,2.431780129610605,1.9549353066266313,9.862233898486462,-2.4358592260523837,3.5262169606600002
4h,DMI,TP1,ADX>=20,810,425,0.018952444274487484,-0.23076248855672613,-4.6852330840980505,-0.30206645021135986,-3.0806528774305675,10.198593307118331,25.59440133872879,0.08030040214941406,1.422748969151384,2.202799913386665,1.599860601623319,10.965132363156716,1.0511798601818612,0.32283906417012176
4h,DMI,TP1,ADX<20,0,0,0.0,0.0,0.0,0.0,0.0,0.0,0.0,,2.084488595212908,2.644648319384238,2.15774666058655,9.254368071626018,0.0,0.0
4h,DMI,TP1,ATRREG,459,266,0.06463848741742513,0.10024889050924406,0.9362388767558016,-0.1841669437116833,-2.0161917144366326,10.947630849502598,13.497625288591376,0.09213716308068444,2.1193009111912153,2.32483126365069,1.9950411721271495,9.986053991135513,-0.19826104282325563,3.44293694643254
4h,DMI,TP1,NOWKND,723,372,0.03559015192307297,-0.15221378406343847,-2.3795097809108823,0.002258397637724898,0.020019831010120726,8.864617406476139,19.433702211367176,0.07324470252132419,1.7424695427070405,2.5080329099470706,1.9525106068749098,9.784976139025915,3.8921831564309395,2.301540646490152
4h,DMI,TP1,VOL,438,248,0.14863410857549758,1.0975035181124138,5.584402892239559,-0.09196070710278717,-0.9091587624550423,9.886382903068036,9.88638290306797,0.11748545934594772,2.621235865214562,2.6279542363761768,2.407539074289197,9.09928967550927,1.4595257989929555,9.69040135909447
4h,DMI,TP1,BTC,496,263,0.07521117332026196,0.07766598153431102,1.022061988556744,-0.36047268787325193,-7.203936062511717,19.984693167779575,26.645348540814094,0.11003676367151613,1.859407487455158,2.2077743359337574,1.8885671046725754,9.959953468130012,-4.571708386412099,3.926180700572024
4h,DMI,TIME,none,720,382,0.02586599586548933,-0.12712644265396797,-2.4771123849643084,0.03611665572046255,0.6642527703446977,18.391868158721934,24.064233927550184,0.2697339647333264,1.2846344049810452,2.0641198855019973,1.5192541363120362,12.568974817542689,3.9982465861571947,0.5262459240118922
4h,DMI,TIME,DAILY,416,227,0.03818031464241911,-0.034234643923652365,-0.6514937391463804,-0.4087801126191657,-4.97276018639512,12.164877969559939,23.998209157721885,0.16984272867763017,1.5698332087572,1.925615599165235,1.683564881059689,11.062743987746204,-3.2516936623567028,1.0655917244940971
4h,DMI,TIME,ADX>=20,720,382,0.02586599586548933,-0.12712644265396797,-2.4771123849643084,0.03611665572046255,0.6642527703446977,18.391868158721934,24.064233927550184,0.2697339647333264,1.2846344049810452,2.0641198855019973,1.5192541363120362,12.568974817542689,3.9982465861571947,0.5262459240118922
4h,DMI,TIME,ADX<20,0,0,0.0,0.0,0.0,0.0,0.0,0.0,0.0,,2.084488595212908,2.644648319384238,2.15774666058655,9.254368071626018,0.0,0.0
4h,DMI,TIME,ATRREG,414,233,0.12792454067793868,0.41299194594898775,5.444689946476022,0.1121455160052657,1.1175845011851315,9.965485388935713,13.183525731876,0.3094105496194215,1.9723309328382992,2.2118037558188663,1.9652021557365353,11.28555360568062,3.1722495967106967,7.354613093494455
4h,DMI,TIME,NOWKND,642,331,0.040984850857977914,-0.04938756570657949,-0.8204685475489248,0.19376009157656776,2.4362794102290586,12.573690435454399,17.641758018838548,0.2636396081973059,1.6931863422713165,2.4319168767686308,1.8927659295737873,10.619687672586785,5.5327968735325195,1.9418272194431818
4h,DMI,TIME,VOL,418,232,0.11385643797238532,0.36659089590574895,3.8636243681168914,0.22647701442675394,2.5787709203412,11.38645759203618,11.386457592036326,0.3245836160061412,1.8429660834591464,2.483714419608123,2.0387265714936014,10.731560803095253,4.815986893485236,6.017639706536904
4h,DMI,TIME,BTC,475,250,0.08206479189104902,0.14908894675313575,2.1374754698793907,-0.1889912432490249,-3.339623239978151,17.670782955682697,22.535126303745933,0.3094457885310118,1.8678157741896888,2.175773057449671,1.956472953123993,10.207659282933413,-1.238034530344978,4.303311724348102
4h,KUMO,SIG,none,1566,920,0.156245068678651,1.224398440678428,26.03260441011004,0.354405595020736,8.424079606224023,23.769601057599377,23.7696010575995,0.69220212592691,2.0578010874701556,1.4013422344935067,1.4894247495572854,20.570090776971504,17.368885947926206,35.312300085724566
4h,KUMO,SIG,DAILY,946,541,0.05584639881875281,0.007267459349600584,0.20973759833888828,0.42399616087245384,8.152223824186411,19.227117074389632,28.859824080118912,0.5406039771390917,1.1401731371728223,1.6526289535896912,1.2227807754117048,17.499139334578707,13.503884006591015,4.122591771408324
4h,KUMO,SIG,ADX>=20,771,410,0.2361706236647003,1.7848179893734513,23.27605187660522,-0.1954831767654489,-3.9390094273161314,20.15011978264689,25.096607906532377,0.5837153405859473,2.505895133931394,1.593890080800528,2.0092608158189926,13.477121305491702,-0.6333168586244109,27.498443594684673
4h,KUMO,SIG,ADX<20,837,535,0.08439405588335097,0.24640503802218314,3.7581421772566515,0.6017548350590965,10.564369900112048,17.555936877639798,22.578825222971076,0.5046858619658645,1.5507007140879447,1.766759543014603,1.3523607410623917,17.219018482378278,15.855784072121605,7.913968722144271
4h,KUMO,SIG,ATRREG,548,324,0.3568610816114613,2.6572403219190246,27.651849411104056,0.1929947236370903,2.051228286657669,10.62841640435116,12.806390642032051,0.5520621588339139,4.129473520270029,1.9054065797488289,2.259464106748108,13.250094959011271,4.399491491819751,30.792507134186753
4h,KUMO,SIG,NOWKND,1259,715,0.20486050486612156,1.5377386101747537,31.38174149007147,1.0018230443685534,17.35713877071159,17.32555351793864,20.407721626047447,0.6765063318930887,2.3359423226637848,1.9669332573797904,1.9784206937041422,17.318378219009045,25.254409457852557,39.352036088785944
4h,KUMO,SIG,VOL,560,325,0.39687131967888545,2.3289484240876996,31.00228958474116,-0.2298047045478489,-3.1214787928884435,13.583180549023544,17.62799172823486,0.5800211963430221,3.200109960737001,1.5802762027309922,2.138263174992866,13.938439537331293,-0.46815392536710965,35.192559428437775
4h,KUMO,SIG,BTC,1014,600,0.2733285710871257,1.5853608920100477,36.272078637794515,0.6898093916223516,12.416665004517725,18.000139104101166,22.879382745341893,0.6246949535954712,2.4493479138069945,1.8089576894505528,2.0179558186912905,17.336595863225302,18.73526469139215,43.26914905376593
4h,KUMO,TRAIL,none,923,546,0.1186869988719589,0.286539838552442,6.461235129692056,0.5642168329988413,13.572285264452223,24.055087460462378,24.05508746046232,0.6884985373629906,1.2999244937514793,1.517885919478519,1.1776465716453088,20.958367180390304,21.85413572978665,11.938242765194573
4h,KUMO,TRAIL,DAILY,549,328,0.0788788624015842,0.019825484950913786,0.5754451697578045,0.3337961655677008,7.925434594098046,23.743336238206737,29.02552806060269,0.5554682209024483,1.2158128931606815,1.4485120129399176,1.0833708294125193,19.82239183839951,12.174182659356369,3.5652959355279012
4h,KUMO,TRAIL,ADX>=20,544,280,0.20192347364887794,0.6347627775135892,11.105885959155426,0.01818985962379817,0.2908191594169329,15.987982614030082,20.032353216912913,0.6209689917791662,1.5238400862589352,1.780032803309729,1.5339998389865688,15.487027492405137,3.213771210019667,14.37634620314916
4h,KUMO,TRAIL,ADX<20,492,339,0.09917528116753326,0.12109834193464443,1.5592582427338186,0.8688168098003405,15.974266760415112,18.386231228751313,18.38623122875124,0.5127201289775819,1.5248993477553872,1.8901617621768356,1.326123872682238,17.68628399596902,21.781031862774803,4.095162123591889
4h,KUMO,TRAIL,ATRREG,404,240,0.286914329380348,1.3442749142014951,14.7370786048991,0.5550069742666478,8.082069128248337,14.562103726583775,14.562103726583809,0.6492107183470543,2.8597185406386765,1.8139412026105497,1.6833225005290486,15.852893244193956,10.644434023400407,17.15682565508587
4h,KUMO,TRAIL,NOWKND,829,490,0.18882548598720214,0.9444007212535752,15.014878377146879,0.8844562723036626,19.121113474515393,21.619060289676472,21.619060289676597,0.66796372675629,1.861989872823246,1.7797656669959014,1.4689336153031605,19.708643519861134,27.49728291482276,20.533472985941014
4h,KUMO,TRAIL,VOL,516,291,0.26307901502372466,1.34681087446354,15.174608646022026,0.25743817237433164,4.252173505373147,16.517261081197443,16.51726108119749,0.6139945277688054,2.168937289435859,1.847330369273727,1.8149140677746083,14.364853258276366,7.7344000772366694,18.868161176499164
4h,KUMO,TRAIL,BTC,620,378,0.2557569939704561,0.6516952392096509,16.526629186073592,0.9558965749992753,19.148484447288805,20.031962607778276,25.359444402442477,0.6212367756493745,1.742977656757285,1.9180631775162686,1.612822999146216,18.354726722644553,24.936353072854466,21.08691476758837
4h,KUMO,TRAILW,none,702,455,0.33616493220278726,0.9219410778022007,28.021657166591197,-0.11900820312137644,-3.8739178214361902,32.55168736129208,32.55168736129209,0.6462484401998453,1.7571183789769673,0.9087414443381896,1.2235855880362865,23.509856255547255,0.35647889252246046,33.098575642922754
4h,KUMO,TRAILW,DAILY,433,285,0.1639782509018482,0.1444244285289452,4.387231398127178,0.2892622694736447,6.802356542086829,23.51622475501115,30.37734989027774,0.5203199956778942,1.276152909415304,1.4770528746321223,1.1988085930962054,19.0420894958515,10.269718085090673,6.572969268794893
4h,KUMO,TRAILW,ADX>=20,462,262,0.6415724685060177,2.74107389392942,42.57139061068467,-0.22691451376765362,-5.614723137235023,24.743781453239922,30.03521395013875,0.5764327122596552,2.960832341686527,1.3101310762597569,2.118941127897972,15.534544353590107,-3.244539024390436,46.855572479479804
4h,KUMO,TRAILW,ADX<20,408,294,0.0020856837592559702,-0.18160528638153306,-4.116078513644716,0.32506465523366856,7.130803320373147,21.936569250345784,25.763672222043667,0.47595843374750096,1.0905830559742382,1.5270948183136317,1.0507305084972187,18.611781704832886,9.966739444567185,-2.3217187841297338
4h,KUMO,TRAILW,ATRREG,361,223,0.7883095328879082,2.790658746234599,43.54901139109604,0.22098355922455565,4.0254379559515385,18.21600652137669,18.66105155242741,0.5864057585732306,4.126840119371715,1.5237025079897075,2.0492436510848107,17.290866304060557,6.11119025601552,47.258065361419874
4h,KUMO,TRAILW,NOWKND,649,422,0.42456572478866716,1.8161577558389128,36.21903761299059,-0.0863049482014215,-2.5431703031036923,29.467259480514983,29.467259480514883,0.6261110479407018,2.4139193289515606,1.0443646509304865,1.4869800037187015,21.335815170287063,1.4650689817767626,41.61132066203565
4h,KUMO,TRAILW,VOL,447,274,0.631000474814905,2.161188342531765,39.56243995532305,-0.09824624680358525,-2.201926700717094,22.41232385313614,29.966975981280985,0.5729320594790783,2.744529827529968,1.4688002365198196,2.1391499696401213,15.349992214529074,0.5193137484222232,44.18255875362473
4h,KUMO,TRAILW,BTC,491,324,0.6798833594759485,1.5579475849087532,47.30451541508711,0.4035686459526501,10.461880462541352,25.92342236559384,30.363354886459593,0.5932590510196766,2.531205165914871,1.5039443073616647,1.9016632124728383,20.151083161207406,9.985302676448725,52.73916242717196
4h,KUMO,TP2,none,965,590,0.0919764930647389,0.2703555858567152,4.402500101016926,-0.3622806057706674,-11.689901768052756,32.26753401050885,32.26753401050881,0.3070204919433972,1.5615948400580377,1.0669837439740537,1.1990460116779427,15.831575365563477,-4.535389862242001,11.259211920436218
4h,KUMO,TP2,DAILY,551,350,0.05242232515405072,-0.05945817619933961,-1.1311000304932262,-0.38861265788002736,-11.063248597250796,28.46857500114226,36.404840878388015,0.17887202460006651,1.413783745911633,1.1068429818428709,1.0903918167693316,15.705257429451546,-7.132750025768209,1.9978482879865478
4h,KUMO,TP2,ADX>=20,567,313,0.18666499269393313,0.9113046303999022,11.48684588209905,-0.4488864664868993,-10.364479658214343,23.089311957496562,23.089311957496626,0.2804025220550673,2.2668347464839855,1.565670693449237,1.9264898837203375,11.330788151526372,-6.488281708873411,15.148332557240462
4h,KUMO,TP2,ADX<20,535,363,-9.672439489086295e-05,-0.26263776118112797,-5.20103300559046,-0.16295509932781474,-3.73108243858129,22.896383445328816,23.793859104277104,0.17063760070592845,1.2586601243708642,1.34369654315782,1.0418439961448502,16.44870106345604,0.8941955888032371,-1.0569802433608388
4h,KUMO,TP2,ATRREG,433,264,0.24634267160769865,1.0995931369288043,13.045218746548848,0.4248749024636269,4.6191597984015065,10.871811376989838,11.8636778535964,0.3559796868070652,2.5990851759192464,2.210930226316609,2.0940177906670105,12.26210875623136,7.80774831408646,16.61526254180883
4h,KUMO,TP2,NOWKND,877,525,0.10513087653541064,0.34811962123038637,5.95159552153981,-0.4203300968862397,-11.800058543396085,28.07331340489214,29.716827805353716,0.29826099437974324,1.550872524693846,1.1318668721402443,1.3133153238637998,14.863727632081037,-6.590206076726012,12.521451716040621
4h,KUMO,TP2,VOL,523,305,0.20037166134311232,0.9273338158782353,10.883098291999204,0.015410668829543684,0.162824981109444,10.565730982246102,11.735901468978916,0.3073182657268321,3.2968452787141103,2.208962880068774,2.171349039296012,11.047802551644292,3.869999599059404,15.633344030049567
4h,KUMO,TP2,BTC,637,395,0.16562219305526066,0.8397077443899165,9.210845278130076,-0.30267960144925593,-7.077128434256097,23.38158369566432,23.381583695664297,0.26230821903272566,2.34895882145102,1.410035165470401,1.544531115192381,14.147515276580403,-1.3686551229734167,15.048291359398181
4h,KUMO,TP1,none,1175,689,0.06242662907389776,0.017310554237872384,0.3363290132027297,-0.5598805336347041,-19.425296935359594,34.6954319151837,43.76159323180842,0.2145706182309151,1.5365772463232172,0.7221522628689365,0.9650558266254797,16.175393930577876,-13.129922802053063,7.687693028930065
4h,KUMO,TP1,DAILY,669,394,0.09530294539817859,0.39950312104643465,3.290202620793603,-0.5345759520373395,-15.043088542510008,28.14022681936741,32.06775841989943,0.10600907975580189,2.6710940328627424,1.026423179161879,1.2423747829980865,14.36013659940244,-11.823721582584302,7.575060048110549
4h,KUMO,TP1,ADX>=20,632,325,0.11122412027498123,0.4674515436157565,5.124429387408558,-0.45696707209050313,-9.046947647455895,19.797810827087623,21.158081541388928,0.1866375141112251,2.013305133500554,1.733379903343295,1.847606878347509,10.760733297054548,-5.589456747008736,9.024209684136775
4h,KUMO,TP1,ADX<20,621,412,0.018753170183645217,-0.21159088026427175,-4.07322732343447,-0.5208061824975934,-13.3667897770809,25.665574308236383,34.80637497242842,0.11294335440542799,1.5092515591327706,0.9891630103369966,0.9631818218617746,16.020544134838634,-9.660360271192104,-0.4400660682037483
4h,KUMO,TP1,ATRREG,470,282,0.16360361315136673,0.9418920934625563,7.919900410281189,-0.2945871856202207,-3.8734509220776814,13.148742074175967,13.148742074175935,0.26923357914004986,2.5545741715474475,1.7744120833110248,1.7835824819929482,12.35444377504027,-1.1555267418542514,11.13556097985331
4h,KUMO,TP1,NOWKND,1035,592,0.06792978264131523,0.06644975994273027,1.2721523242285038,-0.5786771968925617,-18.42409181690584,31.83828897326758,42.66533591652845,0.2032727296371752,1.6910658158699194,0.7863449178743911,1.0300315855230504,15.738969869886056,-13.29910116544346,7.882540409111116
4h,KUMO,TP1,VOL,559,320,0.14866371363909078,0.971850367385057,7.233459598154335,-0.41012121312577754,-4.030888717933523,9.828530173340033,12.145069232170503,0.2231976130673031,3.01696595257374,1.8231539017808487,1.8182919192940472,11.976363674193324,-0.03517707654795421,11.935606816206313
4h,KUMO,TP1,BTC,747,454,0.1182461404827139,0.7169792249703248,6.148207158082797,-0.5101712386670791,-11.941152856524774,23.406166305500363,27.098919871698868,0.18715423683145,2.2615641325775675,1.2541885168426914,1.4656156220403516,13.372617727692615,-7.753151105522271,11.47544029942178
4h,KUMO,TIME,none,1084,641,0.025728837912625046,-0.16988937177551858,-3.9142044333821957,-0.043463958757054694,-1.1624682040172973,26.74556660876215,26.745566608762072,0.4404645144243683,1.2685229937884523,1.4236892792530573,1.0923932757837318,16.454697178196554,6.038744145292951,1.2237841683093498
4h,KUMO,TIME,DAILY,653,382,0.012654185818399161,-0.17363064766877967,-3.6459904969814105,-0.26231969981368974,-5.611785356357924,21.392923826703235,28.2938766263901,0.2759858079586211,1.5761485202462129,1.4502614404560474,1.2032282047081806,14.345647404202634,-2.357539125624264,-0.684588932853869
4h,KUMO,TIME,ADX>=20,576,301,0.03190553558783622,-0.07458181479149845,-1.2135739028060533,-0.067897629501175,-0.9644631833093831,14.204666501541007,21.969557797742223,0.40550626805502415,1.4577086818383103,2.1042633813997265,1.6622215328480097,11.50011345727826,1.8904865734564291,1.4079180620317544
4h,KUMO,TIME,ADX<20,578,383,0.01030754715591031,-0.19215663688679716,-3.6128009206697564,-0.04148448163650638,-0.7593434257071596,18.304276581316536,18.801333012495014,0.2539868174091526,1.4756682848331348,1.5553164665282972,1.191291875945152,15.382554767662226,3.86777036545205,-0.7864889309505907
4h,KUMO,TIME,ATRREG,420,258,0.11347063739070469,0.29389250710191756,4.572629288236518,0.22584632889703354,2.6135187835062634,11.572110984800654,15.558849503607108,0.4572153065048697,1.98328377548894,1.9372682499314078,1.661058336361876,13.281872386141579,4.982109857981487,6.466465028815249
4h,KUMO,TIME,NOWKND,945,547,0.03755843356950677,-0.07560401807004441,-1.7163936551269132,0.3209457273648965,7.095995376466657,22.10964275713484,22.70241316455874,0.42695382827614387,1.3241087542778676,1.8266466791917215,1.3159240373274086,15.611033110321426,13.3011878889967,2.887813521930993
4h,KUMO,TIME,VOL,549,310,0.10418315699886437,0.33005076824502255,4.106920034206429,-0.09161929814647134,-1.2994776080062276,14.183448621585804,14.183448621585736,0.40343398509003,2.0732610813815007,1.8629760245628166,1.6808256658383574,12.54318253380009,1.7320643213801556,7.064866683004056
4h,KUMO,TIME,BTC,719,435,0.12134941831414647,0.5943182275033217,6.470313057755739,0.2887099772558302,5.188981922307656,17.972991344561752,17.972991344561862,0.37870767913592107,2.261679588219799,2.0014753279582966,1.7072611389335397,13.70889821086042,10.099101072387962,10.46749010045318
4h,RSI50,SIG,none,1850,1106,0.08186534470757895,0.5877734246490934,11.015073195937465,-0.22672569333625472,-6.029802357683178,26.595143536469134,26.595143536469124,0.6222401310412162,2.0833018247030464,1.3466147275975047,1.4910748771079678,14.966113383736456,3.4781326694108605,19.112177558226094
4h,RSI50,SIG,DAILY,1655,1005,0.03689139963274949,-0.045796308498004076,-1.616518952387802,0.14308095264531284,2.792889338133664,19.519644554345618,35.2980186701785,0.5453071146457,1.1105441671444627,1.391722264594181,1.062537969122759,18.44049470568129,11.432040582698022,4.936467102562103
4h,RSI50,SIG,ADX>=20,1061,625,0.13135325820987942,1.0988486710342633,14.426099583112828,0.002600707410499259,0.06635287002803025,25.513392917695597,25.513392917695697,0.5441608039354991,2.2523744740522162,1.7711289065151479,1.8342496862920599,13.626843222647246,5.205171365612182,19.40070253899011
4h,RSI50,SIG,ADX<20,987,617,0.06975623021603086,0.3664252789457132,3.9032272840532567,1.4683543616791337,14.209705010585093,9.677299554812924,10.652177970045374,0.43983581468410027,2.175479128883744,2.551493516705846,1.8854955369930844,12.788806204550319,22.312330437109008,8.60591948024625
4h,RSI50,SIG,ATRREG,759,474,0.14662675354161492,0.9163860929436103,13.112688518686987,0.14335253853906554,1.2730141876274637,8.88030446199981,14.309130856150908,0.5651007064051764,2.2768192466067734,2.053940208531171,2.04890363968251,12.099092648102827,4.689583845429146,16.487409273436725
4h,RSI50,SIG,NOWKND,1556,909,0.10710985272381139,0.7224884771470701,15.08818811606465,-0.3509323083570432,-6.126769446714442,17.45855055465849,21.473810034834486,0.5843177353572325,1.8898214303551621,1.4634050394829048,1.7189613083816986,13.833503465659636,0.5182223664271124,22.77343444512372
4h,RSI50,SIG,VOL,745,442,0.06700596253126119,0.14613428291701705,2.443792975105552,0.4129062366986272,5.313682561259303,12.86898111238185,17.723318431271963,0.5136722953149092,1.714153164984603,2.2574088925967177,1.7997765813707438,12.070157516511193,9.657255816390077,5.59304453184204
4h,RSI50,SIG,BTC,1723,1037,0.10265026733319153,0.5185484777084388,14.064858964605431,0.7025965344683882,12.235487131125033,17.41467048422446,27.12351799153019,0.6254074841410378,1.6576364605508056,1.824145077275947,1.5996632153292125,17.095099678332893,22.497689635264596,22.691962556117694
4h,RSI50,TRAIL,none,936,577,0.12506610517048186,0.3514310820676127,8.353468381414174,1.0242205595761018,21.187002349033346,20.685976424650264,23.769862165484355,0.5653424859566333,2.2961813097886115,2.3553476618631226,1.7466588698007388,15.48974962827916,29.09951135977673,14.064042770272112
4h,RSI50,TRAIL,DAILY,767,496,0.10034759505235587,0.11001765126181058,3.7840880761205398,0.18168719933904537,4.775388359831223,26.283570758993868,34.39528141821071,0.5222090530590517,1.2679904887023163,1.229821079967916,1.01131235218728,21.91489633399728,10.104070298485324,7.882392537502048
4h,RSI50,TRAIL,ADX>=20,704,409,0.14847287509436713,0.3585998870772348,8.42569757619993,0.8367934767952283,17.111879657728622,20.4493463826512,23.4960965684443,0.5539115076196975,1.460719622051982,2.246951803006316,1.725329689801717,15.240856991200857,21.775231130205764,12.68010104127233
4h,RSI50,TRAIL,ADX<20,510,318,0.24070799782660465,1.1741165675681444,13.788785948351112,1.243238803390026,17.854661731067644,14.361409636171341,14.361409636171352,0.42134179864774257,2.5461892496945286,2.5680047877756205,2.1097756896937714,13.537241875363847,22.153802169688873,17.24897491350683
4h,RSI50,TRAIL,ATRREG,540,315,0.1789883781069152,0.4336478443929235,10.213101453776186,0.33650141891022917,4.548723012007527,13.517693407471254,23.551602033382203,0.4902581702800162,1.7870236167400586,2.070295558132832,1.8836859130112638,13.008904218374983,7.397293254924442,13.802201961622075
4h,RSI50,TRAIL,NOWKND,879,526,0.10072623219543027,0.186684873691306,5.639036598983949,0.44351915894635197,6.88660148520861,15.527179257754709,30.206178398301375,0.5127862765044471,1.6988428924719365,2.070297369396099,1.7056834358559663,13.66375391831609,12.859346764165092,9.995803615389121
4h,RSI50,TRAIL,VOL,647,385,0.12596665539579366,0.26746969638786183,5.489859182968404,0.5791050044148114,10.742031750426516,18.549367849586098,20.525163250671497,0.5297101517264975,1.9280822821818622,2.373240247276381,1.867433543835777,12.836319755836866,15.085995338686775,8.44408140722992
4h,RSI50,TRAIL,BTC,816,489,0.18419104018742188,0.4219822764167556,12.743374581210754,1.0826011847369053,19.67111239879509,18.170229883477894,30.19883841904587,0.5361813642152179,1.5022711949826655,2.036118525239759,1.6262687664055786,17.5711902151118,26.30564424147974,17.833765317164584
4h,RSI50,TRAILW,none,621,390,0.24960352517341766,1.1680977597000706,17.633735160444065,0.9552018023419943,17.03098696035581,17.82972657568138,17.829726575681416,0.5913493464074432,2.6225876398272625,1.9389653125859538,1.6875069624606565,17.566971360666173,23.823211181663794,21.242232064517186
4h,RSI50,TRAILW,DAILY,550,365,0.14522178366255606,0.14016421991119823,5.0507209525282315,0.2104269391026748,4.608073574004168,21.8986865163482,36.0343100095598,0.48718927243003163,1.3313824974267696,1.3747998792590328,1.160048713878635,19.587931845846274,8.500439273398053,7.917097723175059
4h,RSI50,TRAILW,ADX>=20,518,295,0.4645554796310556,1.229743177658411,30.74163876734883,0.9654382983075503,12.858868525819457,13.319202841198175,24.998421886661625,0.5248787671125655,2.753873734194675,2.061665965450676,2.1803470470970194,15.342971354196234,16.04906017929766,35.81124009969858
4h,RSI50,TRAILW,ADX<20,391,250,0.2592420977068746,0.7031159247904487,11.540205242177892,0.6791550563204424,10.695950861516824,15.74890853270804,16.41294818577356,0.4293185549935264,2.0370938332630497,2.2912701888487037,1.972878269431277,13.350651671430747,13.830675966193628,14.34932621101801
4h,RSI50,TRAILW,ATRREG,420,265,0.6064542063194016,2.1621077461788056,37.62253984876431,0.4147135223336778,5.777373463798208,13.93099851504177,17.40086261438931,0.4777497049994679,2.7876923453074856,1.9414449342495255,2.4041530497623316,14.227533585989017,8.224047023699988,42.29042733567954
4h,RSI50,TRAILW,NOWKND,598,370,0.21575538635414354,0.5210362672532819,14.467354433924683,0.9717607807276447,15.208415810263688,15.650370041560823,27.76650176424654,0.5538604174383038,2.1263545758938878,1.9969737871251751,1.7039548162595113,16.543799545187888,19.110221258400028,17.942131104002268
4h,RSI50,TRAILW,VOL,490,296,0.43212720371798585,1.5542820754889644,27.48154595694463,0.37251073401444657,9.470250030713867,25.42275742944523,25.422757429445152,0.5046996975093436,2.566643299123446,2.12840373761569,2.2718524882103237,13.956837824373626,12.848468853664063,30.383853590231837
4h,RSI50,TRAILW,BTC,569,359,0.5056196280408272,1.178361051474341,36.52533756492673,0.5672404027666282,11.298814061341833,19.918916223586326,30.996728480822565,0.5186046962881878,2.0918825167417845,1.8044495989587224,1.9170679008439864,18.45622919130785,15.731047100860795,41.8246719875631
4h,RSI50,TP2,none,1039,636,0.08933037090553923,0.16503138905046594,3.8271644564008334,0.3276194928077229,7.329803512350708,22.372916365670914,23.19052441127125,0.1287201337831159,2.174180143309248,2.025367633877556,1.6132336109075658,14.40372353834124,17.696838663558133,10.325606246629416
4h,RSI50,TP2,DAILY,829,513,0.03433500473543506,-0.12895485673000406,-3.6860059795378097,-0.4376767072996835,-10.108476946566025,23.095761730003616,42.76715968923188,0.11319183468222302,1.2833356245483654,1.1194228409547735,1.016144984166863,16.26618433322321,-5.499849354833608,1.315491058212781
4h,RSI50,TP2,ADX>=20,794,481,0.04163871428844472,-0.08334467497019522,-2.534538337956971,0.026712378407469484,0.5329401846036141,19.95105701462323,30.410321221641855,0.11549967063733133,1.6123847550507098,1.970191274847522,1.520982968312685,12.673605734621107,5.3418302739541845,1.6383673011985511
4h,RSI50,TP2,ADX<20,574,354,0.07873533404246946,0.0850118143963091,1.3971539328151428,0.8333623178174834,9.60668943048919,11.527626369822464,16.43482076858016,0.0748127213483236,2.227684934857655,2.7374337492269847,2.0359748677342377,11.094441134262944,15.330909785590974,5.0832578603807965
4h,RSI50,TP2,ATRREG,613,372,0.11193707352992034,0.23395225739717027,5.053145780069546,0.24587327264828493,3.7930133848146363,15.426700689995043,21.599046900800133,0.16054278158679922,1.6976085280289464,2.2296457211673895,1.8736667426880507,12.156898774988367,9.10800973485253,8.45404615880614
4h,RSI50,TP2,NOWKND,965,588,0.07601242647449409,0.07584316311555944,2.0959143419571724,0.49876426846625915,7.508671685920665,15.054550136501243,27.63484875708183,0.1338200646744545,1.8498933080786757,2.948810502092003,2.1876605647981355,10.310163757657575,13.777984316301616,7.801070520402464
4h,RSI50,TP2,VOL,695,417,0.12069899660809626,0.2980464888747222,5.870242017110527,-0.4693992084761037,-8.603433473824285,18.32860669227624,22.12765750557617,0.1808285465062205,2.240477281546952,1.7545832087916864,1.8809136310067145,10.8225134293218,-4.648597054053583,9.96219532929068
4h,RSI50,TP2,BTC,868,523,0.10565065573189288,0.30484617820895127,4.582688181490635,-0.2579887044642189,-3.5233564782295224,13.65701837817549,18.458702031386874,0.17562278555038083,2.108808460746649,1.7623437675909794,1.6266627962093034,13.024845932600538,2.9356238797210166,10.707415086157312
4h,RSI50,TP1,none,1465,898,0.07988712742181171,0.2609110226270855,4.235100260892755,-0.5130478697679772,-14.840341790729028,28.92584233405059,28.92584233405062,0.05343393893498794,2.550032199302626,1.1800678439251757,1.446455719006679,12.748272757217038,-6.010109000631925,14.602179369160705
4h,RSI50,TP1,DAILY,1059,658,0.02290540907112501,-0.19685922110182696,-5.6492596862714795,-0.5564930115731096,-19.07107419649249,34.270105463825786,52.53102578557063,0.05189357754801101,1.2330184814754963,0.7989963390559854,0.8953178912704083,15.165861234728418,-13.301950828109387,0.3476327326970674
4h,RSI50,TP1,ADX>=20,978,578,0.055692966472418635,-0.01804287104992969,-0.36462501742329234,-0.473969731575971,-10.065603042303174,21.2368055842608,27.41229949313073,0.03974155048388824,2.0806241316522534,1.4241041901308382,1.3921363720557485,12.759438179857497,-5.467778783744759,5.5952510620023155
4h,RSI50,TP1,ADX<20,718,455,0.07430539779028807,0.08986442491816721,1.060179316787635,-0.058668794191869364,-0.7437650995493872,12.67735445724334,12.67735445724325,0.046755761479803856,1.9786648467396322,2.1123450363306677,1.782114977172209,11.387154199348348,5.721237437450233,5.643903511226656
4h,RSI50,TP1,ATRREG,700,441,0.09168654098991043,0.3407177695122698,4.151350821869815,-0.398284124468521,-4.952848086887506,12.435464490322568,13.270153206336177,0.08692486065803642,1.8903392516380404,1.9672218262049832,1.8890106986244957,10.873423467240272,-0.8388975216053529,8.170416938466897
4h,RSI50,TP1,NOWKND,1320,807,0.09015288067187857,0.3973019016721984,6.167774762384126,-0.4836585628688944,-14.065283437114529,29.081018133296677,29.08101813329673,0.0578944594504441,2.635920519689326,1.2752651099407144,1.582790650875942,12.196382516943272,-6.1049417946714035,15.302551487748461
4h,RSI50,TP1,VOL,821,472,0.09138473622627484,0.24538154846008947,3.6921118212704718,-0.5145113667067525,-7.755610419396919,15.073739709655932,23.91531940093111,0.10176848655662356,2.6268169849838707,1.8365188166712612,1.7895805356640453,11.0275497542072,-1.8213291557483968,9.434736377765972
4h,RSI50,TP1,BTC,1140,677,0.073533410014903,0.10233309660244747,1.6636651036443961,-0.4355119257200693,-9.44770147568903,21.693324379276945,27.890024859339157,0.1272294230107894,1.6133776828024433,1.5516669903285871,1.5608737169776896,11.944417542303153,-1.9501229429586764,8.829470264298855
4h,RSI50,TIME,none,1462,857,0.06270720854410743,0.12720011906768988,2.7946333501194465,0.10075519392072724,1.7593305974571427,17.46143825440264,21.970367406906867,0.2219588967048544,2.0495991297349274,1.8708785231065697,1.5739119481438837,13.692686430718693,10.1377956920639,10.773744904784177
4h,RSI50,TIME,DAILY,1071,653,-0.002254435148419976,-0.220187383194721,-7.821744268025654,-0.5673292971644813,-20.617917903125647,36.3420644873696,56.559895451425724,0.18046067925050813,1.1536191244207308,0.649571344815064,0.7257630097587253,16.886909391565908,-16.405099318988015,-3.3920814752438355
4h,RSI50,TIME,ADX>=20,906,525,0.032156880817627825,-0.0931374938766598,-2.2292560134034356,-0.21650016475131834,-5.631981763627181,26.013752784420852,32.19618826918006,0.20193478788983885,1.4582761356008704,1.4234105355402271,1.2236525466241215,14.656320676212175,-0.38852649462634004,2.1080198973266073
4h,RSI50,TIME,ADX<20,692,436,0.04419506288411016,-0.023318750706612348,-0.2788393728439087,0.6102140393385426,7.310517809252914,11.980251744416337,11.980251744416314,0.11624542844703416,2.252108577356774,2.9990379018736286,2.2150115415960263,9.663385409860926,12.13942725035595,3.37333863971665
4h,RSI50,TIME,ATRREG,647,392,0.0877410756557566,0.19417077799078783,4.558508151253826,-0.0018142935738592477,-0.015051490850581661,8.296061380278774,23.476798097137454,0.2460402332028925,1.4607317904624726,2.0719711938148064,1.5636156515140562,13.848871313100075,3.2781569795289123,7.91400015719026
4h,RSI50,TIME,NOWKND,1267,744,0.0945475602666015,0.333490624438965,8.840464302184902,-0.15115696272077692,-3.2915801666682065,21.77590834997487,26.508884071500706,0.21691266519431854,2.118221129858808,1.972783593705112,1.9957186084442127,11.362165736693374,3.52460512922117,16.06545591150963
4h,RSI50,TIME,VOL,770,464,0.10893565316897713,0.4312902290013029,6.370636863600332,-0.21149050700825514,-2.6975217605678337,12.75481249124123,14.771113359911258,0.2198311957230612,2.8735510022945268,2.004145093410522,1.926765244557652,11.311115742494227,1.374268195963535,10.750768065327021
4h,RSI50,TIME,BTC,1148,672,0.06025939125158356,0.01397769954140014,0.3215103354756499,-0.30140828780308876,-4.642653687985776,15.403205140194554,27.646959253050873,0.31599110875015984,1.5288840877874261,1.6920745382908997,1.5055602362409892,12.70979473378625,1.5494254079277958,5.902970032525601
4h,DON10,SIG,none,1462,882,0.10018338016148919,0.46418922209989044,10.876562724354422,0.5430398612217716,11.093078423395575,20.42774244682064,23.43131250473941,0.746590887533548,1.319815684680667,1.5929059728754749,1.3525263692094727,19.021038685002534,21.28720507669062,17.673707918657723
4h,DON10,SIG,DAILY,936,546,0.09091746917402044,0.18392555782783504,5.002695081146058,1.2846943535523572,17.060525812976568,13.279832487627786,27.199564542459452,0.7067463362478741,1.204733214066303,2.1839659202928177,1.4847189673464265,16.654247325814698,23.017449011115332,9.230881822200644
4h,DON10,SIG,ADX>=20,1080,664,0.17057384778978116,1.2243180591378513,20.526925548811903,-0.08509521302019864,-2.0960865060201894,24.632249354880297,24.632249354880198,0.7513164708477172,1.7321214969229743,1.260212693885816,1.4862939090931553,17.70443359044479,3.072722248633797,26.284320792677995
4h,DON10,SIG,ADX<20,677,459,0.06418395507237126,0.05183809134088455,1.396561852192435,1.588601473421523,18.374336849822438,11.56636019620948,26.940842459046532,0.5214034274922822,1.4175524033200815,2.5199581531879316,1.720096177308702,13.849113391215406,24.37660089758653,4.434191818080269
4h,DON10,SIG,ATRREG,841,494,0.19477151611578858,1.143264215181229,19.20378510356098,1.0592640889499687,14.46482886332523,13.655545405739167,16.797328953847135,0.8177772633521094,1.7340777735660942,2.0483332589662218,1.8296622279194645,15.997213588669624,19.17086648920354,23.651862575389117
4h,DON10,SIG,NOWKND,1337,794,0.11461026831308369,0.5433302422915555,12.903850367058457,0.621255527220889,11.952364357767209,19.239047113568,23.749552965494868,0.7467097637153717,1.5115602243425383,1.6709716143988,1.4444339588018533,18.436493674699882,21.046919391851993,19.195814891197106
4h,DON10,SIG,VOL,1076,646,0.14814621875165856,0.8508171131896052,15.53761605742945,0.9441052296805202,18.06805654071555,19.13775707696236,19.13775707696229,0.7720332904403806,1.581418090913854,1.8577776554984502,1.5567448915534958,18.452780397177282,25.48424954629933,21.187507603610545
4h,DON10,SIG,BTC,1015,635,0.1775793822266306,0.9824218176401565,19.550066075957595,1.1223548246352288,17.21441311449152,15.337763723772735,19.89986961295116,0.7456629888079318,1.5770300872476604,2.0994757671996513,1.691142115159282,17.76548265295731,24.74822346758576,25.135368372989753
4h,DON10,TRAIL,none,1204,713,0.14048615060249392,0.40634707568827666,11.567016200471647,0.3989143054550504,12.11778665949954,30.376916780852248,30.376916780852202,0.7605337168458663,1.1567552750905918,1.2747160854811848,1.0804846654125575,24.310123060881473,20.068660705747064,18.656388899328213
4h,DON10,TRAIL,DAILY,797,470,0.12371856305074738,0.1376987871196117,4.458897346525181,0.8815671035511071,18.515511418417162,21.002951838644424,32.38152956751878,0.7043112278451867,0.9694621603880855,1.8019141094799944,1.214977286541126,20.43053299004518,25.0336739894635,8.5322180195194
4h,DON10,TRAIL,ADX>=20,909,538,0.1955044609467008,0.7034889964870916,16.79705386924686,0.37874468947839335,9.74476751663753,25.729119872434413,25.72911987243438,0.7706498782654773,1.4715956933413934,1.3467049281313421,1.2615409724976436,21.85035281842729,15.946681365466976,23.181164597197103
4h,DON10,TRAIL,ADX<20,633,433,0.1302418367300541,0.20859128250314013,5.531778346317728,0.9499079489445694,16.722977496145973,17.604840042371116,26.51970053558903,0.5913091581681279,1.5732359417444877,1.9441022981868243,1.4408362257844467,17.385657142446686,21.809023483269073,8.956345457986426
4h,DON10,TRAIL,ATRREG,753,430,0.22870539384550717,0.9721597661552314,18.539326366360886,0.9350948973858311,21.21100104281213,22.68326038577475,22.68326038577475,0.8231655363970423,1.7207917182049726,1.7687281794958334,1.4936841420706772,20.28886161267226,26.969042596447146,24.152192125317562
4h,DON10,TRAIL,NOWKND,1148,674,0.12670085014222604,0.30318041332032,8.528218688122458,0.38539891584834685,10.728306233070173,27.836887422100908,28.129187485182683,0.7579671668679999,1.083145946392601,1.313505749801755,1.0826142637892484,22.951384841559975,18.19852495160188,15.142085665359307
4h,DON10,TRAIL,VOL,966,578,0.21442384815625967,0.8284223923082534,20.45748606662954,0.677126096647004,20.791865900995354,30.706047225107124,30.706047225107056,0.7741553746655749,1.5399797323080389,1.4641291065048176,1.2681981107665572,24.494819208046902,28.817781053720125,27.39701245620121
4h,DON10,TRAIL,BTC,859,532,0.22808628021572946,0.8742495167234204,19.07319098325866,0.8544725360291086,19.840431726934305,23.21950781371681,23.21950781371681,0.7388460915603209,1.5418875412511766,1.7502422630417962,1.5063882586138644,20.229512610177945,31.146858625554685,24.68709402424649
4h,DON10,TRAILW,none,833,520,0.3821064027471088,1.3529469556934046,39.282397467617436,0.31796544900921697,9.99374279385503,31.43027906017971,31.43027906017971,0.7132108399148824,1.8739007966623462,1.1988220541488963,1.428342886781539,24.88012384481649,15.774245243824513,46.76034887411535
4h,DON10,TRAILW,DAILY,645,375,0.3051449401303686,0.5125946681020321,18.78223058472688,0.7782915548822048,16.440415234678362,21.123723020695806,36.64148644829108,0.6273002951094552,1.194320683089397,1.7468264260147475,1.274677912409622,23.588036018613245,21.484793166330984,23.153401241645398
4h,DON10,TRAILW,ADX>=20,658,406,0.5278323796330512,1.794459136382774,47.833836427530585,0.2388195274623503,6.626033084650618,27.744938427177846,27.744938427177836,0.6935301801127137,2.217215199649522,1.207567509240971,1.6298363638265987,22.91505500675598,10.838715642747253,54.86943390018051
4h,DON10,TRAILW,ADX<20,533,368,0.0854056478897844,0.008883898880577045,0.3036828378316203,0.38607835705995497,7.6070929174901325,19.703494843428405,34.18350905541767,0.575005250673053,1.0754091923295481,1.5398699800756486,1.1499205320347134,18.54459771985768,10.149234359817472,3.4346251795754235
4h,DON10,TRAILW,ATRREG,544,346,0.6700157615157333,2.7481784426859694,55.06500927906297,0.7219688127455619,17.683424666262294,24.493335936512718,24.493335936512818,0.7293041727459928,3.6162649675196157,1.602548524596975,1.9682799669050692,21.22134614818044,22.061937449117863,61.69772913157017
4h,DON10,TRAILW,NOWKND,804,501,0.38656908065968204,1.3931851836477196,38.340487888499574,0.31868018788585073,9.684379571282452,30.3890230375769,30.389023037576955,0.7011642915959072,1.9583447869765231,1.2198948465425536,1.4469539128129905,24.31171989705233,15.281683681247316,45.55308136576277
4h,DON10,TRAILW,VOL,722,459,0.4952782970092027,2.1322925368382246,48.45177669468883,0.3133569201943384,10.613638201080988,33.870763710910225,33.87076371091023,0.7090830624297682,2.5133709535454103,1.149257639672154,1.4661338650916322,26.235889975819482,15.919954819147453,55.88679556475269
4h,DON10,TRAILW,BTC,672,411,0.4681010994417209,1.1115276338566067,38.926405315520476,0.742540776945772,18.232915468627443,24.554766599651668,35.020636581440314,0.6587583177691075,1.6431434172728947,1.651797298137669,1.582261332013714,23.580673844131038,27.492424161019137,44.379782499521724
4h,DON10,TP2,none,1903,1203,0.09270391421474425,0.30997267899781317,7.324174743800582,0.2459751967453074,6.450918387578275,26.225889735776143,26.225889735776175,0.6422442237738142,1.4682336486563352,1.2660409815248357,1.0796951262904804,21.97934891795533,26.2911583646908,21.142760101262926
4h,DON10,TP2,DAILY,1266,785,0.07770087932043292,0.030513041823290513,0.9852885587541715,0.30594577444911136,5.633195461111029,18.4123983122637,32.290735366872006,0.5948395341054997,0.985755529385397,1.5337898896835913,1.1639872852943705,18.166558147541302,17.304547968102746,10.10255128239399
4h,DON10,TP2,ADX>=20,1487,909,0.10376154273145531,0.3324584038279838,8.192836692045514,0.18041282034940237,4.322464382230806,23.95874292004063,24.643193246769425,0.6597588023022635,1.1404165256388834,1.3638963104241706,1.2140581700005282,19.36857856799623,15.736278113337976,17.372232947563425
4h,DON10,TP2,ADX<20,713,501,0.025798334008032102,-0.14634882116466794,-4.016338044212853,0.11570130517291466,2.0056373935553484,17.334613387099996,27.44359682743035,0.2396875771256122,1.356363100556041,1.6337152697211026,1.1971291307552483,15.711459968596941,9.769750993745419,1.9516815541442911
4h,DON10,TP2,ATRREG,1205,720,0.1586504031436112,0.8705869619813739,17.98780635135051,1.373915492748583,22.283452329561616,16.218939554268008,20.661699677206236,0.7269478582564147,1.8675654740850052,2.1905474467641577,1.8189266501614416,16.76104715691903,35.87717330794389,27.313765189359863
4h,DON10,TP2,NOWKND,1684,1046,0.0790525343729355,0.0932143109815676,2.7079928445671975,0.10976709893296593,2.962085806807968,26.985188053634314,29.05125635807877,0.6003432481739082,1.3323012430323058,1.2950748414199948,1.071857352308061,19.8836902396654,19.372407027544234,15.187544533917752
4h,DON10,TP2,VOL,1484,919,0.15702840687123112,1.0379347929033749,20.91075171440897,0.20684811367317407,6.576963921622725,31.796102970581185,31.796102970581195,0.6364247920419547,2.1283961944367356,1.2117455239857886,1.2430531445863793,22.99195594899143,21.95870602996941,33.47105358181577
4h,DON10,TP2,BTC,1397,904,0.13629927201193248,0.5389821724528538,13.436712861902445,0.5598885054581489,10.413567825373926,18.599359915154267,24.929790907096816,0.6289503468556046,1.396533545180106,1.707377771638701,1.497665080249995,17.878003006233477,24.88606246881,24.93250813793022
4h,DON10,TP1,none,2912,1798,0.057439769605452044,-0.03846084081322636,-1.4087382977617247,-0.4986336293947207,-18.88951597501729,37.8825551697081,46.74965386418498,0.5386190733176026,1.1464676813748245,0.5769514242455348,0.7327972647302361,20.29867354397732,-0.8313948646982539,19.489794424923
4h,DON10,TP1,DAILY,1794,1115,0.05566358988635182,-0.06637746900937395,-1.7973991207638873,-0.4264484211438047,-9.933196193437565,23.292843169157717,36.72506221369045,0.5350804992891068,1.1294805424051477,1.0027426334425855,0.9535922604031797,17.604632856521217,2.552489519871104,10.536811478479645
4h,DON10,TP1,ADX>=20,2164,1292,0.06638533465629706,0.10114082398411507,2.2813139759126244,-0.5078432655216691,-17.260419085038738,33.98768922791249,35.91280923314139,0.5554595400585236,1.1804612803919166,0.7228116615620817,0.9408580320317433,17.612336601714908,-3.518295802079019,17.03658996301911
4h,DON10,TP1,ADX<20,891,619,0.0108145125390575,-0.23782894584928319,-6.604695932794491,-0.32056147888273395,-5.834363458660031,18.20045090568828,35.055778045427864,0.1964366497845382,1.261957969977726,1.4134871822848216,1.0974950133716024,14.674606523547794,0.6744489209818072,-0.444337553659635
4h,DON10,TP1,ATRREG,1632,992,0.10276315320973368,0.4885470991987572,11.635914573114148,0.10628764231011414,1.6855020641271423,15.857930682189503,23.81738545208365,0.6496817643614794,1.6343481624657992,1.7513286063980087,1.6576662601288097,14.603182499091194,12.967932144453975,23.92881143549952
4h,DON10,TP1,NOWKND,2458,1498,0.05877452695550378,-0.02735772758042189,-0.9867879394062862,-0.4758417907297735,-16.921398784530016,35.56097659808013,44.82496390551381,0.49474016195836645,1.1727358269037647,0.5964646667639432,0.7079930797388858,21.97193462860534,-0.9473023783672985,16.052754731014996
4h,DON10,TP1,VOL,2035,1255,0.08105350789581107,0.18556117747335513,5.704360591638813,-0.3041150094461188,-7.200995376766651,23.67852671882832,30.741131681264022,0.5490366374375357,1.5828838085847028,0.9944240359131928,1.0356467168711398,19.53158232745732,6.862761877423451,21.51792802993482
4h,DON10,TP1,BTC,2022,1296,0.09178390519000683,0.4425321809286544,8.592006882413706,-0.4718275903017281,-13.80415004006803,29.256767352753666,31.888579479575995,0.5625483769009633,1.6257838168213683,0.8488406643900885,1.0570361464091802,18.647709321796103,-0.26766317250407345,25.075350191440403
4h,DON10,TIME,none,1989,1194,0.06991310641528378,0.19769072142748592,4.8346552536199905,-0.11404693721796977,-3.040685355453554,26.66170113487668,26.66170113487668,0.6198079555582594,1.2338437767268968,0.9953940959728261,0.9400997880124626,22.11810875753477,7.907169474114162,16.142418294253712
4h,DON10,TIME,DAILY,1197,708,0.055776141289163056,0.0015852652601474422,0.047087764037345714,0.07930569126580679,1.483079615835181,18.700796779696205,29.70339741941117,0.6282204078809364,1.047599869135039,1.3878544688863146,1.1157053153614234,17.799840878234953,8.914481061100798,6.375122333587413
4h,DON10,TIME,ADX>=20,1442,867,0.12173690139066327,1.0071505242006948,15.831481614263465,-0.20235488777383526,-4.963122466561643,24.526822757593802,24.52682275759367,0.6513587490251538,1.7221672161020376,1.0265825581337482,1.2026874096279356,20.133195181099982,2.5365714052899335,25.205757824666584
4h,DON10,TIME,ADX<20,727,503,0.03435724197361448,-0.07867465138377402,-1.982695219677899,0.27863680323768975,3.7009739036597766,13.282430248464628,25.201194855078988,0.32583907523027,1.4804602753571647,1.8312486590636512,1.3685806258913564,14.50493830160875,9.015899179715126,1.5564243130886002
4h,DON10,TIME,ATRREG,1068,623,0.15183394084151774,1.0279505374997988,17.232572401046696,0.24579357885142106,4.774269006879384,19.423896381627472,19.423896381627603,0.7498596118513663,1.7089611798698712,1.5107823851733626,1.520490899647266,17.562381383323945,11.306175154997234,24.13307881707678
4h,DON10,TIME,NOWKND,1734,1027,0.07286716637049352,0.22270801847890187,4.8092197959666905,-0.23363947112538883,-6.220098608836489,26.62263605920554,27.049560307168864,0.5992109149539364,1.4531532052175276,0.9365111205950373,0.9409274761643441,21.344195938182374,3.3721644147143293,13.922922465531752
4h,DON10,TIME,VOL,1394,843,0.1004962746764653,0.5549347335233358,9.363722110485039,0.28315754928741244,8.088074828810266,28.56386788614509,28.563867886144955,0.6482591359746527,1.3642357476573392,1.2603609518071588,1.084728088404931,22.78836172406522,17.828471550306002,18.041757116089443
4h,DON10,TIME,BTC,1340,833,0.11926950299756985,0.6409875928846857,12.766860266916936,0.1208419025785826,2.939396087001467,24.32431155318826,24.324311553188238,0.6567185203048486,1.4783927350600314,1.2257153027966807,1.190101649869776,20.9058054776188,13.32857330843671,21.250771741346817
