timestamp,vol,tbv,cnt,n
1627776000000,79290.617,42598.939,738910.0,240
1627790400000,66644.627,32176.385,647007.0,240
1627804800000,53932.87,26388.739,580700.0,240
1627819200000,57545.51,28260.507,632292.0,240
1627833600000,111023.758,52930.926,1009678.0,240
1627848000000,119091.662,55388.662,1053956.0,240
1627862400000,74210.204,37003.122,700756.0,240
1627876800000,60573.043,30643.705,602513.0,240
1627891200000,84172.86,41272.171,772333.0,240
1627905600000,94812.111,46750.448,901268.0,240
1627920000000,62262.614,29770.552,607342.0,240
1627934400000,75841.296,37070.661,734285.0,240
1627948800000,96793.39,47353.649,870267.0,240
1627963200000,89423.408,43532.002,844849.0,240
1627977600000,61025.542,29754.906,584021.0,240
1627992000000,131923.363,64839.361,1163820.0,240
1628006400000,83737.524,41389.274,767104.0,240
1628020800000,54316.29,27959.934,571776.0,240
1628035200000,60606.82,30121.523,549233.0,240
1628049600000,68913.814,33707.282,626120.0,240
1628064000000,76868.412,38327.718,706526.0,240
1628078400000,138563.633,70723.653,1256466.0,240
1628092800000,77553.709,39017.969,714465.0,240
1628107200000,57054.085,28528.624,560430.0,240
1628121600000,58879.096,28475.764,543301.0,240
1628136000000,58257.737,27398.589,569797.0,240
1628150400000,125619.5,60973.496999999996,1058273.0,240
1628164800000,223833.684,112467.671,1816825.0,240
1628179200000,202466.202,103415.575,1792772.0,240
1628193600000,77193.493,39132.284,731148.0,240
1628208000000,101653.82,50068.743,878041.0,240
1628222400000,99987.927,51057.619,937928.0,240
1628236800000,87229.017,43507.161,815628.0,240
1628251200000,144069.713,75917.441,1341781.0,240
1628265600000,165796.759,84102.399,1570262.0,240
1628280000000,54713.918,26351.097999999998,564925.0,240
1628294400000,79945.159,42151.148,813595.0,240
1628308800000,73662.512,35744.459,761806.0,240
1628323200000,80122.246,40682.135,895300.0,240
1628337600000,153546.884,77625.48,1528680.0,240
1628352000000,110695.06999999999,55699.657,1085475.0,240
1628366400000,85779.02,43681.566,888664.0,240
1628380800000,77536.475,38634.565,789140.0,240
1628395200000,100396.653,50821.41,1002232.0,240
1628409600000,81438.403,40355.481,868260.0,240
1628424000000,118180.666,57535.862,1189975.0,240
1628438400000,95566.747,47547.796,974211.0,240
1628452800000,80565.754,41211.542,815739.0,240
1628467200000,91934.968,44559.635,876661.0,240
1628481600000,53308.603,27236.548,599254.0,240
1628496000000,162608.267,86748.599,1583374.0,240
1628510400000,119820.931,59467.84,1178445.0,240
1628524800000,76792.738,38370.601,830483.0,240
1628539200000,121754.996,60413.238,1193982.0,240
1628553600000,72863.612,36517.874,737501.0,240
1628568000000,58387.134,29486.754,616537.0,240
1628582400000,82787.946,39935.951,837306.0,240
1628596800000,116919.812,57381.865,1131494.0,240
1628611200000,70420.367,34999.379,730655.0,240
1628625600000,59099.99,28576.958,625550.0,240
1628640000000,50559.749,25374.188,515007.0,240
1628654400000,69461.063,34884.623,688123.0,240
1628668800000,63205.879,31062.62,658169.0,240
1628683200000,84134.513,43301.512,827438.0,240
1628697600000,45157.075,22399.343,479090.0,240
1628712000000,78142.292,37630.689,780456.0,240
1628726400000,50085.365,25544.575,534913.0,240
1628740800000,95279.757,46317.528,928646.0,240
1628755200000,93339.468,46139.644,914582.0,240
1628769600000,115587.36,55929.717,1157520.0,240
1628784000000,66312.584,33100.793,702915.0,240
1628798400000,47671.522,23492.182,493151.0,240
1628812800000,65111.828,34512.967,599728.0,240
1628827200000,82709.319,41940.941,798476.0,240
1628841600000,75192.398,36964.266,749675.0,240
1628856000000,74549.018,37096.028,772561.0,240
1628870400000,44107.337,22716.374,492629.0,240
1628884800000,96355.56,51768.974,984298.0,240
1628899200000,32975.694,15956.204,383558.0,240
1628913600000,28564.418,14641.918,348490.0,240
1628928000000,152359.278,74243.826,1437153.0,240
1628942400000,64279.271,31579.043999999998,693796.0,240
1628956800000,46737.788,23893.24,489874.0,240
1628971200000,49452.347,23894.289,521456.0,240
1628985600000,37611.568,18287.058,426650.0,240
1629000000000,72170.697,33655.903,713707.0,240
1629014400000,63144.005,31452.612,691419.0,240
1629028800000,78795.433,38898.166,788205.0,240
1629043200000,58096.621,29841.547,574374.0,240
1629057600000,61132.483,30184.879,662456.0,240
1629072000000,89482.544,44455.335,794368.0,240
1629086400000,37089.067,18621.332,431801.0,240
1629100800000,52644.086,26497.16,557062.0,240
1629115200000,119683.055,56670.961,1099984.0,240
1629129600000,49246.81,23823.801,504091.0,240
1629144000000,64392.043,31043.58,658648.0,240
1629158400000,77409.471,36937.112,700340.0,240
1629172800000,56385.272,27458.58,589779.0,240
1629187200000,84788.734,43807.209,798292.0,240
1629201600000,89932.164,42989.437,871604.0,240
1629216000000,73784.518,35683.631,756863.0,240
1629230400000,92016.241,43215.71,900311.0,240
1629244800000,74046.276,35950.394,762184.0,240
1629259200000,52926.772,25835.817,563756.0,240
1629273600000,64171.676,32177.447,688920.0,240
1629288000000,72719.218,38703.798,730728.0,240
1629302400000,74034.609,36602.529,732446.0,240
1629316800000,57937.606999999996,28875.797,590555.0,240
1629331200000,71589.647,33873.309,682008.0,240
1629345600000,55944.449,27580.455,568398.0,240
1629360000000,70023.775,34081.425,675483.0,240
1629374400000,98043.005,51984.403,954868.0,240
1629388800000,90746.944,47230.568,876969.0,240
1629403200000,53054.342,26588.808,532060.0,240
1629417600000,58194.664,29138.166,569029.0,240
1629432000000,42842.019,21185.124,445821.0,240
1629446400000,51297.09,26019.875,544551.0,240
1629460800000,123750.726,65459.251,1145464.0,240
1629475200000,72869.275,36264.939,742935.0,240
1629489600000,52545.307,27431.873,536345.0,240
1629504000000,40310.792,19474.958,421010.0,240
1629518400000,39470.926,20028.078,415416.0,240
1629532800000,79915.022,39951.439,726483.0,240
1629547200000,71912.583,36329.481999999996,685109.0,240
1629561600000,80584.8,40045.303,732590.0,240
1629576000000,35400.328,17604.097,406738.0,240
1629590400000,36864.761,18540.849,382950.0,240
1629604800000,32727.156,16972.699,363535.0,240
1629619200000,39570.961,20064.842,411394.0,240
1629633600000,82871.03,38569.658,770739.0,240
1629648000000,48212.78,24223.37,472748.0,240
1629662400000,54425.535,27896.675,524559.0,240
1629676800000,92444.018,48514.683,793830.0,240
1629691200000,38199.355,18534.538,417927.0,240
1629705600000,51298.339,25373.445,506837.0,240
1629720000000,83127.93000000001,38535.664,753196.0,240
1629734400000,53385.454,26164.219,510758.0,240
1629748800000,37278.4,18833.748,363244.0,240
1629763200000,51458.292,24861.222,471150.0,240
1629777600000,42022.574,21136.621,412600.0,240
1629792000000,55598.671,26788.558,508673.0,240
1629806400000,108685.412,52878.593,916461.0,240
1629820800000,99263.251,48223.063,833202.0,240
1629835200000,41653.802,19886.972,443499.0,240
1629849600000,44944.840000000004,21909.513,429422.0,240
1629864000000,50072.789,25194.185,457716.0,240
1629878400000,98700.297,47693.583,816133.0,240
1629892800000,98253.873,51656.507,815422.0,240
1629907200000,57761.625,28540.042,511509.0,240
1629921600000,39366.96,19695.286,380164.0,240
1629936000000,69831.003,32613.229,584244.0,240
1629950400000,134557.643,64079.4,1059091.0,240
1629964800000,63614.972,31329.742,592837.0,240
1629979200000,121646.581,59850.344,991275.0,240
1629993600000,46854.761,23478.415,477738.0,240
1630008000000,38678.163,18752.946,404272.0,240
1630022400000,89162.559,44777.153,713833.0,240
1630036800000,56933.257,28835.743,534479.0,240
1630051200000,59025.553,29680.656,558995.0,240
1630065600000,106272.759,54261.024,882371.0,240
1630080000000,40449.354,20608.485,417768.0,240
1630094400000,51823.53,27001.591,519614.0,240
1630108800000,41057.861,20267.735,403176.0,240
1630123200000,33285.333,16508.627,351835.0,240
1630137600000,31528.308,15626.357,337816.0,240
1630152000000,55094.582,26962.927,522710.0,240
1630166400000,40229.726,19575.22,418565.0,240
1630180800000,21597.214,11007.808,271497.0,240
1630195200000,90935.747,43803.866,739851.0,240
1630209600000,50041.617,25120.747,473334.0,240
1630224000000,41473.816,19255.727,408239.0,240
1630238400000,40964.895,20796.884000000002,419280.0,240
1630252800000,35527.483,18654.99,377966.0,240
1630267200000,56161.941,27712.784,502760.0,240
1630281600000,58595.101,27892.436,507625.0,240
1630296000000,57707.598,27821.636,514653.0,240
1630310400000,43587.728,21376.7,434743.0,240
1630324800000,63483.636,31821.908,591492.0,240
1630339200000,45251.12,22615.022,441433.0,240
1630353600000,83205.571,38390.222,710693.0,240
1630368000000,54168.888,27282.557,490321.0,240
1630382400000,64142.095,32633.919,519733.0,240
1630396800000,83890.187,41749.202,711681.0,240
1630411200000,79873.757,39912.245,722503.0,240
1630425600000,40443.792,20051.153,417827.0,240
1630440000000,43029.49,20284.814,435777.0,240
1630454400000,58651.433,28709.083,518800.0,240
1630468800000,40983.375,20208.414,408159.0,240
1630483200000,47629.293,24643.129,482897.0,240
1630497600000,51104.392,25284.151,506226.0,240
1630512000000,108728.889,55034.287,943136.0,240
1630526400000,43010.992,22012.884,422256.0,240
1630540800000,74281.431,37642.597,659139.0,240
1630555200000,75454.094,38175.364,685544.0,240
1630569600000,52463.432,26623.118,525959.0,240
1630584000000,89246.706,43292.603,794164.0,240
1630598400000,39142.966,18611.9,413380.0,240
1630612800000,31274.426,15096.991,351589.0,240
1630627200000,72625.677,34827.39,660958.0,240
1630641600000,44894.962,22616.454,444197.0,240
1630656000000,107533.486,55175.019,931944.0,240
1630670400000,119854.643,60368.041,1025335.0,240
1630684800000,35420.003,17589.091,397057.0,240
1630699200000,49997.615,24875.428,478273.0,240
1630713600000,47769.797,24235.514,439314.0,240
1630728000000,31888.396,15919.050000000001,334283.0,240
1630742400000,58084.241,28252.247,542495.0,240
1630756800000,46197.023,22279.008,476442.0,240
1630771200000,57342.045,28557.662,549180.0,240
1630785600000,33675.34,16946.785,374176.0,240
1630800000000,39413.252,19465.755,421285.0,240
1630814400000,38171.134,18757.125,412176.0,240
1630828800000,56262.295,29300.165,531786.0,240
1630843200000,47609.005,23818.313,477772.0,240
1630857600000,38798.347,19715.183,415048.0,240
1630872000000,68730.091,36992.183,701119.0,240
1630886400000,39319.481,19122.613,407388.0,240
1630900800000,30168.913,16102.846,353849.0,240
1630915200000,66158.363,33530.418,586885.0,240
1630929600000,64598.15,32394.296000000002,645178.0,240
1630944000000,37087.951,18485.249,398219.0,240
1630958400000,60401.426,32396.741,568539.0,240
1630972800000,40762.401,20207.976,434211.0,240
1630987200000,46849.517,23192.675,488544.0,240
1631001600000,133817.41,64014.507,1179412.0,240
1631016000000,321024.276,146461.325,2674172.0,240
1631030400000,147139.959,72903.181,1292318.0,240
1631044800000,74546.576,37256.612,725057.0,240
1631059200000,54462.699,26607.459,564908.0,240
1631073600000,97013.579,46569.332,933651.0,240
1631088000000,112254.268,56948.43,1079799.0,240
1631102400000,86596.263,42453.252,893371.0,240
1631116800000,39100.057,19562.786,430223.0,240
1631131200000,46376.145,22643.51,450957.0,240
1631145600000,52506.443999999996,24999.543,524028.0,240
1631160000000,34986.953,17449.959,405186.0,240
1631174400000,46497.85,22755.807,483835.0,240
1631188800000,99565.005,50532.09,903608.0,240
1631203200000,44770.88,22135.174,474903.0,240
1631217600000,30688.618,14409.496,344440.0,240
1631232000000,29304.665,14979.738,337801.0,240
1631246400000,41018.794,19531.9,423048.0,240
1631260800000,58125.711,29364.824,574704.0,240
1631275200000,123520.035,60149.561,1087686.0,240
1631289600000,29804.659,14658.863,357749.0,240
1631304000000,61759.205,28653.157,599712.0,240
1631318400000,36111.736,18451.194,389280.0,240
1631332800000,34997.051,16923.571,379688.0,240
1631347200000,37789.797,19458.21,414455.0,240
1631361600000,26447.583,13416.746,341295.0,240
1631376000000,32267.349,16465.896,379188.0,240
1631390400000,26530.599000000002,13168.079,310885.0,240
1631404800000,33196.966,16366.907,353827.0,240
1631419200000,24479.611,12500.05,283989.0,240
1631433600000,47644.751,25130.565,482865.0,240
1631448000000,31810.136,15524.889,345801.0,240
1631462400000,17578.736,9306.111,231789.0,240
1631476800000,68824.43,34420.286,622907.0,240
1631491200000,59248.113,27247.664,538146.0,240
1631505600000,69115.61,33911.592,613654.0,240
1631520000000,57176.211,28786.218,544660.0,240
1631534400000,198483.003,98084.233,1687283.0,240
1631548800000,31976.049,16047.226,380218.0,240
1631563200000,32943.082,16477.238,381946.0,240
1631577600000,31041.803,15369.293,335715.0,240
1631592000000,40006.116,20365.626,414834.0,240
1631606400000,40278.361,20216.678,435385.0,240
1631620800000,93101.236,47431.067,886250.0,240
1631635200000,32623.108,15929.109999999999,372520.0,240
1631649600000,40875.097,22159.042,452864.0,240
1631664000000,35974.117,18349.757,374206.0,240
1631678400000,29583.795,15338.124,336035.0,240
1631692800000,50367.635,26534.527000000002,496578.0,240
1631707200000,66231.614,34367.252,626046.0,240
1631721600000,37565.925,18462.557,400914.0,240
1631736000000,24503.284,12134.433,282279.0,240
1631750400000,39726.55,18986.365999999998,397322.0,240
1631764800000,40123.698,20918.953,405326.0,240
1631779200000,40712.484,19961.407,430917.0,240
1631793600000,69272.468,34924.254,646458.0,240
1631808000000,37252.148,17918.001,381255.0,240
1631822400000,32957.379,16906.076,359542.0,240
1631836800000,29521.611,14844.408,312684.0,240
1631851200000,29014.839,14542.57,320278.0,240
1631865600000,41557.268000000004,20488.475,442571.0,240
1631880000000,38856.862,19685.027,412481.0,240
1631894400000,50815.433,24362.176,488046.0,240
1631908800000,36427.327,17870.997,381052.0,240
1631923200000,31644.767,16316.354,340778.0,240
1631937600000,53975.466,28104.988,508556.0,240
1631952000000,28238.961,13458.98,304898.0,240
1631966400000,34998.783,17628.906,360050.0,240
1631980800000,26661.234,13049.784,301648.0,240
1631995200000,32381.202,15785.757,339729.0,240
1632009600000,28919.199,13564.812,322886.0,240
1632024000000,22653.159,11512.028,259088.0,240
1632038400000,41682.283,19469.851,431091.0,240
1632052800000,49938.825,25012.223,468867.0,240
1632067200000,30298.077,14537.73,308796.0,240
1632081600000,39140.39,18967.406,383313.0,240
1632096000000,91180.39,41295.252,751959.0,240
1632110400000,60212.725,28994.576,555361.0,240
1632124800000,136457.775,65052.168,1106846.0,240
1632139200000,167451.314,82435.998,1389823.0,240
1632153600000,78724.605,40352.853,722220.0,240
1632168000000,66737.81999999999,32390.057,631661.0,240
1632182400000,165130.198,79015.501,1265797.0,240
1632196800000,56634.392,29302.483,523173.0,240
1632211200000,48130.661,23719.397,489159.0,240
1632225600000,94156.405,46799.104,824583.0,240
1632240000000,130615.407,66186.053,1121961.0,240
1632254400000,188574.93899999998,91550.725,1577555.0,240
1632268800000,89229.711,45783.512,805931.0,240
1632283200000,46961.054,24873.353,481359.0,240
1632297600000,44510.375,21814.169,491689.0,240
1632312000000,79867.184,42574.4,788426.0,240
1632326400000,105523.876,52759.116,955148.0,240
1632340800000,34757.552,17598.226,361799.0,240
1632355200000,50679.429000000004,26986.659,501157.0,240
1632369600000,44877.149,22483.101,462507.0,240
1632384000000,57993.229,27459.193,571187.0,240
1632398400000,62745.708,32294.900999999998,624832.0,240
1632412800000,77514.433,39573.971,696956.0,240
1632427200000,36443.577,18152.056,373393.0,240
1632441600000,35562.323000000004,17370.877,389344.0,240
1632456000000,64086.595,33525.636,594270.0,240
1632470400000,250306.093,122340.567,2124870.0,240
1632484800000,160633.813,82597.775,1306024.0,240
1632499200000,51755.481,26797.573,513993.0,240
1632513600000,46251.215,24260.892,454468.0,240
1632528000000,44364.348,22019.111,439163.0,240
1632542400000,38205.811,18796.726,375266.0,240
1632556800000,81861.094,41724.315,724856.0,240
1632571200000,52233.338,25986.218,491999.0,240
1632585600000,38001.664,18774.397,373092.0,240
1632600000000,22418.54,11816.468,259670.0,240
1632614400000,41156.796,21026.788,429014.0,240
1632628800000,72267.576,35208.487,638010.0,240
1632643200000,130713.429,70509.259,1045529.0,240
1632657600000,38687.911,19961.722,374169.0,240
1632672000000,23183.202,11541.818,269734.0,240
1632686400000,48385.002,24365.245,477875.0,240
1632700800000,50572.406,26028.218,485688.0,240
1632715200000,32254.405,15792.793,325267.0,240
1632729600000,41911.37,21241.866,455277.0,240
1632744000000,69178.265,34417.623,677896.0,240
1632758400000,38182.083,18237.109,413293.0,240
1632772800000,53213.077,25484.418,501089.0,240
1632787200000,41436.854,21486.667,405864.0,240
1632801600000,53234.934,26230.606,504702.0,240
1632816000000,65640.105,33685.147,604992.0,240
1632830400000,102616.356,50835.117,898010.0,240
1632844800000,53505.248,27211.424,511992.0,240
1632859200000,43312.041,20497.166,411422.0,240
1632873600000,64818.763,33949.087,573236.0,240
1632888000000,37378.049,19022.59,371512.0,240
1632902400000,35147.306,17686.853,380439.0,240
1632916800000,63478.681000000004,30965.434,622287.0,240
1632931200000,52244.17,25888.421,532227.0,240
1632945600000,40240.62,20474.772,410460.0,240
1632960000000,86918.959,46537.945999999996,785083.0,240
1632974400000,43483.797,20800.9,429017.0,240
1632988800000,64065.893000000004,32367.928,572361.0,240
1633003200000,80977.781,41556.769,732305.0,240
1633017600000,75584.32,39797.483,678152.0,240
1633032000000,38154.896,18600.04,398219.0,240
1633046400000,45391.977,22993.933,413056.0,240
1633060800000,65176.097,35668.994,599148.0,240
1633075200000,153071.888,83475.606,1309894.0,240
1633089600000,86174.404,42492.501,829636.0,240
1633104000000,53638.134,28608.183,543045.0,240
1633118400000,46039.268000000004,23959.747,487662.0,240
1633132800000,31301.876,15219.033,363463.0,240
1633147200000,22551.259,11533.18,267309.0,240
1633161600000,26612.509000000002,13215.578,306262.0,240
1633176000000,45374.945999999996,23279.408,492371.0,240
1633190400000,29378.231,15078.126,331751.0,240
1633204800000,27347.167,13316.213,332860.0,240
1633219200000,36685.496,18556.954,428729.0,240
1633233600000,17733.513,8891.026,275703.0,240
1633248000000,22173.035,11162.508,315896.0,240
1633262400000,25559.597,12963.414999999999,363495.0,240
1633276800000,62363.762,33822.614,657634.0,240
1633291200000,47894.972,23088.419,513760.0,240
1633305600000,39500.198,18730.692,442470.0,240
1633320000000,31049.402,16567.105,356247.0,240
1633334400000,27790.641,13338.839,346527.0,240
1633348800000,85178.016,42729.439,880775.0,240
1633363200000,101626.686,52996.909,1013791.0,240
1633377600000,39279.894,19336.682,451193.0,240
1633392000000,40188.705,20865.048,444683.0,240
1633406400000,24470.73,12335.35,294716.0,240
1633420800000,68221.705,35093.603,730816.0,240
1633435200000,55415.104,27155.972999999998,592180.0,240
1633449600000,65944.51699999999,35758.435,661164.0,240
1633464000000,59803.052,31829.567,604408.0,240
1633478400000,33086.689,16610.724,361842.0,240
1633492800000,34665.448,17493.884,381954.0,240
1633507200000,80723.672,39866.547,774867.0,240
1633521600000,180865.745,98825.662,1795719.0,240
1633536000000,45790.527,22610.715,564195.0,240
1633550400000,43599.667,22228.209,528150.0,240
1633564800000,50480.746,24591.191,606051.0,240
1633579200000,31968.056,16092.997,441596.0,240
1633593600000,48013.385,24087.197,594435.0,240
1633608000000,71239.28600000001,34674.856999999996,776108.0,240
1633622400000,32294.73,16151.259,422758.0,240
1633636800000,28978.342,14388.906,387542.0,240
1633651200000,24389.543,11924.075,351595.0,240
1633665600000,35562.654,18115.865999999998,448750.0,240
1633680000000,70861.259,34240.381,782655.0,240
1633694400000,66584.854,32044.054,717219.0,240
1633708800000,29271.929,14682.846,363036.0,240
1633723200000,28539.796,13301.879,359107.0,240
1633737600000,27436.925,13599.053,342207.0,240
1633752000000,29433.798,14755.346,356455.0,240
1633766400000,37225.088,18268.404,443366.0,240
1633780800000,31975.21,15641.742,406821.0,240
1633795200000,22046.93,10573.312,307014.0,240
1633809600000,19377.442,9979.836,286512.0,240
1633824000000,38153.18,18871.145,441867.0,240
1633838400000,50205.002,24759.163,552830.0,240
1633852800000,44971.352,21599.239,526159.0,240
1633867200000,37217.943,18385.999,463108.0,240
1633881600000,28703.442,14088.463,371790.0,240
1633896000000,89821.899,44210.597,854145.0,240
1633910400000,66036.472,34239.2,664330.0,240
1633924800000,51461.605,25878.368,602485.0,240
1633939200000,48793.216,23717.28,540404.0,240
1633953600000,71561.859,36484.937,784812.0,240
1633968000000,36940.918,18758.19,438736.0,240
1633982400000,40073.98,19513.490999999998,458126.0,240
1633996800000,46972.517,23361.567,494780.0,240
1634011200000,45249.453,23046.771,500581.0,240
1634025600000,45040.04,22266.667,549986.0,240
1634040000000,78185.277,37129.748,798227.0,240
1634054400000,60127.754,28638.587,659082.0,240
1634068800000,73572.734,34734.386,757706.0,240
1634083200000,27038.614,13184.944,343584.0,240
1634097600000,71600.312,33683.233,686729.0,240
1634112000000,65531.917,33117.528,677057.0,240
1634126400000,69768.586,35191.689,737144.0,240
1634140800000,48615.929000000004,25576.052,560666.0,240
1634155200000,45158.96,23002.445,539165.0,240
1634169600000,53273.162,28411.810999999998,583119.0,240
1634184000000,32598.365999999998,15441.001,429517.0,240
1634198400000,38956.471,19545.595,500298.0,240
1634212800000,51669.384,25262.729,590330.0,240
1634227200000,60182.291,29764.987,633838.0,240
1634241600000,18040.077,8764.984,302404.0,240
1634256000000,91087.91100000001,47682.608,905610.0,240
1634270400000,65894.165,33306.625,731473.0,240
1634284800000,49766.066,24480.088,578524.0,240
1634299200000,81571.548,40820.495,840766.0,240
1634313600000,103722.803,52297.18,1054789.0,240
1634328000000,101324.02,51509.364,1078814.0,240
1634342400000,28876.543,13961.392,391491.0,240
1634356800000,35285.876,17178.224,439352.0,240
1634371200000,28927.002,14816.528,403940.0,240
1634385600000,59945.091,27524.745,689354.0,240
1634400000000,36673.603,17867.639,472725.0,240
1634414400000,23543.784,11578.326000000001,336871.0,240
1634428800000,27985.16,14402.366,379479.0,240
1634443200000,22807.513,10594.229,325393.0,240
1634457600000,32646.335,16808.344,438113.0,240
1634472000000,33998.82,16880.94,453525.0,240
1634486400000,23039.178,10664.789,368160.0,240
1634500800000,99655.508,47682.633,1027130.0,240
1634515200000,46856.454,22223.638,583787.0,240
1634529600000,39720.952,19302.179,495017.0,240
1634544000000,84981.117,40684.106,915592.0,240
1634558400000,88260.636,42593.862,936456.0,240
1634572800000,46621.257,22169.2,556087.0,240
1634587200000,26838.065,13455.153,372846.0,240
1634601600000,49481.1,24807.476,524710.0,240
1634616000000,31437.363,15638.203,395935.0,240
1634630400000,40335.26,19153.55,454305.0,240
1634644800000,128526.158,61494.934,1183584.0,240
1634659200000,81231.926,42331.943,880905.0,240
1634673600000,48231.911,23014.489,618675.0,240
1634688000000,27908.532,13275.637,366055.0,240
1634702400000,29726.212,14690.834,378889.0,240
1634716800000,27122.188,13750.029,373011.0,240
1634731200000,153773.157,79624.434,1628128.0,240
1634745600000,44838.798,22013.644,578233.0,240
1634760000000,41368.981,20106.791,483681.0,240
1634774400000,87198.033,41146.033,888927.0,240
1634788800000,46399.91,22404.81,556503.0,240
1634803200000,96807.55,47100.915,1013423.0,240
1634817600000,134977.491,62911.313,1366023.0,240
1634832000000,64597.079,31547.775,750873.0,240
1634846400000,48630.395,23483.208,578453.0,240
1634860800000,39587.387,19715.643,478002.0,240
1634875200000,32980.396,16518.395,417842.0,240
1634889600000,40556.274,19095.065,469801.0,240
1634904000000,119962.53,55559.684,1227661.0,240
1634918400000,87908.191,43701.653,860209.0,240
1634932800000,29364.749,14304.463,352598.0,240
1634947200000,23897.751,11804.332,298944.0,240
1634961600000,27338.755,12871.198,339127.0,240
1634976000000,74469.381,36030.184,752110.0,240
1634990400000,47607.373,23820.28,514870.0,240
1635004800000,27844.673,13969.129,326164.0,240
1635019200000,21395.545,10362.908,259025.0,240
1635033600000,22131.745,10753.551,250187.0,240
1635048000000,21450.534,9801.408,243724.0,240
1635062400000,46018.967000000004,22480.865,473907.0,240
1635076800000,83442.205,41362.391,783222.0,240
1635091200000,46040.513,23513.995,502297.0,240
1635105600000,26732.857,13073.599,340823.0,240
1635120000000,40482.013,20705.326,459131.0,240
1635134400000,34493.218,17516.393,391585.0,240
1635148800000,41841.612,20865.85,453014.0,240
1635163200000,51307.222,25820.613,557572.0,240
1635177600000,40775.377,19404.95,458372.0,240
1635192000000,25301.658,13758.498,297031.0,240
1635206400000,20284.521,10035.322,255274.0,240
1635220800000,26769.566,12775.417,324293.0,240
1635235200000,32745.684,16548.383,378468.0,240
1635249600000,58225.82,27455.427,603776.0,240
1635264000000,34482.116,16687.274,370319.0,240
1635278400000,79749.217,36353.293,801600.0,240
1635292800000,30927.778,15547.322,361430.0,240
1635307200000,53871.002,25142.16,580723.0,240
1635321600000,115740.278,53081.601,1081971.0,240
1635336000000,51749.198,25844.038,519017.0,240
1635350400000,41720.975,20761.506,447013.0,240
1635364800000,35103.165,17438.391,368434.0,240
1635379200000,35335.867,17201.459,374722.0,240
1635393600000,31414.041,15563.658,340881.0,240
1635408000000,63108.204,32618.612,676950.0,240
1635422400000,39734.268000000004,20136.323,471415.0,240
1635436800000,101150.535,48704.719,976396.0,240
1635451200000,62580.201,30845.547,632758.0,240
1635465600000,39600.182,19844.542,415634.0,240
1635480000000,34033.945,16008.915,391585.0,240
1635494400000,34308.015,16667.924,401198.0,240
1635508800000,56767.016,29389.223,575804.0,240
1635523200000,38908.070999999996,18579.67,464933.0,240
1635537600000,14738.544,6926.673,214216.0,240
1635552000000,19494.317,9312.804,242543.0,240
1635566400000,22044.413,10885.804,252497.0,240
1635580800000,28607.941,13977.471,328860.0,240
1635595200000,50033.648,24187.242,529763.0,240
1635609600000,17943.483,9164.423999999999,244290.0,240
1635624000000,17917.721,8576.744,245717.0,240
1635638400000,28672.972,14086.318,332363.0,240
1635652800000,21899.629,10666.268,253702.0,240
1635667200000,46618.964,21952.859,468127.0,240
1635681600000,42225.542,20838.912,436815.0,240
1635696000000,21733.66,11115.504,241244.0,240
1635710400000,22448.757,11111.474,257996.0,240
1635724800000,50562.038,22722.982,502284.0,240
1635739200000,61642.346,31111.24,610965.0,240
1635753600000,38855.92,18569.342,420033.0,240
1635768000000,33596.189,15873.251,351929.0,240
1635782400000,38713.701,19581.538,415516.0,240
1635796800000,22788.167,10348.797,273481.0,240
1635811200000,28982.462,14642.851,343468.0,240
1635825600000,23604.763,11706.847,283332.0,240
1635840000000,63013.04,31860.364,684293.0,240
1635854400000,49351.259,25554.976,561340.0,240
1635868800000,27320.05,13414.829,368910.0,240
1635883200000,25320.488,12178.432,337206.0,240
1635897600000,22638.652000000002,11215.866,304145.0,240
1635912000000,19047.805,9113.381,270085.0,240
1635926400000,21927.314,11030.723,287063.0,240
1635940800000,60556.881,28251.265,689518.0,240
1635955200000,68494.414,32622.855,749676.0,240
1635969600000,18525.117,9395.412,246205.0,240
1635984000000,19317.587,8845.929,238978.0,240
1635998400000,23752.38,10940.893,259282.0,240
1636012800000,38273.704,18700.467,437101.0,240
1636027200000,49708.066,23782.634,561196.0,240
1636041600000,37596.828,17888.576,427633.0,240
1636056000000,16028.514,7904.734,223475.0,240
1636070400000,28653.052,14838.173,339071.0,240
1636084800000,20780.244,10022.144,304014.0,240
1636099200000,30237.973,14001.125,394494.0,240
1636113600000,39379.747,18626.77,469839.0,240
1636128000000,23840.178,12304.047,306540.0,240
1636142400000,14678.443,6989.776,234634.0,240
1636156800000,15231.634,7587.009,192658.0,240
1636171200000,27772.665,12650.814,314001.0,240
1636185600000,44458.205,21193.871,507453.0,240
1636200000000,29557.603,14718.78,359904.0,240
1636214400000,21295.596,10395.139,255662.0,240
1636228800000,16603.415,8355.871,231923.0,240
1636243200000,30046.115,15558.075,350895.0,240
1636257600000,16256.467,7484.172,208884.0,240
1636272000000,27930.55,13992.857,338485.0,240
1636286400000,20909.992,10505.414,271693.0,240
1636300800000,22086.417,11092.892,303622.0,240
1636315200000,25648.667,13803.302,325816.0,240
1636329600000,70925.975,35675.268,799022.0,240
1636344000000,48003.386,24725.053,532678.0,240
1636358400000,33008.317,16059.923,443447.0,240
1636372800000,46969.933,23219.197,548739.0,240
1636387200000,27662.518,13075.868,341659.0,240
1636401600000,48362.017,25367.957,606524.0,240
1636416000000,42655.277,21769.683,547021.0,240
1636430400000,33480.414,15467.366,433663.0,240
1636444800000,29176.852,13787.283,438753.0,240
1636459200000,61448.796,30028.135,710993.0,240
1636473600000,38622.289,19073.779,534012.0,240
1636488000000,26460.206,12901.635,422899.0,240
1636502400000,24127.994,11484.853,367529.0,240
1636516800000,21940.337,11461.122,347234.0,240
1636531200000,22141.734,10985.402,347631.0,240
1636545600000,86732.022,43254.735,1037984.0,240
1636560000000,51984.277,23783.367,661982.0,240
1636574400000,140909.209,66534.849,1586087.0,240
1636588800000,39500.105,18592.449,509238.0,240
1636603200000,25059.263,12604.629,365049.0,240
1636617600000,32596.214,15385.927,454251.0,240
1636632000000,45213.237,21467.286,593218.0,240
1636646400000,19811.235,9777.708,334533.0,240
1636660800000,16099.221,7679.217,253851.0,240
1636675200000,32665.674,16022.636,426555.0,240
1636689600000,23397.892,11415.003,317757.0,240
1636704000000,60971.711,29443.603,706316.0,240
1636718400000,59969.843,29301.418,695020.0,240
1636732800000,64246.023,30694.001,714194.0,240
1636747200000,23325.182,11401.581,286882.0,240
1636761600000,17361.868,8325.219000000001,228219.0,240
1636776000000,15003.153,7765.846,194204.0,240
1636790400000,16628.159,7907.422,224295.0,240
1636804800000,34616.59,17280.412,417004.0,240
1636819200000,28126.702,13136.834,347188.0,240
1636833600000,12730.021,6543.258,174563.0,240
1636848000000,25824.172,12253.095,299616.0,240
1636862400000,19684.672,9459.659,255313.0,240
1636876800000,20833.938000000002,10387.943,249321.0,240
1636891200000,24863.392,12354.819,300169.0,240
1636905600000,29576.463,14374.588,358359.0,240
1636920000000,25642.064000000002,13057.438,324134.0,240
1636934400000,37903.212,18279.922,432821.0,240
1636948800000,14774.073,6665.678,199832.0,240
1636963200000,32258.829,16212.301,367852.0,240
1636977600000,49533.702,23262.215,549602.0,240
1636992000000,44930.234,21851.239,495585.0,240
1637006400000,30626.552,14292.294,341463.0,240
1637020800000,120191.417,52904.828,1109303.0,240
1637035200000,74316.828,37180.435,689941.0,240
1637049600000,126415.902,58351.909,1169832.0,240
1637064000000,64367.275,32169.906,658541.0,240
1637078400000,41310.995,19912.375,474881.0,240
1637092800000,48423.289,23992.291,566708.0,240
1637107200000,62067.663,29988.046,678877.0,240
1637121600000,46003.47,23511.606,524164.0,240
1637136000000,77233.221,38060.191,837050.0,240
1637150400000,40557.842,18822.781,529911.0,240
1637164800000,36955.775,18656.763,494241.0,240
1637179200000,24570.902,12333.94,351871.0,240
1637193600000,36756.701,17543.963,453025.0,240
1637208000000,29428.028,14413.048999999999,394081.0,240
1637222400000,43849.784,21264.053,582751.0,240
1637236800000,124595.319,58598.202,1263627.0,240
1637251200000,121385.937,58193.704,1254116.0,240
1637265600000,56005.903,27030.893,681693.0,240
1637280000000,64900.219,31207.173,711727.0,240
1637294400000,30915.485,15446.613,391501.0,240
1637308800000,51371.673,26102.538,579486.0,240
1637323200000,49922.026,24486.993,624879.0,240
1637337600000,28740.975,13405.745,413054.0,240
1637352000000,19505.743,9444.356,284010.0,240
1637366400000,31151.934,15609.745,409675.0,240
1637380800000,20725.834,10461.471,285369.0,240
1637395200000,17163.163,8378.965,253065.0,240
1637409600000,35108.608,15749.599,430891.0,240
1637424000000,49012.591,25636.038,585286.0,240
1637438400000,20535.212,10440.983,293014.0,240
1637452800000,25100.378,11443.579,331716.0,240
1637467200000,17302.632,9118.95,254667.0,240
1637481600000,26861.597,13101.782,369073.0,240
1637496000000,24602.374,12687.568,335443.0,240
1637510400000,30890.018,15475.394,437352.0,240
1637524800000,19130.272,9092.854,305855.0,240
1637539200000,53164.0,24525.521,610348.0,240
1637553600000,36003.396,18421.168,448028.0,240
1637568000000,26793.553,12987.581,365294.0,240
1637582400000,93340.737,45969.177,1014894.0,240
1637596800000,69926.489,32721.209,797556.0,240
1637611200000,46956.706,23266.983,596293.0,240
1637625600000,36061.77,18710.962,450483.0,240
1637640000000,29658.795,13615.427,392744.0,240
1637654400000,100005.252,49006.999,1124953.0,240
1637668800000,50882.049,25561.576,640934.0,240
1637683200000,32770.972,17006.067,432978.0,240
1637697600000,18411.487,8935.772,277213.0,240
1637712000000,33135.56,15402.783,415176.0,240
1637726400000,24124.796,12158.06,316237.0,240
1637740800000,33944.835,17309.32,408244.0,240
1637755200000,52939.771,25842.043999999998,634902.0,240
1637769600000,25100.642,12591.066,335420.0,240
1637784000000,25438.153,12858.744,349088.0,240
1637798400000,34242.814,17109.042,429186.0,240
1637812800000,24437.128,11858.466,301568.0,240
1637827200000,38043.56,18804.579,484555.0,240
1637841600000,43975.202,22874.876,520647.0,240
1637856000000,32545.559,15078.705,409059.0,240
1637870400000,18668.39,9250.518,268358.0,240
1637884800000,28865.986,13614.382,356108.0,240
1637899200000,45280.684,21600.932,501735.0,240
1637913600000,175798.676,82188.313,1735868.0,240
1637928000000,69121.639,34390.12,801157.0,240
1637942400000,32885.947,15256.836,388161.0,240
1637956800000,26697.987,12393.526,344408.0,240
1637971200000,26946.355,13144.523,363794.0,240
1637985600000,16225.013,7885.407,225688.0,240
1638000000000,37275.685,18415.858,443168.0,240
1638014400000,23858.397,11336.254,309415.0,240
1638028800000,18633.894,9168.511,252449.0,240
1638043200000,32179.773,15399.886,381350.0,240
1638057600000,32593.901,15281.72,376802.0,240
1638072000000,16992.683,8684.21,225363.0,240
1638086400000,23038.182,11648.95,272563.0,240
1638100800000,19361.504,9290.087,239430.0,240
1638115200000,49287.972,22979.365,528044.0,240
1638129600000,72326.373,37693.542,751750.0,240
1638144000000,53579.906,27410.026,505393.0,240
1638158400000,20529.854,10198.873,239335.0,240
1638172800000,33015.482,14878.043,394007.0,240
1638187200000,31379.541,16427.246,361059.0,240
1638201600000,54319.128,27117.358,629965.0,240
1638216000000,22287.555,11199.875,318086.0,240
1638230400000,31773.291,13899.774,402998.0,240
1638244800000,48485.3,22568.483,534024.0,240
1638259200000,49903.936,25023.827,551380.0,240
1638273600000,90310.801,43907.774,994056.0,240
1638288000000,87393.278,43271.458,981769.0,240
1638302400000,29757.542,14405.349,386227.0,240
1638316800000,32025.524,16406.845,381290.0,240
1638331200000,23787.105,11650.48,307640.0,240
1638345600000,42655.778,20882.916,494598.0,240
1638360000000,66391.115,32431.269,731147.0,240
1638374400000,62226.222,30270.962,687857.0,240
1638388800000,46873.36,22827.374,546790.0,240
1638403200000,51697.736,23499.055,520095.0,240
1638417600000,36358.475,18292.751,374344.0,240
1638432000000,36291.735,17648.494,419999.0,240
1638446400000,58676.376,28786.354,628984.0,240
1638460800000,40717.024,19979.278,436496.0,240
1638475200000,26243.909,12674.669,294000.0,240
1638489600000,24630.393,11834.869,255619.0,240
1638504000000,26680.986,13436.676,266262.0,240
1638518400000,34275.026,17275.464,354142.0,240
1638532800000,66946.249,31789.785,662327.0,240
1638547200000,104156.75,47992.231999999996,1062550.0,240
1638561600000,117442.612,52536.949,1154886.0,240
1638576000000,46209.014,21145.543,515127.0,240
1638590400000,296139.304,135943.229,2625680.0,240
1638604800000,78691.266,36970.29,896619.0,240
1638619200000,74594.808,38445.331,754731.0,240
1638633600000,59206.997,29449.282,608001.0,240
1638648000000,43933.6,21302.507,483951.0,240
1638662400000,48747.988,24624.525,534690.0,240
1638676800000,28816.705,14210.732,351781.0,240
1638691200000,36831.771,18698.939,420162.0,240
1638705600000,69612.077,33840.844,729847.0,240
1638720000000,63957.743,33255.589,676869.0,240
1638734400000,38468.098,20001.918,449960.0,240
1638748800000,44375.571,22422.689,462158.0,240
1638763200000,39729.981999999996,19723.439,456256.0,240
1638777600000,117027.778,58980.570999999996,1168729.0,240
1638792000000,63688.76,32535.674,696152.0,240
1638806400000,33750.285,16993.642,418035.0,240
1638820800000,59138.653,31094.432,667356.0,240
1638835200000,36758.614,19571.774,411666.0,240
1638849600000,25703.999,11963.273,317037.0,240
1638864000000,32265.317,16450.308,381819.0,240
1638878400000,56930.414,28734.679,638419.0,240
1638892800000,34078.677,16637.704,398016.0,240
1638907200000,38933.597,19334.337,424764.0,240
1638921600000,22479.73,11603.675,256619.0,240
1638936000000,20829.668,10335.777,242974.0,240
1638950400000,54568.633,25872.945,594643.0,240
1638964800000,86105.795,43966.284,855069.0,240
1638979200000,33060.268,16201.609,359682.0,240
1638993600000,21185.79,10468.203,261005.0,240
1639008000000,29192.326,13751.781,340476.0,240
1639022400000,32799.879,17409.496,367841.0,240
1639036800000,45683.388,22416.58,500885.0,240
1639051200000,65882.899,32343.544,710592.0,240
1639065600000,55660.684,27171.089,600582.0,240
1639080000000,43866.91,22182.54,483000.0,240
1639094400000,43997.441,22318.102,478934.0,240
1639108800000,29560.784,14411.222,363692.0,240
1639123200000,33302.976,17069.773,417570.0,240
1639137600000,95523.594,46830.481999999996,1032045.0,240
1639152000000,62325.059,31126.101,679093.0,240
1639166400000,38264.575,18218.166,468992.0,240
1639180800000,51226.667,26905.499,579816.0,240
1639195200000,31341.975,15262.555,383037.0,240
1639209600000,36619.756,18021.283,418539.0,240
1639224000000,32932.693,16396.26,388889.0,240
1639238400000,33165.848,16699.372,442596.0,240
1639252800000,25673.053,13463.654,335463.0,240
1639267200000,21990.553,11305.795,304449.0,240
1639281600000,18507.905,8707.023,244036.0,240
1639296000000,28512.545,14082.66,352549.0,240
1639310400000,41937.863,21326.57,516456.0,240
1639324800000,50560.223,26201.014,627242.0,240
1639339200000,21925.196,11426.5,307432.0,240
1639353600000,48460.376000000004,23645.09,555034.0,240
1639368000000,31194.786,15956.536,356005.0,240
1639382400000,35244.336,17630.907,429176.0,240
1639396800000,73371.395,35727.820999999996,859909.0,240
1639411200000,112620.663,55262.146,1238887.0,240
1639425600000,47659.766,23373.393,625289.0,240
1639440000000,35804.089,18314.356,448929.0,240
1639454400000,32736.936,16608.377,423105.0,240
1639468800000,45927.87,23259.424,578471.0,240
1639483200000,56207.231,27158.412,701573.0,240
1639497600000,41922.355,21430.789,565265.0,240
1639512000000,53615.146,29107.744,643973.0,240
1639526400000,29305.954,14806.08,388503.0,240
1639540800000,23871.151,11924.407,346035.0,240
1639555200000,32277.139,16097.775,446494.0,240
1639569600000,70193.797,33074.218,827305.0,240
1639584000000,132449.756,68066.377,1419888.0,240
1639598400000,57142.094,29243.611,693095.0,240
1639612800000,24583.273,11816.462,300114.0,240
1639627200000,21891.147,11240.49,307241.0,240
1639641600000,28955.162,14895.742,390393.0,240
1639656000000,59807.805,29455.176,705906.0,240
1639670400000,42714.147,21177.614,539804.0,240
1639684800000,37922.653,18759.682,455586.0,240
1639699200000,24954.847999999998,12338.821,318129.0,240
1639713600000,40882.063,19563.273,504264.0,240
1639728000000,36356.234,18577.682,489458.0,240
1639742400000,99017.771,47227.597,1101660.0,240
1639756800000,62015.642,31484.759,739080.0,240
1639771200000,63231.577,29919.227,748102.0,240
1639785600000,48155.57,24519.696,591476.0,240
1639800000000,31335.257,15597.292,440098.0,240
1639814400000,38943.395,19895.306,546454.0,240
1639828800000,29805.153000000002,14764.225,440923.0,240
1639843200000,24012.194,11688.854,385486.0,240
1639857600000,18754.846,9452.731,312625.0,240
1639872000000,39911.69,20262.204,488165.0,240
1639886400000,32383.652000000002,15868.982,424289.0,240
1639900800000,36281.681,18525.186,456223.0,240
1639915200000,68570.303,34546.865,752494.0,240
1639929600000,31033.635,14223.207,366596.0,240
1639944000000,33517.58,16729.71,381258.0,240
1639958400000,42052.681,20823.274,487303.0,240
1639972800000,37480.623,18762.209,502072.0,240
1639987200000,43299.535,20801.343,566242.0,240
1640001600000,64165.18,31456.561999999998,771015.0,240
1640016000000,41520.36,21584.68,502907.0,240
1640030400000,45285.88,22687.321,556141.0,240
1640044800000,44660.755,23398.535,506313.0,240
1640059200000,57862.219,28975.368,701553.0,240
1640073600000,39374.386,20518.44,545008.0,240
1640088000000,61266.779,29792.162,794163.0,240
1640102400000,25865.288,13656.589,382277.0,240
1640116800000,30978.931,15957.376,439053.0,240
1640131200000,38612.406,19760.86,483987.0,240
1640145600000,27330.125,13393.845,351338.0,240
1640160000000,34543.29,16764.33,450658.0,240
1640174400000,48215.448,23579.234,586393.0,240
1640188800000,34270.969,17374.969,414164.0,240
1640203200000,25491.451,12138.85,346420.0,240
1640217600000,40285.592,19782.911,461778.0,240
1640232000000,23330.347999999998,11682.194,265412.0,240
1640246400000,25355.563,13070.280999999999,318720.0,240
1640260800000,33714.0,16699.317,404501.0,240
1640275200000,99972.67,51391.854,981208.0,240
1640289600000,33227.307,16069.768,399205.0,240
1640304000000,40600.277,21228.49,410061.0,240
1640318400000,18735.07,9312.396,219940.0,240
1640332800000,29344.85,14617.86,340652.0,240
1640347200000,44030.016,21071.714,468668.0,240
1640361600000,53166.512,26548.756,529181.0,240
1640376000000,34332.0,17032.447,391001.0,240
1640390400000,17276.19,8435.31,207093.0,240
1640404800000,16306.84,8048.49,190344.0,240
1640419200000,18819.754,9369.915,242422.0,240
1640433600000,19525.973,9498.135,250656.0,240
1640448000000,42827.781,21737.74,468128.0,240
1640462400000,32905.9,15845.011,282210.0,240
1640476800000,50236.523,22917.188,452986.0,240
1640491200000,18703.555,9186.595,222715.0,240
1640505600000,29899.118,14061.577,326492.0,240
1640520000000,25389.585,13069.331,289950.0,240
1640534400000,21876.853,10821.714,246876.0,240
1640548800000,38694.982,19461.988,408958.0,240
1640563200000,26801.538,13289.528,277886.0,240
1640577600000,22776.056,10724.161,233406.0,240
1640592000000,24228.779,11453.461,264044.0,240
1640606400000,53958.429,27770.624,562834.0,240
1640620800000,51489.513,25141.436999999998,513136.0,240
1640635200000,36970.948,17882.791,413705.0,240
1640649600000,63833.496,30323.156,651462.0,240
1640664000000,54337.141,25037.107,536536.0,240
1640678400000,40077.647,19672.507,430806.0,240
1640692800000,54869.147,26472.295,580896.0,240
1640707200000,88235.09300000001,41547.609,862947.0,240
1640721600000,34730.816,17351.525,361251.0,240
1640736000000,27210.09,13997.932,293389.0,240
1640750400000,20596.079,9465.468,247931.0,240
1640764800000,35436.138,17737.543,381884.0,240
1640779200000,98456.836,49280.201,899735.0,240
1640793600000,37327.094,17607.306,371176.0,240
1640808000000,55769.141,26633.358,546451.0,240
1640822400000,50296.858,24898.712,485373.0,240
1640836800000,27564.357,14477.096,283362.0,240
1640851200000,38603.655,19872.312,368767.0,240
1640865600000,36403.503,17644.072,364888.0,240
1640880000000,37670.154,19069.07,340951.0,240
1640894400000,39392.761,19674.18,360033.0,240
1640908800000,32634.143,16974.49,302891.0,240
1640923200000,30888.372,15703.905999999999,302691.0,240
1640937600000,73628.822,37464.526,695278.0,240
1640952000000,30532.946,16114.132,306863.0,240
1640966400000,76988.381,34581.686,720408.0,240
1640980800000,42513.339,22571.62,414622.0,240
1640995200000,24921.419,12498.91,250048.0,240
1641009600000,34840.019,17871.343,336846.0,240
1641024000000,29421.287,14048.192,307536.0,240
1641038400000,28293.73,14319.742,303405.0,240
1641052800000,38466.496,18932.078,401014.0,240
1641067200000,23490.633,12315.954,224249.0,240
1641081600000,20840.181,10111.92,215373.0,240
1641096000000,31316.56,15556.002,277253.0,240
1641110400000,22208.407,11330.558,224360.0,240
1641124800000,26792.14,13299.728,286792.0,240
1641139200000,63863.45,31787.999,612290.0,240
1641153600000,19774.355,9895.106,229176.0,240
1641168000000,26291.881,12469.723,249217.0,240
1641182400000,21333.244,10732.745,208103.0,240
1641196800000,33235.58,16932.415,329937.0,240
1641211200000,57712.063,27313.349,531466.0,240
1641225600000,49363.789,24209.809,486296.0,240
1641240000000,56845.236,27395.217,562699.0,240
1641254400000,30816.389,15074.662,306592.0,240
1641268800000,28851.557,14147.371,302501.0,240
1641283200000,37737.68,18285.194,367017.0,240
1641297600000,68631.828,33745.051999999996,624254.0,240
1641312000000,92895.654,45692.93,819050.0,240
1641326400000,33216.642,16341.0,344192.0,240
1641340800000,28814.127,14689.185,274160.0,240
1641355200000,18289.792,8929.039,176247.0,240
1641369600000,54891.578,27053.616,539066.0,240
1641384000000,81299.27,40496.325,730276.0,240
1641398400000,128210.848,58711.28,1125962.0,240
1641412800000,173971.954,82696.098,1592470.0,240
1641427200000,56177.064,26864.619,518469.0,240
1641441600000,53675.887,27483.603,525250.0,240
1641456000000,59278.161,29052.376,602682.0,240
1641470400000,61959.766,31076.294,615843.0,240
1641484800000,42221.222,21488.034,417165.0,240
1641499200000,26197.751,12941.229,287663.0,240
1641513600000,72499.775,33093.563,664480.0,240
1641528000000,96980.039,48418.95,864472.0,240
1641542400000,61787.693,32423.7,596668.0,240
1641556800000,131096.797,62686.258,1217394.0,240
1641571200000,79067.223,40582.409,716562.0,240
1641585600000,31783.322,16065.83,327947.0,240
1641600000000,33066.323,17399.404,328436.0,240
1641614400000,16857.004,8381.07,220138.0,240
1641628800000,32638.282,16628.101,348426.0,240
1641643200000,39542.944,19539.15,431422.0,240
1641657600000,100299.812,48840.462,987381.0,240
1641672000000,61332.859,32275.407,636965.0,240
1641686400000,36586.352,18377.083,380450.0,240
1641700800000,22050.977,10791.479,244536.0,240
1641715200000,34959.754,17955.196,365038.0,240
1641729600000,40736.574,19954.288,414038.0,240
1641744000000,54244.795,29325.695,568144.0,240
1641758400000,34556.5,16261.181,376841.0,240
1641772800000,29063.854,14664.664999999999,306966.0,240
1641787200000,27296.153,14280.043,292642.0,240
1641801600000,38659.985,18352.014,400202.0,240
1641816000000,191731.906,93224.194,1690341.0,240
1641830400000,129699.635,65370.265,1153687.0,240
1641844800000,37192.583,19352.441,409320.0,240
1641859200000,38923.481,20120.203,388946.0,240
1641873600000,28211.101,14180.265,319234.0,240
1641888000000,54600.484,26187.027000000002,533287.0,240
1641902400000,70410.719,35655.802,691538.0,240
1641916800000,105655.963,54374.562,993600.0,240
1641931200000,25958.943,12737.538,284270.0,240
1641945600000,25398.301,12508.257,256020.0,240
1641960000000,24257.707,12644.414,248294.0,240
1641974400000,55508.866,28879.351,501352.0,240
1641988800000,103073.726,52740.39,923576.0,240
1642003200000,38298.922,19114.06,376107.0,240
1642017600000,34801.772,18668.98,347888.0,240
1642032000000,25184.537,11944.96,266165.0,240
1642046400000,18454.877,8758.603,209573.0,240
1642060800000,35161.981999999996,16950.866,371295.0,240
1642075200000,101156.462,48203.445999999996,920188.0,240
1642089600000,72060.145,35351.615,693212.0,240
1642104000000,37271.177,18396.24,381797.0,240
1642118400000,26118.078,13166.448,282953.0,240
1642132800000,25171.362,12269.051,263245.0,240
1642147200000,61165.784,28971.758,604395.0,240
1642161600000,94050.754,48625.265,837090.0,240
1642176000000,41991.268000000004,21116.845,444253.0,240
1642190400000,24019.831,12285.749,279350.0,240
1642204800000,18172.76,9055.309,214692.0,240
1642219200000,21502.38,10628.544,236811.0,240
1642233600000,24779.19,12724.973,270522.0,240
1642248000000,53299.809,26752.584,672377.0,240
1642262400000,30500.863,15777.414999999999,365591.0,240
1642276800000,36394.155,18222.537,402084.0,240
1642291200000,21680.661,10518.163,261781.0,240
1642305600000,19685.639,9961.023,217840.0,240
1642320000000,26377.981,13248.001,341430.0,240
1642334400000,57634.189,29086.596,573275.0,240
1642348800000,29378.379,13993.96,351472.0,240
1642363200000,22693.626,11419.552,258536.0,240
1642377600000,27198.485,13528.147,293271.0,240
1642392000000,38889.007,18545.072,416065.0,240
1642406400000,26231.901,13257.67,312750.0,240
1642420800000,37730.884,18825.137,439378.0,240
1642435200000,57281.534,27294.631,635459.0,240
1642449600000,45416.534,21799.213,479412.0,240
1642464000000,26401.352,12889.851,283033.0,240
1642478400000,28273.791,14698.771,297780.0,240
1642492800000,53114.385,25429.583,522128.0,240
1642507200000,74084.757,36873.445,635940.0,240
1642521600000,39393.236,20069.643,375293.0,240
1642536000000,46204.944,24692.206000000002,491290.0,240
1642550400000,45861.101,21942.912,406678.0,240
1642564800000,44726.027,21452.136,427438.0,240
1642579200000,70232.904,36301.336,608643.0,240
1642593600000,81370.997,40448.719,743014.0,240
1642608000000,61136.253,31420.253,577105.0,240
1642622400000,30624.813,14974.752,330574.0,240
1642636800000,24616.155,12508.498,257211.0,240
1642651200000,21627.88,11063.302,232002.0,240
1642665600000,32685.076,16489.305,323689.0,240
1642680000000,112378.669,59556.531,984943.0,240
1642694400000,62557.723,30733.905,593556.0,240
1642708800000,145952.549,68618.735,1257939.0,240
1642723200000,190332.367,86263.607,1565694.0,240
1642737600000,68697.007,34443.161,660655.0,240
1642752000000,51331.454,24731.907,539404.0,240
1642766400000,164801.884,81168.235,1508352.0,240
1642780800000,88881.025,42398.851,878362.0,240
1642795200000,226277.172,107958.889,1960510.0,240
1642809600000,81267.516,40102.778,711280.0,240
1642824000000,100575.875,48233.004,844717.0,240
1642838400000,188021.304,92280.969,1605748.0,240
1642852800000,106490.777,53851.784,1042319.0,240
1642867200000,118674.765,59834.070999999996,1167540.0,240
1642881600000,81242.667,40929.12,767930.0,240
1642896000000,43478.667,21701.539,421413.0,240
1642910400000,52786.99,27890.489,489867.0,240
1642924800000,73916.856,39064.675,640427.0,240
1642939200000,65186.126,32641.362,624517.0,240
1642953600000,57028.697,28521.748,558983.0,240
1642968000000,76975.567,41525.978,686356.0,240
1642982400000,54944.39,27755.65,506562.0,240
1642996800000,53335.384,25507.428,462302.0,240
1643011200000,213651.211,105435.187,1820746.0,240
1643025600000,218066.539,111536.739,1941193.0,240
1643040000000,189038.451,100590.254,1704068.0,240
1643054400000,93964.727,50207.337,944369.0,240
1643068800000,42911.754,21431.742,459388.0,240
1643083200000,46686.852,23310.213,443604.0,240
1643097600000,64687.349,33067.951,695587.0,240
1643112000000,113892.414,59288.356,1165205.0,240
1643126400000,86729.467,44576.599,914809.0,240
1643140800000,54627.681,27552.923,572582.0,240
1643155200000,44102.324,23115.588,445561.0,240
1643169600000,59484.763,30316.663,616368.0,240
1643184000000,70811.35,36951.020000000004,709619.0,240
1643198400000,90755.824,45935.553,953535.0,240
1643212800000,174483.135,87190.514,1597924.0,240
1643227200000,114819.988,57201.004,1144822.0,240
1643241600000,80090.886,38292.538,749945.0,240
1643256000000,45168.023,24139.555,473898.0,240
1643270400000,57824.352,29828.756,617949.0,240
1643284800000,77370.159,39584.04,822287.0,240
1643299200000,73057.779,36935.047,769049.0,240
1643313600000,88495.723,45221.716,908834.0,240
1643328000000,55618.483,28502.643,573224.0,240
1643342400000,49705.575,24259.226,495149.0,240
1643356800000,56963.316,27807.285,615082.0,240
1643371200000,100314.742,51888.441,975329.0,240
1643385600000,54635.766,27634.611,568529.0,240
1643400000000,50271.261,26824.416,553304.0,240
1643414400000,30569.454,15586.313,335187.0,240
1643428800000,26772.493,13891.65,299761.0,240
1643443200000,23928.858,11822.292,292518.0,240
1643457600000,64654.344,31969.251,703112.0,240
1643472000000,36527.6,18851.339,412001.0,240
1643486400000,56205.015,29724.488,601263.0,240
1643500800000,26640.056,13019.095,289655.0,240
1643515200000,22596.856,12570.343,241052.0,240
1643529600000,34747.003,17055.843,360605.0,240
1643544000000,35624.41,17461.309,412836.0,240
1643558400000,34844.098,16752.488,420433.0,240
1643572800000,40576.702,21323.642,458409.0,240
1643587200000,59198.63,28300.683,589647.0,240
1643601600000,25195.949,13096.84,276932.0,240
1643616000000,33956.838,17437.825,353219.0,240
1643630400000,78767.952,41497.147,768205.0,240
1643644800000,90238.499,49316.888,857165.0,240
1643659200000,31082.524,15651.83,334962.0,240
1643673600000,30282.319,16073.555,315285.0,240
1643688000000,27168.881,13426.126,291477.0,240
1643702400000,83908.211,43664.27,775283.0,240
1643716800000,101041.918,50951.538,1013573.0,240
1643731200000,79037.46399999999,40149.886,837147.0,240
1643745600000,31915.328,16600.949,370098.0,240
1643760000000,25995.784,12802.947,305134.0,240
1643774400000,32967.668,15589.282,346052.0,240
1643788800000,26550.353,13702.585000000001,309513.0,240
1643803200000,111614.839,52838.342,963191.0,240
1643817600000,70061.154,34839.395,644886.0,240
1643832000000,70381.136,34299.647,669290.0,240
1643846400000,31557.404,15789.739,334240.0,240
1643860800000,26381.127,13752.871,282522.0,240
1643875200000,73514.476,35637.917,605701.0,240
1643889600000,86926.339,44693.797,775849.0,240
1643904000000,46202.179,23461.427,482376.0,240
1643918400000,54074.703,28885.42,539373.0,240
1643932800000,29031.865,14583.832,301440.0,240
1643947200000,62919.964,33668.563,566206.0,240
1643961600000,50036.92,25971.644,474203.0,240
1643976000000,192162.067,102346.184,1682596.0,240
1643990400000,123507.677,64851.094,1230420.0,240
1644004800000,62447.277,34382.224,621170.0,240
1644019200000,50762.567,25652.04,529699.0,240
1644033600000,30117.916,15702.525,357321.0,240
1644048000000,33173.44,16203.465,378847.0,240
1644062400000,47248.057,24011.068,543804.0,240
1644076800000,56042.46,27744.62,635092.0,240
1644091200000,24839.63,11985.857,284084.0,240
1644105600000,15577.328,7982.38,186294.0,240
1644120000000,20909.245,10692.046,234094.0,240
1644134400000,19093.225,9955.83,220613.0,240
1644148800000,82359.264,43543.835,763440.0,240
1644163200000,25959.495,12943.489,288222.0,240
1644177600000,51425.393000000004,27910.79,504452.0,240
1644192000000,75383.81,38933.522,763525.0,240
1644206400000,36380.325,18444.803,389351.0,240
1644220800000,42599.829,21375.927,440476.0,240
1644235200000,104841.085,56226.602,993754.0,240
1644249600000,114083.185,59883.796,1008442.0,240
1644264000000,44765.54,21367.748,482882.0,240
1644278400000,32645.437,17097.262,363407.0,240
1644292800000,85672.728,46431.561,823713.0,240
1644307200000,97055.673,47090.698,972643.0,240
1644321600000,101164.232,49868.355,1000034.0,240
1644336000000,85265.726,42130.354,795994.0,240
1644350400000,66211.625,35813.159,693600.0,240
1644364800000,46646.688,21611.735,470091.0,240
1644379200000,38291.094,20538.68,426944.0,240
1644393600000,51492.68,25680.803,535676.0,240
1644408000000,72521.238,37101.579,771830.0,240
1644422400000,56171.968,28111.226,595206.0,240
1644436800000,35146.394,17222.915,415243.0,240
1644451200000,38691.373,17938.677,394484.0,240
1644465600000,32297.56,16650.263,339284.0,240
1644480000000,70518.552,37547.717,693430.0,240
1644494400000,228288.50400000002,113787.541,2029320.0,240
1644508800000,118729.233,60071.929000000004,1151802.0,240
1644523200000,75396.853,37196.014,761517.0,240
1644537600000,76810.946,38300.987,778252.0,240
1644552000000,34134.604,16975.187,392072.0,240
1644566400000,53524.527,26564.809,598621.0,240
1644580800000,75153.488,37708.481999999996,834252.0,240
1644595200000,109487.572,53994.162,1139003.0,240
1644609600000,65535.056,32440.783,756202.0,240
1644624000000,22443.791,11493.054,293285.0,240
1644638400000,36733.607,17777.772,425765.0,240
1644652800000,44270.171,22799.824,460926.0,240
1644667200000,48108.457,23912.678,558762.0,240
1644681600000,58651.074,30813.034,626015.0,240
1644696000000,46062.225,21763.679,506851.0,240
1644710400000,23847.546,12006.408,262445.0,240
1644724800000,17997.913,9495.387,218500.0,240
1644739200000,26909.072,13703.673,319165.0,240
1644753600000,42536.442,21608.325,467633.0,240
1644768000000,50126.475,24229.584,534062.0,240
1644782400000,30650.564,15491.529,347152.0,240
1644796800000,43798.733,21578.406,457979.0,240
1644811200000,31531.644,16528.916,341644.0,240
1644825600000,39708.867,19668.135,421287.0,240
1644840000000,82094.764,43522.346,792666.0,240
1644854400000,71326.145,35521.248,649026.0,240
1644868800000,35530.78,18283.881,374634.0,240
1644883200000,53247.791,28997.507,528215.0,240
1644897600000,27010.686,13827.03,278891.0,240
1644912000000,66566.243,34738.237,641484.0,240
1644926400000,56126.27,27104.128,532912.0,240
1644940800000,38558.184,19099.334,406554.0,240
1644955200000,35226.247,18194.535,394114.0,240
1644969600000,31320.914,14342.06,326426.0,240
1644984000000,33867.667,16111.842,335081.0,240
1644998400000,32542.713,15594.099,355707.0,240
1645012800000,71318.908,34490.767,694708.0,240
1645027200000,58647.276,29588.537,539677.0,240
1645041600000,28092.809,12936.259,292154.0,240
1645056000000,31513.32,14809.092,308684.0,240
1645070400000,36810.479,18974.711,378986.0,240
1645084800000,66102.146,31046.322,647987.0,240
1645099200000,116895.344,54768.991,1083689.0,240
1645113600000,106116.646,49299.129,950038.0,240
1645128000000,76521.049,36951.66,723941.0,240
1645142400000,39384.765,20713.839,408823.0,240
1645156800000,22165.491,10785.938,269798.0,240
1645171200000,48186.807,22657.209,503911.0,240
1645185600000,135316.386,67436.527,1138081.0,240
1645200000000,100326.422,52445.465000000004,855778.0,240
1645214400000,32299.911,15949.388,354759.0,240
1645228800000,20450.295,10623.569,225201.0,240
1645243200000,20114.636,10647.267,237593.0,240
1645257600000,44978.13,20992.429,469040.0,240
1645272000000,41785.86,21865.602,419305.0,240
1645286400000,39707.42,20781.783,400053.0,240
1645300800000,18588.334,9317.147,212291.0,240
1645315200000,23054.423,10635.61,246967.0,240
1645329600000,87319.496,40597.819,726945.0,240
1645344000000,80018.535,39016.388,682543.0,240
1645358400000,56242.356,28955.841,513479.0,240
1645372800000,29253.352,15096.241,308167.0,240
1645387200000,53852.282,27840.169,487159.0,240
1645401600000,68441.788,35639.053,601714.0,240
1645416000000,39550.103,20690.319,362553.0,240
1645430400000,101600.8,46349.847,899216.0,240
1645444800000,181683.274,94014.482,1441033.0,240
1645459200000,138733.605,68466.93,1062077.0,240
1645473600000,116382.245,58349.404,992915.0,240
1645488000000,85764.986,42794.107,725779.0,240
1645502400000,66126.344,33544.793,604808.0,240
1645516800000,75416.597,39661.064,738812.0,240
1645531200000,107726.302,56030.734,1030154.0,240
1645545600000,81747.993,41835.661,769062.0,240
1645560000000,48531.275,25534.601,472464.0,240
1645574400000,47089.349,22630.849,399958.0,240
1645588800000,38072.803,19916.293,366534.0,240
1645603200000,80640.954,43308.187,697711.0,240
1645617600000,77306.212,37735.889,661443.0,240
1645632000000,94397.828,44697.375,787558.0,240
1645646400000,70549.109,34893.583,628352.0,240
1645660800000,162571.113,76762.821,1410053.0,240
1645675200000,173189.378,90646.931,1510041.0,240
1645689600000,132369.489,67910.053,1181310.0,240
1645704000000,144996.937,75210.375,1346859.0,240
1645718400000,149591.851,80931.27100000001,1301641.0,240
1645732800000,157102.139,84717.983,1372743.0,240
1645747200000,61487.741,32159.762,607046.0,240
1645761600000,43619.074,21532.633,479844.0,240
1645776000000,67379.295,34377.881,708322.0,240
1645790400000,127808.421,68036.54,1242459.0,240
1645804800000,69050.423,34182.237,706890.0,240
1645819200000,46971.412,24289.249,528645.0,240
1645833600000,55893.631,28523.166,549976.0,240
1645848000000,30895.399,15340.212,346291.0,240
1645862400000,57873.226,28358.893,586053.0,240
1645876800000,37963.774,19586.996,438547.0,240
1645891200000,34047.193,17049.001,392562.0,240
1645905600000,35218.978,17787.885,383877.0,240
1645920000000,47846.479,22963.7,487786.0,240
1645934400000,25455.641,13453.619,285012.0,240
1645948800000,55589.691,29522.475,565410.0,240
1645963200000,115539.758,58584.734,1049108.0,240
1645977600000,71921.082,31841.199,693766.0,240
1645992000000,106844.596,52308.77,1019978.0,240
1646006400000,61394.924,31300.958,542165.0,240
1646020800000,62198.277,31497.895,585855.0,240
1646035200000,54388.305,27420.477,550983.0,240
1646049600000,178721.525,97148.054,1674634.0,240
1646064000000,118561.524,61841.579,1144505.0,240
1646078400000,140126.606,75858.982,1396170.0,240
1646092800000,60518.915,29503.431,618531.0,240
1646107200000,37006.847,18550.043,411491.0,240
1646121600000,74110.717,37301.505,769121.0,240
1646136000000,163585.943,81678.801,1590821.0,240
1646150400000,70038.141,35344.949,734175.0,240
1646164800000,43223.083,22574.844,486254.0,240
1646179200000,53499.181,26623.237,592689.0,240
1646193600000,41657.856999999996,20097.797,473315.0,240
1646208000000,53375.749,26855.054,566479.0,240
1646222400000,167740.842,83792.579,1623756.0,240
1646236800000,59121.346,28036.159,615637.0,240
1646251200000,32208.746,16495.666,368014.0,240
1646265600000,36168.687,17090.16,418933.0,240
1646280000000,44952.237,22140.273,479655.0,240
1646294400000,40145.83,19852.546,467575.0,240
1646308800000,102603.821,48312.229,1047132.0,240
1646323200000,84431.57,41822.375,798480.0,240
1646337600000,57263.687,29054.224,591533.0,240
1646352000000,74477.161,34651.903,733717.0,240
1646366400000,32946.002,15898.032,347677.0,240
1646380800000,74542.746,36976.356999999996,817184.0,240
1646395200000,112845.938,54694.392,1188590.0,240
1646409600000,80557.285,37243.331,847136.0,240
1646424000000,93769.242,45268.4,974500.0,240
1646438400000,38296.958,19200.667,414753.0,240
1646452800000,27670.341,13856.93,316543.0,240
1646467200000,38882.501,19024.472,410967.0,240
1646481600000,32945.096,16481.931,390444.0,240
1646496000000,37526.047,19341.098,423166.0,240
1646510400000,23426.95,11594.511,256345.0,240
1646524800000,23293.051,11442.853000000001,249863.0,240
1646539200000,45556.074,22253.591,457374.0,240
1646553600000,80127.946,37955.993,793467.0,240
1646568000000,66448.93,35318.934,657768.0,240
1646582400000,48289.587,24114.384,493021.0,240
1646596800000,47989.672,23963.622,511338.0,240
1646611200000,74983.678,35426.499,689187.0,240
1646625600000,37339.642,18542.759000000002,390595.0,240
1646640000000,56249.761,29676.644,553376.0,240
1646654400000,104505.192,54528.524,996090.0,240
1646668800000,128966.328,61377.228,1282100.0,240
1646683200000,88209.915,45925.175,835701.0,240
1646697600000,52210.899,26801.623,538982.0,240
1646712000000,54181.591,26508.697,533606.0,240
1646726400000,65088.915,33846.156,682695.0,240
1646740800000,102811.62700000001,49906.424,1037374.0,240
1646755200000,115241.489,58032.102,1104586.0,240
1646769600000,31927.846,16064.832,346744.0,240
1646784000000,108319.652,60695.736,979417.0,240
1646798400000,82800.208,42942.613,790132.0,240
1646812800000,83163.06,42867.18,814702.0,240
1646827200000,96730.457,48467.361,939561.0,240
1646841600000,56088.316,27093.532,615170.0,240
1646856000000,34958.118,17742.452,425186.0,240
1646870400000,72554.24,33615.303,773460.0,240
1646884800000,119058.249,54531.018000000004,1144403.0,240
1646899200000,63543.3,31297.248,640891.0,240
1646913600000,168079.60199999998,86203.301,1572417.0,240
1646928000000,62782.382,30864.518,527098.0,240
1646942400000,34627.413,16829.317,380745.0,240
1646956800000,69355.961,32943.094,690057.0,240
1646971200000,61525.339,31805.928,598765.0,240
1646985600000,103949.336,53676.906,988562.0,240
1647000000000,129527.86,63527.72,1218917.0,240
1647014400000,56629.129,27294.32,576703.0,240
1647028800000,46091.267,23258.859,493232.0,240
1647043200000,28631.993,14398.154,317215.0,240
1647057600000,21680.147,10294.338,251484.0,240
1647072000000,27209.838,13348.634,318926.0,240
1647086400000,44094.489,21255.205,467709.0,240
1647100800000,33925.401,17222.746,349829.0,240
1647115200000,16952.957,7975.87,211245.0,240
1647129600000,29586.864,15006.741,297247.0,240
1647144000000,14572.88,7246.994,162808.0,240
1647158400000,37774.363,17629.348,369844.0,240
1647172800000,66028.279,33057.063,629460.0,240
1647187200000,23770.682,11219.973,235380.0,240
1647201600000,64890.626,29222.424,678856.0,240
1647216000000,43254.049,22438.267,421485.0,240
1647230400000,70825.957,37701.274,638105.0,240
1647244800000,48663.799,23885.424,492520.0,240
1647259200000,72733.719,37119.023,720171.0,240
1647273600000,57145.711,28441.958,470780.0,240
1647288000000,67435.123,36614.453,603528.0,240
1647302400000,60136.865,27714.524,522631.0,240
1647316800000,43326.982,21525.911,431031.0,240
1647331200000,42225.669,22036.28,388651.0,240
1647345600000,79937.193,40534.1,720222.0,240
1647360000000,65332.605,35267.074,604987.0,240
1647374400000,54059.929,26880.923,530631.0,240
1647388800000,163761.876,82878.355,1586056.0,240
1647403200000,57419.128,30050.526,525105.0,240
1647417600000,93404.937,47887.663,922066.0,240
1647432000000,88466.478,45032.814,919186.0,240
1647446400000,187248.971,93904.559,1686033.0,240
1647460800000,60288.271,30290.645,610606.0,240
1647475200000,33109.184,16467.96,365730.0,240
1647489600000,54705.057,26463.407,507408.0,240
1647504000000,36224.686,17975.757,379646.0,240
1647518400000,67124.294,32905.839,637700.0,240
1647532800000,32809.091,15730.195,317583.0,240
1647547200000,20016.482,9895.66,238120.0,240
1647561600000,37338.343,17708.819,360978.0,240
1647576000000,27054.174,14203.468,269843.0,240
1647590400000,44095.082,21535.828,419784.0,240
1647604800000,69200.849,35759.902,582675.0,240
1647619200000,80635.529,42759.169,755936.0,240
1647633600000,40810.466,20895.729,401989.0,240
1647648000000,27757.307,13362.19,259936.0,240
1647662400000,22803.948,11105.559,209827.0,240
1647676800000,19320.905,9483.399,190966.0,240
1647691200000,38527.754,19901.922,365386.0,240
1647705600000,30786.28,15836.884,282137.0,240
1647720000000,47263.76,23027.057,421551.0,240
1647734400000,32053.556,16234.863,271414.0,240
1647748800000,20874.541,10016.398,179845.0,240
1647763200000,34169.603,15364.921,279417.0,240
1647777600000,57048.566,27138.246,486890.0,240
1647792000000,52616.638,26409.579,455174.0,240
1647806400000,39011.225,19899.651,351070.0,240
1647820800000,54067.529,25059.347,456687.0,240
1647835200000,37195.035,18915.331000000002,332897.0,240
1647849600000,38733.02,19631.034,381723.0,240
1647864000000,90353.677,45293.994,697541.0,240
1647878400000,58618.963,29483.648,445182.0,240
1647892800000,29428.236,15188.255000000001,261090.0,240
1647907200000,81952.561,44275.715,670486.0,240
1647921600000,102801.768,52448.874,905968.0,240
1647936000000,57475.719,29378.357,548217.0,240
1647950400000,63496.691,31392.696,607849.0,240
1647964800000,33967.114,16028.674,339777.0,240
1647979200000,34603.821,17382.028,356894.0,240
1647993600000,42605.861,19827.061,399292.0,240
1648008000000,42770.231,20634.182,387323.0,240
1648022400000,37988.761,18731.876,372085.0,240
1648036800000,74521.475,37888.618,682529.0,240
1648051200000,52088.877,25215.493,474259.0,240
1648065600000,32656.535,17989.85,328370.0,240
1648080000000,50478.932,24713.417,495020.0,240
1648094400000,50125.651,25315.165,466151.0,240
1648108800000,39573.169,19411.62,378280.0,240
1648123200000,113201.493,59437.315,973376.0,240
1648137600000,55798.968,28471.86,574164.0,240
1648152000000,22261.844,11667.547,240802.0,240
1648166400000,39722.817,20843.726,383205.0,240
1648180800000,29589.881,14681.596,301874.0,240
1648195200000,71018.436,37433.237,646527.0,240
1648209600000,118133.222,60598.378,1001053.0,240
1648224000000,68740.177,35151.495,574741.0,240
1648238400000,21415.589,10350.219,239093.0,240
1648252800000,23277.021,11593.395,228098.0,240
1648267200000,17136.754,8632.886,184928.0,240
1648281600000,15494.729,7317.8279999999995,184944.0,240
1648296000000,27731.177,13821.533,294465.0,240
1648310400000,20238.357,9879.38,224830.0,240
1648324800000,36834.549,18856.58,358805.0,240
1648339200000,29609.91,15379.606,287311.0,240
1648353600000,13597.896,6871.623,157422.0,240
1648368000000,15735.677,7710.895,173556.0,240
1648382400000,41931.347,21139.644,375773.0,240
1648396800000,37088.116,18824.117,329086.0,240
1648411200000,131317.282,72365.95300000001,1203242.0,240
1648425600000,60037.976,30248.198,540835.0,240
1648440000000,36122.177,18264.234,434405.0,240
1648454400000,33601.066,17357.339,391917.0,240
1648468800000,73893.933,37149.171,708103.0,240
1648483200000,60928.768,30384.154,572155.0,240
1648497600000,52981.862,24912.042,501818.0,240
1648512000000,31100.595,15592.876,300979.0,240
1648526400000,25680.25,12474.825,266865.0,240
1648540800000,37411.748,19598.68,367167.0,240
1648555200000,69202.8,33278.034,596834.0,240
1648569600000,59925.539,31084.983,535395.0,240
1648584000000,35719.903,16844.938,339827.0,240
1648598400000,48241.089,22595.516,434737.0,240
1648612800000,25926.861,13135.552,274315.0,240
1648627200000,34206.87,17000.274,322266.0,240
1648641600000,44306.798,21161.509,447291.0,240
1648656000000,56866.462,28703.861,528038.0,240
1648670400000,25461.811999999998,12154.368,272367.0,240
1648684800000,19812.873,9779.818,210093.0,240
1648699200000,20626.002,10521.156,200663.0,240
1648713600000,25693.015,12873.77,272914.0,240
1648728000000,110215.774,53449.987,926378.0,240
1648742400000,89155.681,41758.474,775093.0,240
1648756800000,34334.265,16262.075,319383.0,240
1648771200000,89363.39,41019.265,701310.0,240
1648785600000,38742.921,19483.679,344178.0,240
1648800000000,40632.63,19322.567,362142.0,240
1648814400000,118137.026,61151.951,968850.0,240
1648828800000,53206.891,25914.433,474824.0,240
1648843200000,20651.695,10078.316,226592.0,240
1648857600000,52165.385,26424.923,480908.0,240
1648872000000,15133.621,7696.187,177166.0,240
1648886400000,17724.764,8354.965,199742.0,240
1648900800000,59272.368,28729.803,517947.0,240
1648915200000,51207.087999999996,24552.472,442326.0,240
1648929600000,30910.131,14836.506,268997.0,240
1648944000000,30873.693,15137.893,268017.0,240
1648958400000,26302.141,13867.346,248115.0,240
1648972800000,23653.506,11517.849,245687.0,240
1648987200000,35409.566,16980.975,373912.0,240
1649001600000,28698.181,14370.857,277848.0,240
1649016000000,67651.926,34014.789,594194.0,240
1649030400000,42374.023,20150.154,401294.0,240
1649044800000,23490.619,11937.932,218532.0,240
1649059200000,36542.873999999996,17651.957,348522.0,240
1649073600000,55233.473,26474.133,490384.0,240
1649088000000,51616.296,25492.043,461956.0,240
1649102400000,63539.256,32742.067,515237.0,240
1649116800000,21984.062,11009.545,212525.0,240
1649131200000,19602.092,10187.447,204103.0,240
1649145600000,18116.502,8776.078,212927.0,240
1649160000000,110629.437,52467.512,898646.0,240
1649174400000,52387.947,25708.872,492749.0,240
1649188800000,34804.599,16040.279,328133.0,240
1649203200000,64058.744,30345.184,610899.0,240
1649217600000,23516.974,11701.021,240091.0,240
1649232000000,50709.741,24567.965,482126.0,240
1649246400000,100038.925,47078.961,928051.0,240
1649260800000,113075.044,55224.452,964456.0,240
1649275200000,32959.947,16169.609,364212.0,240
1649289600000,52924.039000000004,25961.972,530226.0,240
1649304000000,22854.326,11504.741,260991.0,240
1649318400000,34927.552,17768.629,363475.0,240
1649332800000,58847.55,28606.041,581524.0,240
1649347200000,37113.879,18809.532,369484.0,240
1649361600000,22900.634000000002,11524.09,246354.0,240
1649376000000,19156.89,9992.743,220969.0,240
1649390400000,22954.279,11579.215,243401.0,240
1649404800000,43587.431,21385.648,432094.0,240
1649419200000,95764.621,48748.368,876185.0,240
1649433600000,86392.167,40440.359,789307.0,240
1649448000000,42240.441,19724.015,477118.0,240
1649462400000,27424.741,13597.079,302940.0,240
1649476800000,17040.358,8672.018,213615.0,240
1649491200000,12745.498,6320.495,176847.0,240
1649505600000,21128.22,10069.01,233781.0,240
1649520000000,21970.226,11687.717,254743.0,240
1649534400000,19413.611,10279.069,216227.0,240
1649548800000,15094.614,7824.344,191214.0,240
1649563200000,12944.429,6208.737,160215.0,240
1649577600000,18217.85,9084.226,208574.0,240
1649592000000,25651.329,13247.052,261484.0,240
1649606400000,36181.119,19672.946,387712.0,240
1649620800000,73815.129,34442.414,712859.0,240
1649635200000,53350.521,26551.073,547940.0,240
1649649600000,19804.084,10116.249,218403.0,240
1649664000000,94103.342,43888.194,877780.0,240
1649678400000,74701.844,36401.47,774437.0,240
1649692800000,95324.57,44133.02,891255.0,240
1649707200000,102245.659,49868.793,903086.0,240
1649721600000,47188.903,24113.821,446656.0,240
1649736000000,43312.372,21959.28,470666.0,240
1649750400000,40962.827,21152.7,406694.0,240
1649764800000,107357.185,53435.708,892573.0,240
1649779200000,59002.292,28303.914,599925.0,240
1649793600000,52060.051999999996,27416.869,475551.0,240
1649808000000,37966.028,18922.197,387350.0,240
1649822400000,26879.019,13075.036,288117.0,240
1649836800000,40381.975,18905.731,390771.0,240
1649851200000,128150.71800000001,67653.366,1183366.0,240
1649865600000,61932.082,31339.959,615936.0,240
1649880000000,29601.109,14993.026,310999.0,240
1649894400000,25206.638,13081.481,275556.0,240
1649908800000,20750.631,10025.515,234364.0,240
1649923200000,36339.161,17194.644,386635.0,240
1649937600000,99058.056,47307.523,910584.0,240
1649952000000,57564.378,27877.798,546978.0,240
1649966400000,23047.527000000002,11204.392,261828.0,240
1649980800000,27216.985,14278.326,284395.0,240
1649995200000,32665.577,16247.19,314400.0,240
1650009600000,32665.676,17413.317,320887.0,240
1650024000000,59353.456,31173.325,569303.0,240
1650038400000,29936.593,14390.269,308403.0,240
1650052800000,12842.384,6725.831,171464.0,240
1650067200000,17329.861,7967.563,193925.0,240
1650081600000,13496.445,6528.365,146878.0,240
1650096000000,17934.88,9126.337,200409.0,240
1650110400000,37601.945,17595.581,359615.0,240
1650124800000,18062.646,9562.354,187988.0,240
1650139200000,23279.28,12071.922,247293.0,240
1650153600000,17963.213,8699.128,182561.0,240
1650168000000,11893.997,6249.883,127283.0,240
1650182400000,16004.743,8912.942,167178.0,240
1650196800000,31384.873,15804.622,307229.0,240
1650211200000,44606.041,21163.692,415882.0,240
1650225600000,48478.957,22347.438,464269.0,240
1650240000000,24145.388,12441.939,256542.0,240
1650254400000,78716.662,35604.45,719217.0,240
1650268800000,31897.029,16785.427,317764.0,240
1650283200000,67980.812,34949.233,635199.0,240
1650297600000,120338.235,63459.872,1057146.0,240
1650312000000,39357.193,20280.782,401591.0,240
1650326400000,37223.733,19113.227,363235.0,240
1650340800000,19436.105,9634.901,222290.0,240
1650355200000,28292.543,14580.494,306816.0,240
1650369600000,81780.723,42304.938,814057.0,240
1650384000000,28934.136,14502.892,341544.0,240
1650398400000,18737.031,9821.926,224726.0,240
1650412800000,15643.503,7731.676,198991.0,240
1650427200000,22115.177,11264.906,251105.0,240
1650441600000,56941.934,29721.979,578986.0,240
1650456000000,84586.898,40375.128,849891.0,240
1650470400000,51498.554000000004,25651.891,524860.0,240
1650484800000,26596.361,13760.319,328063.0,240
1650499200000,22093.892,11682.359,270136.0,240
1650513600000,26747.921,13438.41,315250.0,240
1650528000000,80675.975,43484.119,841954.0,240
1650542400000,88503.323,44327.965,949895.0,240
1650556800000,83638.792,40314.472,916054.0,240
1650571200000,91490.053,42234.682,1007206.0,240
1650585600000,37718.237,18203.336,433974.0,240
1650600000000,38209.33,18391.691,443911.0,240
1650614400000,42201.25,20107.012,495411.0,240
1650628800000,105294.481,50500.623,1122641.0,240
1650643200000,64193.064,32140.217,749991.0,240
1650657600000,27319.391,13901.067,332644.0,240
1650672000000,20340.094,9431.008,272185.0,240
1650686400000,19881.618,10028.575,254899.0,240
1650700800000,15741.46,7760.929,206076.0,240
1650715200000,23388.862,11945.927,291211.0,240
1650729600000,22873.032,11428.342,298645.0,240
1650744000000,22821.751,9789.965,279687.0,240
1650758400000,21686.005,11547.013,263534.0,240
1650772800000,12268.867,5967.726,148639.0,240
1650787200000,15957.447,7579.609,204143.0,240
1650801600000,46663.58,23650.296,484457.0,240
1650816000000,60310.872,29330.973,590262.0,240
1650830400000,23484.991,10966.09,253445.0,240
1650844800000,62235.335,30902.778,638586.0,240
1650859200000,70508.172,33103.837,678505.0,240
1650873600000,63612.89,32221.629,642125.0,240
1650888000000,110655.76,54325.709,1022733.0,240
1650902400000,105046.14,55875.636,994213.0,240
1650916800000,36819.596,19122.155,423713.0,240
1650931200000,31726.344,16391.59,358272.0,240
1650945600000,26866.442,13176.481,309913.0,240
1650960000000,36332.152,17775.997,405147.0,240
1650974400000,144252.423,68165.346,1286484.0,240
1650988800000,144520.941,70191.505,1312609.0,240
1651003200000,69433.896,33729.795,711636.0,240
1651017600000,32985.371,16338.274,370152.0,240
1651032000000,39998.148,21539.689,411645.0,240
1651046400000,81545.943,39728.21,744168.0,240
1651060800000,135632.996,69363.25,1191146.0,240
1651075200000,62748.903,31347.508,633713.0,240
1651089600000,32734.004,16465.724000000002,375674.0,240
1651104000000,43229.672,22496.388,434211.0,240
1651118400000,28178.268,13964.423999999999,296057.0,240
1651132800000,46692.623,24427.554,477515.0,240
1651147200000,170791.94700000001,87086.821,1445679.0,240
1651161600000,83320.484,43171.849,832300.0,240
1651176000000,41330.414,21340.758,443223.0,240
1651190400000,33566.822,16247.81,360627.0,240
1651204800000,25990.175,13237.208,290575.0,240
1651219200000,63221.924,29304.813,634923.0,240
1651233600000,84207.712,42878.716,808353.0,240
1651248000000,77897.928,36717.286,726065.0,240
1651262400000,23231.814,11609.87,286151.0,240
1651276800000,21437.764,11493.045,234592.0,240
1651291200000,15931.255,7678.803,195233.0,240
1651305600000,17060.919,8261.534,188898.0,240
1651320000000,45274.679000000004,21436.024,467466.0,240
1651334400000,29622.994,14982.359,363770.0,240
1651348800000,52482.771,23459.519,587538.0,240
1651363200000,53051.764,26259.099,580109.0,240
1651377600000,21135.285,10455.778,265943.0,240
1651392000000,18692.953,9552.655,261099.0,240
1651406400000,43973.391,23624.107,433525.0,240
1651420800000,54591.569,26388.205,582391.0,240
1651435200000,45104.5,23210.739,498551.0,240
1651449600000,35971.297,18321.082,381621.0,240
1651464000000,43496.716,23501.808,458224.0,240
1651478400000,45329.458,22451.833,489917.0,240
1651492800000,105912.341,54485.522,1056340.0,240
1651507200000,72610.928,35601.218,777904.0,240
1651521600000,33524.625,16964.705,357796.0,240
1651536000000,27785.974,14664.283,309026.0,240
1651550400000,19824.995,9947.37,233257.0,240
1651564800000,31656.97,15412.141,339072.0,240
1651579200000,55595.245,26775.736,577217.0,240
1651593600000,77026.729,35028.943,818424.0,240
1651608000000,37096.309,18571.329,421671.0,240
1651622400000,25725.367,12546.743,279123.0,240
1651636800000,49227.772,27225.206,486543.0,240
1651651200000,70896.667,36598.298,698844.0,240
1651665600000,73704.545,38077.457,742861.0,240
1651680000000,175250.153,89452.994,1583454.0,240
1651694400000,29694.314,15010.055,343121.0,240
1651708800000,22124.848,10868.799,261498.0,240
1651723200000,22147.53,11085.06,257176.0,240
1651737600000,25671.699,12286.356,294770.0,240
1651752000000,242107.223,110247.258,2078602.0,240
1651766400000,186123.835,88051.774,1680764.0,240
1651780800000,49033.865,24839.351,497337.0,240
1651795200000,33726.308,15952.878,336972.0,240
1651809600000,48495.881,23473.536,431260.0,240
1651824000000,78237.25,37857.433,752701.0,240
1651838400000,187779.732,94492.548,1658737.0,240
1651852800000,61135.759,29766.323,584563.0,240
1651867200000,22604.31,10929.367,234082.0,240
1651881600000,19443.036,8848.438,204425.0,240
1651896000000,21211.6,11527.825,241629.0,240
1651910400000,21843.962,11623.831,262713.0,240
1651924800000,21134.147,10141.03,246129.0,240
1651939200000,13519.464,6587.391,209394.0,240
1651953600000,103112.624,47629.98,1047875.0,240
1651968000000,117058.276,56285.085,1109908.0,240
1651982400000,49870.222,24511.504,593954.0,240
1651996800000,33011.382,17314.618,451516.0,240
1652011200000,56965.243,27193.028,646829.0,240
1652025600000,122422.882,61190.016,1144422.0,240
1652040000000,47544.579,22828.626,570341.0,240
1652054400000,82584.636,38982.832,874952.0,240
1652068800000,51110.977,25724.061,599550.0,240
1652083200000,157966.313,76153.595,1379060.0,240
1652097600000,205646.254,101078.462,1726090.0,240
1652112000000,370990.762,182957.434,2863677.0,240
1652126400000,210480.77,104752.122,1741450.0,240
1652140800000,193239.648,99997.419,1706595.0,240
1652155200000,160984.632,84318.386,1445154.0,240
1652169600000,111076.978,55559.911,1065571.0,240
1652184000000,188046.309,95596.44,1749724.0,240
1652198400000,89761.771,45385.165,973479.0,240
1652212800000,120069.623,60240.143,1093062.0,240
1652227200000,74659.367,37380.527,786804.0,240
1652241600000,120154.604,59968.802,1105191.0,240
1652256000000,143866.722,75287.015,1311624.0,240
1652270400000,384537.729,191548.57200000001,3142144.0,240
1652284800000,178618.81,88312.749,1656123.0,240
1652299200000,200038.74,97303.807,1993692.0,240
1652313600000,129993.771,65820.134,1287105.0,240
1652328000000,277899.131,136828.856,2748101.0,240
1652342400000,156759.38,81187.272,1647672.0,240
1652356800000,190330.787,97278.796,1802508.0,240
1652371200000,140723.741,70603.834,1309088.0,240
1652385600000,68768.779,35235.098,750713.0,240
1652400000000,110267.016,58427.736,1046927.0,240
1652414400000,76486.077,39110.909999999996,862536.0,240
1652428800000,67835.381,35411.733,750407.0,240
1652443200000,95355.476,47509.478,1092479.0,240
1652457600000,108752.998,54037.508,1175015.0,240
1652472000000,48923.157,22941.934,579645.0,240
1652486400000,40050.66,20247.942,500647.0,240
1652500800000,31048.855,15563.368,434133.0,240
1652515200000,52594.926,26123.014,629820.0,240
1652529600000,57131.969,28191.176,694214.0,240
1652544000000,84282.613,43382.09,883482.0,240
1652558400000,50647.872,26678.034,614683.0,240
1652572800000,38849.805,18620.363,463856.0,240
1652587200000,37827.052,19431.867,443816.0,240
1652601600000,51358.098,26977.173,596634.0,240
1652616000000,76900.44,38398.809,823108.0,240
1652630400000,48951.78,26179.34,568633.0,240
1652644800000,82885.964,44403.525,842847.0,240
1652659200000,55931.697,25800.191,629281.0,240
1652673600000,90895.415,43439.33,894093.0,240
1652688000000,81539.021,40974.911,806218.0,240
1652702400000,133342.385,66177.527,1215932.0,240
1652716800000,93245.148,44699.317,868049.0,240
1652731200000,52289.5,27264.411,600439.0,240
1652745600000,53785.837,28224.111,583889.0,240
1652760000000,41165.689,20804.692,466102.0,240
1652774400000,57387.036,28385.551,594521.0,240
1652788800000,97153.144,48649.018,929150.0,240
1652803200000,107114.574,52196.233,1019767.0,240
1652817600000,42018.239,22071.104,489706.0,240
1652832000000,55307.323,26230.485,552837.0,240
1652846400000,49436.063,25105.045,528994.0,240
1652860800000,43024.315,21392.311,469828.0,240
1652875200000,121263.956,58003.585,1104049.0,240
1652889600000,97700.501,50130.861,903774.0,240
1652904000000,59968.299,28217.589,613199.0,240
1652918400000,61412.793,31797.92,608582.0,240
1652932800000,40690.292,19921.026,444480.0,240
1652947200000,67650.277,36016.216,688123.0,240
1652961600000,154452.064,82316.265,1365039.0,240
1652976000000,83371.963,41115.416,799772.0,240
1652990400000,41279.335,21916.301,478136.0,240
1653004800000,58522.199,29537.428,587778.0,240
1653019200000,53881.596,27166.023,543638.0,240
1653033600000,56094.454,28016.395,555944.0,240
1653048000000,153032.453,73505.545,1252212.0,240
1653062400000,125748.866,60346.189,1045092.0,240
1653076800000,38159.603,18548.711,411962.0,240
1653091200000,31974.304,15389.396999999999,370581.0,240
1653105600000,30205.379,16411.611,355547.0,240
1653120000000,35202.23,17176.336,385938.0,240
1653134400000,50185.967,26247.954,472237.0,240
1653148800000,34685.962,17179.293,359564.0,240
1653163200000,20550.247,10120.605,235763.0,240
1653177600000,19324.922,8797.105,213645.0,240
1653192000000,18871.105,9868.371,206297.0,240
1653206400000,106993.651,57046.41,832611.0,240
1653220800000,65218.648,31775.31,581638.0,240
1653235200000,41970.625,21419.626,412208.0,240
1653249600000,44737.489,22970.953,453418.0,240
1653264000000,33480.228,16796.473,356784.0,240
1653278400000,53478.268,28419.678,519469.0,240
1653292800000,55361.212,27642.169,534933.0,240
1653307200000,119952.262,58807.397,1017282.0,240
1653321600000,127047.223,58526.614,1040157.0,240
1653336000000,86401.557,41287.659999999996,765973.0,240
1653350400000,32491.136,16216.109,359393.0,240
1653364800000,32242.468,16287.3,333093.0,240
1653379200000,44269.441,21876.618,465291.0,240
1653393600000,148995.37,74131.038,1198670.0,240
1653408000000,78913.332,38637.953,689889.0,240
1653422400000,45212.702,24058.28,440266.0,240
1653436800000,63679.27,34219.795,544828.0,240
1653451200000,58500.166,27636.349,553001.0,240
1653465600000,71565.846,33954.895,646117.0,240
1653480000000,92207.869,47042.527,790805.0,240
1653494400000,94318.17,46709.299,781782.0,240
1653508800000,33188.163,16610.553,328415.0,240
1653523200000,40614.383,21326.498,389097.0,240
1653537600000,48790.439,24257.216,456309.0,240
1653552000000,119624.382,56907.02,1065002.0,240
1653566400000,254144.426,125328.915,1862048.0,240
1653580800000,89840.999,45809.232,752244.0,240
1653595200000,49122.457,24067.489,473328.0,240
1653609600000,73459.257,37105.837,714348.0,240
1653624000000,93288.844,46232.139,823660.0,240
1653638400000,59463.605,30010.917,589335.0,240
1653652800000,126052.469,63111.275,1072519.0,240
1653667200000,110110.565,53699.542,975665.0,240
1653681600000,44264.144,21133.742,425999.0,240
1653696000000,40358.153,20311.499,331902.0,240
1653710400000,29003.677,15396.756,250388.0,240
1653724800000,26175.284,13480.503,263463.0,240
1653739200000,53265.841,27736.803,537769.0,240
1653753600000,26281.861,12532.595,285560.0,240
1653768000000,18559.467,9786.402,223774.0,240
1653782400000,24536.361,11966.921,259044.0,240
1653796800000,17880.09,9215.063,194250.0,240
1653811200000,50680.288,26997.591,463430.0,240
1653825600000,56149.723,28880.147,534574.0,240
1653840000000,28222.679,13589.172,309735.0,240
1653854400000,37670.793,20084.134,382708.0,240
1653868800000,87554.686,47959.896,745484.0,240
1653883200000,83838.223,44824.539,721285.0,240
1653897600000,51045.518,25183.118,459286.0,240
1653912000000,92312.094,47773.635,794823.0,240
1653926400000,39023.889,19171.359,405217.0,240
1653940800000,148937.766,79581.122,1209487.0,240
1653955200000,49490.258,25500.459,471216.0,240
1653969600000,33402.42,16473.812,386168.0,240
1653984000000,43761.927,21942.865,451177.0,240
1653998400000,124764.281,63640.039,1047969.0,240
1654012800000,103291.937,49937.521,913434.0,240
1654027200000,28977.442,15160.895,314569.0,240
1654041600000,37326.652,17292.326,381976.0,240
1654056000000,43663.505,21419.554,428664.0,240
1654070400000,44477.213,22268.325,415297.0,240
1654084800000,146447.073,69003.64,1217902.0,240
1654099200000,181741.873,87480.917,1380914.0,240
1654113600000,103336.44,49427.404,803946.0,240
1654128000000,41282.867,19746.787,413511.0,240
1654142400000,37033.707,19283.964,423984.0,240
1654156800000,45168.227,23665.887,455415.0,240
1654171200000,145003.095,74633.869,1197220.0,240
1654185600000,56471.275,28407.382,567710.0,240
1654200000000,45965.516,24368.645,480611.0,240
1654214400000,37266.905,18449.021,365769.0,240
1654228800000,31337.681,14676.81,353570.0,240
1654243200000,89532.065,43698.106,839221.0,240
1654257600000,123783.417,60761.491,1077225.0,240
1654272000000,41404.948,20919.158,429171.0,240
1654286400000,33785.361,16672.551,371653.0,240
1654300800000,28745.555,13834.59,312569.0,240
1654315200000,21037.706,11203.988,237903.0,240
1654329600000,24996.716,12146.806,280224.0,240
1654344000000,59768.926,31693.923,572174.0,240
1654358400000,28069.119,13660.476,308824.0,240
1654372800000,24902.512,13307.382,304442.0,240
1654387200000,20643.09,9550.971,238757.0,240
1654401600000,20043.255,10022.204,202441.0,240
1654416000000,30390.842,14962.589,321671.0,240
1654430400000,39272.629,21367.327,399032.0,240
1654444800000,59603.340000000004,30765.815,596298.0,240
1654459200000,35432.675,17509.694,378156.0,240
1654473600000,107749.284,60668.502,914134.0,240
1654488000000,54711.469,28026.153,571884.0,240
1654502400000,55046.401,28235.096,577540.0,240
1654516800000,111901.784,57658.843,1027218.0,240
1654531200000,70328.152,34758.493,692861.0,240
1654545600000,36785.784,19366.426,415576.0,240
1654560000000,207983.991,97656.993,1676782.0,240
1654574400000,44895.538,20832.077,461770.0,240
1654588800000,53380.304000000004,25388.1,536908.0,240
1654603200000,96227.315,49609.67,866705.0,240
1654617600000,110428.8,59262.874,941416.0,240
1654632000000,178799.037,92100.471,1491583.0,240
1654646400000,134352.17799999999,67186.201,1037024.0,240
1654660800000,81896.542,41833.117,717132.0,240
1654675200000,40885.219,19679.11,407302.0,240
1654689600000,107853.755,54203.292,946207.0,240
1654704000000,62697.668,30503.534,644858.0,240
1654718400000,28001.275,14533.449,315212.0,240
1654732800000,30853.227,15870.013,327291.0,240
1654747200000,28021.8,14373.457,281408.0,240
1654761600000,56673.429,27225.892,493359.0,240
1654776000000,106526.459,52863.075,881308.0,240
1654790400000,47315.057,22997.545,452003.0,240
1654804800000,37922.203,18690.514,352875.0,240
1654819200000,75329.617,36018.501,660637.0,240
1654833600000,27697.396,14466.731,264766.0,240
1654848000000,43915.462999999996,22847.199,427730.0,240
1654862400000,167438.993,81079.39,1378958.0,240
1654876800000,95878.044,44877.437,861098.0,240
1654891200000,35669.146,18316.116,372026.0,240
1654905600000,22825.746,11865.834,229296.0,240
1654920000000,22706.213,11055.729,235459.0,240
1654934400000,103243.737,48752.9,881881.0,240
1654948800000,129264.554,62093.759,1160037.0,240
1654963200000,76696.495,38751.632,694058.0,240
1654977600000,36631.069,17734.159,397575.0,240
1654992000000,112863.926,52536.692,964477.0,240
1655006400000,69180.569,34934.918,668127.0,240
1655020800000,50142.276,25341.0,520296.0,240
1655035200000,152771.167,77552.309,1275716.0,240
1655049600000,75610.28,37010.579,715435.0,240
1655064000000,100265.913,48146.579,864439.0,240
1655078400000,287621.507,140099.404,2109104.0,240
1655092800000,223032.813,110597.09,1836094.0,240
1655107200000,345225.993,172999.495,2563680.0,240
1655121600000,375411.507,188902.569,2800535.0,240
1655136000000,213129.615,108791.003,1693967.0,240
1655150400000,178100.125,87533.015,1471186.0,240
1655164800000,339820.328,171811.062,2679401.0,240
1655179200000,278050.561,143971.313,2175717.0,240
1655193600000,150177.78,74489.407,1367733.0,240
1655208000000,231421.003,119372.807,1920197.0,240
1655222400000,113788.647,57191.356999999996,997809.0,240
1655236800000,134351.477,69681.649,1119227.0,240
1655251200000,107872.735,52135.659,968060.0,240
1655265600000,247622.016,122850.943,1955978.0,240
1655280000000,305479.509,156720.236,2380628.0,240
1655294400000,230516.134,118372.003,1825610.0,240
1655308800000,467297.892,237479.026,3429890.0,240
1655323200000,150512.883,78535.607,1285671.0,240
1655337600000,104620.331,52284.717,938138.0,240
1655352000000,93075.521,47072.467000000004,848097.0,240
1655366400000,195883.211,96700.75,1538845.0,240
1655380800000,213956.492,108196.202,1739554.0,240
1655395200000,144247.827,71866.066,1206338.0,240
1655409600000,130850.838,62725.538,1124533.0,240
1655424000000,161879.595,80644.422,1188170.0,240
1655438400000,147586.025,77501.956,1108652.0,240
1655452800000,136853.278,69085.719,1079989.0,240
1655467200000,186987.444,94018.733,1423028.0,240
1655481600000,83908.202,41007.646,756612.0,240
1655496000000,58938.713,28493.341,523496.0,240
1655510400000,81381.337,41108.16,700287.0,240
1655524800000,213559.941,98901.389,1578739.0,240
1655539200000,242483.135,120602.238,1835704.0,240
1655553600000,101852.568,49755.392,928741.0,240
1655568000000,251644.647,122105.7,1922366.0,240
1655582400000,377502.637,195197.219,2616953.0,240
1655596800000,164915.866,84073.299,1283856.0,240
1655611200000,148750.988,75768.442,1184498.0,240
1655625600000,268577.781,144825.756,2065668.0,240
1655640000000,188811.137,96192.247,1571639.0,240
1655654400000,159055.026,83093.475,1418091.0,240
1655668800000,159164.876,83303.246,1353304.0,240
1655683200000,153679.43,77788.098,1270132.0,240
1655697600000,102586.475,52696.039,913093.0,240
1655712000000,220888.31,115698.042,1700224.0,240
1655726400000,180288.243,90801.461,1477703.0,240
1655740800000,165811.225,81382.953,1402724.0,240
1655755200000,112562.447,58643.121,1007167.0,240
1655769600000,100187.917,50272.525,906419.0,240
1655784000000,156957.323,83527.148,1308041.0,240
1655798400000,139170.758,69379.166,1199473.0,240
1655812800000,194948.424,100951.258,1573477.0,240
1655827200000,99932.54,49073.521,871838.0,240
1655841600000,95976.974,47859.769,843518.0,240
1655856000000,92584.065,45953.989,832379.0,240
1655870400000,125554.155,61524.369,991647.0,240
1655884800000,107118.601,56474.921,912738.0,240
1655899200000,216205.13700000002,105734.972,1713326.0,240
1655913600000,168382.161,84389.116,1345238.0,240
1655928000000,102339.145,51341.438,925164.0,240
1655942400000,108125.938,55729.782999999996,864120.0,240
1655956800000,86741.862,45228.924,765458.0,240
1655971200000,112454.988,59444.876,950809.0,240
1655985600000,140045.442,70209.744,1133019.0,240
1656000000000,117260.121,62032.245,944665.0,240
1656014400000,134045.686,70564.45,1069252.0,240
1656028800000,83233.608,41842.265,778061.0,240
1656043200000,86212.667,43852.363,760209.0,240
1656057600000,110410.615,56920.18,929701.0,240
1656072000000,164350.516,80744.886,1257908.0,240
1656086400000,111113.727,57073.026,908915.0,240
1656100800000,90127.985,45520.046,807692.0,240
1656115200000,71447.042,36505.015,635082.0,240
1656129600000,74474.74,39291.376,637963.0,240
1656144000000,52891.918,25844.975,509745.0,240
1656158400000,108646.855,52570.413,940238.0,240
1656172800000,60691.493,32243.209,547337.0,240
1656187200000,65965.399,35283.805,594698.0,240
1656201600000,49149.297,24777.492,439698.0,240
1656216000000,45236.458,22421.953,401298.0,240
1656230400000,66665.057,36523.024,545670.0,240
1656244800000,139640.053,67440.793,1062814.0,240
1656259200000,62348.234,30404.15,548041.0,240
1656273600000,79748.637,38278.969,677853.0,240
1656288000000,59311.202,30017.445,530172.0,240
1656302400000,58748.254,31083.912,484898.0,240
1656316800000,75321.57400000001,38036.742,625107.0,240
1656331200000,188997.844,92501.572,1403119.0,240
1656345600000,96729.392,47080.447,762971.0,240
1656360000000,60226.743,29464.45,491213.0,240
1656374400000,74327.842,37748.07,608692.0,240
1656388800000,60006.808,30048.707,481645.0,240
1656403200000,112085.876,57659.028,841425.0,240
1656417600000,134940.377,67256.074,1055218.0,240
1656432000000,129503.779,61524.334,958518.0,240
1656446400000,72051.426,34916.579,594786.0,240
1656460800000,62400.474,29918.314,519144.0,240
1656475200000,128029.977,61447.018,923602.0,240
1656489600000,116544.781,57915.616,834659.0,240
1656504000000,141521.865,72253.65,918256.0,240
1656518400000,74336.735,39277.732,546398.0,240
1656532800000,86072.158,42865.735,585605.0,240
1656547200000,58234.411,28834.082,423158.0,240
1656561600000,135409.211,61765.724,871073.0,240
1656576000000,180156.683,88855.926,1134407.0,240
1656590400000,193562.819,96935.67,1184399.0,240
1656604800000,102335.838,52252.245,717537.0,240
1656619200000,190282.453,100117.746,1171608.0,240
1656633600000,256703.703,127677.823,1533983.0,240
1656648000000,165563.99599999998,85107.577,1123524.0,240
1656662400000,157457.563,75934.6,1074553.0,240
1656676800000,169455.62900000002,85411.526,1167537.0,240
1656691200000,86300.974,43169.608,641858.0,240
1656705600000,79917.498,40569.613,610843.0,240
1656720000000,71071.844,35055.493,595767.0,240
1656734400000,51960.677,25973.439,410436.0,240
1656748800000,75303.773,38804.369,588880.0,240
1656763200000,88740.018,44733.244,627112.0,240
1656777600000,55461.923,27921.504,444224.0,240
1656792000000,40313.29,20785.032,310227.0,240
1656806400000,36842.209,18854.435,288754.0,240
1656820800000,129678.976,64541.015,851480.0,240
1656835200000,64058.229,31199.312,481042.0,240
1656849600000,57015.023,29056.559,472927.0,240
1656864000000,76212.84,42204.745,579592.0,240
1656878400000,85701.054,42905.185,624487.0,240
1656892800000,59479.085999999996,29384.561,483200.0,240
1656907200000,38446.371,18679.916,320375.0,240
1656921600000,149586.326,81302.796,972173.0,240
1656936000000,181557.409,92279.727,1262943.0,240
1656950400000,101114.027,52450.034,800858.0,240
1656964800000,103012.52100000001,55396.987,842248.0,240
1656979200000,86131.787,46225.322,720502.0,240
1656993600000,77724.731,38001.724,653228.0,240
1657008000000,166940.042,77927.417,1182315.0,240
1657022400000,173192.649,88186.38,1258593.0,240
1657036800000,192925.414,104229.05,1350188.0,240
1657051200000,157324.244,78977.008,1211908.0,240
1657065600000,115695.634,57608.992,853977.0,240
1657080000000,132223.451,68934.319,995620.0,240
1657094400000,92750.207,46664.179000000004,759844.0,240
1657108800000,135567.596,69047.541,1055961.0,240
1657123200000,125018.559,64858.03,889922.0,240
1657137600000,80821.011,43061.552,673045.0,240
1657152000000,52230.801999999996,25943.233,482054.0,240
1657166400000,59811.02,30645.32,480279.0,240
1657180800000,74776.458,38270.759,604423.0,240
1657195200000,171393.624,91556.308,1232165.0,240
1657209600000,230249.691,123650.323,1576070.0,240
1657224000000,111380.021,55872.236,871273.0,240
1657238400000,148760.804,81102.272,1039746.0,240
1657252800000,95950.181,45838.672,726392.0,240
1657267200000,152079.958,75394.333,1063303.0,240
1657281600000,254130.85,130276.499,1862355.0,240
1657296000000,122365.576,59608.498,1004008.0,240
1657310400000,74857.126,38548.748,711638.0,240
1657324800000,73341.006,37332.747,668637.0,240
1657339200000,54604.242,27853.976,464531.0,240
1657353600000,66473.796,31851.551,559952.0,240
1657368000000,71625.682,36137.835,627092.0,240
1657382400000,86821.469,44434.683,698974.0,240
1657396800000,40506.171,19815.541,406262.0,240
1657411200000,82344.671,38669.108,690968.0,240
1657425600000,51200.937,25981.633,448677.0,240
1657440000000,52095.251,25549.0,478560.0,240
1657454400000,113767.568,52482.453,888594.0,240
1657468800000,90635.921,44708.633,728899.0,240
1657483200000,78132.191,38472.646,710442.0,240
1657497600000,93710.541,45952.84,807692.0,240
1657512000000,70535.804,33459.166,643233.0,240
1657526400000,69976.612,34825.117,609297.0,240
1657540800000,132353.603,67013.513,1024814.0,240
1657555200000,81859.339,42237.571,688634.0,240
1657569600000,112810.088,53638.836,948612.0,240
1657584000000,75346.94,37505.005,673219.0,240
1657598400000,105992.06999999999,51642.633,806835.0,240
1657612800000,106267.951,54030.277,826954.0,240
1657627200000,132675.241,68334.095,1078948.0,240
1657641600000,132420.341,63443.851,1062335.0,240
1657656000000,87858.18000000001,43985.284,795221.0,240
1657670400000,61122.08,31126.647,584927.0,240
1657684800000,77968.177,42126.975,615151.0,240
1657699200000,98019.46,50247.607,801255.0,240
1657713600000,425365.258,216057.372,2651219.0,240
1657728000000,190623.822,98734.459,1341195.0,240
1657742400000,122839.368,64102.301,946445.0,240
1657756800000,94239.348,48798.608,838773.0,240
1657771200000,88149.619,43687.581,792934.0,240
1657785600000,109721.677,54029.931,931382.0,240
1657800000000,212665.816,112086.468,1580506.0,240
1657814400000,195480.497,101970.758,1534095.0,240
1657828800000,65732.573,34346.113,643750.0,240
1657843200000,99723.286,50646.891,826980.0,240
1657857600000,95645.304,49965.643,807804.0,240
1657872000000,113397.671,58699.32,931958.0,240
1657886400000,131185.242,66314.127,1111997.0,240
1657900800000,116440.097,61318.737,971748.0,240
1657915200000,70372.092,34815.858,648911.0,240
1657929600000,52241.851,26230.498,512520.0,240
1657944000000,62207.626,28555.534,557259.0,240
1657958400000,40441.409999999996,20950.939,389972.0,240
1657972800000,90829.26,47262.896,768785.0,240
1657987200000,207108.221,107805.917,1424721.0,240
1658001600000,86350.458,43495.97,722638.0,240
1658016000000,64744.701,33461.41,613430.0,240
1658030400000,82656.016,42342.913,708940.0,240
1658044800000,92398.545,46588.889,783073.0,240
1658059200000,95511.282,46122.31,810503.0,240
1658073600000,98795.304,48215.128,865800.0,240
1658088000000,51431.88,25263.832,538465.0,240
1658102400000,87705.945,46388.407,767219.0,240
1658116800000,212697.006,114476.744,1533871.0,240
1658131200000,157527.528,79102.141,1208596.0,240
1658145600000,187389.4,98684.83,1357372.0,240
1658160000000,197850.704,92000.65699999999,1503748.0,240
1658174400000,139697.151,71584.952,1135725.0,240
1658188800000,192530.541,96292.184,1438221.0,240
1658203200000,120021.377,57813.282,995286.0,240
1658217600000,106687.834,52803.794,925141.0,240
1658232000000,320286.054,166574.795,2117495.0,240
1658246400000,252335.512,131913.965,1950561.0,240
1658260800000,132167.764,68220.421,1146881.0,240
1658275200000,115584.304,57367.593,1007822.0,240
1658289600000,111668.484,56408.274,1005498.0,240
1658304000000,143898.221,73865.681,1155976.0,240
1658318400000,216817.447,115053.809,1771695.0,240
1658332800000,169500.029,83207.487,1422570.0,240
1658347200000,189179.33,92623.444,1511853.0,240
1658361600000,117420.42,57099.396,1029431.0,240
1658376000000,99143.866,51964.724,886645.0,240
1658390400000,115941.577,55681.645000000004,1044108.0,240
1658404800000,157575.77,77745.71399999999,1347147.0,240
1658419200000,154628.552,79906.174,1278501.0,240
1658433600000,78833.281,38671.776,804856.0,240
1658448000000,61593.966,30099.484,625322.0,240
1658462400000,79589.288,40789.018,761379.0,240
1658476800000,112893.693,58821.398,1003724.0,240
1658491200000,169406.621,84154.038,1363840.0,240
1658505600000,147305.314,68472.875,1234632.0,240
1658520000000,63119.052,32197.613,630667.0,240
1658534400000,47116.6,24065.478,498362.0,240
1658548800000,69690.11,35049.233,643733.0,240
1658563200000,131399.986,63677.96,993669.0,240
1658577600000,96487.398,48095.511,862927.0,240
1658592000000,101377.464,51392.073,904793.0,240
1658606400000,59816.115,29516.221,563154.0,240
1658620800000,60618.983,30652.498,544377.0,240
1658635200000,88436.062,46745.04,713596.0,240
1658649600000,79453.307,39324.034,682596.0,240
1658664000000,96659.445,49178.213,856218.0,240
1658678400000,59302.403,29841.816,604716.0,240
1658692800000,78488.753,39503.049,739121.0,240
1658707200000,132346.3,61837.041,1066404.0,240
1658721600000,75898.142,37578.588,739119.0,240
1658736000000,69946.378,35193.761,725876.0,240
1658750400000,140631.397,69439.413,1114872.0,240
1658764800000,105432.332,52040.553,943302.0,240
1658779200000,171516.106,83439.397,1399121.0,240
1658793600000,130755.612,63695.522,1035291.0,240
1658808000000,52267.748,26066.319,492033.0,240
1658822400000,51550.794,25483.934,482290.0,240
1658836800000,135871.682,67722.683,1073531.0,240
1658851200000,87956.232,45758.871,746726.0,240
1658865600000,94096.835,49611.372,807856.0,240
1658880000000,55115.866,26818.057,508054.0,240
1658894400000,73775.917,40782.908,589294.0,240
1658908800000,64188.633,30863.279,511664.0,240
1658923200000,86649.905,44777.559,773461.0,240
1658937600000,371373.751,196669.881,2317645.0,240
1658952000000,102266.231,53072.528,868741.0,240
1658966400000,101139.632,53800.213,827471.0,240
1658980800000,70065.109,34709.617,623814.0,240
1658995200000,69181.001,36396.241,645536.0,240
1659009600000,285080.094,149524.442,1951315.0,240
1659024000000,132080.804,65596.592,1116065.0,240
1659038400000,99195.196,49970.888,903757.0,240
1659052800000,58752.193,30507.729,596463.0,240
1659067200000,105626.491,53262.538,875297.0,240
1659081600000,101928.68000000001,50783.308,840335.0,240
1659096000000,184078.363,92012.067,1389109.0,240
1659110400000,114250.442,56336.485,902680.0,240
1659124800000,77700.882,38814.98,681175.0,240
1659139200000,59039.607,29845.081,563134.0,240
1659153600000,39139.129,19436.099,395953.0,240
1659168000000,58671.975,30793.082000000002,560594.0,240
1659182400000,156601.767,83986.853,1269702.0,240
1659196800000,79980.578,36258.303,666759.0,240
1659211200000,100391.76,48209.731999999996,855019.0,240
1659225600000,48508.909,23903.692,495724.0,240
1659240000000,30995.465,15270.713,338351.0,240
1659254400000,49464.809,24495.622,521809.0,240
1659268800000,48333.793,24004.257,521735.0,240
1659283200000,126974.999,63552.606,1043470.0,240
1659297600000,81691.875,39833.454,806701.0,240
1659312000000,39170.981,19633.028,426763.0,240
1659326400000,57129.944,29155.839,481809.0,240
1659340800000,92024.39,44905.634,741322.0,240
1659355200000,137584.923,68779.975,1065691.0,240
1659369600000,102738.543,49782.941,867213.0,240
1659384000000,69729.511,36029.651,613362.0,240
1659398400000,90849.368,44151.528,760942.0,240
1659412800000,60603.986,29713.358,579344.0,240
1659427200000,79906.674,39630.025,717802.0,240
1659441600000,174906.063,88796.039,1340637.0,240
1659456000000,161782.725,83861.83,1249391.0,240
1659470400000,57179.096,28821.26,577306.0,240
1659484800000,73558.518,34920.282,674700.0,240
1659499200000,51680.698,25894.139,489724.0,240
1659513600000,120689.258,64770.888,926554.0,240
1659528000000,139399.872,71752.681,1091707.0,240
1659542400000,81547.67,41400.508,713842.0,240
1659556800000,102385.752,47004.251000000004,839770.0,240
1659571200000,82489.427,41199.926,667908.0,240
1659585600000,74751.639,36421.356,586881.0,240
1659600000000,72066.733,34353.445,576071.0,240
1659614400000,140599.183,69289.138,1030933.0,240
1659628800000,133919.196,62162.305,992769.0,240
1659643200000,44442.638,22996.481,447234.0,240
1659657600000,86942.109,46945.0,728748.0,240
1659672000000,88102.33499999999,46075.401,686848.0,240
1659686400000,75731.757,40807.072,610747.0,240
1659700800000,191943.613,93600.776,1337675.0,240
1659715200000,83267.463,41405.327,718715.0,240
1659729600000,68004.853,34463.977,606207.0,240
1659744000000,46526.815,22576.596,417878.0,240
1659758400000,27369.113,13929.992,261887.0,240
1659772800000,33006.319,16540.165,301523.0,240
1659787200000,25400.597,12938.906,240275.0,240
1659801600000,54899.805,26922.559,460815.0,240
1659816000000,40456.745,19101.801,351009.0,240
1659830400000,48262.022,23716.178,408398.0,240
1659844800000,22310.995,10921.539999999999,200987.0,240
1659859200000,33873.876,17288.79,280074.0,240
1659873600000,55373.037,27539.78,465143.0,240
1659888000000,57978.263,31110.821,430686.0,240
1659902400000,53713.869,27486.727,457881.0,240
1659916800000,43076.056,22455.990999999998,369889.0,240
1659931200000,112409.014,59832.899,804617.0,240
1659945600000,131696.12,72061.457,974317.0,240
1659960000000,131317.203,65015.412,999111.0,240
1659974400000,72218.514,35223.364,614974.0,240
1659988800000,74367.312,36122.811,618459.0,240
1660003200000,45588.24,21241.543,428414.0,240
1660017600000,45536.396,22616.515,421600.0,240
1660032000000,158171.309,71665.081,1121481.0,240
1660046400000,145926.846,68638.442,1098238.0,240
1660060800000,57483.095,27463.063,543856.0,240
1660075200000,45581.057,22442.969,439848.0,240
1660089600000,102497.551,48352.725,747783.0,240
1660104000000,48937.392,24731.436,416418.0,240
1660118400000,69457.088,35726.039,543271.0,240
1660132800000,319236.099,167967.819,2019608.0,240
1660147200000,116105.454,55880.849,901350.0,240
1660161600000,104504.62,53995.187,802286.0,240
1660176000000,135180.805,69418.676,990212.0,240
1660190400000,131739.622,68814.493,987185.0,240
1660204800000,75880.827,38857.598,681590.0,240
1660219200000,228432.712,113014.307,1605606.0,240
1660233600000,103530.295,50111.984,852220.0,240
1660248000000,85690.984,40167.788,711475.0,240
1660262400000,77511.681,37813.105,668939.0,240
1660276800000,40532.479,20237.609,418758.0,240
1660291200000,103313.015,49480.477,786901.0,240
1660305600000,104057.733,52502.737,810958.0,240
1660320000000,77550.579,40047.839,643391.0,240
1660334400000,74768.558,38075.935,609067.0,240
1660348800000,97910.91,52171.508,745685.0,240
1660363200000,85905.954,42931.832,732687.0,240
1660377600000,105318.06999999999,52048.179,804489.0,240
1660392000000,61755.172,30958.559,550600.0,240
1660406400000,46937.126,23271.944,450336.0,240
1660420800000,33266.427,16634.989,352887.0,240
1660435200000,51331.577,25450.722,454203.0,240
1660449600000,94220.309,51435.261,695778.0,240
1660464000000,94591.205,45680.8,695519.0,240
1660478400000,61061.029,29200.920000000002,516903.0,240
1660492800000,87399.41,40706.697,691272.0,240
1660507200000,48710.79,23756.029,454798.0,240
1660521600000,176947.9,94201.697,1060096.0,240
1660536000000,197596.855,92448.417,1132269.0,240
1660550400000,114243.758,54939.093,750020.0,240
1660564800000,102011.544,51223.166,717583.0,240
1660579200000,69416.497,32627.097,501198.0,240
1660593600000,79174.167,38503.951,556175.0,240
1660608000000,81978.074,39957.417,558871.0,240
1660622400000,66146.749,32504.995,459266.0,240
1660636800000,50490.746,25028.354,373135.0,240
1660651200000,127827.332,60858.598,846134.0,240
1660665600000,98598.382,49306.363,718194.0,240
1660680000000,35878.711,17957.094,369055.0,240
1660694400000,65927.449,33468.589,559083.0,240
1660708800000,153483.068,77597.938,972878.0,240
1660723200000,90827.839,43306.537,677279.0,240
1660737600000,161103.31,77083.123,1132551.0,240
1660752000000,112692.329,54517.28,816557.0,240
1660766400000,56566.908,28144.127,496740.0,240
1660780800000,45094.727,23629.58,418227.0,240
1660795200000,39849.461,19953.765,387680.0,240
1660809600000,53349.177,27009.5,442071.0,240
1660824000000,82442.819,40604.074,654366.0,240
1660838400000,74187.967,36778.514,614832.0,240
1660852800000,52774.855,25518.377,491229.0,240
1660867200000,123031.756,56892.37,903949.0,240
1660881600000,186167.069,85664.761,1137548.0,240
1660896000000,182850.917,88744.074,1169676.0,240
1660910400000,141320.365,72069.678,1002514.0,240
1660924800000,117009.421,57943.767,839365.0,240
1660939200000,156163.164,73585.053,1043484.0,240
1660953600000,86261.961,44523.518000000004,680631.0,240
1660968000000,77169.341,40120.544,606123.0,240
1660982400000,56741.418,28083.553,463785.0,240
1660996800000,57119.721,28511.424,471830.0,240
1661011200000,98537.711,47978.74,756366.0,240
1661025600000,114676.89,59011.265,808655.0,240
1661040000000,47577.88,24359.707,411820.0,240
1661054400000,48520.543,24267.617,406324.0,240
1661068800000,98436.74,52333.777,732610.0,240
1661083200000,63268.934,30524.999,520529.0,240
1661097600000,49791.753,25096.605,439194.0,240
1661112000000,116190.366,59245.36,836691.0,240
1661126400000,46954.726,23599.68,454478.0,240
1661140800000,83216.917,38471.481,626341.0,240
1661155200000,147398.793,76167.361,968192.0,240
1661169600000,138339.68,72252.081,979106.0,240
1661184000000,103772.069,49808.033,798723.0,240
1661198400000,69082.412,36398.759,565357.0,240
1661212800000,64213.857,33414.546,506889.0,240
1661227200000,125701.499,61784.344,860831.0,240
1661241600000,148075.53,77979.232,1004069.0,240
1661256000000,144902.651,73403.538,1085488.0,240
1661270400000,73618.116,37164.68,607632.0,240
1661284800000,53233.617,28010.002,454185.0,240
1661299200000,89527.788,42928.882,657123.0,240
1661313600000,74717.861,37466.202,585518.0,240
1661328000000,61558.392,32048.692,503208.0,240
1661342400000,100064.737,53598.379,742767.0,240
1661356800000,107029.148,57162.216,738184.0,240
1661371200000,69830.272,31889.409,517340.0,240
1661385600000,72236.763,37346.684,529888.0,240
1661400000000,65842.252,35884.94,485309.0,240
1661414400000,61377.23,31699.817,480367.0,240
1661428800000,102528.866,50288.248,756402.0,240
1661443200000,75917.003,37375.372,520342.0,240
1661457600000,37855.878,18845.717,322708.0,240
1661472000000,44411.779,21552.279,360473.0,240
1661486400000,69239.787,32765.859,517836.0,240
1661500800000,86131.281,40795.471,604974.0,240
1661515200000,448846.774,220473.067,2647967.0,240
1661529600000,135342.449,66492.801,999921.0,240
1661544000000,112502.286,51619.866,827621.0,240
1661558400000,75409.491,37095.888,620446.0,240
1661572800000,104997.504,52306.739,776157.0,240
1661587200000,47373.908,23259.731,415806.0,240
1661601600000,112671.73,53501.398,801776.0,240
1661616000000,75584.485,38642.948,624111.0,240
1661630400000,53560.906,27434.811,468933.0,240
1661644800000,52157.138,26543.0,427711.0,240
1661659200000,34450.319,17757.424,317157.0,240
1661673600000,42814.641,21828.652,384908.0,240
1661688000000,87656.315,44124.461,657257.0,240
1661702400000,66919.213,34391.307,518274.0,240
1661716800000,102407.569,46357.003,751180.0,240
1661731200000,104276.439,55228.246,763821.0,240
1661745600000,64282.31,32149.204,495705.0,240
1661760000000,55771.54,29345.597999999998,415292.0,240
1661774400000,214173.514,112102.727,1306675.0,240
1661788800000,102318.652,51644.288,725118.0,240
1661803200000,57254.214,30825.436,462996.0,240
1661817600000,53863.635,26716.559,430876.0,240
1661832000000,108222.156,56562.703,706882.0,240
1661846400000,66014.745,33200.628,532722.0,240
1661860800000,252515.418,123481.968,1450802.0,240
1661875200000,201304.4,101198.813,1153911.0,240
1661889600000,85794.639,40955.812,596491.0,240
1661904000000,131758.873,72003.102,837961.0,240
1661918400000,85524.668,43323.533,659572.0,240
1661932800000,95848.894,49716.621,742524.0,240
1661947200000,199733.768,99898.846,1248058.0,240
1661961600000,130762.014,65414.233,849943.0,240
1661976000000,68011.122,34223.445,514407.0,240
1661990400000,87773.133,41383.577,560140.0,240
1662004800000,84579.416,41520.233,562304.0,240
1662019200000,90974.072,47457.485,609260.0,240
1662033600000,179308.754,87389.213,1097891.0,240
1662048000000,156176.105,75704.083,922904.0,240
1662062400000,92783.241,48459.641,591168.0,240
1662076800000,72954.77,38847.696,466630.0,240
1662091200000,59237.022,30521.717,382175.0,240
1662105600000,58803.402,30127.385,378367.0,240
1662120000000,205092.145,105778.075,1152184.0,240
1662134400000,222614.135,105774.972,1213052.0,240
1662148800000,50346.342,25580.389,361790.0,240
1662163200000,43419.74,20960.399,309521.0,240
1662177600000,46872.789,22061.606,326642.0,240
1662192000000,59778.967,28708.787,404705.0,240
1662206400000,45476.908,21868.848,334384.0,240
1662220800000,59876.323000000004,29625.459,403669.0,240
1662235200000,29816.262,15686.989,253870.0,240
1662249600000,27815.422,13119.329,208870.0,240
1662264000000,41328.581,18608.043,289701.0,240
1662278400000,83434.724,43032.03,498613.0,240
1662292800000,103116.685,50289.928,571850.0,240
1662307200000,84354.991,44762.676,481338.0,240
1662321600000,56747.781,29716.188,382881.0,240
1662336000000,63827.839,31288.339,384330.0,240
1662350400000,75269.707,34200.587,467146.0,240
1662364800000,68683.69499999999,32301.545000000002,438258.0,240
1662379200000,105263.916,56017.388,604594.0,240
1662393600000,80856.224,38703.052,467729.0,240
1662408000000,52805.029,27229.838,333461.0,240
1662422400000,186484.465,92642.933,972957.0,240
1662436800000,79991.334,38595.5,499093.0,240
1662451200000,90226.747,47255.158,519343.0,240
1662465600000,160616.009,77356.964,857032.0,240
1662480000000,317000.757,140956.27,1659980.0,240
1662494400000,111169.83,53716.715,669332.0,240
1662508800000,110548.94,52896.024,674944.0,240
1662523200000,58734.217000000004,29491.449,377774.0,240
1662537600000,48997.764,23976.185,330363.0,240
1662552000000,117302.112,59794.896,673899.0,240
1662566400000,118730.56,62370.229,652602.0,240
1662580800000,141323.1,74970.044,770143.0,240
1662595200000,57668.302,28863.291,354284.0,240
1662609600000,81988.462,42034.669,493237.0,240
1662624000000,72229.691,39862.051999999996,446592.0,240
1662638400000,192764.562,96367.278,1085791.0,240
1662652800000,84694.505,41843.053,524171.0,240
1662667200000,47923.122,24023.513,337495.0,240
1662681600000,113228.819,64535.517,618054.0,240
1662696000000,272891.074,147531.722,1519631.0,240
1662710400000,199066.741,105551.686,1174359.0,240
1662724800000,177041.84,90338.261,1083798.0,240
1662739200000,135340.194,70371.996,812805.0,240
1662753600000,94928.432,50626.463,579310.0,240
1662768000000,56809.384,28504.398,392621.0,240
1662782400000,101079.462,51005.122,636281.0,240
1662796800000,44186.616,22297.906,344801.0,240
1662811200000,74767.461,37258.254,537156.0,240
1662825600000,96842.059,51240.416,632274.0,240
1662840000000,117858.224,62178.313,754696.0,240
1662854400000,55267.276,27339.8,375855.0,240
1662868800000,62358.688,30676.792,430021.0,240
1662883200000,58186.856,29429.253,411625.0,240
1662897600000,72608.41,36885.176999999996,475278.0,240
1662912000000,77800.344,40401.032,531549.0,240
1662926400000,94757.752,48154.523,638262.0,240
1662940800000,231080.904,119517.697,1372056.0,240
1662955200000,101572.197,52480.193,719714.0,240
1662969600000,166535.267,86581.89199999999,1087095.0,240
1662984000000,154970.82,78171.244,1031961.0,240
1662998400000,99333.273,51299.54,749424.0,240
1663012800000,65109.471,32792.338,490099.0,240
1663027200000,84001.66100000001,40495.859,578596.0,240
1663041600000,113936.313,59443.116,732883.0,240
1663056000000,128969.522,67772.252,888805.0,240
1663070400000,492978.934,239410.452,2902387.0,240
1663084800000,269096.89,128823.809,1566333.0,240
1663099200000,129786.607,63642.828,846213.0,240
1663113600000,108109.35,55436.411,643456.0,240
1663128000000,57924.968,27532.403,439880.0,240
1663142400000,79529.92,40223.441,519688.0,240
1663156800000,142764.28399999999,70664.764,968146.0,240
1663171200000,187325.632,89748.31,1152317.0,240
1663185600000,86148.443,45876.615,652245.0,240
1663200000000,81335.875,39753.076,601635.0,240
1663214400000,117038.725,59291.699,838327.0,240
1663228800000,72756.597,35296.652,519695.0,240
1663243200000,233718.455,113904.915,1326905.0,240
1663257600000,99238.016,50850.831,660742.0,240
1663272000000,61774.399,29587.218,449840.0,240
1663286400000,56205.319,27858.132,388307.0,240
1663300800000,40737.357,20972.469,285434.0,240
1663315200000,72924.908,38029.824,471900.0,240
1663329600000,178152.124,86955.142,990296.0,240
1663344000000,139063.128,68116.865,845282.0,240
1663358400000,57525.968,29111.548,375221.0,240
1663372800000,77056.764,40656.119,477246.0,240
1663387200000,46289.95,22727.381,293646.0,240
1663401600000,30845.15,14842.777,235187.0,240
1663416000000,59023.908,30589.155,404161.0,240
1663430400000,79403.517,41574.297,531457.0,240
1663444800000,42059.269,21643.712,311237.0,240
1663459200000,42846.441,20232.946,278396.0,240
1663473600000,26556.607,13442.112000000001,193148.0,240
1663488000000,98907.568,48758.799,515274.0,240
1663502400000,91600.816,44279.308,493585.0,240
1663516800000,125781.74,61512.195,675537.0,240
1663531200000,114223.302,53038.242,684470.0,240
1663545600000,163689.789,74936.104,919524.0,240
1663560000000,175552.28,82297.082,1088105.0,240
1663574400000,120769.619,62218.66,760280.0,240
1663588800000,257844.368,131782.426,1392551.0,240
1663603200000,169575.881,87996.178,961533.0,240
1663617600000,106344.415,54475.958,684581.0,240
1663632000000,92307.73300000001,45887.566,562594.0,240
1663646400000,93723.273,47188.733,572450.0,240
1663660800000,95198.489,47373.993,567858.0,240
1663675200000,250377.906,125485.162,1292125.0,240
1663689600000,195711.78,95120.588,1077158.0,240
1663704000000,67304.751,33606.212,491916.0,240
1663718400000,51612.643,25906.527,399184.0,240
1663732800000,89008.67,44017.517,608328.0,240
1663747200000,92042.006,48649.471,613167.0,240
1663761600000,191477.797,96394.212,1118525.0,240
1663776000000,519529.59,263514.033,3210040.0,240
1663790400000,224398.273,107994.772,1435009.0,240
1663804800000,111993.338,56195.104999999996,711173.0,240
1663819200000,107802.202,55472.968,667527.0,240
1663833600000,173819.785,92185.986,993466.0,240
1663848000000,212238.703,106372.643,1204054.0,240
1663862400000,161690.371,82267.769,981000.0,240
1663876800000,85353.992,43921.092000000004,577785.0,240
1663891200000,65865.255,33524.208,451897.0,240
1663905600000,67577.698,33106.392,452052.0,240
1663920000000,141674.976,68555.243,806902.0,240
1663934400000,250866.281,123755.501,1322479.0,240
1663948800000,172798.304,86834.625,918799.0,240
1663963200000,139711.232,73380.888,824047.0,240
1663977600000,76246.033,38231.518000000004,488344.0,240
1663992000000,56593.805,26614.21,392602.0,240
1664006400000,56140.75,29566.869,355295.0,240
1664020800000,71862.12,37147.418,458494.0,240
1664035200000,40480.895,19945.222999999998,285025.0,240
1664049600000,75834.612,35982.415,474046.0,240
1664064000000,38381.521,20491.821,259467.0,240
1664078400000,41130.612,20536.505,269874.0,240
1664092800000,47830.036,24777.288,301155.0,240
1664107200000,93704.479,45910.276,546064.0,240
1664121600000,93131.352,45621.678,551613.0,240
1664136000000,96283.603,44765.3,610455.0,240
1664150400000,82968.714,42625.73,548461.0,240
1664164800000,96944.908,47625.419,600271.0,240
1664179200000,220632.771,112976.254,1242848.0,240
1664193600000,206037.034,106051.452,1154813.0,240
1664208000000,113652.801,57215.263,719521.0,240
1664222400000,57571.29,30026.186999999998,394678.0,240
1664236800000,270740.855,148293.028,1541140.0,240
1664251200000,145136.381,73286.403,1014062.0,240
1664265600000,105721.859,54768.836,745803.0,240
1664280000000,224079.253,111048.92,1276708.0,240
1664294400000,467957.321,223122.662,2333048.0,240
1664308800000,86930.489,44025.174,553694.0,240
1664323200000,201932.428,95723.739,1149343.0,240
1664337600000,104608.563,51492.89,684545.0,240
1664352000000,232626.61,117489.273,1251026.0,240
1664366400000,273882.698,142565.126,1490067.0,240
1664380800000,221849.648,113811.433,1262954.0,240
1664395200000,106322.825,54330.325,711207.0,240
1664409600000,97147.935,49347.832,644682.0,240
1664424000000,111116.926,54928.28,701935.0,240
1664438400000,104599.328,52033.871,635574.0,240
1664452800000,365642.863,180412.779,1811023.0,240
1664467200000,245462.904,126569.299,1378623.0,240
1664481600000,67708.268,35462.409,436479.0,240
1664496000000,104286.782,52320.253,599998.0,240
1664510400000,78385.946,40148.451,450225.0,240
1664524800000,83071.687,39944.98,534217.0,240
1664539200000,448282.047,231001.28,2260942.0,240
1664553600000,229282.837,110348.134,1277008.0,240
1664568000000,128153.635,61141.257,800205.0,240
1664582400000,41953.673,20330.327,287539.0,240
1664596800000,53323.626000000004,25867.057,344795.0,240
1664611200000,61805.766,29234.524,383421.0,240
1664625600000,54809.529,27962.092,366974.0,240
1664640000000,52287.761,25193.425,337162.0,240
1664654400000,30276.654,15598.107,219963.0,240
1664668800000,29989.242,14776.122,200188.0,240
1664683200000,53818.32,27083.884,304786.0,240
1664697600000,97677.512,46881.887,562884.0,240
1664712000000,60035.509,29723.956,384929.0,240
1664726400000,60304.973,30919.218,386188.0,240
1664740800000,113144.895,53236.123,659600.0,240
1664755200000,75723.076,39020.596,463298.0,240
1664769600000,77211.692,39871.951,517955.0,240
1664784000000,52350.24,27074.783,363972.0,240
1664798400000,199685.964,101891.271,1101617.0,240
1664812800000,154201.7,81242.658,905247.0,240
1664827200000,62643.657,32331.444,443634.0,240
1664841600000,58416.008,30050.478,402207.0,240
1664856000000,134730.279,72201.95,748568.0,240
1664870400000,172341.01,89804.605,986926.0,240
1664884800000,180082.997,94654.605,1044306.0,240
1664899200000,128713.939,65561.348,788312.0,240
1664913600000,122394.529,64379.869,745006.0,240
1664928000000,58837.835,28992.86,397617.0,240
1664942400000,70202.85,35500.014,448687.0,240
1664956800000,108903.501,53398.977,653206.0,240
1664971200000,218781.293,108091.362,1162413.0,240
1664985600000,184262.388,93280.216,1042516.0,240
1665000000000,78589.282,39559.956,509552.0,240
1665014400000,121380.742,63251.957,747607.0,240
1665028800000,103246.762,51688.163,643309.0,240
1665043200000,91881.924,46154.392,563112.0,240
1665057600000,278377.51,135318.24,1478064.0,240
1665072000000,117930.634,59747.534,733815.0,240
1665086400000,69217.097,32842.646,484805.0,240
1665100800000,41357.938,20638.919,311915.0,240
1665115200000,70255.047,33486.671,435780.0,240
1665129600000,56677.553,28257.297,371913.0,240
1665144000000,322420.732,154262.448,1751711.0,240
1665158400000,127856.845,60112.04,797470.0,240
1665172800000,54838.987,27229.509,382261.0,240
1665187200000,35208.781,17778.701,252432.0,240
1665201600000,37563.653,18898.627,268554.0,240
1665216000000,32793.206,16510.067,226280.0,240
1665230400000,38154.428,18344.34,273006.0,240
1665244800000,31323.042,15310.037,219451.0,240
1665259200000,78214.091,36912.467,509328.0,240
1665273600000,33291.778,16142.434,239345.0,240
1665288000000,33760.768,16525.555,222393.0,240
1665302400000,60965.687,32414.524,361597.0,240
1665316800000,43892.201,23283.068,295688.0,240
1665331200000,52917.495,25315.406,334844.0,240
1665345600000,42350.866,21360.113,285382.0,240
1665360000000,44385.314,21733.614,298407.0,240
1665374400000,41189.061,20542.305,277735.0,240
1665388800000,148874.515,70614.352,822006.0,240
1665403200000,125651.743,63035.133,740311.0,240
1665417600000,133824.422,65125.963,751437.0,240
1665432000000,66995.849,30561.759000000002,411061.0,240
1665446400000,107038.24,53585.345,589761.0,240
1665460800000,62329.442,32087.203,335851.0,240
1665475200000,63209.053,32349.907,368268.0,240
1665489600000,229953.54,114904.225,1198131.0,240
1665504000000,106552.116,51509.863,604198.0,240
1665518400000,34275.933,17097.665,245327.0,240
1665532800000,46045.411,23329.011,296526.0,240
1665547200000,63730.827,32994.703,381273.0,240
1665561600000,52907.926,26548.623,332124.0,240
1665576000000,141098.26,70736.281,814594.0,240
1665590400000,64084.028,32051.427,391321.0,240
1665604800000,38903.836,19182.638,249196.0,240
1665619200000,47757.577,23554.484,301777.0,240
1665633600000,66592.964,31848.999,391162.0,240
1665648000000,189234.962,88766.766,1039950.0,240
1665662400000,478454.75,237969.42,2469128.0,240
1665676800000,250946.963,130810.95,1316900.0,240
1665691200000,71627.785,35366.753,446905.0,240
1665705600000,174440.622,95240.64,919854.0,240
1665720000000,102892.09,50283.714,587299.0,240
1665734400000,109831.582,55153.236,632493.0,240
1665748800000,270952.058,132055.585,1408901.0,240
1665763200000,152580.48500000002,71907.126,839946.0,240
1665777600000,50756.373,24467.123,347415.0,240
1665792000000,30928.603,15280.017,218698.0,240
1665806400000,22708.939,10658.033,163399.0,240
1665820800000,61591.647,30412.56,371438.0,240
1665835200000,45159.734,22187.183,278898.0,240
1665849600000,30572.858,14485.043,203889.0,240
1665864000000,50558.404,24992.113,303786.0,240
1665878400000,27654.674,14124.454,192680.0,240
1665892800000,19381.039,9466.637,138006.0,240
1665907200000,38237.868,19248.245,251999.0,240
1665921600000,28377.813000000002,14164.396,192630.0,240
1665936000000,55795.802,30108.426,324674.0,240
1665950400000,98473.996,46973.406,591015.0,240
1665964800000,38443.768,18872.475,249129.0,240
1665979200000,47855.009,24898.642,294602.0,240
1665993600000,112876.41,61327.68,603625.0,240
1666008000000,181721.274,92366.193,963883.0,240
1666022400000,69640.272,35226.95,438544.0,240
1666036800000,51783.026,27041.188,337808.0,240
1666051200000,51391.637,25525.517,337403.0,240
1666065600000,81734.35,41573.867,453202.0,240
1666080000000,88688.122,43031.487,482523.0,240
1666094400000,187486.665,91036.114,956219.0,240
1666108800000,137666.952,64580.395,728138.0,240
1666123200000,87375.428,44455.949,501640.0,240
1666137600000,41315.246,20738.96,278528.0,240
1666152000000,58989.958,28867.824,349371.0,240
1666166400000,65403.305,30728.437,382590.0,240
1666180800000,124872.491,61600.026,697497.0,240
1666195200000,67703.251,32138.878,413725.0,240
1666209600000,46086.207,22192.848,294842.0,240
1666224000000,85056.904,41009.242,500056.0,240
1666238400000,68876.025,34252.281,393010.0,240
1666252800000,59101.242,29753.13,347510.0,240
1666267200000,126988.352,62589.762,642138.0,240
1666281600000,138535.695,65656.61,672549.0,240
1666296000000,59068.83,28558.666,322596.0,240
1666310400000,42920.968,20806.496,240965.0,240
1666324800000,38347.648,19576.505,222872.0,240
1666339200000,76281.011,36488.11,408951.0,240
1666353600000,275533.924,136575.707,1342648.0,240
1666368000000,115282.479,58986.474,563123.0,240
1666382400000,33512.875,16718.575,206283.0,240
1666396800000,25684.772,12981.89,158859.0,240
1666411200000,17041.655,9001.416,142624.0,240
1666425600000,20976.902,9653.977,134798.0,240
1666440000000,52378.099,28121.249,283213.0,240
1666454400000,38570.393,18736.956,227921.0,240
1666468800000,19403.221,10194.948,132561.0,240
1666483200000,18722.742,9286.254,128371.0,240
1666497600000,29127.474,13290.257,157891.0,240
1666512000000,27340.008,13297.831,163819.0,240
1666526400000,48995.342,25354.442,273905.0,240
1666540800000,125087.405,70255.484,652575.0,240
1666555200000,109338.571,57311.162,570587.0,240
1666569600000,86135.596,41209.933,416193.0,240
1666584000000,80527.069,39116.316,392977.0,240
1666598400000,65383.115,33596.634,330808.0,240
1666612800000,148518.765,69474.134,734605.0,240
1666627200000,60405.461,31414.032,352131.0,240
1666641600000,35706.53,17702.19,223310.0,240
1666656000000,39756.935,19982.808,239384.0,240
1666670400000,33635.521,16948.999,200433.0,240
1666684800000,45608.097,21108.817,253900.0,240
1666699200000,219375.722,118323.264,1086405.0,240
1666713600000,317676.364,168533.099,1648975.0,240
1666728000000,121253.895,58834.368,703618.0,240
1666742400000,73247.237,36468.626000000004,470531.0,240
1666756800000,77757.055,40676.334,458494.0,240
1666771200000,184513.166,93690.825,983499.0,240
1666785600000,302453.835,154335.842,1457474.0,240
1666800000000,130454.115,63841.392,773863.0,240
1666814400000,73439.574,36221.984000000004,450953.0,240
1666828800000,59498.206,28592.615,422045.0,240
1666843200000,54132.429,26961.335,412286.0,240
1666857600000,100770.956,46493.432,630832.0,240
1666872000000,186001.906,92230.832,1102828.0,240
1666886400000,53178.772,28128.093,363611.0,240
1666900800000,161327.776,74127.896,815221.0,240
1666915200000,70996.898,34571.397,414775.0,240
1666929600000,73550.107,32815.292,390551.0,240
1666944000000,83028.849,41725.271,520399.0,240
1666958400000,214309.059,109545.689,1189833.0,240
1666972800000,114299.051,59415.197,676112.0,240
1666987200000,39354.918,19919.053,272759.0,240
1667001600000,56988.576,30894.711,340691.0,240
1667016000000,50548.165,24422.643,285235.0,240
1667030400000,158669.605,78310.235,828702.0,240
1667044800000,103487.031,53925.212,565178.0,240
1667059200000,75043.026,35510.338,475301.0,240
1667073600000,37480.767,17768.122,269478.0,240
1667088000000,27297.637,13782.893,199210.0,240
1667102400000,43880.541,23645.821,271277.0,240
1667116800000,72025.485,34201.121,437616.0,240
1667131200000,58713.584,28826.091,356678.0,240
1667145600000,51795.481,24474.151,318451.0,240
1667160000000,41676.962,20583.478,276260.0,240
1667174400000,55164.521,26597.712,337776.0,240
1667188800000,40321.312,20544.15,252578.0,240
1667203200000,100156.625,52223.696,568696.0,240
1667217600000,178190.073,83679.474,983867.0,240
1667232000000,71420.368,35017.524,438724.0,240
1667246400000,33544.367,17273.156,242133.0,240
1667260800000,41397.455,20357.354,283603.0,240
1667275200000,48087.0,25677.495,305466.0,240
1667289600000,63102.765,31079.649,382358.0,240
1667304000000,99511.246,47910.283,569567.0,240
1667318400000,42827.185,20995.57,256356.0,240
1667332800000,19750.536,10065.045,140329.0,240
1667347200000,35407.129,18359.846,212509.0,240
1667361600000,49841.428,23387.323,273047.0,240
1667376000000,60009.619,29085.263,368140.0,240
1667390400000,45694.925,23254.139,316293.0,240
1667404800000,376975.578,189707.692,1830917.0,240
1667419200000,83607.082,40410.94,538820.0,240
1667433600000,55383.428,29259.362,284209.0,240
1667448000000,51958.954,25446.784,261414.0,240
1667462400000,71215.533,34469.409,404966.0,240
1667476800000,128488.783,64950.393,668304.0,240
1667491200000,34370.149,17033.769,211451.0,240
1667505600000,30704.214,14771.733,169969.0,240
1667520000000,35410.81,17752.739,194930.0,240
1667534400000,106949.307,58613.199,500032.0,240
1667548800000,60734.001,29448.981,340456.0,240
1667563200000,386297.687,198261.149,1737742.0,240
1667577600000,177529.745,88007.55,919868.0,240
1667592000000,57593.665,29717.028,358361.0,240
1667606400000,93221.318,48716.283,541340.0,240
1667620800000,35559.701,17222.125,248101.0,240
1667635200000,64262.119,33473.837,406110.0,240
1667649600000,57249.357,27638.488,386265.0,240
1667664000000,29400.799,14263.973,212085.0,240
1667678400000,24290.078,12546.423,179520.0,240
1667692800000,40699.165,18120.496,240456.0,240
1667707200000,29802.221,15171.017,189477.0,240
1667721600000,42651.174,21465.257,266046.0,240
1667736000000,35361.461,17898.934,223007.0,240
1667750400000,44654.264,22042.451,281585.0,240
1667764800000,83980.361,37983.914,453997.0,240
1667779200000,99825.86,49675.346,490701.0,240
1667793600000,109342.628,49459.774,557466.0,240
1667808000000,94293.748,46732.938,503238.0,240
1667822400000,85160.521,43407.145,514011.0,240
1667836800000,68633.777,36685.728,401435.0,240
1667851200000,97151.78199999999,42982.861,582540.0,240
1667865600000,134243.871,63643.972,691155.0,240
1667880000000,294507.597,138363.936,1602620.0,240
1667894400000,85159.375,41920.326,536397.0,240
1667908800000,208044.958,102820.968,1145131.0,240
1667923200000,996111.854,485624.608,4761911.0,240
1667937600000,328408.658,164101.24599999998,1933452.0,240
1667952000000,157362.162,76726.513,1054345.0,240
1667966400000,112780.527,54371.71,853727.0,240
1667980800000,385550.428,187295.594,2230301.0,240
1667995200000,471835.52,225055.687,2765353.0,240
1668009600000,435847.028,210120.354,2580838.0,240
1668024000000,502230.747,240484.453,2750250.0,240
1668038400000,227863.407,117027.876,1531619.0,240
1668052800000,195621.803,99147.14,1284856.0,240
1668067200000,202280.24,99707.56,1366926.0,240
1668081600000,444259.472,227329.652,2625447.0,240
1668096000000,247600.192,123698.427,1571452.0,240
1668110400000,179468.488,95523.6,1127644.0,240
1668124800000,153660.874,75312.812,1063394.0,240
1668139200000,125301.566,65121.622,938258.0,240
1668153600000,93569.549,46497.468,741288.0,240
1668168000000,339327.713,167027.509,2189349.0,240
1668182400000,143530.861,72419.997,1044387.0,240
1668196800000,99954.039,52110.767,752714.0,240
1668211200000,54367.46,26448.99,463304.0,240
1668225600000,72323.72,36429.944,568228.0,240
1668240000000,60387.186,30744.446,460091.0,240
1668254400000,58486.175,31157.689,470380.0,240
1668268800000,31243.027,16044.122,273141.0,240
1668283200000,27648.149,13443.267,227811.0,240
1668297600000,28927.034,14533.395,241573.0,240
1668312000000,60272.22,28411.226,411218.0,240
1668326400000,83564.901,40678.599,579242.0,240
1668340800000,52082.694,26214.092,388744.0,240
1668355200000,46374.694,22958.728,362946.0,240
1668369600000,78521.293,37757.231,537923.0,240
1668384000000,122618.564,59455.273,820215.0,240
1668398400000,234671.573,121871.753,1404661.0,240
1668412800000,108402.937,55689.88,763103.0,240
1668427200000,246261.155,124185.288,1562564.0,240
1668441600000,124077.126,59455.742,819488.0,240
1668456000000,98361.129,49671.709,675396.0,240
1668470400000,73860.468,38847.903,551449.0,240
1668484800000,77504.2,39084.308,515844.0,240
1668499200000,112941.806,56477.175,688877.0,240
1668513600000,173648.811,87901.246,1035866.0,240
1668528000000,144387.389,72120.154,886232.0,240
1668542400000,67006.784,33849.099,439652.0,240
1668556800000,55775.35,30066.335,389642.0,240
1668571200000,53884.306,26036.368,347946.0,240
1668585600000,95645.149,45717.972,585679.0,240
1668600000000,194031.471,94640.413,1202720.0,240
1668614400000,77760.102,38862.31,555831.0,240
1668628800000,60145.267,30899.327,397008.0,240
1668643200000,49584.823,23087.099000000002,341835.0,240
1668657600000,60401.824,30164.676,405230.0,240
1668672000000,54522.159,27606.228,374018.0,240
1668686400000,121811.053,61296.947,710576.0,240
1668700800000,80453.463,41783.563,493602.0,240
1668715200000,42215.963,21752.845,280609.0,240
1668729600000,97882.789,52316.103,570088.0,240
1668744000000,49781.49,24106.657,317031.0,240
1668758400000,66225.104,33902.011,382363.0,240
1668772800000,74694.988,35997.128,420874.0,240
1668787200000,66313.304,33887.351,406055.0,240
1668801600000,33715.167,16937.685,240033.0,240
1668816000000,26049.832,12699.049,193376.0,240
1668830400000,27752.994,13728.901,205143.0,240
1668844800000,24934.679,13167.412,173921.0,240
1668859200000,23585.962,10683.667,157133.0,240
1668873600000,19717.221,10290.888,127977.0,240
1668888000000,49782.227,25544.258,284121.0,240
1668902400000,26084.956,12639.955,167264.0,240
1668916800000,19753.533,10837.475,126736.0,240
1668931200000,87151.423,39950.586,456270.0,240
1668945600000,55584.194,28586.785,339999.0,240
1668960000000,23789.303,12335.989,166316.0,240
1668974400000,115235.805,55300.744,640120.0,240
1668988800000,135182.528,63861.863,754889.0,240
1669003200000,105132.269,52455.08,566799.0,240
1669017600000,80262.718,41736.411,480176.0,240
1669032000000,94795.644,48547.909,567960.0,240
1669046400000,200749.225,94296.486,1034739.0,240
1669060800000,174096.981,86962.027,879781.0,240
1669075200000,80874.678,40948.282,456102.0,240
1669089600000,80806.481,39250.932,442598.0,240
1669104000000,73356.371,37408.328,445340.0,240
1669118400000,212388.676,114232.377,1166265.0,240
1669132800000,85462.525,43015.661,562058.0,240
1669147200000,46444.913,24058.054,365946.0,240
1669161600000,123123.2,65560.046,704468.0,240
1669176000000,65044.727,33190.567,432604.0,240
1669190400000,75552.908,38062.0,496100.0,240
1669204800000,104850.367,51530.721,616578.0,240
1669219200000,117943.54,60226.579,668452.0,240
1669233600000,60200.168,31584.265,401370.0,240
1669248000000,82625.707,42703.032,517007.0,240
1669262400000,49644.644,24490.701,345306.0,240
1669276800000,65330.769,31237.681,404835.0,240
1669291200000,57970.098,29352.615,364774.0,240
1669305600000,67214.977,34395.705,394839.0,240
1669320000000,28238.222999999998,14211.451,197418.0,240
1669334400000,42900.709,20034.914,271096.0,240
1669348800000,67404.034,31853.213,376163.0,240
1669363200000,58204.123999999996,31278.064,343409.0,240
1669377600000,63964.805,31195.805,374895.0,240
1669392000000,34984.583,17782.431,198181.0,240
1669406400000,39101.861,20667.755,234317.0,240
1669420800000,51126.185,26340.899999999998,304507.0,240
1669435200000,37107.204,18615.783,232099.0,240
1669449600000,32673.18,17021.278,211424.0,240
1669464000000,60167.627,30100.96,324669.0,240
1669478400000,34854.19,16985.571,210718.0,240
1669492800000,37473.273,17565.284,235210.0,240
1669507200000,29565.552,16417.422,191523.0,240
1669521600000,27615.709,13876.562,185943.0,240
1669536000000,31288.273,15765.665,197514.0,240
1669550400000,27072.493,13667.504,169631.0,240
1669564800000,21824.618,10708.849,136020.0,240
1669579200000,52003.7,24861.447,284890.0,240
1669593600000,147621.712,68843.659,758128.0,240
1669608000000,41682.953,21391.62,281073.0,240
1669622400000,41043.245,19553.423,254784.0,240
1669636800000,87235.40699999999,43561.218,467576.0,240
1669651200000,154227.497,81755.053,792262.0,240
1669665600000,25327.055,12315.208,182957.0,240
1669680000000,52867.265999999996,26303.708,296981.0,240
1669694400000,94383.908,50258.508,501649.0,240
1669708800000,58215.199,30107.994,332255.0,240
1669723200000,95079.754,47698.488,469790.0,240
1669737600000,53114.858,26749.317,280005.0,240
1669752000000,37749.869,19179.12,218026.0,240
1669766400000,191179.202,103644.377,942336.0,240
1669780800000,51969.614,27401.54,290731.0,240
1669795200000,37015.75,17759.068,223050.0,240
1669809600000,83414.941,41902.661,417046.0,240
1669824000000,169808.829,87681.0,830183.0,240
1669838400000,86936.614,46143.473,494102.0,240
1669852800000,57460.869,28636.988,328668.0,240
1669867200000,38761.809,18048.905,225700.0,240
1669881600000,42965.272,21829.218,239286.0,240
1669896000000,186470.492,92396.794,891363.0,240
1669910400000,49083.591,24525.197,294238.0,240
1669924800000,36309.276,17766.368,216171.0,240
1669939200000,50361.076,25106.388,296669.0,240
1669953600000,26262.365,13667.209,167830.0,240
1669968000000,41920.501,21434.161,252047.0,240
1669982400000,142491.482,69649.677,720527.0,240
1669996800000,34314.667,18244.282,206248.0,240
1670011200000,39689.124,21648.968,241782.0,240
1670025600000,35341.121,17182.943,217216.0,240
1670040000000,33256.132,15923.285,189840.0,240
1670054400000,35412.513,17599.339,208292.0,240
1670068800000,25135.471,13022.988,158344.0,240
1670083200000,18122.143,9154.667,118281.0,240
1670097600000,37989.862,18267.047,228079.0,240
1670112000000,38304.993,20408.623,221634.0,240
1670126400000,37125.211,20310.637,219152.0,240
1670140800000,41377.136,19517.518,216178.0,240
1670155200000,52514.795,29101.211,274976.0,240
1670169600000,84837.954,43408.38,442141.0,240
1670184000000,37930.779,20609.011,244782.0,240
1670198400000,86288.459,44593.317,485411.0,240
1670212800000,113444.676,58160.78,498576.0,240
1670227200000,54258.229,26578.04,323228.0,240
1670241600000,117815.961,55502.172,645961.0,240
1670256000000,107798.877,51185.813,662960.0,240
1670270400000,40355.188,19788.62,310714.0,240
1670284800000,53853.208,28076.285,338074.0,240
1670299200000,33273.403,15946.457,246083.0,240
1670313600000,57639.534999999996,28728.249,343837.0,240
1670328000000,69024.422,34669.823,402589.0,240
1670342400000,56413.953,27828.981,333135.0,240
1670356800000,51126.092000000004,28373.722,335390.0,240
1670371200000,42347.692,19659.835,281810.0,240
1670385600000,97331.109,43984.038,506628.0,240
1670400000000,68360.933,32507.934,381283.0,240
1670414400000,70617.018,36458.092,364511.0,240
1670428800000,34665.52,17450.241,197947.0,240
1670443200000,24456.653,12434.380000000001,161822.0,240
1670457600000,38479.412,19693.005,236948.0,240
1670472000000,28765.766,14552.26,176645.0,240
1670486400000,44048.422,21804.834,241332.0,240
1670500800000,88430.3,47259.786,429187.0,240
1670515200000,143901.415,78921.374,693178.0,240
1670529600000,58532.02,30494.007,346233.0,240
1670544000000,42568.695,21721.382,249993.0,240
1670558400000,23222.115,12379.664999999999,154926.0,240
1670572800000,34072.588,17910.912,201280.0,240
1670587200000,130055.394,63832.485,651003.0,240
1670601600000,28838.384000000002,13866.089,183534.0,240
1670616000000,31474.007,15522.793,187894.0,240
1670630400000,19761.717,10499.247,127369.0,240
1670644800000,17751.416,9034.752,113204.0,240
1670659200000,20902.227,11141.974,129353.0,240
1670673600000,36351.612,19646.938,202484.0,240
1670688000000,20946.808,9307.766,137540.0,240
1670702400000,26181.427,12633.7,158896.0,240
1670716800000,16510.061,8683.95,109288.0,240
1670731200000,18948.471,9822.817000000001,121847.0,240
1670745600000,16708.791,7471.55,111764.0,240
1670760000000,19880.891,9660.349,128661.0,240
1670774400000,46356.06,24011.988,245225.0,240
1670788800000,52599.837,24541.055,295921.0,240
1670803200000,93215.46399999999,44163.734,462240.0,240
1670817600000,27433.055,13430.735,167500.0,240
1670832000000,36001.638,18732.558,202766.0,240
1670846400000,71821.147,34753.665,343525.0,240
1670860800000,25169.941,13229.464,154036.0,240
1670875200000,82215.013,45415.224,412254.0,240
1670889600000,36929.287000000004,17750.924,204036.0,240
1670904000000,55625.343,28477.149,283190.0,240
1670918400000,122406.12,67938.196,599851.0,240
1670932800000,263224.252,139021.131,1282816.0,240
1670947200000,85131.142,41927.053,471654.0,240
1670961600000,33535.147,17574.263,218638.0,240
1670976000000,30721.609,15548.709,194942.0,240
1670990400000,22263.983,11130.327,145783.0,240
1671004800000,37760.719,18718.689,212675.0,240
1671019200000,137064.63,71720.358,717218.0,240
1671033600000,301024.945,154478.162,1514605.0,240
1671048000000,98675.813,49359.412,531940.0,240
1671062400000,74507.679,37019.286,381043.0,240
1671076800000,27803.765,13553.062,171431.0,240
1671091200000,52699.528,25162.997,292700.0,240
1671105600000,146628.881,66433.482,771014.0,240
1671120000000,78980.398,39143.806,438466.0,240
1671134400000,56663.786,26162.477,344431.0,240
1671148800000,35550.559,18631.238,206960.0,240
1671163200000,41640.97,22773.4,230738.0,240
1671177600000,188849.287,87173.508,967144.0,240
1671192000000,107277.504,52792.622,589212.0,240
1671206400000,114774.62,55866.736,587168.0,240
1671220800000,134057.305,63568.125,671117.0,240
1671235200000,66363.998,34608.788,392757.0,240
1671249600000,45722.67,24314.739,265745.0,240
1671264000000,37850.073,18743.908,218482.0,240
1671278400000,40974.804000000004,19189.578,240571.0,240
1671292800000,23775.354,11800.279,145396.0,240
1671307200000,33778.374,18794.303,194135.0,240
1671321600000,19014.025,9487.493,128010.0,240
1671336000000,26928.603,13915.779,177198.0,240
1671350400000,35341.455,16925.255,210679.0,240
1671364800000,25280.386,12736.496,145984.0,240
1671379200000,41996.189,23201.102,241113.0,240
1671393600000,37337.555,19634.005,226853.0,240
1671408000000,49601.728,23087.683,272891.0,240
1671422400000,28214.603,14288.985999999999,177801.0,240
1671436800000,27329.823,13915.791,165177.0,240
1671451200000,54277.784,26772.876,291977.0,240
1671465600000,97414.221,46757.846,520448.0,240
1671480000000,87890.393,40766.528,492327.0,240
1671494400000,109994.556,58600.629,539774.0,240
1671508800000,69915.337,36331.123,388801.0,240
1671523200000,47552.517,24083.127,279591.0,240
1671537600000,131483.196,67939.653,645418.0,240
1671552000000,81655.657,40204.88,420933.0,240
1671566400000,35569.835,17782.004,215713.0,240
1671580800000,33529.575,16007.057,203399.0,240
1671595200000,27534.062,14041.182,172977.0,240
1671609600000,31352.995,16328.991,176411.0,240
1671624000000,72649.874,35678.817,355897.0,240
1671638400000,36319.23,16746.038,202665.0,240
1671652800000,26366.599,13973.358,166357.0,240
1671667200000,19470.669,9983.07,124368.0,240
1671681600000,20542.364999999998,9766.407,134691.0,240
1671696000000,27422.832,14039.077,160137.0,240
1671710400000,98813.975,46782.885,473864.0,240
1671724800000,63297.216,32657.724,319231.0,240
1671739200000,77063.904,39770.054,364573.0,240
1671753600000,40208.22,20973.331,205199.0,240
1671768000000,24893.707,12266.115,128913.0,240
1671782400000,30513.335,15902.212,162394.0,240
1671796800000,123959.289,62729.065,567894.0,240
1671811200000,18874.204,9534.815,133636.0,240
1671825600000,26104.665,13061.34,153511.0,240
1671840000000,15312.893,8047.958,99978.0,240
1671854400000,15980.866,7694.036,89427.0,240
1671868800000,12975.412,6294.693,76397.0,240
1671883200000,12508.365,6764.107,72744.0,240
1671897600000,12443.844,6545.043,72674.0,240
1671912000000,13189.41,6206.248,81661.0,240
1671926400000,8339.966,3934.272,54504.0,240
1671940800000,13041.858,6176.121,75464.0,240
1671955200000,10124.306,4997.213,58849.0,240
1671969600000,58570.279,29240.575,269892.0,240
1671984000000,29179.355,14329.561,169333.0,240
1671998400000,24820.079,12978.545,144299.0,240
1672012800000,28620.905,15617.317,162321.0,240
1672027200000,24738.987,11572.347,148234.0,240
1672041600000,20279.232,10743.575,115725.0,240
1672056000000,26504.163,12230.198,132571.0,240
1672070400000,21061.266,11498.854,111021.0,240
1672084800000,26924.146,15131.462,136744.0,240
1672099200000,42682.907,20368.365999999998,204284.0,240
1672113600000,15232.9,7074.4890000000005,97360.0,240
1672128000000,30792.726,15121.279999999999,161521.0,240
1672142400000,66673.069,33457.186,294412.0,240
1672156800000,78151.443,36898.166,380844.0,240
1672171200000,29295.519,14656.034,164815.0,240
1672185600000,58603.691,27744.489,264247.0,240
1672200000000,40102.069,21012.522,195988.0,240
1672214400000,27228.635,13980.526,141258.0,240
1672228800000,96232.22,46574.46,426862.0,240
1672243200000,48646.397,25721.394,236995.0,240
1672257600000,73836.846,34567.312,332138.0,240
1672272000000,34024.879,17585.244,167428.0,240
1672286400000,22366.398,11700.003,116109.0,240
1672300800000,40553.131,21593.448,195429.0,240
1672315200000,52351.625,26153.162,234192.0,240
1672329600000,26803.582,12894.306,135509.0,240
1672344000000,32491.916,16385.701,163838.0,240
1672358400000,19882.213,9219.693,101333.0,240
1672372800000,62732.71,28319.083,256524.0,240
1672387200000,38916.057,19118.758,177309.0,240
1672401600000,104487.149,52342.508,429915.0,240
1672416000000,34830.474,17535.742,176757.0,240
1672430400000,34781.887,18543.003,170150.0,240
1672444800000,15952.362,7191.932,86929.0,240
1672459200000,15304.144,7867.732,78367.0,240
1672473600000,18890.316,9835.593,100599.0,240
1672488000000,37418.928,19202.932,171863.0,240
1672502400000,15398.52,7297.445,88138.0,240
1672516800000,31497.886,14427.326,159111.0,240
1672531200000,14206.373,7062.774,86377.0,240
1672545600000,17998.501,8413.744,93850.0,240
1672560000000,15117.276,7392.495,91848.0,240
1672574400000,15542.884,7480.6630000000005,90301.0,240
1672588800000,25971.416,14199.418,133527.0,240
1672603200000,16666.515,8068.415,98396.0,240
1672617600000,36641.746,19299.084,165324.0,240
1672632000000,53335.472,27479.655000000002,233435.0,240
1672646400000,37550.631,18629.903,182883.0,240
1672660800000,35861.236,18256.807,178047.0,240
1672675200000,16549.997,7846.597,88577.0,240
1672689600000,35222.094,16960.079,171749.0,240
1672704000000,22052.463,11286.777,114806.0,240
1672718400000,29397.355,15247.233,140594.0,240
1672732800000,22008.402000000002,10582.334,115103.0,240
1672747200000,73811.27,34974.574,309066.0,240
1672761600000,35119.476,17767.446,176494.0,240
1672776000000,20681.239,10391.954,110750.0,240
1672790400000,70080.094,38276.606,306900.0,240
1672804800000,44883.714,21224.941,217165.0,240
1672819200000,34682.195,17616.071,173271.0,240
1672833600000,60474.144,30612.122,284797.0,240
1672848000000,109451.837,54947.711,477386.0,240
1672862400000,30175.854,15075.674,158792.0,240
1672876800000,19519.003,9142.718,113428.0,240
1672891200000,16536.812,8248.102,97306.0,240
1672905600000,23157.987,11848.267,130835.0,240
1672920000000,68886.546,34826.602,299363.0,240
1672934400000,29189.477,14675.42,147354.0,240
1672948800000,19079.522,9090.33,104529.0,240
1672963200000,21068.091,10281.845,106245.0,240
1672977600000,23858.147,10977.919,117522.0,240
1672992000000,43531.809,20130.623,194863.0,240
1673006400000,102292.922,53434.274,409327.0,240
1673020800000,57987.086,31158.861,244016.0,240
1673035200000,68235.574,34326.065,298655.0,240
1673049600000,18044.048,8608.635,100105.0,240
1673064000000,10556.131,5365.615,64629.0,240
1673078400000,13458.257,6762.562,77137.0,240
1673092800000,16729.551,9279.19,93962.0,240
1673107200000,9360.224,4863.46,60692.0,240
1673121600000,9824.894,4471.653,58117.0,240
1673136000000,15067.481,7962.83,81292.0,240
1673150400000,7997.895,4223.1810000000005,53149.0,240
1673164800000,15529.951000000001,7066.837,83881.0,240
1673179200000,27054.754,15583.988,132115.0,240
1673193600000,31184.044,14005.066,155991.0,240
1673208000000,60883.193,34555.242,269157.0,240
1673222400000,85195.766,42944.417,375042.0,240
1673236800000,35863.212,17782.987,172627.0,240
1673251200000,50754.112,25864.944,229214.0,240
1673265600000,80374.648,42072.476,336644.0,240
1673280000000,77463.239,38228.45,354289.0,240
1673294400000,70626.832,33469.872,299815.0,240
1673308800000,27484.953,14364.635,145459.0,240
1673323200000,18254.506,9136.187,96363.0,240
1673337600000,37043.974,19440.75,170310.0,240
1673352000000,92804.006,47113.431,392092.0,240
1673366400000,73564.943,38965.669,329264.0,240
1673380800000,48167.989,23559.032,228612.0,240
1673395200000,42391.318,21405.936,200435.0,240
1673409600000,25910.734,13545.285,134136.0,240
1673424000000,24797.868,11977.32,130378.0,240
1673438400000,62512.096,29734.921000000002,277460.0,240
1673452800000,86222.61200000001,45920.303,384893.0,240
1673467200000,144442.478,79353.891,592821.0,240
1673481600000,167796.474,89479.592,714105.0,240
1673496000000,51547.124,25315.567,262817.0,240
1673510400000,45869.521,24511.471,246420.0,240
1673524800000,322077.479,157468.819,1316890.0,240
1673539200000,328471.599,174409.09,1426286.0,240
1673553600000,124572.563,63763.925,616303.0,240
1673568000000,48452.132,24902.98,289189.0,240
1673582400000,30968.56,14824.058,193768.0,240
1673596800000,102429.252,51753.944,519877.0,240
1673611200000,200754.386,103746.128,941442.0,240
1673625600000,170550.15,86205.621,844868.0,240
1673640000000,253653.35199999998,134307.885,1170232.0,240
1673654400000,400698.97000000003,209755.815,1835813.0,240
1673668800000,75865.279,37322.491,474736.0,240
1673683200000,208916.952,102059.94,1087285.0,240
1673697600000,186889.05,92772.237,1023970.0,240
1673712000000,78649.063,39104.451,476939.0,240
1673726400000,59647.369,30109.975,390600.0,240
1673740800000,96644.108,46995.155,574145.0,240
1673755200000,34775.593,17024.645,258846.0,240
1673769600000,63521.557,31598.842,397793.0,240
1673784000000,82803.419,43858.018000000004,499427.0,240
1673798400000,106046.834,51469.0,629179.0,240
1673812800000,44695.048,21964.41,307422.0,240
1673827200000,175273.721,88668.664,954946.0,240
1673841600000,55958.607,27894.199,394578.0,240
1673856000000,101732.641,47443.964,629956.0,240
1673870400000,114395.111,57729.109,699881.0,240
1673884800000,133530.799,69520.897,811924.0,240
1673899200000,85257.322,42658.481999999996,522621.0,240
1673913600000,81669.204,40347.214,508125.0,240
1673928000000,40393.627,20444.007999999998,279692.0,240
1673942400000,49711.091,25106.893,320550.0,240
1673956800000,233119.434,118611.278,1203370.0,240
1673971200000,86362.443,43588.607,544918.0,240
1673985600000,56134.794,27375.368,359841.0,240
1674000000000,58477.632,29651.367,369843.0,240
1674014400000,26297.724,13464.298,192094.0,240
1674028800000,45098.726,21537.259000000002,293935.0,240
1674043200000,269472.012,134929.921,1419580.0,240
1674057600000,320910.719,159743.519,2009840.0,240
1674072000000,93528.704,46284.416,595240.0,240
1674086400000,43011.055,21631.214,303494.0,240
1674100800000,31250.694,16419.993,218697.0,240
1674115200000,39443.519,18933.922,254531.0,240
1674129600000,108038.963,54302.245,579013.0,240
1674144000000,86336.685,44497.944,500679.0,240
1674158400000,66652.701,33938.494,405115.0,240
1674172800000,49417.658,25329.932,320890.0,240
1674187200000,54029.169,25510.682,331916.0,240
1674201600000,33135.271,17068.939,215480.0,240
1674216000000,103649.424,53447.576,552453.0,240
1674230400000,157224.305,82622.595,789873.0,240
1674244800000,326189.373,174612.013,1692981.0,240
1674259200000,91102.531,44339.709,546583.0,240
1674273600000,32823.977,17053.966,247148.0,240
1674288000000,266330.182,136816.814,1407573.0,240
1674302400000,145710.162,71867.779,847167.0,240
1674316800000,130707.129,65525.698,802845.0,240
1674331200000,98007.119,46133.882,601170.0,240
1674345600000,77074.223,38659.633,496947.0,240
1674360000000,41651.721,21235.552,287026.0,240
1674374400000,45038.944,21479.59,302360.0,240
1674388800000,106358.408,53413.212999999996,630360.0,240
1674403200000,72710.666,34431.024,445195.0,240
1674417600000,139695.849,68021.163,773064.0,240
1674432000000,47573.102,23365.406,281985.0,240
1674446400000,36713.329,17908.671,247028.0,240
1674460800000,68826.107,35236.718,395686.0,240
1674475200000,183939.268,92012.871,1020599.0,240
1674489600000,135640.765,68133.319,809625.0,240
1674504000000,53110.269,25636.935,378029.0,240
1674518400000,51857.971,26659.204,338253.0,240
1674532800000,37575.8,17822.356,252079.0,240
1674547200000,80599.104,37596.435,448481.0,240
1674561600000,126440.595,61214.527,687008.0,240
1674576000000,67270.843,34718.177,419142.0,240
1674590400000,141871.503,66854.388,816914.0,240
1674604800000,97898.966,47839.144,583995.0,240
1674619200000,34838.121,17592.579,262009.0,240
1674633600000,57559.621,27804.322,384990.0,240
1674648000000,127913.984,63061.432,733741.0,240
1674662400000,64912.438,33142.437,428450.0,240
1674676800000,309663.477,159128.776,1676760.0,240
1674691200000,61160.895,29748.148,412193.0,240
1674705600000,50565.793,24083.976,353284.0,240
1674720000000,54116.524,26701.679,374666.0,240
1674734400000,155481.049,76770.632,885113.0,240
1674748800000,64169.464,31916.317,444408.0,240
1674763200000,42267.061,21570.776,298614.0,240
1674777600000,86055.897,39456.229,524303.0,240
1674792000000,58836.674,31501.319,367844.0,240
1674806400000,38844.896,19042.584,265027.0,240
1674820800000,121070.961,60305.192,671531.0,240
1674835200000,84096.917,43262.343,519750.0,240
1674849600000,121014.962,60086.939,696676.0,240
1674864000000,30607.076,16307.331,240556.0,240
1674878400000,29492.397,13891.949,238485.0,240
1674892800000,36651.176,18528.861,266463.0,240
1674907200000,49477.228,25074.497,348228.0,240
1674921600000,19771.548,9619.508,184130.0,240
1674936000000,20401.518,9929.325,174925.0,240
1674950400000,125541.185,65245.958,728836.0,240
1674964800000,26823.648,12879.351,225535.0,240
1674979200000,114678.629,60851.971,719760.0,240
1674993600000,88615.332,44697.153,624716.0,240
1675008000000,134522.96,70734.871,901434.0,240
1675022400000,71846.477,34818.97,548848.0,240
1675036800000,50623.845,24701.021,361050.0,240
1675051200000,35817.696,17287.527,269375.0,240
1675065600000,178463.464,82489.173,1063108.0,240
1675080000000,114367.727,57732.489,747516.0,240
1675094400000,110669.265,50804.619,707275.0,240
1675108800000,82595.41,39316.883,583693.0,240
1675123200000,45917.886,21998.219,347668.0,240
1675137600000,43431.989,22094.981,313749.0,240
1675152000000,46060.1,22467.499,346819.0,240
1675166400000,113354.585,58690.794,738950.0,240
1675180800000,49408.861,24597.208,360355.0,240
1675195200000,105553.545,54037.193,645584.0,240
1675209600000,41016.975,20378.946,302224.0,240
1675224000000,33068.509,15803.958,242455.0,240
1675238400000,50557.37,25494.644,349998.0,240
1675252800000,71259.336,34478.084,476647.0,240
1675267200000,215468.368,109554.345,1282013.0,240
1675281600000,160059.153,81503.213,1078852.0,240
1675296000000,136849.095,71659.529,895255.0,240
1675310400000,48942.495,23323.628,378732.0,240
1675324800000,34286.886,16934.994,281121.0,240
1675339200000,152792.644,74932.831,917272.0,240
1675353600000,131579.732,65060.979,885300.0,240
1675368000000,111289.486,52487.606,778948.0,240
1675382400000,53873.247,27355.49,394526.0,240
1675396800000,25571.079999999998,12265.901,218820.0,240
1675411200000,57784.896,28622.958,403578.0,240
1675425600000,189870.022,94578.233,1185332.0,240
1675440000000,91933.801,43556.871,636515.0,240
1675454400000,51798.392,25658.397,393213.0,240
1675468800000,26184.717,12608.131,218076.0,240
1675483200000,28301.188,13401.989,228594.0,240
1675497600000,19759.758,9797.404,177878.0,240
1675512000000,70032.864,36751.645,451097.0,240
1675526400000,25724.048,12697.409,225829.0,240
1675540800000,27115.818,12668.444,213685.0,240
1675555200000,34347.877,17102.972,257293.0,240
1675569600000,20096.361,10288.199,165217.0,240
1675584000000,20554.304,9918.681,159280.0,240
1675598400000,103064.491,45698.486,650605.0,240
1675612800000,131414.742,61832.337999999996,823219.0,240
1675627200000,47187.259,23637.652,358278.0,240
1675641600000,41294.353,20077.074,308752.0,240
1675656000000,59449.417,27855.481,392408.0,240
1675670400000,48625.312,24691.368,323634.0,240
1675684800000,94677.28,49748.51,562535.0,240
1675699200000,105678.626,53185.167,638399.0,240
1675713600000,67435.155,30091.267,445601.0,240
1675728000000,36711.889,18818.882,261753.0,240
1675742400000,30656.926,15217.307999999999,217395.0,240
1675756800000,48655.029,25612.715,318776.0,240
1675771200000,52655.275,25708.719,374869.0,240
1675785600000,209739.145,106737.036,1184047.0,240
1675800000000,68855.23,35744.095,454536.0,240
1675814400000,49143.645,25046.682,336506.0,240
1675828800000,24682.484,12091.046,184267.0,240
1675843200000,32606.039,15911.588,228770.0,240
1675857600000,103077.568,50551.755,628274.0,240
1675872000000,131915.737,63860.413,756881.0,240
1675886400000,42040.008,20731.875,298035.0,240
1675900800000,114802.19099999999,52470.05,654889.0,240
1675915200000,83990.713,42833.424,507998.0,240
1675929600000,42168.627,20439.65,307114.0,240
1675944000000,112744.024,56329.95,637130.0,240
1675958400000,212791.892,98498.76699999999,1112752.0,240
1675972800000,165797.903,81812.132,948610.0,240
1675987200000,45873.626000000004,23333.461,331432.0,240
1676001600000,68530.266,33838.416,426183.0,240
1676016000000,48382.894,22246.434,335733.0,240
1676030400000,120581.027,59173.127,706914.0,240
1676044800000,86735.68,46010.35,529006.0,240
1676059200000,69883.004,33800.13,425702.0,240
1676073600000,34549.115,17927.079999999998,235397.0,240
1676088000000,17658.503,8529.629,145794.0,240
1676102400000,16676.368,8598.644,130865.0,240
1676116800000,37452.033,18530.202,260454.0,240
1676131200000,34876.801,17076.656,222416.0,240
1676145600000,48036.847,26478.282,298195.0,240
1676160000000,23886.521,12095.437,183844.0,240
1676174400000,13809.719,7372.079,145190.0,240
1676188800000,38816.768,20659.516,259176.0,240
1676203200000,66423.472,33160.801,399822.0,240
1676217600000,57543.929000000004,29145.061,375883.0,240
1676232000000,76306.684,35368.518000000004,466024.0,240
1676246400000,67134.107,33414.06,423054.0,240
1676260800000,37460.868,18409.914,241616.0,240
1676275200000,140932.155,67208.95,789982.0,240
1676289600000,76257.797,38891.119,488156.0,240
1676304000000,134846.671,66762.9,767892.0,240
1676318400000,54964.095,30250.241,352923.0,240
1676332800000,31405.193,15671.913,231395.0,240
1676347200000,24174.292,12970.797,176131.0,240
1676361600000,47434.581,23963.415,334098.0,240
1676376000000,325421.325,163173.853,1722181.0,240
1676390400000,121281.491,61479.657,755330.0,240
1676404800000,49074.627,24455.128,363614.0,240
1676419200000,35580.159999999996,17488.763,265608.0,240
1676433600000,23896.173,12311.328,186055.0,240
1676448000000,86066.327,47795.076,485415.0,240
1676462400000,207159.107,110014.647,1181065.0,240
1676476800000,165039.216,86662.261,959739.0,240
1676491200000,306935.488,163823.864,1696116.0,240
1676505600000,149506.526,78909.537,991608.0,240
1676520000000,85116.457,41609.325,569208.0,240
1676534400000,48543.148,23498.664,400953.0,240
1676548800000,214278.31900000002,111024.058,1282766.0,240
1676563200000,224316.013,112203.707,1410010.0,240
1676577600000,237702.696,108780.434,1411805.0,240
1676592000000,125666.63,63655.89,790551.0,240
1676606400000,59676.035,27729.552,450638.0,240
1676620800000,80667.332,41936.356,567578.0,240
1676635200000,225818.466,115351.068,1352664.0,240
1676649600000,205070.186,104998.198,1329411.0,240
1676664000000,225818.499,112984.72,1450694.0,240
1676678400000,50759.106999999996,25045.825,435828.0,240
1676692800000,34345.925,16151.405999999999,279643.0,240
1676707200000,36886.129,18647.575,330002.0,240
1676721600000,55534.135,28836.161,462035.0,240
1676736000000,61293.542,30378.832,469307.0,240
1676750400000,22736.718,11492.663,223755.0,240
1676764800000,29006.051,14160.44,244116.0,240
1676779200000,59061.967,27792.837,392325.0,240
1676793600000,34964.341,17517.927,267981.0,240
1676808000000,103284.266,53803.53,644074.0,240
1676822400000,235530.475,111644.561,1398493.0,240
1676836800000,81659.528,38796.212,586287.0,240
1676851200000,127984.816,63675.377,824240.0,240
1676865600000,50498.564,25465.742,387275.0,240
1676880000000,159438.885,83173.379,1060730.0,240
1676894400000,167345.352,84839.932,1139459.0,240
1676908800000,102254.274,49361.443,732825.0,240
1676923200000,38879.181,19240.374,345414.0,240
1676937600000,76679.867,39578.96,549865.0,240
1676952000000,46758.131,24328.849,385590.0,240
1676966400000,217844.464,106840.974,1295480.0,240
1676980800000,141571.537,67195.987,924820.0,240
1676995200000,140748.886,68977.432,915834.0,240
1677009600000,105687.69,50856.641,748952.0,240
1677024000000,128324.856,60390.407,857109.0,240
1677038400000,84541.648,41601.661,634614.0,240
1677052800000,93248.828,45915.315,706013.0,240
1677067200000,185032.015,83968.89199999999,1230273.0,240
1677081600000,157258.798,77885.856,1048538.0,240
1677096000000,82007.956,42393.768,613592.0,240
1677110400000,105146.844,54221.509,701507.0,240
1677124800000,53133.37,26199.429,425271.0,240
1677139200000,159754.629,74883.40699999999,1080444.0,240
1677153600000,246653.668,121357.791,1621175.0,240
1677168000000,126451.88,63139.202,912923.0,240
1677182400000,60199.023,29987.131,503193.0,240
1677196800000,59502.415,29675.908,481831.0,240
1677211200000,55400.746,25827.821,438614.0,240
1677225600000,60283.249,30760.804,487591.0,240
1677240000000,231721.267,107876.298,1495697.0,240
1677254400000,235087.972,110871.99,1410102.0,240
1677268800000,89582.293,45588.184,630425.0,240
1677283200000,32612.85,15484.491,290199.0,240
1677297600000,26914.175,13404.185,246201.0,240
1677312000000,59947.25,28410.501,425857.0,240
1677326400000,61274.986,30372.423,442141.0,240
1677340800000,46659.541,23321.198,371660.0,240
1677355200000,83386.846,40641.244,648022.0,240
1677369600000,38352.322,19464.894,320695.0,240
1677384000000,31491.179,14924.576000000001,235675.0,240
1677398400000,42192.201,21700.017,313043.0,240
1677412800000,63502.842,31974.893,479585.0,240
1677427200000,93742.282,49581.744,677803.0,240
1677441600000,102114.23,51453.191,792505.0,240
1677456000000,47678.291,24014.544,405604.0,240
1677470400000,53778.498,25150.142,395788.0,240
1677484800000,46822.503,23543.146,397654.0,240
1677499200000,184987.748,94871.748,1285510.0,240
1677513600000,166667.763,79457.011,1128372.0,240
1677528000000,76820.163,39655.287000000004,558527.0,240
1677542400000,44084.231999999996,21636.567,342909.0,240
1677556800000,44074.367,19375.978,339854.0,240
1677571200000,51908.37,26399.879,414440.0,240
1677585600000,126298.91100000001,62984.355,877134.0,240
1677600000000,90462.656,42595.703,654182.0,240
1677614400000,100091.302,48081.095,722155.0,240
1677628800000,94869.432,49169.428,632568.0,240
1677643200000,119744.837,65859.156,800243.0,240
1677657600000,87997.318,45870.894,634410.0,240
1677672000000,137452.51499999998,68151.476,901499.0,240
1677686400000,97637.359,45498.878,658273.0,240
1677700800000,79548.85,40413.009,579396.0,240
1677715200000,66503.537,32935.468,482272.0,240
1677729600000,49671.496,23642.502,351317.0,240
1677744000000,48950.758,24180.587,361620.0,240
1677758400000,124403.213,60601.941,839189.0,240
1677772800000,77176.896,39309.25,570471.0,240
1677787200000,52550.701,26080.971,411098.0,240
1677801600000,265796.815,118198.228,1566585.0,240
1677816000000,58370.469,27853.605,444653.0,240
1677830400000,48913.566,23696.717,349373.0,240
1677844800000,111464.429,53590.748999999996,687319.0,240
1677859200000,64926.046,31978.577,406328.0,240
1677873600000,59046.812,28144.693,412658.0,240
1677888000000,24078.215,11850.008,178597.0,240
1677902400000,29930.134,16156.922,212201.0,240
1677916800000,17632.287,8662.541,135262.0,240
1677931200000,22528.758,10986.686,175128.0,240
1677945600000,29511.608,13839.214,222369.0,240
1677960000000,51628.209,26607.826,382411.0,240
1677974400000,113479.717,57057.84,653359.0,240
1677988800000,30140.514,15444.379,214452.0,240
1678003200000,31592.0,16237.973,222516.0,240
1678017600000,32097.491,16429.312,229819.0,240
1678032000000,21185.382999999998,10495.667,188273.0,240
1678046400000,53766.64,28208.531,366448.0,240
1678060800000,65552.847,32205.136,425082.0,240
1678075200000,27604.231,14094.897,221386.0,240
1678089600000,29029.706,14400.137999999999,223479.0,240
1678104000000,69925.596,36132.675,420936.0,240
1678118400000,72720.927,33918.546,460300.0,240
1678132800000,34143.090000000004,16304.103000000001,261239.0,240
1678147200000,38691.872,20297.534,260201.0,240
1678161600000,18027.854,8828.201,138290.0,240
1678176000000,42943.905,20676.528,273845.0,240
1678190400000,241400.376,118004.606,1245124.0,240
1678204800000,111947.459,54905.129,691241.0,240
1678219200000,95482.633,47965.074,593467.0,240
1678233600000,51149.471,23582.637,296066.0,240
1678248000000,89535.711,42247.182,491394.0,240
1678262400000,56848.317,30199.162,346246.0,240
1678276800000,148584.459,74689.788,877473.0,240
1678291200000,77456.277,37117.676,517132.0,240
1678305600000,124293.732,55680.362,747919.0,240
1678320000000,53609.885,27088.112,363881.0,240
1678334400000,30228.746,14838.616,223777.0,240
1678348800000,84936.59,41263.868,486509.0,240
1678363200000,128925.274,66197.134,732190.0,240
1678377600000,317672.04099999997,144441.861,1688301.0,240
1678392000000,336530.824,157685.962,1795863.0,240
1678406400000,228402.264,105892.257,1145569.0,240
1678420800000,144189.872,72036.561,820668.0,240
1678435200000,189712.34,91336.209,1097461.0,240
1678449600000,377610.37,192369.683,1877690.0,240
1678464000000,193622.34,98975.611,1070668.0,240
1678478400000,104598.079,52836.662,658049.0,240
1678492800000,207973.491,109122.332,1147213.0,240
1678507200000,139732.217,66836.076,878391.0,240
1678521600000,150200.028,77584.337,987952.0,240
1678536000000,70208.55,35551.663,554338.0,240
1678550400000,96711.737,49178.256,673871.0,240
1678564800000,88653.535,47318.043,613855.0,240
1678579200000,69581.272,35391.945,466268.0,240
1678593600000,39349.368,19369.855,294297.0,240
1678608000000,51563.089,26638.667,374007.0,240
1678622400000,73260.469,35901.721,492111.0,240
1678636800000,320423.397,169782.062,1748327.0,240
1678651200000,327344.807,175723.655,2025555.0,240
1678665600000,220127.8,113772.118,1496431.0,240
1678680000000,107550.891,55249.676,780606.0,240
1678694400000,212765.433,107159.273,1425439.0,240
1678708800000,677353.1410000001,356949.615,3932650.0,240
1678723200000,228551.466,115810.412,1755095.0,240
1678737600000,88633.445,43766.657,820052.0,240
1678752000000,103809.19,53283.44,911628.0,240
1678766400000,154883.625,78689.346,1140380.0,240
1678780800000,156510.376,79663.134,1259824.0,240
1678795200000,572682.237,292866.793,3879874.0,240
1678809600000,344601.197,166420.925,2390956.0,240
1678824000000,240076.01,116374.93,1716684.0,240
1678838400000,126773.008,63661.573,1028246.0,240
1678852800000,66779.179,33555.417,644303.0,240
1678867200000,173691.809,86216.552,1377386.0,240
1678881600000,376951.657,188462.404,2539660.0,240
1678896000000,279276.742,139737.213,1939927.0,240
1678910400000,78584.034,38435.118,773422.0,240
1678924800000,68553.169,33944.877,709403.0,240
1678939200000,88010.463,44082.621,784305.0,240
1678953600000,175784.63,89660.894,1333931.0,240
1678968000000,182794.492,90975.152,1503820.0,240
1678982400000,128630.721,64030.417,1098759.0,240
1678996800000,91673.471,45612.449,808764.0,240
1679011200000,202957.831,107253.621,1473300.0,240
1679025600000,159158.385,82318.478,1283128.0,240
1679040000000,276537.249,147849.707,2141595.0,240
1679054400000,264742.761,128829.028,2065821.0,240
1679068800000,166531.946,85034.526,1277702.0,240
1679083200000,271230.892,141457.106,1950695.0,240
1679097600000,145608.554,71281.878,1231402.0,240
1679112000000,67348.421,33199.695999999996,734107.0,240
1679126400000,87883.227,43814.482,876136.0,240
1679140800000,147089.406,71964.118,1265531.0,240
1679155200000,196552.142,95074.038,1491276.0,240
1679169600000,95750.566,46788.286,855066.0,240
1679184000000,54712.469,27843.99,603319.0,240
1679198400000,62219.778,29814.219,642081.0,240
1679212800000,69530.397,35753.104,670667.0,240
1679227200000,164948.133,85596.94499999999,1263400.0,240
1679241600000,261335.865,135846.11,2010561.0,240
1679256000000,146620.436,71070.495,1230977.0,240
1679270400000,154695.612,73580.639,1251870.0,240
1679284800000,139390.542,72820.117,1110828.0,240
1679299200000,202307.20799999998,100458.907,1596091.0,240
1679313600000,185779.965,89993.489,1499430.0,240
1679328000000,159678.784,79459.914,1365914.0,240
1679342400000,95371.337,47588.464,934795.0,240
1679356800000,53957.05,26827.98,622862.0,240
1679371200000,105693.226,49761.356999999996,1032166.0,240
1679385600000,143510.008,74909.467,1273744.0,240
1679400000000,166353.668,81746.975,1501442.0,240
1679414400000,165393.834,83163.507,1473503.0,240
1679428800000,50579.928,24804.996,633921.0,240
1679443200000,62536.552,32040.502,676255.0,240
1679457600000,54361.466,25831.186999999998,576754.0,240
1679472000000,61658.449,30419.75,613652.0,240
1679486400000,220961.586,115346.922,1639935.0,240
1679500800000,512273.44,248259.85,3703948.0,240
1679515200000,168601.777,84640.377,1424626.0,240
1679529600000,63845.694,33085.367,640538.0,240
1679544000000,84538.137,43448.706,790179.0,240
1679558400000,67047.24,32922.481999999996,618883.0,240
1679572800000,280955.401,146792.032,1991247.0,240
1679587200000,222300.561,110707.111,1604710.0,240
1679601600000,89487.014,44489.884,748938.0,240
1679616000000,44984.892,22172.116,449586.0,240
1679630400000,45073.281,22074.046,404186.0,240
1679644800000,144031.611,68470.135,1037148.0,240
1679659200000,208669.32,105760.979,1606331.0,240
1679673600000,128438.58,62417.992,1005165.0,240
1679688000000,124877.686,57315.614,1016890.0,240
1679702400000,42513.558,20739.613,408555.0,240
1679716800000,39018.021,18717.799,368986.0,240
1679731200000,49158.275,24787.497,443949.0,240
1679745600000,74902.16,38646.495,663333.0,240
1679760000000,83903.179,39654.662,703984.0,240
1679774400000,46178.862,24153.975,438001.0,240
1679788800000,38527.41,18989.375,325040.0,240
1679803200000,25075.949,12159.646999999999,225668.0,240
1679817600000,73218.713,39814.697,559102.0,240
1679832000000,146722.281,72831.328,1080016.0,240
1679846400000,49048.115,24239.564,483777.0,240
1679860800000,67164.51699999999,34556.471,607873.0,240
1679875200000,44345.13,21794.309,418161.0,240
1679889600000,50007.614,23954.411,452530.0,240
1679904000000,51239.037,26021.808,454028.0,240
1679918400000,308699.09500000003,143047.442,2115895.0,240
1679932800000,134145.374,67774.265,1087923.0,240
1679947200000,53998.572,27298.444,535851.0,240
1679961600000,65014.849,31258.96,564311.0,240
1679976000000,58412.238,28380.767,500569.0,240
1679990400000,128644.69099999999,63632.932,967862.0,240
1680004800000,123639.08899999999,62218.417,1011192.0,240
1680019200000,151133.821,78030.436,1166399.0,240
1680033600000,58236.084,29239.404,567213.0,240
1680048000000,46690.555,23393.869,431193.0,240
1680062400000,154440.639,83907.45,1134261.0,240
1680076800000,170742.766,88410.098,1304157.0,240
1680091200000,132706.077,67644.329,1108135.0,240
1680105600000,91922.458,44657.973,833034.0,240
1680120000000,59350.476,28708.472999999998,577654.0,240
1680134400000,244943.146,125531.303,1746692.0,240
1680148800000,79859.667,40596.046,733289.0,240
1680163200000,63603.014,31388.031,570940.0,240
1680177600000,132433.793,62544.203,1100555.0,240
1680192000000,176918.772,85398.155,1386167.0,240
1680206400000,73207.708,35759.262,639621.0,240
1680220800000,82802.246,41937.662,729284.0,240
1680235200000,101966.835,47644.54,846813.0,240
1680249600000,76287.669,37846.418,697549.0,240
1680264000000,217230.739,113112.381,1667218.0,240
1680278400000,81771.51299999999,41266.286,754752.0,240
1680292800000,51498.288,25956.596,512032.0,240
1680307200000,65781.338,34265.231,610295.0,240
1680321600000,46755.745,22380.255,420267.0,240
1680336000000,28874.662,14313.264,280858.0,240
1680350400000,49661.974,23631.239,434764.0,240
1680364800000,28679.32,14332.787,298870.0,240
1680379200000,36734.183,18948.065,356426.0,240
1680393600000,28921.926,14559.486,306179.0,240
1680408000000,21969.846,10464.708,221155.0,240
1680422400000,30770.077,14679.137,279851.0,240
1680436800000,92591.724,44539.419,756269.0,240
1680451200000,83183.919,39826.801,687691.0,240
1680465600000,59221.178,29551.484,551050.0,240
1680480000000,92246.758,42840.866,730624.0,240
1680494400000,59558.174,30218.673,538241.0,240
1680508800000,169915.848,87450.363,1149507.0,240
1680523200000,141711.342,69081.96399999999,930011.0,240
1680537600000,99518.632,50082.583,730291.0,240
1680552000000,178714.809,82793.436,1328011.0,240
1680566400000,57048.555,28973.393,518555.0,240
1680580800000,58199.402,29779.173,535922.0,240
1680595200000,106225.317,54418.022,902451.0,240
1680609600000,113740.258,55008.056,1017194.0,240
1680624000000,56580.848,29033.463,586878.0,240
1680638400000,40576.232,20681.716,423245.0,240
1680652800000,125905.052,68019.618,999587.0,240
1680667200000,38202.006,18294.809,383067.0,240
1680681600000,37263.294,19160.101,352019.0,240
1680696000000,208759.52,100433.886,1612631.0,240
1680710400000,99424.74799999999,49486.5,839868.0,240
1680724800000,34158.218,16567.378,344230.0,240
1680739200000,57949.765,27862.005,517314.0,240
1680753600000,36721.731,17098.663,336791.0,240
1680768000000,78981.475,37934.78,653677.0,240
1680782400000,102413.306,51209.806000000004,836265.0,240
1680796800000,45472.386,22152.558,402593.0,240
1680811200000,34378.119,17072.498,324874.0,240
1680825600000,27954.246,13489.425,252019.0,240
1680840000000,43965.699,20150.525,360839.0,240
1680854400000,47983.634,23884.433,414272.0,240
1680868800000,58901.765,30194.753,490821.0,240
1680883200000,18629.237,8983.003,185901.0,240
1680897600000,21815.597,10900.545,213899.0,240
1680912000000,26709.114,14047.903,229842.0,240
1680926400000,38189.946,19272.945,299500.0,240
1680940800000,22421.507,10932.397,192942.0,240
1680955200000,23432.443,11536.376,194691.0,240
1680969600000,29141.062,13778.228000000001,230330.0,240
1680984000000,19235.488,9493.046,166877.0,240
1680998400000,30081.571,15895.122,222746.0,240
1681012800000,47649.419,21472.423,320586.0,240
1681027200000,31551.572,15445.687,249561.0,240
1681041600000,35449.263,17185.694,295890.0,240
1681056000000,69130.263,38209.941,474576.0,240
1681070400000,91999.792,48712.028,651272.0,240
1681084800000,39158.156,20192.803,315250.0,240
1681099200000,32457.91,16573.27,242737.0,240
1681113600000,33714.023,17060.496,255881.0,240
1681128000000,91957.051,47796.737,609551.0,240
1681142400000,244253.752,130931.422,1690125.0,240
1681156800000,138521.033,74553.925,1009908.0,240
1681171200000,202989.715,109132.682,1419395.0,240
1681185600000,75212.768,36034.357,607347.0,240
1681200000000,53203.501,25213.31,421872.0,240
1681214400000,117522.262,58727.591,855839.0,240
1681228800000,112939.472,58221.225,879798.0,240
1681243200000,67110.773,33619.624,545320.0,240
1681257600000,93503.58,43459.055,748717.0,240
1681272000000,47788.578,24037.411,430971.0,240
1681286400000,37903.678,19054.6,355938.0,240
1681300800000,266359.39999999997,129900.674,1804120.0,240
1681315200000,77609.156,37170.945,652101.0,240
1681329600000,40504.038,20472.326,395835.0,240
1681344000000,52435.953,26497.918999999998,440687.0,240
1681358400000,28862.315,14082.334,284220.0,240
1681372800000,92038.937,46329.625,703038.0,240
1681387200000,147335.344,78126.142,1170954.0,240
1681401600000,76467.563,37449.747,689080.0,240
1681416000000,39042.382,18624.536,427807.0,240
1681430400000,143783.626,75158.854,1160212.0,240
1681444800000,95052.482,48928.11,808627.0,240
1681459200000,51819.143,26026.639,470202.0,240
1681473600000,173876.177,80341.905,1355976.0,240
1681488000000,102233.968,49728.037,884654.0,240
1681502400000,48626.219,25030.824,449846.0,240
1681516800000,41220.216,20680.971,401437.0,240
1681531200000,20229.732,10216.452,231851.0,240
1681545600000,24960.612,11715.686,272580.0,240
1681560000000,32820.069,15880.547,315325.0,240
1681574400000,38861.655,18779.899,359348.0,240
1681588800000,22141.798,10962.302,249545.0,240
1681603200000,26508.945,13162.788,289532.0,240
1681617600000,21303.215,10696.142,226578.0,240
1681632000000,23037.583,10858.454,234586.0,240
1681646400000,40131.078,20808.027000000002,354563.0,240
1681660800000,57612.65,29405.439,455208.0,240
1681675200000,41632.548,19960.490999999998,418800.0,240
1681689600000,111581.65699999999,51214.947,857162.0,240
1681704000000,33276.831,16007.922,349283.0,240
1681718400000,93915.974,43760.61,701445.0,240
1681732800000,131855.384,63867.817,917238.0,240
1681747200000,55047.782,27539.478,464251.0,240
1681761600000,29840.92,14019.06,271280.0,240
1681776000000,65673.969,31447.245,532889.0,240
1681790400000,59863.93,31029.3,513179.0,240
1681804800000,120369.892,64053.578,890736.0,240
1681819200000,143790.876,70654.568,1089430.0,240
1681833600000,89098.27,43834.276,758189.0,240
1681848000000,54392.333,27599.907,489627.0,240
1681862400000,42292.844,19890.447,417895.0,240
1681876800000,57670.911,27552.506,499496.0,240
1681891200000,224711.531,105185.153,1570028.0,240
1681905600000,98329.93000000001,47437.898,823434.0,240
1681920000000,61620.315,29460.626,613668.0,240
1681934400000,159240.579,75390.373,1208115.0,240
1681948800000,91900.129,45295.861,812954.0,240
1681963200000,58960.584,29758.125,601069.0,240
1681977600000,68189.91100000001,31739.819,656232.0,240
1681992000000,164293.111,80463.464,1308090.0,240
1682006400000,186202.872,89074.379,1489049.0,240
1682020800000,69632.679,35986.007,671630.0,240
1682035200000,58395.542,29904.718,540745.0,240
1682049600000,119795.709,58189.215,933103.0,240
1682064000000,80831.36,40642.101,718730.0,240
1682078400000,126677.763,63928.697,1057700.0,240
1682092800000,211114.733,98156.99,1539996.0,240
1682107200000,91017.726,44579.404,771782.0,240
1682121600000,45729.471,23609.157,428779.0,240
1682136000000,36075.068,16690.468,337534.0,240
1682150400000,42889.652,21869.1,387386.0,240
1682164800000,82203.755,42866.532,618559.0,240
1682179200000,86509.805,44371.205,708314.0,240
1682193600000,52141.27,27479.509000000002,496677.0,240
1682208000000,66658.757,30811.055,547780.0,240
1682222400000,32611.861,17083.712,338177.0,240
1682236800000,49943.657,24308.797,467016.0,240
1682251200000,70478.522,33695.717,638694.0,240
1682265600000,74820.167,37119.201,707730.0,240
1682280000000,37569.391,19366.135,398644.0,240
1682294400000,99571.446,50973.948000000004,861111.0,240
1682308800000,65884.391,30971.823,815570.0,240
1682323200000,101737.772,50079.347,1091509.0,240
1682337600000,135196.378,65718.442,1229319.0,240
1682352000000,141565.215,69773.737,1178718.0,240
1682366400000,37313.066,19412.772,442193.0,240
1682380800000,43907.361,20881.788,486911.0,240
1682395200000,45282.567,22612.31,488757.0,240
1682409600000,66538.637,33962.714,663731.0,240
1682424000000,74964.782,37718.71,763485.0,240
1682438400000,115386.167,60720.239,1014035.0,240
1682452800000,162175.001,86537.292,1318940.0,240
1682467200000,71407.185,35820.04,696670.0,240
1682481600000,62803.722,32747.935,590514.0,240
1682496000000,213528.425,112243.411,1597778.0,240
1682510400000,306318.812,160841.354,2068769.0,240
1682524800000,297334.63,136859.579,1844726.0,240
1682539200000,333531.89400000003,167948.343,2167989.0,240
1682553600000,231823.014,116770.934,1696227.0,240
1682568000000,112459.212,55127.369,1036710.0,240
1682582400000,98201.412,49216.75,1014384.0,240
1682596800000,206699.481,105525.425,1730125.0,240
1682611200000,204824.129,106818.673,1808004.0,240
1682625600000,98577.491,48841.663,1054407.0,240
1682640000000,78696.354,39310.451,831552.0,240
1682654400000,49552.737,25321.637,600687.0,240
1682668800000,86710.553,41000.878,887453.0,240
1682683200000,170065.295,83589.419,1465744.0,240
1682697600000,89994.009,46595.081,898026.0,240
1682712000000,33331.207,16064.38,414891.0,240
1682726400000,39776.622,19558.598,428721.0,240
1682740800000,36929.533,18606.354,389034.0,240
1682755200000,35064.791,17354.271,368519.0,240
1682769600000,38754.353,18531.041,414861.0,240
1682784000000,47665.322,22948.521,459317.0,240
1682798400000,19822.623,9972.193,265946.0,240
1682812800000,25444.574,12171.364,276293.0,240
1682827200000,24448.044,13019.896,268803.0,240
1682841600000,33318.971,16554.129,357056.0,240
1682856000000,142401.479,76180.336,1082083.0,240
1682870400000,117019.249,55070.563,1094720.0,240
1682884800000,75166.529,36541.144,752460.0,240
1682899200000,143426.63,65979.782,1134881.0,240
1682913600000,77991.238,38402.058,759689.0,240
1682928000000,39461.984,19139.684,468197.0,240
1682942400000,130179.626,61522.478,1191132.0,240
1682956800000,148882.2,71914.333,1265679.0,240
1682971200000,85032.81,43003.182,931721.0,240
1682985600000,44341.09,21607.092,561464.0,240
1683000000000,39868.257,20180.677,467812.0,240
1683014400000,39176.734,19490.245,463321.0,240
1683028800000,231570.662,119221.056,1757441.0,240
1683043200000,110133.821,55341.002,1182233.0,240
1683057600000,48455.705,25406.252,622012.0,240
1683072000000,58108.623,28262.736,614950.0,240
1683086400000,44177.432,22897.909,503606.0,240
1683100800000,52281.205,25493.409,602950.0,240
1683115200000,135071.937,65789.969,1331715.0,240
1683129600000,229709.193,116584.721,1901574.0,240
1683144000000,157117.84,83437.08,1422637.0,240
1683158400000,48827.682,25527.189,635406.0,240
1683172800000,50341.471,25350.877,633475.0,240
1683187200000,78089.723,40117.236,833320.0,240
1683201600000,145934.75,68765.091,1396474.0,240
1683216000000,73790.969,36441.984,865374.0,240
1683230400000,29440.989,14424.26,378870.0,240
1683244800000,115027.039,60323.395000000004,1023888.0,240
1683259200000,52721.949,25739.251,606973.0,240
1683273600000,44105.557,22561.44,533709.0,240
1683288000000,192645.919,97000.79,1587088.0,240
1683302400000,133203.275,69366.399,1229299.0,240
1683316800000,40781.438,20395.392,489437.0,240
1683331200000,76988.632,39239.019,753579.0,240
1683345600000,42728.114,20681.226,452975.0,240
1683360000000,58055.462,28171.908,592635.0,240
1683374400000,181672.364,83614.73,1483301.0,240
1683388800000,77210.531,39549.441,757130.0,240
1683403200000,38973.798,19108.004,494390.0,240
1683417600000,63343.561,31650.664,669511.0,240
1683432000000,27761.69,14293.474,364457.0,240
1683446400000,44539.548,21628.768,524979.0,240
1683460800000,58996.19,29993.733,680068.0,240
1683475200000,46812.975,22582.275,528344.0,240
1683489600000,66956.679,30732.895,677902.0,240
1683504000000,142837.352,67793.81,1151771.0,240
1683518400000,82354.151,37347.869,764478.0,240
1683532800000,108980.277,52961.667,1047285.0,240
1683547200000,110121.512,55092.029,1081715.0,240
1683561600000,148637.52,70277.802,1411742.0,240
1683576000000,65257.965,34006.293,751736.0,240
1683590400000,46056.079,23075.053,583578.0,240
1683604800000,47560.102,23864.885,617808.0,240
1683619200000,42312.157,21611.166,569629.0,240
1683633600000,119288.926,57339.016,1229360.0,240
1683648000000,78744.119,41960.465000000004,849190.0,240
1683662400000,33703.303,16538.816,428251.0,240
1683676800000,47318.156,24333.913,534745.0,240
1683691200000,32310.414,15003.402,396120.0,240
1683705600000,39879.662,20945.282,496001.0,240
1683720000000,213950.08,110492.479,1903314.0,240
1683734400000,289613.92,137910.131,2331353.0,240
1683748800000,99430.444,49154.804,1005888.0,240
1683763200000,56879.457,27204.925,657256.0,240
1683777600000,39192.274,19757.605,507051.0,240
1683792000000,55275.014,27016.693,640054.0,240
1683806400000,187266.555,91361.104,1740964.0,240
1683820800000,146708.743,70334.441,1463913.0,240
1683835200000,53500.32,27390.346,652333.0,240
1683849600000,90812.315,42437.631,905511.0,240
1683864000000,131694.685,61228.159,1203311.0,240
1683878400000,54978.691,27416.264,698087.0,240
1683892800000,98862.763,49921.536,1131084.0,240
1683907200000,132224.157,64055.485,1194858.0,240
1683921600000,107072.897,55489.334,1098367.0,240
1683936000000,56653.067,29622.92,601006.0,240
1683950400000,32070.296,15359.269,388111.0,240
1683964800000,27857.048,14300.528,376205.0,240
1683979200000,40717.301,21011.198,483340.0,240
1683993600000,54284.517,28339.795,583364.0,240
1684008000000,31112.7,14245.032,420689.0,240
1684022400000,47551.697,24888.263,530905.0,240
1684036800000,20315.573,9713.179,285684.0,240
1684051200000,18182.978,8478.215,238939.0,240
1684065600000,86298.935,45834.57,838114.0,240
1684080000000,53779.117,26171.592,631321.0,240
1684094400000,21451.127,11287.818,321856.0,240
1684108800000,100134.61,51541.392,1016829.0,240
1684123200000,93928.69,48669.899,922878.0,240
1684137600000,39961.711,19327.167,492517.0,240
1684152000000,79836.823,39433.945,848524.0,240
1684166400000,97469.17,49316.393000000004,975992.0,240
1684180800000,38932.072,17551.756,458378.0,240
1684195200000,90185.098,43983.54,855550.0,240
1684209600000,49329.282,25675.063,553227.0,240
1684224000000,62608.697,29474.127,640074.0,240
1684238400000,89162.317,44351.499,861624.0,240
1684252800000,53087.558,25762.717,592088.0,240
1684267200000,28799.999,14718.714,377648.0,240
1684281600000,48161.97,24986.061,514661.0,240
1684296000000,53789.861,23687.096,525336.0,240
1684310400000,84616.009,40108.714,762154.0,240
1684324800000,106131.008,54185.684,887540.0,240
1684339200000,129947.05500000001,68935.853,1086434.0,240
1684353600000,67419.315,35128.124,687797.0,240
1684368000000,35846.271,17771.034,404507.0,240
1684382400000,61937.26,31809.459,575486.0,240
1684396800000,42133.547,21064.322,483761.0,240
1684411200000,145244.456,71048.607,1197699.0,240
1684425600000,200861.276,93469.375,1491595.0,240
1684440000000,58949.169,30192.442,554474.0,240
1684454400000,37542.604,17923.659,383152.0,240
1684468800000,28781.823,14264.14,315594.0,240
1684483200000,32361.524,15845.8,357411.0,240
1684497600000,157634.157,78613.05500000001,1191442.0,240
1684512000000,50110.954,25372.978,554863.0,240
1684526400000,17666.894,8963.717,219650.0,240
1684540800000,13932.879,6709.562,178450.0,240
1684555200000,9537.697,4425.581,138957.0,240
1684569600000,15215.481,7700.7390000000005,183839.0,240
1684584000000,25544.438,13567.775,292542.0,240
1684598400000,52033.7,27912.159,469172.0,240
1684612800000,21251.159,11268.782,250553.0,240
1684627200000,38117.636,20329.797,344348.0,240
1684641600000,23955.74,10204.858,228425.0,240
1684656000000,59909.536,27050.456,477297.0,240
1684670400000,50401.693,25094.987,450157.0,240
1684684800000,24421.545,12486.145,272636.0,240
1684699200000,41970.275,18983.096,393878.0,240
1684713600000,60333.993,29519.532,536624.0,240
1684728000000,46118.467,24099.490999999998,452019.0,240
1684742400000,31113.301,14726.079,322688.0,240
1684756800000,129893.083,67295.209,995571.0,240
1684771200000,41038.257,20789.819,405148.0,240
1684785600000,19533.419,9774.454,215954.0,240
1684800000000,112108.995,59318.131,879222.0,240
1684814400000,83809.328,42762.623,698773.0,240
1684828800000,32695.377,16984.981,318743.0,240
1684843200000,63502.505,31649.415,571666.0,240
1684857600000,55692.994,26656.538,505534.0,240
1684872000000,21367.419,11068.565,239112.0,240
1684886400000,105289.512,47112.8,722210.0,240
1684900800000,72171.252,33918.397,630762.0,240
1684915200000,47356.312,23697.97,419000.0,240
1684929600000,189840.762,88553.19900000001,1380204.0,240
1684944000000,69968.498,35393.966,611590.0,240
1684958400000,50565.341,25621.451,462099.0,240
1684972800000,94944.153,45123.804000000004,744271.0,240
1684987200000,40575.044,19966.842,347836.0,240
1685001600000,40284.053,20975.137,332825.0,240
1685016000000,110196.106,56362.108,782136.0,240
1685030400000,80074.61,41924.119,585122.0,240
1685044800000,28461.259000000002,14611.787,258326.0,240
1685059200000,38579.969,18053.670000000002,334545.0,240
1685073600000,34980.918,18452.24,314529.0,240
1685088000000,32939.619,15738.929,295696.0,240
1685102400000,137774.569,71790.576,1046669.0,240
1685116800000,61511.083,30982.381,511045.0,240
1685131200000,18689.388,9100.482,233161.0,240
1685145600000,21434.056,11694.036,242737.0,240
1685160000000,15097.708,7526.472,173905.0,240
1685174400000,19863.179,10108.111,203115.0,240
1685188800000,47080.958,22902.758,373184.0,240
1685203200000,38259.082,19449.858,327168.0,240
1685217600000,21946.952,11709.958,222785.0,240
1685232000000,89784.52,48310.208,663758.0,240
1685246400000,40838.873,21160.81,380961.0,240
1685260800000,42170.252,21669.704999999998,359469.0,240
1685275200000,37547.894,19880.573,349552.0,240
1685289600000,113292.894,60580.186,846881.0,240
1685304000000,116480.961,62625.309,889999.0,240
1685318400000,103587.637,50873.193999999996,773550.0,240
1685332800000,60707.279,30080.721,516647.0,240
1685347200000,48976.302,24313.948,415760.0,240
1685361600000,81226.571,38642.365,657917.0,240
1685376000000,75215.644,38279.907,606856.0,240
1685390400000,41577.116,21309.607,377233.0,240
1685404800000,45946.311,22826.137,420601.0,240
1685419200000,36391.136,17395.76,342878.0,240
1685433600000,63354.986,33280.979,567304.0,240
1685448000000,102527.366,47860.996,886269.0,240
1685462400000,56925.601,28616.524,542632.0,240
1685476800000,29233.913,13477.909,295184.0,240
1685491200000,39039.737,18878.962,347830.0,240
1685505600000,156776.303,70511.64,1097093.0,240
1685520000000,56728.662,27611.169,454760.0,240
1685534400000,119487.274,58037.557,934152.0,240
1685548800000,58703.953,30278.746,558885.0,240
1685563200000,40645.961,21327.121,382439.0,240
1685577600000,121061.58899999999,56405.265,885759.0,240
1685592000000,39307.686,20726.605,391561.0,240
1685606400000,36263.422,18750.064,360994.0,240
1685620800000,59027.621,30029.088,559386.0,240
1685635200000,111799.742,54500.034,853611.0,240
1685649600000,37327.512,17721.973,385181.0,240
1685664000000,85456.975,43032.671,661518.0,240
1685678400000,61632.613,30406.725,549119.0,240
1685692800000,36192.9,18998.648,351755.0,240
1685707200000,120542.039,58931.92,950216.0,240
1685721600000,57272.534,28405.362,537193.0,240
1685736000000,30013.032,14781.129,327825.0,240
1685750400000,25058.623,11923.78,260022.0,240
1685764800000,17689.692,8997.626,196127.0,240
1685779200000,16660.54,7773.478,180658.0,240
1685793600000,35777.121,19992.42,293925.0,240
1685808000000,50814.584,22943.956,419212.0,240
1685822400000,36463.54,18005.089,316901.0,240
1685836800000,25275.09,13099.428,240905.0,240
1685851200000,23617.719,12994.784,221964.0,240
1685865600000,29667.465,14425.747,275547.0,240
1685880000000,38245.649,19011.479,351524.0,240
1685894400000,17756.474,9244.048,174577.0,240
1685908800000,83709.147,42536.609,620862.0,240
1685923200000,80451.139,37964.721,675205.0,240
1685937600000,52410.386,25024.149,466185.0,240
1685952000000,48150.374,22742.988,414060.0,240
1685966400000,190153.229,85181.723,1263096.0,240
1685980800000,269202.748,127779.64199999999,1788799.0,240
1685995200000,60134.672,29110.436,552852.0,240
1686009600000,45585.085,23111.122,386605.0,240
1686024000000,32812.859,16239.173,274387.0,240
1686038400000,37440.876,17848.374,355970.0,240
1686052800000,252404.577,128538.434,1804607.0,240
1686067200000,249451.29,135549.029,1957595.0,240
1686081600000,113750.962,58104.75,1016504.0,240
1686096000000,114373.103,56134.557,932896.0,240
1686110400000,47010.017,22446.415,469065.0,240
1686124800000,151149.929,76094.457,1176183.0,240
1686139200000,202615.316,96723.403,1588071.0,240
1686153600000,80719.705,40867.524,798606.0,240
1686168000000,64176.467,31346.943,633578.0,240
1686182400000,45884.902,22386.473,474000.0,240
1686196800000,44715.213,22579.782,456369.0,240
1686211200000,31664.967,15960.156,362198.0,240
1686225600000,127003.344,66024.261,1132106.0,240
1686240000000,56835.377,26495.278,590345.0,240
1686254400000,27001.036,13032.58,320946.0,240
1686268800000,59149.513,28130.75,568471.0,240
1686283200000,33723.828,17224.696,359722.0,240
1686297600000,49448.532,25942.079,520008.0,240
1686312000000,78006.116,38033.798,805545.0,240
1686326400000,45711.815,23499.038,509079.0,240
1686340800000,17679.394,9075.964,234235.0,240
1686355200000,53812.515,24939.241,541131.0,240
1686369600000,239103.411,111819.001,1835402.0,240
1686384000000,45062.365,22818.764,484897.0,240
1686398400000,36077.085,18041.52,405256.0,240
1686412800000,188175.676,92920.204,1444918.0,240
1686427200000,46686.517,23581.38,494622.0,240
1686441600000,33043.104,15954.404,371674.0,240
1686456000000,31162.773,15426.295,354203.0,240
1686470400000,25758.698,13406.111,303346.0,240
1686484800000,28819.212,13885.477,336993.0,240
1686499200000,85800.03600000001,44967.0,798882.0,240
1686513600000,74781.74,36140.546,695511.0,240
1686528000000,67095.778,32644.249,706005.0,240
1686542400000,30361.002,14935.553,371678.0,240
1686556800000,60565.67,31779.168,631520.0,240
1686571200000,55282.739,27172.4,646001.0,240
1686585600000,60408.85,30210.412,651033.0,240
1686600000000,25186.429,12546.841,321818.0,240
1686614400000,70391.032,36521.127,697551.0,240
1686628800000,34095.2,16973.631,398877.0,240
1686643200000,67198.597,35445.096,678368.0,240
1686657600000,185012.596,89872.011,1722688.0,240
1686672000000,49220.461,24796.614,553471.0,240
1686686400000,28618.868,14882.977,345440.0,240
1686700800000,33269.028,16524.553,384175.0,240
1686715200000,30116.376,14786.88,326753.0,240
1686729600000,28960.713,15442.204,309043.0,240
1686744000000,41580.783,20498.633,469909.0,240
1686758400000,105003.697,52057.948,965936.0,240
1686772800000,225751.005,102110.234,1676636.0,240
1686787200000,41759.388,19826.486,405809.0,240
1686801600000,67274.456,33563.775,622041.0,240
1686816000000,68636.788,33809.764,629888.0,240
1686830400000,70290.723,34642.944,669717.0,240
1686844800000,112855.954,58639.207,975536.0,240
1686859200000,113154.066,57230.937,955521.0,240
1686873600000,43049.905,20976.366,411270.0,240
1686888000000,40458.494,19458.437,423486.0,240
1686902400000,43200.142,21439.248,472951.0,240
1686916800000,151837.917,79197.768,1204076.0,240
1686931200000,216937.577,114513.03,1748256.0,240
1686945600000,37660.921,19045.092,441339.0,240
1686960000000,36661.055,18328.15,384974.0,240
1686974400000,107938.26400000001,58933.784,868795.0,240
1686988800000,43152.994,21406.73,447995.0,240
1687003200000,64566.845,31173.701,629528.0,240
1687017600000,31768.742,16129.45,387863.0,240
1687032000000,21650.496,10503.471,267989.0,240
1687046400000,27032.825,13093.092,307423.0,240
1687060800000,40704.717,21082.211,420987.0,240
1687075200000,27593.456000000002,13550.067,331545.0,240
1687089600000,33224.65,16773.69,384980.0,240
1687104000000,32518.414,17031.717,392656.0,240
1687118400000,80903.422,38201.882,755401.0,240
1687132800000,32200.784,16220.123,376342.0,240
1687147200000,19572.1,9547.91,251138.0,240
1687161600000,24996.502,11982.91,266960.0,240
1687176000000,65548.161,32699.99,655828.0,240
1687190400000,200219.917,103827.488,1640531.0,240
1687204800000,57996.294,29516.42,628288.0,240
1687219200000,79486.167,41464.158,784778.0,240
1687233600000,58297.568,28183.308,565774.0,240
1687248000000,41628.652,21905.839,464867.0,240
1687262400000,114387.91,57713.556,1060000.0,240
1687276800000,340072.6,180551.874,2696937.0,240
1687291200000,124303.4,65953.616,1158703.0,240
1687305600000,169807.166,90939.413,1385762.0,240
1687320000000,75606.358,39354.426,730838.0,240
1687334400000,108461.131,55618.784,952044.0,240
1687348800000,322373.018,170115.673,2555210.0,240
1687363200000,365241.928,185414.039,2822814.0,240
1687377600000,81984.826,39772.357,819042.0,240
1687392000000,84397.757,43040.481,901769.0,240
1687406400000,59869.993,28955.659,679068.0,240
1687420800000,92709.438,45436.847,911624.0,240
1687435200000,177543.354,86451.741,1628889.0,240
1687449600000,101073.409,51817.623,987758.0,240
1687464000000,45457.791,21540.993,524789.0,240
1687478400000,46051.18,22629.701,480547.0,240
1687492800000,29527.682,14074.447,380119.0,240
1687507200000,57808.102,29781.646,625427.0,240
1687521600000,269771.237,145138.589,2206663.0,240
1687536000000,228949.781,112265.316,2028006.0,240
1687550400000,66965.08899999999,32186.868,732062.0,240
1687564800000,57323.09,29588.134000000002,650418.0,240
1687579200000,29137.58,13629.735,380096.0,240
1687593600000,30744.164,16068.401,393231.0,240
1687608000000,72309.098,33731.487,801187.0,240
1687622400000,58691.368,29457.898,639952.0,240
1687636800000,31333.988,14841.838,386838.0,240
1687651200000,36315.838,19594.591,419078.0,240
1687665600000,79266.773,40092.933,817687.0,240
1687680000000,36842.297,19042.318,451850.0,240
1687694400000,60922.334,29689.729,655748.0,240
1687708800000,49478.271,22200.497,594433.0,240
1687723200000,38707.641,19268.491,460394.0,240
1687737600000,87301.166,42290.896,922065.0,240
1687752000000,60412.33,30946.058,645901.0,240
1687766400000,45961.531,22114.238,527168.0,240
1687780800000,86040.677,43272.253,893125.0,240
1687795200000,106775.619,50759.849,1055316.0,240
1687809600000,28608.033,14027.307,372949.0,240
1687824000000,41157.089,20516.335,513403.0,240
1687838400000,36501.042,19199.282,431120.0,240
1687852800000,81853.383,42188.546,860331.0,240
1687867200000,147090.862,71474.377,1413868.0,240
1687881600000,57462.807,28993.844,699750.0,240
1687896000000,42008.165,20951.716,408002.0,240
1687910400000,52611.527,24396.284,574135.0,240
1687924800000,53845.270000000004,25118.395,550115.0,240
1687939200000,42990.331,22044.999,419425.0,240
1687953600000,125197.93,61664.002,1120279.0,240
1687968000000,101722.691,47433.811,879839.0,240
1687982400000,40288.685,20576.135,456531.0,240
1687996800000,34206.224,17788.976,367998.0,240
1688011200000,37925.711,19805.108,388024.0,240
1688025600000,98223.357,50746.4,882561.0,240
1688040000000,113767.956,56184.976,992354.0,240
1688054400000,54373.149,28503.229,544697.0,240
1688068800000,43576.449,20766.228,453097.0,240
1688083200000,74469.724,38111.758,652317.0,240
1688097600000,144771.236,73254.151,1116133.0,240
1688112000000,52591.102,26111.623,520026.0,240
1688126400000,346709.184,166010.992,2340372.0,240
1688140800000,155211.239,77069.338,1224519.0,240
1688155200000,35578.82,18667.482,349948.0,240
1688169600000,29778.267,14090.761,337072.0,240
1688184000000,23531.509000000002,12148.337,248735.0,240
1688198400000,23695.114,12317.068,254535.0,240
1688212800000,32888.967,16873.323,385469.0,240
1688227200000,16091.915,7532.229,213670.0,240
1688241600000,9534.474,4530.532,151205.0,240
1688256000000,27111.655,12950.019,291462.0,240
1688270400000,16551.148,8838.391,197206.0,240
1688284800000,13555.813,7417.287,176680.0,240
1688299200000,61816.405,29841.829,496378.0,240
1688313600000,47231.098,23276.975000000002,418795.0,240
1688328000000,65600.069,32562.931,504875.0,240
1688342400000,35710.62,18575.016,357722.0,240
1688356800000,33689.441,16526.204,342032.0,240
1688371200000,24118.202,12019.225,275459.0,240
1688385600000,104391.15,55791.449,806433.0,240
1688400000000,115662.573,59402.568,930187.0,240
1688414400000,56721.25,28336.795,430717.0,240
1688428800000,43191.597,20950.014,402953.0,240
1688443200000,53472.779,25736.172,477223.0,240
1688457600000,45148.63,23213.268,409980.0,240
1688472000000,38716.425,18460.785,371775.0,240
1688486400000,94152.133,45171.598,706275.0,240
1688500800000,26150.696,13232.752,259852.0,240
1688515200000,18763.35,9714.867,214038.0,240
1688529600000,19242.008,7900.681,195665.0,240
1688544000000,90362.98300000001,41515.842,719081.0,240
1688558400000,93102.565,46316.844,764783.0,240
1688572800000,47167.111000000004,22833.666,438449.0,240
1688587200000,26258.561,13890.394,261062.0,240
1688601600000,27525.436,13803.193,288747.0,240
1688616000000,59327.661,31732.352,533093.0,240
1688630400000,227988.566,115694.499,1565545.0,240
1688644800000,270998.539,129248.812,1838414.0,240
1688659200000,65824.698,31431.715,599252.0,240
1688673600000,69602.319,30570.828,575594.0,240
1688688000000,73967.626,37052.493,635323.0,240
1688702400000,54680.044,26262.416,484601.0,240
1688716800000,37803.361,20006.37,370621.0,240
1688731200000,105396.246,51520.675,844442.0,240
1688745600000,46214.504,22801.674,437130.0,240
1688760000000,19739.873,9956.326,224641.0,240
1688774400000,20274.344,9842.311,203706.0,240
1688788800000,26594.583,11924.338,242147.0,240
1688803200000,25385.741,13570.968,252810.0,240
1688817600000,15361.803,7936.471,196285.0,240
1688832000000,31842.636,16500.952,304160.0,240
1688846400000,19275.386,9951.438,236381.0,240
1688860800000,29538.533,13936.937,307984.0,240
1688875200000,12970.718,6622.606,172403.0,240
1688889600000,13831.5,6718.093,160692.0,240
1688904000000,52366.13,26544.469,499996.0,240
1688918400000,20913.947,9709.573,246203.0,240
1688932800000,32675.435,15421.206,336747.0,240
1688947200000,57315.967,28167.204,524893.0,240
1688961600000,22884.999,11325.609,259988.0,240
1688976000000,37764.713,19411.974,370539.0,240
1688990400000,62189.014,31421.702,548438.0,240
1689004800000,91867.895,49659.322,752348.0,240
1689019200000,157092.949,75590.463,1185007.0,240
1689033600000,45182.06,22545.996,444946.0,240
1689048000000,37039.062,19725.346,360599.0,240
1689062400000,38953.602,18724.81,388352.0,240
1689076800000,98194.832,49330.46,895052.0,240
1689091200000,52691.726,26033.96,539135.0,240
1689105600000,26843.465,13486.506,281092.0,240
1689120000000,28484.393,14707.458,279162.0,240
1689134400000,50264.091,26509.275,467853.0,240
1689148800000,33657.85,17924.239,346634.0,240
1689163200000,198943.496,95254.171,1517178.0,240
1689177600000,84461.464,40686.693999999996,733826.0,240
1689192000000,29246.963,15333.987,312854.0,240
1689206400000,25819.244,12844.856,283590.0,240
1689220800000,29140.813000000002,15347.491,290327.0,240
1689235200000,59604.531,30562.325,477881.0,240
1689249600000,176453.536,91950.652,1196208.0,240
1689264000000,291866.546,150923.843,2052105.0,240
1689278400000,113138.84,56112.748,843110.0,240
1689292800000,60468.943,29913.675,614780.0,240
1689307200000,47214.511,22044.504,457444.0,240
1689321600000,43894.191,22719.15,434312.0,240
1689336000000,60181.765,29538.64,596526.0,240
1689350400000,267411.025,121356.822,1873757.0,240
1689364800000,59521.811,29447.527,557393.0,240
1689379200000,29471.378,13741.707,283186.0,240
1689393600000,18539.329,9219.104,210580.0,240
1689408000000,17263.0,8250.041,215750.0,240
1689422400000,19740.322,9551.628,223627.0,240
1689436800000,16143.855,7927.6720000000005,203202.0,240
1689451200000,10464.59,5022.44,154399.0,240
1689465600000,43029.584,20182.902,380468.0,240
1689480000000,20092.465,10748.637,217552.0,240
1689494400000,19595.425,10081.163,197534.0,240
1689508800000,36284.911,17975.227,329148.0,240
1689523200000,29423.897,13026.175,281160.0,240
1689537600000,25379.658,12370.254,272975.0,240
1689552000000,22700.198,11685.474,248654.0,240
1689566400000,13248.65,6064.108,163612.0,240
1689580800000,67733.832,31547.263,561423.0,240
1689595200000,66486.808,32806.048,586158.0,240
1689609600000,122153.882,56904.148,1017946.0,240
1689624000000,51790.057,27018.068,476876.0,240
1689638400000,23756.585,11239.263,271368.0,240
1689652800000,38504.713,18251.707,411046.0,240
1689667200000,60543.637,29429.544,546956.0,240
1689681600000,98912.984,48616.541,867351.0,240
1689696000000,88550.243,40785.626000000004,764572.0,240
1689710400000,27128.255,14967.843,268322.0,240
1689724800000,46282.264,23806.759,414698.0,240
1689739200000,41398.75,19174.471,391960.0,240
1689753600000,36932.397,18397.899,347820.0,240
1689768000000,89658.235,44097.161,739003.0,240
1689782400000,50777.186,26091.82,464330.0,240
1689796800000,33370.022,16287.892,339860.0,240
1689811200000,23383.135,11228.402,251260.0,240
1689825600000,54428.409,29496.244,481205.0,240
1689840000000,79217.962,39935.127,621255.0,240
1689854400000,146334.281,68058.719,1034177.0,240
1689868800000,78409.883,38147.985,643990.0,240
1689883200000,28490.094,13782.399,296431.0,240
1689897600000,38621.219,19727.078,337052.0,240
1689912000000,26891.176,12035.019,250218.0,240
1689926400000,28024.428,13566.358,263246.0,240
1689940800000,46739.642,22901.338,416230.0,240
1689955200000,63156.101,31623.071,521157.0,240
1689969600000,17712.508,8846.664,205629.0,240
1689984000000,18181.062,8303.302,193528.0,240
1689998400000,26673.54,14337.639,231666.0,240
1690012800000,22981.22,11513.436,211994.0,240
1690027200000,24285.778,11231.863,218590.0,240
1690041600000,17262.524,8137.421,186128.0,240
1690056000000,33991.832,17298.663,289116.0,240
1690070400000,29826.52,16372.007,275877.0,240
1690084800000,34347.504,18423.678,289311.0,240
1690099200000,15675.657,7913.648,174242.0,240
1690113600000,14726.508,6422.787,154375.0,240
1690128000000,92494.175,50624.554000000004,723059.0,240
1690142400000,37643.482,17599.21,336573.0,240
1690156800000,70284.057,31483.111,551389.0,240
1690171200000,41874.076,21760.015,359485.0,240
1690185600000,137130.388,63696.415,966018.0,240
1690200000000,124595.259,60127.565,937074.0,240
1690214400000,41486.808,21318.011,422106.0,240
1690228800000,18811.828999999998,9649.287,214694.0,240
1690243200000,27479.779,12860.038,252920.0,240
1690257600000,17709.951,8901.602,188453.0,240
1690272000000,35393.284,17851.142,307888.0,240
1690286400000,65595.464,34671.777,545423.0,240
1690300800000,36685.898,18953.009,333667.0,240
1690315200000,13574.242,7060.928,169592.0,240
1690329600000,47519.046,24392.9,362959.0,240
1690344000000,27037.859,13614.082,240068.0,240
1690358400000,16394.134,7628.113,185331.0,240
1690372800000,42475.796,21359.078,356432.0,240
1690387200000,94415.23,47506.87,727747.0,240
1690401600000,90685.517,45569.488,698390.0,240
1690416000000,22249.763,11803.04,218519.0,240
1690430400000,27656.693,14011.925,239884.0,240
1690444800000,34054.531,17404.959,307881.0,240
1690459200000,55284.049,26310.669,480313.0,240
1690473600000,63642.422,31007.652,538350.0,240
1690488000000,20489.076,11004.508,231184.0,240
1690502400000,23272.406,11622.959,232513.0,240
1690516800000,19221.001,9030.568,205319.0,240
1690531200000,25255.902,13790.803,253437.0,240
1690545600000,93071.263,47777.458,696379.0,240
1690560000000,48155.711,23751.575,393052.0,240
1690574400000,12323.584,6267.1,151511.0,240
1690588800000,12079.215,6236.013,155969.0,240
1690603200000,16468.927,6414.502,149085.0,240
1690617600000,17802.94,9461.534,172404.0,240
1690632000000,18876.177,10451.39,172585.0,240
1690646400000,12008.201,6478.167,127749.0,240
1690660800000,9865.259,5030.369,117398.0,240
1690675200000,9189.052,4197.868,103890.0,240
1690689600000,11221.774,5356.856,131310.0,240
1690704000000,20506.002,10675.868,183923.0,240
1690718400000,40656.643,19527.179,318621.0,240
1690732800000,37631.169,16776.327,290368.0,240
1690747200000,50696.613,26744.659,410705.0,240
1690761600000,49619.636,25720.514,409145.0,240
1690776000000,19913.782,9713.675,202286.0,240
1690790400000,19231.234,10555.052,178361.0,240
1690804800000,58218.187,27942.958,472449.0,240
1690819200000,50449.539,24684.0,435715.0,240
1690833600000,32949.344,16962.066,300760.0,240
1690848000000,88466.948,38995.061,645934.0,240
1690862400000,38804.599,20719.014,328055.0,240
1690876800000,26312.292,12325.805,245358.0,240
1690891200000,92928.706,45811.361,698524.0,240
1690905600000,98361.121,50464.683,739665.0,240
1690920000000,97454.977,53566.58,681730.0,240
1690934400000,133633.098,65576.478,993259.0,240
1690948800000,45298.47,23107.701,413134.0,240
1690963200000,75164.96399999999,36877.075,558340.0,240
1690977600000,97917.626,46167.659999999996,790262.0,240
1690992000000,115887.845,54520.006,842066.0,240
1691006400000,23823.489,12399.802,250881.0,240
1691020800000,24131.103,11679.432,256243.0,240
1691035200000,28883.917,13540.923999999999,273728.0,240
1691049600000,39270.953,19708.188,342160.0,240
1691064000000,78353.291,39938.739,628480.0,240
1691078400000,49258.672,23495.097999999998,413522.0,240
1691092800000,32070.006,15110.114,293548.0,240
1691107200000,24448.761000000002,11209.807,233976.0,240
1691121600000,18873.441,9664.988,183694.0,240
1691136000000,22514.238,11280.92,196089.0,240
1691150400000,53716.396,27338.178,473837.0,240
1691164800000,61493.335,28126.228,487638.0,240
1691179200000,48349.502,23634.6,402771.0,240
1691193600000,15877.382,8089.392,162645.0,240
1691208000000,11796.275,5586.079,142368.0,240
1691222400000,10686.414999999999,5490.252,127849.0,240
1691236800000,25947.755,12345.678,252469.0,240
1691251200000,11614.747,5998.666,135407.0,240
1691265600000,6586.05,3256.73,98051.0,240
1691280000000,8174.351,4148.74,110071.0,240
1691294400000,11457.437,5921.51,128186.0,240
1691308800000,15861.601,7878.61,155892.0,240
1691323200000,18943.150999999998,8701.693,183957.0,240
1691337600000,18067.007,9078.204,168258.0,240
1691352000000,30590.893,15743.728000000001,279299.0,240
1691366400000,29961.046,15115.866,290009.0,240
1691380800000,22738.52,10864.873,220369.0,240
1691395200000,23220.442,12506.398,204323.0,240
1691409600000,85465.104,40380.528,650914.0,240
1691424000000,101877.164,52057.793,772479.0,240
1691438400000,34490.163,17934.807,309013.0,240
1691452800000,21205.29,9724.338,200621.0,240
1691467200000,30113.085,15730.272,277596.0,240
1691481600000,46193.521,25383.558,377052.0,240
1691496000000,130658.527,67287.747,957869.0,240
1691510400000,136368.699,72576.738,967910.0,240
1691524800000,94730.679,49499.953,745402.0,240
1691539200000,44098.378,20930.498,339482.0,240
1691553600000,33679.663,17393.69,262610.0,240
1691568000000,39109.948,19458.099,298438.0,240
1691582400000,112574.075,57358.313,848072.0,240
1691596800000,94943.469,43310.213,709806.0,240
1691611200000,37604.168,20104.986,327348.0,240
1691625600000,26398.735,12349.747,235915.0,240
1691640000000,26126.032,12373.57,243325.0,240
1691654400000,21083.327,11090.409,224144.0,240
1691668800000,101443.007,49933.052,822036.0,240
1691683200000,46278.886,22933.677,378111.0,240
1691697600000,13216.051,6549.708,123219.0,240
1691712000000,19307.071,9283.877,176439.0,240
1691726400000,18382.821,9543.694,151842.0,240
1691740800000,21937.072,11339.732,166046.0,240
1691755200000,67829.51,33587.754,516551.0,240
1691769600000,41293.164,19524.842,319161.0,240
1691784000000,10294.37,5143.29,99836.0,240
1691798400000,11511.455,5282.91,114129.0,240
1691812800000,7457.781,4153.438,78490.0,240
1691827200000,9821.475,5272.418,96129.0,240
1691841600000,10838.163,5553.337,110651.0,240
1691856000000,10798.789,5462.636,112958.0,240
1691870400000,5810.372,3089.862,69718.0,240
1691884800000,9679.096,4002.659,80359.0,240
1691899200000,11731.661,5288.48,107089.0,240
1691913600000,7336.398,3681.984,78661.0,240
1691928000000,9904.96,4681.163,101213.0,240
1691942400000,20860.595,11647.08,176075.0,240
1691956800000,24677.795,10799.253999999999,223539.0,240
1691971200000,68307.546,33925.897,500346.0,240
1691985600000,22179.194,11250.262,199688.0,240
1692000000000,24534.443,12731.074,194856.0,240
1692014400000,80846.779,43068.467,550278.0,240
1692028800000,81315.67,38145.364,630038.0,240
1692043200000,17851.751,8675.626,159858.0,240
1692057600000,14493.26,6616.161,145232.0,240
1692072000000,14399.408,7284.281,149319.0,240
1692086400000,22179.354,10677.034,185779.0,240
1692100800000,46749.748,23003.677,343625.0,240
1692115200000,71365.384,34374.957,517116.0,240
1692129600000,22102.805,10838.76,207212.0,240
1692144000000,18146.82,9702.956,154725.0,240
1692158400000,25778.007,12572.152,213998.0,240
1692172800000,25949.939,13073.567,225903.0,240
1692187200000,54132.864,26822.307,464828.0,240
1692201600000,75411.961,36745.209,572139.0,240
1692216000000,81123.498,34765.644,625545.0,240
1692230400000,100604.312,45833.401,708219.0,240
1692244800000,27425.195,12902.606,241903.0,240
1692259200000,39605.756,19545.913,306822.0,240
1692273600000,182544.677,83874.533,1227910.0,240
1692288000000,133611.979,63908.294,932262.0,240
1692302400000,384716.301,178768.939,2664772.0,240
1692316800000,78941.15,39228.263,762730.0,240
1692331200000,75871.993,36645.364,723030.0,240
1692345600000,49121.525,23563.029,507268.0,240
1692360000000,130570.32,62409.071,1113815.0,240
1692374400000,151020.85,74776.842,1185351.0,240
1692388800000,36849.478,17507.127,353909.0,240
1692403200000,28906.528000000002,13596.633,297812.0,240
1692417600000,38367.552,18094.137,354072.0,240
1692432000000,26956.868,12774.282000000001,280604.0,240
1692446400000,50264.714,25756.845,451396.0,240
1692460800000,42478.885,19993.678,400374.0,240
1692475200000,15244.606,7027.26,160294.0,240
1692489600000,17904.105,8677.886,192313.0,240
1692504000000,13250.608,6660.665,162943.0,240
1692518400000,19743.709,9673.336,208334.0,240
1692532800000,40356.224,19448.43,364187.0,240
1692547200000,21311.961,10301.153,203079.0,240
1692561600000,28523.243,14430.714,267374.0,240
1692576000000,19223.035,8799.845,222496.0,240
1692590400000,32357.565,15199.297,280358.0,240
1692604800000,43891.805,21473.269,390107.0,240
1692619200000,78006.665,37414.275,639815.0,240
1692633600000,34324.296,17221.25,336442.0,240
1692648000000,24701.899,13315.372,244491.0,240
1692662400000,15716.085000000001,7480.077,181977.0,240
1692676800000,18541.38,10132.898,208597.0,240
1692691200000,15537.931,7015.682,180099.0,240
1692705600000,44564.037,21599.417,417175.0,240
1692720000000,116546.068,57883.681,916456.0,240
1692734400000,102208.075,50487.38,766538.0,240
1692748800000,35799.369,17143.633,347476.0,240
1692763200000,36125.446,17767.515,348754.0,240
1692777600000,31581.275,15319.762,298167.0,240
1692792000000,89252.364,47090.661,683370.0,240
1692806400000,149537.665,78231.394,1087090.0,240
1692820800000,70672.909,33478.062,622425.0,240
1692835200000,29657.857,15320.501,289382.0,240
1692849600000,23503.45,12241.728,231710.0,240
1692864000000,33863.857,16906.966,314672.0,240
1692878400000,100356.806,47701.867,811679.0,240
1692892800000,68869.989,34018.119,569853.0,240
1692907200000,30501.378,15864.839,311326.0,240
1692921600000,21737.926,9857.631,240735.0,240
1692936000000,28255.721,13731.222,261236.0,240
1692950400000,23053.719,11761.776,227864.0,240
1692964800000,138297.912,68166.727,1075498.0,240
1692979200000,45731.022,23099.199,445983.0,240
1692993600000,17754.194,9609.355,184494.0,240
1693008000000,13952.932,7455.013,148889.0,240
1693022400000,8045.871,3699.527,95600.0,240
1693036800000,12714.098,6390.201,102053.0,240
1693051200000,12983.317000000001,6517.2609999999995,132904.0,240
1693065600000,8875.066,4238.605,113204.0,240
1693080000000,7354.578,3288.879,93824.0,240
1693094400000,9486.116,5110.828,115630.0,240
1693108800000,7936.958,4288.228,91772.0,240
1693123200000,13550.247,6656.574,158382.0,240
1693137600000,21791.01,11356.016,224587.0,240
1693152000000,22000.852,10881.07,218527.0,240
1693166400000,11740.215,5523.273,136590.0,240
1693180800000,26342.016,12451.402,235855.0,240
1693195200000,30904.881,14662.753,280618.0,240
1693209600000,27052.356,14718.207,239292.0,240
1693224000000,68569.758,33838.661,601790.0,240
1693238400000,41869.582,19421.495,406550.0,240
1693252800000,25253.458,14166.553,270094.0,240
1693267200000,22733.617,11091.925,226925.0,240
1693281600000,20248.279,9642.482,211796.0,240
1693296000000,33062.319,16520.95,289685.0,240
1693310400000,362949.333,189145.565,2233280.0,240
1693324800000,200945.529,104070.425,1559695.0,240
1693339200000,60294.869,28641.119,574505.0,240
1693353600000,66092.614,31357.346,582457.0,240
1693368000000,23307.828,11858.927,259150.0,240
1693382400000,35589.834,16825.743,361740.0,240
1693396800000,125823.008,60650.538,1008857.0,240
1693411200000,42830.02,21648.974000000002,435604.0,240
1693425600000,21670.612,11317.827,220746.0,240
1693440000000,16078.298,7974.941,175839.0,240
1693454400000,16560.475,8838.433,185781.0,240
1693468800000,53026.501,27616.357,421720.0,240
1693483200000,102909.965,47527.905,835036.0,240
1693497600000,224162.459,106894.053,1673263.0,240
1693512000000,90168.579,43663.471,817318.0,240
1693526400000,27071.631,14869.417,292928.0,240
1693540800000,18796.654,8796.173999999999,229096.0,240
1693555200000,23768.858,12734.164999999999,271020.0,240
1693569600000,118639.496,57197.454,1043576.0,240
1693584000000,134918.148,66939.981,1166753.0,240
1693598400000,37990.137,19951.519,411348.0,240
1693612800000,12087.023,5777.017,208983.0,240
1693627200000,13773.944,7036.123,185342.0,240
1693641600000,18478.625,8701.149,225522.0,240
1693656000000,31798.193,16564.889,312779.0,240
1693670400000,22126.255,10646.509,270914.0,240
1693684800000,9378.824,4945.815,132241.0,240
1693699200000,10366.408,4791.217,141666.0,240
1693713600000,11059.332,6021.782,146846.0,240
1693728000000,11620.083,5694.052,148856.0,240
1693742400000,42781.009,20746.736,427537.0,240
1693756800000,31902.907,16667.339,362048.0,240
1693771200000,25287.093,12965.981,303470.0,240
1693785600000,22003.637,11219.877,270036.0,240
1693800000000,14593.385,7385.448,171571.0,240
1693814400000,20972.285,9375.32,235544.0,240
1693828800000,53696.836,25884.834,533053.0,240
1693843200000,22170.0,11322.008,280887.0,240
1693857600000,39711.73,18916.299,426346.0,240
1693872000000,30824.27,14045.393,340985.0,240
1693886400000,20015.69,10275.363,230606.0,240
1693900800000,29224.31,15679.199999999999,320669.0,240
1693915200000,67199.276,33797.753,633270.0,240
1693929600000,25402.722,12180.941,295154.0,240
1693944000000,13973.677,7259.683,172353.0,240
1693958400000,16399.582,8173.501,205369.0,240
1693972800000,14492.862,6840.452,177596.0,240
1693987200000,13681.083,6725.793,164468.0,240
1694001600000,58993.312,29239.728,577292.0,240
1694016000000,127581.603,63712.671,1047073.0,240
1694030400000,19974.218,9618.162,232822.0,240
1694044800000,14048.995,7385.47,181360.0,240
1694059200000,15151.927,7141.587,171740.0,240
1694073600000,14981.411,6983.131,174128.0,240
1694088000000,49351.912,25563.82,529387.0,240
1694102400000,48160.796,24107.099,524684.0,240
1694116800000,115654.861,61753.051,1028539.0,240
1694131200000,36619.154,18887.615,440834.0,240
1694145600000,33675.232,17094.026,394496.0,240
1694160000000,92561.921,43552.481,845238.0,240
1694174400000,36852.238,17992.578,441894.0,240
1694188800000,35345.758,17458.724,393004.0,240
1694203200000,14215.458,6856.089,207754.0,240
1694217600000,10539.396,5066.96,153655.0,240
1694232000000,10439.268,5483.123,140632.0,240
1694246400000,10348.675,5227.086,140146.0,240
1694260800000,19660.804,9993.787,224010.0,240
1694275200000,10147.831,5048.268,166237.0,240
1694289600000,6773.836,3397.784,78230.0,240
1694304000000,10214.868,5247.339,106073.0,240
1694318400000,21004.581000000002,10517.329,201182.0,240
1694332800000,13734.798,6561.576,177304.0,240
1694347200000,23275.085,11722.124,287597.0,240
1694361600000,45647.698,22334.203,491176.0,240
1694376000000,49095.383,25585.328,527095.0,240
1694390400000,32476.954,15180.971,382364.0,240
1694404800000,25284.435,12434.21,301315.0,240
1694419200000,60165.089,29375.803,581201.0,240
1694433600000,202778.65,98394.207,1652419.0,240
1694448000000,65270.071,32133.411,768303.0,240
1694462400000,41241.175,20952.382,500911.0,240
1694476800000,109017.337,59935.224,816927.0,240
1694491200000,95929.58899999999,50058.454,827406.0,240
1694505600000,107776.08899999999,55537.238,942431.0,240
1694520000000,104597.363,52701.361,984220.0,240
1694534400000,134082.429,69182.738,1141486.0,240
1694548800000,40646.871,17670.149,456072.0,240
1694563200000,33520.94,16939.653,383808.0,240
1694577600000,46661.975,24251.88,495956.0,240
1694592000000,64369.473,35746.278,630940.0,240
1694606400000,100568.974,50629.905,1011279.0,240
1694620800000,70495.521,34443.414,688874.0,240
1694635200000,19635.835,9293.812,254532.0,240
1694649600000,76521.139,37907.694,772468.0,240
1694664000000,31773.158,16392.874,331092.0,240
1694678400000,35924.143,18904.356,370150.0,240
1694692800000,143119.612,72600.515,1360896.0,240
1694707200000,62676.122,32021.269,647643.0,240
1694721600000,30652.297,13782.184,323968.0,240
1694736000000,27710.077,14410.076000000001,301004.0,240
1694750400000,20708.984,9758.057,207701.0,240
1694764800000,43587.614,20628.385,416963.0,240
1694779200000,69223.358,35593.414,725284.0,240
1694793600000,24017.623,12132.061,295044.0,240
1694808000000,66409.114,35800.461,652620.0,240
1694822400000,32987.327,16473.283,362037.0,240
1694836800000,32167.809,13777.023,280351.0,240
1694851200000,31565.807,14093.622,258011.0,240
1694865600000,15417.412,7047.282,200469.0,240
1694880000000,19314.111,10563.397,211622.0,240
1694894400000,9029.999,4084.403,133833.0,240
1694908800000,24901.582,10317.499,239881.0,240
1694923200000,12207.039,5746.943,135675.0,240
1694937600000,18581.011,9365.669,216414.0,240
1694952000000,15183.422,7309.079,182417.0,240
1694966400000,18907.859,8612.474,204099.0,240
1694980800000,24458.481,11972.919,268229.0,240
1694995200000,59011.231,31100.952,515243.0,240
1695009600000,34889.774,17103.551,302292.0,240
1695024000000,117551.37,62811.296,1083951.0,240
1695038400000,99944.871,49943.851,953853.0,240
1695052800000,131940.936,64910.718,1161558.0,240
1695067200000,29200.85,14580.643,362845.0,240
1695081600000,28690.386,14783.112,351014.0,240
1695096000000,18919.448,8889.296,258737.0,240
1695110400000,126172.926,64230.753000000004,1084251.0,240
1695124800000,148480.216,74269.302,1299777.0,240
1695139200000,78562.344,37998.807,736185.0,240
1695153600000,32686.427,16303.442000000001,352956.0,240
1695168000000,46102.861,22713.966,453254.0,240
1695182400000,42439.459,21676.407,423841.0,240
1695196800000,49758.677,24467.199,475457.0,240
1695211200000,57533.026,29042.622,591917.0,240
1695225600000,107628.888,52185.911,1032363.0,240
1695240000000,45458.536,23312.332,454856.0,240
1695254400000,30052.613,14615.931,333072.0,240
1695268800000,23776.774,12035.192,280725.0,240
1695283200000,93622.742,46135.716,872187.0,240
1695297600000,114858.409,55410.447,1033653.0,240
1695312000000,36731.887,18770.979,367647.0,240
1695326400000,18950.444,9318.536,217519.0,240
1695340800000,37106.938,17621.592,362130.0,240
1695355200000,22750.565,11792.473,261610.0,240
1695369600000,29533.611,15005.587,279666.0,240
1695384000000,37446.737,17737.483,366754.0,240
1695398400000,26689.549,12502.849,314031.0,240
1695412800000,20007.248,10602.387,193732.0,240
1695427200000,12073.369,5322.071,146002.0,240
1695441600000,10417.851,5490.355,107626.0,240
1695456000000,6701.253,3178.878,93100.0,240
1695470400000,9319.412,4593.5869999999995,113829.0,240
1695484800000,11673.719,5864.328,141337.0,240
1695499200000,7650.88,3312.905,96825.0,240
1695513600000,5356.621,2974.322,80761.0,240
1695528000000,7566.917,3505.274,82484.0,240
1695542400000,9640.933,5476.262,96737.0,240
1695556800000,9585.646,4942.541,102267.0,240
1695571200000,70195.077,33577.436,585861.0,240
1695585600000,44287.579,20122.104,417823.0,240
1695600000000,70354.152,35933.542,634951.0,240
1695614400000,29109.864,14902.046,331596.0,240
1695628800000,33861.773,15871.895,295294.0,240
1695643200000,58173.701,29930.395,500407.0,240
1695657600000,53507.097,27007.089,527690.0,240
1695672000000,23379.249,12402.329,229863.0,240
1695686400000,20252.740999999998,10522.401,210792.0,240
1695700800000,15914.017,7092.343,180199.0,240
1695715200000,29884.397,14952.514,281384.0,240
1695729600000,54594.034,27785.138,473650.0,240
1695744000000,36140.137,19610.113,371011.0,240
1695758400000,23705.843,12088.182,271020.0,240
1695772800000,18602.743,9138.857,206766.0,240
1695787200000,10642.421,5013.101,164761.0,240
1695801600000,110026.569,60469.47,890601.0,240
1695816000000,148747.146,71696.96399999999,1229554.0,240
1695830400000,42912.849,20534.097,426794.0,240
1695844800000,22071.112,11380.464,240252.0,240
1695859200000,49942.892,25516.959,446446.0,240
1695873600000,28674.3,14627.077,272976.0,240
1695888000000,45294.642,23021.468,437558.0,240
1695902400000,132544.747,72056.89199999999,1164746.0,240
1695916800000,134967.954,66204.976,1212740.0,240
1695931200000,38163.323,18629.359,390899.0,240
1695945600000,42839.718,20029.325,433188.0,240
1695960000000,39122.68,21128.7,389152.0,240
1695974400000,35285.347,16512.291,389745.0,240
1695988800000,112690.562,55863.417,1023007.0,240
1696003200000,33353.821,17158.157,374865.0,240
1696017600000,14105.515,6732.463,185760.0,240
1696032000000,10407.031,5540.993,146469.0,240
1696046400000,9597.371,5215.085,110362.0,240
1696060800000,13578.452,6815.655,165386.0,240
1696075200000,28820.462,15213.906,310472.0,240
1696089600000,14178.557,6804.65,178900.0,240
1696104000000,15735.280999999999,7226.612,201587.0,240
1696118400000,10992.693,5895.518,138773.0,240
1696132800000,19731.287,9937.877,207778.0,240
1696147200000,39467.034999999996,20087.028,377569.0,240
1696161600000,29636.282,14604.468,290629.0,240
1696176000000,18484.665,8755.569,207645.0,240
1696190400000,122070.984,68955.679,1090616.0,240
1696204800000,63793.4,33570.897,598198.0,240
1696219200000,82541.474,42922.207,724955.0,240
1696233600000,85556.305,39594.227,708985.0,240
1696248000000,142209.369,72915.168,1165751.0,240
1696262400000,130189.706,65955.91100000001,1097336.0,240
1696276800000,88987.466,40086.521,784802.0,240
1696291200000,39247.385,20069.333,422008.0,240
1696305600000,24066.057,11780.81,285576.0,240
1696320000000,33099.203,16371.81,371095.0,240
1696334400000,90415.792,43717.368,869366.0,240
1696348800000,47928.263,24209.335,522517.0,240
1696363200000,48321.199,23935.225,505331.0,240
1696377600000,57221.782,30555.832,566864.0,240
1696392000000,18072.198,9187.457,216458.0,240
1696406400000,43059.287,21811.414,375961.0,240
1696420800000,55560.806,26398.897,549422.0,240
1696435200000,72614.286,37805.439,789164.0,240
1696449600000,34255.963,17165.193,382846.0,240
1696464000000,34804.893000000004,16563.333,353992.0,240
1696478400000,23303.247,11021.955,252987.0,240
1696492800000,26856.381,14225.832,255455.0,240
1696507200000,182212.597,90900.2,1385077.0,240
1696521600000,80769.835,39363.912,719164.0,240
1696536000000,22243.134000000002,10991.894,256210.0,240
1696550400000,28560.582,15955.956,290246.0,240
1696564800000,29148.85,15034.95,283590.0,240
1696579200000,52630.037000000004,26473.029,513005.0,240
1696593600000,192446.196,96893.946,1545610.0,240
1696608000000,74173.973,37132.615,736374.0,240
1696622400000,61486.266,32940.803,661798.0,240
1696636800000,26866.234,12801.582,290475.0,240
1696651200000,13365.886,6609.2029999999995,178909.0,240
1696665600000,28790.238,14918.805,293786.0,240
1696680000000,17899.853,8716.652,220693.0,240
1696694400000,19860.578,9177.684,225798.0,240
1696708800000,10266.356,5200.67,123767.0,240
1696723200000,23359.962,12612.69,257505.0,240
1696737600000,28017.337,13486.327,275405.0,240
1696752000000,31081.884000000002,14860.672,329324.0,240
1696766400000,50314.194,25370.857,518629.0,240
1696780800000,23250.062,11414.27,265323.0,240
1696795200000,22356.868000000002,11043.297,294059.0,240
1696809600000,26462.524,13117.803,304862.0,240
1696824000000,18810.001,8500.854,224446.0,240
1696838400000,93264.706,45103.318,871835.0,240
1696852800000,60971.215,30783.047,582254.0,240
1696867200000,99593.955,49900.284,907813.0,240
1696881600000,15214.18,7161.489,200487.0,240
1696896000000,24570.12,12601.539999999999,259089.0,240
1696910400000,18658.884,9209.513,204648.0,240
1696924800000,30924.696,14071.843,320910.0,240
1696939200000,94338.609,47248.062,840223.0,240
1696953600000,54866.291,26802.385,588931.0,240
1696968000000,16420.896,7772.451,202700.0,240
1696982400000,71637.656,31876.888,607820.0,240
1696996800000,38485.424,19206.827,363438.0,240
1697011200000,57423.71,28835.969,558098.0,240
1697025600000,99768.493,45283.257,949137.0,240
1697040000000,92108.467,46290.163,893377.0,240
1697054400000,28762.821,15271.238,304276.0,240
1697068800000,30667.853,15585.907,315612.0,240
1697083200000,22534.945,10423.145,258587.0,240
1697097600000,41185.888,20584.496,420701.0,240
1697112000000,52342.586,25356.978,549042.0,240
1697126400000,58269.011,29113.485,579372.0,240
1697140800000,15278.757,7217.001,182983.0,240
1697155200000,24001.868,12392.777,236354.0,240
1697169600000,22538.169,11913.552,225181.0,240
1697184000000,25998.2,12480.627,256706.0,240
1697198400000,52873.449,25584.02,539616.0,240
1697212800000,24426.388,12297.648,249344.0,240
1697227200000,93384.08,46133.2,742195.0,240
1697241600000,19650.991,10708.341,194250.0,240
1697256000000,14754.421,6610.863,158706.0,240
1697270400000,9363.893,5149.842,114649.0,240
1697284800000,13284.216,6712.148,150485.0,240
1697299200000,12979.142,5730.834,156308.0,240
1697313600000,12132.118,5722.423,138337.0,240
1697328000000,10726.522,5736.232,127256.0,240
1697342400000,4452.648,2336.667,62149.0,240
1697356800000,9730.73,4478.161,120684.0,240
1697371200000,26678.931,13565.975,256998.0,240
1697385600000,33519.65,18524.222,316107.0,240
1697400000000,74891.981,40127.243,638005.0,240
1697414400000,30333.494,14769.582,323446.0,240
1697428800000,135418.862,72734.334,1064790.0,240
1697443200000,51669.121,24092.93,497532.0,240
1697457600000,460430.717,239515.544,3392652.0,240
1697472000000,99403.401,50458.624,1026450.0,240
1697486400000,45748.187,22305.923,549351.0,240
1697500800000,36125.262,16576.095,425736.0,240
1697515200000,53559.877,27733.207,549779.0,240
1697529600000,53722.165,26319.836,594473.0,240
1697544000000,98853.837,48628.189,1045373.0,240
1697558400000,47386.641,23840.43,536797.0,240
1697572800000,24541.976,11570.579,267563.0,240
1697587200000,25903.379,13277.927,327328.0,240
1697601600000,98878.725,50584.134,909486.0,240
1697616000000,56065.947,27083.895,542588.0,240
1697630400000,58145.616,28823.1,645824.0,240
1697644800000,37847.066,19611.572,424095.0,240
1697659200000,20335.895,10052.747,252411.0,240
1697673600000,37586.343,18349.32,394166.0,240
1697688000000,20030.293,10061.271,241239.0,240
1697702400000,41218.539,20792.71,418803.0,240
1697716800000,110935.001,55580.416,1031491.0,240
1697731200000,87672.406,43869.702,862634.0,240
1697745600000,36230.625,17989.164,405542.0,240
1697760000000,110977.215,61504.399,970941.0,240
1697774400000,65201.301,32563.238,724878.0,240
1697788800000,187724.326,101190.774,1730729.0,240
1697803200000,114980.851,53421.461,1147306.0,240
1697817600000,37889.277,18875.944,436973.0,240
1697832000000,34232.357,18783.813,379706.0,240
1697846400000,29916.16,15112.024,320974.0,240
1697860800000,23434.404,12672.485,274561.0,240
1697875200000,35531.903,19009.938000000002,415291.0,240
1697889600000,45925.791,23268.878,531485.0,240
1697904000000,95227.025,50115.039000000004,997036.0,240
1697918400000,28160.673,12972.664999999999,374574.0,240
1697932800000,25140.596,13015.123,314364.0,240
1697947200000,63566.224,30233.52,656878.0,240
1697961600000,35445.364,17826.049,448664.0,240
1697976000000,23241.376,11246.784,316326.0,240
1697990400000,17704.233,9112.766,244598.0,240
1698004800000,33504.965,17276.839,422012.0,240
1698019200000,128693.194,70539.447,1219998.0,240
1698033600000,109848.89199999999,54191.906,1129323.0,240
1698048000000,67538.2,34492.64,714287.0,240
1698062400000,89661.663,44951.316,961872.0,240
1698076800000,214050.486,109188.083,2017838.0,240
1698091200000,377949.101,201007.463,3473246.0,240
1698105600000,281275.402,145026.673,2924751.0,240
1698120000000,120913.576,60524.158,1473753.0,240
1698134400000,105261.541,53240.026,1266200.0,240
1698148800000,208284.691,100024.016,2363364.0,240
1698163200000,118528.89199999999,60133.955,1658341.0,240
1698177600000,87728.961,44343.397,1170263.0,240
1698192000000,57595.248,27500.364,844421.0,240
1698206400000,54109.284,25807.766,815871.0,240
1698220800000,73790.394,38938.061,993288.0,240
1698235200000,133247.736,70262.47899999999,1799703.0,240
1698249600000,96963.113,47741.046,1342321.0,240
1698264000000,49661.369,23422.132,734807.0,240
1698278400000,35395.926,17859.021,564471.0,240
1698292800000,42947.591,20883.852,610410.0,240
1698307200000,78784.898,36953.052,1029864.0,240
1698321600000,100683.302,48352.487,1202094.0,240
1698336000000,54840.371,27733.817,720986.0,240
1698350400000,26900.876,13610.312,400808.0,240
1698364800000,41120.404,20215.795,572627.0,240
1698379200000,34654.711,16388.955,485375.0,240
1698393600000,31645.835,15883.844000000001,430992.0,240
1698408000000,70781.969,34702.796,906570.0,240
1698422400000,75435.791,34697.758,877090.0,240
1698436800000,24414.268,12039.366,341072.0,240
1698451200000,22390.809,11804.928,314616.0,240
1698465600000,18557.2,9212.578,295864.0,240
1698480000000,40302.883,21130.93,471481.0,240
1698494400000,35544.233,17459.258,459962.0,240
1698508800000,12120.435,5493.112,222534.0,240
1698523200000,9399.372,4460.348,187633.0,240
1698537600000,15394.255,7302.3150000000005,254454.0,240
1698552000000,13244.568,6885.743,206941.0,240
1698566400000,29265.085,16118.515,386111.0,240
1698580800000,46402.449,23734.495,591640.0,240
1698595200000,45097.21,22348.222,627978.0,240
1698609600000,26493.983,12562.73,396754.0,240
1698624000000,32214.954999999998,14960.63,433823.0,240
1698638400000,32179.605,14696.148,435900.0,240
1698652800000,54749.558,28759.49,684502.0,240
1698667200000,76712.349,37674.27,925243.0,240
1698681600000,66042.98,31215.515,731754.0,240
1698696000000,19941.901,10214.084,306685.0,240
1698710400000,32408.78,15002.919,429169.0,240
1698724800000,37841.567,18426.327,471395.0,240
1698739200000,53119.465,29037.573,644792.0,240
1698753600000,64813.253,31209.664,783873.0,240
1698768000000,44732.189,24050.053,510922.0,240
1698782400000,39535.313,19706.401,478427.0,240
1698796800000,25982.006,11038.69,356006.0,240
1698811200000,21007.703,11162.204,283376.0,240
1698825600000,19664.578,9555.153,258775.0,240
1698840000000,195410.79,96239.276,1865919.0,240
1698854400000,76906.503,39152.544,919710.0,240
1698868800000,130243.207,68285.804,1359221.0,240
1698883200000,85831.894,42413.124,1023578.0,240
1698897600000,66376.67,29682.704,771375.0,240
1698912000000,37839.651,18363.529,447046.0,240
1698926400000,113228.454,52938.141,951183.0,240
1698940800000,70647.292,35587.881,664861.0,240
1698955200000,36297.766,16719.489,382462.0,240
1698969600000,44337.168,21668.686,502233.0,240
1698984000000,41537.366,19434.093,460870.0,240
1698998400000,65758.64,32705.071,701806.0,240
1699012800000,74192.851,37788.323,785379.0,240
1699027200000,59377.724,26671.775,571155.0,240
1699041600000,20844.45,10933.951000000001,257354.0,240
1699056000000,16221.894,7640.215,209272.0,240
1699070400000,40608.763,21200.39,389880.0,240
1699084800000,17082.279,8355.986,224608.0,240
1699099200000,16159.641,7928.534,197246.0,240
1699113600000,8516.209,4290.606,127419.0,240
1699128000000,42158.088,24057.919,433085.0,240
1699142400000,31036.506,16494.921,355597.0,240
1699156800000,27622.255,13284.39,308171.0,240
1699171200000,19853.909,9765.926,268930.0,240
1699185600000,45238.598,20958.166,475953.0,240
1699200000000,37504.83,19711.601,413685.0,240
1699214400000,70107.241,33991.596,660899.0,240
1699228800000,29591.552,14619.476,347103.0,240
1699243200000,22037.734,10895.936,288522.0,240
1699257600000,41969.923,21605.021,447141.0,240
1699272000000,53421.227,26185.166,578194.0,240
1699286400000,33564.29,16680.938,402646.0,240
1699300800000,21642.489,10756.504,269069.0,240
1699315200000,24909.176,12108.882,302022.0,240
1699329600000,15565.456,7593.495,214340.0,240
1699344000000,58015.083,25808.798,586530.0,240
1699358400000,43458.375,21205.929,496625.0,240
1699372800000,111860.41,58901.297,1031028.0,240
1699387200000,89717.45,45759.417,845385.0,240
1699401600000,23196.039,11120.497,258858.0,240
1699416000000,23787.98,11988.127,262683.0,240
1699430400000,29404.328,13831.299,311306.0,240
1699444800000,46076.99,21870.406,438976.0,240
1699459200000,66866.299,34797.891,626151.0,240
1699473600000,145447.813,74250.509,1200507.0,240
1699488000000,116651.935,61999.092,1059459.0,240
1699502400000,76650.108,38477.997,789164.0,240
1699516800000,67229.757,34079.73,662012.0,240
1699531200000,251180.076,131013.685,2067894.0,240
1699545600000,206634.151,100765.903,1940598.0,240
1699560000000,60531.91,31267.891,626091.0,240
1699574400000,38262.779,17821.03,427013.0,240
1699588800000,28861.956,13639.352,350814.0,240
1699603200000,61055.127,31591.742,636094.0,240
1699617600000,68307.178,31636.764,726766.0,240
1699632000000,30001.097,14159.473,349348.0,240
1699646400000,36941.818,18721.553,398244.0,240
1699660800000,37053.94,17893.451,430577.0,240
1699675200000,20786.682,9959.179,277842.0,240
1699689600000,17266.407,8821.313,223709.0,240
1699704000000,29677.686,14732.087,332642.0,240
1699718400000,16121.948,8403.9,197681.0,240
1699732800000,38332.621,17914.339,390697.0,240
1699747200000,27857.823,13659.091,330683.0,240
1699761600000,17954.795,9228.691,216721.0,240
1699776000000,12538.794,6028.036,171076.0,240
1699790400000,27140.964,13760.475,307294.0,240
1699804800000,14955.336,7353.094,179607.0,240
1699819200000,18442.333,9170.829,211947.0,240
1699833600000,47927.465000000004,23293.913,528119.0,240
1699848000000,30151.399,14820.015,351558.0,240
1699862400000,25635.208,11922.982,299934.0,240
1699876800000,62692.723,31374.137,633455.0,240
1699891200000,38835.792,19869.42,442127.0,240
1699905600000,51833.061,23653.23,536036.0,240
1699920000000,38113.088,18744.745,429012.0,240
1699934400000,21584.608,10795.871,258877.0,240
1699948800000,45655.802,21010.896,466927.0,240
1699963200000,106046.364,50710.08,990845.0,240
1699977600000,142061.757,64745.453,1253549.0,240
1699992000000,43804.181,22114.974,418412.0,240
1700006400000,25472.458,12291.419,289504.0,240
1700020800000,17835.383,9066.997,214945.0,240
1700035200000,56559.59,30556.853,549216.0,240
1700049600000,63657.595,31267.665,644609.0,240
1700064000000,177826.354,92750.349,1564373.0,240
1700078400000,82467.19,42245.753,854812.0,240
1700092800000,53899.391,25847.679,570253.0,240
1700107200000,27546.983,14159.24,328016.0,240
1700121600000,55316.429000000004,26498.606,559332.0,240
1700136000000,132320.017,62817.432,1274405.0,240
1700150400000,109707.497,52799.618,1060783.0,240
1700164800000,55654.049,27441.264,637352.0,240
1700179200000,42071.401,20594.809,448218.0,240
1700193600000,31303.977,14677.093,383410.0,240
1700208000000,40926.634,20472.359,465081.0,240
1700222400000,82165.613,39442.448,832426.0,240
1700236800000,92733.982,47566.939,891921.0,240
1700251200000,30741.444,16047.029,371321.0,240
1700265600000,15853.958,7416.267,205270.0,240
1700280000000,18850.646,9204.358,253917.0,240
1700294400000,15799.979,7951.604,208912.0,240
1700308800000,23703.11,12522.608,305815.0,240
1700323200000,29325.213,14902.468,360462.0,240
1700337600000,18188.016,7947.898,225398.0,240
1700352000000,14245.189,7179.58,182375.0,240
1700366400000,14240.947,7679.266,178411.0,240
1700380800000,20218.168,9102.733,236996.0,240
1700395200000,19057.09,9858.186,219927.0,240
1700409600000,33690.594,19580.146,357772.0,240
1700424000000,53261.019,27703.204,531980.0,240
1700438400000,33529.759,15325.959,367820.0,240
1700452800000,20490.985,10568.567,242925.0,240
1700467200000,38029.772,18511.247,400380.0,240
1700481600000,76247.465,37168.193,701181.0,240
1700496000000,109983.189,53665.409,1062185.0,240
1700510400000,32222.867,16307.043,370910.0,240
1700524800000,28223.37,14303.709,331159.0,240
1700539200000,21758.129,10450.906,262657.0,240
1700553600000,22046.215,10617.842,250935.0,240
1700568000000,162299.956,75985.821,1292638.0,240
1700582400000,121016.64,60104.335,1107628.0,240
1700596800000,95386.85,43303.769,932857.0,240
1700611200000,52166.303,27205.789,517613.0,240
1700625600000,30725.313,14591.826,346184.0,240
1700640000000,39778.07,19679.158,445479.0,240
1700654400000,53069.221,26972.477,568555.0,240
1700668800000,84661.791,45264.599,796285.0,240
1700683200000,77788.92,40207.147,757612.0,240
1700697600000,25514.516,12152.682,299509.0,240
1700712000000,15836.297,8356.97,203134.0,240
1700726400000,41679.819,20326.721,491284.0,240
1700740800000,54796.289,26914.609,608903.0,240
1700755200000,30849.082,16322.71,362043.0,240
1700769600000,16693.928,8018.872,227410.0,240
1700784000000,18097.677,8538.334,239555.0,240
1700798400000,16209.11,8827.274,204449.0,240
1700812800000,101988.606,52497.797,881289.0,240
1700827200000,108980.16,56037.945,1012996.0,240
1700841600000,78638.769,37409.284,792559.0,240
1700856000000,27117.400999999998,13083.957,328860.0,240
1700870400000,16604.38,8312.877,209740.0,240
1700884800000,10329.999,5444.154,149859.0,240
1700899200000,19110.646,8979.985,237563.0,240
1700913600000,12380.976,6274.206,174674.0,240
1700928000000,11566.645,6077.238,160099.0,240
1700942400000,12596.682999999999,5715.952,158774.0,240
1700956800000,7935.275,3728.505,115900.0,240
1700971200000,7859.206,3922.897,109023.0,240
1700985600000,11524.478,5166.589,139314.0,240
1701000000000,60061.08,27689.83,610748.0,240
1701014400000,40369.592,20206.288,420783.0,240
1701028800000,46009.013,22936.753,455273.0,240
1701043200000,28575.15,13096.751,321289.0,240
1701057600000,27786.972999999998,12995.493,318135.0,240
1701072000000,55968.207,26885.853,547472.0,240
1701086400000,70777.885,35053.331,664607.0,240
1701100800000,52965.043,25331.567,527628.0,240
1701115200000,30039.441,16142.032,330195.0,240
1701129600000,22710.03,10821.934,252934.0,240
1701144000000,30887.123,15091.207,343668.0,240
1701158400000,26457.181,14228.93,297246.0,240
1701172800000,53900.949,27413.099,479155.0,240
1701187200000,140598.219,72339.854,1054902.0,240
1701201600000,43872.825,21288.154,421589.0,240
1701216000000,30709.361,15804.868,322557.0,240
1701230400000,26105.017,14018.322,271723.0,240
1701244800000,68446.66,34404.677,628681.0,240
1701259200000,74648.858,36411.244,679468.0,240
1701273600000,35143.407,17923.597,380681.0,240
1701288000000,26578.578,12646.105,294049.0,240
1701302400000,22657.392,11972.176,276304.0,240
1701316800000,29222.672,14175.869,326633.0,240
1701331200000,34148.45,17834.298,368592.0,240
1701345600000,68467.071,32423.664,660620.0,240
1701360000000,22089.275,11176.803,269826.0,240
1701374400000,14604.011,7032.113,193029.0,240
1701388800000,41211.57,21013.662,402247.0,240
1701403200000,49559.091,24624.472999999998,474741.0,240
1701417600000,91963.611,49691.021,744121.0,240
1701432000000,54251.592,26135.267,493754.0,240
1701446400000,82721.315,43551.102,673331.0,240
1701460800000,22654.815,10384.384,265667.0,240
1701475200000,15617.315,7637.615,188211.0,240
1701489600000,16192.731,7965.318,184661.0,240
1701504000000,12894.311,6094.76,164411.0,240
1701518400000,21488.512,10942.245,238043.0,240
1701532800000,98609.274,54170.305,797906.0,240
1701547200000,48408.168,24437.111,463765.0,240
1701561600000,22841.135,11094.804,259483.0,240
1701576000000,13941.131,7249.712,178828.0,240
1701590400000,15513.199,7473.9310000000005,187039.0,240
1701604800000,56732.097,29215.19,524521.0,240
1701619200000,31630.487,15311.993,325601.0,240
1701633600000,81259.856,42770.055,701439.0,240
1701648000000,100671.239,54198.468,793685.0,240
1701662400000,125593.771,65662.894,949580.0,240
1701676800000,137050.984,69071.443,1083809.0,240
1701691200000,98333.755,47207.002,816977.0,240
1701705600000,70633.212,37347.87,567860.0,240
1701720000000,70209.898,36165.803,702937.0,240
1701734400000,35521.212,16845.488,430465.0,240
1701748800000,41222.706,20110.499,444609.0,240
1701763200000,35188.342,17909.425,387277.0,240
1701777600000,97196.37700000001,50337.417,818486.0,240
1701792000000,259747.666,136148.472,1981222.0,240
1701806400000,106161.738,52262.4,895122.0,240
1701820800000,52236.431,24729.958,467465.0,240
1701835200000,49657.717,24225.172,440150.0,240
1701849600000,97423.979,48340.594,779938.0,240
1701864000000,98147.291,48816.902,802963.0,240
1701878400000,47802.807,24403.371,450497.0,240
1701892800000,38689.513,18797.951,371331.0,240
1701907200000,18975.548,8953.425,229301.0,240
1701921600000,20303.653,9927.988,229912.0,240
1701936000000,124028.509,58290.421,991680.0,240
1701950400000,85685.859,43818.906,758206.0,240
1701964800000,61166.112,29192.885,577861.0,240
1701979200000,36262.277,17686.043,352984.0,240
1701993600000,21946.849,11358.639,253278.0,240
1702008000000,30777.921,14726.266,304449.0,240
1702022400000,42243.094,22635.285,416334.0,240
1702036800000,72255.313,36014.702,676666.0,240
1702051200000,38369.228,18580.36,374454.0,240
1702065600000,76288.188,38671.952,664212.0,240
1702080000000,24334.938,12079.739,256907.0,240
1702094400000,21264.891,10705.215,251942.0,240
1702108800000,46175.262,22074.557,448069.0,240
1702123200000,43058.382,22039.615,445668.0,240
1702137600000,21188.309,10038.169,275730.0,240
1702152000000,33317.873999999996,15049.603,329788.0,240
1702166400000,16869.696,9063.653,218629.0,240
1702180800000,15728.234,8206.539,194297.0,240
1702195200000,34286.882,15872.483,359617.0,240
1702209600000,27497.949,14642.943,304634.0,240
1702224000000,16441.705,7470.864,206667.0,240
1702238400000,33723.793,16437.387,341201.0,240
1702252800000,192470.578,85926.506,1503115.0,240
1702267200000,75222.545,37600.506,721449.0,240
1702281600000,43887.191,21499.51,443679.0,240
1702296000000,66852.826,33153.165,675804.0,240
1702310400000,183107.057,88732.917,1591005.0,240
1702324800000,59213.242,31652.044,600019.0,240
1702339200000,53546.667,27833.552,503491.0,240
1702353600000,49611.901,25500.278,500684.0,240
1702368000000,42543.035,19859.916,454276.0,240
1702382400000,85992.114,41919.258,833062.0,240
1702396800000,88690.075,44197.014,832020.0,240
1702411200000,36157.326,19170.411,417529.0,240
1702425600000,60111.741,28068.351,596595.0,240
1702440000000,45034.33,23618.327,440870.0,240
1702454400000,30944.239,14809.178,353577.0,240
1702468800000,71513.728,37094.98,684788.0,240
1702483200000,102592.015,52459.904,908283.0,240
1702497600000,86514.243,41972.639,755942.0,240
1702512000000,31720.282,14782.455,358659.0,240
1702526400000,31940.843,16391.018,330314.0,240
1702540800000,43056.82,22362.186,466210.0,240
1702555200000,144963.065,68964.58,1276593.0,240
1702569600000,84613.405,44138.418,797310.0,240
1702584000000,25333.91,12410.89,327658.0,240
1702598400000,34366.918,15521.627,402662.0,240
1702612800000,28641.692,14206.758,352623.0,240
1702627200000,33628.215,17363.787,388311.0,240
1702641600000,83497.448,40082.9,874880.0,240
1702656000000,46847.886,23855.018,525735.0,240
1702670400000,30194.854,14630.756,347004.0,240
1702684800000,41048.741,22026.889,409855.0,240
1702699200000,17160.072,8017.28,228908.0,240
1702713600000,16101.931,8007.512,227191.0,240
1702728000000,35365.712,17970.315,391746.0,240
1702742400000,31055.886,14837.931,361585.0,240
1702756800000,19817.117000000002,9044.186,254886.0,240
1702771200000,27517.931,13180.425,352911.0,240
1702785600000,29263.076,13828.914,332774.0,240
1702800000000,27899.322,14038.644,330703.0,240
1702814400000,38058.216,17702.469,443430.0,240
1702828800000,59835.013,31100.056,652688.0,240
1702843200000,42149.293,19036.956000000002,445420.0,240
1702857600000,57583.207,27838.73,667311.0,240
1702872000000,32295.962,16037.824,366791.0,240
1702886400000,85508.853,42191.373999999996,860585.0,240
1702900800000,76882.713,39254.512,805184.0,240
1702915200000,40807.318,20018.527,489951.0,240
1702929600000,82307.622,43552.636,816096.0,240
1702944000000,75175.979,40052.293,750752.0,240
1702958400000,28627.568,13791.391,359826.0,240
1702972800000,34165.827,16177.308,428682.0,240
1702987200000,74373.559,35236.695,774227.0,240
1703001600000,74735.369,38505.647,799041.0,240
1703016000000,28233.542,13524.812,352988.0,240
1703030400000,22122.059,10953.529,314890.0,240
1703044800000,46836.407,24805.16,495057.0,240
1703059200000,32002.326,15132.625,397480.0,240
1703073600000,141282.839,75049.304,1259799.0,240
1703088000000,78486.341,37476.996,783250.0,240
1703102400000,56278.951,28680.463,642382.0,240
1703116800000,35653.416,17974.711,412845.0,240
1703131200000,25905.712,12912.918,314841.0,240
1703145600000,46262.476,23498.546,504880.0,240
1703160000000,81888.587,40090.952,862154.0,240
1703174400000,53751.04,25996.581,580348.0,240
1703188800000,33460.924,17046.382,394227.0,240
1703203200000,34467.517,18024.845,411417.0,240
1703217600000,63339.852,30532.832,654126.0,240
1703232000000,42888.61,21197.125,465642.0,240
1703246400000,43302.47,20866.88,501120.0,240
1703260800000,35104.573,17314.905,406776.0,240
1703275200000,19238.911,9686.079,242849.0,240
1703289600000,31870.041,14470.718,348629.0,240
1703304000000,25017.737,12176.328,271804.0,240
1703318400000,15905.084,8312.863,184506.0,240
1703332800000,21835.284,11454.572,249352.0,240
1703347200000,14370.201000000001,6744.75,219009.0,240
1703361600000,11793.852,5755.577,183200.0,240
1703376000000,19796.067,10198.054,264183.0,240
1703390400000,28290.374,13788.516,347506.0,240
1703404800000,19354.803,9239.151,239290.0,240
1703419200000,23794.381,11970.949,286432.0,240
1703433600000,16277.893,7605.109,219497.0,240
1703448000000,72453.73300000001,33093.593,655744.0,240
1703462400000,29688.549,15961.09,354530.0,240
1703476800000,17527.765,8562.996,229036.0,240
1703491200000,20002.961,9842.577,251755.0,240
1703505600000,61760.169,33290.04,629301.0,240
1703520000000,31664.127,15458.979,369027.0,240
1703534400000,23566.703,11444.554,287589.0,240
1703548800000,16834.268,7858.902,226036.0,240
1703563200000,74677.204,33079.368,684850.0,240
1703577600000,52503.851,24927.872,508645.0,240
1703592000000,38842.981999999996,18140.1,390027.0,240
1703606400000,89933.42,42920.15,837225.0,240
1703620800000,22791.953,11836.428,272673.0,240
1703635200000,25627.172,11981.921,283444.0,240
1703649600000,20023.85,10527.773,221905.0,240
1703664000000,61784.091,32451.162,564426.0,240
1703678400000,59036.748,28760.495,577719.0,240
1703692800000,37903.282,18718.291,424267.0,240
1703707200000,46976.395,24365.254,533941.0,240
1703721600000,40639.668,20118.358,462432.0,240
1703736000000,46971.692,22308.217,487108.0,240
1703750400000,26016.438,13231.679,308104.0,240
1703764800000,74384.216,36170.4,724070.0,240
1703779200000,41372.033,21385.763,440348.0,240
1703793600000,28131.135,13633.096,325797.0,240
1703808000000,55055.074,27189.079999999998,551572.0,240
1703822400000,32071.961,14656.004,341084.0,240
1703836800000,40511.048,21766.73,414348.0,240
1703851200000,68202.711,31925.233,610907.0,240
1703865600000,87706.129,41640.605,861958.0,240
1703880000000,53874.942,25335.257999999998,520292.0,240
1703894400000,23528.273,11062.119,252637.0,240
1703908800000,16563.477,7829.716,188819.0,240
1703923200000,40727.124,20303.349,407499.0,240
1703937600000,42746.745,23547.548,420627.0,240
1703952000000,41015.216,19792.968,408628.0,240
1703966400000,19309.835,8794.038,232153.0,240
1703980800000,24649.414,12150.717,275889.0,240
1703995200000,27687.399,14618.698,282466.0,240
1704009600000,37644.346,18994.845,383893.0,240
1704024000000,29877.289,14302.814,313866.0,240
1704038400000,21496.084,10704.506,241941.0,240
1704052800000,32153.757,14668.311,337344.0,240
1704067200000,30275.835,15114.205,315524.0,240
1704081600000,18884.162,9237.882,221373.0,240
1704096000000,21225.402,10247.825,248384.0,240
1704110400000,23160.827,11837.899,270030.0,240
1704124800000,46470.443,24796.809,490527.0,240
1704139200000,66407.475,36024.942,651493.0,240
1704153600000,130549.341,66470.54,1223332.0,240
1704168000000,46617.839,22482.188000000002,511833.0,240
1704182400000,73125.619,35963.794,750516.0,240
1704196800000,98947.373,47642.53,956116.0,240
1704211200000,59665.882,29429.371,631505.0,240
1704225600000,50892.469,24784.433,511597.0,240
1704240000000,27249.852,14203.076,353872.0,240
1704254400000,27047.436,12672.534,322356.0,240
1704268800000,118206.26,54003.112,1020925.0,240
1704283200000,269274.008,130434.982,2266607.0,240
1704297600000,121646.733,58620.327,1129922.0,240
1704312000000,32430.936,15804.064,391012.0,240
1704326400000,32954.43,16563.534,383508.0,240
1704340800000,34097.989,15401.014,383654.0,240
1704355200000,41353.248,20997.519,506404.0,240
1704369600000,89531.705,46114.37,913190.0,240
1704384000000,67286.547,33108.679,788010.0,240
1704398400000,68699.179,35141.055,803493.0,240
1704412800000,92493.981,45240.155,942939.0,240
1704427200000,36820.465,18714.767,471251.0,240
1704441600000,53933.111,26432.757,660002.0,240
1704456000000,82365.927,40075.833,938437.0,240
1704470400000,50576.81,25723.871,644196.0,240
1704484800000,58777.497,30197.514,642644.0,240
1704499200000,22344.039,10718.076,310751.0,240
1704513600000,32223.565,16163.733,414181.0,240
1704528000000,18571.596,9448.34,257505.0,240
1704542400000,21680.915,11277.899,314204.0,240
1704556800000,23415.539,11868.339,331570.0,240
1704571200000,20307.143,9797.216,280468.0,240
1704585600000,25504.202,12581.635,364956.0,240
1704600000000,16798.655,8417.265,233876.0,240
1704614400000,21062.951,10246.525,301862.0,240
1704628800000,49020.753,24279.517,621907.0,240
1704643200000,32162.368,16308.264000000001,437442.0,240
1704657600000,36161.785,17197.829,466407.0,240
1704672000000,49205.414,23449.589,625402.0,240
1704686400000,52687.145,27653.619,578783.0,240
1704700800000,48551.307,25587.627,599443.0,240
1704715200000,124466.243,62132.564,1340917.0,240
1704729600000,168436.314,88001.764,1772830.0,240
1704744000000,51741.56,25543.664,635552.0,240
1704758400000,62275.549,29835.231,727951.0,240
1704772800000,25566.034,12632.443,358949.0,240
1704787200000,37564.557,18066.467,481848.0,240
1704801600000,127284.89,64126.476,1370333.0,240
1704816000000,42262.943,20608.338,615356.0,240
1704830400000,218408.8,110087.452,2421359.0,240
1704844800000,36681.322,18838.223,600237.0,240
1704859200000,21755.225,10186.098,352877.0,240
1704873600000,54054.765,24544.782,675166.0,240
1704888000000,149727.617,72813.075,1670479.0,240
1704902400000,130065.437,65509.879,1518913.0,240
1704916800000,276373.108,136349.338,3113090.0,240
1704931200000,40763.102,19526.074,676019.0,240
1704945600000,42163.348,19553.745,617458.0,240
1704960000000,50256.742,26266.655,866074.0,240
1704974400000,278574.629,138195.736,3262168.0,240
1704988800000,136031.851,67906.357,1947501.0,240
1705003200000,48908.707,23505.553,778414.0,240
1705017600000,37819.707,18327.249,554214.0,240
1705032000000,35158.293,16743.325,542055.0,240
1705046400000,47922.902,23946.656,744916.0,240
1705060800000,122262.686,58101.709,1589027.0,240
1705075200000,179066.407,85997.236,2139866.0,240
1705089600000,153713.263,71598.298,1769522.0,240
1705104000000,39049.139,19517.242,690016.0,240
1705118400000,33842.417,16763.825,519238.0,240
1705132800000,42897.598,20601.969,634810.0,240
1705147200000,44715.766,22791.102,678424.0,240
1705161600000,31207.956,14766.947,478697.0,240
1705176000000,16024.45,7897.17,283123.0,240
1705190400000,17785.043,8102.131,303286.0,240
1705204800000,20194.264,9933.529,344014.0,240
1705219200000,18481.558,8974.439,297575.0,240
1705233600000,18436.804,9439.243,307566.0,240
1705248000000,23087.661,11052.537,330381.0,240
1705262400000,83111.638,38724.029,1003696.0,240
1705276800000,36398.917,19085.233,541636.0,240
1705291200000,25795.373,12514.799,368789.0,240
1705305600000,21197.177,10505.309,349192.0,240
1705320000000,57163.469,27601.647,770383.0,240
1705334400000,65313.134,34314.589,865164.0,240
1705348800000,34191.071,17305.538,498749.0,240
1705363200000,22087.986,11774.131,331740.0,240
1705377600000,20030.646,9151.294,284636.0,240
1705392000000,32133.083,15532.086,436932.0,240
1705406400000,121732.81999999999,61306.356999999996,1269424.0,240
1705420800000,50349.539,24495.434,707086.0,240
1705435200000,40873.159,20237.533,562095.0,240
1705449600000,20601.204,9692.783,316793.0,240
1705464000000,24548.96,12013.437,338139.0,240
1705478400000,25131.297,13279.932,373224.0,240
1705492800000,68850.505,33894.23,869061.0,240
1705507200000,40872.097,21128.072,593771.0,240
1705521600000,29392.018,14372.146,405409.0,240
1705536000000,15331.957,7124.174,244204.0,240
1705550400000,19685.656,9805.651,298691.0,240
1705564800000,33804.674,15640.028,484283.0,240
1705579200000,41921.482,21045.746,600309.0,240
1705593600000,151310.93,69115.908,1758911.0,240
1705608000000,73026.057,37261.836,995464.0,240
1705622400000,36295.221,17195.882,518310.0,240
1705636800000,31853.198,16141.747,459230.0,240
1705651200000,27935.207,14001.736,424019.0,240
1705665600000,67750.17,32965.764,893631.0,240
1705680000000,138416.879,71375.283,1604182.0,240
1705694400000,43691.055,21881.25,586174.0,240
1705708800000,18155.851,9177.202,263547.0,240
1705723200000,12915.098,6077.034,174383.0,240
1705737600000,21012.587,10224.381,266186.0,240
1705752000000,18279.36,9275.774,254881.0,240
1705766400000,10616.752,5393.948,174492.0,240
1705780800000,14886.414,7246.931,216629.0,240
1705795200000,7680.812,3831.757,132210.0,240
1705809600000,6744.4130000000005,3361.784,102711.0,240
1705824000000,11294.961,5680.521,166561.0,240
1705838400000,17377.056,8169.424,253634.0,240
1705852800000,11626.497,6128.361,180342.0,240
1705867200000,12311.813,6095.342,176080.0,240
1705881600000,40969.062,18789.154,483361.0,240
1705896000000,51245.971,24863.043,648475.0,240
1705910400000,68960.918,34218.356,848971.0,240
1705924800000,82368.763,41530.099,978572.0,240
1705939200000,137033.009,63567.48,1358905.0,240
1705953600000,78446.383,38591.156,896914.0,240
1705968000000,32689.795,17429.582,439830.0,240
1705982400000,25079.661,11767.729,355341.0,240
1705996800000,124825.562,59320.601,1461246.0,240
1706011200000,104576.943,54018.946,1243529.0,240
1706025600000,79917.657,39961.872,913096.0,240
1706040000000,47283.768,24374.095,583296.0,240
1706054400000,49456.12,23749.351,637710.0,240
1706068800000,31974.054,17369.995,434210.0,240
1706083200000,48695.143,24752.767,646573.0,240
1706097600000,62130.902,31224.16,783991.0,240
1706112000000,43289.491,21769.274,563300.0,240
1706126400000,37208.461,18660.971,511865.0,240
1706140800000,20040.925,9474.859,307757.0,240
1706155200000,21098.349,11118.026,298263.0,240
1706169600000,34021.643,17562.242,423496.0,240
1706184000000,57869.103,27701.637,717430.0,240
1706198400000,48224.544,24337.709,603350.0,240
1706212800000,22474.115,11526.953,310582.0,240
1706227200000,24692.913,13156.187,323527.0,240
1706241600000,19746.788,9877.01,275480.0,240
1706256000000,103031.994,55826.512,1109587.0,240
1706270400000,86189.487,44086.014,994474.0,240
1706284800000,85294.135,42861.695,1029917.0,240
1706299200000,36463.161,17600.444,437451.0,240
1706313600000,16504.25,8223.52,237902.0,240
1706328000000,17412.384,8343.77,247795.0,240
1706342400000,32118.828,15095.268,401682.0,240
1706356800000,15054.687,7683.617,212995.0,240
1706371200000,16407.782,8592.519,213679.0,240
1706385600000,20939.183,10420.705,288278.0,240
1706400000000,22234.237,11134.152,284844.0,240
1706414400000,58552.846,29911.692,670388.0,240
1706428800000,30902.798,15544.289,406863.0,240
1706443200000,30369.168,14529.931,415399.0,240
1706457600000,35068.296,16588.579,456194.0,240
1706472000000,28609.108,15023.886,390281.0,240
1706486400000,30700.241,16102.307,413768.0,240
1706500800000,21337.912,9509.653,271328.0,240
1706515200000,27133.608,13620.515,376462.0,240
1706529600000,57176.087,29480.693,731902.0,240
1706544000000,90725.291,46657.642,1116944.0,240
1706558400000,22428.971,11443.26,353994.0,240
1706572800000,48884.945,26289.495,626920.0,240
1706587200000,21202.78,9967.901,286620.0,240
1706601600000,23711.395,12138.701,320575.0,240
1706616000000,80242.404,39368.807,968582.0,240
1706630400000,34144.187,17014.157,456531.0,240
1706644800000,49397.073000000004,22461.16,620710.0,240
1706659200000,33334.684,17071.778,486532.0,240
1706673600000,16041.567000000001,7610.73,234514.0,240
1706688000000,46489.445999999996,22092.309,567888.0,240
1706702400000,75301.219,39950.861,861350.0,240
1706716800000,71465.065,36009.623,919030.0,240
1706731200000,70437.129,33630.918,825091.0,240
1706745600000,51692.193,24965.354,653933.0,240
1706760000000,25471.968,13198.122,344382.0,240
1706774400000,23431.07,11413.221,309171.0,240
1706788800000,75085.797,37733.42,846088.0,240
1706803200000,70649.68,36457.175,825585.0,240
1706817600000,27990.399,13621.64,387471.0,240
1706832000000,26305.244,12925.275,369402.0,240
1706846400000,20847.054,10809.095,278374.0,240
1706860800000,20151.439,10011.146,295947.0,240
1706875200000,72050.288,35812.991,847072.0,240
1706889600000,50790.883,25243.464,602002.0,240
1706904000000,15622.666,8055.831,216897.0,240
1706918400000,17970.113,8761.403,239946.0,240
1706932800000,10385.215,4863.195,151464.0,240
1706947200000,13257.767,5927.418,171370.0,240
1706961600000,18618.511,9693.644,228633.0,240
1706976000000,20172.048,10190.316,259776.0,240
1706990400000,9331.566,4140.725,133327.0,240
1707004800000,9837.114,5111.7300000000005,141425.0,240
1707019200000,18170.104,8499.042,227064.0,240
1707033600000,18845.925,9679.635,247972.0,240
1707048000000,18482.552,8776.432,244753.0,240
1707062400000,23294.154,11194.215,310653.0,240
1707076800000,38791.699,18547.678,467306.0,240
1707091200000,27676.486,14671.651,377178.0,240
1707105600000,34225.188,18896.75,427021.0,240
1707120000000,30502.017,14679.625,406244.0,240
1707134400000,72798.166,34887.633,869620.0,240
1707148800000,40062.466,20611.394,493889.0,240
1707163200000,35391.226,16908.237,446399.0,240
1707177600000,24494.62,12018.414999999999,308038.0,240
1707192000000,18799.089,9411.259,229591.0,240
1707206400000,44085.411,22295.117,514986.0,240
1707220800000,49858.046,25776.71,570802.0,240
1707235200000,39099.122,18532.57,482493.0,240
1707249600000,19821.355,9580.57,244086.0,240
1707264000000,20587.882,9621.741,267367.0,240
1707278400000,17271.048,9136.249,239377.0,240
1707292800000,26488.098,13291.743,334439.0,240
1707307200000,44451.179,22950.232,503346.0,240
1707321600000,65950.629,34923.311,765898.0,240
1707336000000,77308.872,40656.021,819517.0,240
1707350400000,57010.272,28680.201,651918.0,240
1707364800000,18349.14,8957.092,240123.0,240
1707379200000,40028.987,20481.911,458012.0,240
1707393600000,91951.672,47339.987,983598.0,240
1707408000000,56549.404,27389.127,675421.0,240
1707422400000,35848.813,17564.805,439123.0,240
1707436800000,72986.429,39852.002,799093.0,240
1707451200000,44347.5,22422.125,492734.0,240
1707465600000,92742.899,48758.574,969145.0,240
1707480000000,162167.146,80177.683,1667553.0,240
1707494400000,110312.265,57156.786,1235687.0,240
1707508800000,37363.18,18087.751,486235.0,240
1707523200000,24916.31,13173.452,304844.0,240
1707537600000,14281.105,6215.444,187963.0,240
1707552000000,34605.176,17730.806,422905.0,240
1707566400000,24261.183,12367.544,306877.0,240
1707580800000,26043.207,13436.119,344557.0,240
1707595200000,55519.623,28274.908,717875.0,240
1707609600000,49007.905,26408.807,576714.0,240
1707624000000,36963.858,17462.628,491966.0,240
1707638400000,29479.277,14749.614,396835.0,240
1707652800000,37614.01,17607.827,479570.0,240
1707667200000,30963.158,15810.064,397484.0,240
1707681600000,25923.418,13129.376,337484.0,240
1707696000000,52738.429000000004,26973.727,664909.0,240
1707710400000,35030.414,17288.387,431360.0,240
1707724800000,37963.976,18075.468,537846.0,240
1707739200000,141835.936,76065.728,1533788.0,240
1707753600000,135900.154,67447.384,1599380.0,240
1707768000000,47426.293,23611.069,643035.0,240
1707782400000,40575.467,19851.277000000002,571754.0,240
1707796800000,23299.694,11753.197,326763.0,240
1707811200000,47417.718,23789.278,650276.0,240
1707825600000,162559.433,77407.927,1677586.0,240
1707840000000,68146.465,34185.947,903996.0,240
1707854400000,40349.308,20381.453,605541.0,240
1707868800000,20833.112,10452.12,327859.0,240
1707883200000,29061.916,14375.821,410569.0,240
1707897600000,146804.756,78131.862,1629498.0,240
1707912000000,113215.908,56983.183,1415061.0,240
1707926400000,56012.926,27759.144,765964.0,240
1707940800000,29263.173,14637.116,430993.0,240
1707955200000,75753.234,39155.526,949111.0,240
1707969600000,40228.865,18348.855,532154.0,240
1707984000000,46926.241,24786.382,666952.0,240
1707998400000,116996.891,56900.436,1396791.0,240
1708012800000,62622.289,29978.318,855811.0,240
1708027200000,50197.083,25037.134000000002,670566.0,240
1708041600000,31836.617,16708.829999999998,442449.0,240
1708056000000,29981.292,14196.454,430854.0,240
1708070400000,50737.158,26728.275,669785.0,240
1708084800000,87726.02,42703.934,1118794.0,240
1708099200000,40535.044,20081.064,616281.0,240
1708113600000,19003.662,9493.609,321423.0,240
1708128000000,12597.447,6024.489,225294.0,240
1708142400000,11156.396999999999,5476.4,189380.0,240
1708156800000,35256.919,17826.394,466079.0,240
1708171200000,93063.831,44426.741,1066612.0,240
1708185600000,32817.244,17178.815,487433.0,240
1708200000000,37450.167,19471.397,498408.0,240
1708214400000,27895.491,13043.832,404448.0,240
1708228800000,21066.913,10385.451000000001,345560.0,240
1708243200000,28696.465,14365.691,448054.0,240
1708257600000,27165.839,13263.741,408446.0,240
1708272000000,20771.59,10382.28,357349.0,240
1708286400000,41040.128,21117.36,571241.0,240
1708300800000,25668.051,12934.519,430692.0,240
1708315200000,30265.979,14905.992,481288.0,240
1708329600000,30014.308,14652.33,472544.0,240
1708344000000,37244.59,18124.246,565312.0,240
1708358400000,49343.04,24285.137,652738.0,240
1708372800000,23852.01,12217.976,381556.0,240
1708387200000,35595.672,17403.055,513674.0,240
1708401600000,24747.893,12349.124,352699.0,240
1708416000000,54336.122,27194.24,681462.0,240
1708430400000,151276.089,73281.212,1647867.0,240
1708444800000,82490.556,42011.736,979893.0,240
1708459200000,40466.732,19370.22,549746.0,240
1708473600000,18699.387,9076.729,316660.0,240
1708488000000,35816.397,16552.718,473434.0,240
1708502400000,71637.392,34611.071,861729.0,240
1708516800000,85217.852,42684.02,1062605.0,240
1708531200000,52037.079,24771.768,654918.0,240
1708545600000,44719.193999999996,23578.119,570172.0,240
1708560000000,31802.892,15965.486,446210.0,240
1708574400000,29514.518,14837.25,412240.0,240
1708588800000,38151.534,18024.279,505589.0,240
1708603200000,65259.7,32649.831,797161.0,240
1708617600000,29668.492000000002,14509.289999999999,409154.0,240
1708632000000,49747.511,24441.999,614926.0,240
1708646400000,28843.394,13206.624,397493.0,240
1708660800000,26692.668,12829.396,367471.0,240
1708675200000,33220.181,17131.629,442298.0,240
1708689600000,57952.033,27972.639,732267.0,240
1708704000000,40579.172,19339.392,545248.0,240
1708718400000,28187.114,13006.625,353409.0,240
1708732800000,19923.319,9819.348,292450.0,240
1708747200000,15404.691,7429.741,238868.0,240
1708761600000,11282.592,5871.603,195954.0,240
1708776000000,10274.88,5212.64,171880.0,240
1708790400000,35543.963,18763.363,467907.0,240
1708804800000,12515.012,6519.525,214658.0,240
1708819200000,23934.575,12008.292,349380.0,240
1708833600000,13597.975,6732.687,203757.0,240
1708848000000,13141.489,6022.044,199976.0,240
1708862400000,20815.578,10561.096,290920.0,240
1708876800000,24842.382,12316.432,345585.0,240
1708891200000,25845.261,13567.723,347694.0,240
1708905600000,17085.81,8625.125,259171.0,240
1708920000000,13813.271,6279.702,214934.0,240
1708934400000,38647.704,19139.546,517630.0,240
1708948800000,99983.06999999999,53010.778,1084680.0,240
1708963200000,155069.11,81970.508,1676003.0,240
1708977600000,68867.266,35532.184,807280.0,240
1708992000000,144626.561,77957.232,1527549.0,240
1709006400000,56194.932,28603.383,746394.0,240
1709020800000,49250.279,24243.406,684716.0,240
1709035200000,134488.874,66844.965,1555577.0,240
1709049600000,85549.812,42846.429000000004,976990.0,240
1709064000000,41365.077,20783.964,546260.0,240
1709078400000,19741.359,9427.25,303175.0,240
1709092800000,61816.05,33619.697,698691.0,240
1709107200000,171926.592,85992.201,1797726.0,240
1709121600000,230822.903,117470.954,2265968.0,240
1709136000000,422227.2,214106.685,4067496.0,240
1709150400000,103584.338,51756.19,1337488.0,240
1709164800000,67555.583,33147.801,980536.0,240
1709179200000,104934.082,53955.96,1381593.0,240
1709193600000,74702.902,36807.053,1110390.0,240
1709208000000,104765.172,50641.53,1408632.0,240
1709222400000,150952.986,73750.865,1932841.0,240
1709236800000,81803.158,40029.135,1177459.0,240
1709251200000,34861.575,17367.218,587648.0,240
1709265600000,30538.809,15101.267,496066.0,240
1709280000000,41673.153,20805.294,629452.0,240
1709294400000,78663.84,38344.924,1064165.0,240
1709308800000,54171.773,27714.52,724387.0,240
1709323200000,59322.677,29858.824,740844.0,240
1709337600000,28442.554,14755.907,467927.0,240
1709352000000,30783.238,14787.805,439235.0,240
1709366400000,28774.711,13739.685,456579.0,240
1709380800000,34361.163,17016.556,495490.0,240
1709395200000,16953.447,8640.362,284221.0,240
1709409600000,19968.516,9216.739,301869.0,240
1709424000000,15651.137,7783.883,266996.0,240
1709438400000,34331.807,15346.887,483540.0,240
1709452800000,24394.336,12650.296,385774.0,240
1709467200000,54827.945,27714.374,756072.0,240
1709481600000,39358.189,20237.329999999998,608826.0,240
1709496000000,31749.089,16956.656,475282.0,240
1709510400000,106338.61,53922.822,1316398.0,240
1709524800000,37940.673,19419.124,596394.0,240
1709539200000,115160.424,58917.554000000004,1541170.0,240
1709553600000,119953.81,59431.682,1444959.0,240
1709568000000,139133.923,68308.455,2090840.0,240
1709582400000,114354.704,55954.857,1632725.0,240
1709596800000,79528.678,38782.727,1121099.0,240
1709611200000,124817.283,58088.816,1457820.0,240
1709625600000,71036.114,35803.418,973666.0,240
1709640000000,197493.725,96501.561,2155569.0,240
1709654400000,379422.284,175793.19,3704079.0,240
1709668800000,200727.048,101155.459,2175595.0,240
1709683200000,54565.237,26999.938000000002,730773.0,240
1709697600000,108137.773,56708.284999999996,1226013.0,240
1709712000000,94868.205,47004.156,1162080.0,240
1709726400000,173035.007,83564.281,2113951.0,240
1709740800000,63884.768000000004,31827.85,972593.0,240
1709755200000,39520.823,18862.016,574670.0,240
1709769600000,35529.364,18275.15,566502.0,240
1709784000000,35034.81,17827.533,555571.0,240
1709798400000,48238.41,24039.726,786993.0,240
1709812800000,84112.593,42421.312,1153997.0,240
1709827200000,56791.611,27988.125,809919.0,240
1709841600000,36386.0,17102.904,532545.0,240
1709856000000,23836.852,12889.96,397143.0,240
1709870400000,27850.418,13689.674,413393.0,240
1709884800000,27365.479,13973.366,449649.0,240
1709899200000,168389.285,85472.901,2080335.0,240
1709913600000,152017.882,75119.622,1821984.0,240
1709928000000,59927.291,30423.22,818188.0,240
1709942400000,17481.31,9118.995,291781.0,240
1709956800000,15255.702,7207.16,251559.0,240
1709971200000,22150.292,9920.696,311512.0,240
1709985600000,18353.712,8494.244,278171.0,240
1710000000000,12015.249,5811.359,239996.0,240
1710014400000,9642.74,5028.825,164595.0,240
1710028800000,44236.817,22821.116,620806.0,240
1710043200000,30333.559,15401.897,471508.0,240
1710057600000,47002.381,23278.705,683713.0,240
1710072000000,50095.129,24550.513,693662.0,240
1710086400000,23895.198,12029.994,358226.0,240
1710100800000,38033.439,18079.181,547805.0,240
1710115200000,69458.296,33446.927,945424.0,240
1710129600000,114734.582,59965.149,1421729.0,240
1710144000000,97544.481,48057.421,1315482.0,240
1710158400000,98754.823,50054.656,1447875.0,240
1710172800000,63972.169,31335.198,877049.0,240
1710187200000,29932.546000000002,15297.458,417225.0,240
1710201600000,37698.804,17359.722,584449.0,240
1710216000000,45975.945,23223.884,686427.0,240
1710230400000,39679.087,19697.186,658939.0,240
1710244800000,129025.702,63657.774,1763363.0,240
1710259200000,182962.502,89756.173,2359036.0,240
1710273600000,36730.291,18044.785,564735.0,240
1710288000000,30308.014,16043.86,500602.0,240
1710302400000,48978.929,25728.937,723605.0,240
1710316800000,50161.327,25062.506,757743.0,240
1710331200000,97371.457,47839.014,1423663.0,240
1710345600000,39746.775,19817.296,605405.0,240
1710360000000,21879.836,10275.6,402756.0,240
1710374400000,26763.274,13220.887,439186.0,240
1710388800000,54976.316,27089.819,829223.0,240
1710403200000,34164.114,16336.46,558456.0,240
1710417600000,145808.719,72096.187,1951769.0,240
1710432000000,179635.464,87103.532,2353097.0,240
1710446400000,72553.35,36794.236,954468.0,240
1710460800000,183221.843,84183.137,2265913.0,240
1710475200000,112860.506,56508.096,1615022.0,240
1710489600000,161336.026,78027.51699999999,2147942.0,240
1710504000000,74867.568,36850.633,1112545.0,240
1710518400000,108426.144,55165.065,1380329.0,240
1710532800000,65098.598,32566.28,910748.0,240
1710547200000,36440.378,17825.221,598129.0,240
1710561600000,25526.924,12621.156,435141.0,240
1710576000000,43345.593,19972.63,606637.0,240
1710590400000,47936.852,24389.823,720405.0,240
1710604800000,75874.402,35619.879,1046527.0,240
1710619200000,104301.98,48382.426,1321530.0,240
1710633600000,54153.223,27101.156,764598.0,240
1710648000000,70177.078,33533.369,878794.0,240
1710662400000,66619.301,33739.063,910323.0,240
1710676800000,57971.820999999996,29713.774,827717.0,240
1710691200000,36619.508,18752.386,578822.0,240
1710705600000,29349.378,14907.183,480948.0,240
1710720000000,53949.744,26260.758,848736.0,240
1710734400000,37297.925,18672.211,626924.0,240
1710748800000,45501.817,23016.919,763022.0,240
1710763200000,93123.928,46005.512,1338969.0,240
1710777600000,60098.513,29503.52,912066.0,240
1710792000000,27913.989,14059.136,439472.0,240
1710806400000,118043.87,57021.075,1563001.0,240
1710820800000,114699.63799999999,54253.262,1483710.0,240
1710835200000,148646.191,74622.345,1833199.0,240
1710849600000,120209.988,61134.626000000004,1549967.0,240
1710864000000,107528.51699999999,52652.9,1276450.0,240
1710878400000,91338.591,41703.002,1177513.0,240
1710892800000,101026.897,50617.982,1267856.0,240
1710907200000,111380.629,54925.548,1396944.0,240
1710921600000,70517.139,36641.929,923205.0,240
1710936000000,93735.674,47126.302,1218314.0,240
1710950400000,160980.964,81420.561,1970983.0,240
1710964800000,99721.162,52013.101,1303987.0,240
1710979200000,56126.971,27647.229,868017.0,240
1710993600000,51815.644,26334.817,804861.0,240
1711008000000,40706.816,20286.953,668737.0,240
1711022400000,72640.997,36100.409,1088135.0,240
1711036800000,75882.49799999999,36541.683,1129940.0,240
1711051200000,50045.459,23790.375,754608.0,240
1711065600000,39257.301,19803.897,680345.0,240
1711080000000,28624.153,14012.792,474791.0,240
1711094400000,64282.856,29059.797,906550.0,240
1711108800000,142184.833,68660.995,1804554.0,240
1711123200000,67901.638,33618.989,938153.0,240
1711137600000,58898.552,28086.388,806520.0,240
1711152000000,45171.862,21793.832,609266.0,240
1711166400000,38575.356,20462.735,538629.0,240
1711180800000,30575.575,14642.541,427840.0,240
1711195200000,50015.088,25515.66,654526.0,240
1711209600000,46298.247,23164.142,603626.0,240
1711224000000,28487.872,13322.096,421887.0,240
1711238400000,26955.583,13827.897,428217.0,240
1711252800000,26527.085,14416.658,396822.0,240
1711267200000,38847.042,20447.54,546730.0,240
1711281600000,42167.269,21192.523,640111.0,240
1711296000000,54566.413,27445.036,829321.0,240
1711310400000,55116.043,30123.465,833235.0,240
1711324800000,38631.742,19922.574,602404.0,240
1711339200000,38989.057,18350.579,593691.0,240
1711353600000,29696.402,14630.641,491657.0,240
1711368000000,140201.921,73801.891,1870888.0,240
1711382400000,87615.027,44378.016,1216523.0,240
1711396800000,60022.042,29411.16,841191.0,240
1711411200000,30683.177,15888.927,480106.0,240
1711425600000,50356.28,25235.104,699561.0,240
1711440000000,44137.268000000004,22330.838,667097.0,240
1711454400000,101981.595,50440.326,1352827.0,240
1711468800000,54669.999,26557.266,827366.0,240
1711483200000,26032.797,13391.376,444022.0,240
1711497600000,35628.422,18595.078,514300.0,240
1711512000000,31346.5,14969.777,484152.0,240
1711526400000,38869.095,18985.896,568638.0,240
1711540800000,203073.372,99614.973,2487222.0,240
1711555200000,69700.95,34386.541,955558.0,240
1711569600000,29139.449,15046.095,468541.0,240
1711584000000,31861.746,15410.049,510799.0,240
1711598400000,37488.507,19861.556,548103.0,240
1711612800000,42941.799,21113.585,647293.0,240
1711627200000,78369.627,40093.103,1134640.0,240
1711641600000,33522.126000000004,15968.444,541988.0,240
1711656000000,18015.420000000002,9344.673999999999,308970.0,240
1711670400000,18384.635,8376.807999999999,325675.0,240
1711684800000,30990.097,15163.537,478913.0,240
1711699200000,36337.211,18042.945,553912.0,240
1711713600000,60730.386,27723.6,848061.0,240
1711728000000,26131.25,13354.46,425555.0,240
1711742400000,15397.262,7651.259,266670.0,240
1711756800000,17158.879,8209.657,287823.0,240
1711771200000,18320.399,9253.115,278357.0,240
1711785600000,14184.529,7205.77,209824.0,240
1711800000000,13327.59,6177.099,214903.0,240
1711814400000,16241.65,8059.992,266265.0,240
1711828800000,11893.703,5955.995,212095.0,240
1711843200000,16822.223,8643.013,261562.0,240
1711857600000,19570.18,10695.966,309892.0,240
1711872000000,12809.761,6174.251,205496.0,240
1711886400000,25610.054,12033.421,358965.0,240
1711900800000,33030.26,18050.415,466025.0,240
1711915200000,24616.312,13052.888,353349.0,240
1711929600000,21815.323,10015.078,360129.0,240
1711944000000,70969.124,34020.708,906761.0,240
1711958400000,29105.42,14464.376,396022.0,240
1711972800000,83634.103,39617.756,1118928.0,240
1711987200000,53164.149,27714.605,707219.0,240
1712001600000,24124.007,11430.789,366133.0,240
1712016000000,118225.311,52725.799,1431111.0,240
1712030400000,55086.316,27062.357,714983.0,240
1712044800000,101124.889,48028.053,1279887.0,240
1712059200000,121001.846,58630.599,1504150.0,240
1712073600000,70323.338,35464.42,900608.0,240
1712088000000,33279.872,15250.405,476213.0,240
1712102400000,60445.956,31208.274,809502.0,240
1712116800000,31478.147,15023.486,420101.0,240
1712131200000,47333.798,23092.827,595309.0,240
1712145600000,67186.665,33355.193,879995.0,240
1712160000000,45312.02,22381.51,654307.0,240
1712174400000,23284.644,11325.496,356831.0,240
1712188800000,30274.072,14774.254,449254.0,240
1712203200000,39140.486,19228.708,502755.0,240
1712217600000,24461.347,12190.43,375985.0,240
1712232000000,75527.215,38101.578,952800.0,240
1712246400000,97105.541,50423.328,1135643.0,240
1712260800000,59876.677,30546.217,801780.0,240
1712275200000,37413.887,17837.896,592516.0,240
1712289600000,50688.326,23787.231,639559.0,240
1712304000000,56234.546,28302.154,752395.0,240
1712318400000,110822.813,56749.221,1390846.0,240
1712332800000,41415.268,19853.097,583788.0,240
1712347200000,16972.453,8553.143,287018.0,240
1712361600000,18480.422,8828.796,309772.0,240
1712376000000,17391.704,8765.276,290649.0,240
1712390400000,15249.245,6827.619,231274.0,240
1712404800000,21939.242000000002,11757.35,359114.0,240
1712419200000,18317.958,9134.022,297337.0,240
1712433600000,35965.155,19607.772,555921.0,240
1712448000000,30693.366,16034.985,555754.0,240
1712462400000,17331.856,8266.047,334026.0,240
1712476800000,15464.263,7478.699,291987.0,240
1712491200000,33660.142,18027.382,581832.0,240
1712505600000,54047.41,27335.066,899187.0,240
1712520000000,20586.399,10371.263,431221.0,240
1712534400000,26553.497,13458.940999999999,524241.0,240
1712548800000,40704.221,22222.764,719943.0,240
1712563200000,110069.526,58341.413,1750437.0,240
1712577600000,70417.438,34008.952,1276163.0,240
1712592000000,34303.61,16779.712,668837.0,240
1712606400000,15189.157,7943.579,354872.0,240
1712620800000,33623.356999999996,15928.641,675841.0,240
1712635200000,48492.765,22887.516,795401.0,240
1712649600000,66018.368,32723.615,972946.0,240
1712664000000,113450.195,54199.362,1655188.0,240
1712678400000,54110.638,26172.252,941660.0,240
1712692800000,18364.08,8647.421,390560.0,240
1712707200000,38460.266,19173.814,747272.0,240
1712721600000,19061.143,8604.965,356201.0,240
1712736000000,32864.25,15804.471,621050.0,240
1712750400000,125630.717,60179.266,1728844.0,240
1712764800000,71230.063,37158.168,1123231.0,240
1712779200000,50528.317,26320.852,799797.0,240
1712793600000,25776.252,13169.287,520357.0,240
1712808000000,32669.624,15795.431,563123.0,240
1712822400000,45863.876000000004,21956.285,732997.0,240
1712836800000,96654.864,48529.128,1499747.0,240
1712851200000,34983.242,17900.218,663417.0,240
1712865600000,20246.295000000002,9803.576,411877.0,240
1712880000000,28772.522,16038.512,497646.0,240
1712894400000,25196.369,12293.532,451689.0,240
1712908800000,21288.038,11650.297,415467.0,240
1712923200000,82025.367,38452.866,1166597.0,240
1712937600000,220063.11,102828.419,2409496.0,240
1712952000000,38182.743,18335.972,648431.0,240
1712966400000,55177.302,26958.926,873863.0,240
1712980800000,42109.712999999996,20643.929,629668.0,240
1712995200000,23444.783,11363.013,407184.0,240
1713009600000,29542.422,14902.6,507266.0,240
1713024000000,107653.08,49214.896,1415398.0,240
1713038400000,257077.903,122729.539,2846262.0,240
1713052800000,88650.039,43538.208,1195928.0,240
1713067200000,50112.447,24417.744,788598.0,240
1713081600000,40232.475,19577.555,702017.0,240
1713096000000,59925.363,29461.972,909641.0,240
1713110400000,92113.232,46493.918,1171244.0,240
1713124800000,64736.577,32540.663,928357.0,240
1713139200000,35393.543,17014.167,643231.0,240
1713153600000,53589.263,28087.3,807166.0,240
1713168000000,41279.881,19871.48,619937.0,240
1713182400000,94952.165,45955.438,1317330.0,240
1713196800000,113636.279,55379.613,1485986.0,240
1713211200000,42681.094,20594.328,668018.0,240
1713225600000,43701.669,21512.935,712840.0,240
1713240000000,68412.564,33676.043,930149.0,240
1713254400000,80931.579,39827.102,1075550.0,240
1713268800000,98458.37,47918.343,1398491.0,240
1713283200000,73768.751,37963.842,1129650.0,240
1713297600000,40658.506,21504.722,569835.0,240
1713312000000,28336.977,13998.522,510001.0,240
1713326400000,36161.176,17681.024,585891.0,240
1713340800000,41805.835,20201.509000000002,613908.0,240
1713355200000,180202.594,86604.994,2190895.0,240
1713369600000,122038.404,61458.238,1573241.0,240
1713384000000,35488.006,17720.869,539481.0,240
1713398400000,39391.28,19635.532,623904.0,240
1713412800000,45077.119,22268.306,691285.0,240
1713427200000,60982.513,32255.726,888786.0,240
1713441600000,118803.773,59366.035,1579064.0,240
1713456000000,68984.116,34351.205,992080.0,240
1713470400000,30063.593,14978.192000000001,472385.0,240
1713484800000,162327.211,79458.286,2100780.0,240
1713499200000,132400.625,68568.645,1623074.0,240
1713513600000,79968.568,40473.895,1069065.0,240
1713528000000,83821.582,41853.503,1209732.0,240
1713542400000,67738.532,34152.514,984114.0,240
1713556800000,48007.54,23232.79,742818.0,240
1713571200000,41252.775,21093.612,683075.0,240
1713585600000,19125.163,9020.534,339878.0,240
1713600000000,35323.02,17391.216,529001.0,240
1713614400000,33816.236,18283.078999999998,548660.0,240
1713628800000,50097.196,24614.031,778496.0,240
1713643200000,17527.872,9010.587,324663.0,240
1713657600000,30568.361,15047.009,524788.0,240
1713672000000,17902.665,8869.286,346040.0,240
1713686400000,25335.64,13424.676,416571.0,240
1713700800000,24230.119,12249.233,436882.0,240
1713715200000,37769.782,17931.206,615360.0,240
1713729600000,24727.381,12873.505,433243.0,240
1713744000000,56789.099,29668.877,887530.0,240
1713758400000,41069.709,20208.603,685985.0,240
1713772800000,23493.116,11422.012,432629.0,240
1713787200000,49814.265,24084.742000000002,801224.0,240
1713801600000,43140.787,22868.06,651478.0,240
1713816000000,31961.435,17010.498,514255.0,240
1713830400000,25070.758,11881.293,443542.0,240
1713844800000,27576.254,13206.342,464998.0,240
1713859200000,24977.278,12626.056,415031.0,240
1713873600000,59203.747,29208.236,895799.0,240
1713888000000,22329.169,11198.788,396754.0,240
1713902400000,19508.358,9534.159,346913.0,240
1713916800000,18340.202,8725.346,365265.0,240
1713931200000,23285.043,11568.784,382807.0,240
1713945600000,24802.818,12407.583,404224.0,240
1713960000000,103026.913,48539.277,1405768.0,240
1713974400000,71058.223,34180.14,987784.0,240
1713988800000,40031.862,20005.004,613613.0,240
1714003200000,29118.115,14663.422,484754.0,240
1714017600000,23629.633,10822.168,382946.0,240
1714032000000,47523.366,23320.41,771675.0,240
1714046400000,92249.687,45555.415,1369898.0,240
1714060800000,52582.241,26156.793,747777.0,240
1714075200000,30108.02,15291.703,468338.0,240
1714089600000,32749.047,16233.119,528795.0,240
1714104000000,22324.933,10827.414999999999,369447.0,240
1714118400000,20015.817,10088.765,347922.0,240
1714132800000,81303.56,40605.98,1158612.0,240
1714147200000,32853.541,16992.224,507027.0,240
1714161600000,12902.914999999999,6573.567,250984.0,240
1714176000000,59693.74,27860.648,865335.0,240
1714190400000,17253.027,8212.669,333364.0,240
1714204800000,14504.338,7169.103,291140.0,240
1714219200000,23358.7,11488.142,407982.0,240
1714233600000,39059.005,19852.41,613832.0,240
1714248000000,13480.299,6643.97,242299.0,240
1714262400000,28362.952,14925.569,435434.0,240
1714276800000,14698.248,6881.769,266732.0,240
1714291200000,21213.117,9228.238,339003.0,240
1714305600000,17692.993,9159.858,314609.0,240
1714320000000,14380.74,7314.808,262939.0,240
1714334400000,29708.101,14153.658,488339.0,240
1714348800000,33929.947,15861.96,571479.0,240
1714363200000,40103.763,20015.723,627913.0,240
1714377600000,22955.752,11218.861,398520.0,240
1714392000000,66488.045,33002.893,956030.0,240
1714406400000,30356.738,14986.005,472654.0,240
1714420800000,34576.918,18432.598,549760.0,240
1714435200000,54356.873999999996,27156.369,771349.0,240
1714449600000,21881.93,10678.962,379447.0,240
1714464000000,92748.254,44190.629,1377660.0,240
1714478400000,86741.926,42206.484,1248435.0,240
1714492800000,99188.1,46661.906,1382523.0,240
1714507200000,53830.619,27555.638,795962.0,240
1714521600000,41842.441,20553.147,672586.0,240
1714536000000,111582.92599999999,49772.919,1395314.0,240
1714550400000,105319.627,51402.485,1383095.0,240
1714564800000,86671.022,42551.404,1128379.0,240
1714579200000,163355.41,80736.533,1974851.0,240
1714593600000,55336.974,29380.102,724392.0,240
1714608000000,48642.413,23207.234,661339.0,240
1714622400000,24643.195,12825.92,393200.0,240
1714636800000,54335.416,28553.152,668046.0,240
1714651200000,97124.36,48497.086,1187300.0,240
1714665600000,38379.928,18811.008,645031.0,240
1714680000000,36103.99,17855.849000000002,523275.0,240
1714694400000,36797.051,18668.909,570436.0,240
1714708800000,23719.982,11274.086,380177.0,240
1714723200000,31556.268,15652.286,469522.0,240
1714737600000,155671.882,80966.348,1902774.0,240
1714752000000,40812.563,20465.115999999998,621690.0,240
1714766400000,65048.712999999996,34645.056,898888.0,240
1714780800000,35544.126,17733.726,526080.0,240
1714795200000,29638.413,15001.806,441014.0,240
1714809600000,62488.68,33502.579,803554.0,240
1714824000000,35808.475,17677.829,525228.0,240
1714838400000,21209.796,11297.503,366724.0,240
1714852800000,20515.709,9513.796,351942.0,240
1714867200000,40066.159,19258.958,592620.0,240
1714881600000,22134.259000000002,11900.333,355960.0,240
1714896000000,20907.752,10637.318,390922.0,240
1714910400000,51798.38,27444.887,739451.0,240
1714924800000,29615.387,13831.634,429549.0,240
1714939200000,20973.716,11315.306,331174.0,240
1714953600000,22429.192,10242.983,395524.0,240
1714968000000,29368.823,16347.761,448003.0,240
1714982400000,90546.106,46111.746,1174635.0,240
1714996800000,92005.477,44695.982,1205394.0,240
1715011200000,52386.835,25566.965,716895.0,240
1715025600000,18373.634,8475.528,323504.0,240
1715040000000,38286.024,18567.683,610669.0,240
1715054400000,23770.021,12160.366,420224.0,240
1715068800000,47888.36,23389.998,686049.0,240
1715083200000,57889.868,29511.708,778576.0,240
1715097600000,34222.559,16067.773,521931.0,240
1715112000000,36917.814,16932.1,573977.0,240
1715126400000,28153.491,14500.863,482344.0,240
1715140800000,31663.88,14797.532,484619.0,240
1715155200000,29263.081000000002,15237.914,486028.0,240
1715169600000,67533.185,32934.978,871059.0,240
1715184000000,29625.538,15092.104,449604.0,240
1715198400000,55412.404,26101.658,721192.0,240
1715212800000,22040.64,11024.333,363178.0,240
1715227200000,21456.884000000002,10003.171,337539.0,240
1715241600000,42557.014,20995.715,613524.0,240
1715256000000,66846.83899999999,34876.49,861171.0,240
1715270400000,48794.861,24882.952,671907.0,240
1715284800000,40755.064,21226.476,574499.0,240
1715299200000,19493.079,8934.03,331063.0,240
1715313600000,29665.211,15561.58,412590.0,240
1715328000000,21952.047,11048.018,328093.0,240
1715342400000,129675.576,59550.191,1559304.0,240
1715356800000,83338.902,40064.594,1077411.0,240
1715371200000,23090.145,11189.778,354453.0,240
1715385600000,19987.403,9908.216,303464.0,240
1715400000000,16168.856,8297.765,267748.0,240
1715414400000,18892.24,9289.801,300424.0,240
1715428800000,29790.488,15294.987,434223.0,240
1715443200000,15661.949,7459.748,281008.0,240
1715457600000,12793.851,6094.972,204871.0,240
1715472000000,8957.244,4852.268,172569.0,240
1715486400000,13680.716,6299.398,214190.0,240
1715500800000,20279.049,10862.497,290560.0,240
1715515200000,17168.03,8930.962,263174.0,240
1715529600000,28818.414,14094.012,432020.0,240
1715544000000,15140.444,7053.475,267629.0,240
1715558400000,42993.269,21486.048,592085.0,240
1715572800000,44748.278,23072.7,596303.0,240
1715587200000,74300.067,38375.991,918939.0,240
1715601600000,42598.003,21429.591,631782.0,240
1715616000000,43073.508,21839.419,652712.0,240
1715630400000,14213.948,6926.722,248074.0,240
1715644800000,30244.783,15014.968,471583.0,240
1715659200000,53110.693,25266.051,687353.0,240
1715673600000,22566.352,11202.777,337553.0,240
1715688000000,91131.328,44387.968,1196517.0,240
1715702400000,34540.72,17615.256,538482.0,240
1715716800000,12751.398,5910.216,255015.0,240
1715731200000,18643.623,9327.039,366653.0,240
1715745600000,20302.939,9801.621,339895.0,240
1715760000000,54806.314,27470.972999999998,825948.0,240
1715774400000,155120.647,81867.97,1882131.0,240
1715788800000,79093.976,42837.435,1193283.0,240
1715803200000,37064.181,19194.900999999998,628121.0,240
1715817600000,31811.606,15537.253,557297.0,240
1715832000000,22763.404,11211.123,394155.0,240
1715846400000,26975.817,13628.772,471581.0,240
1715860800000,80035.187,39270.418,1104152.0,240
1715875200000,63915.502,30656.568,874979.0,240
1715889600000,16953.808,7997.74,324140.0,240
1715904000000,27794.9,14049.33,428531.0,240
1715918400000,41669.275,21617.138,628240.0,240
1715932800000,26340.98,12857.643,478061.0,240
1715947200000,76890.366,39980.044,1002106.0,240
1715961600000,42405.702,20796.566,636057.0,240
1715976000000,11962.696,5862.839,237183.0,240
1715990400000,14987.935,7478.125,257021.0,240
1716004800000,15843.297,7812.299,283148.0,240
1716019200000,19628.857,9811.4,351710.0,240
1716033600000,27767.746,12503.797,447429.0,240
1716048000000,10585.364,5500.173,206609.0,240
1716062400000,8118.349,4196.089,174220.0,240
1716076800000,12471.395,6781.113,243017.0,240
1716091200000,13650.417,6731.78,259803.0,240
1716105600000,41565.229,20839.177,573165.0,240
1716120000000,29635.182,14001.171,455816.0,240
1716134400000,36476.631,16734.825,513623.0,240
1716148800000,14371.496,7714.717,272055.0,240
1716163200000,22106.058,11635.573,394737.0,240
1716177600000,41557.498,20448.545000000002,599609.0,240
1716192000000,28761.148,13897.333,442460.0,240
1716206400000,40610.395,20787.564,584478.0,240
1716220800000,129693.909,70913.364,1525517.0,240
1716235200000,103299.07,53681.582,1347980.0,240
1716249600000,63389.213,31000.278,854780.0,240
1716264000000,25693.490999999998,12586.227,396809.0,240
1716278400000,30042.772,15504.688,450526.0,240
1716292800000,75217.839,35054.145,933496.0,240
1716307200000,46218.311,22604.269,702722.0,240
1716321600000,23112.701,11289.59,433109.0,240
1716336000000,19590.336,9584.319,334463.0,240
1716350400000,29964.805,15050.975,451112.0,240
1716364800000,21713.431,10756.226,360837.0,240
1716379200000,52886.213,27811.514,715558.0,240
1716393600000,41621.447,19737.592,585702.0,240
1716408000000,28384.262,13840.593,443684.0,240
1716422400000,16149.719,7533.07,280128.0,240
1716436800000,16494.618,8204.357,259251.0,240
1716451200000,24326.937,12256.29,349933.0,240
1716465600000,114331.673,56493.861,1206894.0,240
1716480000000,54734.54,26367.992,743046.0,240
1716494400000,74056.135,36807.778,956805.0,240
1716508800000,18229.102,8592.149,294301.0,240
1716523200000,36724.606,17449.954,483056.0,240
1716537600000,25954.913,13122.491,359207.0,240
1716552000000,47961.276,24577.678,610597.0,240
1716566400000,42690.151,21490.035,556672.0,240
1716580800000,15121.034,6786.631,240222.0,240
1716595200000,13021.059,6858.921,186293.0,240
1716609600000,8126.279,4526.392,142150.0,240
1716624000000,25426.221,13442.98,334532.0,240
1716638400000,21348.654,10126.772,294414.0,240
1716652800000,10058.168,5384.837,170629.0,240
1716667200000,7133.224,3567.776,138838.0,240
1716681600000,10244.257,4739.165,181973.0,240
1716696000000,9813.627,5413.508,165905.0,240
1716710400000,15909.255,7459.176,232734.0,240
1716724800000,21942.125,10233.976,299255.0,240
1716739200000,11186.901,5593.281,200235.0,240
1716753600000,14973.659,6789.479,234158.0,240
1716768000000,19327.66,10058.341,294001.0,240
1716782400000,19042.524,9100.758,280317.0,240
1716796800000,19439.727,9978.83,276633.0,240
1716811200000,55134.676,29499.711,723501.0,240
1716825600000,39677.011,18836.356,534665.0,240
1716840000000,17669.758,9202.396,280291.0,240
1716854400000,54544.602,23687.433,745073.0,240
1716868800000,29822.671,14679.631,443925.0,240
1716883200000,40291.196,20432.197,503134.0,240
1716897600000,46982.297,23109.762,675860.0,240
1716912000000,41587.464,21052.127,574272.0,240
1716926400000,14610.21,6699.83,253052.0,240
1716940800000,18567.902,9606.528,295948.0,240
1716955200000,21732.935,9705.457,319004.0,240
1716969600000,25758.932,13018.727,419111.0,240
1716984000000,51076.169,24865.786,704242.0,240
1716998400000,26538.879,13401.911,420379.0,240
1717012800000,14561.782,7271.1810000000005,249367.0,240
1717027200000,18064.349,9140.604,278596.0,240
1717041600000,29978.701,13934.84,431097.0,240
1717056000000,33978.605,17557.434,454734.0,240
1717070400000,47275.223,24465.272,645011.0,240
1717084800000,45336.979,23143.763,591657.0,240
1717099200000,19940.042,10115.482,296694.0,240
1717113600000,16008.269,7858.845,239710.0,240
1717128000000,15093.349,7109.088,252037.0,240
1717142400000,23284.141,11847.338,365993.0,240
1717156800000,74910.649,36142.838,930878.0,240
1717171200000,50702.718,25211.922,608551.0,240
1717185600000,15752.626,7269.91,236161.0,240
1717200000000,11203.855,5224.351,172631.0,240
1717214400000,8158.758,4171.748,138631.0,240
1717228800000,6444.213,3260.142,115156.0,240
1717243200000,9973.997,5316.028,160261.0,240
1717257600000,9329.853,4412.373,158891.0,240
1717272000000,5832.382,2607.741,105898.0,240
1717286400000,7225.374,3512.488,132264.0,240
1717300800000,4961.302,2238.122,103205.0,240
1717315200000,23005.4,13006.373,309913.0,240
1717329600000,30389.939,15753.528,413436.0,240
1717344000000,27950.08,12752.617,372112.0,240
1717358400000,8662.623,4318.808,164358.0,240
1717372800000,31790.13,16576.792,456339.0,240
1717387200000,35589.902,18971.617,433875.0,240
1717401600000,23842.964,12087.174,333783.0,240
1717416000000,89848.981,46080.693,1044750.0,240
1717430400000,29783.92,14872.762,400837.0,240
1717444800000,16821.033,8205.666,264533.0,240
1717459200000,16706.647,8315.691,268402.0,240
1717473600000,18637.534,9016.652,247222.0,240
1717488000000,23575.146,11568.684,315785.0,240
1717502400000,78555.551,40763.606999999996,932002.0,240
1717516800000,62356.225,31577.878,747397.0,240
1717531200000,16268.913,8519.203,241411.0,240
1717545600000,32305.489,16375.946,438091.0,240
1717560000000,29151.109,14309.782,370260.0,240
1717574400000,21436.375,10611.212,312092.0,240
1717588800000,64897.043,32719.791,757642.0,240
1717603200000,40647.493,19945.836,536630.0,240
1717617600000,15554.525,7387.621,234624.0,240
1717632000000,11201.699,5471.082,179054.0,240
1717646400000,16751.841,8584.417,217349.0,240
1717660800000,13937.128,7768.563,213135.0,240
1717675200000,51402.285,25264.506,632632.0,240
1717689600000,39348.23,17514.938000000002,483181.0,240
1717704000000,25842.381,12453.784,316653.0,240
1717718400000,13995.944,7036.168,180730.0,240
1717732800000,24968.269,12234.507,311195.0,240
1717747200000,22121.625,11431.99,297701.0,240
1717761600000,100822.73,50633.710999999996,1119209.0,240
1717776000000,118519.869,55732.401,1337250.0,240
1717790400000,18983.933,8940.791,266671.0,240
1717804800000,11099.128,4751.066,169059.0,240
1717819200000,11997.931,6497.339,177271.0,240
1717833600000,10018.737,4384.188,164653.0,240
1717848000000,17084.533,8811.796,223044.0,240
1717862400000,8497.079,4113.548,125691.0,240
1717876800000,7042.449,3164.733,111378.0,240
1717891200000,9319.249,4590.314,131151.0,240
1717905600000,6332.455,3258.229,104664.0,240
1717920000000,5060.3550000000005,2514.365,77828.0,240
1717934400000,27852.187,13965.19,315255.0,240
1717948800000,12632.597,6610.138,193358.0,240
1717963200000,6827.2570000000005,3273.855,128425.0,240
1717977600000,11282.926,5373.841,161073.0,240
1717992000000,16614.917,7601.74,205035.0,240
1718006400000,17219.525999999998,9313.104,202551.0,240
1718020800000,38901.997,20105.415,444944.0,240
1718035200000,28832.938000000002,13629.492,386252.0,240
1718049600000,14529.3,7437.255,204679.0,240
1718064000000,62972.141,29171.617,709224.0,240
1718078400000,54397.426,26042.55,628986.0,240
1718092800000,60250.278,27530.278,678583.0,240
1718107200000,69766.471,32456.71,807427.0,240
1718121600000,47244.306,23800.617,559484.0,240
1718136000000,17354.32,8312.776,217341.0,240
1718150400000,21465.281,10532.987,326312.0,240
1718164800000,15864.818,7212.944,206683.0,240
1718179200000,27553.384,14948.821,293797.0,240
1718193600000,109560.362,57078.342,1105551.0,240
1718208000000,123012.215,58953.145,1245202.0,240
1718222400000,32462.4,16572.316,364647.0,240
1718236800000,38476.862,18422.785,476574.0,240
1718251200000,20772.849,10461.293,278740.0,240
1718265600000,32346.314,16587.146,367044.0,240
1718280000000,104087.192,49840.642,1094098.0,240
1718294400000,39352.706,20240.548,496786.0,240
1718308800000,13319.538,6993.398,216813.0,240
1718323200000,21110.955,9575.717,306959.0,240
1718337600000,20208.27,10025.595,262447.0,240
1718352000000,20074.503,10377.943,275468.0,240
1718366400000,52927.484,25567.266,577562.0,240
1718380800000,90887.381,42402.443,926603.0,240
1718395200000,34202.638,17510.619,392970.0,240
1718409600000,10504.153,5269.975,141235.0,240
1718424000000,16019.55,7480.833,199626.0,240
1718438400000,11031.847,5507.694,135359.0,240
1718452800000,12929.953,6690.651,168108.0,240
1718467200000,9737.092,5109.707,138052.0,240
1718481600000,12201.16,5904.158,150898.0,240
1718496000000,7207.515,3326.21,91413.0,240
1718510400000,9128.799,4803.004,116053.0,240
1718524800000,21366.022,11076.038,228295.0,240
1718539200000,16369.949,8359.096,206190.0,240
1718553600000,9484.899,4476.86,119961.0,240
1718568000000,16804.367,8667.878,209790.0,240
1718582400000,26541.924,12831.628,334631.0,240
1718596800000,25463.109,12267.346,313604.0,240
1718611200000,38859.894,19494.987,448528.0,240
1718625600000,50595.447,24829.892,588841.0,240
1718640000000,79723.99,40515.065,833822.0,240
1718654400000,27236.423,13625.439,343013.0,240
1718668800000,89800.947,42170.984,970289.0,240
1718683200000,30746.917,14892.494,389250.0,240
1718697600000,24625.538,12034.323,304294.0,240
1718712000000,108649.661,53192.704,1048260.0,240
1718726400000,48259.975,23745.835,579905.0,240
1718740800000,33476.356,16696.938,410475.0,240
1718755200000,37949.606,19008.176,491672.0,240
1718769600000,25799.918,11689.283,300723.0,240
1718784000000,28912.285,13636.713,318135.0,240
1718798400000,27082.482,13303.128,327702.0,240
1718812800000,17320.406,8824.159,248966.0,240
1718827200000,12967.972,6666.954,178185.0,240
1718841600000,19929.713,9903.746,268318.0,240
1718856000000,34653.264,18278.13,376997.0,240
1718870400000,37258.526,19448.122,432563.0,240
1718884800000,82670.424,39778.412,874357.0,240
1718899200000,37216.049,18299.539,449118.0,240
1718913600000,9226.7,4405.453,134472.0,240
1718928000000,23077.355,10547.995,285017.0,240
1718942400000,23004.106,11236.458,283449.0,240
1718956800000,57148.359,27021.977,675478.0,240
1718971200000,60362.492,29424.285,731065.0,240
1718985600000,29552.670000000002,14893.329,391730.0,240
1719000000000,16964.619,7755.359,220952.0,240
1719014400000,10320.946,5136.52,159740.0,240
1719028800000,13520.233,7184.18,176418.0,240
1719043200000,13671.968,5763.883,133445.0,240
1719057600000,7200.476,3944.135,103253.0,240
1719072000000,4989.552,2325.022,75469.0,240
1719086400000,4152.687,1715.091,62903.0,240
1719100800000,9294.673999999999,4523.994,125061.0,240
1719115200000,4545.853,2334.204,74634.0,240
1719129600000,7086.881,3323.462,103394.0,240
1719144000000,12474.652,6002.873,161856.0,240
1719158400000,10422.264,5141.352,145712.0,240
1719172800000,28227.969,12894.529,341732.0,240
1719187200000,43033.616,21122.388,517599.0,240
1719201600000,49460.025,23608.522,546334.0,240
1719216000000,110919.968,51677.914,1085591.0,240
1719230400000,52488.693,25213.195,618080.0,240
1719244800000,120813.039,55274.682,1239659.0,240
1719259200000,69187.843,33153.455,736741.0,240
1719273600000,41969.855,21624.639,458181.0,240
1719288000000,33185.269,15367.744,342961.0,240
1719302400000,34675.875,18519.634000000002,375405.0,240
1719316800000,76703.109,37224.437,744441.0,240
1719331200000,63812.457,31776.996,632979.0,240
1719345600000,14300.752,7060.778,207424.0,240
1719360000000,22735.968,11679.696,308964.0,240
1719374400000,19736.078,10185.977,246959.0,240
1719388800000,26889.266,13299.013,313511.0,240
1719403200000,38176.787,18921.261,472522.0,240
1719417600000,47290.709,23278.597999999998,522851.0,240
1719432000000,15772.372,8182.265,207383.0,240
1719446400000,16213.431,8164.979,235599.0,240
1719460800000,16884.46,8298.6,231174.0,240
1719475200000,24181.569,13054.615,297198.0,240
1719489600000,67990.828,33334.517,731568.0,240
1719504000000,24189.502,12018.821,307054.0,240
1719518400000,10712.692000000001,5821.391,141394.0,240
1719532800000,27120.72,12856.07,329912.0,240
1719547200000,20978.587,10170.225,245573.0,240
1719561600000,21252.752,11698.644,243597.0,240
1719576000000,69596.468,34432.195,738365.0,240
1719590400000,40681.247,19231.201,503927.0,240
1719604800000,15878.351,8396.484,199637.0,240
1719619200000,25192.132,12669.724,256043.0,240
1719633600000,12412.104,6376.771,154618.0,240
1719648000000,15840.048,7940.382,171359.0,240
1719662400000,12366.272,5941.624,180857.0,240
1719676800000,6981.263,3389.667,124229.0,240
1719691200000,6888.47,3269.584,121018.0,240
1719705600000,11400.085,5679.947,173734.0,240
1719720000000,30029.87,16211.887,314888.0,240
1719734400000,17926.412,8872.477,224645.0,240
1719748800000,25442.248,13005.245,283530.0,240
1719763200000,21477.736,10909.041,252110.0,240
1719777600000,41501.564,22168.417,471269.0,240
1719792000000,49753.74,26158.497,551437.0,240
1719806400000,13560.88,6829.116,189032.0,240
1719820800000,26439.402000000002,12454.801,322953.0,240
1719835200000,40119.806,21711.604,449822.0,240
1719849600000,46436.922,23176.123,490556.0,240
1719864000000,17627.188,8526.489,202356.0,240
1719878400000,14302.824999999999,7608.798,194040.0,240
1719892800000,19063.833,9200.782,212062.0,240
1719907200000,26473.226,13840.753,274405.0,240
1719921600000,63689.49,30245.916,626479.0,240
1719936000000,29330.932,15072.009,314026.0,240
1719950400000,10240.937,5212.974,143075.0,240
1719964800000,55575.397,24725.334,551497.0,240
1719979200000,23185.153,11658.607,235732.0,240
1719993600000,81025.116,38882.003,747476.0,240
1720008000000,66329.351,32177.397,621714.0,240
1720022400000,38404.269,18366.485,410076.0,240
1720036800000,30783.979,15486.895,341480.0,240
1720051200000,99276.085,44372.706,961711.0,240
1720065600000,46231.188,21533.935,494155.0,240
1720080000000,97863.329,46614.17,1001772.0,240
1720094400000,110723.819,57125.205,1071179.0,240
1720108800000,42553.649,20844.726,506776.0,240
1720123200000,49008.207,21918.689,579332.0,240
1720137600000,163719.762,77312.134,1696464.0,240
1720152000000,128635.582,61804.375,1242486.0,240
1720166400000,78963.666,40073.138,879774.0,240
1720180800000,106044.317,54283.367,1148228.0,240
1720195200000,83444.612,39838.122,911376.0,240
1720209600000,16385.656,8045.017,307152.0,240
1720224000000,30655.656,14729.121,429028.0,240
1720238400000,26523.010000000002,13829.779,312813.0,240
1720252800000,17676.392,9094.601,247911.0,240
1720267200000,38884.253,20021.449,462214.0,240
1720281600000,37978.044,20703.124,448663.0,240
1720296000000,26862.667,15110.518,323961.0,240
1720310400000,38936.027,19117.402,415398.0,240
1720324800000,37722.788,17631.937,417548.0,240
1720339200000,23278.542,11935.686,324292.0,240
1720353600000,42475.284,20994.428,529036.0,240
1720368000000,22235.384000000002,11470.185,317313.0,240
1720382400000,45713.956,20432.992,532589.0,240
1720396800000,97328.846,48745.822,1059024.0,240
1720411200000,40128.204,20457.603,514621.0,240
1720425600000,124398.512,66214.8,1210699.0,240
1720440000000,131119.632,63621.172,1393434.0,240
1720454400000,44260.458,22286.17,589422.0,240
1720468800000,26871.305,13272.474,350056.0,240
1720483200000,45966.233,23549.769,578662.0,240
1720497600000,36022.582,17252.243,491683.0,240
1720512000000,42043.643000000004,21938.618,499152.0,240
1720526400000,74279.844,37679.753,856593.0,240
1720540800000,40891.309,20740.739,521167.0,240
1720555200000,18033.437,9328.598,275413.0,240
1720569600000,27261.073,13462.555,377540.0,240
1720584000000,69642.36,36820.108,780196.0,240
1720598400000,39133.753,18727.448,441882.0,240
1720612800000,68439.925,31873.775,808240.0,240
1720627200000,26039.13,12856.719,394268.0,240
1720641600000,23732.696,12663.923,295384.0,240
1720656000000,43339.762,22123.527,576379.0,240
1720670400000,25661.286,13092.703,363817.0,240
1720684800000,39948.267,21781.648,476305.0,240
1720699200000,131206.798,62574.794,1329194.0,240
1720713600000,31336.599000000002,15055.419,423581.0,240
1720728000000,21614.247,10689.522,323535.0,240
1720742400000,45049.617,22110.668,571237.0,240
1720756800000,27355.661,13579.404,332245.0,240
1720771200000,31049.857,15547.899,393777.0,240
1720785600000,59825.465000000004,30905.007,750048.0,240
1720800000000,49492.814,23545.68,555055.0,240
1720814400000,25327.202,12764.253,320996.0,240
1720828800000,11605.553,5634.323,180912.0,240
1720843200000,14463.35,7871.074,213512.0,240
1720857600000,34849.5,18666.502,415525.0,240
1720872000000,30158.627,15219.135,354044.0,240
1720886400000,17510.271,8666.905,236932.0,240
1720900800000,49297.021,26397.853,555439.0,240
1720915200000,31878.101,15713.689,418812.0,240
1720929600000,46649.503,24267.951,583637.0,240
1720944000000,26938.154,12803.417,354086.0,240
1720958400000,38864.156,19398.666,462609.0,240
1720972800000,10270.212,4953.374,177482.0,240
1720987200000,53460.757,30226.591,649164.0,240
1721001600000,79541.414,42264.87,901414.0,240
1721016000000,44695.396,23220.314,545402.0,240
1721030400000,44412.806,21785.19,502221.0,240
1721044800000,56556.02,29607.585,647836.0,240
1721059200000,70459.802,36177.241,786891.0,240
1721073600000,56556.743,31827.412,701025.0,240
1721088000000,33143.185,16503.834,445927.0,240
1721102400000,86305.499,41076.906,914717.0,240
1721116800000,66858.749,34512.43,723576.0,240
1721131200000,85549.043,44069.011,1006711.0,240
1721145600000,63666.014,31528.611,755972.0,240
1721160000000,39736.126,19567.343,526512.0,240
1721174400000,54516.165,28716.395,641443.0,240
1721188800000,30419.751,14402.574,406714.0,240
1721203200000,48428.987,23441.594,590009.0,240
1721217600000,64341.879,32519.335,751195.0,240
1721232000000,57856.457,28003.132,651125.0,240
1721246400000,21093.154,9991.562,293687.0,240
1721260800000,35420.27,18598.061,449807.0,240
1721275200000,22100.793,10262.699,295277.0,240
1721289600000,20655.775,10013.431,255437.0,240
1721304000000,79341.492,38025.953,832781.0,240
1721318400000,40122.803,20138.238,506983.0,240
1721332800000,18007.024,9923.999,229871.0,240
1721347200000,30771.327,15857.823,373982.0,240
1721361600000,28188.859,12650.908,332866.0,240
1721376000000,35395.006,18227.036,400543.0,240
1721390400000,93974.647,49434.197,996056.0,240
1721404800000,96570.502,51047.634,1038757.0,240
1721419200000,26959.464,12631.933,340574.0,240
1721433600000,22374.296,10849.334,292908.0,240
1721448000000,11307.037,5792.163,165189.0,240
1721462400000,11122.777,5845.352,156884.0,240
1721476800000,17627.83,9094.124,227341.0,240
1721491200000,41238.669,21939.559,513353.0,240
1721505600000,19893.797,8742.019,268827.0,240
1721520000000,13108.955,6477.326,196846.0,240
1721534400000,18387.329,8393.423999999999,255481.0,240
1721548800000,11562.755,6021.567,184731.0,240
1721563200000,31277.597999999998,16125.477,398748.0,240
1721577600000,89763.164,45284.182,1014849.0,240
1721592000000,43128.570999999996,22927.881,600203.0,240
1721606400000,29357.1,14187.199,395434.0,240
1721620800000,26807.626,12496.719,372536.0,240
1721635200000,20838.304,10517.404,312695.0,240
1721649600000,56104.431,27639.603,714092.0,240
1721664000000,34521.383,17906.49,466620.0,240
1721678400000,25362.547,12225.981,399933.0,240
1721692800000,20135.362,9397.869,294704.0,240
1721707200000,45758.851,21623.483,559523.0,240
1721721600000,34676.727,17068.701,445177.0,240
1721736000000,86188.637,42967.574,1003677.0,240
1721750400000,57758.536,28668.185,733549.0,240
1721764800000,25912.567,13652.616,363846.0,240
1721779200000,23229.873,11522.121,328111.0,240
1721793600000,16527.006,8105.432,235642.0,240
1721808000000,28364.608,14159.507,349668.0,240
1721822400000,64013.824,32783.954,716646.0,240
1721836800000,46286.693,22464.514,550631.0,240
1721851200000,36657.417,17590.936,485860.0,240
1721865600000,86228.936,38582.26,911439.0,240
1721880000000,29134.565,14291.675,333944.0,240
1721894400000,32232.038,16529.409,392955.0,240
1721908800000,85867.664,42443.163,926828.0,240
1721923200000,43249.638,21323.129,587075.0,240
1721937600000,42972.6,23168.694,535585.0,240
1721952000000,54322.043,27578.243,659673.0,240
1721966400000,27381.084,13620.159,318208.0,240
1721980800000,25036.72,12497.35,289794.0,240
1721995200000,69433.176,35059.665,791207.0,240
1722009600000,30157.705,15317.758,396332.0,240
1722024000000,29053.798,14408.503,335078.0,240
1722038400000,15182.442000000001,7244.647,202620.0,240
1722052800000,17714.409,9631.112,195890.0,240
1722067200000,14552.231,7003.172,189704.0,240
1722081600000,69130.287,35760.254,753077.0,240
1722096000000,61397.72,29631.07,679818.0,240
1722110400000,153005.558,78082.804,1634117.0,240
1722124800000,22253.123,11122.682999999999,300692.0,240
1722139200000,25149.842,12472.777,303341.0,240
1722153600000,18990.816,9866.498,236977.0,240
1722168000000,21697.193,9990.949,284586.0,240
1722182400000,15542.059,8184.644,220707.0,240
1722196800000,13280.902,6259.661,196205.0,240
1722211200000,64456.552,34288.08,737579.0,240
1722225600000,28440.561,14873.636,383906.0,240
1722240000000,23274.384,12207.707,288372.0,240
1722254400000,122246.26299999999,58712.311,1264762.0,240
1722268800000,102883.789,48510.414,1050385.0,240
1722283200000,31236.269,14480.187,367657.0,240
1722297600000,53988.278,26511.45,636424.0,240
1722312000000,23753.397,12128.827,283360.0,240
1722326400000,23447.894,10899.325,274683.0,240
1722340800000,66028.538,32213.165,728919.0,240
1722355200000,47748.809,23528.566,555150.0,240
1722369600000,31584.128,14321.2,371940.0,240
1722384000000,19978.559,10028.578,261887.0,240
1722398400000,40885.994,20661.279,417851.0,240
1722412800000,19153.975,9454.186,226136.0,240
1722427200000,46270.954,23193.878,530132.0,240
1722441600000,71073.914,33564.347,802247.0,240
1722456000000,49026.05,23867.999,616679.0,240
1722470400000,53076.972,24008.472,623695.0,240
1722484800000,43263.551,21255.629,462948.0,240
1722499200000,20514.248,10295.653,263748.0,240
1722513600000,101176.37299999999,46570.972,1009934.0,240
1722528000000,81788.779,39805.695,955620.0,240
1722542400000,72834.667,37573.898,831803.0,240
1722556800000,52628.167,24538.866,693189.0,240
1722571200000,35151.989,16953.883,537663.0,240
1722585600000,33125.652,17529.236,458293.0,240
1722600000000,162016.878,79232.789,1658551.0,240
1722614400000,57246.326,27694.971,759366.0,240
1722628800000,81459.408,37802.625,964314.0,240
1722643200000,65725.345,32440.165,738574.0,240
1722657600000,19226.551,9376.24,245410.0,240
1722672000000,19753.37,9641.025,242540.0,240
1722686400000,42750.029,18978.686,484676.0,240
1722700800000,100562.58,48941.353,1081531.0,240
1722715200000,42452.081,21680.03,523469.0,240
1722729600000,23040.242,11604.495,307226.0,240
1722744000000,18248.526,9060.315,237665.0,240
1722758400000,25833.958,13922.214,300940.0,240
1722772800000,81031.408,36362.935,812457.0,240
1722787200000,141030.817,68236.987,1322645.0,240
1722801600000,50327.464,23874.094,620294.0,240
1722816000000,295951.64400000003,141145.099,2983036.0,240
1722830400000,285579.138,138505.883,2971622.0,240
1722844800000,170229.54,84205.946,1774375.0,240
1722859200000,313707.062,157321.259,3498322.0,240
1722873600000,141719.563,70349.455,1676836.0,240
1722888000000,74795.078,36521.215,963847.0,240
1722902400000,75090.615,38251.444,1012301.0,240
1722916800000,46375.502,23244.228,765498.0,240
1722931200000,69864.431,34048.29,1037851.0,240
1722945600000,126550.5,64473.637,1585110.0,240
1722960000000,68281.366,34937.353,936503.0,240
1722974400000,49791.025,24253.778,696938.0,240
1722988800000,65654.654,34049.373999999996,828879.0,240
1723003200000,36392.101,17603.605,538777.0,240
1723017600000,57955.694,31033.150999999998,727898.0,240
1723032000000,92698.036,44746.827,1124203.0,240
1723046400000,72193.669,35595.955,936229.0,240
1723060800000,52548.386,24888.783,685532.0,240
1723075200000,78167.269,41514.218,966411.0,240
1723089600000,34216.433,17782.097,482751.0,240
1723104000000,31182.131,15582.942000000001,436527.0,240
1723118400000,161033.47,83820.911,1824457.0,240
1723132800000,61744.498999999996,31435.564,805587.0,240
1723147200000,103773.706,58370.881,1219871.0,240
1723161600000,45368.076,21937.408,589199.0,240
1723176000000,32873.145,16258.21,442202.0,240
1723190400000,44404.398,21409.735,582821.0,240
1723204800000,95689.828,46535.173,1178944.0,240
1723219200000,44486.156,23818.268,573918.0,240
1723233600000,45852.736,24049.663,596038.0,240
1723248000000,32792.529,16454.672,475813.0,240
1723262400000,13222.181,6908.933,219047.0,240
1723276800000,20424.968,9491.507,301478.0,240
1723291200000,17862.337,8305.57,274675.0,240
1723305600000,21578.607,11534.464,297260.0,240
1723320000000,9712.732,4628.697,178878.0,240
1723334400000,16049.514,8228.125,255117.0,240
1723348800000,14422.756,6786.058,215649.0,240
1723363200000,42331.908,20245.595,550400.0,240
1723377600000,39701.126,19770.042,578958.0,240
1723392000000,24736.746,12335.506,397132.0,240
1723406400000,65297.026,31164.643,946540.0,240
1723420800000,34275.824,17245.145,577555.0,240
1723435200000,40522.628,19712.27,615027.0,240
1723449600000,61662.719,31719.719,858541.0,240
1723464000000,143983.432,71317.229,1649478.0,240
1723478400000,53835.075,26668.903,764577.0,240
1723492800000,32846.612,16590.961,527878.0,240
1723507200000,33883.54,16151.899,545261.0,240
1723521600000,18668.52,9492.593,338157.0,240
1723536000000,27235.168,13289.332,442170.0,240
1723550400000,58301.15,28584.079,843494.0,240
1723564800000,93646.839,49186.784999999996,1133233.0,240
1723579200000,24199.504,12085.093,364321.0,240
1723593600000,21570.953999999998,10644.148,369223.0,240
1723608000000,18265.191,8964.253999999999,296108.0,240
1723622400000,29257.399,14976.779,461859.0,240
1723636800000,157618.112,76565.17,1684278.0,240
1723651200000,47736.564,21842.057,668948.0,240
1723665600000,21214.588,9984.957,345008.0,240
1723680000000,35121.967,17703.058,514121.0,240
1723694400000,33573.459,16152.367,494764.0,240
1723708800000,30951.155,15642.929,433113.0,240
1723723200000,81773.999,40297.853,989615.0,240
1723737600000,114222.529,52871.189,1341436.0,240
1723752000000,65172.837,32742.557,781432.0,240
1723766400000,42608.887,21788.667,550433.0,240
1723780800000,26572.525,13348.596,380555.0,240
1723795200000,28098.257,14111.268,383422.0,240
1723809600000,87458.985,43658.644,1088186.0,240
1723824000000,60447.637,31118.388,795845.0,240
1723838400000,23570.238,11329.944,333936.0,240
1723852800000,16955.085,8925.839,252481.0,240
1723867200000,8228.101,4198.687,144726.0,240
1723881600000,13687.324,6603.581,197020.0,240
1723896000000,18213.242,9342.562,252623.0,240
1723910400000,12678.586,6628.226,196585.0,240
1723924800000,7323.194,3578.1,134945.0,240
1723939200000,34857.959,17736.01,445340.0,240
1723953600000,13583.873,7010.996,206124.0,240
1723968000000,29934.066,15504.615,364929.0,240
1723982400000,22362.047,10731.211,313182.0,240
1723996800000,18061.423,8797.876,245463.0,240
1724011200000,30860.896,14486.898,413663.0,240
1724025600000,36689.134,18404.038,511842.0,240
1724040000000,17094.209,8660.56,255545.0,240
1724054400000,41220.822,19518.262,492296.0,240
1724068800000,56087.605,27961.524,685200.0,240
1724083200000,39519.485,20256.821,598038.0,240
1724097600000,23431.884000000002,11930.479,342417.0,240
1724112000000,51764.706,27964.245,735413.0,240
1724126400000,38075.289,19813.809,551811.0,240
1724140800000,23776.837,11236.72,346434.0,240
1724155200000,109188.639,53238.972,1271064.0,240
1724169600000,41313.283,21169.689,541418.0,240
1724184000000,22930.376,10889.089,340992.0,240
1724198400000,20416.045,9752.302,325068.0,240
1724212800000,16832.524,8759.786,248967.0,240
1724227200000,30713.81,14514.228,427631.0,240
1724241600000,89664.322,44240.613,1133850.0,240
1724256000000,69687.927,36754.36,920752.0,240
1724270400000,43269.051,21493.014,612080.0,240
1724284800000,45566.023,22293.231,570976.0,240
1724299200000,23500.574,12027.748,378487.0,240
1724313600000,28590.7,14185.317,392698.0,240
1724328000000,71562.025,34328.936,894136.0,240
1724342400000,28524.433,14353.971,436286.0,240
1724356800000,13355.204,6620.834,223872.0,240
1724371200000,19144.284,9879.699,277789.0,240
1724385600000,28205.46,15338.997,381769.0,240
1724400000000,27019.442,13179.657,370989.0,240
1724414400000,126207.328,63552.206,1406878.0,240
1724428800000,115228.93000000001,59974.525,1333387.0,240
1724443200000,66685.265,35540.435,871545.0,240
1724457600000,22317.765,11022.128,338818.0,240
1724472000000,19125.053,10589.876,257091.0,240
1724486400000,22828.946,10589.446,294701.0,240
1724500800000,19592.894,9633.155,286968.0,240
1724515200000,24371.542,12858.883,381306.0,240
1724529600000,24505.702,11982.222,358212.0,240
1724544000000,22855.305,10972.212,363127.0,240
1724558400000,14721.603000000001,6872.554,221683.0,240
1724572800000,12960.856,6755.066,198302.0,240
1724587200000,16885.471,9094.082,228122.0,240
1724601600000,8486.783,4120.035,139596.0,240
1724616000000,39636.87,20955.869,487516.0,240
1724630400000,23198.666,11333.724,353926.0,240
1724644800000,21222.012,10367.535,299918.0,240
1724659200000,33534.559,16501.52,430392.0,240
1724673600000,54988.264,26371.252,728520.0,240
1724688000000,35175.091,17706.797,479182.0,240
1724702400000,27858.63,13512.002,377593.0,240
1724716800000,29706.099,15144.47,417475.0,240
1724731200000,20401.076,9921.123,276517.0,240
1724745600000,39119.07,19009.48,488663.0,240
1724760000000,76715.331,36880.77,900105.0,240
1724774400000,33637.142,17321.166,446201.0,240
1724788800000,139691.087,62835.916,1619374.0,240
1724803200000,38342.376,19460.962,551757.0,240
1724817600000,29969.699,13427.214,409759.0,240
1724832000000,49925.701,25963.976,628907.0,240
1724846400000,75714.471,36396.26,901965.0,240
1724860800000,82316.682,40379.844,977824.0,240
1724875200000,37519.638,18480.017,535956.0,240
1724889600000,16919.526,8170.925,274787.0,240
1724904000000,19489.42,9779.57,293671.0,240
1724918400000,34525.878,18658.401,468236.0,240
1724932800000,61927.272,31421.699,849556.0,240
1724947200000,74013.459,34719.233,942217.0,240
1724961600000,27021.13,13414.123,391634.0,240
1724976000000,22767.268,10622.432,341994.0,240
1724990400000,31797.878,16777.705,385213.0,240
1725004800000,22816.7,11389.012,305646.0,240
1725019200000,106557.21,51498.313,1289753.0,240
1725033600000,69320.59,34279.757,884625.0,240
1725048000000,15016.823,7678.019,238699.0,240
1725062400000,11958.45,5829.271,198699.0,240
1725076800000,8559.326000000001,4023.632,140666.0,240
1725091200000,13321.559,6808.889,197067.0,240
1725105600000,13422.2,6429.806,208017.0,240
1725120000000,13929.987000000001,6897.335,228237.0,240
1725134400000,7675.152,4033.624,128240.0,240
1725148800000,21088.037,10254.502,313438.0,240
1725163200000,36976.487,17421.585,479123.0,240
1725177600000,23778.603,11783.556,323963.0,240
1725192000000,64849.981,31527.582,778209.0,240
1725206400000,31892.443,15813.439,464586.0,240
1725220800000,44324.363,21111.831,614069.0,240
1725235200000,40517.859,20600.377,532197.0,240
1725249600000,22388.633,11236.862,343516.0,240
1725264000000,49492.531,25551.15,650091.0,240
1725278400000,37132.393,19447.400999999998,504814.0,240
1725292800000,15329.088,7966.278,276142.0,240
1725307200000,36357.88,20383.439,484735.0,240
1725321600000,33235.22,16226.099,428372.0,240
1725336000000,21946.896,10984.707,294873.0,240
1725350400000,20272.022,9993.568,291282.0,240
1725364800000,88841.444,42882.914,1028873.0,240
1725379200000,42995.514,22558.839,536303.0,240
1725393600000,22905.401,9889.862,323373.0,240
1725408000000,96559.93,44788.377,1071715.0,240
1725422400000,36160.82,18554.453,446735.0,240
1725436800000,24166.838,11674.446,318723.0,240
1725451200000,98800.802,51104.98,1101946.0,240
1725465600000,53202.151,27333.247,689801.0,240
1725480000000,18092.77,9077.033,276431.0,240
1725494400000,43700.153,20901.793,515121.0,240
1725508800000,36290.493,17384.423,422928.0,240
1725523200000,28862.997,14544.815,368629.0,240
1725537600000,114809.769,55086.369,1284261.0,240
1725552000000,46207.195,22648.393,654100.0,240
1725566400000,24832.985,11634.035,378935.0,240
1725580800000,31267.057,15363.76,438724.0,240
1725595200000,48647.469,22604.559,592993.0,240
1725609600000,37288.305,17494.694,445350.0,240
1725624000000,199654.457,95294.994,2273746.0,240
1725638400000,95828.271,47023.925,1211111.0,240
1725652800000,66377.554,31245.91,874567.0,240
1725667200000,16109.681,7307.048,257502.0,240
1725681600000,26886.448,13476.641,341481.0,240
1725696000000,16932.707,7605.698,243631.0,240
1725710400000,23152.43,11455.943,338051.0,240
1725724800000,26559.311,12683.057,345799.0,240
1725739200000,18046.017,8953.574,263062.0,240
1725753600000,16385.479,8447.297,217324.0,240
1725768000000,13982.548,6701.675,204957.0,240
1725782400000,15369.003999999999,7493.149,220670.0,240
1725796800000,41767.656,18600.722,487315.0,240
1725811200000,25558.946,13497.218,340693.0,240
1725825600000,49014.903,25353.986,589267.0,240
1725840000000,34856.397,17027.888,528816.0,240
1725854400000,25144.536,12437.241,342412.0,240
1725868800000,35621.185,18676.676,441898.0,240
1725883200000,77478.1,39952.102,879403.0,240
1725897600000,89138.154,46470.269,1015159.0,240
1725912000000,50855.989,27245.121,630143.0,240
1725926400000,25864.71,12945.710000000001,361180.0,240
1725940800000,28066.767,14910.44,362110.0,240
1725955200000,26303.665,12698.546,363428.0,240
1725969600000,68550.308,32832.357,903491.0,240
1725984000000,58356.336,30242.25,757274.0,240
1725998400000,21175.89,10484.514,318986.0,240
1726012800000,45303.418,22828.542,612935.0,240
1726027200000,42336.08,20663.645,547188.0,240
1726041600000,32736.378,16679.197,461359.0,240
1726056000000,129132.61,62410.404,1490537.0,240
1726070400000,74115.014,36803.581,975354.0,240
1726084800000,14607.945,7150.945,252217.0,240
1726099200000,49947.024,26378.431,682079.0,240
1726113600000,24243.847,12530.435,369937.0,240
1726128000000,22402.437,11655.486,315926.0,240
1726142400000,95837.316,47482.743,1125390.0,240
1726156800000,46353.896,23071.655,609023.0,240
1726171200000,22665.168,11942.621,331256.0,240
1726185600000,16460.526,7491.7390000000005,252524.0,240
1726200000000,16302.311,8639.586,221484.0,240
1726214400000,25215.501,11945.347,317471.0,240
1726228800000,115499.474,61121.736,1146809.0,240
1726243200000,61622.676999999996,31170.539,760058.0,240
1726257600000,42329.003,22706.099000000002,590902.0,240
1726272000000,15486.844,7323.811,247326.0,240
1726286400000,17391.535,8473.844,252482.0,240
1726300800000,19441.411,8997.375,271785.0,240
1726315200000,17932.901,9141.245,247694.0,240
1726329600000,20367.115,9634.699,284681.0,240
1726344000000,11960.771,6245.133,193234.0,240
1726358400000,11165.607,5872.394,172257.0,240
1726372800000,7003.375,3415.506,115661.0,240
1726387200000,11882.577,5663.885,170243.0,240
1726401600000,25224.832,13306.654,327184.0,240
1726416000000,29765.693,14747.35,393067.0,240
1726430400000,45482.122,20892.414,558025.0,240
1726444800000,54220.709,27026.773,692340.0,240
1726459200000,26326.722,13540.486,328831.0,240
1726473600000,28655.98,14143.917,356019.0,240
1726488000000,71193.929,33804.689,839410.0,240
1726502400000,48106.279,24357.523,584306.0,240
1726516800000,22195.813000000002,11491.333,318193.0,240
1726531200000,26540.64,12176.648,341187.0,240
1726545600000,23933.192,12590.189,303822.0,240
1726560000000,37558.458,18438.036,433361.0,240
1726574400000,138114.453,74773.246,1419302.0,240
1726588800000,66312.487,31431.937,843767.0,240
1726603200000,25982.836,13240.934,374227.0,240
1726617600000,27659.69,14683.856,399020.0,240
1726632000000,18106.577,8970.861,244683.0,240
1726646400000,42775.42,20338.677,480987.0,240
1726660800000,56105.508,27424.121,664780.0,240
1726675200000,158110.08000000002,79262.974,1766553.0,240
1726689600000,52972.037,27876.541,629854.0,240
1726704000000,71083.208,36402.9,817372.0,240
1726718400000,23263.94,11908.207,295494.0,240
1726732800000,40249.506,21248.521,458705.0,240
1726747200000,85542.087,43548.13,975616.0,240
1726761600000,56180.057,28195.597,711394.0,240
1726776000000,26063.614,13165.07,341170.0,240
1726790400000,32841.521,17858.329,439303.0,240
1726804800000,52132.864,26136.998,619877.0,240
1726819200000,35056.918,16130.626,373911.0,240
1726833600000,79408.734,38264.246,909945.0,240
1726848000000,41022.336,19661.465,519121.0,240
1726862400000,16710.462,9344.475,229105.0,240
1726876800000,17298.311,8433.17,235816.0,240
1726891200000,12981.75,6628.303,170247.0,240
1726905600000,8566.426,4127.42,125736.0,240
1726920000000,14099.266,7385.157,196635.0,240
1726934400000,12565.693,6176.044,174788.0,240
1726948800000,12736.916,6638.972,170661.0,240
1726963200000,19579.364,9639.602,250194.0,240
1726977600000,10743.317000000001,5421.76,148644.0,240
1726992000000,22546.486,10603.5,270190.0,240
1727006400000,19079.416,8841.857,270230.0,240
1727020800000,22456.101,11921.593,283408.0,240
1727035200000,54725.2,28631.328,693776.0,240
1727049600000,74683.458,38317.233,923553.0,240
1727064000000,35083.345,16239.258,419324.0,240
1727078400000,21731.18,11056.714,305401.0,240
1727092800000,56370.517,28311.909,723951.0,240
1727107200000,28820.318,13423.817000000001,409262.0,240
1727121600000,17654.746,8942.425000000001,252846.0,240
1727136000000,34882.224,17141.909,463657.0,240
1727150400000,18863.348,10057.076,245321.0,240
1727164800000,32217.024,15807.06,373634.0,240
1727179200000,63631.464,30047.599,725656.0,240
1727193600000,49015.976,26013.979,559078.0,240
1727208000000,38377.592,19394.26,487363.0,240
1727222400000,29755.753,14999.203,399466.0,240
1727236800000,25639.113,12029.122,306070.0,240
1727251200000,30911.433,15049.059,316622.0,240
1727265600000,39594.067,18844.903,498169.0,240
1727280000000,37305.727,18916.942,451414.0,240
1727294400000,21744.679,9740.214,297821.0,240
1727308800000,36878.788,17730.948,434794.0,240
1727323200000,22609.118,11397.66,279852.0,240
1727337600000,46849.777,24619.918,505675.0,240
1727352000000,130644.247,67329.306,1294370.0,240
1727366400000,56313.884,28040.09,704104.0,240
1727380800000,27890.542,14996.585,382501.0,240
1727395200000,25651.759000000002,13189.091,352436.0,240
1727409600000,26033.49,12466.834,340519.0,240
1727424000000,41461.345,21142.751,504943.0,240
1727438400000,76731.833,39702.466,890342.0,240
1727452800000,43546.194,22129.709,540890.0,240
1727467200000,12979.4,6664.048,199134.0,240
1727481600000,15236.279,8126.726,226025.0,240
1727496000000,12621.823,5651.863,180879.0,240
1727510400000,19888.929,9354.336,257938.0,240
1727524800000,20472.053,9380.409,260462.0,240
1727539200000,9155.286,4985.927,145975.0,240
1727553600000,15399.183,7858.143,209358.0,240
1727568000000,12438.833,5887.731,196112.0,240
1727582400000,12286.502,5764.524,185073.0,240
1727596800000,11851.759,6420.372,170711.0,240
1727611200000,17725.988,8591.659,257707.0,240
1727625600000,12855.578,7319.401,180540.0,240
1727640000000,20973.139,10121.438,304530.0,240
1727654400000,69881.834,32533.907,795998.0,240
1727668800000,24981.714,12825.476999999999,337776.0,240
1727683200000,76458.979,36839.895,825870.0,240
1727697600000,48875.81,23440.768,637045.0,240
1727712000000,45469.704,22243.367,621838.0,240
1727726400000,31180.332,14394.445,428108.0,240
1727740800000,30145.062,14584.393,453731.0,240
1727755200000,23523.665,12351.748,319342.0,240
1727769600000,18586.91,8340.397,272041.0,240
1727784000000,149631.728,69820.787,1568342.0,240
1727798400000,126786.01,59556.145,1480263.0,240
1727812800000,81144.46,37388.203,996440.0,240
1727827200000,37462.528,20418.69,480603.0,240
1727841600000,27147.209,13956.662,387429.0,240
1727856000000,42121.394,19787.933,559503.0,240
1727870400000,91786.77,48623.024,1144214.0,240
1727884800000,93642.638,44467.702,1234491.0,240
1727899200000,34841.266,18058.955,596780.0,240
1727913600000,31925.503,16552.843,513486.0,240
1727928000000,24875.301,11693.42,363697.0,240
1727942400000,53727.324,25956.014,731361.0,240
1727956800000,101228.614,50347.01,1379384.0,240
1727971200000,55409.577,28298.404,758681.0,240
1727985600000,18970.893,9595.141,324037.0,240
1728000000000,29090.101,15092.327,462053.0,240
1728014400000,21411.632,11663.319,305308.0,240
1728028800000,24727.149,12425.223,336352.0,240
1728043200000,97099.192,47542.968,1219855.0,240
1728057600000,46119.924,23234.139,616532.0,240
1728072000000,16347.838,7966.275,251680.0,240
1728086400000,15990.326,7578.751,239924.0,240
1728100800000,11996.567,6467.896,184297.0,240
1728115200000,8605.565,4195.063,146574.0,240
1728129600000,11275.172,5304.266,185511.0,240
1728144000000,15845.23,7248.152,224277.0,240
1728158400000,10617.921,5560.525,184560.0,240
1728172800000,8978.768,4330.308,154106.0,240
1728187200000,6470.994,3342.392,112086.0,240
1728201600000,8955.265,4797.71,136783.0,240
1728216000000,32004.279,17089.21,430604.0,240
1728230400000,20697.883,10669.107,327485.0,240
1728244800000,19306.264,9556.876,299141.0,240
1728259200000,53427.045,29156.694,674217.0,240
1728273600000,19040.589,9600.35,275804.0,240
1728288000000,46007.292,22375.682,553350.0,240
1728302400000,92256.761,47011.766,1041518.0,240
1728316800000,46946.801,23137.906,657777.0,240
1728331200000,41270.887,19126.396,528042.0,240
1728345600000,28564.66,14665.832,397867.0,240
1728360000000,35539.487,17081.482,436157.0,240
1728374400000,20264.489,10541.043,305546.0,240
1728388800000,84886.204,42007.63,991782.0,240
1728403200000,42234.458,21672.39,608133.0,240
1728417600000,14787.061,7417.736,268303.0,240
1728432000000,19352.949,9697.397,350420.0,240
1728446400000,14632.884,6622.69,222283.0,240
1728460800000,16509.769,8578.005,244430.0,240
1728475200000,64587.868,31133.745,826038.0,240
1728489600000,60119.581,27717.415,730282.0,240
1728504000000,42099.122,18743.834,551149.0,240
1728518400000,25500.217,13014.18,353769.0,240
1728532800000,15827.297,8496.044,227474.0,240
1728547200000,27636.423,14202.175,372029.0,240
1728561600000,67108.376,31821.462,843940.0,240
1728576000000,99979.096,45372.461,1120500.0,240
1728590400000,26896.244,13762.403,375716.0,240
1728604800000,26586.058,13558.445,347356.0,240
1728619200000,19170.546,9321.589,248392.0,240
1728633600000,29003.451,14723.483,339004.0,240
1728648000000,87805.333,46658.578,905558.0,240
1728662400000,75652.829,39885.021,793896.0,240
1728676800000,25472.925,12530.909,353730.0,240
1728691200000,23211.182,12003.823,305283.0,240
1728705600000,10128.848,5569.21,163311.0,240
1728720000000,17567.587,9066.803,246720.0,240
1728734400000,26797.661,13509.5,375607.0,240
1728748800000,16359.048,7729.155,254132.0,240
1728763200000,8720.08,4718.153,157851.0,240
1728777600000,22542.817,10067.735,287206.0,240
1728792000000,9250.078,4918.829,146148.0,240
1728806400000,13355.855,6357.7,205423.0,240
1728820800000,32569.283,16115.77,396894.0,240
1728835200000,33647.995,17958.212,403471.0,240
1728849600000,18330.128,9633.468,297830.0,240
1728864000000,49743.051,28206.672,637674.0,240
1728878400000,63161.449,33599.203,731437.0,240
1728892800000,53429.685,27060.759,664810.0,240
1728907200000,97129.105,50251.51,1112916.0,240
1728921600000,41167.572,20904.732,528619.0,240
1728936000000,33620.739,18318.379,426445.0,240
1728950400000,30836.404,13989.751,441386.0,240
1728964800000,27701.846,14270.771,388964.0,240
1728979200000,26501.689,12290.735,396605.0,240
1728993600000,218343.805,112384.329,2248934.0,240
1729008000000,78846.996,40153.366,1004976.0,240
1729022400000,39774.771,19436.578,542907.0,240
1729036800000,31340.546,15393.978000000001,504317.0,240
1729051200000,24048.074,11744.75,394100.0,240
1729065600000,67489.134,37139.356,845540.0,240
1729080000000,85352.33,42287.042,1225384.0,240
1729094400000,30240.739,15059.807,518441.0,240
1729108800000,15682.678,8172.483,274592.0,240
1729123200000,23822.274,12017.11,365396.0,240
1729137600000,27116.955,13102.232,399426.0,240
1729152000000,34930.909999999996,16497.085,492389.0,240
1729166400000,75033.595,38243.691,993760.0,240
1729180800000,42147.009,19989.248,624528.0,240
1729195200000,17222.094,9084.026,275423.0,240
1729209600000,42849.602,21996.607,589350.0,240
1729224000000,35988.833,18424.833,482402.0,240
1729238400000,20054.459,10159.88,323083.0,240
1729252800000,82701.774,43240.238,1043903.0,240
1729267200000,44954.462,21713.357,613992.0,240
1729281600000,18752.631,9171.398,289163.0,240
1729296000000,14128.924,7269.902,233651.0,240
1729310400000,9447.218,4417.594,156485.0,240
1729324800000,13259.148,5698.757,196704.0,240
1729339200000,12650.205,6722.987,201121.0,240
1729353600000,9668.409,4611.322,158737.0,240
1729368000000,9478.204,4630.931,154361.0,240
1729382400000,9136.247,4165.417,149204.0,240
1729396800000,10766.222,5759.902,134471.0,240
1729411200000,7315.345,3662.773,111917.0,240
1729425600000,26395.008,13466.274,348066.0,240
1729440000000,9301.881,4562.086,139836.0,240
1729454400000,43024.789,23526.707,608465.0,240
1729468800000,37444.311,18738.378,517848.0,240
1729483200000,26063.349,12551.262,361186.0,240
1729497600000,27692.483,12801.496,427067.0,240
1729512000000,97480.381,46633.982,1161752.0,240
1729526400000,45291.764,23143.522,619500.0,240
1729540800000,19465.045,9043.839,307450.0,240
1729555200000,42456.35,19984.954,587033.0,240
1729569600000,17437.114,8383.89,267506.0,240
1729584000000,41352.412000000004,19816.327,596464.0,240
1729598400000,69808.374,34769.391,900496.0,240
1729612800000,29595.381,14942.130000000001,438726.0,240
1729627200000,17869.346,8604.828,261048.0,240
1729641600000,18075.878,8698.535,297114.0,240
1729656000000,18800.014,9204.197,301232.0,240
1729670400000,47764.715000000004,21482.082,584635.0,240
1729684800000,61638.876000000004,30526.987,792431.0,240
1729699200000,80361.232,39247.214,980248.0,240
1729713600000,21574.343,10373.617,317918.0,240
1729728000000,37890.497,19129.668,526280.0,240
1729742400000,17146.619,7596.804,258049.0,240
1729756800000,28291.929,14076.866,406393.0,240
1729771200000,58248.604,29509.561999999998,809181.0,240
1729785600000,35683.92,18408.834,488582.0,240
1729800000000,35079.153,18146.714,466759.0,240
1729814400000,21316.585,10022.616,312992.0,240
1729828800000,30679.87,13789.966,394852.0,240
1729843200000,29234.239,15260.591,364766.0,240
1729857600000,69478.441,33739.61,860300.0,240
1729872000000,130344.496,62186.839,1353541.0,240
1729886400000,67458.24,32089.615999999998,819869.0,240
1729900800000,27492.406,13736.196,437833.0,240
1729915200000,14541.648,6723.876,219190.0,240
1729929600000,11608.638,6153.0199999999995,185761.0,240
1729944000000,18967.953,9366.845,315318.0,240
1729958400000,10647.402,5651.966,183756.0,240
1729972800000,10911.945,5699.539,180775.0,240
1729987200000,8720.051,4656.968,157815.0,240
1730001600000,5970.87,2671.488,106624.0,240
1730016000000,7730.454,4004.47,123392.0,240
1730030400000,26035.204999999998,14442.699,372046.0,240
1730044800000,16831.536,8468.225,262986.0,240
1730059200000,23180.692,11570.476,340627.0,240
1730073600000,17259.456,8718.421,275129.0,240
1730088000000,31198.170000000002,16691.722,412370.0,240
1730102400000,31556.121,16144.395,400544.0,240
1730116800000,73534.015,37611.371,940913.0,240
1730131200000,71038.675,39214.632,837920.0,240
1730145600000,31542.185,17474.349,468078.0,240
1730160000000,70969.906,38240.518,888519.0,240
1730174400000,27074.597,13390.638,380786.0,240
1730188800000,27038.505,14789.437,361303.0,240
1730203200000,101844.283,52063.973,1175398.0,240
1730217600000,111067.51,57964.488,1348507.0,240
1730232000000,44507.259,22576.245,641781.0,240
1730246400000,28141.259,13526.35,433301.0,240
1730260800000,18203.431,8983.780999999999,284256.0,240
1730275200000,28224.538,13230.341,394637.0,240
1730289600000,69872.822,34870.077,978314.0,240
1730304000000,25715.669,13143.695,427927.0,240
1730318400000,56951.089,29456.842,731036.0,240
1730332800000,19966.004,9804.205,337751.0,240
1730347200000,12421.816,5898.374,215692.0,240
1730361600000,25593.011,12431.643,337118.0,240
1730376000000,108897.549,51560.123,1335799.0,240
1730390400000,54149.039,25710.662,806503.0,240
1730404800000,35457.909,17327.493,545595.0,240
1730419200000,61743.169,27596.009000000002,829968.0,240
1730433600000,21979.496,10844.889,368433.0,240
1730448000000,33299.189,17136.025,471235.0,240
1730462400000,132614.932,64059.415,1513133.0,240
1730476800000,82079.073,40619.951,1086396.0,240
1730491200000,20875.229,10148.9,349025.0,240
1730505600000,13396.546,6987.6539999999995,232441.0,240
1730520000000,9480.066,4837.183,178992.0,240
1730534400000,9919.876,4679.165,189281.0,240
1730548800000,25701.195,12390.202,426516.0,240
1730563200000,11944.529,6004.052,218279.0,240
1730577600000,8871.893,3669.175,156155.0,240
1730592000000,53265.097,23806.031,710297.0,240
1730606400000,20698.181,9937.479,320821.0,240
1730620800000,17859.381,8976.188,287965.0,240
1730635200000,57554.991,28138.628,779944.0,240
1730649600000,43218.091,21943.269,610504.0,240
1730664000000,33881.635,17672.978,531547.0,240
1730678400000,31791.122,16414.891,537160.0,240
1730692800000,21320.158,9835.923,339797.0,240
1730707200000,25361.648,12026.737,458782.0,240
1730721600000,47079.052,23039.286,741031.0,240
1730736000000,66818.212,33194.184,878681.0,240
1730750400000,52541.974,26093.998,729392.0,240
1730764800000,26196.71,13339.558,431058.0,240
1730779200000,24619.45,13360.281,395098.0,240
1730793600000,24112.3,11547.186,373003.0,240
1730808000000,85206.886,42827.585,1112935.0,240
1730822400000,72195.636,34843.305,973826.0,240
1730836800000,40739.888,21084.105,633946.0,240
1730851200000,220262.621,118998.988,2853414.0,240
1730865600000,150835.366,73068.391,2001333.0,240
1730880000000,80333.054,40620.267,1200075.0,240
1730894400000,98258.389,47625.359,1420466.0,240
1730908800000,72281.048,38407.381,1007116.0,240
1730923200000,55469.808,27015.181,851775.0,240
1730937600000,42389.268000000004,20844.765,739769.0,240
1730952000000,33140.462,16038.274,532612.0,240
1730966400000,22641.139,10593.477,419170.0,240
1730980800000,53654.903,28224.93,850881.0,240
1730995200000,85759.805,42892.129,1229367.0,240
1731009600000,43089.456,21334.839,659275.0,240
1731024000000,26499.94,12825.852,518141.0,240
1731038400000,20162.471,10343.586,355869.0,240
1731052800000,23054.513,11010.235,386627.0,240
1731067200000,58380.345,28661.482,829360.0,240
1731081600000,72505.49,37239.316,975878.0,240
1731096000000,29767.565,14202.153,468860.0,240
1731110400000,15792.551,7474.822,283560.0,240
1731124800000,18270.772,9338.053,286941.0,240
1731139200000,12472.435,6356.686,196649.0,240
1731153600000,15353.18,7836.578,235145.0,240
1731168000000,35282.837999999996,17116.584,472742.0,240
1731182400000,20582.258,11461.219,341606.0,240
1731196800000,45047.568,23498.86,686229.0,240
1731211200000,112080.688,60954.957,1408459.0,240
1731225600000,48780.387,25500.613,686279.0,240
1731240000000,54489.793,25855.322,793987.0,240
1731254400000,75109.372,38366.274,1011122.0,240
1731268800000,81919.091,41206.097,1177706.0,240
1731283200000,47331.713,24035.701,838279.0,240
1731297600000,38159.913,17825.618,703872.0,240
1731312000000,52573.957,26732.736,793566.0,240
1731326400000,143031.996,74515.756,1786387.0,240
1731340800000,158908.501,83940.594,1869133.0,240
1731355200000,174135.582,89173.288,2100216.0,240
1731369600000,112158.288,55038.129,1680633.0,240
1731384000000,82836.942,42396.641,1173150.0,240
1731398400000,152590.451,71746.75,2014133.0,240
1731412800000,131106.429,64629.525,1854516.0,240
1731427200000,98262.56999999999,50346.514,1359817.0,240
1731441600000,62526.904,30199.047,945106.0,240
1731456000000,50628.657,24417.45,953994.0,240
1731470400000,52550.606999999996,25690.105,1007123.0,240
1731484800000,32402.081,16531.618,663633.0,240
1731499200000,179178.401,93272.028,2458963.0,240
1731513600000,144613.188,70756.887,2049229.0,240
1731528000000,95915.363,46465.426,1438443.0,240
1731542400000,37865.206,18196.488,771937.0,240
1731556800000,35453.645,17732.123,653698.0,240
1731571200000,58116.522,28618.132,993534.0,240
1731585600000,106437.305,50282.831,1784746.0,240
1731600000000,59001.492,29077.053,1061304.0,240
1731614400000,67747.51,31145.499,1200337.0,240
1731628800000,33647.259,17296.208,686946.0,240
1731643200000,30043.698,14087.229,609571.0,240
1731657600000,45281.393,22589.539,738846.0,240
1731672000000,100346.13,49901.982,1575260.0,240
1731686400000,60358.503,31062.102,1026002.0,240
1731700800000,44754.925,22675.577,785636.0,240
1731715200000,22409.14,11254.092,472446.0,240
1731729600000,15216.836,7922.357,327566.0,240
1731744000000,16860.827,7971.737,338606.0,240
1731758400000,37507.082,17857.676,667291.0,240
1731772800000,22394.018,11523.538,441320.0,240
1731787200000,14635.544,6908.562,325706.0,240
1731801600000,31001.004,14997.736,628854.0,240
1731816000000,19011.425,9197.932,402685.0,240
1731830400000,25814.112,12843.509,516592.0,240
1731844800000,32101.076,14768.123,593954.0,240
1731859200000,25084.894,11433.675,481613.0,240
1731873600000,34492.281,17038.104,645591.0,240
1731888000000,22915.771,11635.563,511627.0,240
1731902400000,38769.822,21039.592,677285.0,240
1731916800000,44082.727,20890.749,783909.0,240
1731931200000,95658.795,48322.692,1545936.0,240
1731945600000,78011.62,36985.714,1265700.0,240
1731960000000,54118.375,26321.908,901252.0,240
1731974400000,24546.623,13269.84,468426.0,240
1731988800000,23000.398,11180.698,457810.0,240
1732003200000,24939.284,12715.61,477374.0,240
1732017600000,96334.675,49104.597,1539397.0,240
1732032000000,79233.61,41032.736,1240810.0,240
1732046400000,55477.441,26892.552,882823.0,240
1732060800000,26421.429,12523.455,518087.0,240
1732075200000,21131.099,10628.619,386302.0,240
1732089600000,40106.881,20507.758,668337.0,240
1732104000000,96267.382,49154.109,1441841.0,240
1732118400000,78303.055,38341.804000000004,1436413.0,240
1732132800000,27814.381,14742.994,542040.0,240
1732147200000,61140.448,33311.031,991043.0,240
1732161600000,83899.747,44019.401,1383517.0,240
1732176000000,54909.632,28282.499,927583.0,240
1732190400000,103958.368,49909.925,1660910.0,240
1732204800000,76195.107,39590.924,1280031.0,240
1732219200000,38279.834,18820.533,662431.0,240
1732233600000,38616.603,19490.78,677764.0,240
1732248000000,32825.662,16208.98,574692.0,240
1732262400000,33443.457,16557.401,543265.0,240
1732276800000,77364.746,37511.225,1334960.0,240
1732291200000,54528.558,26364.557,905563.0,240
1732305600000,28995.041,14294.329,519259.0,240
1732320000000,17253.83,8733.404,359116.0,240
1732334400000,14055.072,6934.968,270075.0,240
1732348800000,11785.19,6274.502,242495.0,240
1732363200000,19215.669,9027.619,333142.0,240
1732377600000,40309.275,18568.336,712051.0,240
1732392000000,17739.386,8294.967,341912.0,240
1732406400000,17187.628,8942.466,333498.0,240
1732420800000,12556.249,6010.629,261842.0,240
1732435200000,20554.068,9605.366,417817.0,240
1732449600000,60350.265,28026.842,1074815.0,240
1732464000000,32601.995,17297.82,618958.0,240
1732478400000,29868.635,14636.054,566638.0,240
1732492800000,22932.841,11090.152,539425.0,240
1732507200000,20355.41,9903.125,423456.0,240
1732521600000,32738.055,16809.741,525793.0,240
1732536000000,112741.637,52696.086,1561644.0,240
1732550400000,64872.212,30430.674,1073476.0,240
1732564800000,75734.866,35726.407,1206611.0,240
1732579200000,39545.582,19813.916,657899.0,240
1732593600000,24648.316,11820.384,473105.0,240
1732608000000,90231.256,42855.855,1437544.0,240
1732622400000,73826.177,36871.449,1311010.0,240
1732636800000,67285.049,33685.627,1223600.0,240
1732651200000,49392.853,24139.36,918463.0,240
1732665600000,30203.735,14480.605,603749.0,240
1732680000000,23144.634,11415.364,454405.0,240
1732694400000,21517.494,10727.041,431967.0,240
1732708800000,67850.746,35249.183,1068134.0,240
1732723200000,54604.299,27560.938,896244.0,240
1732737600000,39685.079,20175.167,616669.0,240
1732752000000,30725.546,14848.081,567256.0,240
1732766400000,21039.487,10621.812,382819.0,240
1732780800000,28019.076,14042.439,504350.0,240
1732795200000,35794.858,17972.804,671623.0,240
1732809600000,18747.366,9610.197,354328.0,240
1732824000000,19680.693,10723.33,336805.0,240
1732838400000,24959.608,12882.443,474077.0,240
1732852800000,19223.755,8294.2,330209.0,240
1732867200000,30200.689,16490.362,451815.0,240
1732881600000,60395.647,31047.374,899414.0,240
1732896000000,41569.331,20520.28,669810.0,240
1732910400000,14171.919,7749.3,259484.0,240
1732924800000,23965.592,10797.032,408852.0,240
1732939200000,19485.822,10150.273,320695.0,240
1732953600000,16897.44,8220.879,295733.0,240
1732968000000,11979.631,6167.453,231351.0,240
1732982400000,10495.275,5394.987,209656.0,240
1732996800000,10250.458,4325.111,199386.0,240
1733011200000,26132.18,13053.808,434616.0,240
1733025600000,9153.515,3952.183,164638.0,240
1733040000000,21533.374,11047.043,351600.0,240
1733054400000,20941.01,10259.474,336028.0,240
1733068800000,15616.016,8124.772,248181.0,240
1733083200000,19846.895,9939.304,337280.0,240
1733097600000,29835.063,13757.078,537412.0,240
1733112000000,39372.545,18581.955,595019.0,240
1733126400000,43471.871,21751.539,725321.0,240
1733140800000,60495.623,30675.851,978063.0,240
1733155200000,63080.969,29773.78,1004122.0,240
1733169600000,21357.84,10624.644,394107.0,240
1733184000000,18629.132,9628.858,365175.0,240
1733198400000,17487.71,8410.482,327199.0,240
1733212800000,25645.596,12418.748,411626.0,240
1733227200000,85647.457,41693.251,1347587.0,240
1733241600000,38288.731999999996,19708.124,635884.0,240
1733256000000,20903.353,10042.589,356998.0,240
1733270400000,27822.359,13805.509,492432.0,240
1733284800000,18405.832,8947.025,301550.0,240
1733299200000,20925.907,9512.476,325805.0,240
1733313600000,54479.082,27372.827,866812.0,240
1733328000000,67941.454,34772.794,1066884.0,240
1733342400000,86374.571,44298.412,1125666.0,240
1733356800000,155798.412,84560.348,2466132.0,240
1733371200000,69178.653,33430.937,1214109.0,240
1733385600000,31253.697,15861.476,643124.0,240
1733400000000,82540.521,39210.527,1355232.0,240
1733414400000,78445.371,36877.648,1332401.0,240
1733428800000,163060.737,77864.386,2631122.0,240
1733443200000,54871.518,27099.818,1006647.0,240
1733457600000,23490.73,10994.804,451030.0,240
1733472000000,34097.618,16009.139,589841.0,240
1733486400000,67051.277,32966.611,1133799.0,240
1733500800000,67789.279,35383.534,1068665.0,240
1733515200000,35069.186,16148.52,627084.0,240
1733529600000,19615.533,9358.057,415237.0,240
1733544000000,21001.06,9712.374,383338.0,240
1733558400000,12084.542,6049.0869999999995,252694.0,240
1733572800000,15668.723,8296.505,311522.0,240
1733587200000,15477.404,7561.036,299581.0,240
1733601600000,12011.396,5713.728,267293.0,240
1733616000000,10362.305,5169.246,249525.0,240
1733630400000,11720.725,5445.747,241103.0,240
1733644800000,24081.257,11103.594000000001,406560.0,240
1733659200000,29860.114,15435.766,527605.0,240
1733673600000,14904.59,7730.141,307872.0,240
1733688000000,18826.685,9961.835,370429.0,240
1733702400000,41149.178,18242.499,736256.0,240
1733716800000,29272.885,14458.325,565298.0,240
1733731200000,37959.165,18016.579,742320.0,240
1733745600000,78567.275,37800.484,1283907.0,240
1733760000000,42609.82,20350.768,850055.0,240
1733774400000,97415.267,45734.559,1595809.0,240
1733788800000,47046.703,22777.658,929555.0,240
1733803200000,28323.888,14341.832,538670.0,240
1733817600000,20244.349,10234.786,454178.0,240
1733832000000,69046.59,33490.15,1315104.0,240
1733846400000,98509.952,49558.33,1807712.0,240
1733860800000,28319.262,14662.571,606581.0,240
1733875200000,37997.227,18943.097,763630.0,240
1733889600000,14407.389,6935.465,346379.0,240
1733904000000,24609.143,12954.675,489323.0,240
1733918400000,66071.763,35297.424,1145381.0,240
1733932800000,50125.706,25452.868,914189.0,240
1733947200000,28596.477,14668.263,570441.0,240
1733961600000,27234.965,13293.602,544972.0,240
1733976000000,17652.59,8975.617,362464.0,240
1733990400000,20809.1,10555.145,415068.0,240
1734004800000,56891.436,29840.793,1069532.0,240
1734019200000,64519.39,31663.729,1155167.0,240
1734033600000,28111.594,13983.739,581974.0,240
1734048000000,21321.108,11089.025,433012.0,240
1734062400000,15814.867,8315.306,308465.0,240
1734076800000,17660.896,9097.004,359872.0,240
1734091200000,38171.736,18565.731,729213.0,240
1734105600000,45302.268000000004,21919.569,880607.0,240
1734120000000,14166.443,7041.019,331558.0,240
1734134400000,30294.884,15813.095,619586.0,240
1734148800000,12566.304,6269.125,271817.0,240
1734163200000,9813.394,5073.021,230816.0,240
1734177600000,26386.649,12076.8,470954.0,240
1734192000000,17681.995,8681.608,387220.0,240
1734206400000,10937.323,5199.982,249465.0,240
1734220800000,15592.176,7900.766,334968.0,240
1734235200000,27541.411,14331.931,492640.0,240
1734249600000,15406.991,8954.435,334433.0,240
1734264000000,31971.916,16620.19,649275.0,240
1734278400000,18789.402000000002,9952.632,407230.0,240
1734292800000,48432.020000000004,26707.876,882814.0,240
1734307200000,62637.778,32231.525,1145396.0,240
1734321600000,18270.625,9266.337,379484.0,240
1734336000000,24163.793,11311.816,517148.0,240
1734350400000,72852.537,37264.66,1347801.0,240
1734364800000,71322.401,35769.531,1389047.0,240
1734379200000,25148.622,13100.477,499164.0,240
1734393600000,21309.575,11295.682999999999,516693.0,240
1734408000000,16950.593,8439.63,373779.0,240
1734422400000,21219.982,10523.459,459373.0,240
1734436800000,71086.715,36440.255,1372018.0,240
1734451200000,40303.166,20224.221,883837.0,240
1734465600000,26903.881,13074.032,573352.0,240
1734480000000,36652.409,16586.32,743388.0,240
1734494400000,46474.659,22383.093,907113.0,240
1734508800000,21989.201,11313.124,441979.0,240
1734523200000,45761.763,22347.743,926852.0,240
1734537600000,60569.29,28458.022,1159533.0,240
1734552000000,117134.613,54516.603,2038033.0,240
1734566400000,68598.754,34126.067,1443441.0,240
1734580800000,19507.702,9392.664,490848.0,240
1734595200000,23149.224,11490.986,507032.0,240
1734609600000,75610.02,35953.338,1444557.0,240
1734624000000,121737.036,56679.777,2210007.0,240
1734638400000,64365.727,31811.085,1329564.0,240
1734652800000,42560.281,20630.2,954183.0,240
1734667200000,44423.807,21231.198,784252.0,240
1734681600000,108658.87,49875.437,2169804.0,240
1734696000000,115205.819,58843.914,2067561.0,240
1734710400000,53735.933,25982.374,1079057.0,240
1734724800000,31604.085,15526.908,692235.0,240
1734739200000,16567.071,7819.563,387940.0,240
1734753600000,32678.501,18311.404,585320.0,240
1734768000000,25724.796,12558.374,510150.0,240
1734782400000,42516.701,20652.998,835895.0,240
1734796800000,22571.885,10568.581,559050.0,240
1734811200000,21199.526,10436.345,457538.0,240
1734825600000,16009.718,7541.107,397262.0,240
1734840000000,22249.568,10182.453,449301.0,240
1734854400000,16254.938,8374.651,357623.0,240
1734868800000,35517.211,16290.085000000001,701931.0,240
1734883200000,27681.696,13155.062,588195.0,240
1734897600000,30401.604,14964.057,640626.0,240
1734912000000,43781.728,21136.082,966414.0,240
1734926400000,28583.122,13818.221,626194.0,240
1734940800000,21634.571,10965.148,489917.0,240
1734955200000,63342.199,30397.906,1239753.0,240
1734969600000,49457.666,24245.146,1060516.0,240
1734984000000,40412.569,21266.529,824874.0,240
1734998400000,24731.379,12302.476,523138.0,240
1735012800000,14943.809,7444.417,317190.0,240
1735027200000,14932.806,7419.695,329432.0,240
1735041600000,66173.325,35974.104,1137745.0,240
1735056000000,60647.937,30376.225,1048115.0,240
1735070400000,30181.376,15859.139000000001,564678.0,240
1735084800000,16945.268,7880.408,394336.0,240
1735099200000,11793.716,5681.316,281829.0,240
1735113600000,28204.972,13756.851,546544.0,240
1735128000000,27000.386,13877.872,582033.0,240
1735142400000,16271.137,8373.729,407988.0,240
1735156800000,24481.413,12683.308,510095.0,240
1735171200000,30003.867,15173.587,619902.0,240
1735185600000,20353.109,9370.883,436254.0,240
1735200000000,61946.222,28832.218,992617.0,240
1735214400000,37273.37,18913.4,792252.0,240
1735228800000,28521.113,14712.671,647708.0,240
1735243200000,16759.97,8168.12,389583.0,240
1735257600000,24193.173,12292.82,446939.0,240
1735272000000,33137.794,16407.151,598542.0,240
1735286400000,47936.629,24267.767,870003.0,240
1735300800000,46582.934,21819.315,973862.0,240
1735315200000,38793.661,19828.085,833694.0,240
1735329600000,15364.052,7431.001,363616.0,240
1735344000000,9504.565,4775.461,252930.0,240
1735358400000,7504.281,3838.956,195777.0,240
1735372800000,8716.735,4462.514,210039.0,240
1735387200000,20174.431,10300.872,409935.0,240
1735401600000,12257.034,6573.568,299509.0,240
1735416000000,9834.303,5380.568,245339.0,240
1735430400000,8086.524,3762.252,206378.0,240
1735444800000,4847.215,2475.986,129343.0,240
1735459200000,5718.538,2905.353,135925.0,240
1735473600000,25557.782,12491.994,465351.0,240
1735488000000,26206.811999999998,11898.941,511994.0,240
1735502400000,24631.063,11397.211,541473.0,240
1735516800000,19319.653,9728.522,494238.0,240
1735531200000,16272.993,8644.173,384330.0,240
1735545600000,14170.338,7153.472,323903.0,240
1735560000000,70350.035,32753.575,1266021.0,240
1735574400000,56405.037000000004,29943.343,1088662.0,240
1735588800000,45825.537,22837.918,844019.0,240
1735603200000,16941.843,8576.589,441035.0,240
1735617600000,11095.688,5344.429,287973.0,240
1735632000000,36509.765,19122.877,631250.0,240
1735646400000,58306.271,30429.683,1026370.0,240
1735660800000,41481.273,20889.653,818491.0,240
1735675200000,14313.276,7290.941,330328.0,240
1735689600000,13962.019,6971.09,294085.0,240
1735704000000,7852.483,3942.454,157153.0,240
1735718400000,19004.988,8655.735,336126.0,240
1735732800000,22127.069,11541.578,417775.0,240
1735747200000,14907.698,7753.574,327629.0,240
1735761600000,13382.403,6848.05,271592.0,240
1735776000000,22798.717,10996.062,453606.0,240
1735790400000,20140.275,10395.206,383994.0,240
1735804800000,25249.289,12238.515,474894.0,240
1735819200000,52717.632,26048.523,978296.0,240
1735833600000,44624.753,23652.033,851770.0,240
1735848000000,16114.829,8339.679,343327.0,240
1735862400000,11388.626,5425.938,243511.0,240
1735876800000,14493.689,5999.411,267533.0,240
1735891200000,16109.732,8151.881,299456.0,240
1735905600000,33904.407,17132.507,672866.0,240
1735920000000,36541.023,19338.538,697774.0,240
1735934400000,12783.197,6587.375,266363.0,240
1735948800000,11796.611,5393.766,214038.0,240
1735963200000,7743.12,3724.049,161755.0,240
1735977600000,14626.729,6701.4929999999995,257515.0,240
1735992000000,15225.112,7451.086,330867.0,240
1736006400000,9987.065,5203.552,223221.0,240
1736020800000,12535.997,6134.585,237840.0,240
1736035200000,5656.739,2791.608,135284.0,240
1736049600000,7364.236,3125.083,142550.0,240
1736064000000,13194.206,5980.337,252824.0,240
1736078400000,19204.699,9775.86,341453.0,240
1736092800000,12523.264,6161.9,239142.0,240
1736107200000,17006.145,8952.759,305507.0,240
1736121600000,26621.424,13638.161,518937.0,240
1736136000000,25842.394,13039.603,442067.0,240
1736150400000,21919.386,10960.929,368432.0,240
1736164800000,78806.424,41682.593,1374286.0,240
1736179200000,38386.837,18676.735,788934.0,240
1736193600000,15916.864,8225.496,380191.0,240
1736208000000,18124.335,9442.889,387815.0,240
1736222400000,9587.694,4474.948,196995.0,240
1736236800000,27244.306,12357.198,458569.0,240
1736251200000,102572.629,48948.409,1555180.0,240
1736265600000,68434.86,32981.484,1218850.0,240
1736280000000,32747.485,15997.235,651624.0,240
1736294400000,22590.19,10900.605,482887.0,240
1736308800000,38378.445,17239.239,725107.0,240
1736323200000,33435.244,15283.039,600467.0,240
1736337600000,55769.475,27980.604,1153726.0,240
1736352000000,87321.554,41476.019,1570196.0,240
1736366400000,24517.205,12866.535,501958.0,240
1736380800000,32781.223,15727.92,644057.0,240
1736395200000,23080.953,10838.156,459925.0,240
1736409600000,35074.143,16942.389,680249.0,240
1736424000000,67736.15,32886.724,1286159.0,240
1736438400000,54387.438,25526.919,1028531.0,240
1736452800000,44700.995,20687.87,877140.0,240
1736467200000,20708.684,9834.769,481015.0,240
1736481600000,26429.005,13620.556,544902.0,240
1736496000000,24667.579,12192.627,471484.0,240
1736510400000,110225.73,53663.820999999996,1855036.0,240
1736524800000,64309.711,34364.863,1188078.0,240
1736539200000,15602.245,7868.137,349429.0,240
1736553600000,10624.496,4611.453,254240.0,240
1736568000000,9858.079,4626.507,211778.0,240
1736582400000,11530.321,6055.293,218398.0,240
1736596800000,8787.678,4149.228,202912.0,240
1736611200000,12137.832,5938.258,242319.0,240
1736625600000,11723.357,5782.9800000000005,240325.0,240
1736640000000,6125.3730000000005,3140.574,167571.0,240
1736654400000,4831.221,2163.472,123399.0,240
1736668800000,15455.056,7397.723,270485.0,240
1736683200000,21151.098,10874.366,388848.0,240
1736697600000,11349.438,5354.401,257749.0,240
1736712000000,18385.947,9312.723,363696.0,240
1736726400000,39756.953,19702.667,798728.0,240
1736740800000,29936.963,14226.341,583394.0,240
1736755200000,69147.558,31535.600000000002,1160748.0,240
1736769600000,127451.604,61368.443,2028531.0,240
1736784000000,54692.581,27439.149,1064897.0,240
1736798400000,40164.831,20325.6,771153.0,240
1736812800000,22691.711,11349.418,508921.0,240
1736827200000,16022.964,7646.628,334058.0,240
1736841600000,55743.583,30940.697,903910.0,240
1736856000000,56411.024,28330.013,1065432.0,240
1736870400000,43657.669,21654.684,849106.0,240
1736884800000,14856.403,7735.737,354503.0,240
1736899200000,26432.753,13927.64,500982.0,240
1736913600000,22265.926,10975.616,391925.0,240
1736928000000,20975.23,10043.142,380625.0,240
1736942400000,85483.105,44248.47,1468876.0,240
1736956800000,34322.161,17011.11,697866.0,240
1736971200000,32938.391,17838.255,586552.0,240
1736985600000,28294.304,13383.854,594645.0,240
1737000000000,12552.843,6456.996,254823.0,240
1737014400000,34575.941,16705.066,562603.0,240
1737028800000,68005.563,34343.434,1171947.0,240
1737043200000,46977.234,23670.731,841867.0,240
1737057600000,26396.635,12371.873,486864.0,240
1737072000000,45074.023,24195.858,772022.0,240
1737086400000,16966.096,8275.629,351250.0,240
1737100800000,30304.328,15980.486,534042.0,240
1737115200000,68462.094,35459.854,1181533.0,240
1737129600000,59774.108,31225.807,1078538.0,240
1737144000000,28869.32,14367.639,572011.0,240
1737158400000,21840.674,10764.28,441054.0,240
1737172800000,37862.007,18126.849,684088.0,240
1737187200000,31937.663,16160.516,584501.0,240
1737201600000,32980.549,17123.036,629401.0,240
1737216000000,30255.346999999998,14118.378,629881.0,240
1737230400000,13063.852,6545.564,339393.0,240
1737244800000,20810.853,10861.23,436558.0,240
1737259200000,24589.2,11942.593,502413.0,240
1737273600000,48225.235,23869.553,936722.0,240
1737288000000,36699.724,18762.615999999998,746868.0,240
1737302400000,21082.5,11818.186,425060.0,240
1737316800000,129541.666,62070.429000000004,2299435.0,240
1737331200000,78880.347,41858.743,1760406.0,240
1737345600000,116597.377,60007.638,2263880.0,240
1737360000000,43506.419,21878.862,1031994.0,240
1737374400000,85667.609,41032.136,1861116.0,240
1737388800000,174874.235,85071.066,3203439.0,240
1737403200000,30982.193,14822.78,833558.0,240
1737417600000,54348.06,26049.305,1436082.0,240
1737432000000,27001.2,12693.009,811748.0,240
1737446400000,28413.984,15544.123,763635.0,240
1737460800000,64361.253,32984.769,1448243.0,240
1737475200000,68892.901,34882.397,1588473.0,240
1737489600000,30279.43,15102.077,725691.0,240
1737504000000,16342.423,7957.37,466386.0,240
1737518400000,16263.508,8080.048,403894.0,240
1737532800000,19448.044,9919.033,481550.0,240
1737547200000,47832.318,23137.054,1071448.0,240
1737561600000,32231.051,16519.677,837328.0,240
1737576000000,19126.184,9201.911,510779.0,240
1737590400000,30890.534,14282.163,735063.0,240
1737604800000,24694.165,11470.187,555656.0,240
1737619200000,21357.796,9819.965,531338.0,240
1737633600000,136243.99,69177.768,2504652.0,240
1737648000000,83709.753,40778.747,1879218.0,240
1737662400000,121257.781,61409.919,2350526.0,240
1737676800000,24734.677,11913.303,617248.0,240
1737691200000,21476.673,10895.964,539739.0,240
1737705600000,18221.84,8853.315,448164.0,240
1737720000000,36536.511,18717.898,854722.0,240
1737734400000,39006.248,20287.234,906029.0,240
1737748800000,25771.001,12725.972,598666.0,240
1737763200000,14022.122,7200.531,346052.0,240
1737777600000,10568.419,4649.965,262056.0,240
1737792000000,10038.856,5155.318,249011.0,240
1737806400000,10788.444,5631.046,287234.0,240
1737820800000,13101.27,6909.827,326744.0,240
1737835200000,7111.052,3293.649,182014.0,240
1737849600000,8524.479,4477.407,201580.0,240
1737864000000,6808.86,3201.267,186692.0,240
1737878400000,13300.655,6401.488,260912.0,240
1737892800000,6971.965,3435.296,174995.0,240
1737907200000,6836.178,3745.18,164058.0,240
1737921600000,33344.95,14608.706,638885.0,240
1737936000000,52340.587,24510.139,1218313.0,240
1737950400000,72374.471,33784.238,1532583.0,240
1737964800000,35594.681,16740.741,907050.0,240
1737979200000,80059.767,40176.747,1732614.0,240
1737993600000,47155.292,22720.432,1167468.0,240
1738008000000,38165.076,19024.204,842117.0,240
1738022400000,25966.028,12801.894,627105.0,240
1738036800000,20947.894,10068.471,482443.0,240
1738051200000,14152.903,7049.01,360073.0,240
1738065600000,41814.816,20680.645,941682.0,240
1738080000000,35294.657,17338.094,807984.0,240
1738094400000,31740.963,15202.512,727571.0,240
1738108800000,13805.721,7365.428,344636.0,240
1738123200000,12728.903,6399.593,316804.0,240
1738137600000,14137.703,7246.567,340755.0,240
1738152000000,28727.356,14168.278,706330.0,240
1738166400000,58082.504,29662.349,1223330.0,240
1738180800000,41388.448,20534.713,1013903.0,240
1738195200000,23135.964,12790.167,523166.0,240
1738209600000,21889.357,10690.387,453577.0,240
1738224000000,12288.148,5801.199,292639.0,240
1738238400000,41745.937,21693.927,868418.0,240
1738252800000,21888.068,10516.798,515622.0,240
1738267200000,16019.926,8119.055,350050.0,240
1738281600000,19595.66,9319.332,416943.0,240
1738296000000,15289.239,7466.429,333738.0,240
1738310400000,14789.404,7681.54,355169.0,240
1738324800000,36319.944,18852.848,724749.0,240
1738339200000,54110.43,25496.023,1074623.0,240
1738353600000,32133.14,16144.99,649417.0,240
1738368000000,11261.398,4856.683,286874.0,240
1738382400000,7685.936,3894.574,192948.0,240
1738396800000,17719.955,8240.974,381534.0,240
1738411200000,13065.456,6448.941,297028.0,240
1738425600000,12351.277,5412.859,291730.0,240
1738440000000,28779.069,12751.548,628333.0,240
1738454400000,32062.059,13869.6,642058.0,240
1738468800000,24488.446,11966.707,530415.0,240
1738483200000,25456.429,11784.749,519932.0,240
1738497600000,33912.653,16769.611,678203.0,240
1738512000000,67223.464,32103.647,1439912.0,240
1738526400000,49791.642,23801.797,1128048.0,240
1738540800000,168653.996,80964.242,3244710.0,240
1738555200000,40481.456,20718.311,1033803.0,240
1738569600000,36094.712,16677.921,900487.0,240
1738584000000,91828.338,45771.414,1922608.0,240
1738598400000,73898.605,38195.15,1427042.0,240
1738612800000,44130.927,21320.307,918414.0,240
1738627200000,21676.343,10181.727,533055.0,240
1738641600000,52017.001,24773.465,1036048.0,240
1738656000000,29726.53,15192.054,658276.0,240
1738670400000,55172.933,28024.162,1125723.0,240
1738684800000,38784.927,19156.217,845695.0,240
1738699200000,65368.469,31796.699,1295003.0,240
1738713600000,26689.012,13748.112000000001,636509.0,240
1738728000000,17884.945,8612.64,406012.0,240
1738742400000,15468.776,7607.992,367814.0,240
1738756800000,34048.979,17227.865,744043.0,240
1738771200000,33419.487,16241.772,743584.0,240
1738785600000,23868.467,12056.286,571837.0,240
1738800000000,14758.431,7604.113,399233.0,240
1738814400000,15525.03,7535.464,338014.0,240
1738828800000,24612.47,12946.721,508388.0,240
1738843200000,42424.16,21556.789,927861.0,240
1738857600000,43232.83,21424.042,847435.0,240
1738872000000,20968.092,10809.964,515888.0,240
1738886400000,16612.27,8537.149,422930.0,240
1738900800000,17746.436,7683.785,401548.0,240
1738915200000,14669.521,7640.191,344594.0,240
1738929600000,98527.475,49021.299,1611204.0,240
1738944000000,45070.845,21822.27,868613.0,240
1738958400000,30747.082,15255.333,636132.0,240
1738972800000,12426.456,6358.254,303248.0,240
1738987200000,13155.164,5864.518,290982.0,240
1739001600000,9887.085,5060.548,213931.0,240
1739016000000,14840.001,7072.622,319889.0,240
1739030400000,13291.749,6674.51,277052.0,240
1739044800000,5449.977,2662.786,150962.0,240
1739059200000,12620.838,6459.9,265542.0,240
1739073600000,7892.281,3512.77,187201.0,240
1739088000000,13729.086,6416.227,250870.0,240
1739102400000,21436.138,10543.04,416071.0,240
1739116800000,10274.1,4897.856,234581.0,240
1739131200000,35224.843,16960.686,666411.0,240
1739145600000,32348.746,16019.416,684527.0,240
1739160000000,23605.802,11762.639,475988.0,240
1739174400000,18947.956,9239.315,386934.0,240
1739188800000,35096.177,17311.752,706198.0,240
1739203200000,16027.97,8364.592,368493.0,240
1739217600000,6905.894,3305.699,174980.0,240
1739232000000,15100.134,7619.751,340271.0,240
1739246400000,16552.116,8425.610999999999,317644.0,240
1739260800000,10582.887,5484.362,235928.0,240
1739275200000,40145.936,20605.882,696031.0,240
1739289600000,43455.599,21291.6,750686.0,240
1739304000000,28996.232,14684.091,529877.0,240
1739318400000,15872.659,7586.376,359001.0,240
1739332800000,12022.343,6639.955,285966.0,240
1739347200000,15330.015,7750.265,295536.0,240
1739361600000,81170.853,39779.44,1449474.0,240
1739376000000,52129.395,26213.042,898275.0,240
1739390400000,25922.814,13376.145,489424.0,240
1739404800000,12528.34,5896.956,289129.0,240
1739419200000,29528.25,14877.496000000001,527871.0,240
1739433600000,20319.939,9774.691,397586.0,240
1739448000000,37774.418,19607.756,764929.0,240
1739462400000,26297.007,12557.607,576840.0,240
1739476800000,15792.572,7894.708,326300.0,240
1739491200000,13958.196,6647.003,327006.0,240
1739505600000,12651.199,6287.789,254124.0,240
1739520000000,9939.548999999999,4659.964,222743.0,240
1739534400000,34393.742,17125.487,632945.0,240
1739548800000,51033.979,26508.259,810894.0,240
1739563200000,22476.292,11179.395,451198.0,240
1739577600000,10051.551,5009.304,230125.0,240
1739592000000,5995.987,2987.875,153545.0,240
1739606400000,6186.788,2986.247,146485.0,240
1739620800000,11164.25,5761.401,256295.0,240
1739635200000,7776.703,3858.17,174315.0,240
1739649600000,6243.314,2986.949,161741.0,240
1739664000000,5666.471,2626.891,131401.0,240
1739678400000,5859.374,2580.255,123301.0,240
1739692800000,7282.127,3915.725,156927.0,240
1739707200000,13685.034,6740.711,264745.0,240
1739721600000,9001.586,4372.088,189743.0,240
1739736000000,15190.281,7905.114,312542.0,240
1739750400000,11350.76,5933.28,274682.0,240
1739764800000,13627.4,6683.556,307541.0,240
1739779200000,12992.848,6207.697,279106.0,240
1739793600000,29886.124,14446.508,521476.0,240
1739808000000,24809.586,12977.387,470486.0,240
1739822400000,12910.268,6588.943,270162.0,240
1739836800000,12045.894,5818.908,254946.0,240
1739851200000,18722.38,8867.625,392521.0,240
1739865600000,15643.511,7522.163,325125.0,240
1739880000000,39510.683,19663.163,728591.0,240
1739894400000,59876.925,29325.559,990778.0,240
1739908800000,33373.969,17635.105,607715.0,240
1739923200000,17813.797,9087.028,350960.0,240
1739937600000,16957.175,8679.795,305340.0,240
1739952000000,20145.348,10241.053,330634.0,240
1739966400000,32576.279,15728.355,611272.0,240
1739980800000,22433.716,11327.904,448668.0,240
1739995200000,15070.557999999999,8022.577,316943.0,240
1740009600000,16242.992,8391.969,335013.0,240
1740024000000,10876.646,5120.408,224974.0,240
1740038400000,9215.261,4650.513,194694.0,240
1740052800000,40545.385,20203.707,693604.0,240
1740067200000,34903.809,17688.677,609618.0,240
1740081600000,17396.079,8812.567,347816.0,240
1740096000000,9636.148,4343.858,213088.0,240
1740110400000,9837.915,5033.345,185294.0,240
1740124800000,21699.494,10983.335,377597.0,240
1740139200000,85401.79,42375.731,1297273.0,240
1740153600000,85986.94,41898.816,1308733.0,240
1740168000000,38055.986,19894.226,686918.0,240
1740182400000,12887.85,5955.423,250349.0,240
1740196800000,8085.678,3955.561,174327.0,240
1740211200000,11109.977,5769.922,227490.0,240
1740225600000,18121.719,9625.003,280269.0,240
1740240000000,10553.783,5252.291,228742.0,240
1740254400000,5033.143,2412.039,111930.0,240
1740268800000,5921.475,2730.12,126538.0,240
1740283200000,10823.841,5173.363,178998.0,240
1740297600000,7616.299,3322.085,154271.0,240
1740312000000,21371.74,9790.173,329166.0,240
1740326400000,11934.582,6002.743,229866.0,240
1740340800000,11630.754,5940.833,227469.0,240
1740355200000,17763.849,8560.836,407234.0,240
1740369600000,17643.499,9016.823,332392.0,240
1740384000000,19209.488,9475.339,354146.0,240
1740398400000,60104.206,29178.876,969374.0,240
1740412800000,39593.268,19440.297,783204.0,240
1740427200000,63174.44,28706.268,1063600.0,240
1740441600000,49736.339,24653.085,995994.0,240
1740456000000,92098.853,44792.125,1338212.0,240
1740470400000,100778.92,47672.321,1753583.0,240
1740484800000,108732.091,52484.953,1956131.0,240
1740499200000,72441.612,36530.64,1479738.0,240
1740513600000,48508.687,24335.533,845555.0,240
1740528000000,21365.208,10436.36,444990.0,240
1740542400000,16621.135,8082.727,360940.0,240
1740556800000,27628.135,13783.359,467711.0,240
1740571200000,113336.525,54544.578,1856882.0,240
1740585600000,137446.696,64816.987,2145700.0,240
1740600000000,84744.122,41612.109,1571750.0,240
1740614400000,31978.449,15519.548,721994.0,240
1740628800000,33054.481999999996,17475.449,572650.0,240
1740643200000,36174.377,18315.256,559128.0,240
1740657600000,71815.48,35388.647,1357249.0,240
1740672000000,44193.184,21698.222,937685.0,240
1740686400000,52192.558,26306.767,934682.0,240
1740700800000,150178.095,70612.106,2382979.0,240
1740715200000,109818.611,54051.365,2089760.0,240
1740729600000,76070.275,38057.365,1459225.0,240
1740744000000,103925.229,53265.165,1910365.0,240
1740758400000,72721.105,34664.339,1297211.0,240
1740772800000,23629.916,11983.263,532756.0,240
1740787200000,31502.988,16704.073,661453.0,240
1740801600000,39241.067,18686.609,628975.0,240
1740816000000,26089.157,12950.406,485958.0,240
1740830400000,17714.663,8987.824,449611.0,240
1740844800000,16936.818,9321.652,416100.0,240
1740859200000,15511.978,7754.842,372586.0,240
1740873600000,18529.902,9206.447,467399.0,240
1740888000000,13859.725,7004.179,327789.0,240
1740902400000,16697.034,8096.917,320303.0,240
1740916800000,74595.64199999999,39379.298,1250496.0,240
1740931200000,192872.48,99448.195,3092783.0,240
1740945600000,48156.755,23862.188,841654.0,240
1740960000000,37429.12,17516.452,834665.0,240
1740974400000,40159.56,18873.08,763075.0,240
1740988800000,37107.704,19377.581,855192.0,240
1741003200000,115283.973,55417.405,2149766.0,240
1741017600000,122196.084,58446.325,2371913.0,240
1741032000000,83855.961,42678.954,1690280.0,240
1741046400000,106129.625,50497.588,2187031.0,240
1741060800000,32146.523,16157.914,846928.0,240
1741075200000,26599.17,13643.135,676824.0,240
1741089600000,118850.856,59159.317,2444217.0,240
1741104000000,91455.087,46875.798,1930176.0,240
1741118400000,57253.537,28409.722,1065443.0,240
1741132800000,31773.108,15418.869,839622.0,240
1741147200000,15899.215,8049.851,414807.0,240
1741161600000,50928.602,26136.666,962509.0,240
1741176000000,93893.227,45377.388,1784392.0,240
1741190400000,63517.478,32524.206,1390177.0,240
1741204800000,22989.46,11519.366,568502.0,240
1741219200000,37147.404,18568.743,928362.0,240
1741233600000,32218.874,16443.496,692746.0,240
1741248000000,30673.037,15425.896,666235.0,240
1741262400000,79791.931,39778.662,1559525.0,240
1741276800000,73825.248,35921.354,1372395.0,240
1741291200000,49402.138,25455.209,842422.0,240
1741305600000,132530.28,64384.592000000004,2303422.0,240
1741320000000,26269.039,13252.468,519379.0,240
1741334400000,27344.006,13993.351,540207.0,240
1741348800000,106013.324,52707.327,1892180.0,240
1741363200000,87066.667,44363.899,1666822.0,240
1741377600000,73250.879,35053.331,1293917.0,240
1741392000000,27166.454999999998,13289.11,551010.0,240
1741406400000,14502.391,7280.116,315888.0,240
1741420800000,12411.924,6114.359,291002.0,240
1741435200000,14833.073,7452.6,334291.0,240
1741449600000,18610.891,8941.476,365644.0,240
1741464000000,8581.453,4220.014,185448.0,240
1741478400000,10664.199,5096.946,214314.0,240
1741492800000,8708.738,4401.874,181949.0,240
1741507200000,28696.135,13386.25,485557.0,240
1741521600000,56855.474,27208.481,1005444.0,240
1741536000000,53961.081,26202.206,1101420.0,240
1741550400000,62723.721,29817.153,1098960.0,240
1741564800000,51441.0,26355.956,1051654.0,240
1741579200000,18157.406,8948.906,410758.0,240
1741593600000,76138.678,39474.185,1284551.0,240
1741608000000,124660.837,62390.671,2142329.0,240
1741622400000,106456.31,51830.391,1855276.0,240
1741636800000,39532.566,19813.895,759606.0,240
1741651200000,78235.731,38025.28,1519849.0,240
1741665600000,33668.415,16924.201,610949.0,240
1741680000000,41608.884,21177.64,723341.0,240
1741694400000,139695.873,70215.229,2098144.0,240
1741708800000,74604.747,38516.111,1298190.0,240
1741723200000,22965.519,10975.698,449748.0,240
1741737600000,35999.113,17501.207,670980.0,240
1741752000000,37098.324,18559.677,665313.0,240
1741766400000,37875.934,18646.123,719562.0,240
1741780800000,122716.834,60667.717,1920564.0,240
1741795200000,53129.002,26991.953,858906.0,240
1741809600000,19351.917,9278.903,368781.0,240
1741824000000,24001.951,11521.373,509885.0,240
1741838400000,24236.411,11667.275,442206.0,240
1741852800000,30560.697,14583.213,533714.0,240
1741867200000,88799.609,43917.268000000004,1340660.0,240
1741881600000,58197.608,28733.081,919605.0,240
1741896000000,22163.776,11659.783,390087.0,240
1741910400000,27108.918,13560.059,468806.0,240
1741924800000,17419.406,7780.963,297821.0,240
1741939200000,30208.907,15889.378,468540.0,240
1741953600000,97510.76,49302.168,1407621.0,240
1741968000000,40100.559,20443.494,670874.0,240
1741982400000,21196.158,10035.908,354436.0,240
1741996800000,13976.156,7062.571,271650.0,240
1742011200000,12901.624,5818.455,222786.0,240
1742025600000,18511.016,10135.938,296427.0,240
1742040000000,16141.216,8699.517,271764.0,240
1742054400000,9720.647,4771.459,181963.0,240
1742068800000,5424.311,2558.973,116211.0,240
1742083200000,13994.399,7102.612,243528.0,240
1742097600000,10835.962,4812.512,184929.0,240
1742112000000,37793.928,17875.525,547726.0,240
1742126400000,36041.854,19432.041,596652.0,240
1742140800000,51260.231999999996,25178.46,914165.0,240
1742155200000,24704.325,12787.891,474719.0,240
1742169600000,21622.978,11227.649,400075.0,240
1742184000000,23981.245,11814.751,402343.0,240
1742198400000,18023.286,8290.141,333760.0,240
1742212800000,64260.353,31722.535,1067397.0,240
1742227200000,39230.746,19419.634000000002,643035.0,240
1742241600000,15543.474,7428.066,279666.0,240
1742256000000,23013.546,11526.488,417154.0,240
1742270400000,33722.964,16817.912,529152.0,240
1742284800000,21256.271,10114.469,371830.0,240
1742299200000,61034.89,30033.967,962781.0,240
1742313600000,33916.237,17231.757,630687.0,240
1742328000000,15953.841,7981.651,322831.0,240
1742342400000,20173.238,9664.392,398314.0,240
1742356800000,16262.798,7847.082,282436.0,240
1742371200000,29259.361,15379.528,457014.0,240
1742385600000,47755.976,23804.552,817093.0,240
1742400000000,102445.196,53671.465,1472107.0,240
1742414400000,36065.172,20086.779,614042.0,240
1742428800000,46168.248,23044.94,711572.0,240
1742443200000,17109.791,8662.268,293192.0,240
1742457600000,39885.293,19655.597999999998,561805.0,240
1742472000000,65648.016,32105.621,987313.0,240
1742486400000,55952.889,29474.588,816462.0,240
1742500800000,18179.255,9458.848,277265.0,240
1742515200000,15520.668,7792.515,295511.0,240
1742529600000,20591.929,9206.672,344454.0,240
1742544000000,19775.675,10177.455,328667.0,240
1742558400000,52089.133,26132.439,806415.0,240
1742572800000,25233.681,13004.688,415979.0,240
1742587200000,11211.185,6113.657,188700.0,240
1742601600000,7551.459,3554.581,157080.0,240
1742616000000,6393.596,2913.272,122127.0,240
1742630400000,9147.168,4916.889,160435.0,240
1742644800000,8977.145,4402.196,154066.0,240
1742659200000,6453.155,3296.252,111970.0,240
1742673600000,13696.128999999999,5574.192,176182.0,240
1742688000000,7066.186,3862.919,134153.0,240
1742702400000,5066.142,2621.833,99952.0,240
1742716800000,20060.748,11578.428,272558.0,240
1742731200000,18572.248,9307.985,306512.0,240
1742745600000,19055.791,8780.137,281315.0,240
1742760000000,21078.758,12207.096,300713.0,240
1742774400000,34610.78,17890.979,524756.0,240
1742788800000,31398.367,15563.849,488811.0,240
1742803200000,26543.017,13886.55,448074.0,240
1742817600000,58494.267,28760.497,884671.0,240
1742832000000,34573.071,17705.456,532228.0,240
1742846400000,25287.982,12785.216,403976.0,240
1742860800000,28269.465,14036.314,459971.0,240
1742875200000,22193.451,11258.298999999999,347991.0,240
1742889600000,22125.787,11812.606,336727.0,240
1742904000000,47579.277,23077.649,760234.0,240
1742918400000,23475.471,11599.652,420232.0,240
1742932800000,29861.838,14872.517,443553.0,240
1742947200000,16890.189,8000.994,282418.0,240
1742961600000,22666.057,12071.222,304211.0,240
1742976000000,15319.543,6807.054,249588.0,240
1742990400000,63270.743,30240.894,839026.0,240
1743004800000,40992.066,19177.329,570737.0,240
1743019200000,28818.097,14619.883,374361.0,240
1743033600000,18655.879,9454.083,297286.0,240
1743048000000,10658.862,4818.426,190874.0,240
1743062400000,20115.926,9487.082,301862.0,240
1743076800000,77093.821,36966.865,1041431.0,240
1743091200000,23043.518,11021.635,396899.0,240
1743105600000,13883.683,7760.009,223084.0,240
1743120000000,19440.395,9096.982,297190.0,240
1743134400000,50638.309,24232.476,709751.0,240
1743148800000,36315.505,18029.799,534691.0,240
1743163200000,66581.578,31863.535,1013045.0,240
1743177600000,32959.417,17292.411,585257.0,240
1743192000000,16349.356,8485.866,290054.0,240
1743206400000,18318.477,8691.644,311047.0,240
1743220800000,11481.064,5781.959,218033.0,240
1743235200000,43603.689,19968.681,625493.0,240
1743249600000,22396.817,11336.68,369580.0,240
1743264000000,29476.229,14727.913,483992.0,240
1743278400000,10237.429,4901.5,208775.0,240
1743292800000,19850.117,9838.761,346491.0,240
1743307200000,13129.496,6426.081,212090.0,240
1743321600000,14250.728000000001,6787.329,251747.0,240
1743336000000,18904.413,9503.124,351793.0,240
1743350400000,19922.238,9674.091,354537.0,240
1743364800000,23508.933,11625.667,427401.0,240
1743379200000,31536.956,15527.909,613990.0,240
1743393600000,19826.27,10210.574,416168.0,240
1743408000000,28834.653,14235.04,526394.0,240
1743422400000,80021.15,40782.616,1219031.0,240
1743436800000,32906.251,15887.17,593875.0,240
1743451200000,18939.296,10539.472,331037.0,240
1743465600000,15244.22,7262.915,338675.0,240
1743480000000,15232.027,7634.571,283322.0,240
1743494400000,35987.638,17991.251,546571.0,240
1743508800000,81146.631,41350.675,1190784.0,240
1743523200000,31993.203,16051.188,543225.0,240
1743537600000,17659.457,9694.419,302407.0,240
1743552000000,19256.193,8972.403,367709.0,240
1743566400000,24222.399,11969.799,383144.0,240
1743580800000,30044.064,15043.434,457568.0,240
1743595200000,101403.902,51739.172,1509258.0,240
1743609600000,42796.162,21915.841,859892.0,240
1743624000000,131241.658,65409.267,2122953.0,240
1743638400000,43538.786,21475.085,706086.0,240
1743652800000,18012.198,9134.97,377045.0,240
1743667200000,25845.247,13229.799,447293.0,240
1743681600000,92135.552,45520.609,1428632.0,240
1743696000000,35332.973,18021.818,703158.0,240
1743710400000,24298.763,13676.729000000001,404295.0,240
1743724800000,23066.562,9728.076,421887.0,240
1743739200000,24342.362,13063.78,393701.0,240
1743753600000,90960.90699999999,44269.637,1308666.0,240
1743768000000,128058.822,64829.436,1897600.0,240
1743782400000,67073.197,33660.016,1149199.0,240
1743796800000,19607.356,9641.307,324080.0,240
1743811200000,17023.772,8023.14,281100.0,240
1743825600000,10620.814,5428.238,188920.0,240
1743840000000,11518.556,5457.841,204189.0,240
1743854400000,33111.923,14702.978,510410.0,240
1743868800000,12394.7,6553.781,225188.0,240
1743883200000,14904.439,8998.834,263224.0,240
1743897600000,13707.665,5958.554,232347.0,240
1743912000000,10928.376,5220.445,186585.0,240
1743926400000,16830.905,8889.769,271477.0,240
1743940800000,29601.982,14187.605,462435.0,240
1743955200000,108788.065,50512.504,1577613.0,240
1743969600000,101334.76,51084.646,1728201.0,240
1743984000000,69452.679,35104.865,1242611.0,240
1743998400000,120677.337,57660.479,1955626.0,240
1744012800000,91159.234,45099.195,1402335.0,240
1744027200000,284460.151,142666.243,3829163.0,240
1744041600000,91535.93,46609.685,1486255.0,240
1744056000000,36558.172,18923.438,605248.0,240
1744070400000,44433.57,22575.042,776430.0,240
1744084800000,25868.771,12434.347,502337.0,240
1744099200000,33896.193,17665.055,584221.0,240
1744113600000,92487.008,44430.073,1366469.0,240
1744128000000,100174.783,50467.596,1534816.0,240
1744142400000,31549.209,16584.202,592996.0,240
1744156800000,79097.57,37664.332,1363758.0,240
1744171200000,75116.64,37867.727,1214539.0,240
1744185600000,72634.361,34397.481,1082561.0,240
1744200000000,98020.43,49958.445999999996,1591939.0,240
1744214400000,183836.453,93597.921,2714885.0,240
1744228800000,51944.408,25574.464,831492.0,240
1744243200000,34510.348,15814.559,608065.0,240
1744257600000,28212.148,14201.982,503686.0,240
1744272000000,27826.27,14617.855,521195.0,240
1744286400000,115295.495,55912.829,1754045.0,240
1744300800000,67707.74,34452.204,1253611.0,240
1744315200000,20110.099,9666.056,348629.0,240
1744329600000,41672.942,21099.573,699377.0,240
1744344000000,30258.33,14971.44,506851.0,240
1744358400000,68755.993,35799.208,988525.0,240
1744372800000,79925.014,40425.266,1323352.0,240
1744387200000,54200.084,27994.132,926912.0,240
1744401600000,20965.508,10282.592,377186.0,240
1744416000000,18705.45,9252.581,328877.0,240
1744430400000,21558.323,12127.981,364969.0,240
1744444800000,16179.792,7997.178,299758.0,240
1744459200000,58881.989,32215.045000000002,939201.0,240
1744473600000,21838.433,10347.959,417221.0,240
1744488000000,20838.85,11056.637,400473.0,240
1744502400000,34243.838,17534.326,538739.0,240
1744516800000,28885.799,14909.389,470799.0,240
1744531200000,21104.862,11159.675,372283.0,240
1744545600000,40410.003,19409.911,629323.0,240
1744560000000,42854.152,21241.625,699889.0,240
1744574400000,39539.726,20430.207,666709.0,240
1744588800000,53910.823,28049.652000000002,824704.0,240
1744603200000,20195.283,10110.094,422859.0,240
1744617600000,21445.178,10516.328,417236.0,240
1744632000000,69300.966,34484.999,1097082.0,240
1744646400000,32361.607,16580.502,598432.0,240
1744660800000,12135.499,5885.58,271807.0,240
1744675200000,22331.604,12551.75,436259.0,240
1744689600000,24303.263,12587.155,382833.0,240
1744704000000,27366.079,13635.864,429812.0,240
1744718400000,65580.031,31710.604,1035965.0,240
1744732800000,26216.961,12656.252,480414.0,240
1744747200000,18724.244,9602.037,355898.0,240
1744761600000,25553.467,12831.145,453171.0,240
1744776000000,20539.39,10249.382,365667.0,240
1744790400000,28400.044,14399.393,463714.0,240
1744804800000,51343.8,25678.317,807767.0,240
1744819200000,69049.234,34246.958,1114278.0,240
1744833600000,14555.483,6907.843,295664.0,240
1744848000000,16179.399,7770.241,305107.0,240
1744862400000,20775.92,10905.011,342968.0,240
1744876800000,15124.909,7819.633,278468.0,240
1744891200000,36468.828,17692.067,620370.0,240
1744905600000,42706.516,22927.838,654480.0,240
1744920000000,9777.623,4895.756,196842.0,240
1744934400000,8330.771,4251.505,189937.0,240
1744948800000,12408.591,6286.283,218811.0,240
1744963200000,8899.434,4701.362,166285.0,240
1744977600000,11609.942000000001,5334.43,195735.0,240
1744992000000,8055.92,3840.462,134083.0,240
1745006400000,5914.184,2992.635,121404.0,240
1745020800000,10423.621,5693.901,191621.0,240
1745035200000,13824.92,7153.854,231278.0,240
1745049600000,12830.984,6473.131,217583.0,240
1745064000000,15225.821,7679.078,252885.0,240
1745078400000,16462.047,7846.199,276201.0,240
1745092800000,4613.173,2258.179,108816.0,240
1745107200000,5474.433,2682.799,129963.0,240
1745121600000,15243.765,6403.8730000000005,192516.0,240
1745136000000,23477.675,11306.9,346073.0,240
1745150400000,17096.184,9056.884,276791.0,240
1745164800000,7272.9310000000005,4131.029,131068.0,240
1745179200000,22086.83,11382.585,349629.0,240
1745193600000,72207.253,39235.592,1049981.0,240
1745208000000,19796.228,9768.406,350559.0,240
1745222400000,29449.949,13615.141,406233.0,240
1745236800000,72486.723,36982.682,1061536.0,240
1745251200000,57440.549,29269.711,811210.0,240
1745265600000,22689.169,13437.651,282721.0,240
1745280000000,52155.508,28419.364,750578.0,240
1745294400000,18699.693,9309.077,343085.0,240
1745308800000,19693.026,9200.783,326360.0,240
1745323200000,124199.257,66770.859,1632984.0,240
1745337600000,50079.386,24488.453,712783.0,240
1745352000000,69178.211,39417.014,1064086.0,240
1745366400000,33940.086,16036.568,600529.0,240
1745380800000,28985.949,15837.057,485741.0,240
1745395200000,35725.834,17054.71,536331.0,240
1745409600000,86830.394,43169.195999999996,1383503.0,240
1745424000000,33955.173,16831.228,624720.0,240
1745438400000,13310.992,6577.6539999999995,269254.0,240
1745452800000,19305.989,9394.57,361959.0,240
1745467200000,24136.437,11953.339,400608.0,240
1745481600000,30141.353,15463.267,491786.0,240
1745496000000,36090.385,18209.85,652545.0,240
1745510400000,26446.208,13694.06,475811.0,240
1745524800000,20972.356,11587.314,301023.0,240
1745539200000,29877.009,14952.259,536662.0,240
1745553600000,16763.171,8497.233,305489.0,240
1745568000000,24204.202,12141.272,378850.0,240
1745582400000,78266.827,37635.136,1246103.0,240
1745596800000,31103.127,15435.752,595835.0,240
1745611200000,11616.141,5670.367,225632.0,240
1745625600000,13091.802,6478.348,253075.0,240
1745640000000,10766.592,4798.399,210545.0,240
1745654400000,17868.057,8719.478,289950.0,240
1745668800000,12882.691,6761.535,250365.0,240
1745683200000,6646.13,3422.07,141529.0,240
1745697600000,11282.937,5691.885,195251.0,240
1745712000000,25352.851,12740.762,408586.0,240
1745726400000,12220.315,6010.622,240281.0,240
1745740800000,9208.402,4406.517,175649.0,240
1745755200000,15121.759,8037.631,262477.0,240
1745769600000,9835.889,5614.103,188110.0,240
1745784000000,12076.967,5243.383,228481.0,240
1745798400000,34243.196,17622.386,540975.0,240
1745812800000,19207.845,9994.748,334686.0,240
1745827200000,36146.553,18296.093,486168.0,240
1745841600000,60496.166,29441.752,879907.0,240
1745856000000,27658.149,14014.392,430490.0,240
1745870400000,16668.807,8367.856,254036.0,240
1745884800000,32535.76,17862.164,467048.0,240
1745899200000,17947.813000000002,9628.386,311320.0,240
1745913600000,17261.808,7803.713,310271.0,240
1745928000000,25266.996,12658.247,471102.0,240
1745942400000,25414.524,12752.34,436792.0,240
1745956800000,29404.893,13765.322,484579.0,240
1745971200000,18097.325,9573.642,311088.0,240
1745985600000,15073.172,7047.53,244672.0,240
1746000000000,14665.449,8144.214,217957.0,240
1746014400000,81587.654,39461.164,1087410.0,240
1746028800000,22363.333,11572.025,397222.0,240
1746043200000,19142.377,10119.942,329704.0,240
1746057600000,19363.191,10563.210000000001,283014.0,240
1746072000000,16342.807999999999,8526.1,243445.0,240
1746086400000,41762.093,23035.707,600583.0,240
1746100800000,62733.29,32009.115,952828.0,240
1746115200000,28899.433,14693.423,462351.0,240
1746129600000,15425.94,7697.865,283147.0,240
1746144000000,17200.018,9011.213,329416.0,240
1746158400000,19341.642,8179.636,307796.0,240
1746172800000,14786.274,7846.745,257905.0,240
1746187200000,54228.729999999996,26559.521,747557.0,240
1746201600000,23304.485,11747.314,409640.0,240
1746216000000,10336.377,5389.973,187933.0,240
1746230400000,12788.794,6111.999,213964.0,240
1746244800000,10809.148,5621.007,193385.0,240
1746259200000,15912.985,7329.177,246634.0,240
1746273600000,11574.759,5872.605,198205.0,240
1746288000000,10135.037,4926.958,195442.0,240
1746302400000,10199.906,4498.832,159494.0,240
1746316800000,14654.377,7588.635,286812.0,240
1746331200000,9794.382,5423.181,187513.0,240
1746345600000,17133.692,7842.83,279893.0,240
1746360000000,13352.424,7041.081,215220.0,240
1746374400000,9415.553,4884.649,156908.0,240
1746388800000,29910.449,13279.144,423834.0,240
1746403200000,35169.994,16666.644,528030.0,240
1746417600000,18884.983,9320.643,272539.0,240
1746432000000,18035.166,8951.419,274155.0,240
1746446400000,37424.134,19027.856,569151.0,240
1746460800000,24018.27,12828.72,376910.0,240
1746475200000,21369.828,11824.341,343364.0,240
1746489600000,16000.398,7815.312,298320.0,240
1746504000000,8862.333,4600.044,171851.0,240
1746518400000,23699.819,10517.615,318920.0,240
1746532800000,48631.997,24472.328,658481.0,240
1746547200000,27227.515,13392.275,426969.0,240
1746561600000,49261.004,26436.543,682297.0,240
1746576000000,49252.243,25639.461,687987.0,240
1746590400000,15114.534,7888.797,241319.0,240
1746604800000,14368.674,7012.378,214843.0,240
1746619200000,34956.983,16630.779,501189.0,240
1746633600000,48429.239,23411.221,746850.0,240
1746648000000,23145.469,11857.028,347100.0,240
1746662400000,60617.723,33802.49,853862.0,240
1746676800000,32945.558,16322.236,465220.0,240
1746691200000,31717.498,15499.614,409400.0,240
1746705600000,83079.999,43087.082,1023790.0,240
1746720000000,44847.125,22622.673,674804.0,240
1746734400000,64214.566,35720.394,1018914.0,240
1746748800000,24344.001,11747.452,473768.0,240
1746763200000,31095.631999999998,16381.641,516082.0,240
1746777600000,46422.104,22321.671,824307.0,240
1746792000000,38682.86,18648.749,745155.0,240
1746806400000,23424.037,11670.021999999999,432622.0,240
1746820800000,8915.288,4193.98,188847.0,240
1746835200000,9036.731,4353.507,201357.0,240
1746849600000,18134.111,9746.173,338250.0,240
1746864000000,18529.911,7638.274,382250.0,240
1746878400000,13607.261,6728.919,252474.0,240
1746892800000,14747.802,7544.604,293524.0,240
1746907200000,30328.721,17264.638,511498.0,240
1746921600000,27276.827,11941.805,563566.0,240
1746936000000,18978.685,8935.621,343670.0,240
1746950400000,24045.282,12848.729,376181.0,240
1746964800000,30912.963,14740.78,525883.0,240
1746979200000,20721.626,10055.324,397454.0,240
1746993600000,17201.038,8593.379,345951.0,240
1747008000000,30422.81,15106.132,556773.0,240
1747022400000,52152.229,26896.807,787766.0,240
1747036800000,27636.31,12952.966,502178.0,240
1747051200000,70155.841,33742.701,1082516.0,240
1747065600000,55847.607,26263.543,868090.0,240
1747080000000,20327.902,10404.486,374280.0,240
1747094400000,25611.921,13147.773,558447.0,240
1747108800000,18458.159,9111.847,346614.0,240
1747123200000,22686.972999999998,11242.618,388530.0,240
1747137600000,44843.029,20932.833,765094.0,240
1747152000000,35688.452,19327.837,618893.0,240
1747166400000,15079.794,6980.571,331817.0,240
1747180800000,16919.418,8281.184,357368.0,240
1747195200000,13321.09,6997.758,264294.0,240
1747209600000,29067.801,14140.244,462049.0,240
1747224000000,39994.122,18638.919,655019.0,240
1747238400000,20724.08,10414.675000000001,394727.0,240
1747252800000,6237.586,3199.113,155568.0,240
1747267200000,16572.907,7592.709,318882.0,240
1747281600000,23248.87,11126.782,431402.0,240
1747296000000,26222.22,14006.636,458487.0,240
1747310400000,48382.314,23673.19,898727.0,240
1747324800000,40544.155,20357.062,745428.0,240
1747339200000,21373.64,10757.351,403674.0,240
1747353600000,22492.546,11801.225,429745.0,240
1747368000000,14442.576,6771.715,299951.0,240
1747382400000,21526.35,10998.595,383031.0,240
1747396800000,26264.535,13168.569,500310.0,240
1747411200000,20926.27,10118.595,459014.0,240
1747425600000,9860.772,4571.361,231783.0,240
1747440000000,26575.089,12954.053,486695.0,240
1747454400000,10427.045,5128.815,235007.0,240
1747468800000,22486.468,11064.624,385304.0,240
1747483200000,11160.074,5284.03,280947.0,240
1747497600000,10946.644,5421.888,264611.0,240
1747512000000,8777.349,4607.75,247210.0,240
1747526400000,6439.874,2861.158,181209.0,240
1747540800000,13111.12,7716.973,230152.0,240
1747555200000,12871.838,6488.374,256072.0,240
1747569600000,41829.123999999996,23083.263,744810.0,240
1747584000000,49587.471,21951.767,906490.0,240
1747598400000,49384.857,27788.517,967533.0,240
1747612800000,51326.874,24578.707,1003446.0,240
1747627200000,57011.12,27629.435,1038128.0,240
1747641600000,20571.05,9678.313,418883.0,240
1747656000000,60679.364,30182.257,909973.0,240
1747670400000,47160.881,23238.821,702139.0,240
1747684800000,21076.315,11109.284,383349.0,240
1747699200000,42632.84,22075.067,822939.0,240
1747713600000,27220.608,13361.318,511646.0,240
1747728000000,20790.139,10754.77,355487.0,240
1747742400000,41453.456,21674.122,680694.0,240
1747756800000,54588.39,29125.881,880229.0,240
1747771200000,39501.813,19071.177,689212.0,240
1747785600000,22911.733,10846.427,503198.0,240
1747800000000,49534.063,25192.307,841056.0,240
1747814400000,30178.731,15225.086,479845.0,240
1747828800000,94965.494,48133.362,1468357.0,240
1747843200000,157112.935,78431.525,1975451.0,240
1747857600000,58886.898,31677.372,921845.0,240
1747872000000,64755.016,33541.748,1141800.0,240
1747886400000,47573.709,23544.324,772821.0,240
1747900800000,32748.467,17443.403,610969.0,240
1747915200000,49945.987,24137.66,1034057.0,240
1747929600000,34534.378,17340.527,706679.0,240
1747944000000,16509.476,8607.328,346050.0,240
1747958400000,22959.44,11012.47,447788.0,240
1747972800000,23761.569,11802.878,433096.0,240
1747987200000,45137.26,20972.703,709198.0,240
1748001600000,108855.124,54631.162,1847561.0,240
1748016000000,46212.629,22619.185,859715.0,240
1748030400000,32554.325,15408.289,646004.0,240
1748044800000,24382.839,13509.897,517132.0,240
1748059200000,21546.444,9321.536,399563.0,240
1748073600000,34423.684,16728.807,601241.0,240
1748088000000,29417.399,14492.522,468796.0,240
1748102400000,18957.367,9639.369,287883.0,240
1748116800000,36431.025,15444.299,564240.0,240
1748131200000,24941.567,12481.625,509552.0,240
1748145600000,14442.712,6309.313,274144.0,240
1748160000000,32864.988,15648.211,577823.0,240
1748174400000,33112.095,15591.941,564437.0,240
1748188800000,14416.703,7602.156,327275.0,240
1748203200000,39687.738,19230.005,685500.0,240
1748217600000,31295.991,15597.723,561622.0,240
1748232000000,21821.547,11076.142,397180.0,240
1748246400000,14879.39,6880.969,306693.0,240
1748260800000,30300.067,16235.216,564501.0,240
1748275200000,34224.496,16352.199,616391.0,240
1748289600000,14470.729,7553.4400000000005,330198.0,240
1748304000000,51580.633,24150.388,920832.0,240
1748318400000,24898.577,12861.092,493516.0,240
1748332800000,22031.647,10314.159,369953.0,240
1748347200000,77612.28600000001,38219.991,1243595.0,240
1748361600000,27423.933,13747.43,586870.0,240
1748376000000,20052.829,10211.164,450530.0,240
1748390400000,20569.689,10707.737,427750.0,240
1748404800000,12077.087,5998.023,268687.0,240
1748419200000,25977.609,12890.37,435296.0,240
1748433600000,53509.222,25339.576,935584.0,240
1748448000000,25973.073,12486.394,516269.0,240
1748462400000,20311.079,10067.991,426076.0,240
1748476800000,22974.724,11313.25,499706.0,240
1748491200000,21142.095,9837.384,385635.0,240
1748505600000,27695.002,13580.886,481260.0,240
1748520000000,66342.689,32140.022,1090918.0,240
1748534400000,52209.294,25094.869,969213.0,240
1748548800000,22737.451,11224.157,440899.0,240
1748563200000,41953.33,20953.956,762735.0,240
1748577600000,28438.438,13410.519,532631.0,240
1748592000000,35034.252,16456.61,664699.0,240
1748606400000,38288.794,19459.215,776467.0,240
1748620800000,52008.664,25418.669,928495.0,240
1748635200000,23977.824,11223.523,497083.0,240
1748649600000,32955.856,16067.038,752930.0,240
1748664000000,11063.628999999999,5443.356,238680.0,240
1748678400000,10547.557,5274.833,248964.0,240
1748692800000,29627.761,15273.82,483855.0,240
1748707200000,11091.248,4767.556,251612.0,240
1748721600000,8321.789,3753.188,197493.0,240
1748736000000,14341.262,7393.677,304254.0,240
1748750400000,9469.678,4674.207,202506.0,240
1748764800000,15555.538,7830.878,318122.0,240
1748779200000,16896.822,8306.908,345663.0,240
1748793600000,24033.126,12154.681,445618.0,240
1748808000000,17123.814,8420.127,343786.0,240
1748822400000,17614.141,8198.17,375517.0,240
1748836800000,15376.453,7701.878,303406.0,240
1748851200000,39491.959,18873.183,656632.0,240
1748865600000,42551.179000000004,21840.375,783618.0,240
1748880000000,15855.761,7820.324,386081.0,240
1748894400000,27363.425,13806.754,489549.0,240
1748908800000,29321.06,14330.937,547063.0,240
1748923200000,12956.522,6638.888,249888.0,240
1748937600000,12289.458,6366.031,235405.0,240
1748952000000,42236.633,21321.94,748259.0,240
1748966400000,25039.332,12456.712,493736.0,240
1748980800000,17373.002,8615.631,332557.0,240
1748995200000,15154.628,7874.639,313623.0,240
1749009600000,9967.039,5278.603,211200.0,240
1749024000000,22229.278,11055.743,373175.0,240
1749038400000,44030.271,21710.506,762622.0,240
1749052800000,14054.096,6711.439,302750.0,240
1749067200000,13098.813,5990.811,264539.0,240
1749081600000,11856.411,5880.314,248867.0,240
1749096000000,15487.56,7304.798,279778.0,240
1749110400000,10288.16,5410.911,218630.0,240
1749124800000,68596.81999999999,33593.766,1082456.0,240
1749139200000,76338.478,34444.719,1241635.0,240
1749153600000,63671.245,30531.831,1048698.0,240
1749168000000,24397.812,12448.759,441280.0,240
1749182400000,28923.945,14056.889,441858.0,240
1749196800000,24302.565,12138.33,401360.0,240
1749211200000,61774.111,31062.122,944279.0,240
1749225600000,25548.57,11537.136,483259.0,240
1749240000000,9353.903,5202.367,198189.0,240
1749254400000,15787.969,8429.993,300733.0,240
1749268800000,13412.440999999999,6951.083,255282.0,240
1749283200000,10912.449,5818.331,213316.0,240
1749297600000,19660.879,10783.993,358191.0,240
1749312000000,13309.422,7080.013,237967.0,240
1749326400000,6750.013,3140.0460000000003,145354.0,240
1749340800000,8070.07,3938.471,158547.0,240
1749355200000,5648.9349999999995,2985.581,117456.0,240
1749369600000,15763.69,7971.629,282336.0,240
1749384000000,19486.972,9870.529,345100.0,240
1749398400000,13202.73,7258.606,233170.0,240
1749412800000,12932.707,6721.058,261116.0,240
1749427200000,12640.84,6644.148,286145.0,240
1749441600000,8731.33,4673.568,180240.0,240
1749456000000,49256.42,28053.385,769063.0,240
1749470400000,43730.983,20803.596,714522.0,240
1749484800000,31629.447,16876.987,549596.0,240
1749499200000,46967.389,26591.202,706636.0,240
1749513600000,20879.389,9571.004,370604.0,240
1749528000000,17640.424,9019.86,330655.0,240
1749542400000,22098.84,11181.687,375383.0,240
1749556800000,44120.927,21775.926,784444.0,240
1749571200000,29872.958,15227.123,545653.0,240
1749585600000,17604.436,8892.424,374614.0,240
1749600000000,12285.286,5815.356,277386.0,240
1749614400000,9255.542,4456.35,207933.0,240
1749628800000,11892.147,6079.025,245591.0,240
1749643200000,47346.71,23738.563,817418.0,240
1749657600000,33333.871,14955.475,643722.0,240
1749672000000,20308.765,9906.467,400940.0,240
1749686400000,24193.834,12062.563,442265.0,240
1749700800000,17432.701,9013.497,336914.0,240
1749715200000,20489.988,9239.152,381114.0,240
1749729600000,44438.417,21984.555,737544.0,240
1749744000000,36093.638,17594.305,669065.0,240
1749758400000,43141.612,18935.15,753926.0,240
1749772800000,98662.526,47157.627,1711365.0,240
1749787200000,27313.357,14081.78,601251.0,240
1749801600000,28154.767,14846.937,553852.0,240
1749816000000,46774.893,24369.714,893464.0,240
1749830400000,31938.527,16140.699,693554.0,240
1749844800000,13091.343,7026.514999999999,278444.0,240
1749859200000,16567.596,7974.425,308215.0,240
1749873600000,9863.73,4917.752,199652.0,240
1749888000000,7912.806,4249.514,179697.0,240
1749902400000,11378.285,5320.95,233840.0,240
1749916800000,18623.517,9265.537,375597.0,240
1749931200000,15565.636,7756.088,315152.0,240
1749945600000,7896.238,3758.6639999999998,161623.0,240
1749960000000,16601.293999999998,7981.367,262910.0,240
1749974400000,10938.222,5442.495,234141.0,240
1749988800000,16414.581,9134.067000000001,332847.0,240
1750003200000,10211.904,4771.557,233577.0,240
1750017600000,16757.16,8392.234,390624.0,240
1750032000000,17792.791,9032.744,412295.0,240
1750046400000,30100.727,17373.271,495472.0,240
1750060800000,16343.835,7524.9439999999995,323381.0,240
1750075200000,32297.364,16089.175,664591.0,240
1750089600000,31766.821,16330.191,562999.0,240
1750104000000,38511.681,18803.148,676081.0,240
1750118400000,37289.67,19362.323,759091.0,240
1750132800000,17587.099,8327.78,350180.0,240
1750147200000,28139.512,13431.604,504933.0,240
1750161600000,60675.19,29522.949,916559.0,240
1750176000000,58959.759,29818.289,1023493.0,240
1750190400000,23400.633,11795.887,416153.0,240
1750204800000,14529.003,7661.448,306367.0,240
1750219200000,17150.86,8209.983,328643.0,240
1750233600000,24837.186,12107.759,459647.0,240
1750248000000,52718.894,26776.868,916657.0,240
1750262400000,44220.997,21516.045000000002,855611.0,240
1750276800000,19249.459,9836.172,352540.0,240
1750291200000,15050.881,7334.0,300592.0,240
1750305600000,12630.633,5759.226,205054.0,240
1750320000000,9030.799,4290.399,181589.0,240
1750334400000,21664.367000000002,10479.517,365231.0,240
1750348800000,19357.697,9968.047,342514.0,240
1750363200000,9976.228000000001,5276.565,211253.0,240
1750377600000,8187.275,4139.718,181590.0,240
1750392000000,22781.587,12856.634,334081.0,240
1750406400000,35129.8,17006.792,517455.0,240
1750420800000,58185.489,27536.607,850010.0,240
1750435200000,58187.934,27449.166,907371.0,240
1750449600000,16630.05,8427.187,318404.0,240
1750464000000,8659.61,4538.486,179372.0,240
1750478400000,6144.184,2886.077,130959.0,240
1750492800000,12050.22,6182.229,193556.0,240
1750507200000,17939.107,8559.976,282362.0,240
1750521600000,22756.187,9932.844,379394.0,240
1750536000000,53222.042,26353.977,867961.0,240
1750550400000,46913.542,23896.439,887153.0,240
1750564800000,16170.421,8390.551,325274.0,240
1750579200000,14959.173999999999,7460.502,309992.0,240
1750593600000,119443.671,57526.256,1660964.0,240
1750608000000,44659.1,22909.826,803653.0,240
1750622400000,51416.728,26887.947,889055.0,240
1750636800000,27455.568,14169.825,488508.0,240
1750651200000,23144.867,11618.957,391608.0,240
1750665600000,18847.037,8670.372,335841.0,240
1750680000000,54410.602,27058.128,940370.0,240
1750694400000,96846.702,48487.965,1473213.0,240
1750708800000,76517.265,40459.764,1087671.0,240
1750723200000,22863.359,10789.198,422289.0,240
1750737600000,27514.69,13209.837,447016.0,240
1750752000000,23689.654,12167.321,416502.0,240
1750766400000,32530.67,16311.345,561654.0,240
1750780800000,27242.578999999998,13609.254,488322.0,240
1750795200000,10608.935,5714.246,229697.0,240
1750809600000,25837.304,13713.432999999999,459860.0,240
1750824000000,11857.788,6025.5,222877.0,240
1750838400000,25270.696,13090.808,428448.0,240
1750852800000,62655.746,31020.084,906466.0,240
1750867200000,20971.111,10603.124,401913.0,240
1750881600000,12685.178,6695.936,245839.0,240
1750896000000,21442.778,11169.472,418305.0,240
1750910400000,10862.684,5281.371,223334.0,240
1750924800000,17852.704,8026.7970000000005,314208.0,240
1750939200000,33276.67,17003.184,598457.0,240
1750953600000,13297.913,6558.998,301090.0,240
1750968000000,17700.637,8712.252,325697.0,240
1750982400000,15903.805,8182.509,285239.0,240
1750996800000,13995.556,6738.591,240241.0,240
1751011200000,18756.592,10430.821,283243.0,240
1751025600000,34011.743,17122.254,547025.0,240
1751040000000,27344.038,13020.803,480861.0,240
1751054400000,8625.716,4622.135,168453.0,240
1751068800000,8573.672,4949.308,166009.0,240
1751083200000,5266.941,2611.297,121015.0,240
1751097600000,5080.545,2376.634,106620.0,240
1751112000000,6987.81,3839.243,130298.0,240
1751126400000,6567.659,3230.966,134006.0,240
1751140800000,3193.792,1584.43,89245.0,240
1751155200000,6341.251,3185.02,106278.0,240
1751169600000,3360.312,1870.525,70069.0,240
1751184000000,25224.949,14480.99,416172.0,240
1751198400000,14699.842,6378.889,280484.0,240
1751212800000,13327.099,6387.249,233258.0,240
1751227200000,16494.872,9249.33,292643.0,240
1751241600000,16475.112,8324.502,278093.0,240
1751256000000,20237.325,9952.989,292001.0,240
1751270400000,14358.165,7272.242,219901.0,240
1751284800000,38964.361,18497.582,572506.0,240
1751299200000,15502.118,7684.345,309087.0,240
1751313600000,9144.305,4168.37,193508.0,240
1751328000000,9332.538,4550.687,192059.0,240
1751342400000,15896.58,7731.238,257899.0,240
1751356800000,16028.372,7885.626,269887.0,240
1751371200000,45292.146,21795.349,705783.0,240
1751385600000,21726.122,10414.646,371066.0,240
1751400000000,12158.643,6234.418,247037.0,240
1751414400000,15209.233,7802.611,275438.0,240
1751428800000,21402.727,11263.22,334142.0,240
1751443200000,30093.388,14351.858,396949.0,240
1751457600000,42934.441,23683.181,606638.0,240
1751472000000,52472.299,27820.917,756538.0,240
1751486400000,15455.173,7492.139,251753.0,240
1751500800000,12861.074,6298.619,245253.0,240
1751515200000,16803.208,9122.503,278665.0,240
1751529600000,26021.311,13827.023,394664.0,240
1751544000000,60448.794,30491.821,936205.0,240
1751558400000,17643.766,9633.685,322275.0,240
1751572800000,7709.844,3854.238,165512.0,240
1751587200000,10659.199,5098.493,204085.0,240
1751601600000,15465.862,7092.355,258722.0,240
1751616000000,16634.811,8690.556,232277.0,240
1751630400000,48983.286,22701.508,670760.0,240
1751644800000,28292.819,13621.032,397776.0,240
1751659200000,12269.87,7045.755,193542.0,240
1751673600000,7916.035,3934.171,152115.0,240
1751688000000,7573.066,3855.743,137885.0,240
1751702400000,5891.798,3035.268,127108.0,240
1751716800000,5090.317,2503.411,107777.0,240
1751731200000,6157.434,3164.205,120770.0,240
1751745600000,4032.298,1969.231,89296.0,240
1751760000000,4372.14,2070.173,80119.0,240
1751774400000,3924.309,2080.089,80920.0,240
1751788800000,7597.263,3689.102,115738.0,240
1751803200000,25569.418999999998,13737.627,404931.0,240
1751817600000,10930.018,4789.336,215006.0,240
1751832000000,19995.454,10740.699,382163.0,240
1751846400000,15642.606,8069.146,286556.0,240
1751860800000,11504.51,5457.532,199152.0,240
1751875200000,12004.305,5736.906,187974.0,240
1751889600000,30362.595,14716.175,506965.0,240
1751904000000,28556.766,13806.424,448019.0,240
1751918400000,8326.796,4352.862,159880.0,240
1751932800000,17984.307,8875.949,305139.0,240
1751947200000,10189.634,5736.816,174010.0,240
1751961600000,15943.556,7889.597,257254.0,240
1751976000000,24144.169,11367.26,435725.0,240
1751990400000,20875.072,10715.77,357181.0,240
1752004800000,6019.289,2862.686,128982.0,240
1752019200000,11601.542,5480.618,191265.0,240
1752033600000,9998.912,5167.467,172217.0,240
1752048000000,9544.375,4619.969,166009.0,240
1752062400000,44231.698,23042.163,631731.0,240
1752076800000,55843.017,32200.796,792727.0,240
1752091200000,36615.187,17414.09,594673.0,240
1752105600000,13062.149,6717.533,230907.0,240
1752120000000,10503.767,5218.845,192945.0,240
1752134400000,12366.984,5606.607,188156.0,240
1752148800000,29486.905,14592.182,473279.0,240
1752163200000,78710.069,41629.059,1059557.0,240
1752177600000,81440.339,45444.527,1275879.0,240
1752192000000,29918.239999999998,16224.614,546109.0,240
1752206400000,57156.787,28389.763,848809.0,240
1752220800000,30866.366,15848.845,520958.0,240
1752235200000,41834.893,20165.564,752796.0,240
1752249600000,25630.995,12986.108,518888.0,240
1752264000000,14412.076000000001,7169.8,293948.0,240
1752278400000,8464.791,4209.026,183755.0,240
1752292800000,9786.843,4708.445,202642.0,240
1752307200000,10654.146,5426.361,219436.0,240
1752321600000,20538.261,9681.369,408007.0,240
1752336000000,8165.5289999999995,4503.213,171936.0,240
1752350400000,6112.902,2865.619,144729.0,240
1752364800000,7178.918,3770.275,173806.0,240
1752379200000,7310.041,3857.844,158604.0,240
1752393600000,6329.781,3186.925,137611.0,240
1752408000000,39022.92,20057.701,681698.0,240
1752422400000,14954.202,7523.714,330640.0,240
1752436800000,15256.519,7413.372,328614.0,240
1752451200000,43343.17,24398.302,746110.0,240
1752465600000,55896.715,29105.88,958569.0,240
1752480000000,26389.017,12675.006,506710.0,240
1752494400000,50636.426,24190.167,931054.0,240
1752508800000,31947.629,16176.504,626488.0,240
1752523200000,13343.163,7288.814,265739.0,240
1752537600000,58092.182,27472.711,1033780.0,240
1752552000000,43592.968,21620.551,724185.0,240
1752566400000,23334.349,12212.379,440261.0,240
1752580800000,79630.187,38126.92,1351529.0,240
1752595200000,45663.41,21698.192,783843.0,240
1752609600000,19664.35,10316.747,405059.0,240
1752624000000,17005.915,8217.164,359945.0,240
1752638400000,14568.033,7637.208,293244.0,240
1752652800000,24815.797,12525.754,446287.0,240
1752667200000,52951.251000000004,26523.399,991059.0,240
1752681600000,27062.815,13877.846,619143.0,240
1752696000000,22762.137,10892.179,451202.0,240
1752710400000,24347.198,11268.132,502522.0,240
1752724800000,15838.307,8149.001,360097.0,240
1752739200000,19524.523,9463.798,415792.0,240
1752753600000,33485.56,16596.263,655214.0,240
1752768000000,24071.418,12376.544,516694.0,240
1752782400000,47007.395,24678.526,851351.0,240
1752796800000,22719.763,12006.857,545043.0,240
1752811200000,21765.573,10287.036,465628.0,240
1752825600000,27047.111,13389.613,543547.0,240
1752840000000,46533.252,21779.583,900166.0,240
1752854400000,20948.078,10135.841,499119.0,240
1752868800000,23233.129,11173.1,414649.0,240
1752883200000,9844.745,4895.4039999999995,238838.0,240
1752897600000,5699.452,2362.405,145406.0,240
1752912000000,7488.051,3371.193,172866.0,240
1752926400000,11576.241,5569.706,266642.0,240
1752940800000,8300.911,3800.041,189976.0,240
1752955200000,9621.793,4527.972,235184.0,240
1752969600000,7587.22,4214.986,185735.0,240
1752984000000,5749.199,3056.904,131629.0,240
1752998400000,9129.395,4498.14,196481.0,240
1753012800000,17153.006,9345.337,378479.0,240
1753027200000,13641.525,6032.178,304916.0,240
1753041600000,29120.237,12374.712,554142.0,240
1753056000000,21656.729,11290.979,493271.0,240
1753070400000,21794.769,12748.985,403280.0,240
1753084800000,19078.201,8154.711,358058.0,240
1753099200000,33398.890999999996,16149.132,666366.0,240
1753113600000,33604.587,14407.381,654744.0,240
1753128000000,12352.671,6819.577,287189.0,240
1753142400000,31111.146,13652.788,593568.0,240
1753156800000,25633.459,12845.434,541821.0,240
1753171200000,26898.785,14210.865,517253.0,240
1753185600000,51696.429,25425.722,850739.0,240
1753200000000,36767.964,20657.415,603310.0,240
1753214400000,14724.667,7798.969,294172.0,240
1753228800000,18660.208,8375.268,348116.0,240
1753243200000,14724.267,7206.326,272799.0,240
1753257600000,20516.01,10062.422,340550.0,240
1753272000000,37596.998,17080.612,630175.0,240
1753286400000,22578.767,10994.028,480238.0,240
1753300800000,22910.647,12893.896,411557.0,240
1753315200000,19395.181,9444.039,337604.0,240
1753329600000,33247.023,15195.58,569357.0,240
1753344000000,21819.142,11395.602,404308.0,240
1753358400000,34069.135,17278.742,620900.0,240
1753372800000,19232.517,9411.778,404847.0,240
1753387200000,9614.615,4769.057,229914.0,240
1753401600000,67458.1,30033.685,1077422.0,240
1753416000000,58534.653,27670.862,906041.0,240
1753430400000,44704.838,21526.147,740839.0,240
1753444800000,47785.037,22259.164,926253.0,240
1753459200000,22061.427,11116.835,497250.0,240
1753473600000,19842.699,10549.749,334871.0,240
1753488000000,11547.475,5024.454,243752.0,240
1753502400000,5970.02,2440.688,143112.0,240
1753516800000,16554.074,9906.946,263164.0,240
1753531200000,10334.632,5199.974,219296.0,240
1753545600000,6040.4310000000005,2759.508,141852.0,240
1753560000000,6771.972,3126.578,149398.0,240
1753574400000,6261.936,3257.485,158847.0,240
1753588800000,5969.934,2794.65,127436.0,240
1753603200000,8614.694,4357.471,161878.0,240
1753617600000,14083.048,7612.641,260914.0,240
1753632000000,27165.447,14092.732,522658.0,240
1753646400000,13883.9,7154.378,297153.0,240
1753660800000,14577.544,7278.672,339997.0,240
1753675200000,13369.059,6304.252,297113.0,240
1753689600000,12578.189,5815.517,270349.0,240
1753704000000,33484.739,15092.421,688369.0,240
1753718400000,22310.897,9969.714,483371.0,240
1753732800000,10391.901,4902.809,294706.0,240
1753747200000,16848.829,8229.052,404473.0,240
1753761600000,13443.52,6751.6630000000005,330201.0,240
1753776000000,12770.764,5786.365,314588.0,240
1753790400000,34225.744,16016.917,690504.0,240
1753804800000,24192.938,11408.863,486779.0,240
1753819200000,13781.668,6860.208,325116.0,240
1753833600000,9850.102,4815.722,258836.0,240
1753848000000,9746.446,4665.387,224670.0,240
1753862400000,15902.454,7129.185,339211.0,240
1753876800000,28851.628,14504.23,651876.0,240
1753891200000,46229.505,22343.465,910321.0,240
1753905600000,14337.722,7400.805,310251.0,240
1753920000000,17973.204,9385.083,339454.0,240
1753934400000,12172.541,6083.666,223458.0,240
1753948800000,8609.962,4167.52,184760.0,240
1753963200000,26860.019,13588.681,556032.0,240
1753977600000,34611.488,15922.193,639606.0,240
1753992000000,34810.253,15707.499,710276.0,240
1754006400000,42604.847,20145.998,883811.0,240
1754020800000,21214.534,10066.860999999999,487632.0,240
1754035200000,26589.382,13404.191,578750.0,240
1754049600000,54800.767,27106.158,1107777.0,240
1754064000000,46088.416,21000.588,937296.0,240
1754078400000,29984.153,14693.03,676424.0,240
1754092800000,11027.075,5768.848,297713.0,240
1754107200000,11938.326000000001,5246.152,265122.0,240
1754121600000,10218.835000000001,4580.703,233222.0,240
1754136000000,18494.393,7646.858,358947.0,240
1754150400000,36337.074,16468.283,697149.0,240
1754164800000,14443.745,7458.38,400983.0,240
1754179200000,17961.77,9072.63,426640.0,240
1754193600000,6301.771,3015.389,152125.0,240
1754208000000,11023.459,5884.773,229143.0,240
1754222400000,10900.396,5057.414,280376.0,240
1754236800000,10570.464,5129.38,284014.0,240
1754251200000,6426.009,2937.51,214609.0,240
1754265600000,12295.237,5969.819,332267.0,240
1754280000000,9279.797,4240.302,238620.0,240
1754294400000,7637.669,3539.276,233104.0,240
1754308800000,27575.335,13276.087,623698.0,240
1754323200000,17022.068,8605.818,435804.0,240
1754337600000,9518.485,4801.134,259088.0,240
1754352000000,10318.429,4953.591,284718.0,240
1754366400000,16889.881,7445.188,303223.0,240
1754380800000,15542.383,8458.894,345471.0,240
1754395200000,48789.021,22554.355,1054150.0,240
1754409600000,16283.201000000001,7784.519,443249.0,240
1754424000000,11493.513,5434.661,261259.0,240
1754438400000,9186.999,4043.657,252613.0,240
1754452800000,14343.657,7432.395,324001.0,240
1754467200000,11807.499,5552.6900000000005,264060.0,240
1754481600000,37775.792,19895.801,799013.0,240
1754496000000,18625.447,8547.737,398007.0,240
1754510400000,6859.276,3037.487,169636.0,240
1754524800000,10847.644,5448.987,250354.0,240
1754539200000,10679.936,6025.183,223248.0,240
1754553600000,40981.265,22628.5,620345.0,240
1754568000000,24976.017,11580.796,510713.0,240
1754582400000,31486.178,16876.273,565749.0,240
1754596800000,15438.015,7761.0779999999995,307192.0,240
1754611200000,17323.039,8002.285,486664.0,240
1754625600000,10920.557,5287.938,252859.0,240
1754640000000,10056.008,4899.514,219923.0,240
1754654400000,25731.574,12319.989,529122.0,240
1754668800000,18032.069,9217.002,376780.0,240
1754683200000,7765.364,4125.774,176642.0,240
1754697600000,5712.949,2775.842,137522.0,240
1754712000000,14934.749,7562.49,264638.0,240
1754726400000,25544.615999999998,13427.766,476850.0,240
1754740800000,13944.013,7285.961,267022.0,240
1754755200000,7593.202,3616.573,180640.0,240
1754769600000,10195.005,5476.956,187266.0,240
1754784000000,34945.873999999996,19714.822,527399.0,240
1754798400000,29066.653,13350.404,517767.0,240
1754812800000,16040.238,7450.555,327515.0,240
1754827200000,22868.048,11936.692000000001,439934.0,240
1754841600000,7283.134,3649.124,197565.0,240
1754856000000,20127.832,9738.355,410477.0,240
1754870400000,59538.202,32233.366,1086494.0,240
1754884800000,27806.843,14833.414,538633.0,240
1754899200000,28876.249,13978.454,583080.0,240
1754913600000,48113.091,23571.001,963400.0,240
1754928000000,32996.458,14284.976,643206.0,240
1754942400000,19757.411,9571.437,445591.0,240
1754956800000,13300.142,6902.303,322441.0,240
1754971200000,14300.013,6421.957,320810.0,240
1754985600000,13998.651,6413.742,308206.0,240
1755000000000,45134.657,23509.267,820194.0,240
1755014400000,22828.66,10925.741,486906.0,240
1755028800000,16146.432,8610.525,350482.0,240
1755043200000,16859.449,7754.997,364980.0,240
1755057600000,16032.891,7559.844,354435.0,240
1755072000000,23680.705,12208.065,448427.0,240
1755086400000,65444.155,31989.743,1204605.0,240
1755100800000,32963.963,17223.638,645805.0,240
1755115200000,33092.71,16565.287,636420.0,240
1755129600000,29585.605,14359.545,619660.0,240
1755144000000,41732.33,18629.434,655439.0,240
1755158400000,25372.784,11757.693,457617.0,240
1755172800000,112404.602,52786.417,1910861.0,240
1755187200000,32884.838,15973.313,745431.0,240
1755201600000,17821.411,8031.925,381683.0,240
1755216000000,14657.063,7495.67,390411.0,240
1755230400000,13276.33,7013.404,299463.0,240
1755244800000,8916.305,4174.504,235977.0,240
1755259200000,48081.547,22097.419,999017.0,240
1755273600000,24658.013,12694.865,543250.0,240
1755288000000,10953.099,5805.488,246815.0,240
1755302400000,10472.387,4690.119,228096.0,240
1755316800000,8878.588,5089.244,188170.0,240
1755331200000,8197.037,4058.277,199368.0,240
1755345600000,7789.925,4020.648,181544.0,240
1755360000000,4894.852,1851.114,108030.0,240
1755374400000,6441.631,2654.485,137527.0,240
1755388800000,5731.934,2952.3849999999998,152772.0,240
1755403200000,9439.515,5097.036,179658.0,240
1755417600000,9265.939,4601.406,191703.0,240
1755432000000,7883.199,3692.38,172181.0,240
1755446400000,15033.475,6225.537,273801.0,240
1755460800000,7032.742,3500.021,173638.0,240
1755475200000,46974.544,19536.579,884815.0,240
1755489600000,22828.275999999998,10951.368,498432.0,240
1755504000000,17981.665,8592.905,397364.0,240
1755518400000,28586.539,15240.836,598160.0,240
1755532800000,19769.43,9645.041,439401.0,240
1755547200000,11079.325,5122.257,259993.0,240
1755561600000,21808.316,9456.341,504103.0,240
1755576000000,19906.291,10022.174,466747.0,240
1755590400000,11178.155999999999,5962.082,285624.0,240
1755604800000,44225.425,21230.599,906161.0,240
1755619200000,29407.714,14264.056,642491.0,240
1755633600000,14498.385,7062.522,328448.0,240
1755648000000,21619.508,11299.946,452017.0,240
1755662400000,9143.536,4342.827,246159.0,240
1755676800000,15623.162,7926.921,346229.0,240
1755691200000,45124.337999999996,21455.01,986902.0,240
1755705600000,27678.02,13789.553,626917.0,240
1755720000000,11333.806,6065.536,271871.0,240
1755734400000,13829.073,7096.415,344257.0,240
1755748800000,9921.262,4907.957,261265.0,240
1755763200000,12824.8,6020.395,306365.0,240
1755777600000,27324.857,12698.741,686916.0,240
1755792000000,21010.133,10447.81,524639.0,240
1755806400000,11496.231,5833.545,273771.0,240
1755820800000,15818.142,8139.3279999999995,345408.0,240
1755835200000,12847.566,6316.715,296518.0,240
1755849600000,13076.59,6416.164,357051.0,240
1755864000000,110185.22,54612.378,1891986.0,240
1755878400000,35551.395,17683.204,679268.0,240
1755892800000,11969.064,6475.107,265506.0,240
1755907200000,21833.348,9580.277,436394.0,240
1755921600000,10604.533,5523.162,225063.0,240
1755936000000,9759.963,4252.887,185628.0,240
1755950400000,22697.545000000002,11310.833,394133.0,240
1755964800000,7958.313,4449.977,174897.0,240
1755979200000,5565.713,2746.851,120208.0,240
1755993600000,11855.839,5913.601,241960.0,240
1756008000000,8290.719,4146.975,173349.0,240
1756022400000,10131.968,4928.103,222000.0,240
1756036800000,14203.317,6585.829,295274.0,240
1756051200000,58915.204,26248.131,983106.0,240
1756065600000,29990.955,14867.222,722786.0,240
1756080000000,22365.177,10681.855,491506.0,240
1756094400000,26547.559,12583.736,569941.0,240
1756108800000,27037.38,13032.667,559766.0,240
1756123200000,41669.829,20003.133,836826.0,240
1756137600000,30479.325,13533.957,663870.0,240
1756152000000,56740.515,27391.976,1060994.0,240
1756166400000,32739.345,15672.613,795458.0,240
1756180800000,14571.872,7520.425,375237.0,240
1756195200000,13433.107,6537.797,344716.0,240
1756209600000,40914.503,20454.65,1001278.0,240
1756224000000,21525.613,10457.751,528646.0,240
1756238400000,21856.998,10768.949,420549.0,240
1756252800000,15375.235,7336.949,346943.0,240
1756267200000,11788.597,5431.524,300463.0,240
1756281600000,12812.348,6849.105,300512.0,240
1756296000000,29562.927,15183.848,699538.0,240
1756310400000,18174.547,9208.307,433284.0,240
1756324800000,26491.468,12999.953,532359.0,240
1756339200000,11667.908,5701.327,320679.0,240
1756353600000,23087.347,12034.923,451848.0,240
1756368000000,10509.946,4713.149,240005.0,240
1756382400000,26239.509,12932.447,640301.0,240
1756396800000,17144.949,7662.918,386685.0,240
1756411200000,8980.618,5198.713,213308.0,240
1756425600000,17249.864,7345.109,393831.0,240
1756440000000,25126.998,11868.523,540527.0,240
1756454400000,23367.603,11911.125,486881.0,240
1756468800000,70997.82,34315.396,1336854.0,240
1756483200000,21364.211,10119.471,537823.0,240
1756497600000,21618.676,10046.514,424199.0,240
1756512000000,16398.309,8249.351,372390.0,240
1756526400000,11466.765,5957.2029999999995,247476.0,240
1756540800000,9160.751,4528.249,188576.0,240
1756555200000,13394.47,6406.905,299495.0,240
1756569600000,5467.675,2258.602,154624.0,240
1756584000000,4768.9130000000005,2182.109,135250.0,240
1756598400000,13765.096,7510.117,269986.0,240
1756612800000,9506.115,4578.491,191086.0,240
1756627200000,12792.96,6646.772,257916.0,240
1756641600000,10880.915,6175.967,275637.0,240
1756656000000,10481.101,5009.362,214968.0,240
1756670400000,12723.359,5929.211,264848.0,240
1756684800000,25068.79,12647.738,602788.0,240
1756699200000,26104.798,13933.928,542717.0,240
1756713600000,33039.009,15329.792,639668.0,240
1756728000000,21788.115,10186.134,522540.0,240
1756742400000,12872.734,6460.767,335988.0,240
1756756800000,31407.18,15998.729,625602.0,240
1756771200000,28302.513,15142.273,578459.0,240
1756785600000,13927.36,6283.284,346143.0,240
1756800000000,18830.291,8633.367,373587.0,240
1756814400000,79576.083,39381.604,1393094.0,240
1756828800000,20760.952,9969.04,525422.0,240
1756843200000,14564.157,7339.27,316393.0,240
1756857600000,14679.713,6876.067,374086.0,240
1756872000000,11117.044,5551.338,265954.0,240
1756886400000,11890.428,6055.988,285908.0,240
1756900800000,42967.906,21573.675,839631.0,240
1756915200000,17438.926,8641.447,399745.0,240
1756929600000,7410.404,3164.271,197721.0,240
1756944000000,14897.088,7033.867,341768.0,240
1756958400000,20718.869,9754.669,400468.0,240
1756972800000,14846.823,8219.852,295913.0,240
1756987200000,33312.199,15828.817,750110.0,240
1757001600000,17804.968,9600.383,413750.0,240
1757016000000,20720.422,11962.125,437628.0,240
1757030400000,14819.651,7338.631,364847.0,240
1757044800000,28206.507,15740.056,533092.0,240
1757059200000,22210.272,10295.572,395785.0,240
1757073600000,88696.603,43848.205,1664296.0,240
1757088000000,19053.407,9455.772,433723.0,240
1757102400000,20388.964,8841.883,397116.0,240
1757116800000,7401.22,4045.5769999999998,174130.0,240
1757131200000,5151.787,2352.975,133449.0,240
1757145600000,5048.5289999999995,2249.881,132333.0,240
1757160000000,9309.436,3677.794,193905.0,240
1757174400000,14613.108,6660.862,297287.0,240
1757188800000,4758.436,2548.656,112301.0,240
1757203200000,8486.949,4595.303,149278.0,240
1757217600000,7174.867,3948.662,146892.0,240
1757232000000,14763.41,8108.125,270256.0,240
1757246400000,7509.152,3587.708,182078.0,240
1757260800000,7640.787,3495.573,185643.0,240
1757275200000,8265.419,4373.263,202641.0,240
1757289600000,14141.826000000001,7112.108,350370.0,240
1757304000000,9409.023,4842.835,220937.0,240
1757318400000,24016.679,12633.065,441510.0,240
1757332800000,28275.809,13294.222,552602.0,240
1757347200000,14865.987,7463.117,321689.0,240
1757361600000,8408.535,4267.972,175028.0,240
1757376000000,19290.25,9491.097,382455.0,240
1757390400000,31921.636,17000.028,519369.0,240
1757404800000,12841.685,5762.751,257379.0,240
1757419200000,49386.303,23203.642,863203.0,240
1757433600000,14928.609,8155.473,312117.0,240
1757448000000,8906.65,4395.535,213712.0,240
1757462400000,17185.891,7142.625,327178.0,240
1757476800000,16775.302,9115.057999999999,333673.0,240
1757491200000,19366.674,9179.152,358074.0,240
1757505600000,64026.7,33390.818,1074521.0,240
1757520000000,21631.484,10234.777,378818.0,240
1757534400000,12915.488,7191.89,231444.0,240
1757548800000,11183.876,6000.523,248810.0,240
1757563200000,11621.63,4796.879,245528.0,240
1757577600000,11061.871000000001,5144.797,208520.0,240
1757592000000,50084.085,24569.737,942458.0,240
1757606400000,11930.936,6059.304,265950.0,240
1757620800000,17183.68,9986.307,294827.0,240
1757635200000,31719.513,15931.98,564655.0,240
1757649600000,12398.784,6206.548,254911.0,240
1757664000000,13385.479,7347.988,246655.0,240
1757678400000,18827.404,9986.83,426938.0,240
1757692800000,27949.158,14581.082,492863.0,240
1757707200000,14733.38,6294.937,335256.0,240
1757721600000,10867.694,5048.813,235585.0,240
1757736000000,6578.872,3176.064,149774.0,240
1757750400000,6897.627,3571.4809999999998,156142.0,240
1757764800000,9103.39,4415.325,231902.0,240
1757779200000,15004.094,7203.804,307843.0,240
1757793600000,4077.913,1842.655,117359.0,240
1757808000000,7677.134,3706.911,179882.0,240
1757822400000,4741.452,2416.75,121790.0,240
1757836800000,7509.269,3610.253,159255.0,240
1757851200000,15997.51,7352.877,343759.0,240
1757865600000,5946.542,3325.196,142705.0,240
1757880000000,13216.083,6220.951,248745.0,240
1757894400000,13576.469,6764.509,302143.0,240
1757908800000,27463.691,13781.628,536020.0,240
1757923200000,30239.543,15375.110999999999,547957.0,240
1757937600000,25881.909,11946.7,559201.0,240
1757952000000,14288.385,6862.262,399149.0,240
1757966400000,6461.282,2598.894,187297.0,240
1757980800000,8274.606,3888.835,222229.0,240
1757995200000,18532.273,9346.398,355754.0,240
1758009600000,9903.929,4852.182,244483.0,240
1758024000000,24558.996,12508.667,507364.0,240
1758038400000,28427.493,14708.625,584121.0,240
1758052800000,9748.887,4808.109,230091.0,240
1758067200000,11721.837,5523.792,287392.0,240
1758081600000,19903.725,11253.198,395225.0,240
1758096000000,14747.898,7552.515,281152.0,240
1758110400000,27934.073,14574.807,537318.0,240
1758124800000,61585.442,29812.21,1304951.0,240
1758139200000,22232.095,11508.574,461942.0,240
1758153600000,30344.595,14994.105,592060.0,240
1758168000000,17350.923,8135.998,363219.0,240
1758182400000,10057.804,4946.164,233105.0,240
1758196800000,22097.569,10934.771,526189.0,240
1758211200000,12457.02,6296.2,333990.0,240
1758225600000,14907.805999999999,6083.293,279300.0,240
1758240000000,10269.21,4987.365,287663.0,240
1758254400000,12862.505,6138.285,283053.0,240
1758268800000,13997.595,6043.169,248973.0,240
1758283200000,27296.129,13080.966,538277.0,240
1758297600000,16518.271,7809.1539999999995,316265.0,240
1758312000000,7207.939,3846.908,171732.0,240
1758326400000,4785.626,1979.586,126415.0,240
1758340800000,6258.545,3472.325,119516.0,240
1758355200000,6129.028,2434.866,127315.0,240
1758369600000,6527.83,3120.687,141244.0,240
1758384000000,5001.456,2127.145,120128.0,240
1758398400000,3653.193,1646.49,96900.0,240
1758412800000,4830.646,2798.903,122892.0,240
1758427200000,4856.719,2752.655,115401.0,240
1758441600000,6594.717,3157.157,155908.0,240
1758456000000,4436.358,2142.55,118433.0,240
1758470400000,6740.608,3128.337,163531.0,240
1758484800000,5334.383,2766.344,148883.0,240
1758499200000,34217.27,15419.483,721536.0,240
1758513600000,53970.686,22962.584000000003,954408.0,240
1758528000000,16269.606,7920.297,434265.0,240
1758542400000,26147.892,13907.789999999999,600647.0,240
1758556800000,17130.484,8095.637,423318.0,240
1758571200000,11725.63,5876.366,285199.0,240
1758585600000,21299.087,10634.025,453607.0,240
1758600000000,19008.272,10088.167,428479.0,240
1758614400000,12834.182,6333.13,309107.0,240
1758628800000,16574.487,8066.632,467527.0,240
1758643200000,22467.091,11246.716,551187.0,240
1758657600000,10075.145,5592.129,251087.0,240
1758672000000,16182.59,8229.746,414621.0,240
1758686400000,23001.272,11452.94,492066.0,240
1758700800000,14830.326000000001,7957.541,289408.0,240
1758715200000,27960.187,14284.756,567818.0,240
1758729600000,14802.65,7371.829,387423.0,240
1758744000000,8537.071,4116.373,233427.0,240
1758758400000,27168.994,12401.284,599603.0,240
1758772800000,26475.19,12922.148,584170.0,240
1758787200000,15940.854,7918.825,354371.0,240
1758801600000,42099.5,20612.113,927044.0,240
1758816000000,50538.879,22646.43,1058353.0,240
1758830400000,16440.324,7685.44,464512.0,240
1758844800000,17356.486,9104.604,492271.0,240
1758859200000,19163.4,9361.244,453486.0,240
1758873600000,18038.068,8353.675,434970.0,240
1758888000000,28268.466,14185.481,792689.0,240
1758902400000,22207.427,11191.317,533990.0,240
1758916800000,7243.812,3959.578,197539.0,240
1758931200000,7435.557,3765.005,183829.0,240
1758945600000,4334.991,1924.714,117082.0,240
1758960000000,7603.852,3803.982,166748.0,240
1758974400000,7048.089,3556.987,159718.0,240
1758988800000,5170.985,2497.693,140562.0,240
1759003200000,4278.45,2359.15,107798.0,240
1759017600000,8565.210000000001,4326.127,217856.0,240
1759032000000,4028.334,2067.469,97366.0,240
1759046400000,7836.57,3842.947,177165.0,240
1759060800000,16361.203,8535.206,296684.0,240
1759075200000,12576.758,6250.786,282119.0,240
1759089600000,27879.888,14798.409,536269.0,240
1759104000000,18747.416,8500.775,428600.0,240
1759118400000,12523.86,6436.226,270868.0,240
1759132800000,15639.613,7881.33,324125.0,240
1759147200000,48549.611,25115.377,871600.0,240
1759161600000,17519.655,9362.97,414875.0,240
1759176000000,12425.554,5745.878,248724.0,240
1759190400000,18219.208,9061.445,427199.0,240
1759204800000,15263.367,7286.955,311017.0,240
1759219200000,22065.979,11546.889,440466.0,240
1759233600000,25466.936,12670.07,651049.0,240
1759248000000,21865.766,11930.111,489579.0,240
1759262400000,16438.759000000002,7833.297,330150.0,240
1759276800000,15897.091,7493.349,320560.0,240
1759291200000,16277.671,7993.403,368097.0,240
1759305600000,51889.352,29441.702,892293.0,240
1759320000000,32115.557,16325.556,771067.0,240
1759334400000,35556.092,18438.759,717657.0,240
1759348800000,21253.666,11696.881,426123.0,240
1759363200000,30360.048,16842.762,659873.0,240
1759377600000,11848.115,5713.986,296624.0,240
1759392000000,9479.148,4771.1939999999995,243488.0,240
1759406400000,42758.205,22249.579999999998,907540.0,240
1759420800000,36408.207,19258.128,803319.0,240
1759435200000,14603.215,7034.152,377146.0,240
1759449600000,14304.582,7136.27,385499.0,240
1759464000000,12310.710000000001,5737.22,299923.0,240
1759478400000,17880.291,8919.098,408146.0,240
1759492800000,38616.185,21301.625,902259.0,240
1759507200000,74701.828,38404.959,1552402.0,240
1759521600000,10066.666,4843.077,274803.0,240
1759536000000,16539.763,8379.253,357209.0,240
1759550400000,13166.182,6392.87,276945.0,240
1759564800000,8147.412,3958.325,208417.0,240
1759579200000,13471.868,6822.838,328054.0,240
1759593600000,12409.999,5295.296,285059.0,240
1759608000000,6743.986,3626.657,159319.0,240
1759622400000,34731.178,20080.619,673803.0,240
1759636800000,42796.462999999996,22901.999,1045078.0,240
1759651200000,41554.431,19908.006,805728.0,240
1759665600000,12408.739,5378.358,367351.0,240
1759680000000,20005.211,9109.118,486937.0,240
1759694400000,11074.978,6320.484,280308.0,240
1759708800000,24935.811,12362.843,703181.0,240
1759723200000,14538.648000000001,6607.869,425917.0,240
1759737600000,14441.381,7606.798,398952.0,240
1759752000000,37455.595,17868.054,981202.0,240
1759766400000,33248.277,17755.855,754160.0,240
1759780800000,15581.617,7131.973,370291.0,240
1759795200000,13050.893,6115.274,400544.0,240
1759809600000,18156.34,8775.897,460847.0,240
1759824000000,18443.485,9475.225,436839.0,240
1759838400000,70971.787,32694.624,1493807.0,240
1759852800000,48194.981,23233.831,1021531.0,240
1759867200000,13081.861,5961.898,388437.0,240
1759881600000,19688.959,10507.062,549860.0,240
1759896000000,16141.831,8296.039,464958.0,240
1759910400000,22689.216,12400.097,560770.0,240
1759924800000,30420.126,15062.957,883556.0,240
1759939200000,29648.513,15755.81,818246.0,240
1759953600000,8511.141,4114.488,268149.0,240
1759968000000,17473.027,9010.07,487684.0,240
1759982400000,10691.44,4967.439,315291.0,240
1759996800000,21258.055,10834.168,546955.0,240
1760011200000,62517.268,27607.988,1320057.0,240
1760025600000,42006.187,19180.988,977380.0,240
1760040000000,9650.403,4706.145,290834.0,240
1760054400000,16114.114,7122.684,388493.0,240
1760068800000,13636.34,6874.415,354399.0,240
1760083200000,10048.553,5061.479,295262.0,240
1760097600000,67102.354,31603.423,1533338.0,240
1760112000000,67842.528,31002.529,1572026.0,240
1760126400000,217219.743,100050.31,4833326.0,240
1760140800000,45022.178,21091.95,1274058.0,240
1760155200000,38020.264,15519.374,871684.0,240
1760169600000,23492.99,11592.021,674340.0,240
1760184000000,16698.898,7267.031,457303.0,240
1760198400000,17110.637,7544.603,517364.0,240
1760212800000,23326.623,10770.17,855979.0,240
1760227200000,32024.51,16487.127,1039199.0,240
1760241600000,18747.611,9675.315,561074.0,240
1760256000000,19180.411,9436.019,469516.0,240
1760270400000,60564.451,29904.235,1355152.0,240
1760284800000,44045.749,21899.407,980705.0,240
1760299200000,43365.305,21136.101,857066.0,240
1760313600000,33866.079,15893.85,799193.0,240
1760328000000,27016.549,14292.925,643334.0,240
1760342400000,29931.406,13591.94,669105.0,240
1760356800000,52250.214,25408.016,1390332.0,240
1760371200000,38754.704,19996.272,840841.0,240
1760385600000,14177.831,6511.246,313804.0,240
1760400000000,31868.196,15420.098,611322.0,240
1760414400000,66212.874,31837.686,1181330.0,240
1760428800000,44800.731,22016.611,1041840.0,240
1760443200000,52781.51,27121.248,1503970.0,240
1760457600000,51041.328,22498.141,1236452.0,240
1760472000000,12539.857,6254.789,385300.0,240
1760486400000,20365.548,9784.725,719679.0,240
1760500800000,12933.986,6806.829,547046.0,240
1760515200000,25860.953,11634.436,711510.0,240
1760529600000,40187.854,20395.596,1344889.0,240
1760544000000,18943.794,9665.31,804318.0,240
1760558400000,13484.955,6489.637,544439.0,240
1760572800000,15192.718,7895.449,556927.0,240
1760587200000,19927.291,9600.24,590318.0,240
1760601600000,35831.997,17930.78,930653.0,240
1760616000000,56236.512,25459.402,1711045.0,240
1760630400000,50886.082,25109.388,1693100.0,240
1760644800000,15470.185,7645.647,561179.0,240
1760659200000,14999.648,8055.319,524531.0,240
1760673600000,46920.111,20229.476,1237446.0,240
1760688000000,85777.861,44267.551,2046591.0,240
1760702400000,57751.674,28385.312,1746201.0,240
1760716800000,25754.742000000002,12947.377,1003449.0,240
1760731200000,11585.656,5314.787,377919.0,240
1760745600000,15612.225,7242.383,444534.0,240
1760760000000,19538.235,7912.445,481643.0,240
1760774400000,10415.868,5701.958,345928.0,240
1760788800000,9353.647,4629.072,348702.0,240
1760803200000,7832.113,3805.014,266041.0,240
1760817600000,5757.815,3019.366,202037.0,240
1760832000000,9661.995,4612.005,285522.0,240
1760846400000,8079.786,4020.856,253582.0,240
1760860800000,45768.235,23601.487,1098024.0,240
1760875200000,20332.538,10450.785,620865.0,240
1760889600000,19259.023,9470.515,571576.0,240
1760904000000,10372.143,5160.351,352521.0,240
1760918400000,30932.22,15920.937,903410.0,240
1760932800000,28821.916,13701.542,803889.0,240
1760947200000,19262.416,9624.53,577516.0,240
1760961600000,22003.588,10725.914,817862.0,240
1760976000000,29379.972999999998,13909.908,972782.0,240
1760990400000,9246.836,4607.884,333116.0,240
1761004800000,17977.098,8113.763,581737.0,240
1761019200000,34541.006,17430.198,1007491.0,240
1761033600000,20402.173,11151.814,575843.0,240
1761048000000,76932.616,38855.741,2099137.0,240
1761062400000,51739.148,24802.31,1447334.0,240
1761076800000,39535.385,17965.813,1188122.0,240
1761091200000,22708.974,11971.197,774370.0,240
1761105600000,19772.922,10302.728,570169.0,240
1761120000000,28951.313,13961.789999999999,809687.0,240
1761134400000,61071.108,33058.662,1740124.0,240
1761148800000,24816.809,12210.377,1023355.0,240
1761163200000,23572.857,11316.582,744839.0,240
1761177600000,17160.974,9079.872,538346.0,240
1761192000000,26449.996,13077.083999999999,713568.0,240
1761206400000,14083.275,6682.81,519507.0,240
1761220800000,30294.704,14591.068,1088221.0,240
1761235200000,26886.962,13253.456,900370.0,240
1761249600000,14764.806,7093.967,445433.0,240
1761264000000,13232.129,6422.71,448658.0,240
1761278400000,19519.691,10122.928,565268.0,240
1761292800000,15176.101,7086.509,483413.0,240
1761307200000,43877.194,21491.495,1389398.0,240
1761321600000,10895.753,5871.3949999999995,502335.0,240
1761336000000,8058.664,3802.254,256055.0,240
1761350400000,5959.945,2537.666,211159.0,240
1761364800000,9261.504,4853.982,278601.0,240
1761379200000,8330.669,4028.075,266477.0,240
1761393600000,10350.647,4896.789,285666.0,240
1761408000000,7533.985,3843.863,206223.0,240
1761422400000,3832.733,1950.657,142645.0,240
1761436800000,6834.903,3084.845,245194.0,240
1761451200000,3509.598,1814.374,134694.0,240
1761465600000,25720.793,13788.711,625536.0,240
1761480000000,26931.538,13636.736,690980.0,240
1761494400000,8821.993,4094.555,263359.0,240
1761508800000,25516.562,13729.268,730386.0,240
1761523200000,18053.27,8464.512,593615.0,240
1761537600000,30815.659,16047.044,725216.0,240
1761552000000,17780.233,8617.778,547352.0,240
1761566400000,22572.881999999998,10781.148,760462.0,240
1761580800000,14588.861,6835.062,514937.0,240
1761595200000,14800.707,7208.491,464514.0,240
1761609600000,15404.391,8184.113,508640.0,240
1761624000000,11948.36,6508.553,410316.0,240
1761638400000,9577.148,4684.2300000000005,300396.0,240
1761652800000,40806.62,20162.066,1071041.0,240
1761667200000,24148.699,11612.74,798741.0,240
1761681600000,29203.622,13511.398,864284.0,240
1761696000000,16426.727,8282.445,543159.0,240
1761710400000,14258.365,8139.651,452638.0,240
1761724800000,13158.647,6227.525,419613.0,240
1761739200000,33870.214,14391.176,982264.0,240
1761753600000,66487.33,31342.284,1939484.0,240
1761768000000,19719.583,10333.654,606560.0,240
1761782400000,17053.264,8904.914,578433.0,240
1761796800000,53901.189,25877.856,1564818.0,240
1761811200000,21769.837,9963.759,625319.0,240
1761825600000,53828.523,25845.543,1683774.0,240
1761840000000,36902.37,17331.833,1189216.0,240
1761854400000,22298.461,12162.766,688760.0,240
1761868800000,32333.602,16165.503999999999,978591.0,240
1761883200000,23926.082,12166.08,644061.0,240
1761897600000,19137.691,10071.934,636595.0,240
1761912000000,44500.399,23272.586,1323732.0,240
1761926400000,25323.478,12602.658,932112.0,240
1761940800000,6842.524,3828.031,275846.0,240
1761955200000,8752.106,4979.266,311644.0,240
1761969600000,7330.524,3576.409,300213.0,240
1761984000000,5172.837,2452.366,203222.0,240
1761998400000,9755.49,4960.574,298753.0,240
1762012800000,6444.769,3198.852,210930.0,240
1762027200000,4158.495,1965.752,168106.0,240
1762041600000,4533.29,2400.622,176576.0,240
1762056000000,12154.892,6437.383,377442.0,240
1762070400000,12421.938,5936.165,387382.0,240
1762084800000,13972.771,6396.859,480935.0,240
1762099200000,9115.985,3763.843,319927.0,240
1762113600000,8910.297,4392.719,327985.0,240
1762128000000,27059.636,12142.663,937618.0,240
1762142400000,24838.664,12832.087,852831.0,240
1762156800000,20106.721,9678.39,711489.0,240
1762171200000,48388.035,23936.087,1348002.0,240
1762185600000,38120.26,18679.126,1255647.0,240
1762200000000,15744.731,7892.178,706358.0,240
1762214400000,21672.139,11565.412,807482.0,240
1762228800000,41302.896,18896.058,1292589.0,240
1762243200000,30893.792,14570.407,1031916.0,240
1762257600000,45886.912,22027.612,1462884.0,240
1762272000000,81901.563,38474.458,2324600.0,240
1762286400000,60084.858,30211.351,1646175.0,240
1762300800000,55517.144,28279.733,1812887.0,240
1762315200000,20988.348,9623.065,805479.0,240
1762329600000,20735.516,10917.56,794249.0,240
1762344000000,35318.597,19055.85,1316018.0,240
1762358400000,22268.689,10887.374,859087.0,240
1762372800000,12941.8,6505.69,498302.0,240
1762387200000,17770.869,8230.51,669857.0,240
1762401600000,13713.371,7230.1849999999995,604990.0,240
1762416000000,12724.785,5698.991,548865.0,240
1762430400000,41011.914,20571.881,1410765.0,240
1762444800000,44808.954,23502.187,1486354.0,240
1762459200000,14999.928,7758.833,600095.0,240
1762473600000,20217.531,9848.871,868760.0,240
1762488000000,13280.182,6480.578,482020.0,240
1762502400000,30839.672,13697.552,794863.0,240
1762516800000,47608.527,24281.842,1618895.0,240
1762531200000,34409.209,17631.745,1302105.0,240
1762545600000,17612.337,8720.708,536412.0,240
1762560000000,15693.661,7198.744,571384.0,240
1762574400000,14868.115,6682.083,520588.0,240
1762588800000,11719.209,5680.089,410895.0,240
1762603200000,14407.901,6512.248,528921.0,240
1762617600000,8852.243,4412.4800000000005,328218.0,240
1762632000000,5150.82,2541.254,199202.0,240
1762646400000,8613.569,4041.941,392355.0,240
1762660800000,6756.373,3472.552,296812.0,240
1762675200000,9506.279,5164.165,363772.0,240
1762689600000,29922.195,16032.754,925458.0,240
1762704000000,19690.095,10639.366,635575.0,240
1762718400000,17879.159,8762.566,618009.0,240
1762732800000,32933.122,16503.906,1047249.0,240
1762747200000,12528.833,5890.035,482027.0,240
1762761600000,13572.766,6450.475,456807.0,240
1762776000000,33078.144,15583.849,1051431.0,240
1762790400000,16326.419,8085.74,698782.0,240
1762804800000,11964.254,6030.19,476356.0,240
1762819200000,30111.804,15708.301,1084281.0,240
1762833600000,20998.664,9727.139,737116.0,240
1762848000000,11555.593,5629.9619999999995,492742.0,240
1762862400000,35003.229,16026.918,1133143.0,240
1762876800000,19238.124,9373.622,778211.0,240
1762891200000,15696.36,7982.019,534722.0,240
1762905600000,13122.938,6718.766,564670.0,240
1762920000000,8824.55,4007.616,344689.0,240
1762934400000,27402.495,14726.234,819621.0,240
1762948800000,41940.216,19052.613,1284552.0,240
1762963200000,37825.035,18776.429,1246864.0,240
1762977600000,11761.042,6257.712,443104.0,240
1762992000000,22639.572,11298.345,859127.0,240
1763006400000,34325.354,18192.614,1048426.0,240
1763020800000,18566.647,8617.012,639137.0,240
1763035200000,45078.899,22402.171,1518004.0,240
1763049600000,75018.436,36419.01,2034828.0,240
1763064000000,40417.891,20866.794,1182962.0,240
1763078400000,28715.78,12653.131,1108256.0,240
1763092800000,71313.808,32486.769,2109158.0,240
1763107200000,31110.834,14741.353000000001,1008730.0,240
1763121600000,82600.541,40438.488,2428850.0,240
1763136000000,42316.61,20170.891,1413942.0,240
1763150400000,31015.21,15264.391,1062820.0,240
1763164800000,27406.464,16511.255,988257.0,240
1763179200000,13884.426,6963.571,474795.0,240
1763193600000,12856.23,6154.915,515752.0,240
1763208000000,13204.02,6501.441,514123.0,240
1763222400000,11960.891,5571.201,422507.0,240
1763236800000,10908.288,5500.864,375857.0,240
1763251200000,12634.047,6617.022,541006.0,240
1763265600000,8616.379,4468.031,297350.0,240
1763280000000,16713.435,8064.184,529498.0,240
1763294400000,18869.751,8345.741,642998.0,240
1763308800000,44324.084,20765.933,1407943.0,240
1763323200000,34591.813,16889.569,1184853.0,240
1763337600000,24659.317,13026.031,921248.0,240
1763352000000,15760.621,7200.013,601951.0,240
1763366400000,14932.07,6937.1,499172.0,240
1763380800000,58887.551,28182.436,1801471.0,240
1763395200000,60184.076,27978.756,1720580.0,240
1763409600000,30737.65,14703.285,905306.0,240
1763424000000,54125.497,24727.684,1622831.0,240
1763438400000,44370.545,21058.668,1384231.0,240
1763452800000,28352.843,14290.768,886782.0,240
1763467200000,58085.185,29408.369,1723346.0,240
1763481600000,33005.355,16437.199,1072779.0,240
1763496000000,14751.731,7863.794,487938.0,240
1763510400000,24522.251,11279.734,847333.0,240
1763524800000,46058.356999999996,22698.428,1075434.0,240
1763539200000,19679.240999999998,9450.485,587231.0,240
1763553600000,42278.255,20049.206,1276983.0,240
1763568000000,54170.658,26778.314,1527787.0,240
1763582400000,39729.688,21338.701,1005714.0,240
1763596800000,26837.515,12756.149,835897.0,240
1763611200000,27995.866,14013.951,736756.0,240
1763625600000,17102.033,7903.325,547095.0,240
1763640000000,50957.631,24956.057,1664461.0,240
1763654400000,114064.312,53908.905,2899433.0,240
1763668800000,39555.67,19891.686,1018871.0,240
1763683200000,45579.338,19712.379,1440835.0,240
1763697600000,78365.775,33793.674,1778896.0,240
1763712000000,84124.192,39932.056,2269804.0,240
1763726400000,129537.87,64058.245,3422308.0,240
1763740800000,80734.325,40107.525,2199292.0,240
1763755200000,31462.824,16311.808,995190.0,240
1763769600000,19897.887,9427.8,721754.0,240
1763784000000,15965.292,8014.501,595130.0,240
1763798400000,20664.044,10267.781,616963.0,240
1763812800000,18582.456,9301.095,628784.0,240
1763827200000,9063.108,4563.968,369116.0,240
1763841600000,10024.268,5307.263,369226.0,240
1763856000000,24200.097,13217.33,748527.0,240
1763870400000,24602.446,11263.709,634417.0,240
1763884800000,16673.740999999998,7883.525,450792.0,240
1763899200000,26845.253,13215.434,732116.0,240
1763913600000,24543.305,12602.233,667006.0,240
1763928000000,22065.231,11013.017,633940.0,240
1763942400000,36758.712999999996,18479.518,1097920.0,240
1763956800000,26095.166,12517.794,831671.0,240
1763971200000,25190.047,11969.736,729845.0,240
1763985600000,47419.81,23197.631,1314093.0,240
1764000000000,51453.968,25533.913,1217408.0,240
1764014400000,24195.628,11731.507,569931.0,240
1764028800000,19713.977,9608.94,545443.0,240
1764043200000,17064.891,8723.318,443156.0,240
1764057600000,23787.173,10618.141,579621.0,240
1764072000000,39724.105,18508.913,1051487.0,240
1764086400000,30082.125,15594.614,797027.0,240
1764100800000,19265.384,9671.014,518172.0,240
1764115200000,17140.975,8275.626,526766.0,240
1764129600000,14105.593,7320.523,376977.0,240
1764144000000,17454.952,8541.957,388862.0,240
1764158400000,36287.132,16130.530999999999,876725.0,240
1764172800000,54312.066,27672.89,1122629.0,240
1764187200000,19845.815,9896.576,482879.0,240
1764201600000,32745.927,17162.124,757087.0,240
1764216000000,14177.4,6875.905,419980.0,240
1764230400000,18138.117,7974.566,372418.0,240
1764244800000,24029.717,11736.48,566438.0,240
1764259200000,17191.032,8646.474,446433.0,240
1764273600000,7403.039,3527.181,235960.0,240
1764288000000,13757.155999999999,6721.542,383790.0,240
1764302400000,13510.903,6560.078,325440.0,240
1764316800000,21589.404,11154.394,538057.0,240
1764331200000,48122.799,25094.97,1025315.0,240
1764345600000,41246.173,20846.02,856478.0,240
1764360000000,8693.912,4133.658,241213.0,240
1764374400000,7053.901,3409.389,204990.0,240
1764388800000,9280.403,4382.266,240715.0,240
1764403200000,6285.01,3082.944,195645.0,240
1764417600000,8755.57,4794.569,223974.0,240
1764432000000,14802.817000000001,6710.699,347104.0,240
1764446400000,8018.978,4076.053,209837.0,240
1764460800000,6739.259,3446.7690000000002,184770.0,240
1764475200000,4260.813,2229.342,139397.0,240
1764489600000,14264.111,7733.445,345695.0,240
1764504000000,16461.441,9070.931,398505.0,240
1764518400000,8957.664,4606.77,240002.0,240
1764532800000,15456.43,6469.048,362323.0,240
1764547200000,80222.892,36874.165,1855815.0,240
1764561600000,31809.427,15823.394,724839.0,240
1764576000000,19775.516,9410.454,483404.0,240
1764590400000,83435.905,40852.968,1778100.0,240
1764604800000,46606.811,25733.401,1128327.0,240
1764619200000,34996.615,19082.095,797502.0,240
1764633600000,23647.179,12629.432,697154.0,240
1764648000000,11979.706,5805.492,377268.0,240
1764662400000,24568.861,12486.402,584196.0,240
1764676800000,78565.044,41583.774,1736982.0,240
1764691200000,54905.622,28164.496,1248108.0,240
1764705600000,34434.753,15303.864,676659.0,240
1764720000000,30608.344,17309.353,922504.0,240
1764734400000,37966.712,18839.184,960594.0,240
1764748800000,21367.918,10475.934,591344.0,240
1764763200000,58413.578,27196.399,1454269.0,240
1764777600000,30690.222,16478.413,870872.0,240
1764792000000,22251.543,11429.391,635355.0,240
1764806400000,24501.316,12838.899,688446.0,240
1764820800000,16001.449,8029.135,404663.0,240
1764835200000,16325.267,7889.591,447913.0,240
1764849600000,38745.228,17962.557,1046475.0,240
1764864000000,38482.82,18940.781,1090904.0,240
1764878400000,12716.347,6290.342,485501.0,240
1764892800000,10956.852,5366.147,370564.0,240
1764907200000,12306.339,6468.576,370736.0,240
1764921600000,21552.042,10255.842,563096.0,240
1764936000000,55291.144,27329.085,1238536.0,240
1764950400000,66447.207,32445.392,1585845.0,240
1764964800000,12571.473,6719.269,386527.0,240
1764979200000,10198.215,5506.121,299638.0,240
1764993600000,6055.827,2880.122,198517.0,240
1765008000000,8658.914999999999,4048.82,242454.0,240
1765022400000,14787.6,7496.729,343904.0,240
1765036800000,8623.445,3901.683,260800.0,240
1765051200000,8502.865,3933.724,246388.0,240
1765065600000,5748.385,3321.237,205956.0,240
1765080000000,6553.596,2912.744,187613.0,240
1765094400000,7659.024,3787.264,226970.0,240
1765108800000,41325.561,21195.998,938156.0,240
1765123200000,36596.274,19084.298,937919.0,240
1765137600000,31709.165,15798.519,842244.0,240
1765152000000,20651.383,10584.942000000001,654039.0,240
1765166400000,12977.758,6797.2970000000005,381056.0,240
1765180800000,16068.448,8071.2300000000005,402187.0,240
1765195200000,57039.196,27438.168,1264311.0,240
1765209600000,29715.552,14787.061,871468.0,240
1765224000000,16022.402,8253.992,480658.0,240
1765238400000,15639.888,7756.369,461091.0,240
1765252800000,20910.849,9674.583,470991.0,240
1765267200000,10989.605,5264.552,324753.0,240
1765281600000,45314.765,23476.452,1162906.0,240
1765296000000,62023.498,32201.844,1350242.0,240
1765310400000,27051.658,13330.097,709573.0,240
1765324800000,16458.476,7804.873,435474.0,240
1765339200000,9066.291,4666.199,274082.0,240
1765353600000,22951.746,10403.433,552540.0,240
1765368000000,20761.517,9922.726,652864.0,240
1765382400000,47793.664,23737.441,1254964.0,240
1765396800000,43457.086,21473.519,1062216.0,240
1765411200000,41765.03,18690.476,1071593.0,240
1765425600000,16187.084,8441.206,447261.0,240
1765440000000,11011.162,5179.689,323154.0,240
1765454400000,36667.082,17564.192,931508.0,240
1765468800000,36608.297,19183.669,934318.0,240
1765483200000,48909.413,24957.393,1097487.0,240
1765497600000,22813.99,10380.404,575791.0,240
1765512000000,11201.46,5175.019,274992.0,240
1765526400000,9687.193,4915.583,261995.0,240
1765540800000,49205.788,23156.871,1115178.0,240
1765555200000,41898.523,21648.176,1217054.0,240
1765569600000,10037.156,4895.573,311396.0,240
1765584000000,5591.18,2608.954,125195.0,240
1765598400000,3796.6,1825.628,95679.0,240
1765612800000,7893.366,4005.2019999999998,174178.0,240
1765627200000,9021.404,4011.312,235789.0,240
1765641600000,4576.962,2289.785,128772.0,240
1765656000000,5358.2210000000005,2738.579,173110.0,240
1765670400000,7086.65,3159.4030000000002,156614.0,240
1765684800000,3999.939,1797.225,115396.0,240
1765699200000,24641.953,10623.054,492784.0,240
1765713600000,17265.699,8586.028,477914.0,240
1765728000000,17696.731,8862.088,480315.0,240
1765742400000,21395.682,9692.466,605805.0,240
1765756800000,27815.116,14136.196,730148.0,240
1765771200000,10941.101,5486.784,317981.0,240
1765785600000,11790.519,5523.451,301534.0,240
1765800000000,67384.379,32100.623,1552991.0,240
1765814400000,56199.332,26865.313,1474184.0,240
1765828800000,20085.598,10318.545,557537.0,240
1765843200000,16787.316,8008.51,526105.0,240
1765857600000,17300.472,8280.878,466432.0,240
1765872000000,18856.619,9459.08,512743.0,240
1765886400000,54188.458,26829.832,1566551.0,240
1765900800000,26033.481,13201.571,838632.0,240
1765915200000,9058.702,4533.189,316969.0,240
1765929600000,11671.628,5438.088,354499.0,240
1765944000000,22749.284,11343.187,560418.0,240
1765958400000,15486.489,8048.09,423445.0,240
1765972800000,86140.012,43188.183,2158075.0,240
1765987200000,55699.358,28269.538,1791991.0,240
1766001600000,16899.977,9404.396,493503.0,240
1766016000000,16118.556,8018.7789999999995,491529.0,240
1766030400000,11560.136,5434.698,334203.0,240
1766044800000,14444.149,7347.416,404041.0,240
1766059200000,75762.851,38984.788,2005913.0,240
1766073600000,83673.674,40104.38,2016719.0,240
1766088000000,28014.313,14837.942000000001,834396.0,240
1766102400000,30604.064,16116.616,879438.0,240
1766116800000,28039.593,13658.611,740325.0,240
1766131200000,16798.031,8765.387,474824.0,240
1766145600000,51776.28,26613.528,1410482.0,240
1766160000000,36941.972,17803.244,1101318.0,240
1766174400000,14124.554,7585.567,427925.0,240
1766188800000,5637.357,2832.75,161858.0,240
1766203200000,6898.331,3498.955,175571.0,240
1766217600000,4869.385,2567.48,137992.0,240
1766232000000,11529.379,5487.707,243019.0,240
1766246400000,3919.255,2244.751,106130.0,240
1766260800000,3120.141,1628.651,99301.0,240
1766275200000,7336.323,3338.825,194685.0,240
1766289600000,2659.008,1337.851,89821.0,240
1766304000000,15426.009,8147.768,402462.0,240
1766318400000,25733.454999999998,11566.199,661778.0,240
1766332800000,10214.556,5058.614,301271.0,240
1766347200000,6255.037,3263.611,224949.0,240
1766361600000,31996.805,16315.636,852405.0,240
1766376000000,9144.909,4585.065,308255.0,240
1766390400000,25914.874,13729.615,605939.0,240
1766404800000,43053.447,21216.133,1190652.0,240
1766419200000,26150.733,12335.549,763305.0,240
1766433600000,18432.701,9716.366,460191.0,240
1766448000000,16525.238,8031.705,458769.0,240
1766462400000,23180.432,10225.839,543728.0,240
1766476800000,12098.9,6084.841,282815.0,240
1766491200000,34384.868,15910.149,907386.0,240
1766505600000,32501.327,16570.375,820663.0,240
1766520000000,14967.182999999999,8029.708,462648.0,240
1766534400000,15341.836,7775.568,419059.0,240
1766548800000,11302.398,5373.404,288033.0,240
1766563200000,10537.249,5625.994,272278.0,240
1766577600000,23298.985,11264.166,646129.0,240
1766592000000,13327.506,6918.635,426318.0,240
1766606400000,7735.534,3850.2,213670.0,240
1766620800000,5633.524,2805.87,170105.0,240
1766635200000,3874.387,1545.294,113832.0,240
1766649600000,8305.291,3832.94,228016.0,240
1766664000000,15360.367,8392.642,370976.0,240
1766678400000,9470.156,4437.771,254120.0,240
1766692800000,15152.527,6812.613,407578.0,240
1766707200000,38115.137,19339.71,1006730.0,240
1766721600000,21937.337,10891.508,475162.0,240
1766736000000,11419.104,6251.39,302602.0,240
1766750400000,51437.502,27011.264,1093610.0,240
1766764800000,19187.707,9409.182,515774.0,240
1766779200000,7874.95,3288.887,213089.0,240
1766793600000,4564.436,2176.968,119853.0,240
1766808000000,3525.475,1664.421,105910.0,240
1766822400000,5166.2119999999995,2406.245,125505.0,240
1766836800000,4515.048,2275.422,109873.0,240
1766851200000,2442.758,1109.929,76428.0,240
1766865600000,7080.18,3913.98,165296.0,240
1766880000000,4818.273,2239.991,120739.0,240
1766894400000,3595.942,1763.972,96122.0,240
1766908800000,5882.811,3186.436,142850.0,240
1766923200000,6369.212,3346.979,143656.0,240
1766937600000,9230.702,4597.082,183580.0,240
1766952000000,7463.024,4094.706,199198.0,240
1766966400000,45213.489,23512.289,931519.0,240
1766980800000,25464.186999999998,11315.002,493722.0,240
1766995200000,45300.356,23544.358,785506.0,240
1767009600000,49719.631,24935.058,1038866.0,240
1767024000000,15239.929,7347.998,419012.0,240
1767038400000,9066.617,4628.469,234966.0,240
1767052800000,13438.983,6473.888,339096.0,240
1767067200000,8171.089,4124.913,200037.0,240
1767081600000,23327.302,11193.593,436628.0,240
1767096000000,38901.923,19716.48,843470.0,240
1767110400000,32511.331,15779.228,691674.0,240
1767124800000,10394.632,5565.425,240755.0,240
1767139200000,11679.228000000001,5755.742,284798.0,240
1767153600000,6284.482,3274.14,156929.0,240
1767168000000,12440.16,6314.494,265798.0,240
1767182400000,31536.84,15019.976,644318.0,240
1767196800000,24053.975,12900.053,535363.0,240
1767211200000,10773.672,5217.63,224667.0,240
1767225600000,7102.55,3658.29,166996.0,240
1767240000000,5685.305,2747.103,135718.0,240
1767254400000,6046.668,3556.141,127814.0,240
1767268800000,8130.085,3884.867,173580.0,240
1767283200000,11314.033,5804.121,235996.0,240
1767297600000,9662.662,4658.916,216879.0,240
1767312000000,19809.197,9598.018,381283.0,240
1767326400000,12241.301,5349.965,243681.0,240
1767340800000,27887.349,13800.836,510813.0,240
1767355200000,50647.142,25466.286,1130397.0,240
1767369600000,53631.695,26732.69,1190457.0,240
1767384000000,12445.764,7109.075,305190.0,240
1767398400000,6484.185,3460.17,171671.0,240
1767412800000,14358.15,6360.959,319829.0,240
1767427200000,9668.717,5275.633,234717.0,240
1767441600000,10078.954,5513.769,208627.0,240
1767456000000,4811.57,2396.59,119375.0,240
1767470400000,11489.693,6008.643,227104.0,240
1767484800000,21036.474,11182.25,514599.0,240
1767499200000,13544.574,6910.815,306402.0,240
1767513600000,11954.424,5568.465,258351.0,240
1767528000000,10317.597,5322.621,236531.0,240
1767542400000,9385.331,4399.405,227245.0,240
1767556800000,7534.629,4018.721,211182.0,240
1767571200000,51047.503,28014.615,1000323.0,240
1767585600000,20234.161,8654.361,394196.0,240
1767600000000,20213.743,11071.049,378193.0,240
1767614400000,43133.117,21450.733,1018489.0,240
1767628800000,35514.604,17910.039,808643.0,240
1767643200000,19273.184,9958.668,467417.0,240
1767657600000,13154.652,7005.088,352502.0,240
1767672000000,16653.016,7821.9529999999995,336970.0,240
1767686400000,13061.435,6894.6720000000005,267520.0,240
1767700800000,42110.368,21804.397,818869.0,240
1767715200000,69722.545,34054.53,1192775.0,240
1767729600000,32741.034,16651.586,640190.0,240
1767744000000,23633.179,11400.64,520314.0,240
1767758400000,9331.514,4389.259,218403.0,240
1767772800000,31461.263,14296.7,488618.0,240
1767787200000,39915.388,19398.876,873547.0,240
1767801600000,28364.998,14188.51,651044.0,240
1767816000000,16280.508,9625.729,376629.0,240
1767830400000,15801.589,8143.255,413122.0,240
1767844800000,33939.861,16016.166,676403.0,240
1767859200000,26745.978,13897.417,504957.0,240
1767873600000,49177.48,25941.934,1038050.0,240
1767888000000,28633.856,13322.543,702370.0,240
1767902400000,14177.18,7113.711,348385.0,240
1767916800000,13112.406,6857.406,342922.0,240
1767931200000,7718.517,3493.788,196196.0,240
1767945600000,29857.972999999998,13949.544,528954.0,240
1767960000000,50210.138,25254.924,1201378.0,240
1767974400000,30045.679,15100.803,789900.0,240
1767988800000,9449.964,5332.536,271667.0,240
1768003200000,4296.028,2044.394,116612.0,240
1768017600000,3897.275,1851.833,103901.0,240
1768032000000,5112.255,2504.814,113529.0,240
1768046400000,4673.046,2163.29,100787.0,240
1768060800000,3632.768,1623.65,77049.0,240
1768075200000,3659.369,1832.555,87903.0,240
1768089600000,3298.738,1748.795,90756.0,240
1768104000000,3375.466,1509.379,82913.0,240
1768118400000,4860.961,2244.833,99654.0,240
1768132800000,11189.115,5376.296,226206.0,240
1768147200000,7657.326,3944.737,205354.0,240
1768161600000,13162.776,6469.325,333471.0,240
1768176000000,34613.115,16894.514,887156.0,240
1768190400000,14891.693,6920.099,356343.0,240
1768204800000,30364.738,15668.562,572922.0,240
1768219200000,33382.596,16169.852,759631.0,240
1768233600000,43461.407,20720.498,888209.0,240
1768248000000,12523.834,6538.579,317119.0,240
1768262400000,11584.552,6514.127,272456.0,240
1768276800000,20473.115999999998,10191.287,447352.0,240
1768291200000,23092.118,11473.947,466385.0,240
1768305600000,48588.204,24572.107,1055431.0,240
1768320000000,39149.646,20146.77,921016.0,240
1768334400000,57658.282,32797.197,1155412.0,240
1768348800000,16464.491,8453.981,458342.0,240
1768363200000,23449.918,10957.447,493764.0,240
1768377600000,14291.289,6968.212,341751.0,240
1768392000000,56131.329,29193.279,1253294.0,240
1768406400000,52868.159,27482.775999999998,1249274.0,240
1768420800000,18838.305,9230.36,552412.0,240
1768435200000,19713.874,9799.984,551987.0,240
1768449600000,17931.66,9169.899,405125.0,240
1768464000000,15485.899,7557.803,361257.0,240
1768478400000,45603.132,24087.743,1115692.0,240
1768492800000,37698.441,18629.299,1010964.0,240
1768507200000,12771.735,6730.09,353570.0,240
1768521600000,9561.47,4503.73,253418.0,240
1768536000000,14107.35,6735.66,315421.0,240
1768550400000,9683.442000000001,4629.377,236836.0,240
1768564800000,37520.56,16864.254,842957.0,240
1768579200000,17146.236,8522.723,472084.0,240
1768593600000,13199.031,7083.901,280183.0,240
1768608000000,5524.505,2441.7019999999998,119892.0,240
1768622400000,4766.776,2208.071,108054.0,240
1768636800000,4032.162,2262.481,109251.0,240
1768651200000,11191.027,5926.802,203939.0,240
1768665600000,7792.851,3735.911,154119.0,240
1768680000000,5661.912,2323.736,123367.0,240
1768694400000,6600.369,3351.545,169044.0,240
1768708800000,4813.436,2883.182,111186.0,240
1768723200000,5147.428,2790.889,122394.0,240
1768737600000,12660.949,6140.696,203722.0,240
1768752000000,7763.476,3973.842,175380.0,240
1768766400000,25594.735,11409.003,547930.0,240
1768780800000,49990.263,25166.177,1256190.0,240
1768795200000,11351.718,5680.001,297551.0,240
1768809600000,13800.415,6927.885,357636.0,240
1768824000000,11142.096,5473.67,318886.0,240
1768838400000,8569.393,4250.145,244915.0,240
1768852800000,13383.171,6271.015,350239.0,240
1768867200000,13853.313,6970.722,375011.0,240
1768881600000,40101.084,18028.979,879925.0,240
1768896000000,17642.089,8893.264,452271.0,240
1768910400000,49534.19,23843.948,1143705.0,240
1768924800000,34730.522,17038.215,962922.0,240
1768939200000,32215.002,14359.227,817280.0,240
1768953600000,18898.318,10413.651,516266.0,240
1768968000000,19315.661,9634.448,389150.0,240
1768982400000,13506.472,5956.435,359284.0,240
1768996800000,54268.387,27182.166,1520146.0,240
1769011200000,76317.133,37013.144,2046707.0,240
1769025600000,25776.644,12346.455,684849.0,240
1769040000000,13517.244,7175.486,437639.0,240
1769054400000,8495.666,4109.746,248941.0,240
1769068800000,9239.677,4406.03,264135.0,240
1769083200000,42054.956,21049.844,1086458.0,240
1769097600000,22922.654,11119.403,807834.0,240
1769112000000,9684.024,4622.098,343233.0,240
1769126400000,7103.3099999999995,3438.885,235334.0,240
1769140800000,10350.649,4996.088,327336.0,240
1769155200000,14039.112000000001,7160.856,407683.0,240
1769169600000,27156.81,13683.471,759692.0,240
1769184000000,53329.738,26129.183,1179653.0,240
1769198400000,12846.231,6371.412,407169.0,240
1769212800000,5898.549,3465.613,156051.0,240
1769227200000,4004.245,1965.712,112295.0,240
1769241600000,3259.833,1739.403,71687.0,240
1769256000000,8263.039,3584.946,156698.0,240
1769270400000,6341.109,2885.498,124596.0,240
1769284800000,2969.162,1335.346,83576.0,240
1769299200000,5837.206,2513.903,156459.0,240
1769313600000,6941.923,3543.586,185645.0,240
1769328000000,12171.295,6106.356,276405.0,240
1769342400000,12877.754,6052.166,282844.0,240
1769356800000,55909.37,24921.092,1248650.0,240
1769371200000,31141.815,16253.718,740808.0,240
1769385600000,28640.303,13229.659,737506.0,240
1769400000000,13632.75,6667.915,407310.0,240
1769414400000,12963.85,6706.656,346058.0,240
1769428800000,37919.782,19104.505,1002495.0,240
1769443200000,28639.512,14359.412,803951.0,240
1769457600000,12813.294,6398.6,358535.0,240
1769472000000,12771.372,6294.05,321359.0,240
1769486400000,8861.368,3987.37,242180.0,240
1769500800000,10960.454,5558.923,287009.0,240
1769515200000,21717.911,11551.641,642714.0,240
1769529600000,38341.683,19740.693,1017401.0,240
1769544000000,25273.326,12584.061,622011.0,240
1769558400000,10026.193,4372.523,316206.0,240
1769572800000,9710.807,4583.915,281789.0,240
1769587200000,19303.904,10655.134,493992.0,240
1769601600000,38056.703,18912.64,956948.0,240
1769616000000,32992.134,16400.382,991401.0,240
1769630400000,13795.118,6812.846,451555.0,240
1769644800000,26173.956,12338.754,699727.0,240
1769659200000,9421.294,4999.414,272201.0,240
1769673600000,16008.75,8032.092,370097.0,240
1769688000000,74469.515,33297.172,1581057.0,240
1769702400000,83125.553,39978.981999999996,1846759.0,240
1769716800000,17562.523,8954.183,476246.0,240
1769731200000,76402.239,35163.356,1716459.0,240
1769745600000,33705.929000000004,17743.594,761999.0,240
1769760000000,24459.859,11959.675,653884.0,240
1769774400000,42061.2,20731.658,1392801.0,240
1769788800000,52992.028,26194.47,1867773.0,240
1769803200000,25173.261,13763.649,863525.0,240
1769817600000,9341.051,4321.598,279276.0,240
1769832000000,10028.444,4516.347,261843.0,240
1769846400000,23221.921,10871.741,638826.0,240
1769860800000,51733.36,25081.513,1440000.0,240
1769875200000,140211.477,60660.376,3475936.0,240
1769889600000,37012.258,20225.561,1343098.0,240
1769904000000,19245.976,9945.902,864454.0,240
1769918400000,18661.217,8473.002,610640.0,240
1769932800000,18582.65,9346.083,662869.0,240
1769947200000,45953.015,22023.591,1415405.0,240
1769961600000,29864.884000000002,14588.138,1233484.0,240
1769976000000,54676.338,25134.25,1975206.0,240
1769990400000,70032.518,33257.253,2758976.0,240
1770004800000,56149.261,28277.599,2355191.0,240
1770019200000,30912.995,16620.792,1163152.0,240
1770033600000,58953.88,29999.966,2147065.0,240
1770048000000,27195.435,13412.96,1268632.0,240
1770062400000,16402.325,8659.38,663238.0,240
1770076800000,24856.12,11946.441,876759.0,240
1770091200000,19860.497,9709.034,642518.0,240
1770105600000,23203.397,11397.248,721411.0,240
1770120000000,51447.122,25066.693,1622747.0,240
1770134400000,138235.631,66497.149,3522184.0,240
1770148800000,50122.748999999996,25980.763,1518652.0,240
1770163200000,25230.293,12247.807,889145.0,240
1770177600000,13166.927,6551.3460000000005,474717.0,240
1770192000000,23832.37,11156.827,725578.0,240
1770206400000,78049.845,38105.868,2427802.0,240
1770220800000,110739.361,56159.016,3173569.0,240
1770235200000,42105.843,20376.124,1455447.0,240
1770249600000,61677.796,28440.909,2215156.0,240
1770264000000,70629.246,32848.559,2163484.0,240
1770278400000,55156.137,25763.914,1769232.0,240
1770292800000,168792.675,82514.552,4563677.0,240
1770307200000,138785.242,66984.134,4112872.0,240
1770321600000,175048.645,85557.196,4757139.0,240
1770336000000,176970.308,86286.108,4606830.0,240
1770350400000,70097.968,35436.355,2119316.0,240
1770364800000,54110.748,27149.604,1534235.0,240
1770379200000,105687.051,55108.975,3208450.0,240
1770393600000,107975.296,56525.372,3297574.0,240
1770408000000,44341.398,22967.557,1566499.0,240
1770422400000,31855.755,15930.958,1180498.0,240
1770436800000,88703.15,40102.586,2464884.0,240
1770451200000,39834.145,21573.125,1336595.0,240
1770465600000,59726.379,31010.192,1934729.0,240
1770480000000,34087.255,17161.535,1324476.0,240
1770494400000,12456.967,6007.144,543063.0,240
1770508800000,14911.652,7477.825,613429.0,240
1770523200000,12103.435,6566.815,486602.0,240
1770537600000,43821.848,23539.107,1347239.0,240
1770552000000,28255.244,14384.848,1073898.0,240
1770566400000,23445.872,11552.025,954080.0,240
1770580800000,40215.536,20560.568,1283489.0,240
1770595200000,28075.139,15092.027,1297622.0,240
1770609600000,19162.987,10092.716,747247.0,240
1770624000000,49010.981999999996,22606.96,1498365.0,240
1770638400000,56527.819,28858.778,1937605.0,240
1770652800000,46984.623,24287.442,1702633.0,240
1770667200000,22681.278,10561.002,817075.0,240
1770681600000,22533.107,10740.368,805650.0,240
1770696000000,26911.354,12545.782,870568.0,240
1770710400000,24790.436,12285.231,708871.0,240
1770724800000,61160.036,30614.75,1895505.0,240
1770739200000,34739.185,17534.61,1365477.0,240
1770753600000,13738.491,6788.779,589510.0,240
1770768000000,19145.197,8918.304,706519.0,240
1770782400000,43120.56,20293.401,1340307.0,240
1770796800000,25236.662,12489.05,860883.0,240
1770811200000,94588.83,48546.638,2772064.0,240
1770825600000,47502.511,23683.086,1777563.0,240
1770840000000,27031.764,13333.204,904212.0,240
1770854400000,19130.074,9588.195,710909.0,240
1770868800000,17969.216,8584.903,625391.0,240
1770883200000,23709.827,11898.638,728835.0,240
1770897600000,45122.558,22353.844,1450470.0,240
1770912000000,70971.692,33764.056,2174166.0,240
1770926400000,23089.892,11434.15,791061.0,240
1770940800000,18050.465,8949.293,665012.0,240
1770955200000,15780.838,7866.853,536805.0,240
1770969600000,22860.438000000002,11660.907,683700.0,240
1770984000000,71464.15,37387.642,1944005.0,240
1770998400000,38164.259,18629.649,1197034.0,240
1771012800000,16723.139,8340.608,479868.0,240
1771027200000,9642.697,5183.941,290220.0,240
1771041600000,9127.385,4969.232,252441.0,240
1771056000000,27428.772,15845.373,709232.0,240
1771070400000,36370.367,15595.568,921709.0,240
1771084800000,15953.444,8746.89,524668.0,240
1771099200000,16011.581,8790.449,403231.0,240
1771113600000,18571.897,10164.992,545988.0,240
1771128000000,26247.372,14259.891,704155.0,240
1771142400000,18316.803,8385.019,532574.0,240
1771156800000,41787.049,20273.661,976740.0,240
1771171200000,30584.219,14092.538,857616.0,240
1771185600000,15742.79,8244.534,513997.0,240
1771200000000,13437.439,6471.211,497073.0,240
1771214400000,12323.489,6489.27,362237.0,240
1771228800000,15845.783,8160.0,464104.0,240
1771243200000,69582.444,33596.657,1778742.0,240
1771257600000,20666.719,10423.657,644334.0,240
1771272000000,17723.874,9471.958,534590.0,240
1771286400000,16477.877,7946.876,602028.0,240
1771300800000,15435.494,7356.719,461254.0,240
1771315200000,15199.471,7324.543,466928.0,240
1771329600000,51182.908,24935.494,1472039.0,240
1771344000000,40921.1,20039.089,1311604.0,240
1771358400000,9968.272,4885.953,421798.0,240
1771372800000,13859.457,6858.142,449430.0,240
1771387200000,13751.365,7435.436,387009.0,240
1771401600000,27303.081,13523.076,634389.0,240
1771416000000,43142.829,21553.154,1169795.0,240
1771430400000,48354.052,22692.206,1260419.0,240
1771444800000,17562.607,8921.871,513892.0,240
1771459200000,11949.431,6384.632,407416.0,240
1771473600000,12987.831,6662.391,407686.0,240
1771488000000,17634.609,7766.468,490174.0,240
1771502400000,53345.665,25197.212,1404179.0,240
1771516800000,39321.698,20795.7,1123391.0,240
1771531200000,12193.367,6260.777,410755.0,240
1771545600000,16163.093,8480.285,434786.0,240
1771560000000,23131.392,11890.298999999999,504221.0,240
1771574400000,27634.024,12891.377,618776.0,240
1771588800000,89010.872,44251.694,1860757.0,240
1771603200000,53992.045,28099.175,1340228.0,240
1771617600000,15372.545,8201.592,405383.0,240
1771632000000,13484.385,6030.07,300734.0,240
1771646400000,6835.056,3338.8,173704.0,240
1771660800000,16424.915,8810.958,292906.0,240
1771675200000,21938.833,12507.753,411919.0,240
1771689600000,16510.563,8424.739,383924.0,240
1771704000000,12301.741,6032.3679999999995,283442.0,240
1771718400000,12501.071,5982.93,300185.0,240
1771732800000,8942.586,4296.824,178383.0,240
1771747200000,9086.0,4669.419,178288.0,240
1771761600000,31174.344,15511.892,609059.0,240
1771776000000,12981.135,6583.825,325067.0,240
1771790400000,9658.286,5503.971,272724.0,240
1771804800000,89086.87299999999,41957.192,2045543.0,240
1771819200000,31480.866,15941.322,709438.0,240
1771833600000,30726.787,15206.236,672603.0,240
1771848000000,44068.051,22700.418,1113111.0,240
1771862400000,57061.836,28415.657,1442116.0,240
1771876800000,24726.883,12707.655,647808.0,240
1771891200000,44780.755,20806.362,1208296.0,240
1771905600000,43162.099,19934.361,1108747.0,240
1771920000000,17864.35,8783.916,514818.0,240
1771934400000,55745.736,28275.172,1401109.0,240
1771948800000,44265.128,23033.934,1076103.0,240
1771963200000,17332.501,8417.693,449383.0,240
1771977600000,56855.085,29955.977,1351969.0,240
1771992000000,26612.513,13572.265,648757.0,240
1772006400000,19061.581,9746.288,484966.0,240
1772020800000,69345.322,38324.386,1526051.0,240
1772035200000,77165.838,40980.863,1751723.0,240
1772049600000,50198.479,24827.695,1233374.0,240
1772064000000,24179.246,12270.379,861309.0,240
1772078400000,20005.173,9633.284,632045.0,240
1772092800000,23034.015,11898.772,619251.0,240
1772107200000,50416.384,23598.867,1441378.0,240
1772121600000,47321.725,24283.479,1329896.0,240
1772136000000,12880.512,6091.7880000000005,453689.0,240
1772150400000,22307.866,10759.073,664330.0,240
1772164800000,22791.161,11060.499,588467.0,240
1772179200000,50214.113,23351.902,1117247.0,240
1772193600000,53927.286,28164.005,1340131.0,240
1772208000000,37731.794,18408.057,1140457.0,240
1772222400000,18985.144,9760.541,551757.0,240
1772236800000,10665.044,4854.728,286032.0,240
1772251200000,77198.277,34473.463,1665414.0,240
1772265600000,35913.713,17989.156,954053.0,240
1772280000000,55609.039,29586.189,1303170.0,240
1772294400000,39161.254,21009.817,1072423.0,240
1772308800000,39375.459,20598.912,1128671.0,240
1772323200000,56559.864,28173.561,1380095.0,240
1772337600000,24461.609,11431.896,671324.0,240
1772352000000,25330.042,12578.153,746775.0,240
1772366400000,31465.641,16131.116,996096.0,240
1772380800000,39092.282,17972.703,1038073.0,240
1772395200000,42201.998,22727.256,1129000.0,240
1772409600000,30045.733,15476.005,1179716.0,240
1772424000000,23909.56,11335.523,817893.0,240
1772438400000,25846.474,13060.484,824079.0,240
1772452800000,100518.31,52449.934,2331506.0,240
1772467200000,69288.61,35478.909,1607171.0,240
1772481600000,27769.345,14400.352,834035.0,240
1772496000000,24654.008,12561.139,781711.0,240
1772510400000,25184.326,12914.72,693806.0,240
1772524800000,57583.252,28653.596,1290790.0,240
1772539200000,67933.027,33424.902,1919603.0,240
1772553600000,61502.223,31871.127,1880655.0,240
1772568000000,20613.064,10257.756,689519.0,240
1772582400000,33692.828,16605.127,1056944.0,240
1772596800000,39330.795,22491.62,1037526.0,240
1772611200000,94611.132,50191.157,2159666.0,240
1772625600000,92618.5,51133.412,2277078.0,240
1772640000000,67026.008,34876.31,1758360.0,240
1772654400000,29864.233,14990.112000000001,823722.0,240
1772668800000,23591.685,11987.792,832494.0,240
1772683200000,32629.087,15294.761,838806.0,240
1772697600000,38402.512,19665.873,1105831.0,240
1772712000000,62191.887,31307.485,1607544.0,240
1772726400000,50962.284999999996,24712.212,1249295.0,240
1772740800000,18390.824,9227.008,574065.0,240
1772755200000,23279.92,11656.322,683888.0,240
1772769600000,29611.984,14688.175,754860.0,240
1772784000000,25068.966,11807.831,667782.0,240
1772798400000,84732.612,39883.294,1931759.0,240
1772812800000,34900.467,16783.171,1049134.0,240
1772827200000,15788.753999999999,8051.259,451333.0,240
1772841600000,14174.659,7230.298,333559.0,240
1772856000000,20253.761,9576.928,467396.0,240
1772870400000,13839.088,7077.551,350443.0,240
1772884800000,13378.413,6517.557,368090.0,240
1772899200000,19525.489999999998,8360.355,475990.0,240
1772913600000,13398.751,7092.378,315279.0,240
1772928000000,16885.389,8308.521,412247.0,240
1772942400000,18554.059,9686.263,446248.0,240
1772956800000,27801.877,15422.225,614106.0,240
1772971200000,27339.604,13221.041,754773.0,240
1772985600000,18854.836,9547.028,550267.0,240
1773000000000,46312.208,20642.767,1158334.0,240
1773014400000,41435.983,21736.222999999998,1300538.0,240
1773028800000,42658.686,21530.548,968227.0,240
1773043200000,33413.817,17384.318,937686.0,240
1773057600000,64501.076,32734.825,1588207.0,240
1773072000000,39934.468,20896.269,1122016.0,240
1773086400000,15267.517,7691.204,485462.0,240
1773100800000,51529.442,26577.943,1096710.0,240
1773115200000,28318.564,15261.243,742996.0,240
1773129600000,38904.133,20438.956,878116.0,240
1773144000000,79824.041,40167.706,1810007.0,240
1773158400000,43473.679,21543.833,1331126.0,240
1773172800000,23624.625,11891.757,588940.0,240
1773187200000,19934.411,9544.064,596858.0,240
1773201600000,22428.745,11847.764,598100.0,240
1773216000000,19591.571,9256.914,532736.0,240
1773230400000,81262.52,41893.304000000004,1889102.0,240
1773244800000,37304.834,19334.1,1096461.0,240
1773259200000,15105.875,7976.841,440712.0,240
1773273600000,24677.582,12657.244,632894.0,240
1773288000000,17621.83,9346.682,431609.0,240
1773302400000,35040.695,18042.334,797247.0,240
1773316800000,60362.28,28760.277,1615404.0,240
1773331200000,33038.945,16538.948,1073603.0,240
1773345600000,15749.261,8128.209,476895.0,240
1773360000000,49074.595,26163.287,1204985.0,240
1773374400000,22770.578,12560.464,576239.0,240
1773388800000,43793.534,23338.109,878806.0,240
1773403200000,95514.604,49812.255,1943274.0,240
1773417600000,67789.571,34725.044,1314653.0,240
1773432000000,21289.239,10263.851,494832.0,240
1773446400000,17911.298,9476.23,419726.0,240
1773460800000,20769.739,9460.137,461524.0,240
1773475200000,11804.118,5840.0380000000005,295274.0,240
1773489600000,12725.591,6283.758,309252.0,240
1773504000000,5710.845,2896.537,161971.0,240
1773518400000,10361.423,5767.254,238716.0,240
1773532800000,17119.67,8568.594,432872.0,240
1773547200000,16031.421,8160.754,387626.0,240
1773561600000,14103.141,7698.675,353881.0,240
1773576000000,19469.966,9656.801,449194.0,240
1773590400000,17115.499,9316.616,415048.0,240
1773604800000,42634.545,23527.920000000002,1006956.0,240
1773619200000,50880.921,27716.592,1065259.0,240
1773633600000,55945.157,29690.458,994773.0,240
1773648000000,30983.237,16217.522,752206.0,240
1773662400000,65250.406,32976.536,1619787.0,240
1773676800000,31945.377,17279.904,1027301.0,240
1773691200000,34071.892,18314.11,809197.0,240
1773705600000,58475.828,30613.178,1466906.0,240
1773720000000,34915.028,17065.084,803656.0,240
1773734400000,29483.915,14894.626,670302.0,240
1773748800000,51694.123999999996,27050.6,1340762.0,240
1773763200000,27312.217,14381.666000000001,755154.0,240
1773777600000,16397.861,8052.912,443098.0,240
1773792000000,17853.087,9138.813,575380.0,240
1773806400000,16057.317,7450.428,402704.0,240
1773820800000,34321.746,16293.782,726129.0,240
1773835200000,94292.645,44805.307,1882982.0,240
1773849600000,40790.497,20807.104,1155262.0,240
1773864000000,23440.177,11094.741,613667.0,240
1773878400000,16806.3,8841.736,559494.0,240
1773892800000,45952.411,19215.705,971676.0,240
1773907200000,28698.426,13475.037,679538.0,240
1773921600000,72865.933,35905.935,1739796.0,240
1773936000000,36895.021,19028.597,1129158.0,240
1773950400000,17428.086,8388.155,491501.0,240
1773964800000,18120.173,9896.09,576462.0,240
1773979200000,21998.628,11568.458,591415.0,240
1773993600000,35467.865,17410.361,827714.0,240
1774008000000,61685.772,31446.988,1424588.0,240
1774022400000,28032.496,14475.254,937971.0,240
1774036800000,20936.583,10861.275,530574.0,240
1774051200000,8766.87,4258.455,298164.0,240
1774065600000,8316.4,4141.403,242193.0,240
1774080000000,8839.546,4044.363,214978.0,240
1774094400000,14845.433,7633.179,358106.0,240
1774108800000,10277.605,5300.939,270436.0,240
1774123200000,23039.032,9321.962,494720.0,240
1774137600000,35724.348,18450.976,940355.0,240
1774152000000,13159.053,6048.0,350600.0,240
1774166400000,22401.831,10074.947,573848.0,240
1774180800000,20510.702,10836.614,534271.0,240
1774195200000,11335.985,5238.657,376562.0,240
1774209600000,31748.645,15460.085000000001,880768.0,240
1774224000000,25498.732,13057.416,883304.0,240
1774238400000,38017.808,19174.490999999998,1001715.0,240
1774252800000,98820.429,50314.939,1801211.0,240
1774267200000,82230.708,41977.515,2212289.0,240
1774281600000,33568.0,18008.858,1100238.0,240
1774296000000,12964.001,6874.219,421207.0,240
1774310400000,16904.604,8503.119,603002.0,240
1774324800000,25264.519,13162.447,632919.0,240
1774339200000,20900.666,10461.497,578301.0,240
1774353600000,60563.264,29480.217,1391629.0,240
1774368000000,40454.956,19595.797,950215.0,240
1774382400000,32103.941,16866.461,764719.0,240
1774396800000,20167.740999999998,10215.801,562978.0,240
1774411200000,20176.191,9847.121,473899.0,240
1774425600000,31609.885,17441.388,721505.0,240
1774440000000,50063.907,24791.403,1313403.0,240
1774454400000,30523.043999999998,16001.091,828418.0,240
1774468800000,13975.081,7269.679,375948.0,240
1774483200000,15369.374,7106.62,429736.0,240
1774497600000,28170.739,13060.052,613035.0,240
1774512000000,31299.448,14230.404,681477.0,240
1774526400000,49114.5,24597.849,1092910.0,240
1774540800000,32420.866,15399.554,785752.0,240
1774555200000,30098.687,14981.498,692964.0,240
1774569600000,15782.447,7890.55,436790.0,240
1774584000000,22617.561,11270.128,513982.0,240
1774598400000,66255.788,28696.453,1313151.0,240
1774612800000,59804.127,27673.926,1353869.0,240
1774627200000,34760.006,16977.73,932260.0,240
1774641600000,13131.119,6787.901,332288.0,240
1774656000000,13447.828,6288.203,351585.0,240
1774670400000,9361.184,4873.431,219217.0,240
1774684800000,10694.728,5107.804,221985.0,240
1774699200000,31909.105,17562.369,600890.0,240
1774713600000,11262.952,5826.056,256392.0,240
1774728000000,12697.695,6206.679,286242.0,240
1774742400000,15037.104,8004.19,327847.0,240
1774756800000,10557.62,4377.109,243734.0,240
1774771200000,11793.427,5863.718,297622.0,240
1774785600000,16588.365,7931.112,417031.0,240
1774800000000,12137.954,5625.916,323096.0,240
1774814400000,44163.926,20364.165,959917.0,240
1774828800000,43452.227,23226.978,1221741.0,240
1774843200000,24988.604,12691.227,702418.0,240
1774857600000,25240.799,13095.252,588545.0,240
1774872000000,42769.125,21146.184,1037837.0,240
1774886400000,34170.069,16881.199,812733.0,240
1774900800000,16438.241,8696.276,393905.0,240
1774915200000,38783.787,20349.631,945711.0,240
1774929600000,21775.2,10689.684,567705.0,240
1774944000000,45906.629,21596.124,969593.0,240
1774958400000,60392.206,30531.705,1455157.0,240
1774972800000,60172.062,33211.174,1432082.0,240
1774987200000,16303.201,8237.273,492115.0,240
1775001600000,21051.997,10320.947,617651.0,240
1775016000000,39490.528,20704.56,764824.0,240
1775030400000,19706.052,9857.252,525260.0,240
1775044800000,38470.852,19719.166,1028791.0,240
1775059200000,27241.301,13888.69,780571.0,240
1775073600000,11315.49,5618.751,389670.0,240
1775088000000,51050.567,23849.191,1388584.0,240
1775102400000,25041.797,12435.675,519604.0,240
1775116800000,19810.094,9122.859,460702.0,240
1775131200000,54090.961,25282.471,1235929.0,240
1775145600000,29514.463,15410.908,768790.0,240
1775160000000,8851.039,4454.822,265029.0,240
1775174400000,18212.835,8120.691,444021.0,240
1775188800000,13472.972,7462.886,389600.0,240
1775203200000,12486.352,6111.226,334377.0,240
1775217600000,22358.522,10958.555,478169.0,240
1775232000000,7921.876,4075.505,217757.0,240
1775246400000,4815.276,2819.867,128827.0,240
1775260800000,3902.732,1839.746,103881.0,240
1775275200000,6007.355,3205.681,125324.0,240
1775289600000,7992.9310000000005,4139.131,161654.0,240
1775304000000,16379.357,8315.289,246173.0,240
1775318400000,11176.887,5353.027,205694.0,240
1775332800000,5311.075,2786.271,131999.0,240
1775347200000,6903.652,3466.1459999999997,151313.0,240
1775361600000,13916.33,6666.71,251836.0,240
1775376000000,6904.214,3622.372,150335.0,240
1775390400000,27564.797000000002,14902.229,467444.0,240
1775404800000,10633.01,5329.302,253987.0,240
1775419200000,38996.166,22734.959,819836.0,240
1775433600000,31472.532,15594.202,823037.0,240
1775448000000,16774.749,8029.727,409214.0,240
1775462400000,31538.644,17221.768,652685.0,240
1775476800000,31536.197,15873.691,902579.0,240
1775491200000,28697.393,14233.348,758509.0,240
1775505600000,26737.721,12051.631,567854.0,240
1775520000000,22331.356,11218.197,584752.0,240
1775534400000,12350.999,6306.917,328689.0,240
1775548800000,32353.624,16373.619,732874.0,240
1775563200000,38539.121,18763.287,1038207.0,240
1775577600000,28366.793,14919.487,782209.0,240
1775592000000,98886.354,56033.979999999996,1906817.0,240
1775606400000,26757.697,13335.207,622599.0,240
1775620800000,17009.861,8688.478,392654.0,240
1775635200000,14461.09,7334.764,372727.0,240
1775649600000,79220.378,40955.672,1506883.0,240
1775664000000,32164.665,15965.553,799086.0,240
1775678400000,13764.801,7151.653,389806.0,240
1775692800000,21193.853,10023.703,568038.0,240
1775707200000,12002.442,5961.888,298505.0,240
1775721600000,17310.192,8860.514,430645.0,240
1775736000000,49151.802,25674.279,1145078.0,240
1775750400000,41877.194,20892.388,1044701.0,240
1775764800000,34270.974,19007.979,753812.0,240
1775779200000,21715.955,11482.119,575305.0,240
1775793600000,16485.581,7392.154,398737.0,240
1775808000000,19118.232,9884.948,434729.0,240
1775822400000,57943.465000000004,29665.177,1165256.0,240
1775836800000,23358.005,12351.57,552872.0,240
1775851200000,17948.428,9406.243,404007.0,240
1775865600000,10123.999,5117.9619999999995,238376.0,240
1775880000000,11906.343,6403.952,211773.0,240
1775894400000,8113.981,4264.742,184872.0,240
1775908800000,12417.345,5778.143,272945.0,240
1775923200000,23634.789,13533.326,505694.0,240
1775937600000,13973.213,6742.134,343666.0,240
1775952000000,43169.182,21381.843,855332.0,240
1775966400000,12023.589,5966.68,267095.0,240
1775980800000,8820.093,4019.301,201997.0,240
1775995200000,34941.462,15353.639,567520.0,240
1776009600000,11517.812,6217.185,252276.0,240
1776024000000,24350.851,12011.678,556149.0,240
1776038400000,15132.601,7543.331,406292.0,240
1776052800000,11392.397,5790.01,304925.0,240
1776067200000,11273.638,5369.975,300155.0,240
1776081600000,57450.265,28922.679,1164440.0,240
1776096000000,56314.369999999995,31641.277,1025896.0,240
1776110400000,61466.248,32806.053,1155394.0,240
1776124800000,19651.083,9958.136,511630.0,240
1776139200000,16214.625,8661.335000000001,380446.0,240
1776153600000,16225.412,8641.431,429582.0,240
1776168000000,75098.043,40707.201,1490914.0,240
1776182400000,41947.024,20156.949,955697.0,240
1776196800000,14125.303,7517.547,449736.0,240
1776211200000,16203.804,8638.22,469953.0,240
1776225600000,19300.982,9034.093,437800.0,240
1776240000000,17459.363,9199.927,404528.0,240
1776254400000,32291.529,15465.448,834150.0,240
1776268800000,24574.563000000002,13516.057,733559.0,240
1776283200000,21199.53,10839.901,556956.0,240
1776297600000,15651.25,7845.128,524075.0,240
1776312000000,17045.274,8827.353,379810.0,240
1776326400000,20577.67,9596.827,480847.0,240
1776340800000,56715.81,28529.695,1252908.0,240
1776355200000,32912.364,17135.922,948807.0,240
1776369600000,15495.357,7962.677,494637.0,240
1776384000000,13107.45,6034.651,354825.0,240
1776398400000,11691.865,6327.91,295962.0,240
1776412800000,53474.253,28457.107,1035768.0,240
1776427200000,107834.631,55775.446,2360161.0,240
1776441600000,40552.358,20986.051,1107495.0,240
1776456000000,12735.358,6622.6539999999995,389098.0,240
1776470400000,9887.034,4968.826,314928.0,240
1776484800000,10695.009,5388.62,255545.0,240
1776499200000,37691.022,16253.234,725060.0,240
1776513600000,17432.324,9450.419,465259.0,240
1776528000000,23009.346,10171.015,472976.0,240
1776542400000,7179.656,3934.167,214527.0,240
1776556800000,10862.513,5087.239,305212.0,240
1776571200000,18131.041,8732.757,429202.0,240
1776585600000,14364.469,7804.941,399240.0,240
1776600000000,28969.611,15106.663,781600.0,240
1776614400000,25232.576,11909.462,769569.0,240
1776628800000,31418.001,14417.227,854801.0,240
1776643200000,21233.994,11577.456,547914.0,240
1776657600000,25444.888,12740.001,638733.0,240
1776672000000,18020.188000000002,9203.763,587445.0,240
1776686400000,42510.020000000004,21511.334,1343749.0,240
1776700800000,38692.836,21092.9,864075.0,240
1776715200000,20247.741,10473.676,430589.0,240
1776729600000,13838.396,6909.399,463247.0,240
1776744000000,14272.52,7671.593,426574.0,240
1776758400000,27821.111,14878.844000000001,733142.0,240
1776772800000,48277.16,22700.626,1239476.0,240
1776787200000,38568.672,18777.12,1095758.0,240
1776801600000,21983.128,11818.32,578647.0,240
1776816000000,39061.724,20545.898,878662.0,240
1776830400000,41227.885,22210.760000000002,804511.0,240
1776844800000,15681.688,8387.229,464902.0,240
1776859200000,53011.501000000004,29277.358,1352839.0,240
1776873600000,27094.127,14144.162,746600.0,240
1776888000000,15010.171,7427.15,407289.0,240
1776902400000,29046.607,14074.82,904967.0,240
1776916800000,17571.723,9309.291,487126.0,240
1776931200000,35463.4,16000.927,652716.0,240
1776945600000,35494.645,17765.638,942576.0,240
1776960000000,43195.351,21393.765,1069759.0,240
1776974400000,11713.286,6174.434,327052.0,240
1776988800000,23409.633,10752.163999999999,545555.0,240
1777003200000,17255.414,8733.688,394700.0,240
1777017600000,25294.889,13206.457,582307.0,240
1777032000000,31389.885,16079.214,834982.0,240
1777046400000,20079.534,10105.221,508007.0,240
1777060800000,10353.65,5018.923,245970.0,240
1777075200000,6659.441,3451.995,175114.0,240
1777089600000,5246.887,2633.381,128946.0,240
1777104000000,8566.49,4451.745,181301.0,240
1777118400000,9750.494,4236.405,199896.0,240
1777132800000,10601.66,5375.525,246553.0,240
1777147200000,5767.514,2940.378,142761.0,240
1777161600000,6370.913,2650.898,160285.0,240
1777176000000,15176.812,8147.857,326963.0,240
1777190400000,6338.101,2967.584,170701.0,240
1777204800000,11383.992,5106.463,263533.0,240
1777219200000,15250.276,8595.841,358820.0,240
1777233600000,25423.211,13263.721,678158.0,240
1777248000000,28332.003,14278.565,775419.0,240
1777262400000,46056.494,20005.12,844449.0,240
1777276800000,15085.328,7429.915,311222.0,240
1777291200000,45532.905,21222.36,1020574.0,240
1777305600000,20255.064,9876.52,523615.0,240
1777320000000,13839.089,6968.264,284334.0,240
1777334400000,16306.693,7797.458,424095.0,240
1777348800000,17501.573,8038.225,421057.0,240
1777363200000,16237.845,7786.582,420617.0,240
1777377600000,32920.405,16702.344,899792.0,240
1777392000000,12516.735,7042.579,385785.0,240
1777406400000,8435.626,3956.921,204184.0,240
1777420800000,17757.966,9591.553,438558.0,240
1777435200000,24024.0,12273.225,436949.0,240
1777449600000,25723.964,13286.289,524726.0,240
1777464000000,47484.616,23146.759,1015962.0,240
1777478400000,54386.306,26644.932,960286.0,240
1777492800000,17156.651,8075.321,368175.0,240
1777507200000,22074.553,11265.651,546214.0,240
1777521600000,15761.964,8478.346,384687.0,240
1777536000000,15331.776,7733.935,349778.0,240
1777550400000,26961.697,14307.411,743325.0,240
1777564800000,11760.837,6236.331,341735.0,240
1777579200000,7863.633,3717.715,215909.0,240
1777593600000,21673.031,12199.797,451468.0,240
1777608000000,12318.418,5902.122,303204.0,240
1777622400000,17873.319,9345.201,340791.0,240
1777636800000,66947.87,35470.757,1259417.0,240
1777651200000,19035.818,10027.936,521695.0,240
1777665600000,15149.85,7022.098,316839.0,240
1777680000000,8115.878,4390.648,227389.0,240
1777694400000,10254.585,4884.618,215048.0,240
1777708800000,5555.41,2733.888,139958.0,240
1777723200000,8234.343,4822.975,180805.0,240
1777737600000,5602.226,2864.347,155580.0,240
1777752000000,13678.666000000001,7627.323,302083.0,240
1777766400000,13209.701,5897.813,275973.0,240
1777780800000,7080.944,4066.461,173217.0,240
1777795200000,9195.937,5102.131,221960.0,240
1777809600000,9849.891,4457.6539999999995,252405.0,240
1777824000000,5743.945,3024.87,193644.0,240
1777838400000,26953.203,14272.098,652611.0,240
1777852800000,59484.212,33363.923,1258209.0,240
1777867200000,30796.491,15889.304,646479.0,240
1777881600000,64999.688,28017.336,1062989.0,240
1777896000000,75904.797,37477.238,1431158.0,240
1777910400000,38924.278,19128.774,891195.0,240
1777924800000,10807.116,5862.707,298201.0,240
1777939200000,24027.045,13883.305,522159.0,240
1777953600000,26966.917,14568.14,499850.0,240
1777968000000,21914.277000000002,12311.086000000001,370972.0,240
1777982400000,49091.49,28005.04,1014389.0,240
1777996800000,20374.894,10814.965,498044.0,240
1778011200000,28546.905,15196.831,612433.0,240
1778025600000,19335.861,10249.737,528308.0,240
1778040000000,13068.658,6485.356,381719.0,240
1778054400000,52877.103,30141.345,1000561.0,240
1778068800000,47013.667,22359.744,1123250.0,240
1778083200000,14700.188,6773.305,474428.0,240
1778097600000,11205.031,5333.1630000000005,306009.0,240
1778112000000,18369.798,8892.662,481881.0,240
1778126400000,19556.646,10369.568,420372.0,240
1778140800000,20018.567,9072.952,457547.0,240
1778155200000,40977.456,19230.799,1007976.0,240
1778169600000,22970.036,11453.439,661822.0,240
1778184000000,12835.149,6029.824,351147.0,240
1778198400000,17479.539,8418.823,463151.0,240
1778212800000,12514.453,6601.735,334458.0,240
1778227200000,19245.773,10234.187,437614.0,240
1778241600000,35525.912000000004,17558.942,908212.0,240
1778256000000,15204.84,7818.304,500243.0,240
1778270400000,6792.396,3431.091,194000.0,240
1778284800000,7422.748,4030.729,202293.0,240
1778299200000,10981.652,5349.391,228723.0,240
1778313600000,7358.212,3832.716,168412.0,240
1778328000000,9589.206,5311.38,199162.0,240
1778342400000,15965.786,8367.352,338976.0,240
1778356800000,4639.73,2024.362,133817.0,240
1778371200000,6239.6849999999995,3205.061,166954.0,240
1778385600000,3918.369,1865.409,122691.0,240
1778400000000,7173.695,4094.469,164241.0,240
1778414400000,15739.641,8471.269,318731.0,240
1778428800000,15380.911,8298.186,368419.0,240
1778443200000,46498.502,23169.445,1108291.0,240
1778457600000,34137.133,15662.394,854672.0,240
1778472000000,11262.175,5813.753,300399.0,240
1778486400000,10673.423,5688.447,293558.0,240
1778500800000,29458.505,14164.696,764001.0,240
1778515200000,27429.743,13208.721,656646.0,240
1778529600000,9029.442,4549.764,265020.0,240
1778544000000,20957.010000000002,10335.527,461427.0,240
1778558400000,14722.452,6941.694,290104.0,240
1778572800000,16396.375,8589.879,342353.0,240
1778587200000,36183.842,17951.408,837741.0,240
1778601600000,25607.157,12912.061,565732.0,240
1778616000000,7447.12,3522.523,207465.0,240
1778630400000,14181.69,7739.131,368299.0,240
1778644800000,9637.715,4630.901,216500.0,240
1778659200000,17712.804,8326.951,369456.0,240
1778673600000,57778.155,28225.336,1089227.0,240
1778688000000,29131.57,14527.622,581843.0,240
1778702400000,11258.711,5618.852,282103.0,240
1778716800000,18671.685,9023.637,481529.0,240
1778731200000,18751.597,9756.496,448830.0,240
1778745600000,13577.35,6928.029,353668.0,240
1778760000000,60173.208,32746.86,1115385.0,240
1778774400000,54556.282,28277.659,1045271.0,240
1778788800000,10153.503,5089.219,290562.0,240
1778803200000,21653.619,11514.558,577408.0,240
1778817600000,26883.433,13404.485,577220.0,240
1778832000000,13997.963,6863.254,381566.0,240
1778846400000,69441.51699999999,34791.983,1366098.0,240
1778860800000,14707.787,6884.531,445597.0,240
1778875200000,7139.186,3304.181,210301.0,240
1778889600000,6619.717,3483.92,176015.0,240
1778904000000,27621.111,11612.156,519842.0,240
1778918400000,28313.225,13039.088,575554.0,240
1778932800000,12794.404,6941.189,321862.0,240
1778947200000,6585.171,3336.723,185426.0,240
1778961600000,4216.823,1942.452,115285.0,240
1778976000000,13609.963,6334.537,319195.0,240
1778990400000,7162.403,3914.529,173597.0,240
1779004800000,10980.395,5901.645,249462.0,240
1779019200000,11904.251,5239.293,302136.0,240
1779033600000,8566.532,4632.818,238793.0,240
1779048000000,33994.125,14315.898,652063.0,240
1779062400000,30154.057,15338.155,802871.0,240
1779076800000,18240.676,8754.598,462274.0,240
1779091200000,17609.267,9498.443,447467.0,240
1779105600000,61736.012,29404.956000000002,1419479.0,240
1779120000000,33886.684,17353.848,846919.0,240
1779134400000,16736.803,7734.022,348863.0,240
1779148800000,17833.975,8949.709,460450.0,240
1779163200000,12417.774,6668.299,345294.0,240
1779177600000,15551.171,7337.102,401621.0,240
1779192000000,31454.773,14629.3,819926.0,240
1779206400000,15271.39,7386.4800000000005,437465.0,240
1779220800000,6517.556,3126.38,200860.0,240
1779235200000,14717.509,6054.06,401633.0,240
1779249600000,18552.191,10395.921,386409.0,240
1779264000000,16338.696,8326.53,300549.0,240
1779278400000,33242.241,17131.426,886761.0,240
1779292800000,15341.814,7554.439,478625.0,240
1779307200000,9414.955,4766.175,288646.0,240
1779321600000,17039.221,9619.643,386736.0,240
1779336000000,13018.714,6225.707,290225.0,240
1779350400000,23155.618,11142.313,495041.0,240
1779364800000,25558.755,11970.979,736655.0,240
1779379200000,32159.154,16031.369,770270.0,240
1779393600000,6163.699,3048.217,187782.0,240
1779408000000,7709.423,4127.891,249828.0,240
1779422400000,12647.782,5976.437,262145.0,240
1779436800000,8553.583,4482.79,243142.0,240
1779451200000,33117.496,16648.944,640040.0,240
1779465600000,36277.266,16296.974,767973.0,240
1779480000000,17900.663,7953.24,406221.0,240
1779494400000,15436.518,7779.463,369988.0,240
1779508800000,31515.125,13818.442,474257.0,240
1779523200000,20421.659,11202.45,357435.0,240
1779537600000,29233.849,15789.547,483938.0,240
1779552000000,15418.261,8842.5,377086.0,240
1779566400000,41802.341,22530.094,942156.0,240
1779580800000,10877.601,5278.029,276309.0,240
1779595200000,9167.64,4815.737,218774.0,240
1779609600000,17222.638,10377.616,352488.0,240
1779624000000,24088.222,10759.615,525621.0,240
1779638400000,9107.609,5089.889,275064.0,240
1779652800000,20670.567,10630.576,585882.0,240
1779667200000,14649.301,7498.755,441971.0,240
1779681600000,14584.247,8043.678,367278.0,240
1779696000000,13640.885,7668.42,254177.0,240
1779710400000,15234.635,7633.1449999999995,360327.0,240
1779724800000,9008.916,4041.878,227559.0,240
1779739200000,9590.424,4735.664,279693.0,240
1779753600000,18506.397,8642.264,468813.0,240
1779768000000,12547.087,6389.906,266435.0,240
1779782400000,20838.26,10729.755,478272.0,240
1779796800000,66727.635,32810.586,1304064.0,240
1779811200000,35332.115,17829.605,849265.0,240
1779825600000,10968.588,5396.191,298801.0,240
1779840000000,12261.144,6033.083,338048.0,240
1779854400000,18142.226,8911.101,367623.0,240
1779868800000,12192.202,5755.866,279312.0,240
1779883200000,51264.201,25040.984,1202475.0,240
1779897600000,22646.635000000002,10652.264,590078.0,240
1779912000000,28209.053,12488.284,671224.0,240
1779926400000,43587.778,19004.77,880477.0,240
1779940800000,34578.879,17860.702,715980.0,240
1779955200000,13907.056,6542.199,379381.0,240
1779969600000,51087.566,26575.58,1097281.0,240
1779984000000,22552.945,11359.574,560363.0,240
1779998400000,13731.453,7342.145,329117.0,240
1780012800000,11820.268,5371.109,364918.0,240
1780027200000,15653.651,8138.994,342477.0,240
1780041600000,11771.654,5738.728,290842.0,240
1780056000000,59474.916,29019.254,1264658.0,240
1780070400000,36329.068,17162.807,807473.0,240
1780084800000,11107.625,5303.389,260231.0,240
1780099200000,7948.491,3937.667,200681.0,240
1780113600000,12144.771999999999,6727.262,253533.0,240
1780128000000,4484.973,2284.993,113591.0,240
1780142400000,13500.653,7800.222,268410.0,240
1780156800000,8324.565,4186.309,177868.0,240
1780171200000,6140.232,3074.843,156272.0,240
1780185600000,10535.051,5246.831,272190.0,240
1780200000000,6718.924,3060.695,158970.0,240
1780214400000,6299.825,3087.505,160434.0,240
1780228800000,14325.411,6671.766,304005.0,240
1780243200000,7969.289,3777.786,213359.0,240
1780257600000,12392.959,6859.507,332238.0,240
1780272000000,18398.144,8825.064,531260.0,240
1780286400000,22007.162,10406.857,534472.0,240
1780300800000,27389.75,12099.8,532592.0,240
1780315200000,86549.322,44473.737,1612148.0,240
1780329600000,38288.275,19052.867,796854.0,240
1780344000000,20838.475,10132.255,451046.0,240
1780358400000,34734.101,16698.269,852326.0,240
1780372800000,38610.039,18117.052,870271.0,240
1780387200000,31530.799,15709.114,763253.0,240
1780401600000,107503.754,51075.118,2042256.0,240
1780416000000,70497.295,33323.371,1237260.0,240
1780430400000,63826.164,31281.551,1361990.0,240
1780444800000,59070.502,27478.598,1089648.0,240
1780459200000,54095.531,28871.402000000002,1043284.0,240
1780473600000,36554.161,17222.772,620007.0,240
1780488000000,45358.494,21333.141,1339639.0,240
1780502400000,52731.38,23842.883,1293070.0,240
1780516800000,63091.47,30465.188000000002,1581277.0,240
1780531200000,138498.717,66302.048,3096867.0,240
1780545600000,48763.085,23906.214,1257531.0,240
1780560000000,83019.001,41859.012,1843677.0,240
1780574400000,82851.335,42793.712999999996,2302369.0,240
1780588800000,47629.314,24510.171,1360727.0,240
1780603200000,30413.159,13945.289,1013414.0,240
1780617600000,39487.449,19264.248,1203491.0,240
1780632000000,95582.01,47225.783,2653720.0,240
1780646400000,37751.827,17992.497,1202884.0,240
1780660800000,115682.492,55705.082,2920835.0,240
1780675200000,127122.155,59915.094,3003760.0,240
1780689600000,62535.952,32504.992,2016872.0,240
1780704000000,23442.856,10646.056,897844.0,240
1780718400000,61769.424,31387.688,1869746.0,240
1780732800000,34049.199,16548.456,979054.0,240
1780747200000,26083.469,12651.297,833100.0,240
1780761600000,15773.432,7471.469,580020.0,240
1780776000000,13642.463,7140.693,453388.0,240
1780790400000,26805.32,15020.671,772806.0,240
1780804800000,33448.333,19120.428,790392.0,240
1780819200000,34727.841,17254.87,795780.0,240
1780833600000,44650.304,21533.017,1112677.0,240
1780848000000,26818.748,12336.406,733696.0,240
1780862400000,51028.487,27361.053,1420106.0,240
1780876800000,30516.736,15610.141,1035901.0,240
1780891200000,24789.068,12635.161,792135.0,240
1780905600000,28239.331,14345.111,794747.0,240
1780920000000,59094.067,30794.267,1608766.0,240
1780934400000,21761.634,9948.483,750664.0,240
1780948800000,20040.217,10110.922,570956.0,240
1780963200000,30323.516,14872.981,832030.0,240
1780977600000,25943.769,13261.602,597077.0,240
1780992000000,24571.806,10990.258,573665.0,240
1781006400000,71792.227,34166.076,1667448.0,240
1781020800000,51223.379,25784.192,1355482.0,240
1781035200000,17544.777,8322.497,473587.0,240
1781049600000,19223.281,9424.814,677793.0,240
1781064000000,19444.11,9656.702,556646.0,240
1781078400000,33088.168,15827.847,868105.0,240
1781092800000,66353.205,34805.269,1736223.0,240
1781107200000,31582.234,15365.037,1005892.0,240
1781121600000,23363.266,11692.018,700963.0,240
1781136000000,28940.197,16201.568000000001,753021.0,240
1781150400000,22029.355,11012.51,520004.0,240
1781164800000,26302.203,15320.313,467737.0,240
1781179200000,50133.343,24573.723,1160779.0,240
1781193600000,52994.312,29350.722,1206398.0,240
1781208000000,13595.164,7128.293,357006.0,240
1781222400000,14144.616,7273.659,408680.0,240
1781236800000,25276.191,12615.508,554959.0,240
1781251200000,22081.286,11312.219,513478.0,240
1781265600000,55108.343,28435.769,1236076.0,240
1781280000000,19010.236,9857.852,603115.0,240
1781294400000,10103.11,5051.86,269811.0,240
1781308800000,10105.104,4664.263,241465.0,240
1781323200000,9018.379,4558.036,204701.0,240
1781337600000,9974.924,5023.388,213565.0,240
1781352000000,16226.176,8604.502,320189.0,240
1781366400000,17406.503,8306.072,334907.0,240
1781380800000,13430.301,7611.933,290901.0,240
1781395200000,9988.194,5211.87,244890.0,240
1781409600000,10509.099,5060.793,217545.0,240
1781424000000,9126.59,4481.927,209771.0,240
1781438400000,18995.108,8673.265,380087.0,240
1781452800000,13323.248,6649.268,291497.0,240
1781467200000,54791.219,30472.85,1076667.0,240
1781481600000,28160.734,14228.924,607402.0,240
1781496000000,15857.095,7700.001,364703.0,240
1781510400000,30586.233,17589.172,538226.0,240
1781524800000,54335.312,28103.389,1043029.0,240
1781539200000,25502.782,11920.5,629241.0,240
1781553600000,13510.785,6627.034,396712.0,240
1781568000000,21435.498,10184.277,508264.0,240
1781582400000,18657.417,9946.601,433591.0,240
1781596800000,21615.635,10953.326,492484.0,240
1781611200000,40814.157,19969.765,1023928.0,240
1781625600000,17111.255,8525.672,491990.0,240
1781640000000,9472.464,4878.405,236575.0,240
1781654400000,12292.334,6037.392,375667.0,240
1781668800000,16732.999,7672.964,361191.0,240
1781683200000,31844.178,15439.282,636474.0,240
1781697600000,37758.911,20128.972999999998,900918.0,240
1781712000000,79252.604,38233.431,1817784.0,240
1781726400000,21605.273,11309.811,539104.0,240
1781740800000,14714.901,7145.024,402746.0,240
1781755200000,26503.476,13291.225,597823.0,240
1781769600000,20589.638,9410.783,446917.0,240
1781784000000,71085.58,34290.895,1373174.0,240
1781798400000,39773.529,21080.63,831534.0,240
1781812800000,15031.592,7173.504,353607.0,240
1781827200000,18794.133,8762.58,419600.0,240
1781841600000,17304.688,8686.424,414249.0,240
1781856000000,16397.734,8251.066,413732.0,240
1781870400000,32841.195,17827.025,766395.0,240
1781884800000,15117.889,7498.523,437094.0,240
1781899200000,11771.242,7233.107,270562.0,240
1781913600000,12770.433,6284.0740000000005,330207.0,240
1781928000000,14008.791,7590.114,300243.0,240
1781942400000,12183.381,5760.456,248795.0,240
1781956800000,36115.681,18828.727,682099.0,240
1781971200000,13002.244,6243.04,352380.0,240
1781985600000,7596.166,4206.787,233576.0,240
1782000000000,10365.539999999999,4557.291,200867.0,240
1782014400000,12165.969,5398.834,226659.0,240
1782028800000,17775.189,9011.732,354447.0,240
1782043200000,11893.654,6307.55,296784.0,240
1782057600000,7663.114,3831.153,228127.0,240
1782072000000,25118.61,12258.479,596710.0,240
1782086400000,37961.563,19782.987,901330.0,240
1782100800000,14743.502,7370.084,383243.0,240
1782115200000,15942.601,8117.591,430339.0,240
1782129600000,51405.925,27162.365,1106223.0,240
1782144000000,24156.885,11744.521,586197.0,240
1782158400000,17632.532,8411.774,431177.0,240
1782172800000,14943.555,7420.098,405734.0,240
1782187200000,45716.491,22320.591,851091.0,240
1782201600000,41466.543,20011.397,796590.0,240
1782216000000,42631.034999999996,21112.215,1042430.0,240
1782230400000,19127.882,9880.691,583899.0,240
1782244800000,9033.733,4246.729,313468.0,240
1782259200000,17756.997,8929.013,548749.0,240
1782273600000,12079.174,5911.166,362205.0,240
1782288000000,19998.451,9816.673999999999,461049.0,240
1782302400000,90414.628,41741.505,1833588.0,240
1782316800000,95446.269,43958.126000000004,1820492.0,240
1782331200000,42401.784999999996,22178.591,911655.0,240
1782345600000,16377.173,7755.969,463874.0,240
1782360000000,30997.479,16791.747,652655.0,240
1782374400000,28088.696,12812.955,500485.0,240
1782388800000,167122.726,82517.505,3269348.0,240
1782403200000,35931.882,17904.018,1211822.0,240
1782417600000,23312.218,11590.613,641393.0,240
1782432000000,61621.029,30345.82,1378661.0,240
1782446400000,40011.928,20851.599,953865.0,240
1782460800000,36168.134,17001.647,887810.0,240
1782475200000,97365.209,47638.308,2400752.0,240
1782489600000,32859.636,16276.614,951651.0,240
1782504000000,14069.215,7227.118,410629.0,240
1782518400000,12863.512,6788.679,315150.0,240
1782532800000,13007.199,6667.733,311231.0,240
1782547200000,8919.927,4569.152,216641.0,240
1782561600000,17098.528,9746.639,384515.0,240
1782576000000,16777.939,7705.362,368154.0,240
1782590400000,12635.488,6591.96,337544.0,240
1782604800000,7852.352,4010.809,226010.0,240
1782619200000,13002.681,6650.942,304308.0,240
1782633600000,12643.512,6330.94,314345.0,240
1782648000000,15226.346,7339.583,417054.0,240
1782662400000,24638.347,10959.833,583106.0,240
1782676800000,30235.459,14438.007,798673.0,240
1782691200000,38253.849,19642.414,1103064.0,240
1782705600000,20723.108,10587.882,609605.0,240
1782720000000,21568.64,10315.067,611978.0,240
1782734400000,97415.484,48596.249,2280370.0,240
1782748800000,36925.254,19201.066,920839.0,240
1782763200000,12889.94,5818.198,318883.0,240
1782777600000,22856.266,10742.952,541132.0,240
1782792000000,22886.397,11220.428,455309.0,240
1782806400000,21626.513,10197.914,479774.0,240
1782820800000,92456.515,42707.261,1840745.0,240
1782835200000,21528.097999999998,11052.666,658800.0,240
1782849600000,10292.512,4655.056,321943.0,240
1782864000000,56290.292,27790.806,1116774.0,240
1782878400000,28426.793,14062.649,609659.0,240
1782892800000,18942.584,9751.468,499101.0,240
1782907200000,83094.085,43343.626000000004,1663935.0,240
1782921600000,24811.03,12007.862,577840.0,240
1782936000000,52373.697,29413.431,779071.0,240
1782950400000,37833.808,20229.108,758022.0,240
1782964800000,34117.778,14610.859,586744.0,240
1782979200000,53739.084,28055.528,998412.0,240
1782993600000,69787.014,35821.222,1526146.0,240
1783008000000,28202.679,13737.578,645115.0,240
1783022400000,12269.708999999999,5526.22,251484.0,240
1783036800000,15053.911,7790.07,462386.0,240
1783051200000,14260.827,7208.906,342999.0,240
1783065600000,19066.059,10105.978000000001,447075.0,240
1783080000000,36548.042,18611.544,714234.0,240
1783094400000,14492.869,7603.369,332054.0,240
1783108800000,33076.786,18217.483,535603.0,240
1783123200000,15174.848,7775.103,366205.0,240
1783137600000,9691.02,4529.069,242965.0,240
1783152000000,7405.183,3615.077,188633.0,240
1783166400000,15525.164,9137.424,372132.0,240
1783180800000,21139.019,11352.877,448258.0,240
1783195200000,10714.289999999999,5141.057,266917.0,240
1783209600000,14486.359,6323.063,344867.0,240
1783224000000,10165.269,5713.314,247471.0,240
1783238400000,13311.704,6018.275,302716.0,240
1783252800000,10079.94,5098.394,270332.0,240
1783267200000,8303.748,4236.732,235959.0,240
1783281600000,36280.123999999996,20781.505,687973.0,240
1783296000000,23780.303,11968.161,647754.0,240
1783310400000,16456.746,8099.467,404849.0,240
1783324800000,27610.107,11091.319,453244.0,240
1783339200000,105736.056,53910.504,2015859.0,240
1783353600000,40689.156,20671.034,911705.0,240
1783368000000,28521.431,15646.77,640526.0,240
1783382400000,29622.934,12867.11,666633.0,240
1783396800000,27393.375,13563.13,496375.0,240
1783411200000,16329.871,8135.149,367322.0,240
1783425600000,60232.809,29993.967,1457396.0,240
1783440000000,28687.049,14161.172,739298.0,240
1783454400000,14939.8,7154.06,369678.0,240
1783468800000,28854.967,13200.938,658357.0,240
1783483200000,17957.731,9222.573,465855.0,240
1783497600000,45949.73,22468.13,925447.0,240
1783512000000,39109.532,19021.404,959556.0,240
1783526400000,20257.62,10831.956,547603.0,240
1783540800000,10966.145,5156.778,310404.0,240
1783555200000,21786.361,10459.256,609772.0,240
1783569600000,35632.474,19074.54,674054.0,240
1783584000000,16875.277000000002,7935.777,416798.0,240
1783598400000,43030.522,22328.75,1064968.0,240
1783612800000,23833.334,12719.383,583494.0,240
1783627200000,9696.325,4651.057,274112.0,240
1783641600000,28582.709,15675.692,624875.0,240
1783656000000,19716.772,10007.25,367721.0,240
1783670400000,27561.937,15778.703,509892.0,240
1783684800000,35094.942,18845.816,838303.0,240
1783699200000,13676.986,6823.66,391441.0,240
1783713600000,14154.711,6126.937,241127.0,240
1783728000000,7282.145,3408.3849999999998,202462.0,240
1783742400000,5329.112,2575.592,145611.0,240
1783756800000,5002.728,2626.025,127583.0,240
1783771200000,18675.921,8381.867,332420.0,240
1783785600000,6780.216,3458.075,211806.0,240
1783800000000,10604.773,4824.024,257133.0,240
1783814400000,12186.54,6430.878,323655.0,240
1783828800000,11313.903,5474.367,251042.0,240
1783843200000,8689.953,4361.941,216500.0,240
1783857600000,9372.897,5001.594,239280.0,240
1783872000000,6633.117,3090.939,198343.0,240
1783886400000,11895.536,5503.418,320224.0,240
1783900800000,52443.621,24518.415,1130258.0,240
1783915200000,24227.324,12501.69,499285.0,240
1783929600000,22997.462,9538.062,324014.0,240
1783944000000,52068.169,25410.925,1033309.0,240
1783958400000,28856.64,14062.593,606480.0,240
1783972800000,15189.007,7607.067,335610.0,240
1783987200000,15779.623,8068.958,432041.0,240
1784001600000,12956.51,6386.99,316289.0,240
1784016000000,11932.483,6123.947,301440.0,240
1784030400000,99608.666,53641.754,1640144.0,240
1784044800000,27810.776,12717.228,559849.0,240
1784059200000,22787.125,12975.898,418749.0,240
1784073600000,14011.588,6771.13,326242.0,240
1784088000000,20381.848,10397.849,452505.0,240
1784102400000,11520.12,5971.295,286290.0,240
1784116800000,48445.138,26334.302,1172989.0,240
1784131200000,30103.535,15908.747,546154.0,240
1784145600000,7761.385,3634.078,217514.0,240
1784160000000,13463.314,6839.373,352640.0,240
1784174400000,23983.759,11518.021,419702.0,240
1784188800000,23564.869,11513.968,454987.0,240
1784203200000,38698.036,19298.367,911886.0,240
1784217600000,18183.263,8014.5960000000005,523708.0,240
1784232000000,12576.221,5917.768,289098.0,240
1784246400000,23701.404,11127.756,584768.0,240
1784260800000,36223.336,17608.975,584766.0,240
1784275200000,20640.395,11081.916,376144.0,240
1784289600000,42264.1,20059.379,1023006.0,240
1784304000000,34857.577,17499.11,764790.0,240
1784318400000,8166.001,3622.099,203347.0,240
1784332800000,5338.834,2841.195,134018.0,240
1784347200000,4328.088,2210.415,90915.0,240
1784361600000,4092.098,2242.333,79734.0,240
1784376000000,9810.671,4997.983,226267.0,240
1784390400000,15262.257,9055.485,294520.0,240
1784404800000,10394.79,5104.065,252618.0,240
1784419200000,13515.109,5832.634,214268.0,240
1784433600000,5846.715,2805.583,137756.0,240
1784448000000,10691.7,4931.36,214686.0,240
1784462400000,11251.478,5644.959,271461.0,240
1784476800000,9954.822,4954.879,270633.0,240
1784491200000,11535.206,5772.4619999999995,341953.0,240
1784505600000,22717.146,11867.73,650261.0,240
1784520000000,27903.419,14031.334,668952.0,240
1784534400000,27733.431,14117.229,536409.0,240
1784548800000,54262.291,29292.958,1179181.0,240
1784563200000,35972.663,19005.465,699004.0,240
1784577600000,10917.197,5701.776,264752.0,240
1784592000000,15057.371,7966.295,426986.0,240
1784606400000,27187.740999999998,15510.25,518975.0,240
1784620800000,22965.054,11219.04,434482.0,240
1784635200000,39564.704,21476.033,816292.0,240
1784649600000,24712.174,10670.218,495802.0,240
1784664000000,9407.871,5024.947,233568.0,240
1784678400000,13801.058,6815.556,367240.0,240
1784692800000,22194.384,10409.354,419611.0,240
1784707200000,19352.095,11444.382,304290.0,240
1784721600000,33898.686,16732.021,732735.0,240
1784736000000,19116.49,9839.471,480299.0,240
1784750400000,8447.902,4217.481,244533.0,240
1784764800000,16744.203,7538.202,400904.0,240
1784779200000,15598.473,7222.967,310042.0,240
1784793600000,11821.586,5750.499,272222.0,240
1784808000000,51499.187,24616.087,908443.0,240
1784822400000,15984.685,7918.618,388916.0,240
1784836800000,13119.644,7127.035,276590.0,240
1784851200000,18271.087,9606.289,401186.0,240
1784865600000,22156.361,10903.126,351112.0,240
1784880000000,18685.368,8972.979,357289.0,240
1784894400000,67797.363,33169.77,1131630.0,240
1784908800000,14675.634,7080.169,348737.0,240
1784923200000,5951.659,2633.451,142848.0,240
1784937600000,11227.005,3702.368,148449.0,240
1784952000000,5992.315,2733.56,126383.0,240
1784966400000,8693.02,4247.5689999999995,163620.0,240
1784980800000,7467.034,3763.972,154064.0,240
1784995200000,8274.357,4518.758,161382.0,240
1785009600000,4593.903,2317.133,106718.0,240
1785024000000,6207.268,3398.58,145456.0,240
1785038400000,8129.244,3617.228,152765.0,240
1785052800000,5451.789,2676.861,100571.0,240
1785067200000,14685.055,7984.804,281349.0,240
1785081600000,8330.401,3937.266,197061.0,240
1785096000000,22959.406,12405.404,427899.0,240
1785110400000,15835.857,7794.82,390721.0,240
1785124800000,16646.096,8529.259,367733.0,240
1785139200000,12104.408,6027.383,254350.0,240
1785153600000,52696.883,25187.075,1117734.0,240
1785168000000,17239.433,8650.338,433300.0,240
1785182400000,33309.056,13821.992,578506.0,240
1785196800000,30321.786,14353.351,591625.0,240
1785211200000,17817.023,9395.435,317357.0,240
1785225600000,17704.568,8050.678,311394.0,240
1785240000000,46087.702,23134.938000000002,1000629.0,240
1785254400000,17230.992,9014.105,472346.0,240
1785268800000,15111.791,8785.018,337923.0,240
1785283200000,20893.234,10855.507,606173.0,240
1785297600000,22600.631,12258.736,455751.0,240
1785312000000,19217.032,8837.274,353213.0,240
1785326400000,30660.559,15130.968,844423.0,240
1785340800000,56370.126000000004,27672.831,1238441.0,240
1785355200000,30234.717,16016.277,619255.0,240
1785369600000,19263.395,9997.091,472027.0,240
1785384000000,10707.126,5570.214,305807.0,240
1785398400000,22143.473,11959.457,399935.0,240
1785412800000,37561.257,18779.859,685824.0,240
1785427200000,9665.986,5129.224,280997.0,240
1785441600000,13514.494999999999,7077.362,285660.0,240
1785456000000,35138.633,18822.167,701130.0,240
1785470400000,21124.109,9906.357,389613.0,240
1785484800000,20536.673,10716.548,375326.0,240
1785499200000,67331.204,33434.888,1210827.0,240
1785513600000,21608.292,10487.024,471191.0,240
1785528000000,9226.024,4497.906,206535.0,240
1785542400000,6513.744,3322.299,157865.0,240
1785556800000,5009.899,2455.781,112964.0,240
1785571200000,4669.724,2270.215,96124.0,240
1785585600000,3987.843,1881.347,89611.0,240
1785600000000,26037.185,11420.173999999999,442368.0,240
1785614400000,8519.748,4702.894,185327.0,240
1785628800000,22119.756,12352.164,410427.0,240
1785643200000,10767.479,4615.335,172797.0,240
1785657600000,15698.43,6532.851,255587.0,240
1785672000000,8524.317000000001,4401.555,177381.0,240
1785686400000,10931.715,6768.586,229014.0,240
1785700800000,15998.71,8182.691,355989.0,240
1785715200000,14923.666,6830.582,356320.0,240
1785729600000,17943.273,8725.456,338469.0,240
1785744000000,22976.883,10713.759,390601.0,240
1785758400000,60123.156,30014.622,1179094.0,240
1785772800000,20815.435,10915.422,498729.0,240
1785787200000,15061.449,6581.602,296062.0,240
1785801600000,18605.621,10216.029,405769.0,240
1785816000000,19953.022,10572.794,370964.0,240
1785830400000,14201.869,7674.404,294873.0,240
1785844800000,35048.599,17924.99,813539.0,240
1785859200000,21295.609,10993.211,498773.0,240
1785873600000,20920.579999999998,10519.02,347874.0,240
1785888000000,26385.509000000002,12984.491,407733.0,240
1785902400000,16283.315,8666.951000000001,286008.0,240
1785916800000,11496.742,5339.211,240201.0,240
1785931200000,51851.564,26471.655,978201.0,240
1785945600000,21144.927,11278.294,436677.0,240
1785960000000,17958.19,10192.711,280565.0,240
1785974400000,11750.306,5647.522,238297.0,240
1785988800000,14522.523,7284.902,255728.0,240
1786003200000,14068.606,7040.317,241696.0,240
1786017600000,37867.908,19407.747,749779.0,240
1786032000000,13223.353,6646.787,317358.0,240
1786046400000,7872.088,3537.987,171377.0,240
1786060800000,11976.24,6249.255,297683.0,240
1786075200000,11470.902,5527.775,230890.0,240
1786089600000,26927.143,14502.017,446067.0,240
1786104000000,46158.292,24675.707,898584.0,240
1786118400000,22059.668,11054.23,402021.0,240
1786132800000,5796.135,2848.557,122169.0,240
1786147200000,4575.794,2496.392,105206.0,240
1786161600000,3614.339,1795.695,83314.0,240
1786176000000,3010.788,1576.416,71348.0,240
1786190400000,6827.321,3694.406,130284.0,240
1786204800000,4354.408,2360.633,85982.0,240
1786219200000,4055.652,1902.84,84652.0,240
1786233600000,5943.4529999999995,2658.904,121254.0,240
1786248000000,3791.377,2056.607,100120.0,240
1786262400000,5708.4039999999995,3053.272,110249.0,240
1786276800000,11644.117,6545.437,190621.0,240
1786291200000,4282.764,1861.818,87322.0,240
1786305600000,16478.346999999998,8363.716,295358.0,240
1786320000000,19652.32,10018.552,414806.0,240
1786334400000,10477.827,5428.065,249926.0,240
1786348800000,10919.27,5612.414,218595.0,240
1786363200000,43196.125,20278.036,675177.0,240
1786377600000,35855.706,17189.441,530745.0,240
1786392000000,8724.48,4092.218,197499.0,240
1786406400000,9427.551,4455.8460000000005,218060.0,240
1786420800000,9537.32,4393.856,196793.0,240
1786435200000,13370.273,6740.476,206338.0,240
1786449600000,37999.437,17577.639,657612.0,240
1786464000000,23497.495,11265.868,396073.0,240
1786478400000,12191.57,5995.844,203889.0,240
1786492800000,10094.4,5079.123,225152.0,240
1786507200000,10960.547,5326.954,201533.0,240
1786521600000,18341.074,9735.014,311960.0,240
1786536000000,51576.711,25866.715,897756.0,240
1786550400000,13318.223,6550.852,269796.0,240
1786564800000,10141.858,5063.167,214738.0,240
1786579200000,13913.62,7045.183,260586.0,240
1786593600000,15828.591,8188.543,250594.0,240
1786608000000,17322.625,7869.408,253219.0,240
1786622400000,27296.132,14110.052,527488.0,240
1786636800000,37868.008,18150.944,600923.0,240
1786651200000,10437.116,5261.433,199134.0,240
1786665600000,9319.627,4429.441,234486.0,240
1786680000000,17241.258,7990.522,257042.0,240
1786694400000,21560.529,10370.12,340483.0,240
1786708800000,34290.186,16692.296,647840.0,240
1786723200000,16763.54,7809.926,314892.0,240
1786737600000,6172.617,3349.497,163211.0,240
1786752000000,5164.282,2595.137,123804.0,240
1786766400000,4561.169,2314.668,93447.0,240
1786780800000,4848.992,2262.342,97766.0,240
1786795200000,4304.778,2321.502,89857.0,240
1786809600000,3557.61,1685.796,69644.0,240
1786824000000,2694.354,1232.685,75030.0,240
1786838400000,3916.0190000000002,1944.248,78795.0,240
1786852800000,2390.922,1097.653,58421.0,240
1786867200000,3684.767,1599.692,70999.0,240
1786881600000,4034.188,2293.672,89726.0,240
1786896000000,12382.223,6837.549,192137.0,240
1786910400000,13519.956,6339.427,266878.0,240
1786924800000,21153.293,11288.016,404332.0,240
1786939200000,15679.741,8083.238,254789.0,240
1786953600000,19257.443,10250.185,288335.0,240
1786968000000,37743.322,21188.68,557789.0,240
1786982400000,33695.153,17504.874,518354.0,240
1786996800000,10720.378999999999,5808.214,212609.0,240
1787011200000,16155.4,7436.339,263385.0,240
1787025600000,12799.365,6748.516,215872.0,240
1787040000000,10012.521,5366.634,195792.0,240
1787054400000,40826.744,21352.15,608691.0,240
1787068800000,10943.691,5082.885,202684.0,240
1787083200000,6776.167,3394.126,150042.0,240
1787097600000,12246.886,6036.807,243758.0,240
1787112000000,12332.044,6753.957,186868.0,240
1787126400000,11070.143,5501.606,188259.0,240
1787140800000,173988.154,99444.406,2375503.0,240
1787155200000,54987.525,27454.397,1076067.0,240
1787169600000,61871.729999999996,34393.411,1318360.0,240
1787184000000,31215.909,16630.351,766245.0,240
1787198400000,27284.805,14514.006,553109.0,240
1787212800000,100852.483,56534.596,1948729.0,240
1787227200000,71907.275,35311.487,1824777.0,240
1787241600000,31571.711,15634.035,937080.0,240
1787256000000,26629.64,14542.709,631511.0,240
1787270400000,83419.101,45335.034999999996,2031493.0,240
1787284800000,71042.407,37165.259,1524633.0,240
1787299200000,154295.99,77234.261,3136445.0,240
1787313600000,69352.763,35848.443,1821773.0,240
1787328000000,35058.19,15729.086,899719.0,240
1787342400000,37093.621,19631.322,1132452.0,240
1787356800000,24580.533,12506.324,831588.0,240
1787371200000,45387.994,21640.088,1159976.0,240
1787385600000,26139.742,12447.696,735407.0,240
1787400000000,12410.239,6282.671,447132.0,240
1787414400000,10356.14,5408.095,320262.0,240
1787428800000,10062.796,4731.081,308842.0,240
1787443200000,10546.566,5167.108,289684.0,240
1787457600000,42202.426,18603.687,854436.0,240
1787472000000,24709.159,14125.417,520944.0,240
1787486400000,26848.497,13168.718,677643.0,240
1787500800000,9070.668,4191.483,328117.0,240
1787515200000,17704.018,9651.262999999999,567726.0,240
1787529600000,23632.135,11286.729,685809.0,240
1787544000000,21827.005,10404.752,566288.0,240
1787558400000,41249.502,21906.989,780024.0,240
1787572800000,95178.096,47630.789,2302576.0,240
1787587200000,40535.17,19207.732,1207122.0,240
1787601600000,10080.442,5210.603,372914.0,240
1787616000000,60773.745,32990.945999999996,1427693.0,240
1787630400000,38118.217,17482.896,768688.0,240
1787644800000,33933.832,16408.115,784051.0,240
1787659200000,54549.409,27391.781,1463292.0,240
1787673600000,21100.529,10444.777,566522.0,240
1787688000000,31225.828,14536.836,733286.0,240
1787702400000,16888.597999999998,8399.092,509416.0,240
1787716800000,14953.112000000001,7201.415,422690.0,240
1787731200000,21044.135,9695.788,541930.0,240
1787745600000,43880.63,21172.797,1111662.0,240
1787760000000,19986.147,11257.049,499335.0,240
1787774400000,17611.738,9630.911,447387.0,240
1787788800000,12387.558,6593.198,370249.0,240
1787803200000,11817.61,5811.657,271766.0,240
1787817600000,50164.21,25406.751,1013718.0,240
1787832000000,48811.322,24639.409,1090068.0,240
1787846400000,32291.142,15257.333,755472.0,240
1787860800000,9990.621,5303.379,300421.0,240
1787875200000,39431.38,19649.827,874694.0,240
1787889600000,17740.199,8270.531,404310.0,240
1787904000000,24348.57,11371.922,467548.0,240
1787918400000,67761.143,31920.285,1397496.0,240
1787932800000,60073.557,28841.187,1222628.0,240
1787947200000,13067.257,7294.385,314234.0,240
1787961600000,8085.239,3842.624,209422.0,240
1787976000000,6887.268,3457.171,179420.0,240
1787990400000,6180.675,3237.044,162686.0,240
1788004800000,12937.131,6983.223,257973.0,240
1788019200000,9677.239,5235.635,243198.0,240
1788033600000,4424.559,2016.494,154367.0,240
1788048000000,6493.558,2996.641,172763.0,240
1788062400000,5122.0380000000005,2619.314,129378.0,240
1788076800000,5140.438,2481.777,143424.0,240
1788091200000,24406.912,12810.001,506659.0,240
1788105600000,18448.256,9131.077,513800.0,240
1788120000000,30280.514,13011.29,802808.0,240
1788134400000,22032.748,10808.641,611081.0,240
1788148800000,16945.974,8601.405,439537.0,240
1788163200000,20395.68,10006.964,506194.0,240
1788177600000,37963.355,19315.473,1089721.0,240
1788192000000,21068.792,10666.741,595607.0,240
1788206400000,11110.142,5062.265,303473.0,240
1788220800000,15168.606,7570.452,398330.0,240
1788235200000,16333.201000000001,8180.309,375322.0,240
1788249600000,26527.54,12496.505,601768.0,240
1788264000000,34632.802,17119.894,922664.0,240
1788278400000,44008.614,19972.204,921042.0,240
1788292800000,14687.069,7205.447,403702.0,240
1788307200000,21191.737,10666.269,558213.0,240
1788321600000,12663.755,6016.482,355264.0,240
1788336000000,35420.521,16292.495,715282.0,240
1788350400000,39142.656,19657.849,937769.0,240
1788364800000,22436.012,11479.143,490245.0,240
1788379200000,11254.778,5591.205,309055.0,240
1788393600000,22339.769,11978.714,508408.0,240
1788408000000,23012.844,11969.247,517225.0,240
1788422400000,17008.247,8541.109,426858.0,240
1788436800000,92253.302,48543.873,1780883.0,240
1788451200000,43040.452,22162.004,936233.0,240
1788465600000,42081.016,23122.475,761917.0,240
1788480000000,26894.282,13014.366,517375.0,240
1788494400000,20050.525,9904.959,437283.0,240
1788508800000,26689.41,13897.646,600636.0,240
1788523200000,94628.012,43920.979999999996,1668642.0,240
1788537600000,17890.672,8991.876,384947.0,240
1788552000000,8710.503999999999,4054.212,188102.0,240
1788566400000,6217.523,2885.196,157760.0,240
1788580800000,6075.853,3188.352,136550.0,240
1788595200000,5924.6179999999995,3201.389,141882.0,240
1788609600000,6852.915,3683.783,163196.0,240
1788624000000,14515.552,7277.35,308283.0,240
1788638400000,8122.958,4152.073,186869.0,240
1788652800000,7328.205,3815.614,182016.0,240
1788667200000,11175.018,4769.048,229494.0,240
1788681600000,6657.678,3390.425,160155.0,240
1788696000000,14540.484,6926.097,337235.0,240
1788710400000,6664.161,3384.449,181898.0,240
1788724800000,14948.733,7907.621,358948.0,240
1788739200000,19791.28,9157.818,465370.0,240
1788753600000,18519.435,8404.954,371510.0,240
1788768000000,10212.986,4778.123,231548.0,240
1788782400000,25160.83,11807.023,502861.0,240
1788796800000,11728.784,6399.728,263410.0,240
1788811200000,9272.602,4738.565,247824.0,240
1788825600000,15158.956,7537.2029999999995,375574.0,240
1788840000000,25866.678,12328.301,513867.0,240
1788854400000,21462.101,10849.311,403811.0,240
1788868800000,41441.29,19901.824,823107.0,240
1788883200000,17045.945,8220.109,439475.0,240
1788897600000,8888.183,4495.945,235622.0,240
1788912000000,11067.694,5549.516,282745.0,240
1788926400000,22373.215,11756.551,448266.0,240
1788940800000,28072.169,13908.392,548695.0,240
1788955200000,53420.877,24989.866,1117329.0,240
1788969600000,19574.21,9616.003999999999,458775.0,240
1788984000000,18120.848,9659.63,416387.0,240
1788998400000,19633.085,10632.316,469596.0,240
1789012800000,17746.932,8810.923,352981.0,240
1789027200000,14529.444,6870.346,340461.0,240
1789041600000,59156.28,26680.138,1120182.0,240
1789056000000,17168.216,8781.695,450334.0,240
1789070400000,14460.931,5883.945,372628.0,240
1789084800000,14537.623,7554.602,416296.0,240
1789099200000,10972.611,5983.852,259639.0,240
1789113600000,15234.351,7264.777,332853.0,240
1789128000000,120691.8,59739.191,2259977.0,240
1789142400000,29938.776,14119.152,773071.0,240
1789156800000,15930.097,8202.38,313465.0,240
1789171200000,6723.481,3361.629,140734.0,240
1789185600000,6389.073,3175.803,123159.0,240
1789200000000,5332.226,2648.9230000000002,113611.0,240
1789214400000,8314.274,4184.2789999999995,149999.0,240
1789228800000,8034.368,3286.526,145615.0,240
1789243200000,5933.258,3152.485,118458.0,240
1789257600000,5638.512,2818.894,114409.0,240
1789272000000,5961.0109999999995,2833.293,111606.0,240
1789286400000,17392.832,8059.334,339068.0,240
1789300800000,14700.13,7617.764,281067.0,240
1789315200000,8303.403,4274.138,191538.0,240
1789329600000,15947.569,7392.121,372017.0,240
1789344000000,32207.136,16469.549,671258.0,240
1789358400000,15885.85,8067.13,352327.0,240
1789372800000,19971.19,10267.685,463764.0,240
1789387200000,42910.779,20853.141,1024112.0,240
1789401600000,28456.301,14469.653,669457.0,240
1789416000000,26126.764,12561.343,507654.0,240
1789430400000,22003.896,11653.1,423284.0,240
1789444800000,28893.169,13629.748,475707.0,240
1789459200000,24406.823,12339.203,429430.0,240
1789473600000,63042.001000000004,30543.732,1283900.0,240
1789488000000,78035.908,37389.377,1791447.0,240
1789502400000,21855.489,10525.698,583081.0,240
1789516800000,15199.022,7862.398,467779.0,240
1789531200000,11581.616,5446.516,312315.0,240
1789545600000,19120.147,9694.229,416305.0,240
1789560000000,24136.77,11331.344000000001,765352.0,240
1789574400000,71510.453,35190.422,1757002.0,240
1789588800000,14738.207,7308.573,405471.0,240
1789603200000,20373.841,10199.442000000001,476645.0,240
1789617600000,11864.907,5679.644,288462.0,240
1789632000000,15787.085000000001,7893.9710000000005,319756.0,240
1789646400000,48665.358,24587.916,1072654.0,240
1789660800000,14381.608,7085.74,392432.0,240
1789675200000,8010.429,3879.277,211983.0,240
1789689600000,24333.115,13047.735,472729.0,240
1789704000000,23928.087,11659.804,528294.0,240
1789718400000,30007.589,14959.366,593542.0,240
1789732800000,93465.237,49464.893,1764923.0,240
1789747200000,35563.768000000004,18129.652,786096.0,240
1789761600000,13563.536,6540.975,340561.0,240
1789776000000,16773.859,8600.481,406123.0,240
1789790400000,8581.17,4400.385,225659.0,240
1789804800000,11190.225,5510.482,268943.0,240
1789819200000,16167.359,8518.513,344406.0,240
1789833600000,11419.854,5189.604,317852.0,240
1789848000000,10999.032,5189.583,245113.0,240
1789862400000,24294.293999999998,11014.717,460704.0,240
1789876800000,13826.641,6529.281,303338.0,240
1789891200000,9523.727,4847.595,247212.0,240
1789905600000,13893.104,7949.794,351456.0,240
1789920000000,21937.094,11022.502,492426.0,240
1789934400000,13234.87,6264.982,342478.0,240
1789948800000,36767.289,18914.461,804183.0,240
1789963200000,15356.873,7259.867,379105.0,240
1789977600000,98708.638,55052.97,1864783.0,240
1789992000000,77726.48,39097.446,1721877.0,240
1790006400000,35939.718,18320.78,847806.0,240
1790020800000,26206.525,13688.027,666646.0,240
1790035200000,31450.557,13844.715,848307.0,240
1790049600000,25515.646,11333.839,592380.0,240
1790064000000,33677.724,17167.238,765767.0,240
1790078400000,36756.975,18174.569,1018213.0,240
1790092800000,29961.497,12289.161,706491.0,240
1790107200000,12096.005,6077.324,353433.0,240
1790121600000,18640.257,9726.478,552739.0,240
1790136000000,27444.985,12787.988,666345.0,240
1790150400000,25671.056,12428.532,519929.0,240
1790164800000,91081.149,43733.095,1518866.0,240
1790179200000,37014.515,18168.202,817777.0,240
1790193600000,9157.792,4529.995,290027.0,240
1790208000000,17222.065,8055.98,515151.0,240
1790222400000,18043.59,10419.044,520972.0,240
1790236800000,41814.589,18933.724,910578.0,240
1790251200000,46503.885,24068.25,1127147.0,240
1790265600000,25635.065,12425.303,796317.0,240
1790280000000,9867.625,4638.566,285841.0,240
1790294400000,17405.796,8736.642,489051.0,240
1790308800000,17227.293,7735.2300000000005,376714.0,240
1790323200000,27783.957,13703.221,606453.0,240
1790337600000,47911.542,23052.621,1258840.0,240
1790352000000,14515.595,7486.908,428474.0,240
1790366400000,9182.651,4263.149,196122.0,240
1790380800000,6591.319,3116.723,177943.0,240
1790395200000,5118.553,2788.229,137705.0,240
1790409600000,6599.448,3413.208,173233.0,240
1790424000000,6105.902,2680.005,160157.0,240
1790438400000,3504.971,1691.553,116200.0,240
1790452800000,8418.918,4836.965,202429.0,240
1790467200000,5241.27,2665.2309999999998,148174.0,240
1790481600000,7722.248,4363.486,177786.0,240
1790496000000,13202.796,6708.502,308508.0,240
1790510400000,18958.285,8680.567000000001,458027.0,240
1790524800000,9508.159,4623.245,245140.0,240
1790539200000,11956.864,5735.562,307407.0,240
1790553600000,32107.033,14867.013,868626.0,240
1790568000000,25136.19,12401.205,603861.0,240
1790582400000,21312.568,11062.947,625440.0,240
1790596800000,40063.108,18416.396,1130227.0,240
1790611200000,30328.458,15736.399,826889.0,240
1790625600000,8491.814,4125.071,247852.0,240
1790640000000,15307.646,7573.9310000000005,494597.0,240
1790654400000,17866.463,9412.736,420748.0,240
1790668800000,20497.213,10330.994,488463.0,240
1790683200000,39905.553,19515.843,955696.0,240
1790697600000,21058.78,10583.142,525073.0,240
1790712000000,8409.431,4445.857,235437.0,240
1790726400000,9296.352,4378.889,314831.0,240
1790740800000,13419.015,6228.647,364410.0,240
1790755200000,23807.55,11862.271,457848.0,240
1790769600000,101441.965,51942.167,1902255.0,240
1790784000000,19940.644,9465.122,528800.0,240
1790798400000,8943.229,4660.351,282118.0,240
1790812800000,11046.278,5389.957,309320.0,240
1790827200000,25133.974,12815.202,505971.0,240
1790841600000,22741.406,10938.822,496349.0,240
1790856000000,37591.936,18443.378,916191.0,240
1790870400000,38462.667,19291.889,790731.0,240
1790884800000,8188.689,4090.858,231417.0,240
1790899200000,19691.152,10760.86,456556.0,240
1790913600000,53689.576,27978.832,944015.0,240
1790928000000,21023.758,11392.809,480672.0,240
1790942400000,74259.734,35780.497,1549464.0,240
1790956800000,44730.867,21731.267,889536.0,240
1790971200000,18695.923,9416.236,278687.0,240
1790985600000,7034.583,3506.458,148844.0,240
1791000000000,6419.04,2757.227,125327.0,240
1791014400000,3692.034,1954.676,92158.0,240
1791028800000,9964.034,5521.952,202049.0,240
1791043200000,6865.2300000000005,3100.751,149966.0,240
1791057600000,9190.768,3982.565,166756.0,240
1791072000000,4265.852,2203.409,120807.0,240
1791086400000,6171.257,3665.381,122819.0,240
1791100800000,8906.927,4422.276,194130.0,240
1791115200000,9000.231,4325.493,195394.0,240
1791129600000,6554.101,3392.968,150422.0,240
1791144000000,32084.825,16620.33,600919.0,240
