k,symbol,side,entry_time,exit_time,hours,entry,stop,exit_price,net,R,gross,fees,funding,mfe_r,mae_r,later_r,runup_atr,ext_atr,vol_ratio,crowd,width_pct,btc,daily_trend,roots_same_bar,open_at_entry,hour_utc,weekday,year,added,reason,cause,tag_crowded,tag_volume_climax,tag_cluster,tag_weekend,tag_btc_against,tag_counter_daily,tag_quick_fail,tag_late_entry,tag_whipsaw
0,BTCUSDT,1,2021-10-05 20:00:03,2021-10-12 20:02:10.346,168.0353738888889,51175.092972,49157.09600104715,55140.289736,124.8566975325557,1.6655195928759958,134.49138368120006,3.1020026933532,-6.53268345529114,3.3225555461731546,0.37913484658935925,5.337424774683513,1.7829973203226397,2.053598200850515,1.5446496815615594,1.61e-06,3.924088507936305,self,True,3,3,20,Tuesday,2021,1,3,WIN,False,False,True,False,False,False,False,False,True
1,ETHUSDT,1,2021-10-05 20:00:03,2021-10-10 01:25:03.879,101.41691083333333,3492.4383479999997,3323.295128864958,3530.2938,5.632339259032252,0.150276560979452,8.119994454000052,0.9038256274475999,-1.5838295675201999,1.08175576257608,0.9031893136551414,0.8073729038523928,0.8816425412862223,1.8308844096162211,0.8855601170193628,0.0001,4.821369646786096,with,True,3,3,20,Tuesday,2021,0,3,WIN,False,False,True,False,False,False,False,False,False
2,LTCUSDT,1,2021-10-05 20:00:03,2021-10-06 08:38:12.264,12.635906666666667,174.674928,165.04923023974933,165.0162203937014,-37.455462532694646,-0.99918150385522,-36.55337893603707,0.7713366906575777,-0.130746906,0.14597092439389342,1.0570587456025664,1.2991340795718451,1.1031439878631264,1.3606832742546098,1.4717619335945142,0.0001,5.491737150853558,with,True,3,3,20,Tuesday,2021,0,3,WHIPSAW,False,False,True,False,False,False,False,False,True
3,ADAUSDT,-1,2021-10-06 12:00:03,2021-10-06 13:46:05.578,1.7673827777777777,2.13337324,2.237519771084332,2.237967275038549,-37.15511649781848,-0.9968102533510057,-36.24620517152185,0.9089113262966314,0.0,0.024707880072516154,1.0526203691914626,-0.17885146827326537,1.768226039092209,1.6178207707724785,1.5672596139827564,-0.00014765,4.860800969366034,against,True,1,3,12,Wednesday,2021,0,3,FALSE_BREAKOUT,False,False,False,False,True,False,True,False,False
4,ADAUSDT,1,2021-10-07 12:00:03,2021-10-10 17:16:13.898,77.2696938888889,2.32806552,2.2012597247590526,2.2203558400000003,-34.546211890861414,-0.9164442814843365,-31.10544617429591,0.7881223440167952,-2.652643372548713,0.11225417555209112,0.9129355624483143,-0.5848748462881854,3.071297083160877,1.3172910705697738,3.1668534351068938,0.00013824,5.411665316300597,with,True,1,3,12,Thursday,2021,0,3,LATE_ENTRY,False,True,False,False,False,False,False,True,False
5,XRPUSDT,1,2021-10-09 12:00:03,2021-10-11 20:00:07.500,56.00125,1.110222,1.0573203776474145,1.1258747800000002,7.74667275762891,0.20550829075917038,10.7910797514521,0.9249436337166314,-2.1194633601065584,2.300080689189922,0.07224731170863974,0.9352832257247718,1.2400241211849279,1.4302118698329178,2.167912246982178,0.00026888,4.737329701106911,with,True,1,4,12,Saturday,2021,0,3,WIN,False,False,False,True,False,False,False,False,False
7,LTCUSDT,1,2021-10-11 08:00:03,2021-10-11 20:12:16.653,12.2037925,184.79695199999998,175.04016084229133,175.00515281012287,-38.017330622772654,-0.9991785699633585,-37.06195993368487,0.8171105800237889,-0.138260109064,0.07410715145099403,1.0041161936995646,0.22169665877198266,0.36756253794669336,1.0790732608435087,1.3951234118124665,0.0001,5.27104619423567,with,True,1,3,8,Monday,2021,0,3,FALSE_BREAKOUT,False,False,False,False,False,False,False,False,False
8,ETHUSDT,1,2021-10-14 00:00:03,2021-10-17 15:35:04.396,87.58372111111112,3610.962048,3439.98294915572,3800.619724,36.465458838120185,0.9735875085201509,40.188461544400056,0.9423085064920799,-2.78069419978779,2.158380495010697,0.12248308794207029,2.789451782257745,1.3775743087031942,1.311835531294529,0.9513881325087826,0.00018908,4.710933389960817,with,True,1,1,0,Thursday,2021,0,3,WIN,False,False,False,False,False,False,False,False,True
9,BTCUSDT,1,2021-10-14 04:00:03,2021-10-17 20:02:02.085,88.03307916666667,58129.413558,55510.75818265257,60207.956,49.88781477866983,0.6665761550096224,57.367771399199945,1.9596668398804797,-5.52028978064964,2.2409197091165307,0.5076702992365388,3.4447398183516977,1.413323755959735,1.4955360245534015,0.9596559128547387,0.0001,4.48577245856635,self,True,1,2,4,Thursday,2021,0,3,WIN,False,False,False,False,False,False,False,False,True
10,LTCUSDT,1,2021-10-14 12:00:03,2021-10-17 15:35:14.108,75.58641888888889,181.606314,171.63406813737262,183.553282,3.9000211289975644,0.10397404015976157,7.115973343199994,0.8007730844522398,-2.4151791297501903,1.1736258974381575,0.4970108106313935,2.0239859985443864,1.6925363011259953,1.1374246928400245,0.6980987493351453,0.0003076,5.467025700940396,with,True,1,3,12,Thursday,2021,0,3,WIN,True,False,False,False,False,False,False,False,True
11,XRPUSDT,1,2021-10-16 12:00:03,2021-10-17 15:34:07.123,27.567811944444443,1.1740347599999998,1.1142012953265779,1.1202759,-35.34831703409523,-0.9252344281010325,-33.281121062975906,0.8522193085739134,-1.2149766625454081,0.24510096615739757,0.9732807604883327,-0.49862999180878675,1.8624565853945447,1.7299033689565577,1.1666968652104162,0.00057334,5.077415630722626,with,True,1,4,12,Saturday,2021,0,3,FALSE_BREAKOUT,True,False,False,True,False,False,False,False,False
12,XRPUSDT,-1,2021-10-17 16:00:03,2021-10-20 01:19:17.916,57.32081,1.11757644,1.1716177510211743,1.10482092,8.983735569365162,0.23806968518891525,8.621598829823863,0.9012859598846591,1.2634226994259585,1.898111612425699,0.14662042519463409,0.8119055435721795,1.3910075731932225,0.5397109383989713,0.7647211691372635,-0.00048508,4.8239913233581815,against,False,1,2,16,Sunday,2021,0,3,WIN,False,False,False,True,True,True,False,False,False
13,BTCUSDT,1,2021-10-18 04:00:03,2021-10-21 14:24:16.983,82.40388416666667,62187.435,59651.14223532095,63506.106238,30.419454063707356,0.403528430297999,37.713997406800075,2.15690116764408,-5.13764217544864,1.9566215182686069,0.9028236140119887,0.7879669996428423,0.7922839809534514,1.477696277195511,0.9142960948209836,0.00038415,4.059296113790821,self,True,1,2,4,Monday,2021,0,3,WIN,True,False,False,False,False,False,False,False,False
14,LTCUSDT,1,2021-10-19 04:00:03,2021-10-22 14:02:03.583,82.03349527777777,190.918176,181.26399309997797,195.21095,12.091807118934511,0.32023614718519294,16.27476478880003,0.8783356454947199,-3.3046220243707998,2.4944445583214585,0.8005002681254736,0.9603944835123084,0.9952106113913035,1.2762847380394737,1.291103692138195,0.0001,5.032748415163215,with,True,1,3,4,Tuesday,2021,0,3,WIN,False,False,False,False,False,False,False,False,False
15,ALGOUSDT,-1,2021-10-19 20:00:03,2021-10-20 14:47:13.043,18.786123055555557,1.70345924,1.7920179616715655,1.7708541,-28.61645281018512,-0.7549095192503875,-27.986706319442025,0.8656558121046588,0.23590932136156562,0.18924437575052425,0.7750875205105775,-0.5277939780267581,0.9045776901658034,2.154889961159383,0.8158441977194402,-0.00036357,5.177718140131794,against,True,2,5,20,Tuesday,2021,0,3,FALSE_BREAKOUT,False,False,False,False,True,False,False,False,False
16,ADAUSDT,-1,2021-10-19 20:00:03,2021-10-20 12:11:11.111,16.18558638888889,2.1025794,2.176572513729656,2.15983188,-56.606991148957164,-0.7467267796947943,-56.10501434534383,2.5061899083863906,2.0042131047730596,0.11730010486802235,0.8057587658472112,-0.29354893861284087,0.6869057285634346,1.8712729470587264,0.8273274526225576,-0.00030025,3.4886132431369212,against,True,2,5,20,Tuesday,2021,0,3,FALSE_BREAKOUT,False,False,False,False,True,False,False,False,False
17,SOLUSDT,1,2021-10-20 12:00:03,2021-10-24 11:28:07.178,95.46782722222223,160.28004959999998,152.80516226226516,191.8646194,148.39979279743662,3.9409890821008093,153.83264721090012,1.0290723662186998,-4.4037820472447855,7.424988216186132,0.11091131712644967,7.876500038038253,0.8329037008115444,-0.029285968834988997,1.09630761332585,0.00014874,4.645169540986119,with,True,1,5,12,Wednesday,2021,0,3,WIN,False,False,False,False,False,False,False,False,True
18,ETHUSDT,1,2021-10-20 16:00:03,2021-10-22 14:24:17.623,46.40406194444444,4084.586754,3901.9855891169045,4006.0286340000002,-37.899920295963476,-0.4959998840568076,-31.737480479999878,1.9611651700512,-4.2012746459124,1.6703795191847515,0.4358501987156151,0.5867062571511468,3.382356624389445,2.450036846539443,3.3787699317892796,0.00072515,4.448345370382685,with,True,3,6,16,Wednesday,2021,0,3,GAVE_BACK,True,True,True,False,False,False,False,True,False
19,LINKUSDT,1,2021-10-20 16:00:03,2021-10-27 08:01:07.212,160.01783666666665,27.1814352,25.898516805449916,31.323733999999998,112.16988012499803,2.9360652030147487,119.30938964675998,1.011064102150104,-6.1284454196118485,5.282147975106806,0.10400910967279128,3.744248130205194,2.744458803808202,0.2559720561452587,2.7305981338432437,0.00032602,4.70077713626024,with,True,3,6,16,Wednesday,2021,0,3,WIN,True,True,True,False,False,False,False,False,True
20,AVAXUSDT,1,2021-10-20 16:00:03,2021-10-24 15:16:08.021,95.2680613888889,59.0178012,56.233339013896334,64.02719200000001,62.16349350503815,1.6273165722288894,66.46960652520016,0.9796104088624801,-3.3265026112995297,3.6675659849021187,0.09150822779049815,5.0491613318237265,1.6666300470987105,0.949323427173602,2.0957267049297688,0.000489,4.703792618250886,with,False,3,6,16,Wednesday,2021,0,3,WIN,True,False,True,False,False,True,False,False,True
21,BTCUSDT,-1,2021-10-27 00:00:03,2021-10-28 20:05:04.050,44.083625,60346.668251999996,62693.261148160964,61912.38,-50.20951722210196,-0.6483015863601799,-49.633062411600044,2.32536709775304,1.74891228725112,1.1917995049654129,0.9179145439006088,0.14432339437916905,2.371622857471254,1.1064157916036261,2.128424528072173,-0.00033175,3.8677261344228686,self,False,1,2,0,Wednesday,2021,0,3,GAVE_BACK,False,False,False,False,False,True,False,False,False
22,LTCUSDT,1,2021-10-27 04:00:03,2021-10-27 07:38:02.028,3.6330633333333333,202.80055199999998,193.9171253432521,193.87834191818345,-77.14643507406439,-0.9948207427612051,-75.14196108805065,2.0044739860137297,0.0,0.2160706756713075,1.1325080274465882,-0.45371590893232117,1.3216046147317793,1.701142350244489,2.7501244105704026,0.00010562,4.365968662399715,against,True,1,3,4,Wednesday,2021,0,3,FALSE_BREAKOUT,False,True,False,False,True,False,True,False,False
23,ADAUSDT,-1,2021-10-27 08:00:03,2021-11-03 05:05:15.820,165.08689444444445,2.0993800400000002,2.174772521893018,1.9987996799999999,111.5296493948915,1.452608233132308,98.06098291057636,2.397316125060931,15.865982609376074,4.195113784008367,0.024139807502056514,2.23337971866919,2.200538836771975,1.3173928024016146,2.003764352953027,-0.00092131,3.575392765300662,with,True,3,5,8,Wednesday,2021,0,3,WIN,False,False,True,False,False,False,False,False,True
24,FILUSDT,-1,2021-10-27 08:00:03,2021-10-29 01:14:18.717,41.237699166666665,61.0607854,64.24886841103205,60.275817400171434,8.652178676781684,0.22544296264621608,9.168583231597623,0.8503414728159372,0.33393691799999997,3.3753153110390666,0.023278753954393702,1.1605047256289307,2.0982927642994356,1.4514293333610384,1.9143341968110084,-0.00084218,5.201841123644305,with,True,3,5,8,Wednesday,2021,0,3,WIN,False,False,True,False,False,False,False,False,True
25,XRPUSDT,-1,2021-10-27 08:00:03,2021-10-28 08:36:19.639,24.604621944444446,1.08098376,1.1334556724096236,1.0680793550539736,8.440861933863475,0.2199575669083133,9.13639096645447,0.9129292321269944,0.21740019953599998,2.8583627528028193,0.01555575092495241,1.0097546966914552,1.715191417988424,0.9607363955993165,2.230279330256772,-0.00066908,4.842814948628591,with,True,3,5,8,Wednesday,2021,0,3,WIN,False,False,True,False,False,False,False,False,True
26,ETHUSDT,-1,2021-10-27 12:00:03,2021-10-28 13:30:16.479,25.503744166666667,3994.201,4207.664959633843,4208.50649262577,-38.90029346065821,-0.9895771211723251,-38.317822081487684,0.8799864598088926,0.29751508063835996,0.4986837130848532,1.0108451111378596,-0.5565295434591263,2.1163860968722745,1.1995017677424793,3.0535290347928616,-0.00059665,5.323014451374157,with,False,1,5,12,Wednesday,2021,0,3,CHOP,False,True,False,False,False,True,False,False,False
27,ETHUSDT,1,2021-10-29 04:00:03,2021-10-31 10:06:13.177,54.102826944444445,4384.716768,4162.99534998423,4229.703890000001,-28.18243669885493,-0.735575701725037,-25.964657064999926,0.865749276129,-1.352030357726,0.37512493264897145,0.7203488477989098,1.1774831422981025,3.491322972709296,2.118819722219161,1.3997874076124255,0.00025971,5.037698684618265,against,True,1,2,4,Friday,2021,0,3,WHIPSAW,False,False,False,False,True,False,False,True,True
28,XRPUSDT,1,2021-10-30 08:00:03,2021-11-05 12:40:20.000,148.67138888888888,1.09611918,1.037409722360294,1.1620675400000002,35.47526486730214,0.9240435819158358,41.8741222167521,0.8603057304369025,-5.538551619013059,2.794793660110901,0.596482771394505,3.4386422242038415,1.2834893949885968,1.682873063110049,0.7325462462907925,0.00052483,5.345828251797992,against,False,1,3,8,Saturday,2021,0,3,WIN,True,False,False,True,True,True,False,False,True
29,BTCUSDT,-1,2021-10-31 12:00:03,2021-11-01 08:05:11.480,20.08568888888889,60511.835212000005,62858.19225102525,62475.482597999995,-62.09731907607342,-0.8068773934462208,-61.854892658999674,2.324460306609,2.08203388953525,0.473855936461358,0.8548463659363892,0.09028259914271575,0.9750702817145437,-0.18342919014513198,1.2295765146394668,-0.00048915,3.856742061117054,self,True,1,3,12,Sunday,2021,0,3,CHOP,False,False,False,True,False,False,False,False,False
30,BTCUSDT,1,2021-11-02 12:00:03,2021-11-03 18:00:16.760,30.003822222222222,63002.257932,60445.42398315293,60647.448084,-73.44205839385646,-0.96286896885245,-67.58304263759992,2.12924793759552,-3.72976781866101,0.5269376482612501,1.056876584894573,0.16771213014961686,0.871480189147633,1.1347841289255098,1.9741340668077556,0.00033216,4.039148033077595,self,True,2,4,12,Tuesday,2021,0,3,CHOP,True,False,False,False,False,False,False,False,False
31,ETHUSDT,1,2021-11-02 12:00:03,2021-11-04 16:07:15.256,52.12007111111111,4419.013626,4215.306078311484,4455.1088,3.6004130252044675,0.09416506813740227,6.547664563600008,0.9658594848458398,-1.9813920535497,1.2615456664028561,0.004386808491585507,1.036615365489009,0.9756390354396853,1.0007212535572638,1.676441909723603,0.00045079,4.584455790352657,with,True,2,4,12,Tuesday,2021,0,3,WIN,True,False,False,False,False,False,False,False,True
32,ALGOUSDT,1,2021-11-02 16:00:03,2021-11-06 11:00:01.981,90.99971694444444,1.9039807199999998,1.800872144453495,1.819636,-34.835036043333744,-0.9081668486739614,-30.476724704615936,0.8072844987637295,-3.5510268399540794,0.7537615526940005,1.008458505501335,1.8196282802430792,0.888647624120658,1.2871749029203856,1.3231030809282032,0.00067458,5.391534307670342,with,True,1,5,16,Tuesday,2021,0,3,WHIPSAW,True,False,False,False,False,False,False,False,True
33,AVAXUSDT,1,2021-11-02 20:00:03,2021-11-05 20:04:15.646,72.07017944444445,67.8795732,64.18951065432078,73.9852,58.90173098313306,1.536041996376675,61.6344708579601,0.8592493956132239,-1.873490479213815,3.5902987106581503,0.2714244508328899,7.89158081726768,1.5722305652957917,2.0539201860107665,1.4411608626694163,0.00068169,5.411702198106765,with,True,1,6,20,Tuesday,2021,0,3,WIN,True,False,False,False,False,False,False,False,True
34,ADAUSDT,1,2021-11-03 08:00:03,2021-11-04 15:07:19.628,31.121285555555556,2.07961584,1.9902205904408519,1.9898225463227637,-80.05347523156766,-1.037470465992591,-74.72442557421563,2.031909734288232,-3.297139923063796,0.7470660950033136,1.0013489580424753,-0.40735766362960435,2.809638783159326,1.7689485778771183,4.435429685071053,0.00037822,4.279502191186427,with,False,1,6,8,Wednesday,2021,0,3,CHOP,True,True,False,False,False,True,False,False,False
35,LINKUSDT,-1,2021-11-04 16:00:03,2021-11-05 11:43:15.437,19.720121388888888,30.4209146,32.11408452296864,32.120507339873235,-37.540685546229184,-0.9904355517940139,-36.98381785673756,0.8165558147882505,0.259688125296624,0.10094356017164223,1.0082185945087916,-0.1819577561712368,1.1167193903746218,0.37342527385138774,1.1750888621136242,-0.00027813,5.544695576194305,against,False,1,5,16,Thursday,2021,0,3,FALSE_BREAKOUT,False,False,False,False,True,True,False,False,False
36,LINKUSDT,1,2021-11-05 16:00:03,2021-11-06 11:05:03.220,19.083394444444444,32.840566800000005,31.034282871878137,31.02807601530376,-37.96116061884134,-1.0064602572907402,-36.77725051227149,0.7775751788191971,-0.40633492775064994,0.4315120053193571,1.105898562734281,1.5609025558520986,2.6793948128875806,1.0023957212305934,4.134991673884639,0.0003763,5.446703820979417,with,True,1,3,16,Friday,2021,0,3,WHIPSAW,True,True,False,False,False,False,False,False,True
37,ALGOUSDT,-1,2021-11-06 12:00:03,2021-11-07 21:30:17.333,33.50398138888889,1.7950409200000002,1.8932906319042775,1.86897372,-27.18392162350455,-0.7246653939964359,-27.426288926719966,0.8155269986937216,1.057894301909136,0.173444986959379,0.7507307509650696,0.15308869317249685,1.4643529468157177,1.7598822775627465,1.0581551674202918,-0.00051873,5.44642895596087,with,True,2,2,12,Saturday,2021,0,3,FALSE_BREAKOUT,False,False,False,True,False,False,False,False,False
38,BTCUSDT,-1,2021-11-06 12:00:03,2021-11-07 01:01:17.017,13.020560277777777,60379.201744,62515.57783849999,62321.801867999995,-66.4218298942789,-0.8879339220710855,-65.0771041539999,2.4662901726012,1.1215644323222,0.13068941593139496,0.9107938723941812,-0.537732218104076,0.8659090197959616,1.7521024846746684,1.4907824995683816,-0.00045326,3.5175400931160485,self,True,2,2,12,Saturday,2021,0,3,FALSE_BREAKOUT,False,False,False,True,False,False,False,False,False
39,ETHUSDT,1,2021-11-07 04:00:03,2021-11-10 00:48:14.700,68.80325,4555.490916,4385.451106877043,4705.0588,56.97834554511087,0.7659476665082906,62.74372733800002,2.3308803635171995,-3.43450142937195,1.7024194833733068,0.1910782902402889,1.8939628647026054,0.6992300240150258,0.6341317442551275,0.9092579285683865,0.00023166,3.713380665680642,with,True,1,2,4,Sunday,2021,0,3,WIN,False,False,False,True,False,False,False,False,True
40,BTCUSDT,1,2021-11-08 00:00:03,2021-11-10 20:50:05.297,68.83397138888888,63329.06328,61490.292328303905,65836.83,82.61989726588149,1.111891297538422,96.04746537599999,2.9682322275744,-10.459335882544101,3.192152189801452,0.01107439726585945,1.5630422687224454,1.9769918586710866,1.6985471602115856,0.9623331773459635,0.00025861,2.884099019679099,self,True,2,3,0,Monday,2021,0,3,WIN,False,False,False,False,False,False,False,False,True
41,LTCUSDT,1,2021-11-08 00:00:03,2021-11-12 16:00:12.500,112.0026388888889,202.320456,194.9353593009811,250.879814,439.8513616115188,5.9071428412564195,452.75270355800006,2.76934288489968,-10.13199906158158,12.684944804100557,0.005478059617740761,10.747258598596833,1.237314013343156,0.6050601493820934,0.8988182583415909,0.00038711,3.6356916797760057,with,True,2,3,0,Monday,2021,1,3,WIN,True,False,False,False,False,False,False,False,True
42,LINKUSDT,1,2021-11-08 04:00:03,2021-11-10 21:20:19.231,65.33784194444445,33.3596706,31.861427017202296,33.72748464940029,9.55512561516965,0.1265526253573611,17.898162676462448,1.9587128117253254,-6.384324249567471,3.3481400872299325,0.22804743095377783,2.409040453395578,1.6393737780174606,1.83796458527323,1.4528308448232667,0.00052549,4.497850796707954,with,True,3,6,4,Monday,2021,0,3,WIN,True,False,True,False,False,False,False,False,True
43,XRPUSDT,1,2021-11-08 04:00:03,2021-11-10 04:04:07.586,48.06794055555556,1.26135222,1.1969398874084067,1.2226554200000002,-25.51512774036422,-0.6750055992216826,-22.019017085519923,0.8480609249197176,-2.648049729924581,0.5689559518417916,0.624914800946883,1.4150672135710867,3.3229368121142406,2.300494716079092,2.934244639593714,0.00061253,5.087630845420139,with,True,3,6,4,Monday,2021,0,3,WHIPSAW,True,True,True,False,False,False,False,True,True
44,FILUSDT,1,2021-11-08 04:00:03,2021-11-10 20:51:12.596,64.85266555555556,63.302658,60.53322715992623,63.98221670687644,7.861534591573221,0.10399961734392967,17.894207825341155,2.0110068295613646,-8.02166640420657,2.3219001922534765,0.3602393623858919,0.816536729236305,1.0882395969749137,1.5044587256983921,1.418808262478537,0.00030203,4.372399867417225,with,True,3,6,4,Monday,2021,0,3,WIN,True,False,True,False,False,False,False,False,False
45,XTZUSDT,-1,2021-11-10 04:00:03,2021-11-13 21:10:18.000,89.17083333333333,6.2007596000000005,6.544274941940323,5.996199,23.785523419152256,0.5933488022627065,23.201345076240074,0.830030353917264,1.414208696829444,2.825957043189782,0.8128906220686685,3.699280482851812,1.922431120051799,1.7062306597420225,1.1574420055597219,-0.00059546,5.5187833269965,against,True,1,6,4,Wednesday,2021,0,3,WIN,False,False,False,False,True,False,False,False,True
47,ETHUSDT,1,2021-11-10 16:00:03,2021-11-10 20:00:14.309,4.0031413888888885,4851.92019,4688.874251796433,4687.9364769460735,-83.9883046290711,-0.9935519592895001,-81.15553959038813,2.8327650386829673,0.0,0.12389029878671433,1.0421614415677758,-0.2509733787352,0.7249696595718962,3.07541384522222,2.2650247846969593,0.00027928,3.341113559273267,with,True,1,6,16,Wednesday,2021,0,3,LATE_ENTRY,False,False,False,False,False,False,True,True,False
48,FILUSDT,-1,2021-11-14 20:00:03,2021-11-18 03:51:19.093,79.85447027777778,61.4287118,64.34249822015965,57.91158,46.120445251630656,1.1802143530321485,45.63056454684002,0.928978246652904,1.4188589514435421,3.360476846296611,0.7108579358011105,4.437082865974648,0.9811847907309781,1.532540213249409,0.7848532566031643,-0.00018513,4.713892230836266,with,True,2,2,20,Sunday,2021,0,3,WIN,False,False,False,True,False,False,False,False,True
49,ETHUSDT,-1,2021-11-14 20:00:03,2021-11-15 01:41:00.421,5.682616944444445,4548.120194,4714.26944810824,4705.941,-73.13610255254922,-0.9358921424851578,-71.11405518359987,2.5019279844098397,0.47988061546050004,0.07126239635290153,0.9721368107663989,2.925804251178351,1.1623132502487707,1.38877249123757,1.2325771769488667,-0.0001,3.632410604200012,with,False,2,2,20,Sunday,2021,0,3,WHIPSAW,False,False,False,True,False,True,True,False,True
50,DOGEUSDT,-1,2021-11-15 16:00:03,2021-11-23 10:06:14.115,186.1030875,0.25819834999999997,0.2699634938714771,0.231626316,73.75405048792324,1.9017997187097682,72.76475289640489,1.3656564053880444,2.3549539969063815,3.8340670112295436,0.19308306169610845,6.4587692959898675,0.5195029849007484,0.35544941072157066,1.4656205750664826,-0.00018981,4.531671134313138,with,True,1,2,16,Monday,2021,1,3,WIN,False,False,False,False,False,False,False,False,True
51,DOTUSDT,-1,2021-11-16 00:00:03,2021-11-17 23:59:09.285,47.985079166666665,44.798038600000005,47.26109149512619,42.7455474,30.95847483692553,0.797156834140065,31.447449169920088,0.8047846843545601,0.31581035136,2.950825219540266,0.004044330521567725,2.963005225929639,1.305291713073785,1.2600426874175714,1.0761133296969048,-0.00020185,5.474673038578358,with,True,1,3,0,Tuesday,2021,0,3,WIN,False,False,False,False,False,False,False,False,True
52,ETHUSDT,-1,2021-11-16 04:00:03,2021-11-19 20:00:17.335,88.00398194444445,4311.017624,4519.856370325317,4299.329694,2.02617145253533,0.051575431513413414,2.1283720530000094,0.94076654796468,0.8385659475000001,1.6905752893671744,0.27764185056770274,1.2498524751408069,3.7949404933376587,1.9535370039130873,4.369977815170273,-0.00015753,4.823090809953793,with,True,3,6,4,Tuesday,2021,0,3,WIN,False,True,True,False,False,False,False,True,True
53,ADAUSDT,-1,2021-11-16 04:00:03,2021-11-16 14:07:11.264,10.118962222222223,1.92951402,2.0185265498933433,1.9076423397041693,8.430963071675809,0.21459402420748672,9.33003450360366,0.9821138773298521,0.08304244540200001,2.353758737686079,0.457081492333166,2.5739524567443417,2.7342435865208943,1.7255263524169353,4.2540670422906715,-0.00038254,4.597707010744287,with,True,3,6,4,Tuesday,2021,0,3,WIN,False,True,True,False,False,False,False,False,True
54,BTCUSDT,-1,2021-11-16 04:00:03,2021-11-20 18:23:07.476,110.38457666666666,60931.491264000004,63339.354059967925,58991.796,61.121706319938994,0.7794390762961283,60.71246176320006,2.25215933481792,2.66140389155685,2.212539382609813,0.26231508583365787,2.3595577262599536,4.02102288086627,2.042302208292725,4.2284518007763525,-0.00035998,3.930946846126186,self,True,3,6,4,Tuesday,2021,0,3,WIN,False,True,True,False,False,False,False,True,True
56,ADAUSDT,-1,2021-11-22 00:00:03,2021-11-28 22:06:15.416,166.1034488888889,1.8358327600000002,1.9266233258651215,1.58521698,99.12778595043395,2.494430602695665,97.4565605575301,1.0812847193708748,2.7525101122747304,4.647319421126028,0.045899482620152025,3.300263162200522,1.897966096013677,-0.17655498567569625,0.6617301669339611,-0.00018981,4.9359109948323185,with,True,2,3,0,Monday,2021,1,3,WIN,False,False,False,False,False,False,False,False,True
57,XRPUSDT,-1,2021-11-22 00:00:03,2021-11-23 23:00:19.285,47.00452361111111,1.05798836,1.1122004088240198,1.0722144,-10.59369084720935,-0.2666048328681759,-10.111462367256035,0.9084523188054383,0.42622383885212156,0.7007364750835307,0.2603044951466142,3.216782316530587,1.4602477452060387,1.1145941650116977,0.647335495414319,-0.00013991,5.1129769231660305,with,True,2,3,0,Monday,2021,0,3,WHIPSAW,False,False,False,False,False,False,False,False,True
58,ETHUSDT,-1,2021-11-22 04:00:03,2021-11-23 16:16:05.917,36.26747694444445,4166.496534,4369.091768618009,4333.636554000001,-32.44778785322911,-0.8131015686297877,-31.873601814000143,0.9725852279289601,0.3983991887,0.7263079720381522,0.9057639798191381,1.261118182181014,1.7547427464828405,0.2939605476609968,1.606250423461741,-0.0001,4.841511678173056,with,True,1,4,4,Monday,2021,0,3,WHIPSAW,False,False,False,False,False,False,False,False,True
59,BTCUSDT,-1,2021-11-22 20:00:03,2021-11-25 00:43:07.050,52.71779166666666,55997.048350000005,58709.18422912544,57899.5776,-27.538570875847352,-0.6873515264533558,-27.20616827499989,0.977233050651,0.64483044980354,0.27544650537232646,0.7333525083711355,0.920694412554731,2.4602383341453598,1.3478727467402198,2.0675259372812826,-0.0001,4.822947865660936,self,True,1,5,20,Monday,2021,0,3,FALSE_BREAKOUT,False,False,False,False,False,False,False,False,False
60,FILUSDT,-1,2021-11-23 12:00:03,2021-11-25 12:35:09.662,48.58518388888889,51.0617856,53.718505808933216,51.978393600000004,-13.531702106797578,-0.3399699022860612,-13.322805619200054,0.898607220392448,0.689710732794923,0.9198505705579288,0.45063623785988804,0.2818458629863273,0.7623352511421592,1.285684451331021,2.157775369714155,-0.0001,5.177792632128324,with,True,1,5,12,Tuesday,2021,0,3,CHOP,False,False,False,False,False,False,False,False,False
61,ETHUSDT,1,2021-11-25 12:00:03,2021-11-26 08:20:15.353,20.336764722222224,4391.8782,4178.402376596366,4200.35976,-36.04936558217922,-0.9097779028308371,-34.41586366799997,0.9264150968471999,-0.7070868173320499,0.779534644002065,0.9391143072016245,-0.07995378459193295,0.9016517374394019,1.5847582968663068,1.0160382438912356,0.0001,4.841450866516082,against,False,1,3,12,Thursday,2021,0,3,CHOP,False,False,False,False,True,True,False,False,False
63,BTCUSDT,-1,2021-11-26 12:00:03,2021-11-28 21:24:08.070,57.401408333333336,53755.59673,56382.130374661225,55311.06,-23.102381750234162,-0.583347489080009,-22.709763742000003,0.9554239129547998,0.5628059047206401,0.19439946297198668,0.6419804571806605,-0.6146516620038308,3.286323302702095,2.2173382965116746,4.826097878106221,-0.00033741,4.865088246944838,self,True,1,2,12,Friday,2021,0,3,LATE_ENTRY,False,True,False,False,False,False,False,True,False
64,ETHUSDT,1,2021-11-30 12:00:03,2021-12-02 18:26:10.124,54.43531222222222,4596.539124,4367.161823626712,4451.639494,-25.71968238929626,-0.651738638498004,-24.15476832099998,0.9049988253723599,-0.65991524292392,0.8137286283178189,0.6607851943210452,0.26794663595734597,2.589095340731091,2.873961485743397,1.9306457159777088,0.0001,4.971215556840804,against,True,1,1,12,Tuesday,2021,0,3,CHOP,False,False,False,False,True,False,False,False,False
65,AXSUSDT,1,2021-12-01 04:00:03,2021-12-02 03:15:12.284,23.252578888888888,139.38787200000002,131.7468930085779,131.7205436299762,-37.23562055093265,-0.9410045929924081,-38.58046289228588,0.8184979954601483,2.1633403368133797,0.4661873830563955,1.0323116983903589,0.4020594747674102,1.4017882904070909,2.0555194650922686,1.0521972056914208,-0.00043195,5.476472228025609,with,True,1,2,4,Wednesday,2021,0,3,CHOP,False,False,False,False,False,False,False,False,False
66,FILUSDT,-1,2021-12-03 16:00:03,2021-12-07 08:44:15.636,88.73684333333334,51.2467486,53.902008142194695,39.4298844,168.99688626921198,4.307150926981493,169.38529481563995,0.7798661956491599,0.39145764922118403,7.147982447061398,0.011393010558583758,5.390715435738158,1.8332648333462054,1.7797003052937046,1.8423807545449062,-0.0001,5.172597885299213,with,True,1,1,16,Friday,2021,0,3,WIN,False,False,False,False,False,False,False,False,True
67,BTCUSDT,-1,2021-12-03 20:00:03,2021-12-06 21:48:06.144,73.80087333333333,53873.57313,56413.13663452974,49675.9332,62.180649471406355,1.5893288075360918,62.54483495699996,0.9257325865901999,0.56154710099659,5.112958627275749,0.08915975898855528,2.5833900661660545,2.1873336107016463,2.0661529638982876,2.2307132560898353,-0.00027198,4.692989030265265,self,True,2,3,20,Friday,2021,0,3,WIN,False,False,False,False,False,False,False,False,True
68,XRPUSDT,-1,2021-12-03 20:00:03,2021-12-07 01:22:12.413,77.3692813888889,0.92821432,0.9735560495753238,0.84386874,69.11684012112207,1.758472535002008,70.79709887725203,0.8924593768934183,-0.7877993792365529,7.759172914115456,0.10995786986285006,2.77921290564488,2.099166871423074,2.189762494295017,2.176592901066591,-0.0001,4.875153460661832,with,True,2,3,20,Friday,2021,0,3,WIN,False,False,False,False,False,False,False,False,True
69,BTCUSDT,-1,2021-12-09 16:00:03,2021-12-12 13:06:08.272,69.10146444444445,48442.329595999996,51162.33294276844,49694.48691,-18.323508872211892,-0.4548564277991104,-18.031065321600053,0.84790209461184,0.5554585439999999,0.6316093684373884,0.6419442116034464,1.0449728304109949,1.60392383753368,0.7457709161913187,1.4907124762968225,-0.0001,5.587401047835834,self,True,1,1,16,Thursday,2021,0,3,WHIPSAW,False,False,False,False,False,False,False,False,True
70,BTCUSDT,1,2021-12-12 20:00:03,2021-12-13 08:07:10.159,12.118655277777778,50224.712933999996,47905.792542905445,48360.326,-32.28805991471859,-0.8058320897631985,-31.13526179779991,0.9878220901186798,-0.1649760268,0.13547125947334693,0.9256518430918733,-0.32125420814828687,1.5719067241303888,1.0803475049467957,1.2096077485216676,0.0001,4.598013801732741,self,False,1,1,20,Sunday,2021,0,3,FALSE_BREAKOUT,False,False,False,True,False,True,False,False,False
71,BTCUSDT,-1,2021-12-13 16:00:03,2021-12-15 19:03:19.668,51.05463,47229.622186,49630.21489766691,48793.986846,-25.904724823391927,-0.6457809748396293,-25.342707491999988,0.93334947979104,0.3713321483991,0.678841595277706,0.6541625350972462,0.7733557537591973,1.982573287225511,1.2605718720521844,1.9100400154105566,-0.0001,5.061795030399436,self,True,1,1,16,Monday,2021,0,3,CHOP,False,False,False,False,False,False,False,False,False
72,XRPUSDT,-1,2021-12-17 16:00:03,2021-12-18 11:03:07.500,19.05125,0.79514094,0.8395878226509615,0.83246646,-33.433051487162075,-0.8342510599883792,-32.718046613544004,0.856017032557068,0.141012158939,0.1809112252741092,0.8585317512515025,-0.42655544931878103,1.3999333516264876,0.20321613168771846,1.6085514689330531,-0.0001,5.568693908080163,with,True,2,2,16,Friday,2021,0,3,FALSE_BREAKOUT,False,False,False,False,False,False,False,False,False
73,BTCUSDT,-1,2021-12-17 16:00:03,2021-12-19 03:12:14.015,35.20305972222222,46481.2019,48709.16661838618,47439.486,-17.380998380686144,-0.43386740352141995,-16.674143339999947,0.9805319816759998,0.2736769409898,0.46803788740215235,0.46258726248884835,0.4266368727277316,1.888102676367068,0.8454094361102391,2.215864697204666,-4.678e-05,4.77976108770218,self,True,2,2,16,Friday,2021,0,3,CHOP,False,False,False,False,False,False,False,False,False
74,FILUSDT,-1,2021-12-20 00:00:03,2021-12-22 06:19:09.263,54.31840638888889,35.7598466,37.38460101745343,35.878174200000004,-3.329158098260751,-0.08346914518224889,-2.805926044320015,1.019260028900736,0.49602797496000006,1.2197822506039235,0.22535922725718083,0.40612082226815494,0.6944783940335336,1.6650150445189071,0.44538752577374274,-0.0001,4.516763167696689,with,True,1,1,0,Monday,2021,0,3,GAVE_BACK,False,False,False,False,False,False,False,False,False
75,XRPUSDT,1,2021-12-20 04:00:03,2021-12-20 09:05:11.379,5.085660833333334,0.9081816,0.861951602638765,0.8617792123182373,-39.78746671395804,-0.9972394037840259,-38.826014631829096,0.8885817454239425,-0.072870336705,0.1453255544771793,1.0335626806690243,2.3862947500945486,3.2503837311152455,2.788829241296879,4.682347174558771,0.0001,5.081862940340827,against,True,2,3,4,Monday,2021,0,3,WHIPSAW,False,True,False,False,True,False,True,True,True
76,ALGOUSDT,-1,2021-12-20 04:00:03,2021-12-22 04:47:20.000,48.78805555555556,1.3394320599999998,1.41138287297968,1.3637727,-13.552811479488737,-0.33972380187100154,-13.105480086608074,0.8732752175506632,0.42594382467,1.1692996439631567,0.33450546287499494,-0.05097843718647097,1.6591386867412794,1.454893958019338,1.0052796795403336,-0.0001,5.334940889594739,with,True,2,3,4,Monday,2021,0,3,GAVE_BACK,False,False,False,False,False,False,False,False,False
77,ETHUSDT,-1,2021-12-20 08:00:03,2021-12-21 03:52:11.235,19.868954166666665,3821.565534,4028.370253388802,3996.7891979999995,-33.57089537566601,-0.84135341689288,-32.83691463359993,0.87909580606608,0.14511506400000002,0.34605367910126533,0.9322537056687659,-0.3254493717498998,1.4967930299602128,0.8147328746882919,1.050653185601817,-0.0001,5.387127454611633,with,True,1,4,8,Monday,2021,0,3,CHOP,False,False,False,False,False,False,False,False,False
78,BTCUSDT,1,2021-12-21 08:00:03,2021-12-23 00:14:12.546,40.235985,48584.104878,46534.37935474419,48286.010866,-14.15344398449573,-0.17883716169957628,-11.089097246400051,2.1621409834060796,-0.9022057546896,0.49513708566595294,0.16230703780843753,1.5713787458156312,2.110509136363583,1.4586514994101187,1.4209751740562446,0.0001,4.1997461321293414,self,False,1,3,8,Tuesday,2021,0,3,WHIPSAW,False,False,False,False,False,True,False,False,True
79,ADAUSDT,1,2021-12-22 04:00:03,2021-12-28 17:28:13.333,157.46953694444446,1.29815958,1.2362098799963903,1.4309137600000001,58.656446702245404,1.4790881722441525,62.13863472802613,1.5335950079417315,-1.948593017839,4.741595519960289,0.1397840506006552,2.2379514346626617,1.3875803774573827,1.4054114337097572,0.7500147788784991,0.0001,4.7530718856313765,with,False,1,4,4,Wednesday,2021,1,3,WIN,False,False,False,False,False,True,False,False,True
80,LTCUSDT,1,2021-12-22 08:00:03,2021-12-25 17:21:09.650,81.35184722222222,157.161426,149.22259637367688,160.07797800000003,12.411118767368276,0.313308077377554,14.106195403200116,0.92061606083184,-0.774460575,1.196470317048391,0.5229267027264257,0.690098447488334,1.026817907059877,1.3245194132836347,0.5584432383428266,0.0001,5.04448210392817,with,False,1,3,8,Wednesday,2021,0,3,WIN,False,False,False,False,False,True,False,False,False
81,AXSUSDT,1,2021-12-22 20:00:03,2021-12-28 00:10:03.809,124.16689138888889,102.600516,97.26659976696686,105.4789,32.4886177568867,0.8187053008164014,20.77502435839998,0.9011003957529599,12.614693794239681,1.6478481505889442,0.5944067850868883,0.9560487598996615,2.180073202850849,2.2839761717908833,3.3658158209549778,-0.00089215,5.161271678074435,with,False,2,5,20,Wednesday,2021,0,3,WIN,False,True,False,False,False,True,False,False,False
82,DOTUSDT,1,2021-12-22 20:00:03,2021-12-28 04:18:09.250,128.3017361111111,27.853569599999997,26.30436016073247,29.0351918,28.159013553663215,0.7096685790368036,29.41802077786008,0.8497918022656918,-0.4092154219311731,3.169636251584993,0.7310629352577931,1.3209514143985375,3.533811604253427,2.9010639387536363,1.8694027484396183,-4.623e-05,5.5498737496141155,with,True,2,5,20,Wednesday,2021,0,3,WIN,False,False,False,False,False,False,False,True,True
83,BTCUSDT,1,2021-12-23 20:00:03,2021-12-25 17:21:07.664,45.35129555555555,51092.56647,49240.71337829922,50369.17415,-33.89493005067516,-0.4213805686469988,-30.093120511999956,2.5324850458752,-1.2693244928,0.38471384862699237,0.5332855367555079,0.5623737296804292,2.357837560804926,2.8541406801227267,2.545684791513901,4.018e-05,3.6052308120139016,self,True,2,6,20,Thursday,2021,0,3,CHOP,False,True,False,False,False,False,False,False,False
84,ETHUSDT,1,2021-12-23 20:00:03,2021-12-26 03:47:06.273,55.7842425,4134.706776,3960.3665781582968,4013.64711,-57.279540066862566,-0.7118033967138224,-53.835233470200045,2.1741437838625197,-1.2701628128000002,0.05313303595313716,0.7571792256416916,-0.0499412992975122,1.5917159601195705,2.0981029312119173,2.213450175245068,3.383e-05,4.1975819831128485,with,True,2,6,20,Thursday,2021,0,3,FALSE_BREAKOUT,False,False,False,False,False,False,False,False,False
85,FILUSDT,1,2021-12-26 20:00:03,2021-12-28 04:18:15.395,32.303443055555555,37.3784742,35.637390013196665,37.80618249765149,8.156062557226386,0.20396440400972987,9.497006124372787,1.0016581147063996,-0.33928545244,2.2603879983688238,0.263326841674305,0.5602978921950263,0.7143637787814472,0.9053209241562039,1.3877012041910022,0.0001,4.6516748362674765,with,False,1,4,20,Sunday,2021,0,3,WIN,False,False,False,True,False,True,False,False,False
86,SOLUSDT,1,2021-12-27 04:00:03,2021-12-28 00:34:15.492,20.570136666666667,201.07020599999998,191.27647102707172,192.44150399999998,-35.32993461692881,-0.8822551053940471,-34.159305477600014,0.9347004945288,-0.23592864480000003,0.3818557486329287,0.893449335129776,-0.5585413547661515,2.080965917018813,2.579254124823121,0.5678068810329139,0.0001,4.87070620825,with,True,1,5,4,Monday,2021,0,3,CHOP,False,False,False,False,False,False,False,False,False
88,ALGOUSDT,1,2021-12-27 16:00:03,2021-12-28 02:35:16.987,10.587218611111112,1.66893372,1.5767462503379683,1.57648464,-40.5378970637327,-0.9968878393630176,-39.63187592139598,0.8347645066227192,-0.071256635714,0.6114310351140375,1.0265356056190336,1.2915668521601535,0.9406257264172861,3.4783555508139186,0.8290205163142516,0.0001,5.504839366057284,with,True,1,6,16,Monday,2021,0,3,WHIPSAW,False,False,False,False,False,False,False,True,True
89,LTCUSDT,-1,2021-12-28 04:00:03,2021-12-31 08:24:07.000,76.4011111111111,151.159762,158.2958334897606,150.310056,4.368881855139468,0.11006203035182806,4.571588221199987,0.9731807488821601,0.77047438282164,1.2121181818892033,0.2999182397585269,1.0565704128411035,1.519878001020234,1.8899964401575677,2.5019399565765004,-0.0001,4.699936166254795,against,True,2,5,4,Tuesday,2021,0,3,WIN,False,True,False,False,True,False,False,False,True
90,XRPUSDT,-1,2021-12-28 04:00:03,2022-01-01 19:21:16.190,111.35366388888889,0.8946210400000001,0.9414833092418782,0.8539707599999999,33.518176238718034,0.8444757027331685,33.40924155857213,0.862268980684092,0.9712036608300001,1.9849879552327059,0.0230240664281737,1.7118471063776655,1.270841444359633,2.043650430794551,2.234055291438227,-0.0001,5.205420632682779,against,False,2,5,4,Tuesday,2021,0,3,WIN,False,False,False,False,True,True,False,False,True
91,ETHUSDT,-1,2021-12-28 20:00:03,2021-12-31 08:34:12.199,60.56922194444444,3805.5387400000004,3946.085760570523,3797.479344,2.921189796244393,0.0368982857731891,4.351267900400303,2.46292167813096,1.03284357397505,1.6047208904498385,0.25394533342021847,1.3107267535960658,3.8873854098447462,2.0183015482623587,2.7844546110107546,-4.226e-05,3.6727564260874237,with,True,2,4,20,Tuesday,2021,0,3,WIN,False,True,False,False,False,False,False,True,True
92,BTCUSDT,-1,2021-12-28 20:00:03,2021-12-31 08:32:10.296,60.53536,47667.124668000004,49493.75987972542,48042.6066,-16.6537754211696,-0.21088614357902005,-15.5825001779998,2.3831723085732,1.3118970654034001,0.9783697678267744,0.25119702557719686,1.1042843448170785,3.8866988429206404,2.2402070713994706,2.4232996532250457,-0.0001,3.811298609687446,self,True,2,4,20,Tuesday,2021,0,3,WHIPSAW,False,False,False,False,False,False,False,True,True
93,BTCUSDT,-1,2021-12-31 20:00:03,2022-01-01 17:38:13.241,21.636178055555554,45698.478476000004,47684.424380448116,47693.96126532421,-78.44217289250642,-0.9895076406553841,-76.82608738898183,2.157365358024589,0.5412798545,0.0244107736728488,1.0581967611972807,0.01665628249284807,1.8540630708078312,3.2247803895269285,1.7294470573045047,-0.0001,4.324890205283299,self,True,2,3,20,Friday,2021,0,3,LATE_ENTRY,False,False,False,False,False,False,False,True,False
94,SOLUSDT,-1,2021-12-31 20:00:03,2022-01-01 19:57:11.685,23.9524125,167.85642199999998,177.19112300340572,177.2265612280064,-39.30693455904273,-0.991900545303162,-38.665879524368506,0.854390958174221,0.21333592350000002,0.030683575177768117,1.0138062265247973,0.15816489456505534,1.3675767964086103,3.943609818574513,1.009311097126503,-0.0001,5.54001012770607,with,True,2,3,20,Friday,2021,0,3,LATE_ENTRY,False,False,False,False,False,False,False,True,False
95,SOLUSDT,-1,2022-01-03 16:00:03,2022-01-12 09:25:04.126,209.41697944444445,170.98579600000002,178.21047341015782,143.42868,263.5057371677475,3.374781643211818,261.69763410080003,2.37075419905248,4.178857266,5.749155795053394,0.40336804462752257,4.288882982710678,1.4380138010652979,0.7203976295472215,1.373721014524784,-0.0001,4.204463460506258,with,True,1,1,16,Monday,2022,1,3,WIN,False,False,False,False,False,False,False,False,True
96,ADAUSDT,-1,2022-01-03 20:00:03,2022-01-11 16:36:13.170,188.602825,1.32913412,1.3929986070991962,1.1812362,77.65789192542655,1.9875829160028244,77.1186051660399,1.2776721965401197,1.8169589559267827,4.1452477272510935,0.3862221575769979,2.4682593904677876,0.9952974228437841,0.19213019871351467,1.2977516547056656,-0.0001,4.776126897269377,with,True,4,5,20,Monday,2022,1,3,WIN,False,False,True,False,False,False,False,False,True
97,DOGEUSDT,-1,2022-01-03 20:00:03,2022-01-11 11:30:05.000,183.50055555555556,0.169026188,0.17527579426282486,0.153750744,159.89747309745724,2.046431208491347,164.79523762050522,2.8338894476995122,-2.0638750753484656,5.302124102938639,0.5718459451211287,3.900435799451755,1.342846396614637,0.6730371963801741,1.5923997909655578,-0.0001,3.664415816669537,with,True,4,5,20,Monday,2022,1,3,WIN,False,False,True,False,False,False,False,False,True
98,BTCUSDT,-1,2022-01-03 20:00:03,2022-01-09 19:25:04.362,143.417045,46355.287088,47918.19432638053,42343.467,192.56754336930143,2.4660163376479365,191.3638181976,2.5385583419985593,3.7422835136999995,3.774201656466955,0.7480117074711254,4.315858882955454,0.6999542826725752,0.9628329821696997,1.3590136772644468,-0.0001,3.350931533640516,self,True,4,5,20,Monday,2022,0,3,WIN,False,False,True,False,False,False,False,False,True
99,XRPUSDT,-1,2022-01-03 20:00:03,2022-01-11 16:37:20.000,188.6213888888889,0.8325334600000001,0.8649356381087889,0.7586516999999999,147.22109406921783,1.8852673623634284,146.14217812371237,2.8405860981784747,3.9195020436839436,4.327902264137072,0.4156060112621629,2.5533302027482883,1.1389224597345111,0.12758420997026623,1.3270017139412478,-0.0001,3.8587461706038564,with,True,4,5,20,Monday,2022,1,3,WIN,False,False,True,False,False,False,False,False,True
100,FILUSDT,1,2022-01-04 16:00:03,2022-01-05 19:45:03.939,27.750260833333332,37.4644914,35.56992985132876,35.562815865358495,-38.77397161829677,-1.001047520659791,-37.686454907758026,0.8683311970387452,-0.21918551349999998,0.5465689941433987,1.520927837905793,-1.0712195660380577,2.366437498704393,1.6704887804193465,4.8955077125596445,0.0001,5.0404990887693994,against,True,1,6,16,Tuesday,2022,0,3,CHOP,False,True,False,False,True,False,False,False,False
101,LTCUSDT,-1,2022-01-05 20:00:03,2022-01-11 16:28:16.666,140.47046277777778,142.491496,148.60910753679215,131.506296,113.77423846364309,1.4031422605411672,113.60613231360027,2.67364531951776,2.84175146956059,3.5947846422971113,0.09456370292895848,1.9765060150158473,1.5653042794857508,1.7317208397258228,2.336539367425533,-0.0001,4.257827653144497,with,True,1,6,20,Wednesday,2022,1,3,WIN,False,False,False,False,False,False,False,False,True
107,ETHUSDT,-1,2022-01-14 12:00:03,2022-01-15 14:42:13.450,26.702902777777776,3200.1298460000003,3346.0176300073667,3343.298526,-41.19225551398658,-0.9700638584352382,-40.25903281599994,1.10400723492384,0.17078453693720003,0.12975621042433963,1.0636953262115765,0.6914207840384136,1.8122154556783485,-0.4527440481931724,1.1977228112446503,-0.0001,4.537896506383362,with,True,2,2,12,Friday,2022,0,3,FALSE_BREAKOUT,False,False,False,False,False,False,False,False,False
108,BTCUSDT,-1,2022-01-14 12:00:03,2022-01-15 17:45:09.363,29.7517675,41974.723376,43554.7059490311,43458.69,-78.87998094601492,-0.9298833944914282,-76.42428113600003,2.6398924733183997,0.1841926633035,0.19539669694440684,0.9653755997281981,0.45236155651315146,2.047587662630798,0.025731968413766685,1.293585023000494,9.17e-05,3.7433757877716065,self,True,2,2,12,Friday,2022,0,3,FALSE_BREAKOUT,False,False,False,False,False,False,False,False,False
109,XTZUSDT,-1,2022-01-17 16:00:03,2022-01-18 21:43:14.545,29.71987361111111,4.0971804,4.298936352515534,4.1988396,-21.268886660302456,-0.5061033201785774,-20.508747339840056,1.0041844404023998,0.24404511994,0.8682787189959699,0.5145801088173887,3.5150407765312215,1.7205475426149552,1.4354568160770096,1.1006618124128817,-0.0001,4.877686082350182,with,True,2,2,16,Monday,2022,0,3,WHIPSAW,False,False,False,False,False,False,False,False,True
110,AVAXUSDT,-1,2022-01-17 16:00:03,2022-01-20 14:42:04.333,70.70037027777778,88.1163732,92.52340919090241,86.72334120000001,12.515463779164092,0.2978447878612932,12.870501254399917,0.9692274535706878,0.614189978334864,1.6147753761690522,0.07388793753266293,8.019306688884848,2.6449880745423853,1.8361260086506093,0.9037153432635447,-0.0001,4.976807913705272,with,True,2,2,16,Monday,2022,0,3,WIN,False,False,False,False,False,False,False,False,True
111,SOLUSDT,-1,2022-01-17 20:00:03,2022-01-20 15:07:05.714,67.11742055555555,139.842026,146.9726901926619,142.68853199999998,-16.618358982087585,-0.39511881552648204,-16.278883163399865,0.9694584048877198,0.6299825862,1.0015933729356954,0.46531065134359995,7.3446210037342095,2.268805684774655,2.365679194830008,1.5761048671573665,-0.0001,5.093092736976697,with,True,2,4,20,Monday,2022,0,3,GAVE_BACK,False,False,False,False,False,False,False,False,True
112,BTCUSDT,-1,2022-01-17 20:00:03,2022-01-20 14:31:18.182,66.52088388888889,42212.695772,43471.21879387211,42688.536,-31.40857397562138,-0.37358952765986125,-30.16827045520006,3.2296428566068793,1.98933933618556,0.8717009962742501,0.3872032688564672,6.565391040450618,0.953323533746193,1.2962326617088287,1.605924781938679,-0.0001,2.960764436478186,self,True,2,4,20,Monday,2022,0,3,WHIPSAW,False,False,False,False,False,False,False,False,True
113,FILUSDT,-1,2022-01-18 12:00:03,2022-01-26 11:00:17.629,191.00406361111112,28.163366200000002,29.65862608720027,18.7177428,249.7264072553533,5.906020987358953,250.68471310540002,1.071274358782248,0.11296850873550408,7.6089556721160045,0.4204177517107459,6.763617673805409,1.6933556682551267,1.9082245855874167,1.6522731537401605,-0.0001,5.269489909846907,with,True,2,6,12,Tuesday,2022,1,3,WIN,False,False,False,False,False,False,False,False,True
114,XRPUSDT,-1,2022-01-18 12:00:03,2022-01-20 15:06:17.500,51.10402777777778,0.74665064,0.77484038684171,0.75955188,-38.62590041714934,-0.45679353956062513,-37.12559903923179,2.6006184287433216,1.100317050825773,0.8425276088275567,0.459364182045082,7.089479771570645,1.3170898530676083,1.1095050392689079,2.0193820507844698,-0.0001,3.7408470801593237,with,True,2,6,12,Tuesday,2022,0,3,WHIPSAW,False,False,False,False,False,False,False,False,True
115,ETHUSDT,-1,2022-01-19 08:00:03,2022-01-20 14:07:16.152,30.12032,3059.23803,3196.6375541951957,3193.9886699999997,-82.67854530701985,-0.9667870754085254,-80.98513463999984,2.2549135480199993,0.561502881,0.10362503133397188,0.9852433681479486,5.5726396032656185,1.8399334755328178,2.3461198782898576,1.1808397729038858,1.72e-05,4.470400646933537,with,True,1,6,8,Wednesday,2022,0,3,WHIPSAW,False,False,False,False,False,False,False,False,True
116,BTCUSDT,1,2022-01-20 16:00:03,2022-01-20 21:40:08.639,5.668233055555556,43284.40515,41894.44539337793,41886.066504299255,-82.03835656404209,-0.9933019620304155,-79.14596734666209,2.892389217380002,0.0,0.15151147290177422,1.2024773681663146,-1.0252420210087196,1.888706426198192,1.4270163588203364,2.5370407740253156,0.0001,3.1918451460843107,self,False,2,3,16,Thursday,2022,0,3,FALSE_BREAKOUT,False,True,False,False,False,True,True,False,False
117,AXSUSDT,1,2022-01-20 16:00:03,2022-01-20 21:54:09.233,5.901731388888889,75.28505399999999,71.23609466633842,71.22184744740515,-41.120902529447235,-0.9956097618600875,-40.250124110004435,0.8707784194427972,0.0,0.134589151209677,1.0558401919374056,-1.0089145539295334,1.2989893333078375,-0.840376687006413,1.0230378479605524,-0.00063568,5.359247155123657,with,False,2,3,16,Thursday,2022,0,3,FALSE_BREAKOUT,False,False,False,False,False,True,True,False,False
118,XRPUSDT,-1,2022-01-21 16:00:03,2022-01-25 22:59:20.000,102.98805555555556,0.68126372,0.716341236928853,0.62222442,66.41448973779202,1.61241667532631,67.23691861286002,0.8906866373619768,0.06825776229398622,3.8333306280695454,0.1521282139446598,2.630280820251237,4.439229054908845,1.8923636676374251,2.8735311880312104,-2.718e-05,5.158725327195097,with,True,1,2,16,Friday,2022,0,3,WIN,False,True,False,False,False,False,False,True,True
120,DOGEUSDT,-1,2022-02-03 00:00:03,2022-02-04 15:16:05.538,39.26737166666667,0.13686262200000002,0.14308054259832304,0.141138222,-29.574163291331708,-0.7027970357026466,-27.95135062355994,1.0904433152244748,-0.532369352547293,0.3654955003145198,0.7586745320087037,-0.650921467394031,1.7256554293964275,1.322464908509411,1.250577545128471,0.00013057,4.52991130795079,with,True,4,4,0,Thursday,2022,0,3,CHOP,False,False,True,False,False,False,False,False,False
121,ADAUSDT,-1,2022-02-03 00:00:03,2022-02-04 15:16:09.629,39.26850805555556,1.02589478,1.0818752989278866,1.07341464,-35.672866950653656,-0.8478206827042718,-34.69933916300597,0.9197583861485291,-0.0537694014991504,0.18747200277866616,0.8950474372083794,-0.8110896588595465,2.454654153379579,1.0111602989904154,1.1590220434555538,9.416e-05,5.456213951446189,with,True,4,4,0,Thursday,2022,0,3,FALSE_BREAKOUT,False,False,True,False,False,False,False,False,False
122,BTCUSDT,-1,2022-02-03 00:00:03,2022-02-04 10:06:14.101,34.10308361111111,36884.671590000005,38419.754358044935,38205.6396,-72.13866698808316,-0.8587018820377584,-69.61501412699982,2.3743556398278,-0.14929722125554,0.4432149224543241,0.8822510669733189,-0.2568320211828836,2.341364776416551,1.3130706396323635,1.340555376633073,7.716e-05,4.141068838025283,self,True,4,4,0,Thursday,2022,0,3,CHOP,False,False,True,False,False,False,False,False,False
123,XRPUSDT,-1,2022-02-03 00:00:03,2022-02-04 15:16:04.137,39.2669825,0.6002799200000001,0.6269878297031124,0.62122422,-66.08899725756145,-0.7856173638420847,-63.67963406596974,2.228337160332903,-0.18102603125880237,0.46353009792291777,0.8656641518188768,-0.7907799687348319,2.0758525746115306,0.39343776233612615,1.404497986619527,5.746e-05,4.445748742814006,with,True,4,4,0,Thursday,2022,0,3,CHOP,False,False,True,False,False,False,False,False,False
124,BTCUSDT,1,2022-02-04 16:00:03,2022-02-11 00:24:04.334,152.40037055555555,39489.616344,37778.40608793317,43128.332608,155.61571302921507,1.886038359315112,161.38345801439968,2.8997264747952,-2.8680185103894305,3.715431013494157,0.03664444142832978,2.5773476055111604,3.0589311594817485,1.7001387586191223,3.4275247070329757,0.0001,4.314183657821489,self,True,4,4,16,Friday,2022,1,3,WIN,False,True,True,False,False,False,False,True,True
125,XRPUSDT,1,2022-02-04 16:00:03,2022-02-10 22:03:11.666,150.05240722222223,0.62422482,0.5976412938198112,0.8358327999999999,766.1816554867243,9.274012514416556,773.6398463611977,3.455477511401617,-4.002713363071898,11.024691683619182,0.02350403011868358,8.575806627560837,1.5402880445822125,1.2709273274262056,2.3187211952507965,0.0001,4.224151631440501,with,False,4,4,16,Friday,2022,1,3,WIN,False,False,True,False,False,True,False,False,True
126,DOGEUSDT,1,2022-02-04 16:00:03,2022-02-10 13:32:17.894,141.53747055555556,0.141738342,0.13572977040320372,0.15406918,157.35832241780435,1.9051485593157005,163.64142642189475,2.9173463596503844,-3.3657576444400337,5.209500710067239,0.026352685900323615,2.7014170903205383,1.5091241251979446,0.38896672695921175,2.0760938180742134,7.199e-05,4.226806094267779,with,False,4,4,16,Friday,2022,1,3,WIN,False,False,True,False,False,True,False,False,True
127,ADAUSDT,1,2022-02-04 16:00:03,2022-02-06 15:02:16.250,47.037013888888886,1.0772153999999998,1.0265529944699416,1.09638068,13.786074562389057,0.3338977143722341,15.105236173264137,1.0278800664643821,-0.29128154441069753,2.0347355977567947,0.020042475073500748,3.6552666234951965,1.2819750511524577,0.8071694766515467,1.6287187260847449,6.49e-05,4.69287954043805,with,False,4,4,16,Friday,2022,0,3,WIN,False,False,True,False,False,True,False,False,True
128,FILUSDT,1,2022-02-05 00:00:03,2022-02-10 13:35:14.382,133.586495,21.629324999999998,20.41479011703157,23.4073176,58.59952057163762,1.379609399208903,60.458326972620036,0.9188474903865718,-0.9399589105958438,3.8020110124083057,0.23904212556696566,2.1544667318279225,2.114630145956526,1.6863717160819547,0.7301434465665263,-7.895e-05,5.552671214288366,with,False,1,5,0,Saturday,2022,0,3,WIN,False,False,False,True,False,True,False,False,True
129,LTCUSDT,1,2022-02-05 04:00:03,2022-02-11 00:01:15.438,140.02012166666665,121.414278,114.61154461039189,133.653264,47.09302741685936,1.1043866318032203,49.058499925200024,1.43746827988104,-0.5280042284596201,3.2833451968175282,0.3519582295636504,1.9456476157391338,3.721023200457129,2.3805120712346497,1.0409531873210305,8.008e-05,5.591808393416895,with,True,1,6,4,Saturday,2022,1,3,WIN,False,False,False,True,False,False,False,True,True
132,ETHUSDT,1,2022-02-07 08:00:03,2022-02-11 00:02:19.582,88.03793944444445,3078.625602,2938.9773847318957,3054.628952,-8.774405241696254,-0.19628537913913666,-7.419764180000013,1.13784138485808,-0.21679967683815995,1.463208066650127,0.3963215791988544,0.4147879517057753,0.9828616713654158,3.390815221616332,0.8582342644861547,8.15e-05,4.516654167254855,with,True,1,6,8,Monday,2022,0,3,GAVE_BACK,False,False,False,False,False,False,False,True,False
135,BTCUSDT,1,2022-02-15 12:00:03,2022-02-17 09:19:05.466,45.31735166666667,44223.14286,42605.966867216826,43269.144440000004,-55.87545568787699,-0.610754368521018,-51.706714363999794,2.8452491829959996,-1.3234921408812,0.3424841467296378,0.756344928108264,-0.5412786634888912,2.619431242820565,1.5297496363696754,1.5990224019263666,-7.76e-05,3.6378038213414072,self,True,1,1,12,Tuesday,2022,0,3,CHOP,False,False,False,False,False,False,False,False,False
136,ETHUSDT,1,2022-02-16 00:00:03,2022-02-17 08:35:13.444,32.58623444444444,3184.3767479999997,3028.0642334209724,3039.811916,-42.381425710506036,-0.9248821805914009,-41.041955804799876,1.0602282970257597,-0.2792416086804,0.015438635905125888,0.985121046863771,-0.6310866936385097,3.274451481541569,2.1819826379588956,0.8333407136894162,0.0001,4.889414824090842,with,True,1,2,0,Wednesday,2022,0,3,LATE_ENTRY,False,False,False,False,False,False,False,True,False
137,ALGOUSDT,1,2022-02-16 12:00:03,2022-02-17 04:03:09.677,16.051854722222224,1.00380072,0.9503740764914397,0.9501840016761414,-45.65652216965293,-0.9991247843170934,-44.520733208637246,0.9734967212506865,-0.162292239765,0.06362518355575429,1.0444361901765238,-0.6551173291354532,2.4997212515016627,2.4545455662335653,2.3928028176709057,0.0001,5.294063129901378,with,True,1,3,12,Wednesday,2022,0,3,FALSE_BREAKOUT,False,False,False,False,False,False,False,False,False
138,BTCUSDT,-1,2022-02-17 16:00:03,2022-02-23 11:49:19.116,139.82114333333334,41899.41844,43537.80968673676,39145.8276,129.82164592315127,1.4362738800241648,133.37795252000024,3.2743263036719994,-0.28198029317699996,3.411467469160651,0.11620030342519935,4.636083386754341,2.0621925183019005,1.5260322788338323,2.521622585788745,-0.0001,3.8897617543715417,self,False,5,5,16,Thursday,2022,1,3,WIN,False,True,True,False,False,True,False,False,True
139,DOGEUSDT,-1,2022-02-17 16:00:03,2022-02-25 22:57:12.000,198.9525,0.144061182,0.15142570354292345,0.127585512,75.3721368646402,1.6664828591450438,78.45842473711261,1.208752180300766,-1.877535692171629,5.135592554052929,0.3202948061529632,3.1327468954407607,0.816303849174543,1.6407980379729115,1.4891566054973489,-0.0001,5.083763735547143,with,True,5,5,16,Thursday,2022,1,3,WIN,False,False,True,False,False,False,False,False,True
140,LTCUSDT,-1,2022-02-17 16:00:03,2022-02-23 13:15:18.333,141.25425916666666,122.985398,129.56989733735642,111.40227599999999,50.4687087888784,1.115980406025232,52.61003880540015,1.2980762186720398,-0.84325379784971,3.4756473996682278,0.07815355027533523,4.8090821150744025,1.307947298373063,1.1829453421182912,1.7133533409357993,-2.984e-05,5.332816305468192,with,False,5,5,16,Thursday,2022,1,3,WIN,False,False,True,False,False,True,False,False,True
141,ETHUSDT,-1,2022-02-17 16:00:03,2022-02-23 12:36:10.902,140.602195,2986.382604,3152.39652292348,2737.877466,49.00144498678762,1.0838946886003666,50.25866807740006,1.4915246770986,0.23430158648616,2.9598879852146025,0.1035298492527145,4.142198488290375,0.9425555125673929,0.3244684744841186,2.1522428982361363,-4.771e-05,5.534385517745754,with,False,5,5,16,Thursday,2022,1,3,WIN,False,False,True,False,False,True,False,False,True
142,ADAUSDT,-1,2022-02-17 16:00:03,2022-02-23 12:45:06.666,140.75101833333332,1.0504898599999999,1.1046424486125581,0.94298856,62.807849833766966,1.389083833295723,65.67737222731591,1.2343264473939572,-1.6351959461549919,4.404034342777345,0.1072920085421869,5.630199179975942,0.8564683507756945,0.5450253141299821,1.402196933487715,-0.0001,5.133953422723713,with,True,5,5,16,Thursday,2022,1,3,WIN,False,False,True,False,False,False,False,False,True
148,FILUSDT,1,2022-03-01 04:00:03,2022-03-01 16:34:15.227,12.570063055555556,21.465292199999997,20.64569356307275,20.641564424360137,-93.15173758598525,-0.9990982413245566,-89.93682260935411,2.758404176856315,-0.45651079977482095,0.5950568705536967,1.0398897235789977,0.2705077705243729,6.261712933898806,3.243283787386304,22.640528675318198,0.0001,3.812460104953634,with,True,2,2,4,Tuesday,2022,0,3,LATE_ENTRY,False,True,False,False,False,False,False,True,False
149,LTCUSDT,1,2022-03-01 04:00:03,2022-03-02 13:40:12.800,33.66938888888889,112.53250200000001,109.57518459077765,109.5532695538595,-93.47373632107379,-1.0028160880945332,-88.51299597483468,3.958900963719099,-1.0018393825199998,1.1048857960969423,1.0693819980695285,0.21556630952496494,2.275185052012919,2.557036334575718,11.977756136481394,1.751e-05,2.6171484262551963,with,False,2,2,4,Tuesday,2022,0,3,GAVE_BACK,False,True,False,False,False,True,False,False,False
150,BTCUSDT,-1,2022-03-06 12:00:03,2022-03-09 03:14:10.157,63.23532138888889,38321.43418,40094.29106561639,39557.909999999996,-31.883532643174995,-0.6953229444567707,-30.911895499999993,1.1681901626999998,0.19655301952500004,0.6697856942847062,0.7194973437218604,0.06843991806919725,0.8792150704574742,3.824562872922676,1.4538303007454518,9.6e-06,4.600442634053438,self,True,1,1,12,Sunday,2022,0,3,LATE_ENTRY,False,False,False,True,False,False,False,True,False
151,ETHUSDT,-1,2022-03-07 00:00:03,2022-03-09 03:25:03.250,51.41673611111111,2548.850128,2680.8324149333243,2650.5299999999997,-35.139183498090354,-0.7656731729004363,-34.2966208255999,1.0522505503046398,0.20968787781419002,0.8882262212900073,0.998693650963848,0.21480252129834776,1.7370744339043283,3.1815937674059507,1.0602033519725549,-3.909e-05,5.156662819964325,with,True,1,2,0,Monday,2022,0,3,LATE_ENTRY,False,False,False,False,False,False,False,True,False
152,LTCUSDT,-1,2022-03-07 04:00:03,2022-03-07 14:08:14.500,10.136527777777777,98.790238,103.77950844699686,103.80026434868626,-46.09370529532991,-1.002347044888817,-44.75907439652811,1.0859539733597567,-0.24867692544203995,0.08823694860337672,1.012124328325308,0.5372003839986853,2.044378498070338,2.701069823089004,1.3293787722132477,0.00029361,5.039988306676987,with,True,2,4,4,Monday,2022,0,3,FALSE_BREAKOUT,False,False,False,False,False,False,False,False,False
153,DOGEUSDT,-1,2022-03-07 04:00:03,2022-03-09 06:56:17.500,50.93736111111111,0.118896216,0.12482869584426502,0.122604516,-29.016608260882386,-0.6310532150132033,-27.84912570602998,1.0881941984574486,-0.07928835639495822,0.9871446939109704,0.6260087008285655,0.8994916358895966,1.6145694839343472,2.4252390675869213,1.365546141175981,-7.852e-05,4.96863088148757,with,True,2,4,4,Monday,2022,0,3,CHOP,False,False,False,False,False,False,False,False,False
154,BTCUSDT,1,2022-03-09 08:00:03,2022-03-10 04:38:15.912,20.63692,41778.954119999995,39644.09746580948,39636.16864631632,-45.321635379275364,-0.9992625738107166,-44.141380757883695,1.0062909173916696,-0.17396370400000002,0.40684037417460034,1.011287627092984,-0.6980581656734532,3.045871381500495,2.122409081753777,1.2219911107822958,0.0001,5.098177647689522,self,True,1,1,8,Wednesday,2022,0,3,LATE_ENTRY,False,False,False,False,False,False,False,True,False
155,LTCUSDT,1,2022-03-09 12:00:03,2022-03-10 05:07:10.990,17.11888611111111,106.951386,101.2671281582847,101.24687473265305,-45.37542876910935,-0.9992465330202199,-44.239625780529025,0.9687714909803226,-0.16703149760000002,0.40790091944533025,1.0206057081762068,0.16512516253428136,2.133193252055118,1.6599351464667351,0.7664946741224379,-4.254e-05,5.295868177046009,with,False,1,2,12,Wednesday,2022,0,3,CHOP,False,False,False,False,False,True,False,False,False
156,XRPUSDT,1,2022-03-09 16:00:03,2022-03-10 05:54:16.232,13.903675555555555,0.7666533,0.728727406864559,0.728581661383186,-45.35517169923186,-0.9972625319804321,-44.22409536773218,1.0421208426816766,-0.08895548881800001,0.33609491949151876,1.0139062477098564,2.158069151007438,2.3394225920349867,1.6449890235189626,1.2649760720313987,0.0001,4.940333046626791,with,True,1,3,16,Wednesday,2022,0,3,WHIPSAW,False,False,False,False,False,False,False,False,True
157,XRPUSDT,1,2022-03-12 00:00:03,2022-03-13 22:42:03.111,46.70003083333334,0.80276052,0.7581596501194474,0.77754446,-25.806029519884017,-0.5750659233165788,-24.660809923617986,0.9273042830591363,-0.2179153132068946,1.025528876959056,0.7322843721987814,-0.20987303667100618,3.004035835504782,2.0117116856383364,6.424855131769555,6.687e-05,5.525277243682559,against,True,1,1,0,Saturday,2022,0,3,GAVE_BACK,False,True,False,True,True,False,False,True,False
158,XTZUSDT,-1,2022-03-14 00:00:03,2022-03-16 02:07:13.333,50.11953694444444,2.9034192,3.050737501250548,3.0146027999999996,-34.14073521432437,-0.7645419949994191,-32.67173447603985,1.0434203069914798,-0.425580431293041,0.321882614702115,0.8185052296722127,-0.11255084982143841,1.5974278568565152,2.2472290189676416,1.5616471956470426,0.00013719,5.089131975561421,with,True,6,6,0,Monday,2022,0,3,CHOP,False,False,True,False,False,False,False,False,False
159,LINKUSDT,-1,2022-03-14 00:00:03,2022-03-14 23:31:06.348,23.517596666666666,12.692461,13.384187811544429,13.386864649106737,-44.518112587110146,-0.9942938051926405,-43.66493474021058,0.9839395752039662,0.130761728304408,0.15246047751790281,1.0503264986618719,-0.2494322861575511,1.2845330666582557,2.3540085610705597,1.5950565868336486,-4.688e-05,5.420508912605781,with,True,6,6,0,Monday,2022,0,3,FALSE_BREAKOUT,False,False,True,False,False,False,False,False,False
160,ALGOUSDT,-1,2022-03-14 00:00:03,2022-03-14 13:06:18.033,13.104175833333333,0.68016394,0.7126135058398905,0.7127560285410585,-44.62723022691558,-0.9968229359918531,-43.507002996180795,1.1156408065425774,-0.004586424192207001,0.23926175278609632,1.024237432451029,0.08209478096391766,1.4697865824842276,2.8804080271142234,1.6057720501179038,-2.503e-05,4.719104458470313,with,True,6,6,0,Monday,2022,0,3,FALSE_BREAKOUT,False,False,True,False,False,False,False,False,False
161,AXSUSDT,-1,2022-03-14 00:00:03,2022-03-14 19:22:15.919,19.370255277777776,45.14097,47.65307002206372,47.662600636068134,-45.067830735050165,-1.0071506216830857,-43.66228662658331,0.9641418635523501,-0.44140224491451,0.25913379016860216,1.0186815722001892,-0.2543807947085751,1.1221334762826147,1.428531624061915,1.148617946638657,0.00070367,5.567279623535053,with,True,6,6,0,Monday,2022,0,3,FALSE_BREAKOUT,True,False,True,False,False,False,False,False,False
162,SOLUSDT,-1,2022-03-14 00:00:03,2022-03-15 17:51:01.000,41.849444444444444,78.664264,82.69080928781142,82.28645399999999,-39.65124064756541,-0.8858540232965458,-39.04503488599988,1.04097130176552,0.4347655402000001,0.18235582801531014,0.9426780847318176,-0.6968097461844326,1.3447279320187322,2.404513514130153,2.0223994909478185,-0.0001,5.0842664732639795,with,True,6,6,0,Monday,2022,0,3,FALSE_BREAKOUT,False,False,True,False,False,False,False,False,False
163,BTCUSDT,-1,2022-03-14 00:00:03,2022-03-14 22:48:06.666,22.80101833333333,37735.4514,39330.301406888204,39307.86,-87.49063191819613,-0.9788368317537662,-84.91006440000014,2.49620328936,-0.08436422883599996,0.13377521339218632,1.2356952638105625,-0.21215073426257447,1.3221972392640227,2.8769670694749534,1.205253641956171,8.009e-05,4.203619165286414,self,True,6,6,0,Monday,2022,0,3,FALSE_BREAKOUT,False,False,True,False,False,False,False,False,False
164,FILUSDT,-1,2022-03-15 08:00:03,2022-03-17 04:23:16.761,44.38715583333333,16.5896814,17.504627384908762,17.4774948,-42.5307290799846,-0.9688663133126033,-41.39474368169995,0.95303947434786,-0.18294592393679504,0.1198774592261169,0.9851058039124341,-0.5216904690254456,1.9569398962039168,1.809950016107882,2.288039338202936,-1.483e-05,5.494048001619725,with,True,1,3,8,Tuesday,2022,0,3,FALSE_BREAKOUT,False,False,False,False,False,False,False,False,False
165,LTCUSDT,1,2022-03-15 20:00:03,2022-03-20 16:04:16.417,116.07039361111111,108.191634,103.27080524405922,111.27774,24.501270495746855,0.5615422722783074,26.434040943000007,1.1279189537981997,-0.8048514934549501,2.0806182266837734,0.5327626971036082,3.301957212061854,2.240693341140826,1.5012645385643544,1.8975991360077966,-2.008e-05,4.537987387632459,against,True,2,4,20,Tuesday,2022,0,3,WIN,False,False,False,False,True,False,False,False,True
166,DOTUSDT,1,2022-03-15 20:00:03,2022-03-18 12:24:20.000,64.40472222222222,17.9445882,17.018901056738535,18.29634,15.29604564084747,0.3506058892128953,16.07927828160011,0.9939871859270399,0.2107545451744,1.5139151604314427,0.2966317529619598,1.9827560675989484,1.3512649690204561,0.15724993620222402,1.229943728867677,-0.00011284,5.139618434097666,against,True,2,4,20,Tuesday,2022,0,3,WIN,False,False,False,False,True,False,False,False,True
167,LINKUSDT,1,2022-03-16 20:00:03,2022-03-20 09:30:02.362,85.49982277777778,14.4548904,13.659485050344422,14.817036,17.52273720525167,0.4010920442443129,19.32879710879999,0.9373983166483197,-0.8686615868999998,1.1894684897576802,0.42731721649493215,1.7564749854963497,2.2434908020002733,2.3671477753388745,2.164885558507448,0.0001,5.483773523772335,with,True,2,5,20,Wednesday,2022,0,3,WIN,False,False,False,False,False,False,False,False,True
168,ETHUSDT,1,2022-03-16 20:00:03,2022-03-20 11:57:12.327,87.95259083333333,2753.5506,2617.211240982996,2880.463792,37.43633682177171,0.8571927155330803,39.3811634776,1.0489407995025601,-0.89588585632573,1.7489403039533216,0.103569505547104,2.2176237454827086,1.3888770332359877,1.8834315606609326,2.62590341546965,5.316e-05,4.932046938674079,with,True,2,5,20,Wednesday,2022,0,3,WIN,False,True,False,False,False,False,False,False,True
169,XRPUSDT,1,2022-03-17 00:00:03,2022-03-21 02:36:04.583,98.60043972222222,0.7916582999999999,0.7556780137803806,0.79474102,1.3769609718874876,0.03140044319646846,3.629354075840111,1.1206216921326237,-1.1317714118199997,0.9822517748824602,0.4407496900720222,2.043944274125846,1.4572056300834186,0.9882199100565673,0.8421778736673035,0.0001,4.525835277273456,with,True,1,6,0,Thursday,2022,0,3,WIN,False,False,False,False,False,False,False,False,True
170,SOLUSDT,1,2022-03-17 16:00:03,2022-03-18 10:52:19.515,18.871254166666667,89.387874,84.64162599714841,84.62469767194898,-43.750045803548396,-0.9991154647964539,-42.65948351165771,0.9350843958906853,-0.155477896,0.34809095500433146,1.002449513203151,1.0960501846668198,2.3010024150878197,2.2079471703600038,1.6743703887150987,0.0001,5.29078438273649,with,True,1,6,16,Thursday,2022,0,3,WHIPSAW,False,False,False,False,False,False,False,False,True
171,ATOMUSDT,-1,2022-03-18 12:00:03,2022-03-18 20:08:08.323,8.134811944444445,27.3265336,28.728410572344565,28.734156254459034,-43.24303268638875,-0.9950921689613742,-42.314685377958426,1.011147602270327,0.08280029384000001,0.05459366371644074,1.0054137615533714,-0.0894988665019333,1.5196103796587401,0.11816009078402018,0.9903012670444804,-0.0001,5.1090683899625455,against,True,1,6,12,Friday,2022,0,3,FALSE_BREAKOUT,False,False,False,False,True,False,False,False,False
172,BTCUSDT,1,2022-03-18 20:00:03,2022-03-20 12:01:05.829,40.0174525,42028.704060000004,40356.78524260169,41491.700000000004,-30.584741587530765,-0.34961987044106596,-27.011304217999964,2.5206457945308,-1.0527915749999999,0.2499498992721945,0.495660465912787,0.8905910529298502,1.3959599634883095,2.329405244387724,1.227495210902947,0.0001,3.9588359849841908,self,True,1,6,20,Friday,2022,0,3,FALSE_BREAKOUT,False,False,False,False,False,False,False,False,False
173,XTZUSDT,1,2022-03-19 04:00:03,2022-03-30 01:43:06.875,261.71774305555556,3.2016402,3.0695723297706805,3.6712656000000004,301.481863957971,3.464116424339712,310.0662190277403,3.3782808737009877,-5.206074196068385,5.94663788123728,0.14114106608695753,6.264656184455709,2.62784959817977,2.0615027020203356,1.4773089487355608,0.0001,4.135779832271059,with,True,1,6,4,Saturday,2022,1,3,WIN,False,False,False,True,False,False,False,False,True
174,ALGOUSDT,1,2022-03-21 12:00:03,2022-03-28 23:54:11.739,179.9024275,0.78725742,0.7506784146310774,0.8943211,113.31863561434434,2.598622508780865,117.39233484626601,1.5147647035306644,-2.5589345283910006,5.105184739622693,0.1491954181082394,5.523457457693885,2.2788684006825632,1.688559116168409,2.5209382635578677,0.0001,4.627313602963098,with,True,1,2,12,Monday,2022,1,3,WIN,False,True,False,False,False,False,False,False,True
175,XRPUSDT,1,2022-03-21 20:00:03,2022-03-23 08:07:18.194,36.12088722222222,0.84696936,0.8161875692632372,0.8160243317493846,-87.82288498594349,-1.0069662121213399,-83.9806321878592,2.707884324935287,-1.134368473149,0.5922540425247922,1.0158395353735845,0.10495295831316231,2.536671059337951,2.2908696000997826,3.18482220856626,0.0001,3.603688524478893,with,True,1,3,20,Monday,2022,0,3,CHOP,False,True,False,False,False,False,False,False,False
176,LTCUSDT,1,2022-03-22 04:00:03,2022-03-30 01:43:06.704,189.71769555555557,119.383872,114.2008077363894,126.48469800000001,94.03891165297024,1.0730999471957672,101.5549450248003,3.00748461870672,-4.508548753123341,2.555655752331448,0.268928172429992,2.8450598429832348,2.0275024635960053,1.9051531769996954,2.0641535392569073,9.108e-05,4.314363019363727,with,True,3,6,4,Tuesday,2022,1,3,WIN,False,False,True,False,False,False,False,False,True
177,DOTUSDT,1,2022-03-22 04:00:03,2022-03-25 17:09:19.603,85.15461194444444,19.591917600000002,18.6689993602496,20.217955600000003,28.72197236883691,0.6556568733280902,28.738837824200058,1.096504834879128,1.0796393795159769,2.076112831531199,0.04216798230201451,4.041617382064935,2.154514278181316,1.39934614229352,1.6237764560967172,-0.00010271,4.691651213755368,with,True,3,6,4,Tuesday,2022,0,3,WIN,False,False,True,False,False,False,False,False,True
178,LINKUSDT,1,2022-03-22 04:00:03,2022-03-25 17:08:08.695,85.13491527777778,15.5351064,14.826992780122367,15.5928808,1.29779100535063,0.02962878958014661,3.4525519244799736,1.116110167609344,-1.0386507515199999,1.297664067185704,0.5890388043547006,2.5841807707585365,3.017014513528974,1.9246961703539345,1.6774554632260212,0.0001,4.532916231264136,with,True,3,6,4,Tuesday,2022,0,3,WIN,False,False,True,False,False,False,False,True,True
179,ATOMUSDT,-1,2022-03-23 12:00:03,2022-03-24 06:17:12.198,18.285888333333332,27.499499,28.582979048331488,28.588695644141154,-87.17543801065479,-0.9954819610217959,-84.5976855111146,2.6138153162229085,0.036062816682724,0.11952135177700961,1.0064800008817179,-0.1342904285354074,1.8869689853092377,1.287328055301839,2.317218054858606,-0.0001,3.9229895590877235,against,True,1,6,12,Wednesday,2022,0,3,FALSE_BREAKOUT,False,False,False,False,True,False,False,False,False
180,SOLUSDT,1,2022-03-24 08:00:03,2022-04-04 15:03:13.023,271.05278416666664,97.08941399999999,91.8359575324488,130.47390000000001,282.4319488659017,6.387024980474473,287.2533577650002,1.396967178717,-3.42444172038155,8.847619902647857,0.08554634511123627,7.536102420289876,2.2812195495208263,1.8952845838564967,1.3163609248968728,0.0001,5.392028914753466,with,True,1,6,8,Thursday,2022,1,3,WIN,False,False,False,False,False,False,False,False,True
183,DOGEUSDT,1,2022-03-27 04:00:03,2022-03-29 16:14:18.095,60.23752638888889,0.141158226,0.13367635041748105,0.14035192400000002,-6.394919817225855,-0.14149033083605764,-4.728023823294689,0.990437847629766,-0.6764581463014,1.7003455697290422,0.6774004651776997,0.9291485702117912,2.654611797740378,2.2797956582820937,1.1342094725023402,0.0001,5.274694998950492,with,True,1,5,4,Sunday,2022,0,3,GAVE_BACK,False,False,False,True,False,False,False,False,False
184,FILUSDT,1,2022-03-27 16:00:03,2022-03-31 14:01:18.461,94.02096138888889,20.084016,19.140627061426414,24.655068,209.69025674458186,4.629274106034056,212.2481146212001,1.24642461676824,-1.3114332598500003,8.576509294494882,0.00531700107442636,5.824728036676462,2.6328901746999347,1.6535574435919433,3.3635522381800276,0.0001,4.668656930837656,with,True,1,6,16,Sunday,2022,0,3,WIN,False,True,False,True,False,False,False,False,True
186,ETHUSDT,1,2022-03-29 12:00:03,2022-03-29 22:34:14.954,10.569987222222222,3464.482758,3340.4804744489766,3339.812378354087,-94.73691229011376,-0.9960534906416122,-91.53299273602951,2.9974280934667017,-0.20649146061755996,0.125136743902099,1.03613219305863,0.1502975708695806,1.9065918308509848,3.0944004876349696,1.7578998133355115,0.0001,3.5602380492818164,with,True,1,6,12,Tuesday,2022,0,3,LATE_ENTRY,False,False,False,False,False,False,False,True,False
188,XTZUSDT,1,2022-03-31 08:00:03,2022-03-31 14:04:04.777,6.067160277777778,4.012802399999999,3.7936916920402153,3.7929329537018073,-46.078409704157984,-0.9956622217904145,-45.11736428900137,0.9610454151566148,0.0,0.0511047593441036,1.5280056511955122,0.5576979835345571,2.0338209028755347,1.6627860084320265,2.774376884244228,0.0001,5.441383548349562,with,True,1,3,8,Thursday,2022,0,3,FALSE_BREAKOUT,False,True,False,False,False,False,True,False,False
189,LINKUSDT,1,2022-03-31 12:00:03,2022-03-31 14:05:18.775,2.087715277777778,17.857570799999998,16.958937503476378,16.95554571597568,-46.12709714632102,-0.9953705448390046,-45.08312349702693,1.0439736492940876,0.0,0.1529313464476007,1.0066072596011606,0.12956252617214498,1.292838610641113,2.2781791489595995,1.4681024838601955,0.0001,4.991946759235978,with,True,1,4,12,Thursday,2022,0,3,FALSE_BREAKOUT,False,False,False,False,False,False,True,False,False
190,XRPUSDT,-1,2022-03-31 16:00:03,2022-04-02 08:14:08.888,40.234968888888886,0.8228354,0.8677818376470301,0.84306858,-20.578523984311044,-0.45002299806384727,-19.999084130717964,0.9879777825250787,0.408537928932,0.5080580618942295,0.4575357041974355,0.4457616898883176,1.7635801065858314,0.8773139616518328,3.3732614356784163,-0.0001,5.428482280042522,against,False,1,2,16,Thursday,2022,0,3,CHOP,False,True,False,False,True,True,False,False,False
191,ETHUSDT,1,2022-04-01 20:00:03,2022-04-04 18:10:06.647,70.16767972222222,3469.973856,3326.828774072234,3411.2176200000004,-40.81942570227127,-0.44226525421177226,-36.46999568519983,2.56269332949192,-1.7867366875795203,0.7686337701460211,0.45369254133908593,0.5939159268000599,2.6234506797625246,1.7225739733871754,1.3564561756682343,0.0001,4.106351038044263,with,True,1,3,20,Friday,2022,0,3,CHOP,False,False,False,False,False,False,False,False,False
192,DOTUSDT,1,2022-04-02 12:00:03,2022-04-04 10:02:19.417,46.03789361111111,23.2056402,21.903968941354478,22.409517200000003,-28.604472396475213,-0.6200105683137009,-27.434637416899925,0.9431472051307319,-0.22668777444455795,0.49348850236458036,0.6104768732674305,-0.07808438522777673,3.316278550061774,1.881899344718628,1.27684485027938,9.429e-05,5.586340770023807,with,True,2,4,12,Saturday,2022,0,3,LATE_ENTRY,False,False,False,True,False,False,False,True,False
193,LINKUSDT,1,2022-04-02 12:00:03,2022-04-04 15:04:18.545,51.07098472222222,17.6365266,16.72450146696337,17.14657,-25.517436291866197,-0.5546054995686684,-23.975634255719964,1.0212498033862318,-0.5205522327600001,0.7537877796317172,0.5981486477062791,0.027930589933617696,1.9989097127690871,1.1689466536926423,0.6660197043259324,0.0001,5.184525954059907,with,True,2,4,12,Saturday,2022,0,3,CHOP,False,False,False,True,False,False,False,False,False
194,LINKUSDT,-1,2022-04-06 04:00:03,2022-04-10 16:43:07.555,108.71793194444444,16.380723200000002,17.30241034256039,15.633126,35.95971184285247,0.7906401028706413,35.871059330960065,0.921649265726736,1.0103017776191379,1.4915291062660483,0.2975812369890243,3.1254891893116143,2.557198116442178,1.7004386452045148,1.610730876919547,-0.0001,5.599086619227266,with,False,2,2,4,Wednesday,2022,0,3,WIN,False,False,False,False,False,True,False,False,True
195,LTCUSDT,-1,2022-04-06 04:00:03,2022-04-10 16:55:20.000,108.92138888888888,119.936008,124.63212852212082,113.112618,125.05430836423196,1.3748990775192502,126.96827644200008,2.60191333372968,0.68794525596156,2.230779203952143,0.26276838385798407,3.9045011544378454,2.1489134882450847,1.404070964431049,2.851900677692287,-8.034e-05,3.8947386813277993,with,True,2,2,4,Wednesday,2022,0,3,WIN,False,True,False,False,False,False,False,False,True
196,BTCUSDT,-1,2022-04-06 16:00:03,2022-04-10 17:10:05.088,97.16724666666667,44150.56812,45716.27943923156,42896.77763999999,69.5717793649206,0.7592211392615158,70.2122668800006,2.9247908175359996,2.284303302456,1.326277771958096,0.09390740054951974,3.202294100077644,2.0311142406510214,1.7953862897564146,2.35296581350547,-0.0001,3.525590110444344,self,True,2,4,16,Wednesday,2022,0,3,WIN,False,False,False,False,False,False,False,False,True
197,ETHUSDT,-1,2022-04-06 16:00:03,2022-04-08 08:00:07.978,40.00138277777778,3255.1888320000003,3399.1464504628852,3287.327334,-22.3727261444557,-0.2439185338165142,-19.76196487979987,2.41379591428404,-0.19696535037179003,0.7978656025739489,0.2418153924168641,0.7237465659162884,2.72367362906032,1.9700439100130902,2.1104595457168753,-6.028e-05,4.401520052056774,with,False,2,4,16,Wednesday,2022,0,3,CHOP,False,False,False,False,False,True,False,False,False
198,DOTUSDT,-1,2022-04-11 00:00:03,2022-04-13 13:59:16.119,61.9869775,19.213156599999998,20.266218385413875,18.0216036,48.8144264091278,1.0551605654384562,50.861916426199954,0.9536283798246478,-1.09386163724751,2.139624313795087,0.05967684030553164,1.6752640960251368,1.0102758536602214,1.2580793649353745,1.8844046426849113,0.00012356,5.459844853066949,with,True,3,3,0,Monday,2022,0,3,WIN,False,False,True,False,False,False,False,False,True
199,LTCUSDT,-1,2022-04-11 00:00:03,2022-04-13 08:56:14.615,56.93655972222222,110.207954,114.65054509943403,105.751146,85.73972632648601,0.9267498232073706,89.2694185591999,2.5953835062539996,-0.9343087264599,1.9375976333038252,0.07924339470379148,1.0709862540818011,1.0813146099588486,1.2464526152454487,1.5051309191678128,-1.688e-05,4.0102922066896705,with,True,3,3,0,Monday,2022,0,3,WIN,False,False,True,False,False,False,False,False,True
200,BTCUSDT,-1,2022-04-11 00:00:03,2022-04-13 14:15:07.226,62.251173888888886,42131.871940000005,43400.955471501504,40708.14,94.97155883202635,1.0268813998743076,98.52225024800035,3.4395172957487996,-0.11117412022519994,2.36010622283965,0.21119812317072864,2.056501306034733,0.9318114327811976,1.4714148182552196,2.247823186205247,-2.43e-06,2.9913229857844263,self,True,3,3,0,Monday,2022,0,3,WIN,False,False,True,False,False,False,False,False,True
201,XRPUSDT,-1,2022-04-11 04:00:03,2022-04-14 00:46:04.651,68.76712527777778,0.73795238,0.765875544842113,0.72594516,36.362531912293264,0.39141571062723807,38.32721914396795,2.8036692166827457,0.8389819850080609,2.107654355542116,0.22016200651898668,1.0905776681184955,1.96563429230926,1.7343831990964071,2.2776364933510984,-0.0001,3.7490578220147674,with,True,3,6,4,Monday,2022,0,3,WIN,False,False,True,False,False,False,False,False,True
202,LINKUSDT,-1,2022-04-11 04:00:03,2022-04-14 01:51:19.565,69.8546013888889,14.882023,15.658521012051036,14.322864,32.09830137772494,0.691213257367924,32.44497731140006,1.01676113173212,0.6700851980570001,1.7798152455658391,0.14420770982300954,2.0142009067979485,1.641379302594594,1.1727836341882487,1.948760973962702,-0.0001,5.189580895143334,with,True,3,6,4,Monday,2022,0,3,WIN,False,False,True,False,False,False,False,False,True
203,ADAUSDT,-1,2022-04-11 04:00:03,2022-04-14 01:51:12.857,69.85273805555556,1.0109977600000002,1.0641655793410154,0.98109618,23.94262905692371,0.5156369820627472,25.342937611258176,1.0130336745520165,-0.3872748797824494,1.8036805193178538,0.2614784689744673,1.6739027686874617,1.5179669702534444,1.5047508399154224,1.9993957644693634,-4.445e-05,5.237893526603581,with,True,3,6,4,Monday,2022,0,3,WIN,False,False,True,False,False,False,False,False,True
204,LINKUSDT,-1,2022-04-14 16:00:03,2022-04-16 01:24:07.205,33.40116805555556,13.4982998,14.195293085904726,14.198132144521907,-47.10536820751308,-0.9923227593565502,-46.23064474617936,1.0977691294094034,0.22304566807568005,0.2586822622917573,1.044056255226929,0.5212385934656769,1.69581355628556,3.445072684617597,1.6047796822081517,-7.841e-05,5.126957608714559,with,True,1,1,16,Thursday,2022,0,3,LATE_ENTRY,False,False,False,False,False,False,False,True,False
205,ADAUSDT,-1,2022-04-14 20:00:03,2022-04-17 13:49:12.500,65.81930555555556,0.92701456,0.9768904404396276,0.96209238,-33.36564544352302,-0.7032546274156396,-32.40425871523993,1.047073792348248,0.08568706406516402,0.05843626166214652,0.7054600277701437,1.0829795789847196,1.4720579077911526,2.605340845022151,0.7733749587705576,0.00015486,5.347831385703396,with,True,2,3,20,Thursday,2022,0,3,WHIPSAW,False,False,False,False,False,False,False,False,True
206,ETHUSDT,-1,2022-04-14 20:00:03,2022-04-16 22:01:05.174,50.017270555555555,2993.111258,3111.6040995905946,3063.4225619999997,-57.71822152882019,-0.6083434632776518,-54.11157955839987,2.796665056723199,-0.80997691369712,0.10052301759421674,0.8176759093579757,0.9894374750930606,1.5430797693162384,2.2466773224427867,0.8749771354370743,3.051e-05,3.938060119069463,with,True,2,3,20,Thursday,2022,0,3,FALSE_BREAKOUT,False,False,False,False,False,False,False,False,False
207,ATOMUSDT,-1,2022-04-18 00:00:03,2022-04-18 23:53:18.288,23.88758,23.1823626,24.126063789427537,24.130889002185423,-93.24344860785368,-0.9929733224599878,-90.81400450331711,2.717924878528054,0.288480773991478,0.807843211962529,1.0041710348747677,0.31404283826301016,2.0765362502037643,2.0041237040428146,2.0573025684591277,-2.628e-05,4.049958120617317,with,True,6,6,0,Monday,2022,0,3,CHOP,False,False,True,False,False,False,False,False,False
208,ADAUSDT,-1,2022-04-18 00:00:03,2022-04-19 13:52:15.714,37.870198333333335,0.91361724,0.9485407062834725,0.9461892,-87.55884678978502,-0.9326674943537294,-84.04108980292789,2.879166498548515,-0.6385904883086255,1.1630357556810456,0.9358395221916184,0.6762570418497318,2.1131208873453176,1.971668806088598,1.952188259104026,4.606e-05,3.7904263358652477,with,True,6,6,0,Monday,2022,0,3,GAVE_BACK,False,False,True,False,False,False,False,False,False
209,AXSUSDT,-1,2022-04-18 00:00:03,2022-04-19 11:15:19.421,35.25456138888889,45.360926,47.665373805810795,47.67490688057195,-48.44285388004565,-1.0322920226368784,-45.68284194233957,1.1020336297869235,-1.6579783079191501,1.2414800599024254,1.0020075066042033,0.5037762179176529,1.7426355523766528,1.9517518186618528,1.038527649986401,0.0004775,5.059232545318048,with,True,6,6,0,Monday,2022,0,3,GAVE_BACK,True,False,True,False,False,False,False,False,False
210,ALGOUSDT,-1,2022-04-18 00:00:03,2022-04-18 21:37:03.709,21.61686361111111,0.70955806,0.7393040111237474,0.7394518719259722,-93.21836014013323,-0.99331345461706,-90.84513013104602,2.6420617648823743,0.268831755795158,0.7684427337659228,1.0301213725701721,-0.25018329281321133,2.2573201901484636,1.5692781502083168,1.8716355132002862,-0.0001,4.15666541613799,with,True,6,6,0,Monday,2022,0,3,CHOP,False,False,True,False,False,False,False,False,False
211,DOTUSDT,-1,2022-04-18 00:00:03,2022-04-19 12:12:20.000,36.20472222222222,17.7134566,18.506312585843222,18.388677,-80.39602530531697,-0.8568884324833791,-77.14507857468007,2.4748380824562717,-0.7761086481806311,0.805261751692506,0.8469929116897543,-0.36897419610053467,2.199635057386807,1.0440021062452949,1.1882062399262556,0.00012169,4.449218793561484,with,True,6,6,0,Monday,2022,0,3,CHOP,False,False,True,False,False,False,False,False,False
212,AVAXUSDT,-1,2022-04-18 00:00:03,2022-04-19 11:51:00.960,35.84943333333333,75.344928,78.5739200231192,78.58963480712382,-93.18274455346041,-0.9933986154178086,-90.86606730941828,2.586507042405491,0.2698297983633601,1.184557896895986,1.0855003589058425,0.41341941709427055,1.4731953250833052,1.8102823909921923,1.3632860505771038,-0.0001,4.250922148227675,with,True,6,6,0,Monday,2022,0,3,GAVE_BACK,False,False,True,False,False,False,False,False,False
213,ALGOUSDT,1,2022-04-20 12:00:03,2022-04-20 15:01:19.102,3.0211394444444446,0.76875372,0.7365871877074335,0.736439870269892,-89.69810148660254,-0.9946230247284449,-87.25935362707666,2.43874785952588,0.0,0.06983283058208757,1.0089281525537612,0.16309746889354415,1.6607749738290924,2.462960621565405,1.2581475993381517,0.0001,4.152610578082829,with,False,5,5,12,Wednesday,2022,0,3,FALSE_BREAKOUT,False,False,True,False,False,True,True,False,False
214,ETHUSDT,1,2022-04-20 12:00:03,2022-04-20 18:40:07.707,6.667974166666666,3151.910256,3044.7071048130883,3044.0981633921256,-89.5780668111391,-0.9935879348762574,-86.59467278264484,2.9859803774734535,0.0025863489791999998,0.08320412134572405,1.1233835448551925,0.26202349174442274,2.0939570050955703,2.3720504078692572,1.2977810773233758,6.595e-05,3.3821988832164447,with,False,5,5,12,Wednesday,2022,0,3,FALSE_BREAKOUT,False,False,True,False,False,True,True,False,False
215,BTCUSDT,1,2022-04-20 12:00:03,2022-04-20 18:40:17.602,6.670722777777778,42079.11414,40839.47368029646,40831.305785560406,-89.50706122627257,-0.9939703740818334,-85.9739956208879,3.427516759722667,-0.10554884566200001,0.06524945145735743,1.031842846034488,0.7154379748238482,2.2890763844621027,2.84985380710848,1.4508791148476463,9.543e-05,2.9267955914875388,self,False,5,5,12,Wednesday,2022,0,3,FALSE_BREAKOUT,False,False,True,False,False,True,True,False,False
216,DOTUSDT,1,2022-04-20 12:00:03,2022-04-21 20:35:19.242,32.587845,19.2628518,18.441115701794725,18.5252942,-80.67619942323503,-0.8953660202575636,-77.95025007119987,2.3962294717812,-0.32971988025395993,0.5027747970453544,0.8991351379277358,-0.01929062144722795,2.5144319758779936,2.5144319758779936,1.2978269235081143,-5.443e-05,4.241791973233326,with,False,5,5,12,Wednesday,2022,0,3,CHOP,False,False,True,False,False,True,False,False,False
217,SOLUSDT,1,2022-04-20 12:00:03,2022-04-20 18:40:13.800,6.669666666666667,110.37207,104.53239817151528,104.51149169188098,-44.920157340941294,-0.9973085145701723,-43.87580556156383,0.9652483637774615,-0.0791034156,0.047593427877972,1.0552082687151523,-0.07056389675700743,2.7804600034447686,2.6114245938060687,1.1178627791115097,0.0001,5.254782768498789,with,False,5,5,12,Wednesday,2022,0,3,FALSE_BREAKOUT,False,False,True,False,False,True,True,False,False
218,BTCUSDT,-1,2022-04-22 16:00:03,2022-04-25 18:48:06.647,74.80101305555556,39406.6171,40933.76182663357,39938.58612,-33.389951039977426,-0.3831640494410749,-29.151902295999825,2.6088702818735996,-1.6291784621039997,0.8483918239079129,0.5522612790335513,1.135987355844279,3.573812812313085,1.9200061170991716,2.2264714437881996,4.15e-06,3.854312428982074,self,True,2,2,16,Friday,2022,0,3,WHIPSAW,False,False,False,False,False,False,False,True,True
219,AVAXUSDT,-1,2022-04-22 16:00:03,2022-05-02 15:35:16.000,239.58694444444444,73.705256,77.62708351898523,61.122222,161.66540963487952,3.707829906099629,163.73735936320006,1.33668620844864,-0.7352635198719198,4.800123388616297,0.3148389351705816,3.9867270868775067,2.6464752928254676,1.5715046709814633,1.5610412227610928,-0.0001,5.299896254727663,with,True,2,2,16,Friday,2022,1,3,WIN,False,False,False,False,False,False,False,False,True
220,XRPUSDT,-1,2022-04-23 04:00:03,2022-04-26 01:16:15.951,69.27026416666666,0.7122575200000001,0.744175796292342,0.7044188065171,19.250580142356718,0.22081924850640527,20.67171824523058,2.2415770595775175,0.8204389567036553,2.132242962516401,0.12978395080168684,2.702449192743398,1.2046757874790883,2.0579878036101062,1.0358530843765905,-0.0001,4.475052125837696,with,True,1,3,4,Saturday,2022,0,3,WIN,False,False,False,True,False,False,False,False,True
221,DOTUSDT,1,2022-04-23 16:00:03,2022-04-24 16:51:18.945,24.854429166666666,18.8997792,18.04449096658339,18.040882068390072,-43.191715824625916,-0.9928006699521807,-42.19658539943788,1.088910215593489,0.09377979040544798,0.4059693404327089,1.0110968048110232,-0.531726244126262,1.646488698275565,0.21726134749000217,1.2070424385679348,-0.00017228,4.506292513847435,against,False,1,4,16,Saturday,2022,0,3,CHOP,False,False,False,True,True,True,False,False,False
222,DOGEUSDT,-1,2022-04-24 12:00:03,2022-04-25 11:31:12.052,23.519181111111113,0.13262347,0.13712652193067776,0.131524006558734,17.25711090023298,0.19783637539386176,20.339396393941012,2.9319393608946105,-0.15034613281342232,2.3103153506013747,0.2213010232484717,0.24727007752549154,1.136738007481348,3.026843557175824,0.8293262662205417,-0.0001,3.3824803458065045,with,True,1,5,12,Sunday,2022,0,3,WIN,False,False,False,True,False,False,False,True,False
223,XTZUSDT,-1,2022-04-24 16:00:03,2022-05-04 10:34:20.000,234.5713888888889,2.9854028,3.1278938453235137,2.585517,126.67048276382909,2.917051771208369,126.51662812312016,1.443582590900712,1.5974372316096412,4.213617765501249,0.2006947168860485,4.143437916814645,1.1057159224897772,1.7985379245561564,1.695994569749966,-0.0001,4.787063494925079,with,True,1,6,16,Sunday,2022,1,3,WIN,False,False,False,True,False,False,False,False,True
224,ATOMUSDT,-1,2022-04-25 04:00:03,2022-05-03 06:33:12.051,194.55251416666667,21.8126366,22.772673134805782,18.6727338,290.6739415746137,3.282848751331957,290.87563722346016,2.5192344237727555,2.3175387749262963,4.798397178636481,0.5045260075419818,4.894226864970877,2.7561724862500174,2.9120835342573272,2.6245799439374857,-0.0001,4.380405806507687,with,True,1,6,4,Monday,2022,1,3,WIN,False,True,False,False,False,False,False,False,True
225,DOTUSDT,-1,2022-04-26 16:00:03,2022-04-28 08:36:09.041,40.60167805555555,17.0745844,18.00198912777034,17.2604514,-10.43981902467897,-0.23632925139211006,-8.600028916600081,0.9532051436753037,-0.886584964403586,0.77914677202178,0.2398258207446616,3.1707671008640728,0.8701401086180711,2.1656098971949675,2.2456975723996124,0.00017371,5.4104059478296165,with,True,1,4,16,Tuesday,2022,0,3,WHIPSAW,False,False,False,False,False,False,False,False,True
226,LINKUSDT,-1,2022-04-26 20:00:03,2022-04-28 08:20:12.941,36.33609472222222,12.502499,13.1798015197473,12.8345664,-21.811626768673673,-0.4921670781908614,-21.10464322721998,0.966182875569972,0.25919933411628,0.55440366609015,0.49534881418302323,2.7602126752717617,2.5518614727555042,1.7753368434152672,1.72933991794562,-6.19e-05,5.396253656515794,with,True,1,5,20,Tuesday,2022,0,3,WHIPSAW,False,False,False,False,False,False,False,False,True
227,XRPUSDT,-1,2022-04-29 12:00:03,2022-05-02 06:07:06.666,66.117685,0.61867624,0.6502531852867044,0.6266252999999999,-11.579529125533242,-0.25989315663591456,-10.875178142821934,1.0222247225984387,0.31787373988713213,1.8296969347547036,0.32060605951845145,0.7307939317903658,1.8817864743401198,2.570711692064641,1.8063154404407744,-0.0001,5.065953350574305,with,True,3,6,12,Friday,2022,0,3,GAVE_BACK,False,False,True,False,False,False,False,False,False
228,LINKUSDT,-1,2022-04-29 12:00:03,2022-05-03 11:53:14.411,95.88650305555555,12.1635668,12.822206068036078,11.4782952,44.68867131896467,1.003101720852389,45.021590321240005,0.9319465964110799,0.599027594135745,2.323831684927966,0.3954109823675652,2.5546105154298746,1.8502568055005337,1.8867750319248877,1.1589005931671472,-0.0001,5.40243376930603,with,True,3,6,12,Friday,2022,0,3,WIN,False,False,True,False,False,False,False,False,True
229,DOTUSDT,-1,2022-04-29 12:00:03,2022-05-04 06:41:19.245,114.68784583333333,16.3437306,17.255683104411805,15.2820558,47.55179911264353,1.067469946434211,50.41415871540003,0.9010597680583201,-1.9612998346981803,2.4230764094729293,0.3347426521920618,2.83318548663504,1.8246184967566081,2.0348127867931085,1.1918762157354805,9.53e-05,5.55871477587205,with,True,3,6,12,Friday,2022,0,3,WIN,False,False,True,False,False,False,False,False,True
233,BTCUSDT,-1,2022-05-03 20:00:03,2022-05-04 08:37:09.387,12.618440833333333,37699.75854,38939.953410379356,38919.38232,-89.52074689653159,-0.9695052270174973,-86.59328837999959,3.2639754006359993,0.33651688410399994,0.1488947780791258,0.9960059418905348,2.0156175450357825,1.3703770952778562,1.0736189011903328,1.8066561639108227,-0.0001,3.2690047030133424,self,True,3,5,20,Tuesday,2022,0,3,WHIPSAW,False,False,True,False,False,False,False,False,True
234,LTCUSDT,-1,2022-05-03 20:00:03,2022-05-04 08:03:12.941,12.05276138888889,97.890418,102.23717156231866,101.900376,-84.51009662907896,-0.915429254645559,-82.20253501679996,2.45737881640944,0.14981720413044,0.1266273765256631,0.945437081049483,1.2562060217389608,1.235828447868573,-0.05072430196476129,1.6102042921263304,-0.0001,4.430205885923045,with,True,3,5,20,Tuesday,2022,0,3,WHIPSAW,False,False,True,False,False,False,False,False,True
235,ETHUSDT,-1,2022-05-03 20:00:03,2022-05-04 11:27:01.221,15.449505833333333,2771.935502,2879.949020078379,2880.5250098823944,-91.46023811597516,-0.991045933946671,-89.11940911908127,2.7833846052611286,0.44255560836724,0.1753067795297569,1.1208272830457273,1.3140531345067894,1.2735166739191242,0.481730419957718,1.525427386997531,-8.725e-05,3.87852562304336,with,True,3,5,20,Tuesday,2022,0,3,WHIPSAW,False,False,True,False,False,False,False,False,True
236,LTCUSDT,1,2022-05-04 20:00:03,2022-05-05 14:35:11.924,18.585812222222224,106.501296,101.79286673440261,101.77250816105573,-89.56644806623375,-0.9991932047896677,-86.88201896492309,2.295968762310646,-0.38846033900000004,0.1398988840743318,1.019723506325378,-0.9114071292001322,3.6610864312203164,2.656207812860898,2.6595504634454774,0.0001,4.401890745301837,with,True,4,4,20,Wednesday,2022,0,3,LATE_ENTRY,False,True,True,False,False,False,False,True,False
237,ETHUSDT,1,2022-05-04 20:00:03,2022-05-05 14:48:10.352,18.802042222222223,2955.220926,2835.612930942162,2835.045808355974,-89.53732892391986,-0.999197878528929,-86.61020728604966,2.50382714127021,-0.42329449660000007,0.020977477289764485,1.0450883817553713,-0.9531212854531482,3.061913748043193,1.9544255445154732,2.872773154227707,0.0001,4.028154762452081,with,True,4,4,20,Wednesday,2022,0,3,LATE_ENTRY,False,True,True,False,False,False,False,True,False
238,BTCUSDT,1,2022-05-04 20:00:03,2022-05-05 14:23:10.575,18.3854375,39863.171039999994,38530.89975242614,38523.19357247566,-89.41541274630546,-0.9992005135501907,-85.89255566830965,3.0147395829958135,-0.508117495,0.05609139872412454,1.0982530762668614,-0.8779525993763911,3.24382632100989,1.7282334607978367,3.621812485010372,0.0001,3.322779079201349,self,True,4,4,20,Wednesday,2022,0,3,LATE_ENTRY,False,True,True,False,False,False,False,True,False
239,ADAUSDT,1,2022-05-04 20:00:03,2022-05-05 15:02:14.272,19.036464444444444,0.86687334,0.8199163477930884,0.8197523645235298,-44.753339397748974,-0.999300457987819,-43.65169836911264,0.9374688334143332,-0.164172195222,0.8247261628120148,1.0195146185907877,-0.9854408859089797,4.442668690117907,2.6754547704711986,3.7161189789536317,0.0001,5.386989638461992,with,False,4,4,20,Wednesday,2022,0,3,LATE_ENTRY,False,True,True,False,False,True,False,True,False
240,XRPUSDT,-1,2022-05-08 00:00:03,2022-05-15 20:12:14.418,188.20317166666666,0.5803839000000001,0.6097912865932867,0.43528703999999996,210.26316560420963,4.81760329538654,212.33073978274817,1.0599423896685096,-1.0076317888700184,8.327292165972471,0.08215962993976096,6.025149478615989,1.4630186352516341,2.2013326907158337,1.458873497740843,5.12e-05,5.063970812075582,with,True,1,1,0,Sunday,2022,1,3,WIN,False,False,False,True,False,False,False,False,True
241,ETHUSDT,-1,2022-05-08 04:00:03,2022-05-15 12:01:07.155,176.01782083333333,2544.401018,2664.7548512710996,2089.4178,158.77136840885186,3.6354473436345405,159.69910951799994,0.9758822430707998,0.04814113392270012,6.389252399363769,0.2766757077441242,4.722749600502251,2.0641687763490504,3.2473652048650807,1.8440907945603673,-9.867e-05,4.709198017654843,with,True,2,3,4,Sunday,2022,0,3,WIN,False,False,False,True,False,False,False,True,True
242,BTCUSDT,-1,2022-05-08 04:00:03,2022-05-15 12:01:06.751,176.01770861111112,34468.80486,35898.97620042447,30358.27044,240.69615197094578,2.7559502573489456,241.6994238959998,2.2870992165839996,1.28382729153,5.480325775283504,0.34177383239614373,3.7873118464200144,1.8554374753209646,3.7029355218812765,1.6911078301973865,2.659e-05,4.128346053668163,self,True,2,3,4,Sunday,2022,0,3,WIN,False,False,False,True,False,False,False,True,True
244,LTCUSDT,1,2022-05-23 12:00:03,2022-05-23 19:54:08.892,7.901636666666667,73.304658,69.33658048107132,69.32271316497511,-45.77372136042467,-0.9965770363231738,-44.768209391217844,0.9621186051201492,-0.04339336408668001,0.12231162261442857,1.067181268460527,-0.41195213354635624,0.8266936815501804,1.673674324610798,2.4048734197581223,8.955e-05,5.381303928669048,with,False,1,1,12,Monday,2022,0,3,FALSE_BREAKOUT,False,False,False,False,False,True,True,False,False
245,BTCUSDT,-1,2022-05-23 20:00:03,2022-05-29 12:06:06.980,136.10110555555556,29056.78748,30295.481500981365,29271.55314,-15.486647225728866,-0.16924342440779963,-15.291314992000066,2.4917867112864,2.2964544775576,0.8918162688189959,0.9606186030164928,-0.008971158180935126,1.4113945886385988,1.1039347949301106,2.238268206724575,-0.0001,4.241440951943254,self,True,3,3,20,Monday,2022,0,3,CHOP,False,False,True,False,False,False,False,False,False
246,XRPUSDT,-1,2022-05-23 20:00:03,2022-05-29 12:11:14.000,136.1863888888889,0.40801838,0.428048327417589,0.38867772,40.184451458291946,0.8783728418673125,42.78007970017002,1.0573389735866698,-1.538289268291409,1.7233385230801053,0.3635366508054703,1.179153370081234,0.9023312893956665,1.2783026599771916,1.9483738787316198,-6.868e-05,4.888097872479541,with,True,3,3,20,Monday,2022,0,3,WIN,False,False,True,False,False,False,False,False,True
247,DOGEUSDT,-1,2022-05-23 20:00:03,2022-05-27 15:27:07.953,91.45137583333333,0.08363327000000001,0.08792832802414735,0.08257601739506197,9.149448141688655,0.20001415816082851,10.919930374441146,1.0300247097783737,-0.7404575229741165,2.035658179899847,1.4637124724870365,1.1835160250271939,0.5917815597366065,0.8031321167853889,1.9995116529749242,-0.0001,5.089432322394351,with,True,3,3,20,Monday,2022,0,3,WIN,False,False,True,False,False,False,False,False,True
248,ETHUSDT,-1,2022-05-26 12:00:03,2022-05-29 12:06:07.108,72.1011411111111,1815.3168640000001,1915.0758793247314,1809.691866,1.8006168025025544,0.03901893774028418,2.5284366010001045,0.9776648544809999,0.24984505598345,1.2063758208544069,0.9290702769900211,0.3099154888343752,2.566360550744059,2.538288152341421,2.415414409373077,-3.287e-05,5.473725103114037,with,True,1,4,12,Thursday,2022,0,3,WIN,False,False,False,False,False,False,False,False,False
249,BTCUSDT,1,2022-05-30 04:00:03,2022-06-01 16:00:17.602,60.00405611111111,30351.66912,29388.634320686528,30703.95798,26.357034864218054,0.28726421564414883,31.952599602000053,3.3226472267819998,-2.272917511,2.155509729741668,0.131115843466936,0.41362044267140063,2.8751292334473844,2.3941297473109366,1.660770149595145,0.0001,3.1535566253871097,self,True,1,1,4,Monday,2022,0,3,WIN,False,False,False,False,False,False,False,False,False
250,ETHUSDT,1,2022-05-31 00:00:03,2022-06-01 14:35:05.819,38.58411638888889,1998.269574,1896.5222553687645,1911.557612,-39.6737442272025,-0.8560797712193339,-38.29200241919994,1.03594781120256,-0.3457939968,0.18182716015398376,0.931813980706655,-0.7692544142973801,3.659084879977751,2.8339061815834614,1.924778217238013,7.761e-05,5.07278975264834,with,True,4,5,0,Tuesday,2022,0,3,LATE_ENTRY,False,False,True,False,False,False,False,True,False
251,XRPUSDT,1,2022-05-31 00:00:03,2022-06-01 16:02:06.666,40.034351666666666,0.41868372000000004,0.4011028639528081,0.40611876,-66.6467904438521,-0.7190997560418657,-63.80731830369607,2.5131047474423083,-0.3263673927137184,0.8882548129670993,0.7897067106819056,-0.4768664266117521,3.4062717372289657,2.383247171853152,2.149366921324885,3.066e-05,4.179917832582884,with,True,4,5,0,Tuesday,2022,0,3,LATE_ENTRY,False,False,True,False,False,False,False,True,False
252,LTCUSDT,1,2022-05-31 00:00:03,2022-06-01 14:35:15.600,38.58683333333333,69.06380999999999,65.5078826468327,66.596678,-32.317967658356544,-0.7025626235314639,-30.953378211599905,1.0212223083566399,-0.34336713840000005,0.43763267509216824,0.7209961693161094,-0.501644106539785,3.059642920494827,2.0909421053381627,1.50636738537328,0.0001,5.184711757370536,with,True,4,5,0,Tuesday,2022,0,3,LATE_ENTRY,False,False,True,False,False,False,False,True,False
253,DOGEUSDT,1,2022-05-31 00:00:03,2022-05-31 14:01:13.296,14.019526666666666,0.08796759,0.08347413504453015,0.08345744021752124,-46.19913895442127,-0.9972890055548017,-45.08465512143985,1.0281660795254208,-0.08631775345600001,0.11403474722190146,1.0320766639386676,0.34103157040321647,2.3593205123614993,2.1761156998485767,1.2532382997992273,0.0001,5.089101711733774,with,True,4,5,0,Tuesday,2022,0,3,FALSE_BREAKOUT,False,False,True,False,False,False,False,False,False
254,LINKUSDT,1,2022-06-05 20:00:03,2022-06-10 13:25:05.853,113.41745916666666,7.5775152,7.155778188666194,8.483303,93.0797477114215,2.0547880370187395,94.57230783141998,1.0061354168171879,-0.4864247031812811,4.966329119125412,0.6461733086648729,3.088381538724101,2.7271311699945713,1.9489707052579,3.5240179993140313,3.093e-05,5.5467504135929975,against,True,1,1,20,Sunday,2022,0,3,WIN,False,True,False,True,True,False,False,False,True
255,BTCUSDT,1,2022-06-06 04:00:03,2022-06-07 00:44:19.916,20.738032222222223,31241.247,30286.2687831366,30280.211529379972,-91.05608885755119,-1.0022820793165808,-86.87760654405042,3.3369239106335695,-0.8415584028671999,0.5641521350816981,1.0002814547304348,0.37461901610178105,3.11742667199053,2.063808974762463,2.527980231856227,6.036e-05,3.0373978449284493,self,True,2,3,4,Monday,2022,0,3,LATE_ENTRY,False,True,False,False,False,False,False,True,False
256,ALGOUSDT,1,2022-06-06 04:00:03,2022-06-07 01:39:05.846,21.650790555555556,0.4070814,0.3842276771772543,0.38415083164181885,-45.48689046928303,-1.0009944514636133,-44.33106473292377,0.9178010784152615,-0.238024657944,0.7840560655687189,1.0712215331339512,1.0859762408292957,2.0024307733093156,1.730170448868137,1.2685233856314617,5.253e-05,5.595165312713923,with,False,2,3,4,Monday,2022,0,3,WHIPSAW,False,False,False,False,False,True,False,False,True
257,ETHUSDT,1,2022-06-06 08:00:03,2022-06-07 00:22:16.975,16.37054861111111,1893.1685579999998,1818.1298258076113,1817.7661998424499,-90.81938192026904,-0.9991753082400374,-87.79096560283546,2.592384803133578,-0.4360315143,0.3486391792031598,1.068362373106986,-0.2421224009144806,2.893764178543942,2.090551049456381,1.2855551984098075,9.597e-05,3.943943521824446,with,False,1,4,8,Monday,2022,0,3,CHOP,False,False,False,False,False,True,False,False,False
258,DOGEUSDT,-1,2022-06-07 04:00:03,2022-06-15 18:45:08.689,206.75158027777778,0.079244148,0.082891727510297,0.058761749999999995,241.58206839614786,5.436421541711576,243.84571470591706,1.16170106929402,-1.1019452404751973,8.121590747061717,0.7747197811652128,7.767931561193837,2.0871609939095137,1.018798902040266,3.699378701729235,-2.637e-05,4.58204328828791,with,True,4,5,4,Tuesday,2022,1,3,WIN,False,True,True,False,False,False,False,False,True
259,ETHUSDT,-1,2022-06-07 04:00:03,2022-06-07 19:40:06.305,15.667584722222223,1755.338862,1845.74766345279,1846.1168129854805,-44.31062410473883,-0.9973718491938,-43.26477143967996,1.0298722648188479,-0.015980400240020003,0.2199881170904104,1.0429420198567438,1.1651394588502135,2.6939066567471706,1.4429025142681158,4.1703930281763695,-0.0001,5.128875289217407,with,True,4,5,4,Tuesday,2022,0,3,WHIPSAW,False,True,True,False,False,False,False,False,True
260,XRPUSDT,-1,2022-06-07 04:00:03,2022-06-07 18:50:05.137,14.833926944444444,0.38822234,0.40361374236605996,0.40369446511453316,-88.95836240273495,-1.0011427980099212,-85.85784860821693,2.6367007503045747,-0.4638130442134592,0.06642279733095685,1.0965641465664915,0.8460788491057821,1.932904400011516,1.1362343432500155,3.721038951165477,-5.932e-05,3.943791492675757,with,True,4,5,4,Tuesday,2022,0,3,FALSE_BREAKOUT,False,True,True,False,False,False,False,False,False
261,LTCUSDT,-1,2022-06-07 04:00:03,2022-06-07 19:48:16.521,15.803755833333334,61.357726,64.448257264722,64.46114691617494,-44.55287011522044,-1.0030579014374845,-43.229101651858834,1.0515563941715154,-0.2722120691901,0.14487023804312701,1.0135066536146973,1.8953783340958725,2.650850561945134,1.24745908797418,3.4344267667230843,-1.847e-05,5.0158990789017475,with,True,4,5,4,Tuesday,2022,0,3,WHIPSAW,False,True,True,False,False,False,False,False,True
262,LTCUSDT,-1,2022-06-09 20:00:03,2022-06-15 01:46:08.125,125.76809027777777,60.157966,63.2034780373579,46.499298,195.00051755079076,4.393204406580207,197.7374396644,1.0995972343223999,-1.6373248792868496,6.523686577589845,0.07290531026520723,6.096828964139791,1.1113029294355914,2.0572333991337435,0.894179813601107,-7.708e-05,5.024057888597364,with,True,1,3,20,Thursday,2022,1,3,WIN,False,False,False,False,False,False,False,False,True
263,FILUSDT,-1,2022-06-10 16:00:03,2022-06-15 19:35:10.000,123.58527777777778,6.938612000000001,7.314616365396615,5.7191436,128.5364355807559,2.8966043674075035,132.21176182572015,1.090972413789048,-2.58435383117521,5.1850780986107035,0.02230825163732182,5.238268970421203,1.5042167636404404,2.2161770111997936,3.1241134171772083,0.00016036,5.382745503480989,with,True,4,6,16,Friday,2022,1,3,WIN,False,True,True,False,False,False,False,False,True
264,XRPUSDT,-1,2022-06-10 16:00:03,2022-06-15 18:45:12.413,122.75261472222222,0.38712256,0.40325883928346823,0.3265653,317.3063250972714,3.5804340475249026,323.48398508954403,2.5530276511671266,-3.6246323411055346,5.820583441204105,0.08536292510821923,5.56649760592729,1.6461578417463376,1.6832892216353557,2.298958568337838,-0.0001,4.174332028795713,with,True,4,6,16,Friday,2022,1,3,WIN,False,False,True,False,False,False,False,False,True
265,ETHUSDT,-1,2022-06-10 16:00:03,2022-06-19 18:58:14.834,218.96995388888888,1725.3748560000001,1812.315972166872,1097.2194,344.02447431529913,7.755723061752187,346.5674005840001,1.0459966180704,-1.4969296506305998,9.746077498863194,0.0521633974803745,7.744607910342946,1.6769833095719338,2.0133730892705337,2.9371605543618613,0.00010846,5.017961903835608,with,True,4,6,16,Friday,2022,1,3,WIN,False,True,True,False,False,False,False,False,True
266,BTCUSDT,-1,2022-06-10 16:00:03,2022-06-16 01:15:13.750,129.2529861111111,29432.31236,30607.433458383464,22984.595999999998,490.216778654516,5.5322696262423605,492.81249670200015,2.5739206535412,-0.021797393942899923,7.941404824436871,0.03224147711424833,10.074801972567997,1.4498387707307956,1.7905748291658783,2.4028459941775604,-3.503e-05,3.971823883197557,self,True,4,6,16,Friday,2022,1,3,WIN,False,False,True,False,False,False,False,False,True
273,BTCUSDT,1,2022-06-26 12:00:03,2022-06-27 13:43:04.755,25.717154166666667,21703.73988,20704.387501002813,20904.61824,-40.36873572602166,-0.7999666377922701,-38.997136032000064,1.2475727257536,-0.124026968268,0.18437952805485594,0.9048258642335664,-0.5060676200195688,0.7444384436398256,1.8463239099614583,0.7119952867351422,0.0001,4.585877550161001,self,False,1,1,12,Sunday,2022,0,3,FALSE_BREAKOUT,False,False,False,True,False,True,False,False,False
274,BTCUSDT,-1,2022-06-28 20:00:03,2022-07-01 00:29:08.509,52.48486361111111,20242.650660000003,21140.844968101555,20434.086,-23.606854532503103,-0.2342366040952825,-20.732447321999604,2.6431743481667995,-0.23123286233669996,1.8700303986006743,0.598255116017995,1.6283232334118112,1.340124957643488,1.793580123134504,1.568146770147263,-2.435e-05,4.416766114318242,self,True,1,1,20,Tuesday,2022,0,3,GAVE_BACK,False,False,False,False,False,False,False,False,True
275,BTCUSDT,1,2022-07-07 16:00:03,2022-07-10 02:30:07.303,58.501195277777775,20886.1764,20008.87897279378,21170.96496,27.330895039383098,0.27158697573273505,31.469135880000096,2.7883884721679997,-1.349852368449,1.9306150314309192,0.07976359878637909,0.6236466482551196,1.6993863306451087,2.052527882099596,1.4924231418953813,0.0001,4.180754755104767,self,True,2,2,16,Thursday,2022,0,3,WIN,False,False,False,False,False,False,False,False,False
276,FILUSDT,1,2022-07-07 16:00:03,2022-07-10 13:32:13.513,69.5362536111111,5.7401478,5.4789768424129175,5.581883400000001,-31.51641494170211,-0.6263939452851025,-29.45355876539987,1.26424178005752,-0.7986143962447199,0.7422425593985272,0.697427469282324,-0.6323360052196247,1.9998218805794288,1.9190598430944938,1.465866236869791,0.0001,4.530809506657642,with,True,2,2,16,Thursday,2022,0,3,CHOP,False,False,False,False,False,False,False,False,False
277,ALGOUSDT,1,2022-07-07 20:00:03,2022-07-08 12:45:08.222,16.751450555555557,0.32486496,0.3101244454561678,0.31006242056707656,-50.706260656420625,-0.9991826753202109,-49.22547186019313,1.2668610023434934,-0.21392779388400002,0.3212262357545238,1.0559305751312966,-0.051895067687447886,2.207753029245291,1.6694428770527647,1.6310842024332703,0.0001,4.518335758569021,with,True,4,6,20,Thursday,2022,0,3,CHOP,False,False,True,False,False,False,False,False,False
278,LINKUSDT,1,2022-07-07 20:00:03,2022-07-08 12:34:10.526,16.56875722222222,6.732346199999999,6.389157022477879,6.387879191073384,-50.69891460022298,-0.9991502246317551,-49.381033617974104,1.1285091593488712,-0.1893718229,0.3078587756258449,1.0441652111156754,-0.4439131825192239,2.6287764721273983,2.0507977165368905,0.9942560205063193,0.0001,5.06453161251295,with,True,4,6,20,Thursday,2022,0,3,CHOP,False,False,True,False,False,False,False,False,False
279,DOGEUSDT,1,2022-07-07 20:00:03,2022-07-10 02:30:08.000,54.50138888888889,0.071124222,0.06773319068294446,0.068146368,-44.86184706547616,-0.8842037599288366,-43.10833287417363,1.2096744071339733,-0.5438397841685599,0.7153511050751157,0.9095233018013101,-0.7443818012839265,1.7702220229128816,1.8622973294737881,0.9583319856248533,0.0001,4.7353154951554695,with,True,4,6,20,Thursday,2022,0,3,CHOP,False,False,True,False,False,False,False,False,False
280,XRPUSDT,1,2022-07-07 20:00:03,2022-07-10 03:44:14.545,55.73654027777778,0.34136826,0.32765545322706074,0.33543290000000003,-46.176687857393425,-0.45510777519215134,-42.23443048998361,2.8895613625014023,-1.0526960049084155,1.285786366857759,0.4498174664119373,-0.03414764079692711,2.0524865442926354,2.3108931236100494,1.124388763118921,-2.55e-05,3.9696795934757465,with,True,4,6,20,Thursday,2022,0,3,GAVE_BACK,False,False,True,False,False,False,False,False,False
281,LTCUSDT,1,2022-07-10 00:00:03,2022-07-10 16:11:14.888,16.186635555555554,54.06081,51.51366655584509,51.50336382253392,-50.177943172569215,-0.9991604555771041,-48.767173924247366,1.2077829368218513,-0.20298631150000002,0.38050075358891455,1.0210693103948436,-0.3811367601725665,2.168484594434929,2.030490120243618,1.0078213269909284,0.0001,4.692568814347654,with,True,1,5,0,Sunday,2022,0,3,CHOP,False,False,False,True,False,False,False,False,False
282,LINKUSDT,-1,2022-07-10 16:00:03,2022-07-14 03:29:06.153,83.48420916666667,6.1507696,6.465910907234911,6.2382474,-14.013075618027777,-0.2835154800881422,-13.304376133079908,1.13053695054372,0.42183746559585006,1.5033560790773959,0.9019141365309176,0.5196703708470813,1.7648319546457247,2.0674655930777495,1.2709059127790103,-0.0001,5.102583017472541,against,True,4,5,16,Sunday,2022,0,3,GAVE_BACK,False,False,True,True,True,False,False,False,False
283,DOTUSDT,-1,2022-07-10 16:00:03,2022-07-14 16:00:10.740,96.00215,6.810637600000001,7.175331119876604,6.5593116,29.494652274019266,0.5968014115002893,33.07015366020008,1.0555524087593038,-2.5199489774215076,2.3873130520514523,0.2861646678978866,0.8929075573105395,2.1963436555366407,1.629367724408136,1.2477449669731075,0.00019416,5.333692305880844,against,True,4,5,16,Sunday,2022,0,3,WIN,False,False,True,True,True,False,False,False,False
284,DOGEUSDT,-1,2022-07-10 16:00:03,2022-07-14 17:55:11.250,97.91895833333334,0.06673665000000001,0.06969265762376882,0.06236247,118.793224171202,1.2019585305709939,124.53213792611238,2.9616379563407285,-2.777275798569646,3.1822143909110916,0.3258956412202174,1.7512302601574334,1.8282792930254512,2.147718426007592,1.020459343974128,-0.0001,4.408475840852151,against,True,4,5,16,Sunday,2022,1,3,WIN,False,False,True,True,True,False,False,False,True
285,ALGOUSDT,-1,2022-07-10 16:00:03,2022-07-13 12:25:16.470,68.42040833333333,0.30773844,0.32228621729359735,0.30766151999999997,-2.0808342861503912,-0.04211770437564517,0.25267347727211775,1.2129114493467215,-1.1205963140757875,1.2330708422306491,0.2585659598772868,1.2674403537999563,1.75339079106775,1.3599133300801023,1.0064985501732902,-0.0001,4.7063733897327324,against,True,4,5,16,Sunday,2022,0,3,COSTS,False,False,True,True,True,False,False,False,True
286,FILUSDT,-1,2022-07-11 04:00:03,2022-07-14 00:03:08.888,68.05163555555555,5.3849228,5.644647701810834,5.3150628,9.848911658369918,0.1989756048263799,12.886361628000047,1.1842303222673278,-1.8532196473628035,1.605247695131127,0.09655292898431678,0.9045062616718255,1.8862966623968689,1.8241963607541736,1.5922689733554487,-2.412e-05,4.782767807886289,against,True,2,6,4,Monday,2022,0,3,WIN,False,False,False,False,True,False,False,False,False
287,ADAUSDT,-1,2022-07-11 04:00:03,2022-07-13 23:40:15.714,67.67019833333333,0.45270943999999996,0.47297680140434967,0.4405881,51.37293647431617,0.5189933045509943,57.15782967540791,2.527391293740508,-3.257501907351234,2.5365630470756138,0.20676396480010703,1.8013908802240253,1.7134203455609827,1.743305584146351,1.2895994584321715,0.00015857,4.432943564660994,against,True,2,6,4,Monday,2022,0,3,WIN,False,False,False,False,True,False,False,False,True
289,ALGOUSDT,1,2022-07-14 20:00:03,2022-07-20 20:13:16.923,144.22053416666665,0.3260652,0.3083188900161333,0.34583082,15.763955680757611,0.31448684262767773,19.297304447831934,1.6775260737263278,-1.8558226933480004,2.9603224584581067,0.32486753613800295,1.7769778634920974,2.7757064283643733,1.88270251596026,1.923593897558438,1.383e-05,5.394633318154886,against,True,1,1,20,Thursday,2022,1,3,WIN,False,False,False,False,True,False,False,False,True
290,XRPUSDT,1,2022-07-15 04:00:03,2022-07-21 02:59:17.142,142.98726166666665,0.34456889999999996,0.32643170445888187,0.3524295,19.969668330057658,0.3982990049702474,21.088357153380137,1.121941164379392,0.0032523410569130773,2.041721384987462,0.9576397828773278,1.4848546975713888,2.556965038282795,2.1972188748880317,1.9365572085149556,-7.634e-05,5.244788255767229,against,True,1,2,4,Friday,2022,0,3,WIN,False,False,False,False,True,False,False,False,True
291,LTCUSDT,1,2022-07-16 20:00:03,2022-07-21 02:29:08.000,102.48472222222222,54.240846,51.65196398947077,56.268744000000005,35.47612961515094,0.7052626463581853,38.12407682040014,1.2465349140492001,-1.4014122912000002,2.892813951945631,0.2514004104292674,1.907832794199195,1.5069342096219482,2.8786307337650006,1.9969098925008029,0.0001,4.771452821772179,with,True,3,5,20,Saturday,2022,0,3,WIN,False,False,True,True,False,False,False,False,True
292,DOTUSDT,1,2022-07-16 20:00:03,2022-07-20 20:08:16.400,96.13705555555556,7.0904178,6.70691772243014,7.478504000000001,49.91038526205996,0.9923152750031135,49.43597250080012,1.11350852074272,1.58792128200256,2.575181226189187,0.5825756318375229,1.970226980885971,0.7799367243499372,2.763802620515216,2.2251816094366896,-0.000255,5.38979090943518,with,True,3,5,20,Saturday,2022,0,3,WIN,False,False,True,True,False,False,False,False,True
293,LINKUSDT,1,2022-07-16 20:00:03,2022-07-21 02:29:03.076,102.48335444444444,6.4792955999999995,6.128281209998623,6.8046388,42.9195912363096,0.8534057267738377,45.2768419084801,1.109206396970496,-1.2480442752000003,3.135781413393579,0.48800164574258065,2.2925111417706985,0.46190852791025155,2.115655109317317,1.4942268385778996,0.0001,5.413162370757481,with,True,3,5,20,Saturday,2022,0,3,WIN,False,False,True,True,False,False,False,False,True
294,AXSUSDT,1,2022-07-17 08:00:03,2022-07-20 20:07:05.714,84.11742055555555,14.512901999999999,13.709360027414597,15.856828,84.17194332718088,1.6648528660096988,82.18376275200009,1.1143018373759999,3.1024824125568,3.829417883548034,0.4640728334329362,3.9912015917241277,2.3231415663569024,2.4855116758334588,1.0391159358464235,-0.00013153,5.517849569851155,with,True,1,6,8,Sunday,2022,0,3,WIN,False,False,False,True,False,False,False,False,True
296,LTCUSDT,1,2022-07-24 20:00:03,2022-07-25 02:22:14.313,6.369809166666666,59.221842,56.19402538299765,56.18278657792105,-50.918552763099655,-0.9972973029430625,-49.690987395328534,1.1321748005711227,-0.0953905672,0.1909488166335491,1.0178430168770056,0.015905190469454187,2.5216447128748607,0.7418558983787568,1.6272418216539015,0.0001,5.077659826017484,with,True,1,1,20,Sunday,2022,0,3,FALSE_BREAKOUT,False,False,False,True,False,False,True,False,False
297,BTCUSDT,-1,2022-07-26 00:00:03,2022-07-27 16:02:11.527,40.03570194444445,21295.74,22320.759381804917,21536.106359999998,-12.518663321231825,-0.24625372161004916,-11.537585279999824,1.2335571751679997,0.25247913393599997,0.5913449157738612,0.23868816955362138,-0.13195848039656038,2.4895191220350323,2.33355680335568,1.831525022420967,-0.0001,4.79229756715923,self,True,2,2,0,Tuesday,2022,0,3,CHOP,False,False,False,False,False,False,False,False,False
298,XRPUSDT,-1,2022-07-26 00:00:03,2022-07-27 16:28:20.000,40.47138888888889,0.33573284,0.35302861539848207,0.34026804,-14.566173493088066,-0.2863949286720768,-12.934613531840048,1.1567926614019772,-0.4747672998460392,0.6147651524737731,0.25828041224402526,0.10018862757387764,2.6235422263812564,1.996678154591043,1.4353742321931542,0.00017102,5.130618046004187,with,True,2,2,0,Tuesday,2022,0,3,CHOP,False,False,False,False,False,False,False,False,False
299,ALGOUSDT,-1,2022-07-26 16:00:03,2022-07-27 16:26:13.333,24.43620361111111,0.30303937999999997,0.31960968452160465,0.31426284,-34.462562391507106,-0.6749371785424398,-33.601215427750056,1.10886152104155,0.2475145572845,0.14721395112681726,0.6976709441233901,-0.29936806493400736,2.677216511445728,3.2950357063947413,0.9437485263053053,5.371e-05,5.4469430952176445,with,True,1,3,16,Tuesday,2022,0,3,LATE_ENTRY,False,False,False,False,False,False,False,True,False
300,LTCUSDT,1,2022-07-28 00:00:03,2022-07-31 22:39:18.888,94.65441333333334,59.001798,55.762027105114655,59.848028,10.739843612681018,0.21210415318051334,12.851356517999978,1.08295486051896,-1.0285580448000002,1.7248756721724194,0.3400851590275782,0.5272601228366959,3.1945576721106153,1.9453240299039392,1.1732328929843978,0.0001,5.456040852637073,with,True,1,1,0,Thursday,2022,0,3,WIN,False,False,False,False,False,False,False,True,False
301,BTCUSDT,1,2022-07-28 04:00:03,2022-07-31 18:32:03.223,86.53339527777777,23131.425359999997,22057.970908024225,23500.299,14.391762464779275,0.2842132818182833,16.820637984000076,1.2758439784895999,-1.1530315407312002,1.461240052722241,0.5108044957014853,0.7781183807683858,3.8580403873701763,1.9497925298801844,0.9454815901643068,9.229e-05,4.621191488520961,self,True,1,2,4,Thursday,2022,0,3,WIN,False,False,False,False,False,False,False,True,False
302,FILUSDT,1,2022-07-28 12:00:03,2022-08-02 03:11:20.000,111.18805555555555,5.7671532,5.453695338214585,8.0393918,332.62885057657894,6.5646886748322295,335.77636332772016,1.410340267261176,-1.7371724838800002,17.970028787652794,0.7055276863701552,9.771159614738721,3.2916575568325657,1.9820389374312808,1.176991092028457,0.0001,5.416313940086978,with,True,1,3,12,Thursday,2022,1,3,WIN,False,False,False,False,False,False,False,True,True
303,XRPUSDT,1,2022-07-28 16:00:03,2022-08-01 10:42:11.818,90.70244944444444,0.36467291999999996,0.34632484035197525,0.37652468,29.81785410997924,0.5864942775072152,31.82798444232012,1.1942948059099199,-0.8158355264309578,2.4703991300190253,0.2928328251822462,1.620173913034018,2.927865718205246,1.98637729952586,2.3857474057271424,8.812e-05,5.038431491095355,with,True,1,4,16,Thursday,2022,0,3,WIN,False,False,False,False,False,False,False,False,True
304,DOGEUSDT,1,2022-07-28 20:00:03,2022-07-31 22:50:11.578,74.83571611111111,0.06996399,0.06633359247453499,0.067846428,-30.94024633769952,-0.6047658164550707,-28.948724661872443,1.130385560248874,-0.8611361155782,1.2632252991117237,0.7613463761509072,0.36800653113845183,2.4511927555553172,2.739568373855938,1.822357191089316,0.0001,5.156430548277111,with,True,1,5,20,Thursday,2022,0,3,GAVE_BACK,False,False,False,False,False,False,False,False,False
306,BTCUSDT,-1,2022-08-04 20:00:03,2022-08-05 06:04:09.072,10.068353333333333,22434.61218,23326.96736038939,23331.632753861468,-103.40654138436048,-0.995526227698528,-100.37660221509823,3.0727456848594588,0.0428065155972,0.0,1.1021259713770497,-0.3499591046961042,2.275114606211105,1.8911608590539999,1.3620235408661987,-1.436e-05,3.956786860388295,self,True,1,1,20,Thursday,2022,0,3,FALSE_BREAKOUT,False,False,False,False,False,False,False,False,False
307,BTCUSDT,1,2022-08-08 08:00:03,2022-08-09 13:55:09.571,29.918491944444444,23801.55936,23155.04697445679,23150.415965061897,-103.37777270119216,-1.0020289556545852,-98.12730961717206,4.245397608892096,-1.005065475128,0.6828030674603319,1.0978279393729613,1.810391674115535,2.483198265642925,2.143503723781631,1.9041365472174274,2.79e-05,2.696803879274566,self,True,6,6,8,Monday,2022,0,3,WHIPSAW,False,False,True,False,False,False,False,False,True
308,DOTUSDT,1,2022-08-08 08:00:03,2022-08-10 00:40:19.459,40.671238611111114,9.0638124,8.569760620577942,8.638272,-43.69987146885095,-0.847458637726595,-43.148477384759914,1.076961889019016,0.525567804927979,0.8383485643640767,0.8639021612254578,1.1824420522953738,2.380955382675908,2.3423562766427692,1.0412127852666013,-0.00019948,5.4319066367474935,with,True,6,6,8,Monday,2022,0,3,WHIPSAW,False,False,True,False,False,False,False,False,True
309,SOLUSDT,1,2022-08-08 08:00:03,2022-08-09 14:00:19.417,30.004560277777777,42.678534,40.63495134794633,40.62682435767674,-51.62289378493253,-1.0012034608770002,-50.09208057539393,1.2203301979386034,-0.3104830116,0.5096275401209693,1.0024228762860894,1.2925662670631373,2.653499214650508,2.2800437696256264,1.2981087567112948,0.0001,4.769272678822771,with,True,6,6,8,Monday,2022,0,3,WHIPSAW,False,False,True,False,False,False,False,False,True
310,ADAUSDT,1,2022-08-08 08:00:03,2022-08-09 10:16:06.766,26.267712777777778,0.54000798,0.5208278624914396,0.5207236969189414,-103.20365559927843,-1.0008985135997988,-99.20220324029711,3.2739693445121487,-0.7274830144691662,0.4844610569175486,1.03794880250941,0.39582760619748414,2.445691740272498,2.2348562454214087,1.6453442343803235,0.0001,3.514660524001539,with,True,6,6,8,Monday,2022,0,3,CHOP,False,False,True,False,False,False,False,False,False
311,DOGEUSDT,1,2022-08-08 08:00:03,2022-08-09 14:06:16.764,30.103823333333334,0.070554108,0.0679185926185679,0.068496298,-81.11066803184463,-0.7868569734750589,-77.18043196240126,3.1291432346894714,-0.8010928347538999,1.421312896289962,0.8173384284441141,1.9335466739833482,1.4877504456668678,1.5602305955839697,1.1716623466025033,0.0001,3.716199860266648,with,True,6,6,8,Monday,2022,0,3,GAVE_BACK,False,False,True,False,False,False,False,False,True
312,ETHUSDT,1,2022-08-08 08:00:03,2022-08-09 13:56:06.744,29.934373333333333,1732.3964099999998,1661.9072190123431,1689.252082,-63.96584058403688,-0.6207325310088717,-60.686811764799806,2.8877344613083196,-0.39129435792876,1.2396736120194913,0.7433254555180656,2.987743043282747,1.338792257095623,1.8975726710452412,1.0132669359944178,2.805e-05,4.050251203056296,with,True,6,6,8,Monday,2022,0,3,GAVE_BACK,False,False,True,False,False,False,False,False,True
313,XRPUSDT,-1,2022-08-09 12:00:03,2022-08-10 21:28:16.000,33.47027777777778,0.36822634000000004,0.380269109744813,0.37937586,-94.68909205247354,-0.9407353769476883,-88.84211145220775,3.5742466747079273,-2.27273392555787,0.865775915419363,0.9278314072900621,-0.10576138438157423,2.3085134933539777,1.2469342956802547,1.9714173487171858,-7.813e-05,3.2217996049980977,against,False,1,6,12,Tuesday,2022,0,3,CHOP,False,False,False,False,True,True,False,False,False
314,ETHUSDT,1,2022-08-10 16:00:03,2022-08-14 16:56:11.840,96.9357888888889,1837.2073679999999,1744.1638520368313,1945.1109000000001,54.02055938230775,1.0888248117205344,55.77533569080014,1.17304818763752,-0.5817281208548699,2.0720695042985837,0.3644248355083892,1.8887144384092729,3.303115275374393,1.7558994798173109,4.490526578270102,0.0001,5.045412118811039,with,True,1,2,16,Wednesday,2022,0,3,WIN,False,True,False,False,False,False,False,True,True
315,SOLUSDT,1,2022-08-11 04:00:03,2022-08-14 16:48:06.153,84.80087583333334,43.828764,41.434424560475776,45.220954,25.99925053143023,0.5238574565341974,28.03647909599999,1.0759913045827199,-0.96123725998704,1.9008315716941009,0.72202126877362,1.4247086038384955,3.8229769844624544,1.8737617456740305,1.6067940219544117,0.0001,5.444033408316344,with,True,5,6,4,Thursday,2022,0,3,WIN,False,False,True,False,False,False,False,True,True
316,ADAUSDT,1,2022-08-11 04:00:03,2022-08-12 00:17:03.728,20.283535555555556,0.5440087800000001,0.5227067788749226,0.5226022375191476,-99.40626345316537,-1.0015579682238864,-95.82331343603595,2.8647186327494087,-0.7182313843799999,0.16858603935440486,1.0190958057195716,2.38434031158728,3.529430451300807,1.7458412660177811,1.7108733527919153,0.0001,3.896528980525378,with,True,5,6,4,Thursday,2022,0,3,WHIPSAW,False,False,True,False,False,False,False,True,True
317,XTZUSDT,1,2022-08-11 04:00:03,2022-08-14 13:34:10.588,81.56877444444444,1.9203839999999999,1.8272030773875272,1.8856228,-20.04056074217458,-0.4039374565005518,-17.917351165319968,1.177063398959688,-0.9461461778949241,0.41441959273787315,0.7231523160619601,1.230037187726433,3.426837777024065,1.6918664496628246,1.463821833258381,0.0001,4.833173052732952,with,True,5,6,4,Thursday,2022,0,3,WHIPSAW,False,False,True,False,False,False,False,True,True
318,BTCUSDT,1,2022-08-11 04:00:03,2022-08-14 17:00:08.252,85.00145888888889,24318.46272,23454.24334127731,24262.6465,-10.192899689298066,-0.10278876808098683,-6.128620956000067,3.2005234754135996,-0.8637552578844,0.86382844261532,0.8776275314735504,1.0200387791614978,3.405640028841082,1.7903171548950418,1.3966391196583317,7.206e-05,3.534865770009046,self,True,5,6,4,Thursday,2022,0,3,WHIPSAW,False,False,True,False,False,False,False,True,True
319,AXSUSDT,1,2022-08-11 04:00:03,2022-08-12 11:32:05.454,31.534015,18.603720000000003,17.6519378248079,17.976404000000002,-31.939729213736204,-0.6440266720373258,-31.695830947600022,1.10895060194184,0.86505233580566,0.5424350376133009,0.7393708543217549,1.3619502799980046,3.006197323138534,0.8528219356421417,1.000457481638323,-0.00056251,5.046057962302849,with,True,5,6,4,Thursday,2022,0,3,WHIPSAW,False,False,True,False,False,False,False,True,True
320,XRPUSDT,-1,2022-08-12 12:00:03,2022-08-13 06:07:15.160,18.120044444444446,0.3709258,0.3831548128924242,0.3832314438550027,-96.11375390037043,-0.9910353858178603,-93.07396372115953,3.4224493142343597,0.38265913502345283,0.010287011805993094,1.011872348884816,0.4518598556244255,1.5340911497410135,0.1632011861426608,1.162240052845421,-9.94e-05,3.3040746541990305,against,False,2,6,12,Friday,2022,0,3,FALSE_BREAKOUT,False,False,False,False,True,True,False,False,False
321,AXSUSDT,-1,2022-08-12 12:00:03,2022-08-13 01:11:07.185,13.184495833333333,17.956408,18.95622706198666,18.960018307399057,-48.40979301419151,-0.996616018742976,-47.39640001619715,1.0460468742903584,0.032653876296,0.03641458878334906,1.153800766418466,0.10642725673639741,1.6662867967967614,0.46174212441355506,1.1385335846475984,0.00015108,5.546921280549319,against,False,2,6,12,Friday,2022,0,3,FALSE_BREAKOUT,False,False,False,False,True,True,False,False,False
322,AXSUSDT,1,2022-08-13 04:00:03,2022-08-14 16:56:17.560,36.937377777777776,19.673934000000003,18.600977143493406,18.597256948064707,-48.94750283114714,-0.9923098229031457,-48.087088832060125,1.025572239430764,0.16515824034375,0.11749400661873018,1.0102307408045708,-0.506948622119793,1.8895760625746199,2.1982691817081017,3.169825126367492,-4.53e-05,5.434788289306528,with,True,1,6,4,Saturday,2022,0,3,FALSE_BREAKOUT,False,True,False,True,False,False,False,False,False
323,ADAUSDT,1,2022-08-13 08:00:03,2022-08-15 06:37:15.312,46.620086666666666,0.55841166,0.5359246361362338,0.5513897,-33.289677485219,-0.3392595492541317,-29.470152851171974,2.7946056981502507,-1.0249189358967765,1.6181927951183108,0.3740672865809425,1.0534226380294573,2.3061077493161553,2.122870505668942,2.2111825881659253,0.0001,4.007767125876102,with,True,1,6,8,Saturday,2022,0,3,GAVE_BACK,False,False,False,True,False,False,False,False,True
324,DOGEUSDT,1,2022-08-14 16:00:03,2022-08-15 07:23:10.566,15.385435,0.080976192,0.07659886741734337,0.0765835476438599,-49.01710054334379,-0.9974389659122344,-47.89726447634319,1.0308160518385971,-0.089020015162,0.8461351060588091,1.0614227737208823,1.958686827559059,3.5368407861479065,2.8688216984666703,3.502821351358515,0.0001,5.398459407998802,with,True,1,6,16,Sunday,2022,0,3,WHIPSAW,False,True,False,True,False,False,False,True,True
325,XRPUSDT,-1,2022-08-15 08:00:03,2022-08-17 00:06:11.428,40.10234111111111,0.36932612000000004,0.38414088108221783,0.37827563999999997,-58.87833610082556,-0.6106020006904463,-56.01651608613558,2.8076173480855005,-0.0542026666044747,0.2650140611928306,0.6192391459496032,3.154024539490248,2.292942993806078,1.4585288274210262,2.18803451355623,0.00018392,3.9904929838164143,against,True,1,1,8,Monday,2022,0,3,WHIPSAW,False,False,False,False,True,False,False,False,True
326,ALGOUSDT,-1,2022-08-17 16:00:03,2022-08-23 18:37:20.000,146.6213888888889,0.34173164,0.3598525046264252,0.3070614,73.73837453525068,1.5364544062408116,75.69804163912006,1.5415167372139678,-0.4181503666554077,2.871366299162323,0.31832697384583497,3.1804023256129406,1.4594063917652391,2.094415279785233,2.0455344157482296,-0.0001,5.250805681902669,with,True,2,2,16,Wednesday,2022,1,3,WIN,False,False,False,False,False,False,False,False,True
327,BTCUSDT,-1,2022-08-17 16:00:03,2022-08-21 20:52:01.880,100.86635555555556,23381.02286,24181.949873584144,21584.416019999997,202.81880243081648,2.1147729009597005,205.53182249600047,3.0864277247231997,0.37340765953919997,3.2938367856946367,0.2980011111523397,3.149379178400009,1.2573942341658608,2.1871275057929016,1.6989254681703958,-9.364e-05,3.4048579840849023,self,True,2,2,16,Wednesday,2022,0,3,WIN,False,False,False,False,False,False,False,False,True
328,ADAUSDT,-1,2022-08-18 20:00:03,2022-08-21 16:47:09.333,68.7850925,0.52859426,0.5564230916002533,0.46689336,83.71286080706881,1.7441366855478688,86.69428108475202,1.348811008477411,-1.6326092692058103,3.39195915070832,0.10800812779982548,3.2949374705032675,0.6492782356148015,1.7999435531765888,0.971258860977586,-7.183e-05,5.24363374319148,with,True,1,3,20,Thursday,2022,1,3,WIN,False,False,False,False,False,False,False,False,True
329,XRPUSDT,-1,2022-08-19 04:00:03,2022-08-21 07:22:13.333,51.36953694444444,0.36032792,0.37591010335658803,0.34246847999999996,102.75645588080002,1.0550502020234709,107.64582613509637,2.5416171755476555,-2.347753078748691,2.421221669429849,0.21640613018292548,1.888562040797584,1.7021163168965192,1.9729075491300554,1.7746036016327384,-2.8e-07,4.303580287621544,with,True,3,6,4,Friday,2022,0,3,WIN,False,False,True,False,False,False,False,False,True
330,LTCUSDT,-1,2022-08-19 04:00:03,2022-08-21 20:52:08.500,64.86819444444444,58.668264,61.796808644488436,55.591116,45.02798077552337,0.9248681107426426,46.49109055800002,1.0357727056379997,-0.42733707683864997,1.9428407424864749,0.11242799447329499,2.0547138463645345,1.3603658368625662,1.8737114356786322,1.599229855565321,-5.022e-05,5.311534840641511,with,True,3,6,4,Friday,2022,0,3,WIN,False,False,True,False,False,False,False,False,True
331,ETHUSDT,-1,2022-08-19 04:00:03,2022-08-23 14:01:12.753,106.01937583333333,1816.58661,1898.9852612902966,1649.02974,94.62280178305699,1.9439656297361856,95.60795002200007,1.1864884135859999,0.20134017464292,3.59164386025395,0.08790665728836823,2.5678406950444455,0.7510488604816918,2.252537161727064,1.3474058120111436,-5.275e-05,4.51557350767205,with,False,3,6,4,Friday,2022,0,3,WIN,False,False,True,False,False,True,False,False,True
334,AVAXUSDT,-1,2022-08-26 08:00:03,2022-08-30 04:54:11.428,92.90234111111111,22.525494000000002,23.725196057878303,20.274054,58.9383013943665,1.1728409504892898,63.644673758400124,1.41168503097144,-3.29468733306219,4.222293332528273,0.578898731930364,3.5137840869050385,1.653734828909847,0.22781041010492445,0.9998116490954847,2.708e-05,5.258190141429917,with,True,5,5,8,Friday,2022,1,3,WIN,False,False,True,False,False,False,False,False,True
335,LINKUSDT,-1,2022-08-26 08:00:03,2022-08-28 16:24:06.666,56.40101833333333,6.9726052,7.3429067557725185,6.6143226,45.58423020097009,0.9071888351278171,47.19502628281998,1.073848545182676,-0.536947536667215,1.5652248578616845,0.5681715259366834,2.126929222203534,2.0330340614918896,0.2656497840349375,0.939515142089006,-0.0001,5.289744132098058,with,True,5,5,8,Friday,2022,0,3,WIN,False,False,True,False,False,False,False,False,True
336,LTCUSDT,-1,2022-08-26 08:00:03,2022-08-26 13:02:17.142,5.037261666666667,55.618874000000005,58.17990973704411,57.531504000000005,-37.549475187991916,-0.7473588089499554,-36.262317222,1.28715796599192,0.0,0.12060511125725198,0.7501363499977224,1.565333096299141,1.1719163205590413,-0.4922048546347938,1.1576753117282692,6.45e-06,4.6024986282706095,with,True,5,5,8,Friday,2022,0,3,WHIPSAW,False,False,True,False,False,False,True,False,True
337,DOTUSDT,-1,2022-08-26 08:00:03,2022-08-28 16:04:05.882,56.06746722222222,7.4355126,7.797052975530632,7.1244246,38.9294561490609,0.7749094967222598,41.84976648479997,1.1752236766188717,-1.7450866591202008,1.799280644783432,0.6679403362503261,1.843535729645024,1.5819392644235104,-0.34535293800795014,0.8722503120739211,0.00014397,4.827278509419636,with,True,5,5,8,Friday,2022,0,3,WIN,False,False,True,False,False,False,False,False,True
338,AXSUSDT,-1,2022-08-26 08:00:03,2022-08-30 04:33:06.000,92.55083333333333,14.377124,15.165278161320972,13.972794,20.52470724132434,0.40859704003006536,25.03874174499999,1.0533667182161999,-3.4606677854594494,1.772653204873493,0.5238518303424367,1.734589585505274,1.19702806763244,-0.3438272109157012,1.2645439931255784,0.00049126,5.46090515522233,with,True,5,5,8,Friday,2022,0,3,WIN,True,False,True,False,False,False,False,False,True
339,ETHUSDT,-1,2022-08-26 12:00:03,2022-08-29 14:06:09.649,74.10184694444445,1628.0843180000002,1707.783331285606,1510.302,34.07930198110212,0.67624763959607,37.31177548320022,1.8804209977699198,-1.35205250432819,2.603474113994773,0.9776241735990467,1.9594259898849267,2.030908837881081,-0.08592306621804789,0.9662757078266025,-2.49e-05,4.874284196584757,with,True,1,6,12,Friday,2022,1,3,WIN,False,False,False,False,False,False,False,False,True
340,ALGOUSDT,-1,2022-08-26 16:00:03,2022-08-28 10:45:08.571,42.7515475,0.29134172,0.30636676939239094,0.29245847999999997,-5.748827640987016,-0.11353136101351002,-3.6503822244078004,1.144969665471096,-0.9534757511081196,0.8813095820307902,0.09705658609937687,0.7814762995685282,1.3362937234917236,1.0823979160282946,2.9149654400582543,1.743e-05,5.136159709125229,with,True,1,6,16,Friday,2022,0,3,CHOP,False,True,False,False,False,False,False,False,False
342,XRPUSDT,-1,2022-08-29 00:00:03,2022-09-02 04:36:07.272,100.60118666666666,0.32213556,0.3361091239476663,0.33346667999999996,-87.16278892168478,-0.8425114481627732,-80.90778423259181,2.8087245343615095,-3.446280154731458,0.2816432525545693,0.9635652042976977,-0.19783356703797234,1.7524645366145528,3.4397547722806294,1.5510743450449564,0.00024627,4.284555987485676,with,True,3,6,0,Monday,2022,0,3,LATE_ENTRY,False,False,True,False,False,False,False,True,False
344,BTCUSDT,-1,2022-08-29 00:00:03,2022-08-29 14:06:07.316,14.10119888888889,19543.590500000002,20196.179878473387,20159.031,-96.95877488660115,-0.937710292725949,-93.05460359999954,3.60182182248,-0.30234946412159996,0.006421342636319836,1.0665351336673372,0.029406699883613354,1.4688292817750632,3.6051680923164886,1.0973973307878284,0.00013623,3.318480002421735,self,True,3,6,0,Monday,2022,0,3,LATE_ENTRY,False,False,True,False,False,False,False,True,False
345,DOGEUSDT,-1,2022-08-29 00:00:03,2022-08-30 00:08:20.000,24.138055555555557,0.061707656,0.06495675199505452,0.06431286,-41.44705239411712,-0.801726114679154,-40.229643795048396,1.167607711998338,-0.04980088707039336,0.2732009153780346,0.7978662384693556,0.5840566123279949,1.0813309160997526,2.965936227016461,1.1333906694990137,0.00010384,5.244251450185543,with,True,3,6,0,Monday,2022,0,3,FALSE_BREAKOUT,False,False,True,False,False,False,False,False,False
346,ALGOUSDT,1,2022-09-02 12:00:03,2022-09-05 10:39:15.000,70.65333333333334,0.29835966,0.2865760765243932,0.29914016000000004,1.40069819528847,0.014010609199349527,6.364085700700141,2.923156997283401,-2.04023050812827,1.734645495770745,0.28511360800853747,0.9623846619727838,1.4625010252067734,0.9807359816092538,1.5208860842307323,4.432e-05,3.8980293345428545,against,False,1,1,12,Friday,2022,0,3,WIN,False,False,False,False,True,True,False,False,False
347,ADAUSDT,1,2022-09-03 16:00:03,2022-09-06 17:10:16.585,73.17044027777777,0.47869572,0.4570516964607492,0.48210356000000004,6.0555758268534525,0.12107268545115274,7.605851430608113,1.2866267040087216,-0.2636488997459393,1.5479691167051737,0.14764907246587833,1.2060733510412576,1.2656880919246507,1.7784303481423016,1.8202404033224782,3.015e-05,4.5223111634114845,against,True,1,2,16,Saturday,2022,0,3,WIN,False,False,False,True,True,False,False,False,True
348,BTCUSDT,-1,2022-09-04 08:00:03,2022-09-04 23:31:13.222,15.519506111111111,19614.47632,20171.688321764777,19961.4915,-63.36544580740655,-0.6291957720969836,-59.374297297999746,4.0628688564012005,0.0717203469944,0.07981938626436304,0.6559867318764293,2.0000938897049676,0.6858423886998242,1.4714699641582887,0.4745747494013168,-5.463e-05,2.8197279188764526,self,True,1,3,8,Sunday,2022,0,3,WHIPSAW,False,False,False,True,False,False,False,False,True
349,LINKUSDT,1,2022-09-04 16:00:03,2022-09-06 17:05:06.915,49.08442083333333,7.1894376,6.8274754935084125,7.0865824,-15.481494603352568,-0.30751073490800507,-13.865282095279944,1.1546779034867998,-0.461534604585824,1.0873027671728053,0.47363410955280355,2.512866357244334,2.0969448300670277,1.9055570082751936,3.4783240175830494,0.0001,5.015644219415514,against,True,2,5,16,Sunday,2022,0,3,GAVE_BACK,False,True,False,True,True,False,False,False,True
350,XTZUSDT,1,2022-09-04 16:00:03,2022-09-05 12:17:20.000,20.288055555555555,1.55031,1.4862867706550729,1.4997,-79.85411228631007,-0.7931556574675942,-76.61771985000007,2.77041863331,-0.465973803,0.24506730073657484,0.7858085341017919,0.6355505715086818,1.4753607840391882,0.8632430119378227,1.0637407223330022,0.0001,4.1105309254791695,against,False,2,5,16,Sunday,2022,0,3,FALSE_BREAKOUT,False,False,False,True,True,True,False,False,False
351,ATOMUSDT,1,2022-09-05 00:00:03,2022-09-06 02:05:20.000,26.088055555555556,13.0436082,12.328064035889076,12.457508,-40.95708107941886,-0.8134150431514202,-40.07436673491992,1.0461771718371118,0.163462827338174,0.44356703040736295,0.8156145060943127,1.5741750914837835,1.1978635431374125,2.1965507125915607,0.6894201575251405,-1.14e-05,5.466881098925884,against,True,1,5,0,Monday,2022,0,3,WHIPSAW,False,False,False,False,True,False,False,False,True
352,DOTUSDT,1,2022-09-05 04:00:03,2022-09-05 19:34:16.611,15.5704475,7.5835164,7.275677762260935,7.274222626708483,-100.26040394736593,-0.9978597102042327,-97.12226563258893,2.799313922996286,-0.3388243917807,0.16724216420045196,1.0022016802891045,0.3426587408738866,1.8346692820869568,2.360259592435716,1.9312359202248923,-5.247e-05,4.040124475587766,against,True,1,6,4,Monday,2022,0,3,FALSE_BREAKOUT,False,False,False,False,True,False,False,False,False
353,AVAXUSDT,-1,2022-09-05 12:00:03,2022-09-05 23:43:05.714,11.717420555555556,18.536292,19.328386770591447,19.15383,-76.64277724650957,-0.7832465476235423,-73.53518996399997,2.6928386085096,-0.41474867400000004,0.07106725367971638,0.9010386465082754,0.9295503863132677,1.0771721572526958,1.1272731878225788,1.2942734160458194,0.00013242,4.308617218518319,with,True,1,6,12,Monday,2022,0,3,FALSE_BREAKOUT,False,False,False,False,False,False,False,False,False
354,ETHUSDT,1,2022-09-05 16:00:03,2022-09-06 20:09:14.937,28.153315833333334,1599.949926,1533.715895628527,1555.408856,-65.82571460092979,-0.6673082125277345,-63.867440272999985,2.7146813745058798,0.7564070465760899,1.3105056949302734,0.728476369766277,2.2095903447094627,1.2140042068846244,0.6769416109871471,1.685236321983821,-5.01e-05,4.120584408361496,against,False,1,6,16,Monday,2022,0,3,GAVE_BACK,False,False,False,False,True,True,False,False,True
355,SOLUSDT,1,2022-09-06 16:00:03,2022-09-06 17:12:12.558,1.202655,33.766752,32.282786009718194,32.27632945251625,-97.543339354761,-0.9948345680420505,-95.01712016267429,2.526219192086715,0.0,0.04262092286090117,1.0827417949752882,1.4779637905202327,2.608904989701441,1.9768506880727448,2.94316993310868,0.0001,4.403950222925116,against,False,1,4,16,Tuesday,2022,0,3,WHIPSAW,False,True,False,False,True,True,True,False,True
356,BTCUSDT,-1,2022-09-06 20:00:03,2022-09-09 03:25:01.566,55.416268333333335,18809.337379999997,19471.711688166808,19458.891,-93.36478913356083,-0.9706896153306916,-90.22299781800034,3.1892741531891993,0.04748283762869999,0.46701295051150205,1.5149479797566248,-1.2178350066634147,2.6958683622907085,2.2897726381591825,4.07515801376216,-3.473e-05,3.5013644191081115,self,True,4,5,20,Tuesday,2022,0,3,CHOP,False,True,True,False,False,False,False,False,False
357,XTZUSDT,-1,2022-09-06 20:00:03,2022-09-08 10:46:05.022,38.767228333333335,1.4477104,1.5263150364849856,1.5266202994922826,-48.50501950888447,-1.0175489015041759,-46.48381747945655,1.051261600242682,-0.96994042918524,0.6451324281575475,1.543033660910928,-0.8051637006436505,1.6642493762829877,1.7651129748455934,4.007029253934324,-0.0001,5.481343226329343,with,True,4,5,20,Tuesday,2022,0,3,CHOP,False,True,True,False,False,False,False,False,False
358,DOGEUSDT,-1,2022-09-06 20:00:03,2022-09-09 00:38:03.333,52.633425833333334,0.0589882,0.062032451519705004,0.0615123,-39.62233661236636,-0.8240606106878103,-38.66758042176002,1.1075938610860798,0.15283767047974273,0.5545533899129304,0.890793675373702,-0.7166950516005409,1.9189720537076085,1.780012008439125,3.4129220060600445,-0.0001,5.121931062031871,with,True,4,5,20,Tuesday,2022,0,3,CHOP,False,True,True,False,False,False,False,False,False
359,ALGOUSDT,-1,2022-09-06 20:00:03,2022-09-07 17:10:19.710,21.171308333333332,0.28454308,0.29899565287219637,0.2990554520027708,-47.94478969308947,-1.00012560763665,-46.66706603506112,1.1259977855751582,-0.1517258724531882,0.31434402996437283,1.0003007857384327,-0.5574730583438052,2.3179363010580234,2.1937611420727707,3.0364504595858075,-0.0001,5.095132819752695,with,True,4,5,20,Tuesday,2022,0,3,CHOP,False,True,True,False,False,False,False,False,False
360,XRPUSDT,-1,2022-09-07 00:00:03,2022-09-07 18:48:08.501,18.801528055555554,0.32083582000000005,0.33271254019465457,0.3327790827026935,-96.24493052063302,-1.0018900907964299,-92.59924486881057,3.0405885526550946,-0.6050970991673519,0.7439612835180607,1.024203635400523,-0.6032119880389555,1.9978586720820273,1.528276505567015,1.4742739314582898,0.00029033,3.648766415780244,with,True,1,5,0,Wednesday,2022,0,3,CHOP,False,False,False,False,False,False,False,False,False
361,LINKUSDT,1,2022-09-08 12:00:03,2022-09-12 15:52:01.481,99.86624472222222,7.25145,6.858232676956751,7.7214554,52.65591429928318,1.1228636728515595,54.44542553599998,1.0406768169216,-0.7488344197952,2.681850310760627,0.2630860695540168,1.7866710310794927,2.5511287248549115,0.8962049013462365,0.9966344328596831,4.293e-05,5.416733182226574,against,True,1,3,12,Thursday,2022,0,3,WIN,False,False,False,False,True,False,False,False,True
362,XRPUSDT,1,2022-09-08 20:00:03,2022-09-11 21:52:03.125,73.86670138888888,0.34276854,0.3290643628070076,0.3509298,49.97299485356383,0.5320047677649946,53.787673607340025,2.743136713733436,-1.071542040042755,1.3960312779509916,0.3552595629374637,1.2646844648843558,1.3494052195416368,2.2074509297936604,1.0916089808900244,8.754e-05,3.978884503353477,against,True,3,6,20,Thursday,2022,0,3,WIN,False,False,True,False,True,False,False,False,True
363,DOTUSDT,1,2022-09-08 20:00:03,2022-09-11 21:52:06.562,73.86765611111112,7.4204837999999995,7.016520872994965,7.5744848,16.202603801063404,0.3450681397619042,17.389284716700008,1.0159094225493719,-0.17077149308723397,1.295951100961985,0.17448086269342597,1.5484495189634178,1.4758529328467995,1.0261401704810211,0.699231369786327,-0.00011774,5.42497812380421,against,True,3,6,20,Thursday,2022,0,3,WIN,False,False,True,False,True,False,False,False,True
364,XTZUSDT,1,2022-09-08 20:00:03,2022-09-12 15:51:08.571,91.8515475,1.575315,1.4887019264522046,1.6386722,31.3988432162801,0.6687660174756928,33.37291091384,1.015765613099904,-0.9583020844600001,2.0861169405366162,0.0960016734126359,1.3471984680881917,2.5791907231846958,1.7350919410515226,2.522413145340402,0.0001,5.419191457928561,against,True,3,6,20,Thursday,2022,0,3,WIN,False,True,True,False,True,False,False,False,True
365,BTCUSDT,1,2022-09-09 08:00:03,2022-09-13 12:53:16.172,100.88699222222222,20627.72472,19872.776076043312,21434.2123,90.98657019752311,0.9606662012129209,96.93980711600011,3.033506897882399,-2.9197300205946,2.943611194998716,0.012219003337301965,1.1819019573617437,3.8879954498738103,2.586891464199059,2.431720101882318,0.0001,3.6406055390750724,self,True,2,6,8,Friday,2022,0,3,WIN,False,False,False,False,False,False,False,True,True
366,SOLUSDT,1,2022-09-09 08:00:03,2022-09-11 06:30:14.166,46.503101666666666,35.37707399999999,33.55239728224323,34.223154,-30.530629668119005,-0.644787120198256,-29.043012479999806,1.0510608831191997,-0.43655630500000003,0.31946809773330653,0.6670080174510319,1.9471536877874605,3.3193134426385282,2.6997082666793335,1.3157037390742352,0.0001,5.111998636189973,with,True,2,6,8,Friday,2022,0,3,WHIPSAW,False,False,False,False,False,False,False,True,True
367,AVAXUSDT,1,2022-09-12 12:00:03,2022-09-13 12:31:09.053,24.518348055555556,21.474293999999997,20.297031602474554,20.29297219615406,-48.08787855590694,-0.9966894012444317,-47.04106115440787,0.9979210662103151,-0.04889633528875001,0.35311244194480407,1.1673642196410123,-0.6237301060013931,1.8414818374960862,2.404156843397672,2.5744639400278353,4.618e-05,5.4632901608078495,with,True,3,6,12,Monday,2022,0,3,CHOP,False,True,True,False,False,False,False,False,False
368,DOTUSDT,1,2022-09-12 12:00:03,2022-09-13 00:31:06.875,12.517743055555556,7.915582799999999,7.527398883505198,7.5314934000000004,-47.182559570909184,-0.9780155051777216,-46.22611951349986,1.1154565430163,0.159016485606975,0.3359675516122179,1.0396690405008173,0.11184698323425207,1.101910940822976,2.0408632213833973,1.9326475376018444,-2.459e-05,4.885028007263104,with,True,3,6,12,Monday,2022,0,3,CHOP,False,False,True,False,False,False,False,False,False
369,AXSUSDT,1,2022-09-12 12:00:03,2022-09-13 00:17:08.333,12.284814722222222,14.80296,14.010990854548345,14.017196,-46.747879478817325,-0.969105406809556,-46.47047584200002,1.0226630615508,0.7452594247335,0.09727651694822619,1.077011654934565,-0.39516690997036363,0.8111439565553349,1.3561313023659496,1.3407441168367114,-8.741e-05,5.331142874673357,with,True,3,6,12,Monday,2022,0,3,FALSE_BREAKOUT,False,False,True,False,False,False,False,False,False
370,LTCUSDT,1,2022-09-13 12:00:03,2022-09-13 13:18:14.078,1.3030772222222222,66.33326399999999,62.8669748344187,62.85440143945181,-47.48721059641961,-0.9955080260880037,-46.45220811223159,1.0350024841880208,0.0,0.3308252558345674,1.0222066973474184,-0.575042619003691,2.6219849888026534,1.8971851736160152,3.252021712509122,7.68e-05,5.220903310087897,with,True,1,3,12,Tuesday,2022,0,3,CHOP,False,True,False,False,False,False,True,False,False
371,DOGEUSDT,-1,2022-09-13 16:00:03,2022-09-17 00:31:20.000,80.5213888888889,0.06027794200000001,0.06323027578655142,0.06081216,-8.921627092354084,-0.1904361163626499,-8.208945933286232,1.1164229962758296,0.4037418372079769,0.761411873630252,0.40038088016488815,1.5302951246841783,2.1150565070711345,1.454101348611402,3.1985745244521193,-1.757e-05,4.894286308147682,against,True,1,1,16,Tuesday,2022,0,3,WHIPSAW,False,True,False,False,True,False,False,False,True
372,XRPUSDT,-1,2022-09-14 00:00:03,2022-09-16 20:04:14.000,68.06972222222223,0.33213356,0.34702057467328107,0.3425685,-68.68614593713211,-0.7325247937398327,-63.459503253360026,2.461897676744784,-2.7647450070273,0.7411532964901834,0.7903827770868103,-0.5015404474209756,3.7090943262631524,1.874926802286866,1.244016536062451,0.00038316,4.429905107818568,against,True,1,2,0,Wednesday,2022,0,3,LATE_ENTRY,True,False,False,False,True,False,False,True,False
373,XRPUSDT,1,2022-09-17 00:00:03,2022-09-18 22:36:16.487,46.60374638888889,0.35527104,0.3387608470010407,0.35932670853208987,9.706222819503578,0.20837498314129604,11.061504167589234,1.169404143015267,-0.18587720507038802,2.5819782968428715,0.5554774556892254,4.7685063405959385,3.561996145314691,1.7748778043664277,2.5156953630155687,-4.994e-05,4.601282173742413,against,True,1,2,0,Saturday,2022,0,3,WIN,False,True,False,True,True,False,False,True,True
374,DOTUSDT,-1,2022-09-18 16:00:03,2022-09-21 17:59:19.294,73.98785944444444,6.8046388,7.107648195900999,6.4132824,112.18968237434993,1.1981635415392045,116.7407140002801,2.3657252956447437,-2.185306330285409,2.3320689376605293,0.07049682382449521,2.7875003594804926,1.7495531560522277,1.2306742732686753,1.0526473029892174,3.551e-05,4.416750343778436,with,True,1,2,16,Sunday,2022,0,3,WIN,False,False,False,True,False,False,False,False,True
375,XTZUSDT,-1,2022-09-18 20:00:03,2022-09-21 18:46:15.000,70.77,1.5006998,1.569734531706398,1.5223044,-16.04813744227414,-0.3448281053830939,-14.07511604019991,1.1816687623472397,-0.79135263972699,1.3862558401328704,0.3375141674931807,1.7339069341078726,1.0898474276701475,1.5774107505752168,1.4620578925527283,-2.451e-05,4.648968780426524,with,True,4,6,20,Sunday,2022,0,3,GAVE_BACK,False,False,True,True,False,False,False,False,True
376,AVAXUSDT,-1,2022-09-18 20:00:03,2022-09-21 18:00:04.347,70.00037416666666,17.886422,18.79024441324193,17.40348,20.846910468145317,0.4436503121622028,24.337427442200067,1.0670417102269198,-2.4234752638278305,2.0318394112543845,0.04821522387754223,1.910134086858368,1.1008212861805193,1.235615729386294,1.3796410134107948,8.624e-05,4.9734324762119035,with,True,4,6,20,Sunday,2022,0,3,WIN,False,False,True,True,False,False,False,False,True
377,DOGEUSDT,-1,2022-09-18 20:00:03,2022-09-20 15:35:13.191,43.58616416666667,0.059808036,0.06200208113737785,0.059851968,-5.164679031834267,-0.05496111139179216,-1.8029472261358575,2.946471896902795,-0.41525990879561475,1.8450103560029294,0.08749318632041274,1.735623363041229,1.6498011638219965,0.35287413781747873,1.5260171279015375,-9.206e-05,3.647745131022822,with,True,4,6,20,Sunday,2022,0,3,GAVE_BACK,False,False,True,True,False,False,False,False,True
378,AXSUSDT,-1,2022-09-18 20:00:03,2022-09-21 18:43:10.000,70.71861111111112,12.687462,13.277352634701899,12.812562,-15.395525470265472,-0.3277601825624948,-9.630085409999982,1.1777813384990399,-4.5876587217664495,1.8265453570804633,0.25858691599178374,1.8095930621774374,1.1577372090024278,0.8002007179869766,1.4041699676833053,0.00037406,4.628468358565009,with,True,4,6,20,Sunday,2022,0,3,GAVE_BACK,True,False,True,True,False,False,False,False,True
379,ADAUSDT,-1,2022-09-19 00:00:03,2022-09-21 00:58:13.333,48.96953694444444,0.44751048,0.4705028928805982,0.45689135999999997,-20.204547121319486,-0.4219506280371236,-18.946468589111962,1.0959667570736495,-0.16211177513387243,0.6702419654704396,0.4475180596936236,1.470505952358328,3.295237707424767,1.417213050950492,2.4236454414414754,4.408e-05,5.14031125823424,with,True,1,6,0,Monday,2022,0,3,WHIPSAW,False,False,False,False,False,False,False,True,True
380,FILUSDT,-1,2022-09-21 08:00:03,2022-09-21 18:42:19.487,10.704579722222222,5.2399518,5.525855698752716,5.5141026,-45.39901129652393,-0.9530979161280336,-44.37374692212003,1.044383649434496,0.01911927503059,0.1397385631126177,0.9585325740417059,0.5279809077754509,1.4323041518442146,1.6043210720411891,1.0918225688022043,-3.136e-05,5.435140216613564,with,True,1,5,8,Wednesday,2022,0,3,FALSE_BREAKOUT,False,False,False,False,False,False,False,False,False
381,DOGEUSDT,-1,2022-09-22 00:00:03,2022-09-23 01:25:03.633,25.4168425,0.05708858,0.06029906758621555,0.060311127399732795,-46.5870868635316,-0.9973822472271033,-45.58779804902976,0.996477659704489,-0.0028111547973568296,0.10234582479333747,1.040782719218916,-0.6140562600099834,0.777656770499178,1.2291994114341842,1.3561638690709283,8.822e-05,5.584079121372007,with,True,1,1,0,Thursday,2022,0,3,FALSE_BREAKOUT,False,False,False,False,False,False,False,False,False
382,DOGEUSDT,1,2022-09-23 20:00:03,2022-09-25 13:39:18.846,41.654401666666665,0.063572712,0.060151784577209905,0.062017594,-21.874133544511494,-0.4700611134361577,-20.543344846912415,0.9954402041210705,-0.3353484934780077,1.3760268541917031,0.4597326413658038,-0.15572151471296816,2.6289418034101275,2.0010472208992303,4.084973256095442,0.0001,5.362201735037913,against,True,1,1,20,Friday,2022,0,3,GAVE_BACK,False,True,False,False,True,False,False,False,False
383,FILUSDT,1,2022-09-25 20:00:03,2022-09-26 11:39:17.498,15.654027222222222,5.8351668,5.518126417366303,5.517022792082829,-46.41182005541652,-0.9991220945441295,-45.28086398763659,0.96944202641993,-0.16151404136000003,0.005782228701503113,1.0067070868027552,1.0277340611730914,1.136099756274591,2.1301870430148577,2.569011697657272,0.0001,5.430566968872268,against,False,2,2,20,Sunday,2022,0,3,WHIPSAW,False,True,False,True,True,True,False,False,True
384,ADAUSDT,-1,2022-09-25 20:00:03,2022-09-27 07:22:20.000,35.37138888888889,0.44941010000000003,0.47195584858399303,0.4625925,-27.47024186016516,-0.5914158099501187,-26.318711693119965,1.092489993905928,-0.05904017313926779,0.5903596392204044,0.580592831115554,1.1048690580043852,0.9173556689674177,-0.1291423029128898,1.0949989367921908,-9.656e-05,4.995739395771527,with,True,2,2,20,Sunday,2022,0,3,WHIPSAW,False,False,False,True,False,False,False,False,True
385,LTCUSDT,-1,2022-09-26 00:00:03,2022-09-27 01:20:20.000,25.338055555555556,52.469504,55.19373467780418,54.31086,-31.43508122958932,-0.6774205981102619,-30.42767135759996,1.0587016817726398,0.05129180978328,0.23474664066093837,0.6719313510834689,0.5797981840778377,0.6509514466964498,0.4290361807772065,0.9017214876279562,-5.414e-05,5.150951948569595,with,True,1,3,0,Monday,2022,0,3,FALSE_BREAKOUT,False,False,False,False,False,False,False,False,False
386,BTCUSDT,1,2022-09-27 04:00:03,2022-09-27 16:38:17.902,12.637472777777777,20096.0184,19313.569174716264,19309.70646088132,-92.02614496735563,-0.9988555726644935,-88.93188031432283,2.674072489059407,-0.42019216397340003,0.3565491420850125,1.0032835034315895,0.09800201408876477,3.1585540751309695,1.7591491375160002,2.8833861141632666,2.244e-05,3.8738537683531074,self,True,5,6,4,Tuesday,2022,0,3,LATE_ENTRY,False,True,True,False,False,False,False,True,False
387,SOLUSDT,1,2022-09-27 04:00:03,2022-09-27 16:43:11.447,12.719013055555555,34.716942,32.814210685539116,32.80764784340201,-45.96708177350358,-0.9991066128608168,-44.85733877394459,0.9518617312193133,-0.15788126833968,0.3589881528772394,1.0179797774279067,0.24862049434133018,2.329743359515061,1.7368131801790228,1.3827152487566967,0.0001,5.489024523216823,with,True,5,6,4,Tuesday,2022,0,3,CHOP,False,False,True,False,False,False,False,False,False
388,DOTUSDT,1,2022-09-27 04:00:03,2022-09-27 16:36:16.437,12.6037325,6.7483493999999995,6.426987300272729,6.4257019028126745,-45.77889544004339,-0.9935547762324662,-44.756402484586694,1.096471810755656,0.07397885529896402,0.15761223878916142,1.0155192546879728,-0.5705383433690584,2.768640121954808,1.981171373949606,1.890843011484533,9.548e-05,4.743036901249016,with,False,5,6,4,Tuesday,2022,0,3,FALSE_BREAKOUT,False,False,True,False,False,True,False,False,False
389,XTZUSDT,1,2022-09-27 04:00:03,2022-09-27 17:55:03.675,13.916854166666667,1.5263052,1.4484486794595732,1.4481589897236813,-46.033890015400644,-0.999195252929149,-44.83603648809157,1.023951266259065,-0.17390226105,0.20158619844629017,1.0314511802296868,-0.8131008110891479,2.037848581823173,0.9666717631725306,1.2474324770409648,4.518e-05,5.019758723962407,with,False,5,6,4,Tuesday,2022,0,3,FALSE_BREAKOUT,False,False,True,False,False,True,False,False,False
390,AVAXUSDT,1,2022-09-27 04:00:03,2022-09-27 16:51:17.156,12.853932222222221,17.963592000000002,17.181375473100896,17.177939198006275,-91.48865416770774,-0.9930093019978461,-89.25777913866675,2.39545129016768,0.1645762611267,0.6474013046074594,1.0145426141096632,-0.29862831066228734,1.8751014764645189,0.9503938990299635,1.4440939128025392,0.0001,4.33532587360304,with,False,5,6,4,Tuesday,2022,0,3,CHOP,False,False,True,False,False,True,False,False,False
391,AVAXUSDT,1,2022-09-30 08:00:03,2022-10-01 18:00:20.000,34.00472222222222,17.513502000000003,16.79865437162657,16.9966,-65.17331058087717,-0.726524277303643,-62.41881115120021,2.50037284384272,-0.25412658583423997,0.30285894700751537,0.7183376982986238,0.03706803932509393,1.083631193029035,-0.2709077982572562,0.5628086080901351,0.0001,4.007689304991028,with,False,2,2,8,Friday,2022,0,3,CHOP,False,False,False,False,False,True,False,False,False
392,AXSUSDT,1,2022-09-30 08:00:03,2022-10-02 10:11:14.000,50.18638888888889,12.822564,12.24246953298782,12.417516,-30.384076190581503,-0.6775852084959106,-30.240964689599924,1.1306576524896,0.98754615150802,0.08177288820616083,0.7456785482336236,0.4610214632410642,1.3505780985638487,1.5410442406690055,0.8118966271427479,-7.5e-06,4.504917839408578,with,False,2,2,8,Friday,2022,0,3,FALSE_BREAKOUT,False,False,False,False,False,True,False,False,False
393,LTCUSDT,1,2022-09-30 16:00:03,2022-10-01 17:47:16.000,25.786944444444444,54.430884,52.0727527499728,52.809436,-61.79918509357156,-0.6904996041719285,-59.34775326160003,2.3551068123263996,-0.09632501964513002,0.13956644694658238,0.6916001812796428,0.3812832725021683,0.9417764725250525,1.0011677816032092,1.7525833194768234,0.0001,4.330786790422932,with,False,1,3,16,Friday,2022,0,3,FALSE_BREAKOUT,False,False,False,False,False,True,False,False,False
394,DOTUSDT,-1,2022-09-30 20:00:03,2022-10-03 14:08:06.666,66.13435166666666,6.233753,6.533184183740467,6.325264799999999,-14.764197718853161,-0.3316304224050829,-13.167550541379894,1.084263460875588,-0.512383716597679,0.5201629237621405,0.3414707804402339,-0.10101486298840825,0.9291935038957707,1.657841647238496,1.1791606618151036,5.436e-05,4.799232976266713,against,True,1,4,20,Friday,2022,0,3,CHOP,False,False,False,False,True,False,False,False,False
395,AXSUSDT,-1,2022-10-02 12:00:03,2022-10-03 21:07:16.000,33.12027777777778,12.297540000000001,12.773689796179113,12.60252,-58.04884879259513,-0.6556653089505287,-54.45698481599977,2.6676808761312003,-0.9241831004641599,0.6458891770360332,0.6562220597537777,-0.3831987359107546,1.3933169034328112,0.4855498299841548,1.1625600138703447,0.00013488,3.8511365543017253,with,True,5,6,12,Sunday,2022,0,3,CHOP,False,False,True,True,False,False,False,False,False
396,ADAUSDT,-1,2022-10-02 12:00:03,2022-10-04 06:33:11.428,42.55234111111111,0.42371524,0.4372305478723039,0.42938586,-37.956635264084284,-0.428834000346656,-35.362838614186096,3.1920400084171976,0.5982433585190052,0.6448421362164903,0.4354144245621854,0.03812269797092979,1.2602632810692191,0.8251723864143685,1.6069247084805072,-8.345e-05,3.1447388233790807,with,True,5,6,12,Sunday,2022,0,3,CHOP,False,False,True,True,False,False,False,False,False
397,FILUSDT,-1,2022-10-02 12:00:03,2022-10-04 06:35:13.750,42.58631944444444,5.4339129999999995,5.683915750668898,5.5481093999999995,-20.19011783159654,-0.45635901539664003,-19.529594256639996,1.1268714683965437,0.46634789344,0.6156452262552908,0.4723428029653693,0.019651783777795338,1.6712481989673402,2.0448685896018723,1.3792386583152154,-0.0001,4.579866617643029,with,True,5,6,12,Sunday,2022,0,3,CHOP,False,False,True,True,False,False,False,False,False
398,AVAXUSDT,-1,2022-10-02 12:00:03,2022-10-03 23:31:10.909,35.51886361111111,16.776644,17.379553970346425,17.163432,-58.811449480566615,-0.6647337624391324,-54.33969140479989,2.86093662072576,-1.6108214550409599,0.7739862051574216,0.7187739817123928,-0.2543597013528942,1.3676833789061602,1.2175717885384052,1.2921561035216105,-0.0001,3.57302723686784,with,True,5,6,12,Sunday,2022,0,3,CHOP,False,False,True,True,False,False,False,False,False
399,ETHUSDT,-1,2022-10-02 12:00:03,2022-10-03 14:27:07.477,26.45124361111111,1296.94056,1348.0538347502265,1317.96354,-37.614489389040536,-0.4252773738258584,-34.95911344199994,2.6089944167339993,-0.0463815303066,0.7133285859333126,0.4998591877521361,-0.22595773908907718,1.074451912394993,0.5690819609207765,0.908831080626543,-4.395e-05,3.9202771161136725,with,True,5,6,12,Sunday,2022,0,3,CHOP,False,False,True,True,False,False,False,False,False
400,BTCUSDT,1,2022-10-03 20:00:03,2022-10-07 12:28:16.270,88.47035277777778,19541.70756,18945.58788963866,19796.04,29.02795712264267,0.3326245048452292,35.37764240400027,3.2831284113575996,-3.0665568700000003,1.6075504427141802,0.10334763817247782,0.881186221688666,0.9596155695131051,0.12750963656853023,1.5395624463401136,0.0001,3.0306131753550343,self,True,1,5,20,Monday,2022,0,3,WIN,False,False,False,False,False,False,False,False,False
401,LTCUSDT,1,2022-10-04 00:00:03,2022-10-05 13:45:20.000,37.75472222222222,54.140826000000004,52.33037822138287,53.519294,-32.12399778548508,-0.36918838268269133,-28.50762178440009,2.9628086556024003,-0.6535673454825901,0.8722560344746371,0.3373894608915857,0.49113485100308824,2.622773327197089,0.9779832745480701,0.8330345279624489,0.0001,3.3246291864347537,with,False,2,5,0,Tuesday,2022,0,3,CHOP,False,False,False,False,False,True,False,False,False
402,AXSUSDT,1,2022-10-04 00:00:03,2022-10-07 12:28:08.235,84.46812083333333,12.672533999999999,12.190522953448754,12.547490000000002,-19.235044656654907,-0.22112669823623118,-21.655232459599528,2.6205758726049604,5.04076367554958,0.866092183959146,0.4616782158670736,-0.12973561591051871,2.252454017910051,0.9802346189052992,0.9719007247302972,5.12e-05,3.7843492229774736,with,True,2,5,0,Tuesday,2022,0,3,CHOP,False,False,False,False,False,False,False,False,False
403,ETHUSDT,1,2022-10-04 08:00:03,2022-10-07 12:28:09.629,76.46850805555556,1349.8599179999999,1301.792969911979,1343.7312,-13.837161231933035,-0.15815718630840891,-10.675613884199887,2.8151798210665193,-0.34636752666663,0.6954900057058436,0.7196196009086826,0.19015315853344145,2.43529775355587,1.367448979144437,1.624842819788852,0.0001,3.5415963431872575,with,False,3,6,8,Tuesday,2022,0,3,CHOP,False,False,True,False,False,True,False,False,False
404,SOLUSDT,1,2022-10-04 08:00:03,2022-10-07 07:00:12.727,71.00270194444444,33.70674,32.38710232881424,33.14337,-38.72458866219213,-0.443781578922156,-35.78993837100039,2.5481243058678,-0.3865259853239401,0.5859638724205084,0.452199882611566,-0.17939772800459747,2.207275788294866,0.4081948375613838,1.3406614310593343,0.0001,3.9243478824852116,with,True,3,6,8,Tuesday,2022,0,3,CHOP,False,False,True,False,False,False,False,False,False
405,DOTUSDT,1,2022-10-04 08:00:03,2022-10-05 12:03:05.333,28.050648055555556,6.4352868,6.2174598347897305,6.3127372,-50.1110221671038,-0.5730549068835242,-46.97632542000005,2.93198177988,-0.20271496722375001,0.43480934469510235,0.6073022220747691,0.3843105463053724,1.9671507609097723,1.0346099520822587,0.9693819174569477,2.956e-05,3.350538865385814,with,False,3,6,8,Tuesday,2022,0,3,CHOP,False,False,True,False,False,True,False,False,False
406,ALGOUSDT,-1,2022-10-05 16:00:03,2022-10-13 18:23:20.000,194.38805555555555,0.34813036,0.36410217833998476,0.32116422,44.109314359271245,1.0229653511123222,44.088289846782104,1.671332152205718,1.6923566646948625,3.915043276159612,0.6680291356237764,2.262131914532817,0.8859538032535281,1.1897093929404534,1.0696616196493973,-0.0001,4.536944685611469,against,False,1,5,16,Wednesday,2022,1,3,WIN,False,False,False,False,True,True,False,False,True
407,LINKUSDT,1,2022-10-05 20:00:03,2022-10-07 12:30:07.133,40.501148055555554,7.8835764,7.539175016336236,7.5854826,-74.99606427910058,-0.863965066349726,-72.47840729448005,2.2566844905818395,-0.260972494038696,0.14640940017020462,1.1543983818257542,-0.5272232012205597,0.805075514189174,2.3831401996107093,1.3223504286256402,9.18e-05,4.349466933059678,with,True,1,6,20,Wednesday,2022,0,3,FALSE_BREAKOUT,False,False,False,False,False,False,False,False,False
408,LTCUSDT,-1,2022-10-07 16:00:03,2022-10-09 10:42:11.250,42.70229166666667,52.649468,54.31383958381475,53.540706,-45.92987158395319,-0.5373976620827675,-43.561217973600066,3.1141670235796797,0.7455134132265601,0.2400113075016674,0.5711056408577814,0.8828965924976745,2.0196617922385705,1.6059961239487377,2.0693305110887,-1.373e-05,3.1210168669351526,against,True,5,6,16,Friday,2022,0,3,FALSE_BREAKOUT,False,False,True,False,True,False,False,False,False
409,ADAUSDT,-1,2022-10-07 16:00:03,2022-10-16 19:32:15.882,219.53691166666667,0.42381522,0.43482181894131683,0.36977393999999997,401.765191991701,4.708404216645696,410.4830047301723,4.122696826613582,-4.595115911857729,6.969929622131005,0.28026641258093704,6.506571228935129,0.9617287361040189,0.8891454352659772,1.9825872117594239,4.301e-05,2.6007123504758853,against,True,5,6,16,Friday,2022,1,3,WIN,False,False,True,False,True,False,False,False,True
410,FILUSDT,-1,2022-10-07 16:00:03,2022-10-14 01:23:09.189,153.3850525,5.440911600000001,5.616000714981475,5.2250448,69.3039064902018,0.8114467433370482,71.35105697730033,4.158518439632076,2.111367952533536,4.1916460659342265,0.36603303413110755,2.729533472429557,1.2183857981421,0.908042245785148,1.7281018317019077,-0.0001,3.197367052213789,against,True,5,6,16,Friday,2022,1,3,WIN,False,False,True,False,True,False,False,False,True
411,AVAXUSDT,-1,2022-10-07 16:00:03,2022-10-09 16:06:20.000,48.10472222222222,16.856628,17.350499385425383,16.993398,-25.96634297712376,-0.30798615129049745,-22.13932917899976,3.2876370622141198,-0.53937673590988,0.5196251647156266,0.27005411517235706,2.6659329510778598,1.598403561115397,1.0589423592389566,2.08249825710451,0.00025311,2.970322762168435,against,True,5,6,16,Friday,2022,0,3,WHIPSAW,False,False,True,False,True,False,False,False,True
412,SOLUSDT,-1,2022-10-07 16:00:03,2022-10-10 00:48:10.526,56.80209055555556,32.863426,34.047278635830764,33.116622,-19.756005095618583,-0.23146361214513111,-17.478423715200183,2.7328091336985594,0.45522775328015996,0.46747879191199204,0.2843039664001892,2.114643262371267,1.613891514016335,0.722004098375734,2.0865906940317465,0.00014355,3.5816204314900193,against,True,5,6,16,Friday,2022,0,3,WHIPSAW,False,False,True,False,True,False,False,False,True
413,XRPUSDT,1,2022-10-09 20:00:03,2022-10-10 08:26:14.583,12.436550833333333,0.5395078799999999,0.5128957945341565,0.5127932153752497,-42.47306030962796,-0.9991347576355973,-41.33298787967576,0.9768735418961975,-0.16319888805599997,0.014734658826471583,1.0223881189214268,-0.39485368455947356,1.5937329928697312,2.074859934113421,1.496792316576751,0.0001,4.931270707292582,against,True,2,6,20,Sunday,2022,0,3,FALSE_BREAKOUT,False,False,False,True,True,False,False,False,False
414,DOTUSDT,1,2022-10-09 20:00:03,2022-10-10 08:24:15.829,12.40356361111111,6.4702938,6.326672470668446,6.325407136174312,-84.64604445044128,-0.9957078871425704,-79.99379613612584,4.238802930842348,-0.41344538347309,0.5131981464246591,1.0464587725200756,-0.48247569022309733,2.149970574471,1.187402049299343,2.2322282083091376,4.72e-05,2.200147307644996,against,True,2,6,20,Sunday,2022,0,3,CHOP,False,False,False,True,True,False,False,False,False
415,LTCUSDT,1,2022-10-10 04:00:03,2022-10-10 08:30:11.398,4.502332777777778,54.090816,52.80741095985264,52.79684947766067,-84.24265342737242,-0.9952887167469452,-79.94681580616955,3.962387754102858,-0.3334498671,0.2487009089222152,1.0603168582256417,-0.3746408849577146,1.8712151163589068,0.7017056686345928,1.4446087603575686,0.0001,2.3712128677155895,against,True,1,6,4,Monday,2022,0,3,FALSE_BREAKOUT,False,False,False,False,True,False,True,False,False
416,AXSUSDT,-1,2022-10-11 04:00:03,2022-10-16 08:28:20.000,124.4713888888889,11.657668000000001,12.056974771507095,11.042207999999999,107.49446390308714,1.2441989696356763,127.22204433000049,2.8153816307387998,-16.91219879617455,4.151364610581244,0.30636094534105596,3.049454922600452,4.080863864093303,2.3175276265221254,3.0161312279872807,0.00094791,3.4045863765617095,with,True,3,6,4,Tuesday,2022,0,3,WIN,True,True,True,False,False,False,False,True,True
417,LINKUSDT,-1,2022-10-11 04:00:03,2022-10-14 01:22:09.549,69.36848583333334,7.182563200000001,7.490439505279514,7.107015242504858,18.301697851634394,0.21189574689797255,20.431484262020696,2.3187175940081635,0.188931183621862,2.905592878243258,0.49837157770455365,1.2750679193827614,2.8716924053160904,1.814387474267893,2.503167974776625,-0.0001,4.265583314024409,with,True,3,6,4,Tuesday,2022,0,3,WIN,False,True,True,False,False,False,False,False,True
418,AVAXUSDT,-1,2022-10-11 04:00:03,2022-10-13 21:11:12.558,65.18598833333333,15.876824000000001,16.388768857166394,15.751987553265545,13.670474193372398,0.1603204649199341,19.809821353793204,3.0114335495422844,-3.1279136108785206,3.0605327469687817,0.8461380047796956,1.0485973098183152,4.202256881624599,2.0047464022429304,3.6920464973828744,1.53e-05,3.268864884476326,with,True,3,6,4,Tuesday,2022,0,3,WIN,False,True,True,False,False,False,False,True,True
422,BTCUSDT,1,2022-10-14 04:00:03,2022-10-14 18:40:09.119,14.66836638888889,19810.16124,19190.789114600317,19186.950956777397,-86.15104241067642,-0.99866091349194,-82.57536252699512,3.1002704196438025,-0.47540946403750006,0.05382670390354591,1.0726366472680469,-0.23275383907045083,2.3577162230975928,2.838130147553195,1.5066794158031531,3.235e-05,3.1076520369765355,self,True,1,3,4,Friday,2022,0,3,FALSE_BREAKOUT,False,False,False,False,False,False,False,False,False
423,LTCUSDT,-1,2022-10-16 00:00:03,2022-10-16 19:53:14.285,19.886468055555557,50.349928,51.9989349509045,51.650328,-69.55584881921898,-0.7896901846199351,-66.22417040000018,3.1166790222336,-0.21499939698520001,0.06059889556268199,0.7944611751220382,-0.21229261635797575,1.0982742170496822,0.30507617140268994,0.676167823384314,-1.189e-05,3.2544379485792265,with,True,3,5,0,Sunday,2022,0,3,FALSE_BREAKOUT,False,False,True,True,False,False,False,False,False
424,AVAXUSDT,-1,2022-10-16 00:00:03,2022-10-16 19:32:20.000,19.538055555555555,15.416916,16.05240892176263,15.763152,-49.025542916457034,-0.5567731299020653,-46.181407786799916,2.49530280235704,-0.34883232730008007,0.04235452367485792,0.5398706865977468,0.026618707181004037,0.7590025748880319,-0.2055631973655069,0.4995535909764401,-0.0001,4.101225173557914,with,True,3,5,0,Sunday,2022,0,3,FALSE_BREAKOUT,False,False,True,True,False,False,False,False,False
425,ETHUSDT,-1,2022-10-16 00:00:03,2022-10-16 19:45:02.882,19.74996722222222,1273.865176,1319.3247809569734,1301.580264,-54.24414231602342,-0.6162170703543045,-51.36437259039985,2.8638438203711996,-0.015925905252370004,0.0,0.64573425193166,-0.2473585947489618,0.9390464806191597,-0.6394543659258832,0.5750258105539813,-2.73e-06,3.5471090828230483,with,True,3,5,0,Sunday,2022,0,3,FALSE_BREAKOUT,False,False,True,True,False,False,False,False,False
426,XTZUSDT,1,2022-10-18 00:00:03,2022-10-19 13:49:20.000,37.82138888888889,1.3892778,1.3436984074395686,1.34973,-73.99151569487772,-0.8732332891595397,-70.10124780077965,2.9130499979680673,-0.9772178961300001,0.43269993065071044,0.8617447006983133,-0.2474319942953905,1.5550221065512477,0.15118270480359686,0.787030879238125,0.0001,3.331049824491468,with,False,1,1,0,Tuesday,2022,0,3,CHOP,False,False,False,False,False,True,False,False,False
427,ATOMUSDT,1,2022-10-18 04:00:03,2022-10-19 14:01:18.888,34.02108,12.55251,12.017801733605742,12.098579800000001,-72.92603172655907,-0.8472986259854715,-70.42141483041976,2.294579150046948,-0.21003774609237003,0.41983641194444443,0.8462745546304117,-0.21415416068314014,3.0364623525527388,2.1946708092707903,1.5026860182181918,-8.664e-05,4.240623636607638,with,True,1,2,4,Tuesday,2022,0,3,LATE_ENTRY,False,False,False,False,False,False,False,True,False
428,ADAUSDT,-1,2022-10-18 20:00:03,2022-10-22 11:47:15.384,87.78677333333333,0.36182762,0.37472409059545436,0.35267052000000004,51.7706833413584,0.6063506660752559,58.019836129319835,2.716257221009093,-3.532895566952342,2.522211000230182,0.2847585293060249,1.2582993059915006,1.3100344133528632,1.3958104761319188,1.9420241368136433,0.0002375,3.5435453427616395,against,True,1,3,20,Tuesday,2022,0,3,WIN,False,False,False,False,True,False,False,False,True
429,AXSUSDT,-1,2022-10-19 08:00:03,2022-10-25 02:05:20.000,138.08805555555554,10.567886,11.008678975347538,9.081816,226.57320029850263,2.6446957725954667,251.51937470479996,2.8038335911204797,-22.14234081517684,5.462623350795305,0.05016867608328983,4.056067360398298,3.054625535537474,1.5729041936722765,1.3029798777481052,0.00061496,4.150226824480007,against,True,1,4,8,Wednesday,2022,1,3,WIN,True,False,False,False,True,False,False,True,True
430,XRPUSDT,-1,2022-10-20 20:00:03,2022-10-21 23:57:14.499,27.953194166666666,0.43771244000000004,0.461234984617696,0.4613272316146195,-43.777332200840185,-1.0051611681829347,-42.459204043273765,0.9698796284050475,-0.34824852916137145,0.27260826174290465,1.0070152011606692,-0.3098117197115463,1.9798598866426689,1.2213421378639822,2.5980277460073813,-8.423e-05,5.328838688672299,against,True,4,6,20,Thursday,2022,0,3,FALSE_BREAKOUT,False,True,True,False,True,False,False,False,False
431,ATOMUSDT,-1,2022-10-20 20:00:03,2022-10-22 13:16:16.315,41.27036527777778,11.3607274,11.959294789773146,11.7803556,-30.89674258842716,-0.7094806334106117,-29.629989164820003,0.9803965108429801,-0.286356912764175,0.7663755290341759,0.7088134222627749,-0.11238935022086108,2.820752468154044,2.2773970581172347,1.4822613599798287,-3.95e-06,5.247688020532847,against,True,4,6,20,Thursday,2022,0,3,CHOP,False,False,True,False,True,False,False,False,False
432,DOTUSDT,-1,2022-10-20 20:00:03,2022-10-23 17:51:08.000,69.85138888888889,5.953809000000001,6.161777841723051,5.8821762,21.96959445061274,0.2522677212997683,28.682904918240244,2.8435892895876953,-3.8697211780398098,1.1386753805906968,0.05861935806823514,0.744385546976106,2.630842818877126,1.3154214094385543,2.581637768048993,0.0001034,3.4723399113862516,against,True,4,6,20,Thursday,2022,0,3,WIN,False,True,True,False,True,False,False,False,False
433,SOLUSDT,-1,2022-10-20 20:00:03,2022-10-23 02:18:08.235,54.301454166666666,28.254348000000004,29.447397305089567,28.25565,-2.629833044799523,-0.030311874896331463,-0.09122541119968285,2.37564414952128,-0.16296348407855993,1.2022537491795666,0.1304656893357073,0.4814117887247648,2.48873117329848,2.5054340670790096,2.048337261221264,-9.895e-05,4.238574531290503,against,True,4,6,20,Thursday,2022,0,3,GAVE_BACK,False,False,True,False,True,False,False,False,False
434,LTCUSDT,1,2022-10-23 20:00:03,2022-10-27 13:53:18.461,89.88762805555555,53.120622,51.82420347660769,55.378922,135.23401175733505,1.5539836224816928,142.26499595000035,4.1010549141576,-2.9299292785077005,3.4706214997812546,0.8104034160595467,3.447480824560498,1.2384420015496052,2.539589927228303,2.011155081943971,0.0001,2.4026299875561365,with,True,4,5,20,Sunday,2022,0,3,WIN,False,False,True,True,False,False,False,False,True
435,ETHUSDT,1,2022-10-23 20:00:03,2022-10-28 00:22:05.616,100.36739333333334,1330.436034,1299.3696600405447,1500.159908,438.53065652845277,5.041295853558298,444.761411817,4.450545999606599,-1.7802092889406502,8.51608772704794,0.2635014311835563,10.76932784098453,1.0779101803325437,2.5110112453891085,1.3182115881519483,0.0001,2.3155190659431084,with,True,4,5,20,Sunday,2022,0,3,WIN,False,False,True,True,False,False,False,False,True
436,BTCUSDT,1,2022-10-23 20:00:03,2022-10-24 14:24:11.863,18.402461944444443,19496.19846,19175.626275886087,19171.79115063091,-86.85466237477415,-0.9992321644604808,-80.161046145102,5.732916139672138,-0.96070009,0.6045488336291037,1.045937472481556,4.784574632510771,2.003324823546627,2.7083738626756055,1.9795229586509162,5.174e-05,1.624104637310891,self,True,4,5,20,Sunday,2022,0,3,WHIPSAW,False,False,True,True,False,False,False,False,True
437,AVAXUSDT,1,2022-10-23 20:00:03,2022-10-25 01:23:15.000,29.386666666666667,16.023204,15.444237624515338,15.576884,-67.1936255337427,-0.7732134774984835,-64.15113572,2.7251947491287996,-0.3172950646139,0.8062575302568076,0.7827812100842914,2.550745712587803,1.2505158910286958,2.483663505793108,1.2751669086487456,0.0001,3.5940223188805285,with,False,4,5,20,Sunday,2022,0,3,WHIPSAW,False,False,True,True,False,True,False,False,True
438,DOGEUSDT,1,2022-10-24 00:00:03,2022-10-24 14:17:15.336,14.28676,0.060372072,0.05876528698758306,0.05875353393018554,-87.89139948629206,-0.9956363860003163,-83.87970834387505,3.7041653581334053,-0.3075257842836,0.32856169053126116,1.0406320615879092,13.086958017096253,0.8708201353728294,1.8552255057942795,1.1797438424187126,0.0001,2.6258707745102607,with,False,1,6,0,Monday,2022,0,3,WHIPSAW,False,False,False,False,False,True,False,False,True
440,ALGOUSDT,1,2022-10-25 04:00:03,2022-10-27 20:11:20.000,64.18805555555555,0.3190638,0.30795190593304034,0.32983402000000006,74.3522228222958,0.8760244709662092,78.65142926276438,2.8432143998075303,-1.4559920406610463,2.271097964750925,0.45570988793502015,4.223960354298285,1.6835483013875736,1.85552366550781,2.94606380921541,6.824e-05,3.463352372087667,with,False,1,3,4,Tuesday,2022,0,3,WIN,False,True,False,False,False,True,False,False,True
441,ADAUSDT,1,2022-10-25 16:00:03,2022-10-27 20:07:10.000,52.118611111111115,0.37337466,0.35916025830832055,0.39632071999999996,132.04928306491814,1.5123875481213478,135.2611908115476,2.722295165120642,-0.48961258150881576,3.223866962112394,0.012287537934311183,4.680136487133409,2.2206912038907602,2.9349899669256763,3.20036007380849,-0.00013175,3.7877690039323566,with,False,3,6,16,Tuesday,2022,0,3,WIN,False,True,True,False,False,True,False,False,True
442,DOTUSDT,1,2022-10-25 16:00:03,2022-10-27 16:28:04.166,48.466990555555554,6.1502298,5.960560689830257,6.3947208,103.350579922553,1.184008853142835,106.9688466015,3.2931737275109394,-0.32509295143607014,2.5822349225009993,0.0064839234965532715,3.2781837772294686,3.0779140481757508,2.154539833723028,3.3730499984241757,-9.285e-05,3.0645521250568084,with,True,3,6,16,Tuesday,2022,0,3,WIN,False,True,True,False,False,False,False,True,True
443,SOLUSDT,1,2022-10-25 16:00:03,2022-10-27 20:23:08.000,52.38472222222222,29.70594,28.40402737862446,30.583882,53.49792656129206,0.6130841960115658,56.77124148800006,2.3391486298847997,-0.9341662968232,2.03090434533649,0.012243525209207594,3.1830554001554927,1.9599179474208732,2.1605394695978117,3.2431590989075514,1.166e-05,4.3635441797156265,with,False,3,6,16,Tuesday,2022,0,3,WIN,False,True,True,False,False,True,False,False,True
444,AVAXUSDT,1,2022-10-28 16:00:03,2022-10-30 15:41:17.681,47.68741138888889,17.5895172,16.791594482642477,18.111376999999997,27.67423450703367,0.6029328672468681,28.996513555239883,1.1902064070899756,-0.13207264111624,1.627329027929149,0.03573930078647199,2.767790353574369,0.9237694387099176,2.319519437635015,1.744109786448992,-5.617e-05,4.5064008038985515,with,True,1,1,16,Friday,2022,0,3,WIN,False,False,False,False,False,False,False,False,True
445,DOTUSDT,1,2022-10-29 04:00:03,2022-11-01 13:42:17.142,81.70392833333334,6.6643326,6.420057715713287,6.531693400000001,-50.657948920169915,-0.5490394068675002,-48.00447419383963,2.86552522743612,0.212050501105839,0.6822944589112069,0.7341426054653708,0.9197318858876268,2.39400890135802,3.2835635787461843,0.5050225468390452,-5.077e-05,3.660598503702176,with,True,4,5,4,Saturday,2022,0,3,LATE_ENTRY,False,False,True,True,False,False,False,True,False
446,SOLUSDT,1,2022-10-29 04:00:03,2022-10-30 22:31:06.666,42.517685,32.876574,31.23174686410243,31.973604,-25.9605285013207,-0.5640220973965389,-24.4849345199999,1.0550864559887998,-0.4205075253320001,0.5918105184158536,0.593724397346528,0.9201124950885121,2.6937609905302295,2.8757718682687567,0.5857393676469763,0.0001,5.012935328155637,with,True,4,5,4,Saturday,2022,0,3,CHOP,False,False,True,True,False,False,False,False,False
447,ALGOUSDT,1,2022-10-29 04:00:03,2022-11-02 09:56:18.461,101.93762805555555,0.33996797999999995,0.3259404863735354,0.34523094,28.56403937880966,0.31037990272796406,33.239429097840244,2.596518413887608,-2.0788713051429752,2.8324389985849514,0.4183199191713972,6.411125351027251,2.2475884187429105,1.7212544219486885,0.5584780199098804,0.0001,4.135151066607248,with,True,4,5,4,Saturday,2022,0,3,WIN,False,False,True,True,False,False,False,False,True
448,ETHUSDT,1,2022-10-29 04:00:03,2022-10-31 01:43:06.392,45.71760888888889,1589.1577679999998,1509.72050225385,1574.2850799999999,-9.896618039420568,-0.21468971770793943,-8.362912462399958,1.0672823480582398,-0.46642322896237,0.954743737559676,0.291522722773502,0.5762060359211044,2.0627026794787984,3.1410715067651442,0.5786872834859899,6.207e-05,4.979702030799183,with,True,4,5,4,Saturday,2022,0,3,LATE_ENTRY,False,False,True,True,False,False,False,True,False
449,LINKUSDT,1,2022-10-29 20:00:03,2022-11-01 13:45:17.971,65.75415861111111,7.541507999999999,7.219767458395673,7.6554686,27.226788835684225,0.2953920304505265,31.467119961680112,2.5177390381958875,-1.7225920878,2.435167157030307,0.19117267501725319,2.7304361322309227,2.354538974154684,2.0984750538885217,3.208964736638427,0.0001,4.247115936396912,with,True,1,6,20,Saturday,2022,0,3,WIN,False,True,False,True,False,False,False,False,True
450,ATOMUSDT,1,2022-10-30 20:00:03,2022-11-02 07:15:04.590,59.25044166666667,13.945788599999998,13.210634944734966,13.79724,-9.928249543991605,-0.21459762859138334,-9.07303653593988,1.016691555916764,0.16147854786503696,0.738908656863262,0.35201974192279917,2.084205647386219,0.916323998771857,2.3112636576165175,1.1053078710939834,1.135e-05,5.259359260363129,with,True,1,6,20,Sunday,2022,0,3,WHIPSAW,False,False,False,True,False,False,False,False,True
451,AVAXUSDT,1,2022-10-31 12:00:03,2022-11-02 00:07:06.730,36.11770277777778,19.3528698,18.37624560965813,18.421315,-44.55683246509807,-0.9468913645262205,-43.50500649220003,1.05846665486232,0.0066406819642850085,0.45578453247628326,1.0207301947446565,0.34417558291520134,1.7540357372872541,2.538627835230734,1.6218839445562199,0.0001,5.032322430707346,with,True,2,6,12,Monday,2022,0,3,CHOP,False,False,False,False,False,False,False,False,False
452,SOLUSDT,1,2022-10-31 12:00:03,2022-10-31 20:03:17.758,8.054099444444445,34.026804000000006,32.31017115103213,32.303709116801926,-46.883397631728876,-0.9964356038120505,-45.77642790499347,1.0572977661997243,-0.04967196053568,0.07176607395930029,1.0117504165461229,-0.3767864516800394,1.5908024956076294,2.099625352658591,1.7185223753501664,0.0001,5.02595193700139,with,True,2,6,12,Monday,2022,0,3,FALSE_BREAKOUT,False,False,False,False,False,False,False,False,False
453,LTCUSDT,1,2022-11-02 12:00:03,2022-11-06 23:39:08.500,107.65152777777777,59.161829999999995,56.1729631959052,67.68646000000001,123.89215981165727,2.7224500032620242,125.80904692900025,1.1232390709842,-0.7936480463587802,4.288638751796801,0.2448519950763198,4.733623452412392,2.485693152943747,0.6247823330372125,17.29489239319209,2.141e-05,5.033029254598149,with,True,1,1,12,Wednesday,2022,0,3,WIN,False,True,False,False,False,False,False,False,True
454,ETHUSDT,1,2022-11-04 16:00:03,2022-11-06 18:17:15.135,50.28670416666667,1625.064948,1544.7963781413,1606.5786200000002,-11.680670744796089,-0.2540627188126218,-10.256214774399849,1.07574951091584,-0.3487064594803999,0.5199426384881146,0.23751448460537877,-0.15180223120269257,2.0724605183993106,0.8641089607135705,4.0988428744662455,0.0001,4.920394762158868,with,True,2,3,16,Friday,2022,0,3,CHOP,False,True,False,False,False,False,False,False,False
455,BTCUSDT,1,2022-11-04 16:00:03,2022-11-06 21:53:06.123,53.88420083333333,20833.36584,20277.043539895432,21129.57324,40.86084761984707,0.44449078918762475,46.17873366000047,3.9252133215431995,-1.3926727186102001,1.1510129287998074,0.3116284210922567,0.6011518142219726,2.1305318905227772,0.6076886813355786,5.150533942237911,6.899e-05,2.6513443087600943,self,True,2,3,16,Friday,2022,0,3,WIN,False,True,False,False,False,False,False,False,False
456,ADAUSDT,1,2022-11-04 20:00:03,2022-11-06 18:33:10.000,46.551944444444445,0.42378474,0.4005648900078247,0.41691659999999997,-14.731854421421353,-0.31862347730552293,-13.287979331850043,0.9759168010709098,-0.46795828850040244,0.5992829413062183,0.3051156662246921,-0.14576924489781792,2.455142855132771,1.8283898375372551,1.3278518935677268,0.0001,5.460257255646765,with,True,2,5,20,Friday,2022,0,3,CHOP,False,False,False,False,False,False,False,False,False
457,DOTUSDT,1,2022-11-04 20:00:03,2022-11-06 22:15:06.666,50.251018333333334,6.9883974,6.651337168503047,6.9326132000000005,-8.417686536946025,-0.182076377576749,-7.4057597746599635,1.1088694683164277,0.09694270603036498,0.7642628109994896,0.18512240296899002,1.259723219539289,2.928320410176536,2.4502272819844477,1.4353482853480408,3.95e-05,4.790478549913443,with,True,2,5,20,Friday,2022,0,3,WHIPSAW,False,False,False,False,False,False,False,False,True
458,XTZUSDT,1,2022-11-05 00:00:03,2022-11-06 16:02:16.363,40.03704527777778,1.4462891999999998,1.382050790690185,1.414717,-46.67125395605437,-0.5108385208406581,-43.341754174839764,2.356523031269784,-0.9729767499448301,0.4936423603994065,0.5182133299635375,-0.2224401281651397,2.432670107596268,1.5242679788103237,0.9436229411072632,2.614e-05,4.488542454030054,with,True,1,6,0,Saturday,2022,0,3,CHOP,False,False,False,True,False,False,False,False,False
459,XTZUSDT,-1,2022-11-07 00:00:03,2022-11-19 14:52:10.000,302.86861111111114,1.3687262,1.4318136964753625,0.9961992,247.76760489241633,5.407411244030428,249.05165308654006,1.3565838999170758,0.07253570579334961,6.90669664107156,0.4957210500849917,7.2554186736313975,2.419854403244989,1.4009683387207832,1.2368817926762607,0.00010101,4.588290465694849,against,True,1,1,0,Monday,2022,1,3,WIN,False,False,False,False,True,False,False,False,True
460,DOTUSDT,1,2022-11-07 20:00:03,2022-11-08 02:58:07.773,6.9679925,7.3444686,6.9506195533009745,6.949229429390314,-45.63901150956388,-0.9973547669821852,-44.5911203716871,0.9675741527367795,-0.08031698514,0.04197394950820575,1.0574320377072288,-0.9584093275423289,1.6616526268958394,2.43386235994713,2.7645516358088353,3.643e-05,5.343598620441589,with,True,1,2,20,Monday,2022,0,3,FALSE_BREAKOUT,False,True,False,False,False,False,True,False,False
461,XRPUSDT,-1,2022-11-08 04:00:03,2022-11-10 20:54:04.102,64.9003061111111,0.43961205999999997,0.4642171974656588,0.39597918,75.33224381760401,1.6441493917983598,78.99267361170396,0.9076492694608151,-2.7527805246391392,5.227040904750181,0.6985508625582384,4.186607782369553,2.7817208755416534,2.8143510324395034,1.9050106183295137,2.834e-05,5.57589207770271,with,True,3,4,4,Tuesday,2022,0,3,WIN,False,False,True,False,False,False,False,False,True
462,ETHUSDT,-1,2022-11-08 04:00:03,2022-11-08 16:34:19.401,12.5712225,1506.068726,1580.1237860749115,1580.4398108321266,-45.69923923886231,-0.9975812184186602,-44.55571692292704,1.109476358649676,-0.034045957285589984,1.128062362186933,1.0056203306656883,5.87304534707069,2.181040575145727,2.2836793738144667,2.085697950422974,5.728e-05,4.896126852958544,with,False,3,4,4,Tuesday,2022,0,3,GAVE_BACK,False,False,True,False,False,True,False,False,True
463,BTCUSDT,-1,2022-11-08 04:00:03,2022-11-08 16:42:17.991,12.704164166666667,20136.57188,20676.100135953595,20680.235355980785,-90.74788480784035,-0.9907641390779699,-87.09488885212188,3.9233115115224733,0.270315555804,1.7359088605000768,1.016495640308356,8.663071541524612,2.864611784399105,2.434359792791845,1.9588155240502227,-6.515e-05,2.6588092507353216,self,True,3,4,4,Tuesday,2022,0,3,GAVE_BACK,False,False,True,False,False,False,False,False,True
465,DOTUSDT,-1,2022-11-19 08:00:03,2022-11-22 16:41:20.000,80.68805555555555,5.5458906,5.764784043096547,5.3150628,88.01991695519422,0.9478954791897086,94.10616269922006,2.656740603330396,-3.429505140695458,2.690307172610272,0.5304379992268091,1.5344936570432055,1.513026490856249,2.181894909070139,1.145788448801679,7.679e-05,3.9074268762896125,with,True,1,2,8,Saturday,2022,0,3,WIN,False,False,False,True,False,False,False,False,True
466,ETHUSDT,-1,2022-11-20 12:00:03,2022-11-23 00:23:14.794,60.386609444444446,1166.546644,1214.6760300498204,1147.259406,32.91842241141762,0.35418125696165276,35.85497544200022,2.58081926817,-0.3557337624125999,1.9743996713698926,0.5080753777886857,0.8214657872235124,1.846082021996969,1.8270825350028748,2.5417554145384385,-5.73e-05,4.10497523524747,with,True,5,6,12,Sunday,2022,0,3,WIN,False,True,True,True,False,False,False,False,False
467,DOGEUSDT,-1,2022-11-20 12:00:03,2022-11-23 02:27:04.857,62.450515833333334,0.081703656,0.08595162723227882,0.079825962,18.939137833066052,0.4076457165961581,19.923114836242792,1.0283378853642067,0.04436088218746413,2.472628797527264,0.138029183329817,0.6129175217138334,1.203327466043898,1.968435284020624,2.14927900760101,-0.0001,5.1653336991053855,with,True,5,6,12,Sunday,2022,0,3,WIN,False,False,True,True,False,False,False,False,False
468,ADAUSDT,-1,2022-11-20 12:00:03,2022-11-23 02:27:17.647,62.45406861111111,0.31923614,0.331738759893456,0.31696338,14.646249763129335,0.1576382734578416,16.22660411427989,2.725327200954336,1.1449728498037801,1.9544815573246432,0.11708426013704376,0.9706877521208315,0.9401268928291654,1.864044701299209,1.8472094573569873,-3.894e-05,3.8631057900613754,with,True,5,6,12,Sunday,2022,0,3,WIN,False,False,True,True,False,False,False,False,False
469,LINKUSDT,-1,2022-11-20 12:00:03,2022-11-22 04:02:08.571,40.03488083333333,5.9618074000000005,6.272595712205604,6.066213,-16.08086658681383,-0.34624767162831965,-15.137444286639965,1.046343234559656,0.10292093438579199,1.415134941461518,0.37064649948545464,0.4144538096876285,0.9397408600634921,1.766064719774493,1.7969281904944023,-3.618e-05,5.1743077163917315,with,True,5,6,12,Sunday,2022,0,3,GAVE_BACK,False,False,True,True,False,False,False,False,False
470,BTCUSDT,-1,2022-11-20 12:00:03,2022-11-23 02:18:04.609,62.300446944444445,16514.296479999997,16915.672113442302,16312.2618,40.28992008412995,0.4338077606579407,43.86172902799935,4.275987481552799,0.7041785376834,2.6685637860325144,0.2755611222620535,0.5012672998469835,0.7624843371759412,0.7720279487743299,1.7168236687110945,-3.552e-05,2.410607618842462,self,True,5,6,12,Sunday,2022,0,3,WIN,False,False,True,True,False,False,False,False,False
471,XRPUSDT,1,2022-11-23 00:00:03,2022-11-28 01:10:10.000,121.1686111111111,0.37577513999999995,0.3553517209980446,0.39222154,35.87622148412404,0.7582539359933721,37.01126308272006,1.0369878090087383,-0.09805378958729136,2.145814077251421,0.38069727694738825,1.7541068905539334,1.1161442410892013,0.4691756765640434,0.6266883229334861,3.925e-05,5.390915602224555,against,False,1,5,0,Wednesday,2022,0,3,WIN,False,False,False,False,True,True,False,False,True
472,DOTUSDT,-1,2022-11-25 04:00:03,2022-11-26 10:07:08.000,30.118055555555557,5.2809436000000005,5.492955969521805,5.4200838,-65.91056265424747,-0.6987863158558931,-59.529158779159594,2.746969571100552,-3.6344343039873257,0.23085256822699968,0.6794716757560864,1.1081598707184726,1.7241710289280676,-0.4524758225087499,1.019475107049927,0.00019848,3.974180759451159,with,True,3,4,4,Friday,2022,0,3,WHIPSAW,False,False,True,False,False,False,False,False,True
473,FILUSDT,-1,2022-11-25 04:00:03,2022-11-26 14:41:16.000,34.68694444444444,4.2831432,4.46235890929716,4.4028804,-62.45137180021515,-0.6622784418719699,-60.681603614280164,2.6411934189849835,0.8714252330500001,0.20725415280650072,0.6743649899552363,0.8879980478503803,1.7591447829511129,-0.29319079715851715,1.0793144959768903,-0.0001,4.139064394332799,with,True,3,4,4,Friday,2022,0,3,FALSE_BREAKOUT,False,False,True,False,False,False,False,False,False
474,ADAUSDT,-1,2022-11-25 04:00:03,2022-11-26 00:32:04.615,20.533781944444446,0.30933812,0.32254350311419355,0.31746348,-57.91408844535456,-0.6143103693579963,-55.912401927240175,2.58789638769264,0.586209869578257,0.07861339508462817,0.7619529030691431,0.7828716448891416,1.6129642010817,-0.21303300769003777,0.885342775176952,-0.0001,4.248061769293318,with,True,3,4,4,Friday,2022,0,3,FALSE_BREAKOUT,False,False,True,False,False,False,False,False,False
475,ETHUSDT,1,2022-11-26 04:00:03,2022-11-27 23:43:04.655,43.717126388888886,1215.4130340000002,1166.8438258561575,1194.840984,-40.3327027675385,-0.42998982219627396,-38.2002396450004,2.68536041161452,0.55289728907642,0.4650470300669977,0.5149977723730113,2.0090293774404517,1.2192150743120067,2.6863289366460403,1.0756508300200351,-4.472e-05,3.976906452911332,with,False,1,4,4,Saturday,2022,0,3,WHIPSAW,False,False,False,True,False,True,False,False,True
476,ATOMUSDT,1,2022-11-26 12:00:03,2022-11-27 23:22:06.909,35.3677525,10.3080612,9.856982580707532,9.9850026,-66.60015057469593,-0.7130213697950852,-64.5365765696399,2.4323355560160715,0.36876155096004004,0.3057976904699286,0.7915719892910508,0.7336610201545124,1.43744410879612,3.368172608964831,1.126324945826684,-0.00038935,4.347573210019092,with,False,1,4,12,Saturday,2022,0,3,LATE_ENTRY,False,False,False,True,False,True,False,True,False
477,LINKUSDT,1,2022-11-26 16:00:03,2022-11-28 00:59:20.000,32.988055555555555,7.1724342000000005,6.776913509665651,6.8366324,-39.51335772790439,-0.8501482654548457,-38.34789395640005,0.9598844325520799,-0.20557933895225997,0.30482804805503505,0.8455542482930289,1.4703802208384564,2.095986592433581,3.16428000092576,2.775194399700341,8.937e-05,5.495558364723866,with,True,1,4,16,Saturday,2022,0,3,WHIPSAW,False,True,False,True,False,False,False,True,True
478,FILUSDT,1,2022-11-27 04:00:03,2022-11-27 23:24:13.603,19.40294527777778,4.4858970000000005,4.314193394207836,4.313330555528994,-92.81722200423876,-0.9991823617135177,-89.6139962068159,2.7416707131028697,-0.46155508432,0.10543168220888445,1.065190210515349,0.11707966124097029,1.732954054248755,1.2411697956105987,2.3502164105195584,5.731e-05,3.8083970076290963,with,True,1,5,4,Sunday,2022,0,3,FALSE_BREAKOUT,False,False,False,True,False,False,False,False,False
479,XRPUSDT,1,2022-11-30 00:00:03,2022-12-02 01:47:00.465,49.782629166666666,0.39787955999999997,0.3795564128206539,0.39162166,-16.431637475701994,-0.3606765564866399,-15.03691829562996,1.1382411357906204,-0.2564780442814128,0.7488036779765536,0.7956908197754438,-0.04800267068701983,1.0251555999451651,0.4519503182553958,1.3770296968301836,-2.321e-05,4.562129036798113,with,True,2,2,0,Wednesday,2022,0,3,CHOP,False,False,False,False,False,False,False,False,False
480,ATOMUSDT,1,2022-11-30 00:00:03,2022-12-01 15:19:16.666,39.32046277777778,10.1780352,9.770147495589985,10.132973,-12.711553273529884,-0.1395255426662783,-9.67864857724006,2.6174901884582638,-0.4154145078315601,1.1301267359033456,0.10795912581796,0.5711493567499636,1.5828832144805798,1.2019097700015546,0.9544033634260577,-1.98e-05,3.997764610494396,with,False,2,2,0,Wednesday,2022,0,3,GAVE_BACK,False,False,False,False,False,True,False,False,False
481,ETHUSDT,1,2022-11-30 04:00:03,2022-12-03 11:07:07.489,79.1179136111111,1264.8129119999999,1214.7365989129737,1264.177114,-4.73758745498806,-0.051825234650641046,-1.1155711707996405,2.6624195397717596,-0.9595967444166603,0.9620733842021193,0.22850947473137,0.8021175187197775,3.220976418685073,1.9241962192132203,2.494862232698557,9.218e-05,3.939979209134112,with,True,3,5,4,Wednesday,2022,0,3,LATE_ENTRY,False,False,True,False,False,False,False,True,False
482,BTCUSDT,1,2022-11-30 04:00:03,2022-12-02 13:30:17.700,57.504083333333334,16840.16736,16420.465679520075,16847.82976,-3.62676628065818,-0.039687207447456824,1.5677270400002192,4.1355385264511995,-1.0589547942072,1.2111760892134813,0.33396902256793365,1.4053616352584855,2.679260082912323,1.458553440043101,3.324143074507564,3.404e-05,2.4721846946249912,self,True,3,5,4,Wednesday,2022,0,3,COSTS,False,True,True,False,False,False,False,False,True
483,XTZUSDT,1,2022-11-30 04:00:03,2022-12-03 23:34:20.000,91.57138888888889,0.9991998,0.9640408398645843,0.9908018000000001,-26.04274560852643,-0.291272490912491,-20.42749339279977,2.904316113526656,-2.7109361022000003,1.1888918170220453,0.4038742882414352,0.8760270463452927,1.1123730323335517,1.0289450549085322,2.124015808412221,0.0001,3.5959160135415615,with,False,3,5,4,Wednesday,2022,0,3,GAVE_BACK,False,False,True,False,False,True,False,False,False
484,FILUSDT,1,2022-12-02 12:00:03,2022-12-03 22:36:07.624,34.601284444444445,4.6039205999999995,4.403413468582526,4.40253278588881,-92.2213127719155,-1.0035900781414748,-89.02442975057767,2.388807029737837,-0.8080759916000002,0.4941440202129712,1.1666447888726525,0.12009248663512735,1.9440189538061754,1.8738739400090398,3.075595841243965,0.0001,4.336009807027446,with,True,2,5,12,Friday,2022,0,3,CHOP,False,True,False,False,False,False,False,False,False
485,DOTUSDT,1,2022-12-02 12:00:03,2022-12-05 19:18:16.842,79.303845,5.6121222,5.413515531490994,5.4829032,-58.243854425833916,-0.6339808268709725,-57.18763875029999,2.9461532955707876,1.8899376200368636,0.5733835669009071,0.6954560037531485,-0.4739125866548232,2.217895935345545,2.7192011810058507,2.4212189440162515,4.738e-05,3.5195948762966602,with,True,2,5,12,Friday,2022,0,3,CHOP,False,False,False,False,False,False,False,False,False
486,AVAXUSDT,1,2022-12-02 20:00:03,2022-12-07 06:48:06.206,106.80089055555555,13.387677,12.815136335669571,13.39732,0.0008013069883088253,8.750979373513482e-06,1.486608273500079,2.4775774020039,0.99177043549213,1.6755543488284839,0.19505514098392213,0.3987891414962067,1.6249500678166917,2.2145647792490966,1.2453053970402232,-4.636e-05,4.257479748452959,with,True,1,5,20,Friday,2022,0,3,WIN,False,False,False,False,False,False,False,False,False
487,ADAUSDT,1,2022-12-03 12:00:03,2022-12-05 19:18:10.909,55.30219694444445,0.32346468,0.3133929271068032,0.31783642,-53.18922570375261,-0.5853500108851858,-48.29643619277397,3.301825891821534,-1.590963619157111,0.5396597849090841,0.7212925175028005,-0.2546408780275341,1.3590387663955055,1.5089327479832388,2.0126656254564055,0.0001,3.0943329910936246,with,True,1,5,12,Saturday,2022,0,3,CHOP,False,False,False,True,False,False,False,False,False
488,AXSUSDT,1,2022-12-05 04:00:03,2022-12-08 01:52:15.862,69.87023944444445,7.0574112,6.776322663115114,8.108378,349.9164587459747,3.8466642714212784,326.97973352304007,2.8310536800682558,25.767778903002867,11.7599559079627,0.03348126574031694,5.551947501292486,1.809227753796399,1.2156866329857214,2.5945927229257078,-0.00018974,3.963681078300532,with,True,3,6,4,Monday,2022,0,3,WIN,False,True,True,False,False,False,False,False,True
489,ATOMUSDT,1,2022-12-05 04:00:03,2022-12-06 10:00:03.670,30.000186111111113,10.4440884,10.132962026215758,10.130935433810516,-91.00222681453856,-1.0006493454386696,-86.86979148693791,3.4245526434523335,-0.707882684148318,0.4014818752929751,1.057732252001926,-0.8263150335763061,2.2586221086451777,1.1163676611498328,2.0468821412191165,-0.00010514,2.9595668816725063,with,True,3,6,4,Monday,2022,0,3,CHOP,False,False,True,False,False,False,False,False,False
490,SOLUSDT,1,2022-12-05 04:00:03,2022-12-07 07:50:13.000,51.83611111111111,13.901779799999998,13.373692842308733,13.5752844,-57.25154224596999,-0.6297418060724475,-53.93599529471982,2.7234738475407356,-0.59207310370944,0.8923155422359251,0.6396291275147794,0.2219713974995238,1.8424314561214181,0.5645545662649462,2.5570070373512412,0.0001,3.7725367512682824,with,True,3,6,4,Monday,2022,0,3,CHOP,False,True,True,False,False,False,False,False,False
491,ALGOUSDT,-1,2022-12-05 20:00:03,2022-12-10 01:30:15.000,101.50333333333333,0.2344531,0.24260046056007645,0.22644528,83.13786313218303,0.9076857833054557,86.06198423713198,2.9720320222841923,0.04791091733524977,2.2403697326768017,0.300330393132502,2.768148019680667,1.21944370401396,1.3535825114554942,1.9966815294833875,-0.0001,3.4984900000326116,against,True,2,6,20,Monday,2022,0,3,WIN,False,False,False,False,True,False,False,False,True
492,XRPUSDT,-1,2022-12-05 20:00:03,2022-12-08 18:48:08.000,70.8013888888889,0.38422313999999996,0.39731634190816123,0.39237846,-60.11091644109385,-0.6524113737324996,-54.81507813948014,3.13190487097344,-2.1639334306402622,0.9793738834812455,0.6397869718008831,0.11633059741105599,1.0064769183437252,0.8903449662271373,1.8863570204076714,-4.921e-05,3.36013056924069,against,True,2,6,20,Monday,2022,0,3,CHOP,False,False,False,False,True,False,False,False,False
493,LINKUSDT,-1,2022-12-06 20:00:03,2022-12-13 13:30:18.053,161.5041813888889,7.0545888,7.359144467460673,6.861372,54.480102468530866,0.5846768841854627,57.00272372760002,2.46328787834136,-0.05933338072779504,2.040969406948454,0.33298083350589586,3.0260110004979763,0.9170545064823415,1.9561630300144819,2.172552900100378,-4.139e-05,4.29626512841091,against,False,1,6,20,Tuesday,2022,0,3,WIN,False,False,False,False,True,True,False,False,True
494,BTCUSDT,1,2022-12-08 20:00:03,2022-12-11 23:00:06.792,75.00105333333333,17245.34838,16923.920586038843,17077.5838,-49.52573036442477,-0.5447188569497272,-43.70267308999977,5.364674299734,-0.45838297469100003,0.3734948322935316,0.6015297483059755,3.592258173353659,2.7322523467073334,1.2541692401782791,2.440948015771046,1.67e-06,1.8442249053825872,self,True,2,4,20,Thursday,2022,0,3,WHIPSAW,False,False,False,False,False,False,False,False,True
495,ETHUSDT,1,2022-12-08 20:00:03,2022-12-11 22:38:09.943,74.63526194444445,1283.936736,1241.925825912491,1258.328284,-56.87681790415751,-0.6257233116517065,-52.825114785600356,3.1465105699536,-0.9051925486035601,0.32594542635417384,0.7125943222282417,1.6772610698798114,2.5032227863241943,1.086358453766416,2.289641763339393,-9.2e-07,3.2526933571847416,with,True,2,4,20,Thursday,2022,0,3,WHIPSAW,False,False,False,False,False,False,False,False,True
496,SOLUSDT,1,2022-12-09 12:00:03,2022-12-11 22:38:00.472,58.63263111111111,13.8547704,13.355708588797036,13.517296,-61.02182064570809,-0.6711638648053749,-58.86653702543994,2.864748425714784,0.709464805446636,0.11467437242303134,0.9192656895428556,2.214614653314988,1.4709100007000888,0.1470910000700096,1.9809104531513932,-2.372e-05,3.5828141149506525,with,True,1,5,12,Friday,2022,0,3,WHIPSAW,False,False,False,False,False,False,False,False,True
497,DOGEUSDT,-1,2022-12-12 00:00:03,2022-12-13 00:02:15.978,24.03693833333333,0.092591478,0.09613520047354181,0.09172388849109088,18.133493648259723,0.20076938669017988,21.225211212688986,2.7055185960719275,-0.38619896835733475,3.496740529913802,0.1068147979493652,2.427243686327161,2.076695214098197,1.5617885925204311,2.5172656521673678,-5.732e-05,3.795293104666178,against,True,5,6,0,Monday,2022,0,3,WIN,False,True,True,False,True,False,False,False,True
498,AVAXUSDT,-1,2022-12-12 00:00:03,2022-12-13 13:30:07.715,37.501309722222224,12.967406,13.300370031839673,13.303030105846041,-90.59522860809466,-1.0033115769397056,-85.67872586376775,4.02381852953122,-0.892684214795672,1.577966235863552,1.5995541532139175,1.2055536382779113,3.081889033327226,1.7419372797066897,2.7922685822820252,-8.58e-06,2.5313755152611246,against,True,5,6,0,Monday,2022,0,3,GAVE_BACK,False,True,True,False,True,False,False,True,True
499,FILUSDT,-1,2022-12-12 00:00:03,2022-12-14 07:18:18.823,55.30439527777778,4.2761446,4.391737932574626,4.3628724,-68.09927664914986,-0.7544668557745534,-63.93732995151952,3.8213053741876792,-0.3406413234426479,1.4546219600637247,0.7513876282088069,16.84478297001204,1.7584283050755773,1.213315530502141,2.172214076624341,0.00028529,2.6586707006691603,against,True,5,6,0,Monday,2022,0,3,GAVE_BACK,False,False,True,False,True,False,False,False,True
500,DOTUSDT,-1,2022-12-12 00:00:03,2022-12-13 13:30:11.289,37.5023025,5.1559686000000005,5.277491980334965,5.278547478731031,-89.03617696212632,-0.9867871116461657,-85.22648345156881,4.352938064609526,0.5432445540520241,1.423335982946114,1.5555146629311785,0.7732553171331089,1.908077842218888,2.0838218540022133,3.360555140286956,5.936e-05,2.3166339731478076,against,True,5,6,0,Monday,2022,0,3,GAVE_BACK,False,True,True,False,True,False,False,False,False
501,ATOMUSDT,-1,2022-12-12 00:00:03,2022-12-13 13:59:20.000,37.988055555555555,9.5240948,9.836396582818482,9.811962,-82.43263212948916,-0.9139816345928132,-79.26639252399976,3.1945969561836,0.028357350694200034,1.2939240895556203,0.9154773226708605,1.7966429616129491,2.6589887162719887,2.408504271985487,1.3135085670079403,5.472e-05,3.2692554626612282,against,True,5,6,0,Monday,2022,0,3,GAVE_BACK,False,False,True,False,True,False,False,False,True
502,XTZUSDT,-1,2022-12-13 04:00:03,2022-12-13 13:31:10.569,9.518769166666667,0.9408118,0.9648132678351888,0.9650062304887559,-88.67209768967086,-1.00091386070687,-84.03307826742488,3.971618735823351,-0.6674006864226241,1.1587541308296447,1.2161006235296494,1.700387671297555,2.095653033102571,2.7001683311129323,1.5562469872529852,-7.55e-06,2.63970934416903,against,True,1,6,4,Tuesday,2022,0,3,GAVE_BACK,False,False,False,False,True,False,False,False,True
503,SOLUSDT,1,2022-12-14 16:00:03,2022-12-15 01:45:07.020,9.751116666666666,14.481895799999998,13.90244975313997,13.899669263189343,-86.66310208047977,-0.9967647709371162,-84.00248027796766,2.456901266512099,-0.20372053599999998,0.8251056376876005,1.056001336648708,0.05713077201819078,2.5937137212635326,2.886328954169766,2.232128000359821,0.0001,3.988606677210154,with,True,1,1,16,Wednesday,2022,0,3,CHOP,False,False,False,False,False,False,False,False,False
504,ALGOUSDT,-1,2022-12-15 20:00:03,2022-12-26 12:40:16.666,256.6704627777778,0.21425713999999998,0.22418351534906145,0.16893377999999998,248.81173623074403,5.7986098902146095,250.52244957839216,1.7167858734574104,0.006072525809301052,5.264473502398928,0.18565286272136022,5.4256602340845586,1.3622456143445068,0.9415521157969348,2.3552156220211744,-0.0001,4.660838164827933,against,True,3,3,20,Thursday,2022,1,3,WIN,False,False,True,False,True,False,False,False,True
505,AVAXUSDT,-1,2022-12-15 20:00:03,2022-12-19 00:28:05.000,76.46722222222222,13.2963402,13.906327213048979,12.026404799999998,84.85957664321961,1.966961450099541,86.7915760228201,1.0383839750150998,-0.8936154045853829,2.9301282843155945,0.03222986650442448,3.590798087735887,1.1375456911283768,0.4602786033467379,0.810027454581379,-0.0001,4.574576726191752,against,False,3,3,20,Thursday,2022,0,3,WIN,False,False,True,False,True,True,False,False,True
506,LTCUSDT,-1,2022-12-15 20:00:03,2022-12-20 02:43:10.833,102.7188425,72.695458,75.89437274366003,65.20303799999999,167.85968422631979,1.9456244639059717,169.85821703240032,2.89551040399272,0.8969775979121601,3.6810790357379624,0.27026103203076857,2.668235537354207,1.9093242184367558,1.9909729514620087,1.1262771280485464,-0.0001,4.379552666290799,against,True,3,3,20,Thursday,2022,1,3,WIN,False,False,True,False,True,False,False,False,True
507,FILUSDT,-1,2022-12-16 12:00:03,2022-12-22 22:02:13.333,154.03620361111112,3.8902218,4.0616750661295615,2.9975994,410.3671467862113,4.687441631281927,422.6711929996201,2.3683174858621077,-9.93572872754669,9.105815451892505,0.01620383246534626,5.816289316101057,3.4334247719298485,2.0038076313993334,5.614499862469524,-0.0001,4.386406222810618,with,True,3,6,12,Friday,2022,1,3,WIN,False,True,True,False,False,False,False,True,True
508,ETHUSDT,-1,2022-12-16 12:00:03,2022-12-20 02:43:11.859,86.7191275,1211.8575799999999,1258.0807209702918,1195.499052,27.63246774377941,0.3157093993253219,29.72835293439996,2.6249335244001597,0.52904833377961,1.3815067228131837,0.1437033455660071,0.6459444203324392,3.4305682179693497,2.666769842065438,2.4251150983039538,-0.0001,3.793475865876736,with,True,3,6,12,Friday,2022,0,3,WIN,False,False,True,False,False,False,False,True,False
509,ADAUSDT,-1,2022-12-16 12:00:03,2022-12-22 20:22:07.586,152.36794055555555,0.28604278000000005,0.2967822107286279,0.25495098,234.0416621677231,2.6848777345353967,241.61375259148255,3.190969294263752,-4.381121129495696,3.709952697380131,0.0611969122579301,3.0488375806287653,2.949302401924647,2.6803408621264864,3.265616211972415,-0.0001,3.7700037512685074,with,True,3,6,12,Friday,2022,1,3,WIN,False,True,True,False,False,False,False,False,True
510,XRPUSDT,-1,2022-12-19 04:00:03,2022-12-20 20:06:20.000,40.10472222222222,0.34103178,0.35423032715764663,0.34946987999999996,-62.217119856345,-0.658614983666635,-57.996737106659644,2.8475730256858056,-1.3728097239995514,0.7449138062369188,0.6340258439090264,0.35850764053668177,1.844247667443184,3.1518494972287203,1.9536491479224125,0.00030744,3.8798613365532586,with,True,1,6,4,Monday,2022,0,3,LATE_ENTRY,True,False,False,False,False,False,False,True,False
515,DOTUSDT,-1,2022-12-22 08:00:03,2022-12-22 23:58:10.000,15.96861111111111,4.431113600000001,4.577324358836864,4.5339066,-67.32365095713918,-0.7078848450076471,-63.77124558429953,3.337058971967412,-0.21534640087222998,0.45218013042232763,0.7105250039493471,0.26751519731623713,1.122471641693663,1.7252804863069093,0.9342228775630576,0.00020639,3.2556814535724046,with,True,2,5,8,Thursday,2022,0,3,CHOP,False,False,False,False,False,False,False,False,False
516,AXSUSDT,-1,2022-12-22 08:00:03,2022-12-22 09:16:16.160,1.2703222222222221,6.7116574,7.050874369182065,7.052284544055901,-47.3928866811693,-0.9969421499886045,-46.27106375026884,1.1218229309004653,0.0,0.004885958400007017,1.0475378070171968,-0.3606617920530262,0.7162425507026158,0.02959679961581005,0.7546125796223665,0.00038745,5.0331352477590405,with,True,2,5,8,Thursday,2022,0,3,FALSE_BREAKOUT,True,False,False,False,False,False,True,False,False
517,ETHUSDT,-1,2022-12-22 16:00:03,2022-12-22 20:21:16.753,4.3538202777777775,1185.9127700000001,1219.8189983459674,1220.0629621456367,-94.92860481899208,-0.9941371629514176,-91.07856245241264,3.8500423665794474,0.0,0.11539974190215439,1.123310726612559,-0.04799206751621387,1.7279991344609875,0.22869703223357388,2.211942445922768,-7.887e-05,2.83851101007185,with,True,2,6,16,Thursday,2022,0,3,FALSE_BREAKOUT,False,False,False,False,False,False,True,False,False
518,SOLUSDT,-1,2022-12-22 16:00:03,2022-12-29 22:38:19.033,174.63778694444446,11.7546486,12.262121235746914,10.7901576,140.23607954016308,1.4691183725193122,158.11039926139978,2.773430931614088,-15.100888789622623,7.838153862514316,0.6923553611572969,5.822281620468563,1.1782879947914118,1.4559989699947753,1.7352771234210569,0.00010761,4.287474364236394,with,True,2,6,16,Thursday,2022,1,3,WIN,False,False,False,False,False,False,False,False,True
519,XTZUSDT,-1,2022-12-28 04:00:03,2023-01-02 07:14:13.333,123.23620361111111,0.7538492,0.7761557635867097,0.7281456,98.27304639565797,1.0797775812099428,99.4926852166002,3.441875273402279,2.22223645246005,2.5485413644740404,0.27573946906213187,1.4277950019596866,3.1957486404150646,1.986546452149905,2.656226202168749,-0.0001,3.0751346064687466,with,True,5,6,4,Wednesday,2022,0,3,WIN,False,True,True,False,False,False,False,True,True
520,AXSUSDT,-1,2022-12-28 04:00:03,2023-01-01 13:30:16.923,105.5038675,6.4617074,6.740312363907109,6.0972192,102.19406783007261,1.0841323662384634,118.90869858054008,2.458294591003811,-14.256336159463661,2.256626698904113,0.07642577397543791,1.3808346937000973,2.7045314151633955,1.8895659487274892,2.23053068778235,0.00040167,4.290768434273697,with,True,5,6,4,Wednesday,2022,0,3,WIN,True,False,True,False,False,False,False,False,True
521,DOGEUSDT,-1,2022-12-28 04:00:03,2022-12-31 13:34:15.623,81.57017305555556,0.07174564800000001,0.07463960285034542,0.07103636371927113,19.6344834321444,0.20834260696134477,22.216514397001777,2.6833686056606205,0.10133764080324248,2.151259546864371,0.3263188435325043,0.9452974014689596,2.3406005446867484,1.8162226778503956,2.4564625047792426,-0.0001,4.012824484873769,with,True,5,6,4,Wednesday,2022,0,3,WIN,False,False,True,False,False,False,False,False,False
522,LINKUSDT,-1,2022-12-28 04:00:03,2023-01-01 18:09:20.000,110.15472222222222,5.7858426,5.93373288923515,5.6281254,93.67436178252721,0.9942329027010927,94.55920531451973,4.10594054509728,3.2210970131047674,2.744213985238041,0.2174409162786111,1.6217603011015898,2.7447476139347753,1.5507824018731404,2.633008840343977,-6.809e-05,2.517845356516077,with,True,5,6,4,Wednesday,2022,0,3,WIN,False,True,True,False,False,False,False,False,True
523,AVAXUSDT,-1,2022-12-28 04:00:03,2022-12-31 14:26:19.310,82.43786388888888,11.4337128,11.726185709417058,11.026204799999999,118.56662144492836,1.2589191812756038,123.49974123720054,4.084033705069103,-0.84908608720308,3.0796452286649645,0.16509973554898696,2.713799379169816,1.8677694400899445,0.9786836180545031,1.8000248632655327,-0.0001,2.5374755982603876,with,True,5,6,4,Wednesday,2022,0,3,WIN,False,False,True,False,False,False,False,False,True
525,LTCUSDT,1,2022-12-30 16:00:03,2023-01-05 13:15:18.684,141.25435666666667,67.81356,65.45468659873414,74.225152,254.64928173893935,2.544571659233017,260.050965724,3.456611483618399,-1.9450725014421997,4.364982026790661,0.1710816696578267,3.852025291024059,0.7077945314703084,-0.8186539159174615,1.312976166398591,3.86e-06,3.4591643086516943,against,False,1,6,16,Friday,2022,0,3,WIN,False,False,False,False,True,True,False,False,True
526,FILUSDT,1,2022-12-31 16:00:03,2023-01-03 19:12:06.000,75.20083333333334,3.0716142,2.9537285347228734,3.0303938,-36.50819418239986,-0.3709966642825174,-33.03188097715986,2.9338987779499193,-0.542414427290082,1.2502436123469656,0.8110757128547342,3.6254263738962527,1.6883902621332685,-0.4604700714908852,2.0613042127161028,-0.00012841,3.8186735681252584,against,False,1,5,16,Saturday,2022,0,3,GAVE_BACK,False,False,False,True,True,True,False,False,True
527,ALGOUSDT,1,2023-01-01 16:00:03,2023-01-05 17:51:20.000,97.85472222222222,0.1745349,0.16861055435837244,0.18286342,104.12089586435913,1.065940604905437,110.0784978263361,4.162633845066372,-1.7949681169106169,2.8636242762060227,0.25908346555862555,3.5050453258657877,0.3005286478417543,2.3708371107515935,1.1203210592300603,-5.961e-05,3.4303812380455754,against,False,1,5,16,Sunday,2023,1,3,WIN,False,False,False,True,True,True,False,False,True
528,XRPUSDT,-1,2023-01-02 04:00:03,2023-01-02 08:05:12.884,4.086078888888889,0.32803438,0.341985538320058,0.342053935427722,-99.28665349358019,-1.0056190353709444,-95.6186603992379,2.742153161733682,-0.925839932608605,0.14582158365123798,1.1300581384223327,-0.8003364124932079,1.4362877633288347,-0.0,6.141217710359044,-0.0001,4.200346837312003,with,True,2,6,4,Monday,2023,0,3,FALSE_BREAKOUT,False,True,False,False,False,False,True,False,False
529,ATOMUSDT,1,2023-01-02 04:00:03,2023-01-05 09:37:05.000,77.61722222222222,9.626925,9.37799987445557,10.0259944,146.03588265340113,1.4794680417647201,149.02492501834004,4.403406785852004,1.414364420913108,3.3065163598886746,0.2487695842858887,2.96906549061109,1.9593485935556905,2.170730599499455,1.9230641661613603,-2.606e-05,2.5561110301790353,against,True,2,6,4,Monday,2023,0,3,WIN,False,False,False,False,True,False,False,False,True
530,ADAUSDT,1,2023-01-04 04:00:03,2023-01-16 15:14:13.333,299.23620361111114,0.26465292,0.2567050174150926,0.33853228,1026.714009936025,9.98193872950515,1045.0407759465281,5.409335939144424,-12.91743007135888,13.330193578515564,0.38411643416431995,11.70712386141859,2.96390774119415,2.5965858416444454,3.4060745097093386,9.699e-05,2.983742473509969,with,True,3,6,4,Wednesday,2023,1,3,WIN,False,True,True,False,False,False,False,False,True
531,DOTUSDT,1,2023-01-04 04:00:03,2023-01-05 08:39:10.031,28.651953055555555,4.675935,4.55548911252895,4.554578014706444,-102.72548076231836,-0.9990513009382574,-97.54199972083505,4.4514752688972985,-0.7320057725860021,0.050354562761291556,1.02896829939328,0.24961416808213452,3.095952241921296,3.2633010117548764,3.228844907893916,-2.881e-05,2.5563826197015924,with,True,3,6,4,Wednesday,2023,0,3,LATE_ENTRY,False,True,True,False,False,False,False,True,False
532,AVAXUSDT,1,2023-01-04 04:00:03,2023-01-05 23:25:14.339,43.41981638888889,11.8163628,11.419260139471806,11.672665,-38.82736152774244,-0.37775850351917056,-35.50350166468,3.482068915177608,0.15820905211517006,1.182659414508393,0.4315327421177879,0.8401787073302973,3.4351737323551936,2.8601114630007385,2.348085779935326,1.246e-05,3.3412888143574833,with,True,3,6,4,Wednesday,2023,0,3,GAVE_BACK,False,False,True,False,False,False,False,True,False
534,ETHUSDT,1,2023-01-06 16:00:03,2023-01-18 15:53:18.958,287.8877661111111,1262.732496,1235.6116741619487,1539.692,1001.3025752746292,10.032814412220743,1032.5327348091998,6.74180939879448,-24.48835013577606,14.092032545406823,0.2371792432549051,15.475471447960956,1.0242543642606028,1.745921955939853,2.569515710906252,0.0001,2.1282179391397342,with,True,2,3,16,Friday,2023,1,3,WIN,False,True,False,False,False,False,False,False,True
535,DOTUSDT,1,2023-01-06 16:00:03,2023-01-16 08:09:10.577,232.15210472222222,4.6689336,4.544647967930335,5.7668463999999995,956.3468969465563,9.586538496667263,973.9427537895997,5.978903918908703,-11.616952924134699,15.368360511127863,0.5787764748195452,12.439622941559318,1.5565207705015,1.5322001334624133,2.3083873937965933,0.0001,2.6425028292558834,with,True,2,3,16,Friday,2023,1,3,WIN,False,False,False,False,False,False,False,False,True
536,ATOMUSDT,1,2023-01-07 00:00:03,2023-01-08 13:53:13.333,37.886203611111114,10.246048799999999,9.924203933167705,10.0199956,-70.07298086069777,-0.6977547738126554,-67.11743300667972,3.6103135297197353,0.654765675701676,0.37269881350167666,0.7303170695665574,3.9272063352764888,1.0163237056824939,0.8939884448133008,1.191210465306145,-7.04e-05,3.1123310244293134,with,True,1,4,0,Saturday,2023,0,3,WHIPSAW,False,False,False,True,False,False,False,False,True
537,AXSUSDT,1,2023-01-07 04:00:03,2023-01-16 15:12:11.136,227.20226,6.966393,6.588556988543593,8.7072582,241.49974735932258,4.813908940795365,245.76752832012,1.6972236796464717,-2.5705572811509505,8.674681344867407,0.6388829880707424,5.935397717532657,1.4876089685751834,1.2883756245695759,2.0372343636038948,1.205e-05,5.404781212583005,with,True,2,6,4,Saturday,2023,1,3,WIN,False,False,False,True,False,False,False,False,True
538,XTZUSDT,1,2023-01-07 04:00:03,2023-01-11 03:21:20.000,95.35472222222222,0.7821564,0.7575664340418798,0.8148369999999999,115.57715953072776,1.1896988819922505,122.8594803205998,3.6022431509720394,-3.6800776389,2.962330249828813,0.12836130010817023,7.3136986161874615,1.7299972828211354,1.7693154028852567,1.2388039095371464,0.0001,3.2482204288786947,with,True,2,6,4,Saturday,2023,0,3,WIN,False,False,False,True,False,False,False,False,True
540,ATOMUSDT,1,2023-01-08 16:00:03,2023-01-16 12:59:14.025,188.98639583333335,10.465092599999998,10.140915573381898,12.3685258,586.7811972085801,5.768197624052817,590.9200034793207,4.728012662516232,0.5892063917756829,9.26625625306503,0.46299579450710693,6.752197781672739,1.6206930756665852,1.6455312837227754,3.1947596131404192,-0.0001629,3.0783181364627823,with,True,1,6,16,Sunday,2023,1,3,WIN,False,True,False,True,False,False,False,False,True
541,XRPUSDT,1,2023-01-11 08:00:03,2023-01-16 08:09:17.614,120.15405944444444,0.36197238,0.3482004709348778,0.3789242,121.84852057980649,1.1102459777630176,129.63827892291803,3.3995839086685447,-4.390174434442999,3.443794159236218,0.36105234041900014,2.666850312932577,2.1618395651214275,1.6544690549398666,3.3046524152766548,0.0001,3.758852699038749,with,True,1,6,8,Wednesday,2023,0,3,WIN,False,True,False,False,False,False,False,False,True
546,ETHUSDT,1,2023-01-20 20:00:03,2023-01-23 14:59:09.299,66.98508305555555,1600.9101179999998,1542.878235787186,1603.069322,-2.297942609985741,-0.017826461378318104,4.59349058960058,4.0896875163936,-2.8017456831927205,1.4049153481014953,0.2705429739884099,0.7061615173831413,1.6928957437469443,1.4792477957387586,1.7516694696525064,0.0001,3.6056556777696898,with,True,6,6,20,Friday,2023,0,3,COSTS,False,False,True,False,False,False,False,False,False
547,ALGOUSDT,1,2023-01-20 20:00:03,2023-01-24 21:53:03.636,97.88351,0.23144627999999998,0.21942370065098116,0.24485102,31.47382507060071,0.4884517502709596,35.39377536346014,2.3192587495964325,-1.600691543263,2.391643187811162,0.07870856764835521,2.3417370917412734,2.4418380800072916,1.5493041611080758,1.558466173582913,0.0001,5.134586834854667,with,True,6,6,20,Friday,2023,1,3,WIN,False,False,True,False,False,False,False,False,True
548,ATOMUSDT,1,2023-01-20 20:00:03,2023-01-23 14:59:18.264,66.98757333333333,12.8255646,12.164966181131854,12.7994396,-4.922102539495909,-0.07639513492258727,-2.4712578000000374,1.4543768383758717,-0.99646790112,1.452373140165662,0.06746095468462558,1.4130148867133643,2.453450573939936,2.1277443563077076,2.023592859473988,5.377e-05,5.124269371924388,with,True,6,6,20,Friday,2023,0,3,GAVE_BACK,False,False,True,False,False,False,False,False,True
549,LTCUSDT,1,2023-01-20 20:00:03,2023-01-22 20:53:03.333,48.883425833333334,87.527502,83.7349601043581,87.10257600000001,-19.217760681383048,-0.14915287276311456,-13.92214798619951,3.43291649194116,-1.8626962032423802,1.2610270714466414,0.26565349249213194,1.5088819471120027,1.758281501256539,1.025221540007592,1.494888788483752,0.0001,4.302902737876459,with,True,6,6,20,Friday,2023,0,3,GAVE_BACK,False,False,True,False,False,False,False,False,True
550,XRPUSDT,1,2023-01-20 20:00:03,2023-01-24 22:28:08.571,98.46821416666667,0.40228044,0.38358966428818464,0.40381922,1.9531502917927106,0.03032458150242979,5.126088880795873,1.6112004980332872,-1.561738090969875,1.654268419713268,0.4965251385544886,1.1834479392964465,0.9349643267828319,2.041876115962512,1.1144881257536334,-2.67e-05,4.627134687174388,with,True,6,6,20,Friday,2023,0,3,WIN,False,False,True,False,False,False,False,False,True
551,DOTUSDT,1,2023-01-20 20:00:03,2023-01-24 22:27:06.666,98.45101833333334,5.989197600000001,5.6635762245993675,6.2427512,46.942891962741534,0.728914221459623,48.71401075535984,1.410038631836928,-0.361080160781379,2.5330106138922583,0.0036778912272781776,1.9341555793906717,1.1922914959803685,0.6176561615774552,1.3160364605733352,0.0001,5.433691357499295,with,True,6,6,20,Friday,2023,0,3,WIN,False,False,True,False,False,False,False,False,True
552,LTCUSDT,1,2023-01-23 12:00:03,2023-01-24 21:54:08.807,33.90161305555556,92.058408,87.8537622705406,87.8361915180865,-65.98489632654811,-1.0032875136268633,-63.80824658291786,1.6311942811302491,-0.5454554625,0.28339890603653906,1.086514368616586,-0.01389130113644786,1.5144863740977113,2.4198339068785244,2.0575012410259257,0.0001,4.548280888156672,with,True,1,6,12,Monday,2023,0,3,FALSE_BREAKOUT,False,False,False,False,False,False,False,False,False
554,ALGOUSDT,1,2023-01-27 20:00:03,2023-01-30 08:25:18.333,60.420925833333335,0.25595118,0.241475504939046,0.25254948,-16.932590353018703,-0.26289342421330814,-14.719230397230032,1.3201760951906722,-0.893183860598,0.6112889355929493,0.45947287238717993,0.13462722752437783,1.6754517278182937,1.5777170436955592,1.2524097606314188,0.0001,5.599880790052404,with,True,2,2,20,Friday,2023,0,3,CHOP,False,False,False,False,False,False,False,False,False
555,XTZUSDT,1,2023-01-27 20:00:03,2023-01-29 00:17:10.000,28.28527777777778,1.1222244000000001,1.0661796164282162,1.084783,-43.07930199753252,-0.6778885232953636,-41.13690362140008,1.45490474243244,-0.4874936337000001,0.4063821563487386,0.7177188925795279,1.066568486671688,1.161554988741303,1.2319522607862308,0.8063302490802539,0.0001,5.059695776650382,with,True,2,2,20,Friday,2023,0,3,WHIPSAW,False,False,False,False,False,False,False,False,True
556,ADAUSDT,1,2023-01-28 00:00:03,2023-01-30 09:15:19.259,57.25451638888889,0.38997798,0.37065796223540914,0.37652468,-45.74562873326227,-0.7112326523962963,-43.386523879580004,1.4831700457962695,-0.875934807886,0.47732978884221505,0.697617370968573,1.0518634220536576,1.0753779024296088,2.161095976997963,1.4152145437064545,0.0001,4.959496862715614,with,True,2,4,0,Saturday,2023,0,3,WHIPSAW,False,False,False,True,False,False,False,False,True
557,DOTUSDT,1,2023-01-28 00:00:03,2023-01-28 22:40:20.000,22.671388888888888,6.5823162,6.245367279721163,6.3127372,-51.46300320582455,-0.799322292550103,-49.94921459400005,1.43356371856344,-0.08022489326106,0.23351848088691213,0.7963112028314517,0.34035960081158545,0.6673961937140835,1.0279093162114243,1.086590637538732,4.78e-05,5.100026140082631,with,True,2,4,0,Saturday,2023,0,3,FALSE_BREAKOUT,False,False,False,True,False,False,False,False,False
558,ATOMUSDT,1,2023-01-28 04:00:03,2023-01-30 19:09:10.277,63.15202138888889,13.760751599999999,12.988423976029559,13.002399,-63.773504536076665,-0.9883031182678876,-61.60447011995988,1.3044563002384557,-0.8645781158783281,0.3227236632022117,1.1144902412980926,1.9179016184674165,2.322855993805868,1.94225290022619,1.0884673358860333,0.0001,5.559339954704004,with,True,1,5,4,Saturday,2023,0,3,WHIPSAW,False,False,False,True,False,False,False,False,True
559,DOGEUSDT,1,2023-01-28 08:00:03,2023-01-30 09:05:15.555,49.086820833333334,0.090158028,0.08544649866508165,0.08678264000000001,-46.827024970396685,-0.7291051592238732,-44.64480194623311,1.404190761908415,-0.7780322622551626,0.18719441975315207,0.7445624871739848,1.645319693235941,1.8106112059318642,1.0206039580606494,3.2239804013209588,0.0001978,5.196384483433211,with,True,1,6,8,Saturday,2023,0,3,WHIPSAW,False,True,False,True,False,False,False,False,True
560,LTCUSDT,1,2023-01-29 04:00:03,2023-01-30 19:10:04.676,39.16713222222222,94.70893799999999,90.75926110471228,90.74110925249134,-128.41751568540545,-1.00666117775122,-123.41891640838175,3.4610431048704107,-1.5375561721533,0.807929885051412,1.2909759798538063,2.0282828728491356,2.6610772881759632,1.8240845273634496,7.1599404777129925,0.0001,4.151165799226648,with,True,1,5,4,Sunday,2023,0,3,WHIPSAW,False,True,False,True,False,False,False,False,True
561,XTZUSDT,1,2023-01-29 08:00:03,2023-01-30 09:07:10.320,25.1187,1.1572314,1.0970995269900636,1.0968801070846657,-63.818398538100794,-1.0010602277996044,-62.07211950587564,1.3910304693251545,-0.3552485629,0.41190468149740206,1.201216532670857,-0.685682948761411,1.3689374370449032,1.853073847707132,3.5192468968691237,0.0001,5.177223250642739,with,True,1,6,8,Sunday,2023,0,3,CHOP,False,True,False,True,False,False,False,False,False
562,XRPUSDT,-1,2023-01-30 12:00:03,2023-02-01 20:30:09.230,56.501730555555554,0.3974205,0.4123846750111062,0.41118222,-112.74406721657336,-0.8955586755351946,-111.05712856601981,3.9152560683057116,2.228317417752166,0.9503029728966531,0.9609283498306944,-0.5131923406603031,1.9483126086637177,1.4713119355081168,2.8233726119776863,-0.0001,3.7445723298380305,against,False,1,3,12,Monday,2023,0,3,CHOP,False,True,False,False,True,True,False,False,False
563,LTCUSDT,1,2023-02-01 04:00:03,2023-02-05 12:41:05.714,104.68408722222222,96.84936599999999,91.85706523274891,97.660464,6.8595593508242585,0.10973201183156936,9.850541880600188,1.4173581194405998,-1.57362441033533,1.1759375633997644,0.6268384350014069,1.12185428344773,0.6165706670561134,1.7670995915301142,1.4542824725785377,0.0001,5.125939648059365,with,True,1,2,4,Wednesday,2023,0,3,WIN,False,False,False,False,False,False,False,False,True
564,ATOMUSDT,1,2023-02-01 08:00:03,2023-02-05 00:56:08.125,88.93475694444444,13.6157226,12.949881320625053,14.4911012,76.47546381114968,1.2225216558261254,79.63590491565995,1.534178935343868,-1.626262169166396,2.787867705863124,0.2398808919596253,2.1811164987597556,0.848790432148117,0.7762958756657129,1.2576142874550469,0.0001,4.864227735637279,with,True,1,3,8,Wednesday,2023,0,3,WIN,False,False,False,False,False,False,False,False,True
565,ETHUSDT,1,2023-02-01 20:00:03,2023-02-05 12:55:07.910,88.91803055555556,1617.9335219999998,1557.9519476989321,1641.6716000000001,40.03876521313215,0.3189298301731176,47.62807969920063,3.92404303006848,-3.665271456,1.6516151693977263,0.08208390755612732,1.3515230126021753,0.6853534763157366,0.7121774871304413,2.7580997367318303,0.0001,3.687441413270756,with,True,2,5,20,Wednesday,2023,0,3,WIN,False,True,False,False,False,False,False,False,True
566,BTCUSDT,1,2023-02-01 20:00:03,2023-02-03 13:30:17.874,41.504131666666666,23384.47596,22729.1548190163,23315.336,-19.738253289573677,-0.15733390437251,-12.521246756000078,5.0744015675736,-2.142604966,1.3686786277848972,0.13195966769848325,0.5118468168087768,0.6924369371723268,0.4808333724838421,2.724292412109648,0.0001,2.783353140876144,self,True,2,5,20,Wednesday,2023,0,3,GAVE_BACK,False,True,False,False,False,False,False,False,False
567,LINKUSDT,1,2023-02-02 00:00:03,2023-02-05 12:50:17.142,84.83726166666666,7.2224442,6.839539822541078,7.128574,-18.38968792315406,-0.29080022954799717,-15.04887620915993,1.3804169781285358,-1.9603947358655942,0.7118116585889386,0.544376644067909,0.1894880400206022,1.4208560474398808,0.6344043606650415,2.283054099792508,0.0001,5.282650290249582,with,True,2,6,0,Thursday,2023,0,3,CHOP,False,False,False,False,False,False,False,False,False
568,DOTUSDT,1,2023-02-02 00:00:03,2023-02-05 12:51:04.102,84.85030611111111,6.4652928,6.152761133782661,6.759647800000001,55.26332831507859,0.8739754791865268,57.64654207100008,1.553985007255272,-0.82922874866622,2.1108491436551904,0.06813005625226155,1.7876818908054801,1.3280089790921732,0.7381409131361854,1.911342390328287,-1.87e-06,4.800230020382769,with,True,2,6,0,Thursday,2023,0,3,WIN,False,False,False,False,False,False,False,False,True
569,ALGOUSDT,1,2023-02-03 16:00:03,2023-02-05 12:54:16.551,44.90376416666667,0.27045408,0.25545456489723956,0.26284742000000005,-33.16000422710519,-0.5223499665746694,-31.29089577787772,1.3162792858904702,-0.552829163337,0.2630698374558659,0.5369560245662698,1.969791676436429,1.1909991162928608,2.448908295298811,3.4116287724336383,0.0001,5.527157952204288,with,True,1,6,16,Friday,2023,0,3,WHIPSAW,False,True,False,False,False,False,False,False,True
570,XTZUSDT,1,2023-02-05 12:00:03,2023-02-05 12:56:15.050,0.9366805555555555,1.210242,1.1559495249465706,1.1557183350415812,-125.29293880897728,-0.9949203828329597,-122.11359362976658,3.1793451792107,0.0,0.45601162915552457,1.091164105922592,1.0085743916834193,2.0721371993361215,3.5152327488737733,1.347511219437632,0.0001,4.4669814093743305,with,True,1,6,12,Sunday,2023,0,3,WHIPSAW,False,False,False,True,False,False,True,True,True
571,BTCUSDT,-1,2023-02-05 20:00:03,2023-02-07 17:46:11.516,45.76903222222222,22885.02208,23410.401369466952,23164.031880000002,-64.81848726180957,-0.5211764394710384,-61.74486874000076,6.114393384808801,3.040774863,0.5425072623041167,0.5957180389001377,2.6666869214077087,2.0648822657169843,2.3870161855638754,2.05985416432732,-0.0001,2.2757219225712726,self,False,2,2,20,Sunday,2023,0,3,WHIPSAW,False,False,False,True,False,True,False,False,True
572,XRPUSDT,-1,2023-02-05 20:00:03,2023-02-07 22:53:12.000,50.88583333333333,0.39762046,0.410210398831487,0.40368072,-59.38680986384036,-0.47764172575823627,-56.96999167620385,4.519620104226463,2.1028019165899456,0.6132245837995157,0.49083161425257776,2.0667661970623503,3.021486405762092,1.4867631520416669,1.6496067770396743,-0.0001,3.145687410482032,with,True,2,2,20,Sunday,2023,0,3,WHIPSAW,False,False,False,True,False,False,False,True,True
573,SOLUSDT,-1,2023-02-07 00:00:03,2023-02-07 18:00:08.188,18.00144111111111,22.6324726,23.84107865627709,23.721743399999998,-55.91335512866629,-0.8949905577111824,-54.667233639599885,1.3958274230351997,0.1497059339688,0.08809537189311385,0.9593923462304434,2.1863804059857985,1.3747030439274106,2.7974958203926983,1.292830078621258,0.00011165,5.328379307608076,with,True,2,4,0,Tuesday,2023,0,3,WHIPSAW,False,False,False,False,False,False,False,False,True
574,DOGEUSDT,-1,2023-02-07 00:00:03,2023-02-08 00:37:14.444,24.619845555555557,0.089522092,0.09454346282122832,0.09321864,-45.705935415388836,-0.7316715575139318,-44.71112206689169,1.3261902469620506,0.33137689846490004,0.028297452042236975,0.7424084244565089,2.1731300850891353,0.9993079150676145,1.8327307162340056,1.0082426523528722,-0.0001,5.5879638387629305,with,False,2,4,0,Tuesday,2023,0,3,WHIPSAW,False,False,False,False,False,True,False,False,True
575,LTCUSDT,1,2023-02-07 04:00:03,2023-02-09 03:04:10.000,47.06861111111111,99.61992,95.75298446768639,96.78064,-93.19165701930604,-0.7492926016815812,-87.70507527199963,3.6400761950063996,-1.8465055523,0.7318663516241142,0.7602712730618034,-0.5378729442524639,1.9391655524493039,0.7824247068193569,2.028733568646408,0.0001,3.8624653938891695,against,True,1,5,4,Tuesday,2023,0,3,CHOP,False,False,False,False,True,False,False,False,False
576,ALGOUSDT,1,2023-02-07 12:00:03,2023-02-09 04:03:13.846,40.05301277777778,0.27245447999999994,0.2582942012511027,0.26784642000000003,-21.511411841991364,-0.3476033819258724,-19.537233434147634,1.3744592919337317,-0.59971911591,1.9452667908917536,0.34988576763616075,1.0272057674805863,2.1134103474341592,1.3851405655480638,3.202889625222346,0.0001,5.143517719022146,against,True,1,6,12,Tuesday,2023,0,3,GAVE_BACK,False,True,False,False,True,False,False,False,True
577,XTZUSDT,1,2023-02-07 20:00:03,2023-02-09 17:36:20.000,45.60472222222222,1.1932386,1.134581700465445,1.159768,-36.312354604363485,-0.5879297983110783,-34.13209620310002,1.4397061475634596,-0.7405522537000001,1.2234093613782844,0.5666613861924136,-0.3620818721843336,0.5477735616229595,0.7874244948330081,1.219703133273208,0.0001,4.896756038101837,against,True,1,5,20,Tuesday,2023,0,3,GAVE_BACK,False,False,False,False,True,False,False,False,False
578,DOTUSDT,1,2023-02-08 00:00:03,2023-02-09 03:01:08.744,27.018262222222223,6.9383874,6.6124499470111795,6.6111274570217775,-61.591121299718615,-0.9980594569673951,-59.92037923147217,1.4885269390074525,-0.18221512923899996,0.2626657329955163,1.0811503764560817,0.11539821415150536,2.7607451970770884,1.0537665819200501,1.1353489439898905,0.0001,4.678536153795884,against,True,2,6,0,Wednesday,2023,0,3,FALSE_BREAKOUT,False,False,False,False,True,False,False,False,False
579,ATOMUSDT,1,2023-02-08 00:00:03,2023-02-09 16:36:04.897,40.60052694444445,14.9519898,14.208757306552485,14.3541286,-50.099562074637745,-0.8119315148292481,-48.08741118288005,1.4142968625576957,-0.5978540292,0.5718401761857497,0.8503258476610577,-0.6606140128811147,2.19387508228765,0.5781887532137417,1.3574245542811616,0.0001,4.951787366696871,against,True,2,6,0,Wednesday,2023,0,3,CHOP,False,False,False,False,True,False,False,False,False
580,ETHUSDT,1,2023-02-08 04:00:03,2023-02-09 03:01:11.077,23.018910277777778,1680.676068,1625.3915804995272,1625.0665021834272,-123.96650419542908,-1.002028099201303,-118.67081345256622,4.23267278686286,-1.063017956,0.04420646930984039,1.0776272096126531,-0.5729648484075953,1.7281166961707575,1.0859431440230365,1.1577854898342792,0.0001,3.2695017943185403,against,True,1,6,4,Wednesday,2023,0,3,FALSE_BREAKOUT,False,False,False,False,True,False,False,False,False
581,DOGEUSDT,-1,2023-02-09 04:00:03,2023-02-12 09:06:09.454,77.10179277777777,0.086542688,0.09109382769979939,0.083056608,43.81781356987522,0.7296836510136124,44.63925056531203,1.3030312792324645,0.4815942837956482,1.743011316560924,0.5728921043919878,1.6067817035636949,2.6585515116546707,2.0885475037750667,2.2818414017249826,-0.0001,5.249945349277158,with,True,3,6,4,Thursday,2023,0,3,WIN,False,False,True,False,False,False,False,False,True
582,BTCUSDT,-1,2023-02-09 04:00:03,2023-02-12 09:53:01.151,77.88281972222222,22507.09768,23075.56740447469,21896.27838,119.67502530889844,0.9968769886738087,121.30871297999984,5.291106291309599,3.6574186202082,1.938709543447408,0.5856113451030815,2.0565698218675355,2.6207188363602087,1.4793408154095602,1.6095632799850612,-0.0001,2.5052302123113916,self,True,3,6,4,Thursday,2023,0,3,WIN,False,False,True,False,False,False,False,False,True
583,ADAUSDT,-1,2023-02-09 04:00:03,2023-02-11 21:45:16.363,65.75371194444445,0.38182362000000003,0.39904695499802323,0.36567311999999996,53.39852434107712,0.8908383908793637,54.28269293670022,1.5074258756795496,0.6232572800564466,1.6386849587051149,0.515369410222744,2.1670379171213856,1.9829587312032644,1.0784512397772172,1.6462607818390513,-0.0001,4.517274750660887,with,True,3,6,4,Thursday,2023,0,3,WIN,False,False,True,False,False,False,False,False,True
584,LINKUSDT,1,2023-02-09 08:00:03,2023-02-09 21:31:12.162,13.519211666666667,7.4474892,7.03683748531381,7.035430117816747,-59.708413029927286,-0.997495635282244,-58.369734815769995,1.2309363338772898,-0.10774188028,0.9144264752113771,1.0897049348544914,-0.6879045914026466,0.9336143617481112,1.6154950081557635,2.690286821065206,0.0001,5.49506466137779,against,True,1,6,8,Thursday,2023,0,3,CHOP,False,True,False,False,True,False,False,False,False
585,ETHUSDT,-1,2023-02-10 16:00:03,2023-02-12 16:34:11.316,48.568976666666664,1521.255688,1582.0537553521872,1543.1285639999999,-44.8965582706523,-0.36919104271795666,-42.06591512319982,3.5360542760678397,0.7054111286153599,0.5752763126070279,0.40403113239941285,1.007526894648836,3.659551282791965,2.626386791083149,1.6299459119404083,-0.0001,3.9757719282964357,with,True,1,4,16,Friday,2023,0,3,WHIPSAW,False,False,False,False,False,False,False,True,True
586,XRPUSDT,-1,2023-02-13 00:00:03,2023-02-14 18:50:20.000,42.838055555555556,0.37432512,0.3855812478383455,0.3780756,-42.76472994272514,-0.35449692706791325,-38.16425552450401,4.5937821294715535,-0.006692288749579639,1.2282305423809152,0.3264781684053925,-0.1932174217665661,1.5382898446283866,2.8887652314823775,1.348029248827716,0.00014173,2.9864444012674967,with,True,3,3,0,Monday,2023,0,3,GAVE_BACK,False,False,True,False,False,False,False,False,False
587,LINKUSDT,-1,2023-02-13 00:00:03,2023-02-14 20:21:20.000,44.35472222222222,6.8036389999999995,7.152488341787544,6.8173632,-3.110757609693584,-0.05159017846341247,-2.300399624460068,1.3698611946335157,0.5595032094,1.1255259877747574,0.11283094243007626,0.23402366070599828,1.1024901964356135,2.5570845917328677,0.7995413420620663,5.015e-05,5.0909247985240125,with,True,3,3,0,Monday,2023,0,3,GAVE_BACK,False,False,True,False,False,False,False,False,False
588,LTCUSDT,-1,2023-02-13 00:00:03,2023-02-14 15:05:19.259,39.087849722222224,92.41151400000001,95.83164374116778,95.00899799999999,-90.48897654156308,-0.7504311014368991,-87.78379001879932,3.800404438439039,1.09521791567529,1.257704919267566,0.7568385400245593,-0.3416496122749481,1.0641913955272821,1.3522874086810759,1.1742974559561508,1.006e-05,3.6802377379289966,with,True,3,3,0,Monday,2023,0,3,GAVE_BACK,False,False,True,False,False,False,False,False,False
589,ATOMUSDT,-1,2023-02-13 04:00:03,2023-02-14 18:27:11.111,38.45225305555556,13.2783438,13.939739232577326,13.5567108,-25.68829324872073,-0.42558914710467544,-24.613321486799943,1.4236597570523037,0.348687995131516,0.9470035158229991,0.4228275343696214,0.08367732414530829,1.0595998621018328,2.767407662767388,1.4407659365154015,2.108e-05,4.9600122925783054,with,True,1,4,4,Monday,2023,0,3,CHOP,False,False,False,False,False,False,False,False,False
590,ADAUSDT,-1,2023-02-13 12:00:03,2023-02-14 14:50:18.482,26.837633888888888,0.3514297,0.3669495624375084,0.36702295234999593,-120.93211564137764,-0.9901806949618221,-118.4185654715075,3.273651854310244,0.7601016844401199,0.446505246286999,1.0161365839098124,-0.8872694623065693,2.2280765421969573,2.1889874800531484,2.7248153174037935,-0.0001,4.36563209257918,with,True,2,6,12,Monday,2023,0,3,CHOP,False,True,False,False,False,False,False,False,False
591,XTZUSDT,-1,2023-02-13 12:00:03,2023-02-15 06:14:13.333,42.23620361111111,1.029794,1.0863041836283278,1.065213,-37.95494606559304,-0.6216856657466923,-37.18137506009986,1.3195500892831797,0.54597908379,0.5095364791128763,0.6406986789873115,-0.4460434983857396,2.095759007517722,2.859467798392828,2.799066421398639,-0.0001,5.466425594983282,with,True,2,6,12,Monday,2023,0,3,CHOP,False,True,False,False,False,False,False,False,False
592,ADAUSDT,1,2023-02-14 20:00:03,2023-02-19 20:19:07.058,120.31779388888889,0.38897778,0.3707736005348983,0.39752048,23.85848437264505,0.40335426252693035,26.839891391970042,1.4826362539974516,-1.498770765327539,1.8139911256810646,0.4052794587168049,1.1383221111242885,3.8838380526446663,2.2232766125224432,3.1346665191164025,1.721e-05,4.660940978426775,against,True,1,3,20,Tuesday,2023,0,3,WIN,False,True,False,False,True,False,False,True,True
593,FILUSDT,1,2023-02-15 16:00:03,2023-02-21 08:47:06.240,136.78423333333333,5.25105,4.993033967774475,8.031393399999999,588.4153515034026,9.951838542701894,596.4156964698197,2.0673676379588515,-5.932977328458363,16.661561542975758,0.1629743688300958,15.250796495314543,1.7278548302848327,2.1286860183914476,1.972313832645568,0.0001,4.894591090009995,with,False,2,3,16,Wednesday,2023,1,3,WIN,False,False,False,False,False,True,False,False,True
594,BTCUSDT,1,2023-02-15 16:00:03,2023-02-19 17:09:13.139,97.1528163888889,22802.5596,22245.76257147895,24425.71388,311.18749615346377,2.6331298313532874,323.33233257599977,5.644723246329599,-6.5001131762063995,4.4674096171221915,0.1301364703623998,4.570858445060433,2.7693216519758437,2.4139229593222957,2.745956103905046,9.071e-05,2.4227344757723155,self,True,2,3,16,Wednesday,2023,0,3,WIN,False,True,False,False,False,False,False,False,True
595,ETHUSDT,1,2023-02-15 20:00:03,2023-02-19 17:58:07.603,93.96794527777777,1628.615658,1569.710244323072,1678.794174,89.48143919644414,0.7494682416182533,97.39649955600034,3.8518094903472,-4.063250869209,1.9672952750247727,0.08752434926060566,1.557995034265352,2.351264285170044,2.84862085652498,1.4833968521424747,5.715e-05,3.5982162793667047,with,True,2,5,20,Wednesday,2023,0,3,WIN,False,False,False,False,False,False,False,False,True
596,LTCUSDT,1,2023-02-15 20:00:03,2023-02-19 17:08:04.727,93.13381305555555,99.329862,95.44672186724745,98.78024,-23.302194036648224,-0.19522112898365898,-16.230447584399982,3.51013856044824,-3.5616078917999996,1.68166426571145,0.28324035764848027,-0.08752246593766372,2.019010729223003,2.8835614773774605,1.1361782684294897,0.0001,3.890119960479863,with,True,2,5,20,Wednesday,2023,0,3,GAVE_BACK,False,False,False,False,False,False,False,False,False
597,AVAXUSDT,1,2023-02-16 00:00:03,2023-02-16 22:31:08.618,22.518227222222222,19.9609914,18.995535655860156,18.991736548728984,-61.473458926568085,-1.0001317416573856,-59.73129946442772,1.4403004875410232,-0.30185897459933997,0.4547164410846445,1.0813456819091425,0.4899329698653543,3.7775711830991514,3.2544108568054093,2.1248173403166897,0.0001,4.817679732123292,with,True,1,6,0,Thursday,2023,0,3,LATE_ENTRY,False,False,False,False,False,False,False,True,False
598,DOTUSDT,1,2023-02-17 16:00:03,2023-02-21 10:48:20.000,90.80472222222222,6.8343666,6.48605441539634,7.2415514000000005,32.74830307978607,0.5279990457555911,36.71786428280018,2.18488565806068,-1.784675544953436,3.047936440144975,0.07282719675415379,1.5722487590353584,1.0576366428652422,2.5779893169840333,2.0401905251700043,0.0001,5.091389882991799,with,True,1,6,16,Friday,2023,1,3,WIN,False,False,False,False,False,False,False,False,True
601,XTZUSDT,1,2023-02-20 04:00:03,2023-02-21 21:22:08.888,41.36830222222222,1.2192438,1.1593699707131537,1.2087582000000001,-12.754152440334744,-0.20328958477566905,-10.640653712879983,1.4783433563847599,-0.6351553710700001,1.3487729273688063,0.25459871502404535,4.355094756855399,1.5833738022097155,2.2101259322510574,1.278197942356413,0.0001,4.969674531708706,with,True,1,3,4,Monday,2023,0,3,GAVE_BACK,False,False,False,False,False,False,False,False,True
602,AVAXUSDT,1,2023-02-20 08:00:03,2023-02-22 15:16:08.194,55.26810944444444,20.6811354,19.53815580420211,19.8970198,-44.6152107086274,-0.7036875318477056,-42.27175040755999,1.3125434427885116,-1.0309168582789,0.8817870447603507,0.7569123746221097,0.05937516316957979,1.9212461266196799,1.864170716093954,1.934081293558502,0.0001,5.507782540010113,with,True,1,4,8,Monday,2023,0,3,CHOP,False,False,False,False,False,False,False,False,False
603,ALGOUSDT,1,2023-02-20 12:00:03,2023-02-21 21:25:06.666,33.417685,0.28615722,0.2702525411998691,0.27494500000000005,-45.3848102757214,-0.712809759920843,-43.62927861805377,1.3100252272746324,-0.44550643039300003,0.4679616667227996,0.8021048497939492,-0.38084516362255094,1.003336487527027,1.771714430506589,1.25095623014119,0.0001,5.506104475570252,with,True,1,5,12,Monday,2023,0,3,CHOP,False,False,False,False,False,False,False,False,False
604,XRPUSDT,1,2023-02-20 16:00:03,2023-02-21 13:56:18.862,21.937739444444443,0.40278054,0.3882080160661873,0.3881303744629741,-126.9896507967492,-0.9991824450056989,-122.35953038046986,3.9634564328393345,-0.6666639834400001,0.3924824571211761,1.0074123100897225,-0.3417760727394424,0.9246491067889667,1.3938740266520275,3.021702091853323,0.0001,3.5987047265489687,with,True,1,6,16,Monday,2023,0,3,CHOP,False,True,False,False,False,False,False,False,False
605,LTCUSDT,-1,2023-02-21 12:00:03,2023-02-26 07:21:10.666,115.35212944444444,93.201356,97.18927351056186,94.22884199999999,-30.31258586878814,-0.24394378512717044,-30.861672244599458,3.3778033020886795,3.9268896779000007,0.8754835050507637,0.7770080478829727,0.20596113079688247,2.2667454187451423,2.025495352005081,2.262234941996916,-0.0001,4.269148707823052,against,True,1,5,12,Tuesday,2023,0,3,CHOP,False,False,False,False,True,False,False,False,False
606,ATOMUSDT,-1,2023-02-24 20:00:03,2023-03-01 14:03:08.000,114.0513888888889,13.035392400000001,13.639949609605374,12.8795754,13.997730237835924,0.22563682710702201,15.455924517600076,1.5423469307951039,0.084152651030952,1.5290404039733496,0.2838566760489339,2.523156412270242,1.9403617534791928,2.3041795822565434,1.698224917422516,-0.0001,4.616886099136172,with,True,5,6,20,Friday,2023,0,3,WIN,False,False,True,False,False,False,False,False,True
607,ADAUSDT,-1,2023-02-24 20:00:03,2023-02-26 19:47:20.000,47.78805555555556,0.36632672,0.3829917492099363,0.36747348,-5.214229670103515,-0.08406009449106144,-4.123392891020088,1.5831106045427399,0.4922738254593121,0.9376953261313681,0.17841432874460528,1.09371065423231,2.0853738543299043,2.193861511491577,2.0609343987496147,-0.0001,4.52831583240619,with,True,5,6,20,Friday,2023,0,3,WHIPSAW,False,False,True,False,False,False,False,False,True
608,BTCUSDT,-1,2023-02-24 20:00:03,2023-02-26 18:39:08.782,46.651606111111114,23167.665539999998,24045.507039709017,23337.06648,-26.15491431097893,-0.2109773065511948,-22.953827370000432,3.7808347132259996,0.5797477722475001,0.5327448521800542,0.2196688810724048,0.18142858369396872,1.809192926944847,2.0648024099769295,1.884840043149908,-5.44e-05,3.7683226943765518,self,True,5,6,20,Friday,2023,0,3,CHOP,False,False,True,False,False,False,False,False,False
609,DOGEUSDT,-1,2023-02-24 20:00:03,2023-02-26 18:53:15.555,46.88682083333333,0.08088382,0.08468000463919204,0.08216643,-21.579174419631617,-0.34801534797339007,-20.259332991821054,1.545265969772415,0.2254245419618551,0.7017098095015079,0.3388085992239185,0.2749655507331071,1.883595571862014,2.201055499703929,1.6315222706847021,-0.0001,4.67244083954516,with,True,5,6,20,Friday,2023,0,3,CHOP,False,False,True,False,False,False,False,False,False
610,XRPUSDT,-1,2023-02-24 20:00:03,2023-02-26 18:53:20.000,46.88805555555555,0.37732452,0.39136198710370623,0.37927584,-19.12353824567654,-0.15422288127658482,-16.52614900406382,3.844686761542483,1.2472975199297651,0.6500118527501925,0.13360529974134808,0.4790408376611314,1.933344750611882,1.8972748858616564,1.7026906627320262,-0.0001,3.67204956389569,with,True,5,6,20,Friday,2023,0,3,CHOP,False,False,True,False,False,False,False,False,False
611,XTZUSDT,-1,2023-02-27 20:00:03,2023-03-01 14:42:20.000,42.70472222222222,1.1727654,1.237000005411505,1.20024,-26.376133212860697,-0.42824931358569057,-25.59598850801991,1.3264488425207879,0.54630413768,0.7124726571730943,0.42398641395128733,1.8333637958163216,1.2063491027275521,3.476190177596501,1.2403554371470125,-0.0001,5.366269626192936,with,True,2,3,20,Monday,2023,0,3,WHIPSAW,False,False,False,False,False,False,False,True,True
612,LINKUSDT,-1,2023-02-27 20:00:03,2023-03-01 08:24:20.000,36.40472222222222,7.1875622,7.561690788408041,7.4294856,-39.510006063901834,-0.6415538527469856,-38.63514278765988,1.400604643173132,0.5257413669311791,0.27146335016032525,0.6426608589925987,1.5838463521898183,1.5508835151760603,2.5087821569024498,1.394016317029516,-0.0001,5.1841812269862375,with,True,2,3,20,Monday,2023,0,3,WHIPSAW,False,False,False,False,False,False,False,False,True
613,AVAXUSDT,-1,2023-02-28 08:00:03,2023-03-02 00:00:16.578,40.003771666666665,17.371525000000002,18.210305286468305,17.8325658,-33.74236209522198,-0.5473049199610451,-32.800424987439946,1.5027422382614641,0.560805130479431,0.5621555580250537,0.5609037403357903,2.082219894978423,1.7744716241922787,2.9080289690266983,1.2707782787615407,-6.177e-05,4.813544874342724,with,True,3,6,8,Tuesday,2023,0,3,WHIPSAW,False,False,True,False,False,False,False,False,True
614,SOLUSDT,-1,2023-02-28 08:00:03,2023-03-05 01:18:15.862,113.30357277777777,22.075584,23.234500232350808,21.624324,22.967049141214204,0.3725675533031191,23.293589939999887,1.3534473306311998,1.02690653184552,1.6399666748516855,0.714819567519213,2.065364116218068,1.3742965648473269,1.1813065560557892,0.7626534336821285,-0.0001,5.233480829524916,with,True,3,6,8,Tuesday,2023,0,3,WIN,False,False,True,False,False,False,False,False,True
615,DOTUSDT,-1,2023-02-28 08:00:03,2023-03-05 13:39:17.142,125.65392833333334,6.4397117999999995,6.7173383715743515,6.0602118,160.36512493667192,1.3008329191030532,162.48493634999969,3.2111451233610473,1.0913337100332718,2.577965775903127,0.5773517970237688,2.938161845871953,1.1985252840463185,2.1682411956837924,0.920286346582271,-2.517e-05,4.274113188052642,with,True,3,6,8,Tuesday,2023,0,3,WIN,False,False,True,False,False,False,False,False,True
616,DOGEUSDT,-1,2023-03-03 04:00:03,2023-03-07 00:34:17.894,92.57080388888889,0.075004996,0.0784522522219666,0.075855168,-15.32224795049201,-0.24700066402568033,-14.784133837725534,1.5740369163114525,1.0359228035449781,0.726663711283682,0.6483428721538348,3.250409972023424,3.453865826758857,1.4376497349960748,5.206668144723015,6.93e-05,4.56117849122564,with,True,4,6,4,Friday,2023,0,3,WHIPSAW,False,True,True,False,False,False,False,True,True
617,ALGOUSDT,-1,2023-03-03 04:00:03,2023-03-12 20:44:16.000,232.73694444444445,0.22705458,0.23882883242103098,0.19143828,187.95711940255973,3.030277247951863,189.04911672052012,1.8052439203353263,0.7132466023749181,4.1407792407198105,0.6153613614617566,3.045168280574412,2.967047251659944,2.344649408639326,5.546237805883316,-0.0001,5.1646113698947484,with,True,4,6,4,Friday,2023,1,3,WIN,False,True,True,False,False,False,False,False,True
618,LINKUSDT,-1,2023-03-03 04:00:03,2023-03-05 21:12:08.888,65.20163555555555,6.8076382,7.188084047285409,6.996399,-30.77021796442222,-0.4961315986229678,-29.915302362079974,1.3126198235716318,0.457704221229384,0.2776694784652259,0.5213929956533068,0.6561727556792677,3.0733907138981325,1.4758623221645109,3.509009461579396,-0.0001,5.551894967480321,with,True,4,6,4,Friday,2023,0,3,LATE_ENTRY,False,True,True,False,False,False,False,True,False
619,LTCUSDT,-1,2023-03-03 04:00:03,2023-03-05 01:19:10.400,45.31872222222222,88.712254,92.94943015306926,90.83816399999999,-31.282679112428124,-0.5044420990980425,-30.105861873999864,1.5256111736791198,0.34879393525086,0.3285806276879733,0.5257619507714585,1.1711228942902279,3.8773008217945133,1.4670227436985361,3.3681894784597195,-0.0001,4.755359126641788,with,True,4,6,4,Friday,2023,0,3,WHIPSAW,False,True,True,False,False,False,False,True,True
620,XRPUSDT,-1,2023-03-06 00:00:03,2023-03-07 12:07:20.000,36.12138888888889,0.36652668,0.3767873839392421,0.37397478,-88.52517609029086,-0.7180309601825916,-84.65519546682015,5.049929177086686,1.1799485536159695,0.7530360534474893,0.7185978704444165,0.9674462940145253,1.315352408421838,-0.02944818824824669,0.9302896596606934,-2.21e-06,2.7788826893731926,with,True,1,3,0,Monday,2023,0,3,CHOP,False,False,False,False,False,False,False,False,False
621,LTCUSDT,-1,2023-03-07 12:00:03,2023-03-12 20:41:07.058,128.68446055555555,85.592878,88.7081074791474,72.574512,491.06406532841726,3.989427471066445,492.73083289740003,3.5918770364226003,1.9251094674398104,6.610388781257939,0.36502030030584476,4.363363306294916,1.2007330362288622,1.9302106335076843,2.01006344701794,-7.311e-05,3.618861674042046,with,True,4,6,12,Tuesday,2023,0,3,WIN,False,False,True,False,False,False,False,False,True
622,ATOMUSDT,-1,2023-03-07 12:00:03,2023-03-10 16:25:13.200,76.4195,11.7156564,12.101816771361346,11.1782352,157.6863533908399,1.2814032176897792,163.33133135616023,4.1747029647713285,-1.4702750005489922,3.8213563830949657,0.26243915097432063,3.0134019083773915,1.2005713741779176,1.0628434892614012,1.3170308561599955,-4.163e-05,3.284260231811429,with,True,4,6,12,Tuesday,2023,0,3,WIN,False,False,True,False,False,False,False,False,True
623,DOTUSDT,-1,2023-03-07 12:00:03,2023-03-12 20:33:07.368,128.55121333333332,5.813837,6.023559582119582,5.666133,76.02755247798942,0.6180087655607402,82.96128971040002,3.8687907586932004,-3.06494647371741,3.217760305922677,0.6206437031458145,0.8336584369360356,1.0644440199957415,0.9733429552213303,1.4109177695766137,-4.634e-05,3.5865792281957307,with,True,4,6,12,Tuesday,2023,0,3,WIN,False,False,True,False,False,False,False,False,False
624,SOLUSDT,-1,2023-03-07 12:00:03,2023-03-11 01:41:16.781,85.6871613888889,20.2979396,21.12741571595607,18.6807354,195.21366860385504,1.5872857059086385,202.4950172649199,3.7832297545077593,-3.498118906557139,5.189950038571089,0.4123812529619808,4.063938111243376,0.9209397226876671,1.5735741718364062,1.187954261441446,7.843e-05,4.075939487468324,with,True,4,6,12,Tuesday,2023,1,3,WIN,False,False,True,False,False,False,False,False,True
625,XRPUSDT,1,2023-03-07 16:00:03,2023-03-09 20:22:17.894,52.37080388888889,0.3785757,0.3667718174647299,0.37202557999999997,-71.05083919520061,-0.5809775048648104,-64.55074221735248,4.438257900615052,-2.06183907723308,1.9759854378681567,0.5655512057200639,-0.18432070918183013,1.9435539415941199,1.332968411270296,5.772195682796883,4.475e-05,3.0729869279254958,against,False,1,6,16,Tuesday,2023,0,3,GAVE_BACK,False,True,False,False,True,True,False,False,False
627,DOGEUSDT,-1,2023-03-10 00:00:03,2023-03-12 20:35:10.526,68.58542388888888,0.06588682,0.06942915340961066,0.068003598,-39.34803725439198,-0.595212742854568,-38.36196317772419,1.455882275373072,0.4698081987052772,0.9730365839219066,0.6417182509790479,-0.3989404261512819,2.9355482172544463,2.25266489644525,4.864153968781271,0.00023731,5.355316251306,with,True,1,6,0,Friday,2023,0,3,CHOP,False,True,False,False,False,False,False,False,False
629,XRPUSDT,-1,2023-03-12 16:00:03,2023-03-12 22:23:14.247,6.3864575,0.35202958,0.36715485061829445,0.3672282815884181,-132.8048813210824,-0.9962863515137145,-129.13811016590893,3.6667711551734787,0.0,0.3325282652408622,1.0228193855446182,-0.1699420833430261,1.2221974476213364,3.1684140354096626,0.9809338570703007,0.00014036,4.275731501929692,with,True,1,5,16,Sunday,2023,0,3,LATE_ENTRY,False,False,False,True,False,False,True,True,False
630,BTCUSDT,1,2023-03-13 16:00:03,2023-03-15 17:03:11.370,49.052325,24013.8018,22738.173810834287,23946.2098,-6.077768774217027,-0.09439221538940373,-3.312008000000027,1.41002434104,-1.3557364331769999,1.9410817425066202,0.1856354689699731,2.9394135530471637,5.761763538101909,3.1311913729227707,4.253155775070023,0.0001,5.293124199948817,self,True,2,2,16,Monday,2023,0,3,GAVE_BACK,False,True,False,False,False,False,False,True,True
631,ETHUSDT,1,2023-03-13 16:00:03,2023-03-15 14:30:12.831,46.50273083333333,1666.6432619999998,1577.697343049166,1649.67,-14.299925545325522,-0.2218782395668433,-11.940689816999823,1.3998158278901998,-0.9594199004355,1.26376498580148,0.2433305794722684,2.0181559774454096,4.769834388087404,2.991896734508752,2.913452025766879,0.0001,5.3173292294805306,with,True,2,2,16,Monday,2023,0,3,GAVE_BACK,False,True,False,False,False,False,False,True,True
632,DOGEUSDT,1,2023-03-14 16:00:03,2023-03-15 11:08:11.759,19.13576638888889,0.07705540799999999,0.07278420859567092,0.07276965175395178,-65.35056315559132,-1.0043697505879794,-63.45632084997539,1.3310155572025335,-0.5632267484134008,0.03853531161134338,1.0337630211141067,0.44357376480239974,2.2317078116709497,3.277234790668052,3.6706099600072526,0.0001,5.536393775897575,with,True,3,5,16,Tuesday,2023,0,3,LATE_ENTRY,False,True,True,False,False,False,False,True,False
633,LINKUSDT,1,2023-03-14 16:00:03,2023-03-14 21:08:17.278,5.137299444444444,7.1474291999999995,6.756353996321531,6.755002725522266,-64.77848564391772,-0.9956692950653941,-63.43020638603541,1.3482792578823144,0.0,0.03214420111978265,1.0111333991022116,0.14209747761376762,1.9762137401395607,3.0846341410209503,3.762885222370079,0.0001,5.4658738446686606,with,True,3,5,16,Tuesday,2023,0,3,LATE_ENTRY,False,True,True,False,False,False,True,True,False
634,XRPUSDT,1,2023-03-14 16:00:03,2023-03-15 11:17:10.783,19.285495277777777,0.3845769,0.36587648628408564,0.36580331098682883,-64.91822857056962,-0.9991054125260949,-63.15262063804189,1.5145258617997308,-0.25108207072800004,0.049362544274324634,1.0147850356834818,0.3006938822543077,1.2284019094370533,1.8639663756240508,2.8473562823250456,0.0001,4.868308298469666,with,True,3,5,16,Tuesday,2023,0,3,FALSE_BREAKOUT,False,True,True,False,False,False,False,False,False
635,XRPUSDT,-1,2023-03-15 16:00:03,2023-03-17 09:57:05.000,41.95055555555555,0.36022794,0.3797649564996658,0.36987396,-31.802466807535904,-0.4988689033135432,-30.57295717758593,1.3884300959758018,0.15892046602582816,0.25223605662022774,0.5053002847271407,-0.3773380649049498,2.499360119958712,0.6971355706496385,1.837491050711072,-0.0001,5.373184378375644,against,True,1,2,16,Wednesday,2023,0,3,FALSE_BREAKOUT,False,False,False,False,True,False,False,False,False
636,BTCUSDT,1,2023-03-17 04:00:03,2023-03-22 19:08:15.585,135.13682916666667,25775.05398,24374.9093994437,27282.542400000002,19.121236785904216,0.30149728472089243,23.12342142000022,2.507032864908,-1.4951517691879999,2.2183037831464185,0.09731422161121765,2.1440257396898788,2.147684721893634,3.0818128798040503,1.089048391437771,3.311e-05,5.4132557773072625,self,True,2,3,4,Friday,2023,1,3,WIN,False,False,False,False,False,False,False,True,True
637,ETHUSDT,1,2023-03-17 04:00:03,2023-03-20 03:25:17.846,71.42079055555556,1708.071546,1621.5707201867515,1744.651,23.485097499572916,0.3696436728234014,26.044571248000118,1.4750030716511997,-1.084470676776,1.5962674656783702,0.15099909020752272,1.4789275454571054,1.4405877146261181,1.4610149977210447,0.9845637551616244,5.964e-05,5.0452518731443785,with,True,2,3,4,Friday,2023,0,3,WIN,False,False,False,False,False,False,False,False,True
638,XRPUSDT,1,2023-03-17 12:00:03,2023-03-20 16:57:20.000,76.95472222222222,0.37687536,0.3614075776014983,0.37332532,-34.80565608738776,-0.27256359661815355,-28.20838247234781,3.576626918984949,-3.0206466960550005,1.5273449930539769,0.5996567420613873,7.488121892070279,1.8840439307865386,0.7601142755242264,0.9519920179498608,-3.446e-05,4.085037791534439,with,True,1,3,12,Friday,2023,0,3,GAVE_BACK,False,False,False,False,False,False,False,False,True
639,LINKUSDT,1,2023-03-20 12:00:03,2023-03-21 07:12:15.333,19.203425833333334,7.2884573999999995,6.881885890652208,6.9056186,-60.17774046293528,-0.938292593109102,-58.70771743791987,1.3059833064470399,-0.16403971856837601,0.36781377091545664,0.9554466829787193,1.0515803251581741,0.9110739850782578,1.7704383655980178,2.0913973457072657,0.0001,5.572367032763349,with,True,1,3,12,Monday,2023,0,3,WHIPSAW,False,False,False,False,False,False,False,False,True
640,XRPUSDT,1,2023-03-21 16:00:03,2023-03-22 15:46:18.342,23.770928333333334,0.42888576,0.4058011981928253,0.4345699690717033,13.57196213019361,0.2134400235395681,15.205244487862757,1.3858450981691466,-0.2474372595,2.7643686951062874,0.10334872370237136,1.4777945661241556,4.320570427553568,2.5585742712266133,7.6387280956117705,0.0001,5.385591468215137,with,True,1,2,16,Tuesday,2023,0,3,WIN,False,True,False,False,False,False,False,True,True
642,ETHUSDT,1,2023-03-23 16:00:03,2023-03-24 11:47:09.701,19.785194722222222,1837.807488,1750.8442794054606,1750.4941105495795,-63.329551743732836,-0.9991707886848694,-61.55593110254636,1.517851576186472,-0.25576906499999996,0.041310711254342505,1.354681938534147,-0.43475268002443473,0.7432237939487565,1.2226932147808307,2.481958001523921,0.0001,4.712846166108255,with,True,1,1,16,Thursday,2023,0,3,FALSE_BREAKOUT,False,False,False,False,False,False,False,False,False
643,ADAUSDT,1,2023-03-29 08:00:03,2023-04-02 15:01:14.814,103.01994833333333,0.3810762,0.3634835457806835,0.38052388,-4.915755942703869,-0.07784394126102273,-1.916144168639983,1.585315272444696,-1.4142965016191897,1.59292620946476,0.6523290833170177,1.3485060130353501,3.6993788348181167,2.5233417360950754,1.3366242749045998,0.0001,4.5974945457523635,with,True,5,5,8,Wednesday,2023,0,3,GAVE_BACK,False,False,True,False,False,False,False,True,True
644,BTCUSDT,1,2023-03-29 08:00:03,2023-03-31 07:39:03.678,47.65018833333333,28083.415559999998,27072.81917765581,27648.56918,-56.72443222066388,-0.4493331492047085,-52.00762704799988,3.9993272249423995,-0.7174779477215999,1.0898361197822812,0.5525604185369154,0.7538958711020984,2.250018061570252,1.4575857827430154,1.795673140463225,7.098e-05,3.5789285530659285,self,True,5,5,8,Wednesday,2023,0,3,GAVE_BACK,False,False,True,False,False,False,False,False,False
645,ETHUSDT,1,2023-03-29 08:00:03,2023-03-30 17:37:13.021,33.61945027777778,1804.620852,1735.3524959628894,1762.6474,-77.84442378237088,-0.6166202694155433,-73.43675161919992,3.7447755202195196,-0.66289664295144,0.3646563805623953,0.6320469331846774,0.6262476906014567,2.3448824951340552,1.531328140156861,1.521697355751948,7.584e-05,3.8191559995294813,with,True,5,5,8,Wednesday,2023,0,3,CHOP,False,False,True,False,False,False,False,False,False
646,AVAXUSDT,1,2023-03-29 08:00:03,2023-04-02 13:13:02.682,101.21657833333333,17.2044402,16.52984282587885,17.526494000000003,50.379414194608174,0.3991543495281969,57.89306740098047,3.7459834000522925,-3.7676698063200007,1.0177326896571899,0.5061392366740537,1.752986070455148,1.9696871882794604,1.620515368539008,1.3113132478586205,0.0001,3.896262640239255,with,True,5,5,8,Wednesday,2023,0,3,WIN,False,False,True,False,False,False,False,False,True
647,DOGEUSDT,1,2023-03-29 08:00:03,2023-03-30 17:31:10.769,33.51882472222222,0.076255248,0.07299250227506393,0.073445308,-109.226096991591,-0.8656168892106196,-104.75399980702989,3.3484840276311125,-1.12361315693,0.17922083094951138,1.0222212459002924,2.861011181060674,2.4018492576938018,1.5026954330186846,1.7574708854319199,0.0001,4.25957204215119,with,True,5,5,8,Wednesday,2023,0,3,WHIPSAW,False,False,True,False,False,False,False,False,True
648,ALGOUSDT,1,2023-03-29 12:00:03,2023-03-31 07:09:06.666,43.15101833333333,0.22294457999999998,0.21206202012153874,0.22005597999999998,-18.254779828684978,-0.28804968707747125,-16.287650716479952,1.4987409240085245,-0.46838818819650246,1.5580359942294641,0.2981449251128535,0.4737322888710799,4.395612632379394,2.449250259143601,4.814756362091197,6.394e-05,4.819560089075965,with,True,1,6,12,Wednesday,2023,0,3,GAVE_BACK,False,True,False,False,False,False,False,True,False
649,DOTUSDT,1,2023-03-31 16:00:03,2023-04-02 19:42:09.333,51.70175916666667,6.326265,6.080889679634798,6.1817634,-75.96234546348045,-0.605856058561376,-70.91125571783995,3.682838115557496,-1.3682516300830012,0.4838913702620211,0.6490669060073355,1.058521287362665,1.7696916679053352,2.232597127334275,2.122514923480545,0.0001,3.8594517053786905,with,True,2,4,16,Friday,2023,0,3,WHIPSAW,False,False,False,False,False,False,False,False,True
650,ETHUSDT,1,2023-03-31 16:00:03,2023-04-02 13:13:17.881,45.220800277777776,1830.275982,1765.8254765250877,1805.1389000000001,-52.01653157460974,-0.41498670606360033,-46.762513644599935,4.05777738299076,-1.19624054701905,0.19431993446311838,0.3921766293956974,1.780032866377697,1.289859009911493,1.9945533347070727,2.553659937179515,0.0001,3.5020587610818223,with,True,2,4,16,Friday,2023,0,3,WHIPSAW,False,True,False,False,False,False,False,False,True
651,DOGEUSDT,1,2023-04-01 00:00:03,2023-04-02 22:19:13.720,46.31964444444444,0.076925382,0.07401419246021845,0.0776376487490684,23.92683434023273,0.1910403167072772,29.400088586612526,3.8279199208847956,-1.6453343254950001,2.976315310836883,0.37970114446170644,9.722698441037938,1.892018065907925,1.4969813268722032,1.4340121093330604,0.0001,3.752675604397332,with,True,1,5,0,Saturday,2023,0,3,WIN,False,False,False,True,False,False,False,False,True
652,LTCUSDT,1,2023-04-01 04:00:03,2023-04-03 21:00:17.103,65.0039175,93.288654,88.91764455598384,90.24194800000001,-44.80761335678154,-0.7137164631556818,-42.31478562219981,1.5294008831984396,-0.9634268513832901,0.5905606091823561,0.7409396025061594,0.41211212720348284,1.6413151316730428,1.5610832467448925,1.9359560630626105,6.887e-05,4.676624618370668,with,True,1,6,4,Saturday,2023,0,3,CHOP,False,False,False,True,False,False,False,False,False
653,FILUSDT,-1,2023-04-02 20:00:03,2023-04-05 00:55:12.000,52.91916666666667,5.4859026,5.752111255156502,5.6841365999999995,-45.53276931684251,-0.7341144182624685,-44.71237251899986,1.51166486201832,0.691268064175665,0.5931535167674022,0.770438511397852,-0.05671265643532325,2.0893516874098843,1.2626297967081306,1.1626009412189096,-0.0001,4.850733779739383,against,True,3,5,20,Sunday,2023,0,3,CHOP,False,False,True,True,True,False,False,False,False
654,SOLUSDT,-1,2023-04-02 20:00:03,2023-04-04 11:19:16.562,39.320433888888886,20.330933,21.18341485646836,20.9931978,-96.1337695180884,-0.7750527129477603,-92.81700775831987,3.4749684740026323,0.15820671423411603,0.4621013303813606,0.7848460291832992,0.15945559306463294,1.4167597264898004,1.1798473263030775,0.9842627338542593,-6.11e-06,4.172190098197004,against,True,3,5,20,Sunday,2023,0,3,CHOP,False,False,True,True,True,False,False,False,False
655,ATOMUSDT,-1,2023-04-02 20:00:03,2023-04-04 08:24:07.368,36.40121333333333,11.0067982,11.46234566133971,11.266252799999998,-70.17875924570899,-0.5659338082082646,-67.99780967707946,3.502390050881879,1.321440482252354,0.7964004429594572,0.5909412802088945,0.18834085859611452,1.4878539788554594,1.0388566242896107,1.0783984282193804,-0.0001,4.127413347926141,against,True,3,5,20,Sunday,2023,0,3,CHOP,False,False,True,True,True,False,False,False,False
656,DOTUSDT,1,2023-04-03 20:00:03,2023-04-03 20:54:14.164,0.9031011111111111,6.450289799999999,6.204334351689255,6.203093484818917,-121.98218785777904,-0.9941954480730716,-118.34743594014806,3.6347519176309744,0.0,0.039479507637223105,1.009490953362845,0.5517674071953972,1.92916334294924,1.5367911376036385,2.0367003898922142,0.0001,3.7938540597107275,with,True,1,5,20,Monday,2023,0,3,FALSE_BREAKOUT,False,False,False,False,False,False,True,False,False
657,AVAXUSDT,1,2023-04-05 00:00:03,2023-04-07 08:47:01.149,56.78281916666667,17.6555304,17.057876286658672,17.621475,-13.12329273465747,-0.10830161759487242,-6.593057329199949,4.0977346148575196,-2.4325007906000002,1.2239012225826496,0.18828683261439075,0.1312960092607726,1.8750303598133007,1.344837753582436,0.7994602267376637,0.0001,3.3657586298511664,with,True,1,2,0,Wednesday,2023,0,3,GAVE_BACK,False,False,False,False,False,False,False,False,False
658,LINKUSDT,1,2023-04-05 04:00:03,2023-04-05 14:11:15.252,10.186736666666667,7.5935184,7.280191092904925,7.2787350546863445,-121.2920738932537,-0.9968798429792941,-117.67416736688796,3.3357801196357384,-0.28212640673,0.03345255827580906,1.0484831438592608,-0.7484773739457009,2.2000654387683323,1.6227887930273657,1.61176543901872,0.0001,4.10707201126284,with,True,5,6,4,Wednesday,2023,0,3,FALSE_BREAKOUT,False,False,True,False,False,False,False,False,False
659,ALGOUSDT,1,2023-04-05 04:00:03,2023-04-07 07:23:13.333,51.386203611111114,0.22314462,0.2131794244650066,0.21475703999999998,-103.4917804944231,-0.8507903438001627,-98.84315049352206,3.096262307894036,-1.552367693007,0.07580182419375886,0.8474113699371163,-0.2051761044547685,2.0365405193142228,1.1608280960091082,1.047231108290907,0.0001,4.4038455313871765,with,True,5,6,4,Wednesday,2023,0,3,FALSE_BREAKOUT,False,False,True,False,False,False,False,False,False
660,ETHUSDT,1,2023-04-05 04:00:03,2023-04-06 10:37:00.625,30.616006944444443,1912.08234,1846.748481187538,1855.87875,-105.01099536958256,-0.8635067344554497,-99.93560337899973,4.019886968477399,-1.05550502210544,0.5038376823032719,0.9257426562483001,-0.4560015364394374,3.2228310517862617,2.049982858074018,2.037891554402253,6.853e-05,3.3980843753739878,with,True,5,6,4,Wednesday,2023,0,3,LATE_ENTRY,False,False,True,False,False,False,False,True,False
661,AXSUSDT,1,2023-04-05 04:00:03,2023-04-08 22:26:05.294,90.43397055555556,8.5527102,8.215986032469415,8.440311600000001,-40.730959986966695,-0.3352950244041362,-38.965818374579584,3.5346365582529238,1.769494945865819,1.0759245546789922,0.6524931121257969,0.8086434721834062,2.1304754970870414,1.4302077849525905,1.0047845191481817,0.0001,3.940301268918337,with,True,5,6,4,Wednesday,2023,0,3,GAVE_BACK,False,False,True,False,False,False,False,False,False
662,FILUSDT,1,2023-04-05 04:00:03,2023-04-07 07:56:20.000,51.93805555555556,5.7181434,5.449983282004622,5.508898,-48.06401318104731,-0.7908680930588741,-45.85721748607988,1.476278702055168,-0.7305169929122561,0.26796154676975054,0.7761907384139338,1.1219289514378348,1.295799014374784,1.1459956601117995,1.1981107219829807,0.0001,4.670574042249043,with,False,5,6,4,Wednesday,2023,0,3,WHIPSAW,False,False,True,False,False,True,False,False,True
663,ATOMUSDT,-1,2023-04-07 08:00:03,2023-04-10 08:39:15.000,72.65333333333334,10.9758044,11.449210251650385,11.0852166,-27.525654768253645,-0.233300149263624,-26.29274731102031,3.1808784609546596,1.947971003721326,0.2741926394603612,0.45879365293608815,0.1601256083669649,1.2223842711031767,0.6748579830048811,1.0335161590002515,-0.0001,4.292314188835719,with,True,4,6,8,Friday,2023,0,3,FALSE_BREAKOUT,False,False,True,False,False,False,False,False,False
664,XTZUSDT,-1,2023-04-07 08:00:03,2023-04-09 03:06:13.333,43.102870277777775,1.0937812,1.1401990001125686,1.1072214,-35.047206448539214,-0.29712048493597326,-32.91313725954003,3.2339652988380116,1.09989610983882,0.2538078058725134,0.3063221429175411,0.4261554824232994,1.6450572483131236,1.2337929362348474,1.1890949054224962,-0.0001,4.222943337529113,with,True,4,6,8,Friday,2023,0,3,FALSE_BREAKOUT,False,False,True,False,False,False,False,False,False
665,ALGOUSDT,-1,2023-04-07 08:00:03,2023-04-08 13:55:11.428,29.91900777777778,0.2134573,0.22263581880728647,0.21984395999999998,-81.52467504523462,-0.6913083879953105,-79.11371802707785,3.220469576061754,0.809512557905,0.0825078660185123,0.723722437080655,0.12608788240225238,0.7224311404617625,0.3831074229721474,0.6819127962139856,-0.0001,4.279072040883601,with,True,4,6,8,Friday,2023,0,3,FALSE_BREAKOUT,False,False,True,False,False,False,False,False,False
666,SOLUSDT,-1,2023-04-07 08:00:03,2023-04-10 16:51:15.111,80.85336416666667,20.267945599999997,21.03845951830417,20.4430878,-27.585484520077998,-0.23397309528106788,-25.71703996544049,3.5866876388974074,1.718243084259904,0.5800616827061098,0.5944790731465776,-0.17008699893240337,0.9303422303989439,0.9577052371753846,0.7736844235461943,7.207e-05,3.785997327730096,with,True,4,6,8,Friday,2023,0,3,CHOP,False,False,True,False,False,False,False,False,False
667,ADAUSDT,1,2023-04-09 20:00:03,2023-04-17 00:39:04.000,172.65027777777777,0.39047808,0.3789448485557438,0.4424115,479.97545713300974,4.10750547193681,493.79430106993215,5.45500579668526,-8.363838140237169,6.236059715581146,0.5356764086336651,5.091540934023714,1.0824824150376136,0.4888630261460203,1.2690989567570372,0.0001,2.934208874041039,with,True,1,3,20,Sunday,2023,1,3,WIN,False,False,False,True,False,False,False,False,True
668,BTCUSDT,1,2023-04-10 00:00:03,2023-04-17 00:29:09.430,168.48511944444445,28315.06188,27781.916464394642,30095.979600000002,316.0858593421352,2.709154095067498,334.59229190400043,8.5788437937696,-9.9275887680956,5.146697391900858,0.30284773210826743,4.060689741731766,1.457865408287039,0.7497864356014615,2.3757036128582754,0.0001,1.8632805202701597,self,True,1,4,0,Monday,2023,1,3,WIN,False,False,False,False,False,False,False,False,True
669,FILUSDT,1,2023-04-10 20:00:03,2023-04-12 02:15:13.879,30.253021944444445,6.146228999999999,5.868482354716036,5.8673086582450935,-59.07230575565318,-1.0034360893111103,-57.097197427929025,1.4755596393541621,-0.49954868837,0.33401303517150877,1.0881463561549256,0.658049352182595,3.156556042062307,2.147611188435081,3.1014947249300384,0.0001,4.515418894955477,with,True,2,4,20,Monday,2023,0,3,LATE_ENTRY,False,True,False,False,False,False,False,True,False
670,ETHUSDT,1,2023-04-10 20:00:03,2023-04-17 01:00:15.859,149.00357194444445,1888.517628,1843.286473435366,2071.98552,387.64413453607756,3.2928687940368695,403.81524810120044,8.324044905606481,-7.8470686595164105,5.694799844914887,0.8431716671194467,5.264344328415133,1.4509449977410327,1.1452834132445744,3.5364180233292974,2.062e-05,2.3755402970454575,with,True,2,4,20,Monday,2023,1,3,WIN,False,True,False,False,False,False,False,False,True
671,AXSUSDT,1,2023-04-11 00:00:03,2023-04-12 02:15:20.000,26.254722222222224,8.6607318,8.352808013017947,8.353329,-118.6600583581154,-0.9951606167363053,-113.90921419008008,3.7827728880353284,-0.96807128,0.5334703161778553,0.9928813976876005,1.897444188142734,1.2606469679516048,0.2971991556569975,1.2431853432868707,5.885e-05,3.5361125647540517,with,True,2,6,0,Tuesday,2023,0,3,WHIPSAW,False,False,False,False,False,False,False,False,True
672,SOLUSDT,1,2023-04-11 00:00:03,2023-04-19 08:10:05.008,200.16722444444446,20.8961784,20.260930362320934,23.9952,521.097326466805,4.3714977098148005,540.7770060789601,5.350101055872623,-14.329578556282446,8.139846632021166,0.12149333082866198,4.703393671102499,1.9459881106083712,1.6058357172906434,1.9699236980034083,0.0001,3.025269887900571,with,True,2,6,0,Tuesday,2023,1,3,WIN,False,False,False,False,False,False,False,False,True
673,DOGEUSDT,-1,2023-04-12 04:00:03,2023-04-13 10:03:17.477,30.054021388888888,0.08137372200000001,0.08514278792934718,0.08515981648693305,-58.903796016621364,-0.9889593273251955,-57.83272731564701,1.526283417405099,0.4552147164307482,0.10976778006949453,1.028445262742166,-0.9806880721346838,1.6947400491949407,0.7834175699108603,1.9902159542570654,-0.0001,4.6108710275797655,against,False,2,6,4,Wednesday,2023,0,3,FALSE_BREAKOUT,False,False,False,False,True,True,False,False,False
674,XTZUSDT,-1,2023-04-12 04:00:03,2023-04-13 12:47:10.931,32.785536388888886,1.0817836,1.1200931295447667,1.1203171481706757,-117.25446374067455,-0.9844238582722483,-114.62729093859056,3.930406439893986,1.30323363781,0.09876393797993968,1.023672189818295,-0.762640532190798,2.0476133342716074,1.0500581201392771,2.0008615500514764,-0.0001,3.5206219542298163,against,True,2,6,4,Wednesday,2023,0,3,FALSE_BREAKOUT,False,False,False,False,True,False,False,False,False
675,ATOMUSDT,1,2023-04-13 12:00:03,2023-04-17 21:19:01.481,105.31624472222222,11.5303056,11.192984940487186,12.3995196,271.03384504158595,2.17849406313713,282.99404341349975,5.962241661723756,-5.99795671019,4.185022055983417,0.012764115919312057,3.707731396607473,2.39989211580278,1.8088739081797076,1.6762739811381273,0.0001,2.9060987119432187,with,True,1,6,12,Thursday,2023,1,3,WIN,False,False,False,False,False,False,False,False,True
676,DOTUSDT,1,2023-04-13 16:00:03,2023-04-17 00:39:08.484,80.65152333333333,6.5593116,6.36222435029935,6.672665200000001,59.90360946359782,0.4753863217375095,68.8100106489605,4.819392403142688,-4.08700878222,1.6474348314929539,0.14365008412772493,2.1649721158932596,1.7075283476951948,2.2614586747748855,1.6082051906417938,0.0001,3.0000861366161082,with,True,1,6,16,Thursday,2023,0,3,WIN,False,False,False,False,False,False,False,False,True
682,AVAXUSDT,1,2023-04-17 04:00:03,2023-04-19 08:10:17.172,52.17060333333333,20.6771346,19.740177823167503,20.24595,-33.97661120205084,-0.5101909017206873,-29.60198698841987,1.6856881500710514,-2.68893606355992,0.9732203475625415,0.499633079748448,-0.3310020351722608,3.2452543791985664,2.4307212860068628,3.4693289209938016,0.00026176,4.5076537191974495,with,True,2,4,4,Monday,2023,0,3,LATE_ENTRY,False,True,False,False,False,False,False,True,False
683,LINKUSDT,1,2023-04-17 04:00:03,2023-04-19 08:22:08.541,52.368205833333334,8.2186434,7.866237893823134,8.0223952,-77.89223241001781,-0.5848779951172323,-71.4959471099798,3.5501016674499235,-2.8461836325880956,1.6610313679554742,1.0205385378385692,-0.27991446861926433,1.1973927417011876,2.808171072799206,2.156505446606982,0.0001,4.26873684041459,with,True,2,4,4,Monday,2023,0,3,GAVE_BACK,False,False,False,False,False,False,False,False,False
684,DOGEUSDT,1,2023-04-17 08:00:03,2023-04-19 08:11:14.636,48.18656555555555,0.093148626,0.08834259741345452,0.08959207799999999,-49.47847931662679,-0.7558648482208875,-46.98415185850448,1.4484691876728784,-1.0458582704494293,0.4642864601860169,0.8819394066581427,0.07935325251032911,1.2089875501102059,1.8197347090451927,2.4179091279299296,0.0001,5.150743597321765,with,True,1,5,8,Monday,2023,0,3,CHOP,False,False,False,False,False,False,False,False,False
685,DOTUSDT,1,2023-04-18 12:00:03,2023-04-19 08:10:03.227,20.16672972222222,6.9533904,6.716825898874021,6.715482533694246,-133.1582856552809,-1.0019478559674933,-127.65079795040369,4.400466190957245,-1.1070215139200001,0.13784654859367074,1.5530242206726979,-1.1514424129719358,2.1856148170187195,1.6881110551681582,1.8385158716403658,0.0001,3.3828265409375633,with,True,2,6,12,Tuesday,2023,0,3,FALSE_BREAKOUT,False,False,False,False,False,False,False,False,False
686,LTCUSDT,1,2023-04-18 12:00:03,2023-04-19 08:10:10.901,20.16886138888889,103.130622,99.10048441472749,99.08066431784455,-133.06417120672944,-1.0015376991840221,-128.26175479809493,3.8424067299345026,-0.9600096787000001,0.00480827256886142,1.1489984900073542,-1.0423023807798748,2.348541708505397,2.2540029532901382,1.2062013145108195,0.0001,3.897901071831382,with,True,2,6,12,Tuesday,2023,0,3,FALSE_BREAKOUT,False,False,False,False,False,False,False,False,False
687,ALGOUSDT,-1,2023-04-19 12:00:03,2023-04-25 22:00:11.428,154.00234111111112,0.204959,0.21638144641827023,0.18863771999999998,50.21151948331259,0.7974209213928898,50.59070439787225,2.2283504063652098,1.849165491805553,2.246366414024792,0.20494733914930652,2.9467417720745317,3.5847816262180143,2.003260320533595,3.3157080053613006,-0.0001,5.551925082083047,with,True,3,3,12,Wednesday,2023,1,3,WIN,False,True,True,False,False,False,False,True,True
688,XTZUSDT,-1,2023-04-19 12:00:03,2023-04-24 01:02:20.000,109.03805555555556,1.0767846,1.1254482759766515,1.0322064,111.47076185568199,0.8852277465179521,111.4073945546403,3.1624048406959195,3.225772141737588,1.9066500451901256,0.23046758747491808,2.5025770773755704,3.962989314470755,1.6718861170423567,4.7236136393401305,-0.0001,4.498447165891506,with,True,3,3,12,Wednesday,2023,0,3,WIN,False,True,True,False,False,False,False,True,True
689,XRPUSDT,-1,2023-04-19 12:00:03,2023-04-24 00:51:13.076,108.85279888888888,0.4969006,0.5220799862446053,0.47599517999999996,48.284538588320075,0.7670604689780245,50.66305822184615,1.4146534883086281,-0.9638661452174448,2.283637871130384,0.1906082997169279,2.625187101777043,1.857487011627983,0.18815062402266355,4.886646974965331,-0.0001,5.02514307877797,with,True,3,3,12,Wednesday,2023,0,3,WIN,False,True,True,False,False,False,False,False,True
690,ETHUSDT,-1,2023-04-20 00:00:03,2023-04-24 01:02:11.224,97.03561777777777,1932.443434,2010.240419257922,1886.8772999999999,68.97586627239224,0.5448712841454048,71.31099971000023,3.5863421692259996,1.251208731618,1.4195078849633798,0.6526803812726084,1.9334095466724228,4.4040583072428,2.6022336777278827,1.668763489626226,-6.419e-05,4.005029891812635,with,False,2,5,0,Thursday,2023,0,3,WIN,False,False,False,False,False,True,False,True,True
691,BTCUSDT,-1,2023-04-20 00:00:03,2023-04-24 01:02:06.873,97.03440916666666,28789.241,29655.432420683937,27893.5776,122.10138909787217,0.9650021238553795,124.22851358000017,4.717144163891999,2.5900196817639998,1.950193640415181,0.3333662665141582,2.1588080363616586,3.6513793092938207,1.7750115691165125,1.9748202222083222,-8.579e-05,2.987773686092213,self,True,2,5,0,Thursday,2023,0,3,WIN,False,False,False,False,False,False,False,True,True
692,DOTUSDT,-1,2023-04-20 20:00:03,2023-04-24 01:00:14.736,77.00326,6.103779,6.40042744395896,5.9751948,24.690313354238263,0.38430628415141255,26.960467807140123,1.5195713825408756,-0.7505830703609839,1.1588768018198714,0.2232305658382658,1.758913658998282,1.9497173054782837,2.863647292421236,2.0765204687399383,-0.0001,4.839106371154124,with,True,1,6,20,Thursday,2023,0,3,WIN,False,False,False,False,False,False,False,False,True
693,ADAUSDT,-1,2023-04-25 04:00:03,2023-04-25 23:44:08.888,19.73496888888889,0.37812436,0.3947410150288182,0.3940788,-123.16452758086385,-0.9498968504083997,-120.12016029722811,3.4883267865707346,0.44395950293500264,0.08571881630386807,0.9854955748674935,0.061646582794398636,1.656488429051241,1.5718503341362102,1.0701286283385807,8.17e-06,4.373615819359662,with,True,2,3,4,Tuesday,2023,0,3,FALSE_BREAKOUT,False,False,False,False,False,False,False,False,False
694,SOLUSDT,-1,2023-04-25 04:00:03,2023-04-26 00:14:04.615,20.233781944444445,20.868825400000002,22.00563141379318,21.9833958,-63.10190015705025,-0.9735614972116069,-61.73449405743989,1.4241147234949918,0.056708623884629994,0.13619333300621644,0.9853700511860561,0.50828847929118,1.4797399927193229,1.2837362466670066,0.991174640146041,1.61e-05,5.426299112696683,with,True,2,3,4,Tuesday,2023,0,3,FALSE_BREAKOUT,False,False,False,False,False,False,False,False,False
695,XTZUSDT,-1,2023-04-25 16:00:03,2023-04-25 21:15:10.699,5.2521386111111115,0.9758048,1.0160699965418207,1.0162732105411292,-129.12202782750492,-0.996107086756244,-125.41777569956677,3.7042521279381395,0.0,0.06965817233965065,1.0230969556354517,0.516694361056739,1.247816429128343,1.697030343614554,1.9625542166025962,-0.0001,4.105532432563601,with,True,1,4,16,Tuesday,2023,0,3,FALSE_BREAKOUT,False,False,False,False,False,False,True,False,False
697,BTCUSDT,1,2023-04-26 16:00:03,2023-04-26 19:32:13.310,3.5361972222222224,29809.060619999997,28877.56365255162,28871.78813982111,-125.83904003286038,-0.9931469224872863,-121.28305893514788,4.55598109771251,0.0,0.09655359399222938,1.0832677456418223,0.09548005319183443,5.34558645080227,2.8510874975625207,3.5980663919507494,0.0001,3.1051784969579557,self,True,1,1,16,Wednesday,2023,0,3,LATE_ENTRY,False,True,False,False,False,False,True,True,False
698,BTCUSDT,1,2023-04-30 16:00:03,2023-05-01 01:38:14.539,9.636538611111112,29650.32888,28839.444700172342,28994.59992,-101.32342835884505,-0.8057877076898062,-96.06429264000005,5.154889241519999,-0.10424647732499999,0.2585709836447438,0.8951079550648834,-0.4833352157435085,0.9595463368372652,2.5351805703384898,1.8610476738918829,6.078e-05,2.7147141762221887,self,True,1,1,16,Sunday,2023,0,3,FALSE_BREAKOUT,False,False,False,True,False,False,False,False,False
699,ALGOUSDT,-1,2023-04-30 20:00:03,2023-05-03 21:18:20.000,73.30472222222222,0.18076383999999998,0.18673055362510135,0.1795359,23.493971406280014,0.18728455649861672,24.622907554755656,4.334883067587644,3.2059469191120002,1.133595547730863,0.15689708922206136,1.502307729717409,0.9105389380755678,0.4889931334109633,1.1942939701572544,-0.0001,3.2801734652109378,against,True,1,2,20,Sunday,2023,0,3,WIN,False,False,False,True,True,False,False,False,True
700,XTZUSDT,-1,2023-05-01 00:00:03,2023-05-03 21:31:20.000,69.5213888888889,0.9988002,1.0317312772626586,0.9961992,7.587381892932462,0.0619155281990946,9.230957063100268,4.2481554330588835,2.6045802628910772,1.1782244379838944,0.43119755502506507,0.7227276475096597,1.7787645434470924,0.3261068329653036,1.4472495892441408,-0.0001,3.379887501268388,against,True,4,6,0,Monday,2023,0,3,WIN,False,False,True,False,True,False,False,False,False
701,AVAXUSDT,-1,2023-05-01 00:00:03,2023-05-03 18:40:05.433,66.6673425,17.079583399999997,17.764048697982286,16.9673928,17.020792733663903,0.13579459265665478,19.756057859219673,3.5972748077219636,0.8620096821661921,1.0177044797646155,0.19492091183190435,0.9636476851994659,1.1658490829691779,0.19822371058040827,1.3466975480113328,7.086e-05,3.9867043141268446,against,True,4,6,0,Monday,2023,0,3,WIN,False,False,True,False,True,False,False,False,False
702,ETHUSDT,-1,2023-05-01 00:00:03,2023-05-03 17:41:14.064,65.68640666666667,1868.0363180000002,1928.4904493331635,1882.97652,-32.129025202358505,-0.2564040149681252,-29.50839297019955,4.44517527380028,1.8245430416413302,1.0380815440742914,0.28986740217019397,0.29834715349066604,1.2849437854884111,0.052263257596288304,1.3993494904240513,2.629e-05,3.2155923664058483,against,True,4,6,0,Monday,2023,0,3,GAVE_BACK,False,False,True,False,True,False,False,False,False
703,LINKUSDT,-1,2023-05-01 00:00:03,2023-05-03 18:33:15.454,66.55345944444444,7.0175962,7.275175441092643,7.0124022,0.7595935861266443,0.006063560193062445,2.420551509599756,3.9230266238127354,2.262068700339624,0.9068906291092867,0.23450569907640595,0.6506588003329078,1.2647582399705077,0.40597178073127116,1.462631192760584,-1.78e-06,3.6497427139570187,against,True,4,6,0,Monday,2023,0,3,WIN,False,False,True,False,True,False,False,False,False
704,AXSUSDT,-1,2023-05-01 04:00:03,2023-05-03 21:31:01.481,65.51624472222223,7.722455200000001,8.041588785997773,7.661532,13.710304150897,0.10909842199512829,23.09625318208015,3.4992823422382076,-5.886666688944944,1.1106797139254247,0.12391299986919903,1.6621729058742938,1.1118523951839425,0.21163099567421667,1.9142503656561103,0.00033743,4.09823671194528,with,True,1,6,4,Monday,2023,0,3,WIN,True,False,False,False,False,False,False,False,True
705,BTCUSDT,1,2023-05-04 00:00:03,2023-05-06 14:07:09.337,62.118426944444444,29024.203680000002,28084.95222987745,28612.57634,-58.809714226567046,-0.4694216226743131,-52.31783491400034,4.395380844325199,-2.0964984682415,0.868560085686909,0.5581079272559067,0.12009171770273033,0.7754049269462363,0.46794262515904517,1.5771270044812482,0.0001,3.21674444532624,self,True,3,3,0,Thursday,2023,0,3,CHOP,False,False,True,False,False,False,False,False,False
706,ETHUSDT,1,2023-05-04 00:00:03,2023-05-06 12:28:05.265,60.46729583333333,1905.120948,1847.2450638920657,1919.2060010431783,21.893117026674727,0.17479852918493508,28.956052046165905,4.717230805105779,-2.3457042143854,2.0481596752618647,0.6807835181665659,0.4817041230507614,1.2362827896105948,1.1166200772791306,1.4977200995453899,0.0001,3.0185188586334246,with,False,3,3,0,Thursday,2023,0,3,WIN,False,False,True,False,False,True,False,False,False
707,FILUSDT,1,2023-05-04 00:00:03,2023-05-05 12:30:02.515,36.49986527777778,5.3440686,5.158010054297067,5.1929612,-102.4029374129242,-0.817868281727086,-97.21913146497994,4.067573998533275,-1.116231949410984,0.10712434585951819,1.5536432304568093,-0.1293603575641637,0.709715783297418,-0.6828326096876635,1.0646645710014064,0.0001,3.4803507803692577,with,False,3,3,0,Thursday,2023,0,3,FALSE_BREAKOUT,False,False,True,False,False,True,False,False,False
708,XTZUSDT,1,2023-05-05 16:00:03,2023-05-06 14:05:20.000,22.088055555555556,1.0152029999999999,0.9866221522598357,0.9868026,-123.80659220777177,-0.9867251484946472,-117.9751962790795,4.989795994672272,-0.84159993402,0.5177243213540594,0.9867796874466649,-0.8468258261628766,1.9028927244391283,1.9028927244391283,2.167598177115533,0.0001,2.7958470679964735,with,False,1,3,16,Friday,2023,0,3,CHOP,False,False,False,False,False,True,False,False,False
709,LINKUSDT,1,2023-05-05 20:00:03,2023-05-06 12:37:10.998,16.618888333333334,7.2494496,7.022001865525078,7.0205974651519725,-126.49801955175312,-0.9991646376239638,-121.20446169129106,4.534613690162057,-0.7589441703,0.1255251016938456,1.039577732202342,-0.9912149730594808,2.3555750861528693,2.008905545171883,1.656793448462066,0.0001,3.1047072509303444,with,False,3,6,20,Friday,2023,0,3,FALSE_BREAKOUT,False,False,True,False,False,True,False,False,False
710,AVAXUSDT,1,2023-05-05 20:00:03,2023-05-06 13:06:15.470,17.10346388888889,17.3674728,16.802567375845864,16.799206862370696,-126.45842190965087,-0.9991701692249666,-121.34722418839318,4.377561415057684,-0.7336363062,0.23460068594391426,1.0116256200862273,-0.9478981385278654,1.6101664939083056,1.7063490057125659,2.24035062099639,0.0001,3.233313891696241,with,False,3,6,20,Friday,2023,0,3,FALSE_BREAKOUT,False,False,True,False,False,True,False,False,False
711,SOLUSDT,1,2023-05-05 20:00:03,2023-05-06 13:35:13.600,17.586277777777777,22.8655722,21.931596880815626,21.927210561439463,-126.42296094491918,-0.9991977556269752,-122.32698143452022,3.5035741105089597,-0.5924053998900001,0.39340204441469684,1.053102988694537,-0.09376286310914063,2.3972374893202986,1.680648545026174,2.1342227851212776,0.0001,4.0654526013051635,with,True,3,6,20,Friday,2023,0,3,CHOP,False,False,True,False,False,False,False,False,False
712,XTZUSDT,-1,2023-05-08 00:00:03,2023-05-10 12:46:20.000,60.771388888888886,0.9628074,0.9908699716197364,0.920184,166.83248381256004,1.3848673913684522,173.4538164416999,4.597644176535419,-2.0236884526044454,2.915178306127321,0.2206711517359558,3.841679282314199,1.219951009061041,2.2246165459348393,1.3046861717110332,-0.0001,2.8940780498168674,with,True,3,3,0,Monday,2023,0,3,WIN,False,False,True,False,False,False,False,False,True
713,XRPUSDT,-1,2023-05-08 00:00:03,2023-05-10 20:18:16.521,68.30375583333333,0.44851028,0.4599256649041571,0.4335867,139.9015332562923,1.1617117973446898,148.1251647910299,5.253193691761758,-2.9704378429758136,3.6626255138163617,0.20934204322184366,3.268420672036454,1.639101127380531,1.648009285681511,1.3133362878934631,6.618e-05,2.5018196799993553,with,True,3,3,0,Monday,2023,0,3,WIN,False,False,True,False,False,False,False,False,True
714,AVAXUSDT,-1,2023-05-08 00:00:03,2023-05-10 12:32:13.364,60.536212222222225,16.4007192,16.928960200705337,15.5661126,175.65002814354355,1.4591261057912437,181.19643128640018,4.16407623066432,-1.38232691219232,2.905339036445035,0.17658758005426536,3.6057769038312384,0.6452100168948349,1.7705321934202436,1.0958682021976698,-2.93e-06,3.212780153062659,with,True,3,3,0,Monday,2023,0,3,WIN,False,False,True,False,False,False,False,False,True
715,AXSUSDT,-1,2023-05-08 04:00:03,2023-05-10 13:01:04.285,57.017023611111114,6.973605,7.270546122391765,7.0144025999999995,-24.19441607061229,-0.19738297354031936,-16.231174208879775,3.339046240819127,-4.62419562091339,1.7296526525631684,0.20675815968325045,1.7094466266962485,2.3684966472749265,2.25007181491118,3.9112638713882517,0.00015797,4.23722039271348,with,True,3,6,4,Monday,2023,0,3,GAVE_BACK,False,True,True,False,False,False,False,False,True
716,ALGOUSDT,-1,2023-05-08 04:00:03,2023-05-10 12:14:20.000,56.238055555555555,0.16716656,0.17351711204392936,0.16693338,2.610805060972589,0.021304542915575493,4.31783003967399,3.7119480843604444,2.004923105659043,1.6008938954714065,0.6036388606033848,1.585147232928017,2.123172287507507,1.5923792156306344,3.78547717070327,-0.0001,3.716145872043855,with,True,3,6,4,Monday,2023,0,3,WIN,False,True,True,False,False,False,False,False,True
717,LINKUSDT,-1,2023-05-08 04:00:03,2023-05-10 12:32:14.285,56.53646805555555,6.723655,6.9641410487354465,6.6303258,42.94509961502734,0.3505311427434775,45.51022979104016,3.9070906093685753,1.3419604333557518,1.5537491757413753,0.14281493741777201,2.156694755172933,1.3213958944772404,1.4719346672657847,3.0985941921707525,-0.0001,3.5560007246906546,with,True,3,6,4,Monday,2023,0,3,WIN,False,True,True,False,False,False,False,False,True
718,BTCUSDT,-1,2023-05-12 04:00:03,2023-05-14 15:06:02.722,59.09992277777778,26569.38506,27488.15123130047,27056.9103,-66.41069591736348,-0.5347205582555845,-62.98826100799988,4.1571104163072,0.7346755069436001,0.8907435706319209,0.6863715270528444,0.04558837853238998,1.8838316969805011,2.53254161239428,0.9855449976724269,-3.633e-05,3.4369072628974524,self,True,2,2,4,Friday,2023,0,3,CHOP,False,False,False,False,False,False,False,False,False
719,ETHUSDT,-1,2023-05-12 04:00:03,2023-05-14 15:45:07.003,59.751111944444446,1762.467436,1828.4033024016599,1820.364,-108.12702227921378,-0.8705362238338636,-104.59014286600022,3.8834309934803994,0.34655158026685,0.4109665570318165,0.9524795445535998,-0.28106954547477564,1.9428725808838636,2.3204077017650753,1.0239751871519154,-1.83e-05,3.7203629639815756,with,True,2,2,4,Friday,2023,0,3,CHOP,False,False,False,False,False,False,False,False,False
720,LTCUSDT,1,2023-05-14 16:00:03,2023-05-18 17:57:16.388,97.95371888888889,83.5167,80.43884429781552,89.49209800000001,222.47038765054577,1.8096269717543465,228.7412231390005,3.9737179751034004,-2.29711751335135,3.7276926243998147,0.4765330612994711,3.2338423120147373,2.122979305595741,1.973198557041447,1.7517509565574125,4.315e-05,3.677590351077094,against,False,1,1,16,Sunday,2023,0,3,WIN,False,False,False,True,True,True,False,False,True
721,AVAXUSDT,-1,2023-05-16 20:00:03,2023-05-17 19:15:13.513,23.25292027777778,14.7700454,15.211475876417024,15.1540302,-107.03096749942617,-0.8597331335767772,-102.78942869071962,4.806250614641903,0.56471180593535,0.3693569173641987,0.8901845726409962,0.9289014282118291,1.8881041093397626,0.6788945768449277,1.3771153318516378,-4.555e-05,2.961120051556964,with,True,1,2,20,Tuesday,2023,0,3,CHOP,False,False,False,False,False,False,False,False,False
722,XRPUSDT,1,2023-05-17 00:00:03,2023-05-21 15:42:18.333,111.70425916666667,0.44248848,0.4288391945666087,0.46130772,154.62935940823928,1.2423764649826046,163.14322561693166,4.700983483976795,-3.812882724715601,2.4332057646587133,0.3801283243228985,1.810462541837262,2.271251523464817,1.9615354066286994,4.4588174993570195,-4.366e-05,3.065281517493521,against,False,1,3,0,Wednesday,2023,0,3,WIN,False,True,False,False,True,True,False,False,True
723,BTCUSDT,-1,2023-05-17 08:00:03,2023-05-17 19:11:11.595,11.185720833333333,26826.43364,27464.29584939292,27290.15694,-91.17867529352968,-0.727099742823137,-85.41783186000028,5.9809655909016,0.2201221573722,0.46864924053818097,0.8208142013904516,0.7699682357219915,1.292544852697363,0.8589556691769132,0.9352398995299032,-7.029e-05,2.356880613720679,self,True,1,4,8,Wednesday,2023,0,3,CHOP,False,False,False,False,False,False,False,False,False
724,AXSUSDT,1,2023-05-17 12:00:03,2023-05-18 17:49:14.681,29.81991138888889,7.4214839999999995,7.036711615402608,7.035304273079528,-60.58749088321305,-0.9642243509843853,-61.17731794564228,1.3741180144919742,1.963945076921204,0.3340052590688746,1.0200420188956063,-0.7965332551625051,3.3551760284904595,0.43048526026510814,55.26273105144509,-8.312e-05,5.16561165225595,against,True,2,6,12,Wednesday,2023,0,3,LATE_ENTRY,False,True,False,False,True,False,False,True,False
725,ETHUSDT,-1,2023-05-17 12:00:03,2023-05-17 19:16:13.484,7.269578888888889,1789.052118,1833.101456050055,1833.468076341265,-124.60285518223897,-0.9916030043237888,-118.97258601291234,5.821969555537506,0.19170038621087995,0.18279770721753247,1.017674362076914,0.43251769137484875,1.201150173156884,1.2059566048711179,1.422106515963098,1.53e-05,2.441668262167701,with,True,2,6,12,Wednesday,2023,0,3,FALSE_BREAKOUT,False,False,False,False,False,False,True,False,False
726,ATOMUSDT,-1,2023-05-18 20:00:03,2023-05-23 03:20:10.285,103.33535694444444,10.5908814,10.95530819570576,10.582116,-1.1381187938792285,-0.009280402490846173,2.8186651348804754,4.085124893715168,0.12834096495546404,0.7707484831241279,0.9003690284754069,1.111008863154248,2.1084027529628786,1.1064985727037517,2.8345680557190733,-7.768e-05,3.4300245062854873,with,True,4,5,20,Thursday,2023,0,3,COSTS,False,True,True,False,False,False,False,False,True
727,SOLUSDT,-1,2023-05-18 20:00:03,2023-05-27 06:50:12.093,202.83585916666667,20.3249342,21.05478927001596,19.618923,115.57123144244522,0.942661217054661,113.53690872352041,3.8541332508450714,5.888455969769878,2.4593022282639683,0.3576953983402337,1.2672847500802855,1.9151564475036087,1.2579408896192719,1.7781274188644896,-2.95e-05,3.570216292075156,with,True,4,5,20,Thursday,2023,0,3,WIN,False,False,True,False,False,False,False,False,True
728,AVAXUSDT,-1,2023-05-18 20:00:03,2023-05-22 17:37:11.200,93.61894444444444,14.5690856,15.060235644325077,14.692938,-33.52930748609034,-0.2735596036113304,-29.506992103680126,4.182886884563712,0.16057150215350413,1.0304093542238086,0.5719523050965485,1.883509144891193,2.66947025456758,1.1589507154209933,2.0611930013896913,-9.472e-05,3.3575982727683646,with,True,4,5,20,Thursday,2023,0,3,GAVE_BACK,False,False,True,False,False,False,False,False,True
729,LINKUSDT,-1,2023-05-18 20:00:03,2023-05-22 09:52:12.500,85.86930555555556,6.4877022,6.702657381063453,6.5433084,-32.793117917506365,-0.2676327635606353,-30.236883282839845,4.251509506885752,1.695274872219228,0.742955806926362,0.3409910830591372,1.5710354052843838,2.6647115378292785,1.1646466511491536,2.7729642235704492,-5.255e-05,3.3085293012246138,with,True,4,5,20,Thursday,2023,0,3,WHIPSAW,False,True,True,False,False,False,False,False,True
730,ADAUSDT,-1,2023-05-20 04:00:03,2023-05-22 09:00:13.333,53.00287027777778,0.364927,0.3761457522869592,0.3675735,-32.597931978341244,-0.26538010493171377,-27.54321241754996,4.57406012487321,-0.48065943591808075,0.8046349334669871,0.28283002591012885,0.9205123471711033,0.6998181728052787,1.0228111756384874,0.686277212312717,3.146e-05,3.05363076355046,with,True,1,6,4,Saturday,2023,0,3,CHOP,False,False,False,True,False,False,False,False,False
731,DOTUSDT,-1,2023-05-21 16:00:03,2023-05-23 03:10:13.333,35.169536944444445,5.283943,5.405344050886647,5.383076399999999,-100.62134154929247,-0.8073209458044365,-95.1489510804795,6.142969213595808,0.670578744782848,0.5267087849157408,0.8406599387289592,1.2433417906813329,2.274524362614397,0.9312364238240219,1.2966836200278995,3.102e-05,2.2964430523589523,with,True,1,6,16,Sunday,2023,0,3,WHIPSAW,False,False,False,True,False,False,False,False,True
732,ETHUSDT,1,2023-05-23 04:00:03,2023-05-24 03:26:15.830,23.43689722222222,1865.332992,1829.5897865553818,1829.2238685980708,-121.99628929529808,-1.0022912154471482,-113.48736393992363,6.966973654304205,-1.54195170107024,0.0849674214223855,1.0369241241507214,-0.7666629687832318,3.6623082098422635,1.8356789644854243,4.25094379463016,2.79e-05,1.8960408292242794,with,True,5,6,4,Tuesday,2023,0,3,LATE_ENTRY,False,True,True,False,False,False,False,True,False
733,BTCUSDT,1,2023-05-23 04:00:03,2023-05-24 03:32:12.742,23.536039444444445,27360.17094,26832.98332426397,26827.616727599117,-122.10193795530714,-1.0040013839832354,-113.43404724138797,6.925199263919166,-1.7426914500000001,0.3173994513630297,1.0322149530016134,-0.8254574405971915,2.7487618143665142,1.4938172728095873,2.9040013898611523,0.0001,1.9068700537972723,self,False,5,6,4,Tuesday,2023,0,3,CHOP,False,True,True,False,False,True,False,False,False
734,DOTUSDT,1,2023-05-23 04:00:03,2023-05-24 03:36:08.956,23.601654444444446,5.4220842000000005,5.293013114764723,5.29195451214177,-121.9761411942981,-1.0031107242596726,-114.87409005779593,5.6747947443421705,-1.42725639216,0.16979635648100636,1.1240643071647969,-0.7056902003571693,2.281483758771209,1.3517009940665052,2.339923180533288,0.0001,2.360946047505576,with,False,5,6,4,Tuesday,2023,0,3,FALSE_BREAKOUT,False,False,True,False,False,True,False,False,False
735,XTZUSDT,1,2023-05-23 04:00:03,2023-05-24 03:24:11.352,23.40232,0.9081816,0.8851618149577711,0.8849847825947796,-121.79266732336535,-1.0020159168603735,-115.20993267979232,5.343592820002588,-1.239141823570455,0.07899291833803894,1.0939111704911821,-1.007029386133462,1.556905939493309,1.007409725554494,2.3637356965405947,0.0001,2.4077381523956833,with,False,5,6,4,Tuesday,2023,0,3,FALSE_BREAKOUT,False,False,True,False,False,True,False,False,False
736,LINKUSDT,1,2023-05-23 04:00:03,2023-05-24 03:24:11.333,23.402314722222222,6.6243246000000005,6.462112750890421,6.4647068,-119.1238242080402,-0.9804407464910159,-112.22452975384026,5.521603707599951,-1.3776907466000003,0.047317135228600024,1.0561780840329673,-0.9760359731368762,1.9516773500561118,1.777642427121169,1.7444828190064636,0.0001,2.4292201284852584,with,False,5,6,4,Tuesday,2023,0,3,FALSE_BREAKOUT,False,False,True,False,False,True,False,False,False
737,ALGOUSDT,-1,2023-05-25 04:00:03,2023-05-27 17:49:20.000,61.82138888888889,0.15076984,0.1556339877292551,0.15113022,-10.425500024303723,-0.08834993664289408,-8.329583847490492,4.186750424550078,2.0908342477368467,0.775025803045933,0.2940206752764529,0.42552983897899843,3.2271492758637814,2.68929106321982,2.97861114840416,-0.0001,3.2055621546784483,with,True,1,2,4,Thursday,2023,0,3,LATE_ENTRY,False,True,False,False,False,False,False,True,False
738,XRPUSDT,1,2023-05-26 04:00:03,2023-06-05 15:26:14.489,251.43652472222223,0.46439285999999996,0.44956010815941666,0.51459706,391.780612603106,3.309174963684891,409.7087695159868,5.43978579939625,-12.48837111348452,5.555755323467968,0.29615947514073643,4.9624736388164,1.5768308995357339,1.374673091902947,2.6093611030307424,-5.952e-05,3.1954978123564404,against,True,1,3,4,Friday,2023,1,3,WIN,False,True,False,False,True,False,False,False,True
739,ETHUSDT,1,2023-05-26 16:00:03,2023-05-31 04:47:19.987,108.78805194444445,1830.205968,1789.6575396476403,1871.6256,102.7099043990684,0.87058131839427,112.39631339520025,6.027174085754879,-3.65923491037696,2.461107274807424,0.4827799447585906,1.9925317770127158,1.9516098121968979,0.6834615188812936,1.966845550180383,3.794e-05,2.1964893489826767,against,True,1,4,16,Friday,2023,0,3,WIN,False,False,False,False,True,False,False,False,True
740,SOLUSDT,1,2023-05-28 00:00:03,2023-05-29 16:28:11.428,40.469007777777776,20.419082999999997,19.833387793258773,20.2749442,-34.097499922532734,-0.28923678154079424,-27.47922621495939,4.654848156193343,-1.9634255513800003,1.3111205131294341,0.2545402425768292,1.6577171689728039,3.6656727202229806,3.034668082173344,2.958844109125669,0.0001,2.848945416317538,against,True,1,3,0,Sunday,2023,0,3,GAVE_BACK,False,True,False,True,True,False,False,True,True
741,ADAUSDT,1,2023-05-28 04:00:03,2023-05-30 14:59:02.222,58.98311722222222,0.3725745,0.3631000699711944,0.3754249,25.138449250612513,0.2121930305337948,33.53204346128036,5.279669181127847,-3.11392502954,1.4486887293768227,0.6411467477759997,0.857624149980065,1.4255425262673551,1.840439231673528,1.545749678278747,0.0001,2.5234711486726558,with,True,3,6,4,Sunday,2023,0,3,WIN,False,False,True,True,False,False,False,False,False
742,XTZUSDT,1,2023-05-28 04:00:03,2023-05-31 02:09:08.000,70.15138888888889,0.9041808,0.8812439308707021,0.9238152000000001,85.98454034941768,0.7260754194617078,95.35845134664025,5.32682030399256,-4.0470906932299995,1.954024315496097,0.22587215241954703,1.0820657283298423,1.470853940103866,2.2982092814122907,0.9931445190447643,0.0001,2.409309981096122,with,True,3,6,4,Sunday,2023,0,3,WIN,False,False,True,True,False,False,False,False,True
743,FILUSDT,1,2023-05-28 04:00:03,2023-05-31 14:19:12.835,82.31939861111111,4.5399078,4.4310197756334455,4.5950808,45.897666395938685,0.3877225927179312,56.23023054329992,5.586020499031235,-4.74654364833,3.380465410602693,0.30221688924414064,4.482514976641636,1.5516886507100724,1.9162420084070302,1.820955269004522,0.0001,2.357431123106101,with,True,3,6,4,Sunday,2023,0,3,WIN,False,False,True,True,False,False,False,False,True
745,LTCUSDT,1,2023-05-30 12:00:03,2023-05-31 04:47:14.858,16.786627222222222,92.998596,90.31589197425068,90.29782879585582,-125.51775133845592,-0.998907970974914,-119.85329660190857,4.880542254826855,-0.7839124817205,0.026616428541736882,1.1140237504080341,1.1038877086609695,1.017161600731453,2.498029225325767,2.067806642808414,0.0001,2.87569418835285,with,True,1,6,12,Tuesday,2023,0,3,WHIPSAW,False,False,False,False,False,False,False,False,True
746,ALGOUSDT,-1,2023-05-31 08:00:03,2023-06-02 01:30:20.000,41.50472222222222,0.14787042,0.15237300652995378,0.14872974,-24.773501440028042,-0.20336933610838312,-22.087863575315914,4.574266073521084,1.8886282088089583,0.7263425096315848,0.1842452098324277,-0.09540738354325305,1.0061727486253083,1.257715935781632,2.1414893758724625,-0.0001,2.954734141860662,against,True,2,4,8,Wednesday,2023,0,3,CHOP,False,False,False,False,True,False,False,False,False
747,AVAXUSDT,-1,2023-05-31 08:00:03,2023-06-02 04:42:08.333,44.70148138888889,14.1281738,14.571436193419975,14.2998594,-48.01136637911029,-0.3942616802770485,-44.87774024344,4.458565737306408,1.3249396016361181,0.7245681221048232,0.39666392324288763,-0.2522799174033432,1.612038271620844,1.85497925058342,1.275510781013846,-0.0001,3.116808388790428,against,True,2,4,8,Wednesday,2023,0,3,CHOP,False,False,False,False,True,False,False,False,False
748,AXSUSDT,-1,2023-05-31 16:00:03,2023-06-02 02:21:08.275,34.35146527777778,6.8196357999999995,7.070704339318991,7.0374072,-105.42898333161837,-0.8709192356239922,-100.62708986638009,3.8418100207188597,-0.9600834445194251,0.3132045146448647,0.9294840390316811,-0.5909310676774944,1.6980081369685438,1.6299276220429133,0.9723105675844579,-5.435e-05,3.6608171722473415,against,True,1,4,16,Wednesday,2023,0,3,CHOP,False,False,False,False,True,False,False,False,False
749,ATOMUSDT,-1,2023-06-01 04:00:03,2023-06-02 04:51:16.733,24.85381472222222,10.217956000000001,10.469040389797184,10.471134197875143,-120.50703859679736,-0.9951896813445694,-114.63511310015772,5.620617133729055,-0.25130836291058395,0.011772934201082011,1.0078045879490898,-0.9878909644695911,4.631251778719784,2.987517339122358,2.150170800017615,-6.682e-05,2.4468185712612294,against,True,2,6,4,Thursday,2023,0,3,LATE_ENTRY,False,False,False,False,True,False,False,True,False
750,DOTUSDT,-1,2023-06-01 04:00:03,2023-06-03 12:51:10.000,56.85194444444444,5.2339530000000005,5.368345646337925,5.3020602,-60.69429791211523,-0.5014361242618139,-57.742762086239274,5.3595963734678636,2.4080605475919077,0.6023618271229519,0.5137706703563503,2.8271859387650187,2.999722982978516,2.1672998552019833,1.7663366594763283,-8.983e-05,2.5471947724531994,against,True,2,6,4,Thursday,2023,0,3,WHIPSAW,False,False,False,False,True,False,False,False,True
751,FILUSDT,1,2023-06-02 04:00:03,2023-06-03 20:38:06.808,40.634391111111114,4.905981,4.700369763255711,4.8600278,-30.265752136313857,-0.25361067236242135,-25.691032547399764,3.2759265940869593,-1.29879299482713,0.5934451926465026,0.3695371965224575,-0.05827016163956026,2.406322400024136,1.222804648175524,2.8697579588896316,0.0001,4.1523294605279135,with,True,1,5,4,Friday,2023,0,3,CHOP,False,True,False,False,False,False,False,False,False
752,SOLUSDT,1,2023-06-02 08:00:03,2023-06-05 15:19:20.000,79.32138888888889,20.991197399999997,20.266221974468795,20.945809999999998,-14.12373242608979,-0.11846557363120952,-7.133487731859873,3.9547159934099154,-3.0355287008200005,1.8011680865502708,0.0609639974591054,0.07697171246751687,1.0446424985646765,0.44473506901758625,0.9937447967758509,0.0001,3.4390033615933193,against,True,1,4,8,Friday,2023,0,3,GAVE_BACK,False,False,False,False,True,False,False,False,False
753,AXSUSDT,1,2023-06-02 12:00:03,2023-06-05 02:55:14.545,62.919873611111115,7.0874172,6.861874814145711,7.103579000000001,2.9023978265621158,0.02432996806600934,8.139029146060393,4.287923313619523,-0.9487080058787538,1.0267817249641649,0.48512921234543,1.7849540718261618,1.5348565074861613,0.7808136302618557,0.6448559339012909,0.0001,3.1629295209467863,against,True,1,5,12,Friday,2023,0,3,WIN,False,False,False,False,True,False,False,False,True
754,LTCUSDT,1,2023-06-03 12:00:03,2023-06-04 23:26:17.200,35.43727777777778,96.699336,93.2830464451157,94.261144,-86.83438729356962,-0.725611908639669,-81.70795884640002,3.8396461905695993,-1.2867822566,0.19045926568774932,0.7286665723170279,-0.5823089548003436,0.9566118777529837,2.4358172813154613,1.281074270705823,0.0001,3.503624242147817,against,True,1,6,12,Saturday,2023,0,3,FALSE_BREAKOUT,False,False,False,True,True,False,False,False,False
755,AVAXUSDT,1,2023-06-04 04:00:03,2023-06-05 15:19:17.666,35.32074055555555,14.6189232,14.28900102530162,14.4681058,-58.65521490286981,-0.49298550476657227,-50.78845321003977,5.877114489650039,-1.98964720318,0.9580344221753614,0.46957498428722505,0.2578692992605902,0.905201614999026,2.418967829271041,0.633370680929777,0.0001,2.2372672051065967,against,True,1,5,4,Sunday,2023,0,3,CHOP,False,False,False,True,True,False,False,False,False
756,ATOMUSDT,1,2023-06-04 08:00:03,2023-06-05 08:33:16.666,24.55379611111111,10.797158999999999,10.582607195350187,10.622875,-98.56898913373522,-0.8210855840688629,-90.24951857679913,6.655164294136079,-1.6643062628000003,0.2229811120819382,0.8070731461924814,-0.718516445254861,1.7514717629598673,2.3305874265191835,0.645028475440988,2.837e-05,1.9675109277426002,against,True,1,6,8,Sunday,2023,0,3,FALSE_BREAKOUT,False,False,False,True,True,False,False,False,False
757,FILUSDT,-1,2023-06-05 04:00:03,2023-06-12 17:43:09.500,181.71847222222223,4.572085400000001,4.7441373886234715,3.4986996,806.8300552147219,6.783582613711743,810.1003897801804,4.140140581803708,0.8698060163451966,11.8166922467216,0.3831086204080491,6.556654235881995,3.3657168935029675,2.424952275700923,1.8560770683273293,-0.0001,3.742343945407193,with,False,2,6,4,Monday,2023,1,3,WIN,False,False,False,False,False,True,False,True,True
758,ALGOUSDT,-1,2023-06-05 04:00:03,2023-06-12 17:45:20.000,181.75472222222223,0.1489702,0.1526524700796401,0.11292258,1114.4214215992204,9.539769534564623,1118.85801910692,5.166826409599271,0.7302289018996185,16.014631932094296,0.19819295820672916,11.207814502306555,1.1725609815980265,0.1332455660906845,2.524288729871844,-0.0001,2.5201276559033547,with,True,2,6,4,Monday,2023,1,3,WIN,False,True,False,False,False,False,False,False,True
759,XTZUSDT,-1,2023-06-05 16:00:03,2023-06-06 19:24:14.677,27.40324361111111,0.8518296,0.8782015904759478,0.878377230794043,-119.5405484951125,-0.9902612394590061,-115.5485099358105,4.518433062370445,0.52639450306844,1.2827852349959614,1.0302749056723788,1.1690281788975183,4.961530870400233,2.824256033920133,3.4139831743271483,-0.0001,3.075304046472755,with,True,4,6,16,Monday,2023,0,3,GAVE_BACK,False,True,True,False,False,False,False,True,True
760,DOGEUSDT,-1,2023-06-05 16:00:03,2023-06-06 13:52:10.789,21.86883027777778,0.06813637,0.06990484566238113,0.06770778993462159,20.741671321879686,0.17187724208237476,27.547285765427308,5.2388874736570346,-1.566726969890588,3.0627336950214197,0.2395452812902194,0.8630992399097253,5.122260939125565,2.753781876565281,4.1329328551006395,-0.0001,2.590028855857234,with,True,4,6,16,Monday,2023,0,3,WIN,False,True,True,False,False,False,False,True,False
761,LINKUSDT,-1,2023-06-05 16:00:03,2023-06-06 17:29:06.835,25.48439861111111,6.0807836,6.2568104708172365,6.2580618329114,-117.74674257930022,-0.9906918290310756,-113.42860542098597,4.736886216571407,0.4187490582571679,0.8906799244462156,1.0635671652334322,1.4701369103396023,4.675341416971505,2.376818304082397,4.248015628628873,-0.0001,2.941929431017382,with,True,4,6,16,Monday,2023,0,3,WHIPSAW,False,True,True,False,False,False,False,True,True
762,DOTUSDT,-1,2023-06-05 16:00:03,2023-06-06 18:58:18.738,26.971038333333333,5.0169964,5.167936903085272,5.168970490465889,-120.67584416729593,-1.0007086855807295,-115.28514383679408,4.636148126898331,-0.754552203603528,1.0798718479685778,1.0004180250723829,0.46373503843733815,4.189693669424131,2.396988205103222,3.675801233774255,-0.0001,2.9674617072180167,with,True,4,6,16,Monday,2023,0,3,GAVE_BACK,False,True,True,False,False,False,False,True,False
764,ADAUSDT,-1,2023-06-07 20:00:03,2023-06-12 07:06:10.000,107.10194444444444,0.32303538,0.3378000283583875,0.28055610000000003,165.00001300974594,2.7282603506463214,168.11605375106382,1.433264655550154,-1.6827760857677179,7.20202590802596,0.5258926465112227,4.655402440448412,4.394549345419498,3.619040637404295,2.247791901406916,-2.179e-05,4.549683800181842,with,True,3,5,20,Wednesday,2023,0,3,WIN,False,False,True,False,False,False,False,True,True
765,ATOMUSDT,-1,2023-06-07 20:00:03,2023-06-12 06:28:02.068,106.46640777777777,9.5400916,9.886202627183094,8.4976992,337.7689976030103,2.792800325479716,348.8613213598802,3.6220645121171753,-7.4702592447527785,6.931566496235541,0.245321279391318,3.522255878184135,4.148719060300467,3.634487075935494,1.3101062631145728,-4.688e-05,3.607237761298415,with,True,3,5,20,Wednesday,2023,0,3,WIN,False,False,True,False,False,False,False,True,True
766,LINKUSDT,-1,2023-06-07 20:00:03,2023-06-09 12:38:20.000,40.63805555555555,5.9328132,6.1390098182490895,6.0352068,-60.12814961475017,-0.4972998810220552,-57.398964660480054,4.0253607083016,1.2961757540314802,0.5374152153462354,0.4907296776214059,6.0321707046497215,3.4534931353374163,2.765721197367677,1.1820541195127416,-0.0001,3.4548334723473033,with,True,3,5,20,Wednesday,2023,0,3,WHIPSAW,False,False,True,False,False,False,False,True,True
767,XTZUSDT,-1,2023-06-09 08:00:03,2023-06-13 01:50:13.333,89.83620361111112,0.8288342,0.8569947623976301,0.7331466,397.87307830039714,3.222349622982686,400.6834714725199,3.9243949434456953,1.114001771322914,6.457051440680835,0.5030368285965822,4.5749867556211266,0.4445306768491327,2.7042282841655614,0.6143710282978537,-0.0001,3.252381011762659,with,True,1,6,8,Friday,2023,0,3,WIN,False,False,False,False,False,False,False,False,True
768,XRPUSDT,1,2023-06-09 16:00:03,2023-06-10 04:20:12.727,12.336035277777778,0.53100618,0.5103150593280921,0.51659666,-85.77342971846848,-0.7001027237241677,-81.95587558335174,3.5750201817606504,-0.2425339533560832,0.4346705112116444,0.7494122839393896,-0.07762653485370191,0.6443757983688928,1.8550212377286184,1.9157914011595683,0.0001,3.8592578507739193,against,True,1,6,16,Friday,2023,0,3,CHOP,False,False,False,False,True,False,False,False,False
770,ETHUSDT,-1,2023-06-10 08:00:03,2023-06-16 16:19:16.925,152.32053472222222,1731.05372,1783.0715306326392,1687.3374,109.88120012298491,0.7725094343052472,113.49630998400059,5.324896215446399,1.7097863544307206,2.0291842104898077,0.9094246648342592,1.048943031942285,4.0192382505371524,3.061852757031239,5.819588703288883,-5.325e-05,2.9837837734932275,with,True,1,6,8,Saturday,2023,0,3,WIN,False,True,False,True,False,False,False,True,True
771,XRPUSDT,1,2023-06-13 12:00:03,2023-06-13 12:43:11.039,0.7188997222222222,0.56141226,0.5347959799240771,0.5346890207280923,-66.45558284620932,-0.995142944309638,-64.85938879790706,1.5961940483022627,0.0,0.05589586507792167,1.292902685944057,-0.6729813463378556,3.2100411801030195,3.26266480600635,3.0335787257880953,7.143e-05,4.738870693965601,against,True,1,2,12,Tuesday,2023,0,3,LATE_ENTRY,False,True,False,False,True,False,True,True,False
772,LTCUSDT,-1,2023-06-15 00:00:03,2023-06-16 16:12:17.777,40.20410472222222,73.075382,77.1498447893069,75.805158,-45.2592708534659,-0.670165154555009,-43.98406175520002,1.4393204861148,0.16411138784892,0.2590235951521697,0.6687060701966744,-0.5508991285650742,2.1478653624806916,0.9458489669639684,3.5600899071680283,7.087e-05,5.5545831020753775,with,True,5,6,0,Thursday,2023,0,3,FALSE_BREAKOUT,False,True,True,False,False,False,False,False,False
773,BTCUSDT,-1,2023-06-15 00:00:03,2023-06-16 15:58:10.083,39.96863416666667,25110.87682,25780.548938501506,25785.705048289205,-133.31799334880822,-0.9874428324293597,-128.35232902060648,5.808317922809165,0.8426535946074,0.4985675986437996,1.1335744150415794,-0.9633418536873862,2.413604998176586,1.497783178958232,3.8863326961402915,3.265e-05,2.6463273802710865,self,True,5,6,0,Thursday,2023,0,3,CHOP,False,True,True,False,False,False,False,False,False
774,AVAXUSDT,-1,2023-06-15 00:00:03,2023-06-16 17:24:15.000,41.403333333333336,11.3687258,11.972587659740663,11.562312,-22.621115528018393,-0.3351099104218779,-21.00750981712004,1.493052712539168,-0.12055299835918401,0.5808046895868263,0.3217196066720201,0.400299830335057,1.3807119786655917,0.8032026414352743,2.5627398062351365,0.00027602,5.2998035157490255,with,True,5,6,0,Thursday,2023,0,3,CHOP,False,True,True,False,False,False,False,False,False
775,ATOMUSDT,-1,2023-06-15 00:00:03,2023-06-16 17:52:13.953,41.86970916666667,8.4953006,8.894991905140847,8.823764399999998,-56.157553094359265,-0.8319995605056077,-53.644379352199664,1.6971194260409996,-0.8160543161185999,0.23593357870712237,0.849904402799792,0.441091907010269,0.7368570545214865,-0.6065285958986397,2.6795010553235383,0.00013743,4.69623240514179,with,True,5,6,0,Thursday,2023,0,3,FALSE_BREAKOUT,False,True,True,False,False,False,False,False,False
776,DOGEUSDT,-1,2023-06-15 00:00:03,2023-06-16 05:06:15.000,29.10333333333333,0.060307936,0.06297968280744237,0.062082413999999995,-89.639468732942,-0.6640962757201373,-86.52372064650041,3.5806592541223163,0.4649111676807119,0.22379964985244857,0.7006891501789054,-0.13177296554422585,1.0377177279474505,0.10151586469051391,3.6995076738719836,0.00018482,4.409288473876617,with,True,5,6,0,Thursday,2023,0,3,FALSE_BREAKOUT,False,True,True,False,False,False,False,False,False
777,BTCUSDT,1,2023-06-17 08:00:03,2023-06-26 01:13:04.027,209.21695194444445,26593.01754,25857.280236120827,30215.9556,566.8543568333953,4.304590454678059,583.840176822,6.818129200450798,-10.167690788154001,6.669476230344637,0.49218319920810744,5.987847070920694,2.906945840714286,2.051430173602513,1.404460594870479,0.0001,2.7468435055408253,self,True,1,1,8,Saturday,2023,1,3,WIN,False,False,False,True,False,False,False,False,True
778,DOTUSDT,-1,2023-06-20 16:00:03,2023-06-20 18:02:08.472,2.0348533333333334,4.4171164,4.564812762947732,4.565725725500322,-131.61306946624487,-0.9950588014562571,-127.006834925495,4.606234540749874,0.0,0.12265975707479958,1.0351209532092782,-0.9471025366379748,0.9127271860397207,0.6675168972529214,1.462967107912328,0.00032237,3.3230593695729373,against,True,1,2,16,Tuesday,2023,0,3,FALSE_BREAKOUT,True,False,False,False,True,False,True,False,False
779,FILUSDT,1,2023-06-20 20:00:03,2023-06-24 15:22:19.200,91.37116666666667,3.7967592,3.6399224542751094,3.9002198,76.92022856655802,0.5807686856698294,84.1124849243,3.7545424834196996,-3.43771387432228,2.252283406974186,0.36189988345946544,3.036538394104277,1.702374117193857,1.379954776816234,2.469476028606871,0.0001,4.086364841235583,with,False,5,6,20,Tuesday,2023,0,3,WIN,False,False,True,False,False,True,False,False,True
780,ALGOUSDT,1,2023-06-20 20:00:03,2023-06-26 05:21:20.000,129.35472222222222,0.11972394,0.11473428532391479,0.1304739,258.97306514967465,1.95579575434918,267.8855881044482,4.770523069563211,-4.141999885210265,4.243993096655404,0.10500526269105939,3.9233296231552064,1.479741513695345,1.4591895482273562,2.9229412862515725,-9.567e-05,4.0683233077635546,with,False,5,6,20,Tuesday,2023,1,3,WIN,False,True,True,False,False,True,False,False,True
781,ETHUSDT,1,2023-06-20 20:00:03,2023-06-23 13:49:16.735,65.82048194444444,1782.176364,1734.7887501024052,1861.3976460000001,199.9946293328695,1.5107614585371365,208.7480780700005,5.760490509809999,-2.992958227321,3.197536730324609,0.18836913838476677,3.2984069706015227,2.4809036598869376,2.7001196072081086,4.771090621275953,2.359e-05,2.6395062294504883,with,False,5,6,20,Tuesday,2023,0,3,WIN,False,True,True,False,False,True,False,False,True
782,DOTUSDT,1,2023-06-20 20:00:03,2023-06-26 21:55:12.631,145.91934194444445,4.6329264,4.460959582864708,5.0559886,305.604286307117,2.3093807796325363,307.7399360630803,5.172403075070063,3.036753319106781,3.547623955382265,0.1449488942997049,3.4894732018439623,1.5878577843359187,1.9289531602303114,3.0725918792276405,-0.00032237,3.6717861614185194,with,False,5,6,20,Tuesday,2023,1,3,WIN,False,True,True,False,False,True,False,False,True
783,ATOMUSDT,1,2023-06-20 20:00:03,2023-06-26 16:47:16.231,140.7870086111111,8.6937384,8.358999237818207,9.19816,156.31990481500412,1.1815936440561698,152.47088066687954,5.108542698511872,8.957566846636436,3.125602613033318,0.11871452309610356,2.23535721103832,0.870868877596387,0.3813805084646331,4.519004781899269,-0.00022299,3.8311178345811396,with,False,5,6,20,Tuesday,2023,1,3,WIN,False,True,True,False,False,True,False,False,True
787,LINKUSDT,1,2023-06-23 16:00:03,2023-06-26 16:47:17.209,72.78728027777778,6.005200799999999,5.730210245024004,6.018796,0.23503746691626426,0.0032171999132471736,3.489887840000264,1.8519359871359997,-1.402914385948,1.348407039043105,0.40074394558612886,0.9120284150191801,3.279888979332813,3.681657117113,2.4150841445632794,0.0001,4.560122501265751,with,True,1,6,16,Friday,2023,0,3,WIN,False,False,False,False,False,False,False,True,False
788,XTZUSDT,1,2023-06-25 04:00:03,2023-06-26 00:59:04.822,20.983839444444445,0.8461692,0.8087588634580607,0.8085971116853691,-147.48286578261002,-1.0012754250169174,-142.765226385526,3.772637045744012,-0.9450023513399999,0.18259124700314536,1.0202848605013193,-0.5391344174995352,1.9870499901812695,2.819462823905861,0.8955536692838455,5.636e-05,4.402025595973915,with,True,1,6,4,Sunday,2023,0,3,FALSE_BREAKOUT,False,False,False,True,False,False,False,False,False
790,BTCUSDT,1,2023-06-27 12:00:03,2023-06-28 12:55:09.321,24.9184225,30726.24402,29922.771697825207,30080.08278,-114.66215140807961,-0.8110969232350465,-107.13353359199961,6.049013390063999,-1.479604426016,0.33884923286850155,0.8329397311266775,0.7140955128945733,1.0158926978894958,0.06283484464723736,1.5245129752758084,0.0001,2.595461284874696,self,True,1,1,12,Tuesday,2023,0,3,CHOP,False,False,False,False,False,False,False,False,False
791,ALGOUSDT,-1,2023-06-28 08:00:03,2023-06-30 04:43:20.000,44.72138888888889,0.11977604,0.1264939995633794,0.12402479999999999,-46.4580549003537,-0.6606669351497926,-43.2401973045839,1.4887162030272336,-1.7291413927425707,0.9491036586103838,0.6287563895182458,1.008645547219011,2.539587856115385,3.0176279231488747,1.0714557049316698,0.00037346,5.58764571233672,against,True,1,2,8,Wednesday,2023,0,3,WHIPSAW,True,False,False,False,True,False,False,True,True
792,DOGEUSDT,-1,2023-06-28 20:00:03,2023-06-30 03:19:09.230,31.318397222222224,0.061797637999999995,0.06487278352356049,0.064592916,-64.14423090495688,-0.9116756970683659,-61.96298528825472,1.6810212160814804,-0.5002244006206858,0.1683295948221199,0.927553502150186,0.3959610986442605,2.3561698845647623,1.3668388833110465,2.321372858041438,-3.061e-05,4.972141623884279,against,True,5,6,20,Wednesday,2023,0,3,FALSE_BREAKOUT,False,False,True,False,True,False,False,False,False
793,XRPUSDT,-1,2023-06-28 20:00:03,2023-06-30 03:31:20.000,31.52138888888889,0.45900818000000004,0.4783740012530175,0.47739546,-133.97260980319342,-0.952167154884582,-128.71204484951966,3.9329284366888553,-1.3276365169848992,0.1346795452629556,0.9445414042097418,0.5477784732907793,2.355504672019893,1.0376672563964238,2.5967474952047116,-0.0001,4.198214169683621,against,True,5,6,20,Wednesday,2023,0,3,FALSE_BREAKOUT,False,True,True,False,True,False,False,False,False
794,LTCUSDT,-1,2023-06-28 20:00:03,2023-06-30 02:12:05.217,30.200615833333334,82.493498,86.90909134491976,86.137224,-57.56570628100261,-0.8184587174549588,-56.35495943380001,1.5648560014011599,0.35410915419856,0.191027101934208,0.8597943024730682,-0.8530001985652623,2.50391727826653,1.447010166244607,1.953853406944328,-9.328e-05,5.344353145357282,against,False,5,6,20,Wednesday,2023,0,3,FALSE_BREAKOUT,False,False,True,False,True,True,False,False,False
795,ADAUSDT,-1,2023-06-28 20:00:03,2023-06-30 02:32:10.000,30.53527777777778,0.26714656,0.2820738505676442,0.27815562,-52.02360005400695,-0.7397297910526217,-50.42379018901006,1.4985586079427178,-0.1012512570541675,0.09020793116459742,0.7672819088030631,0.03661481616661725,2.380015843174278,1.9228376586097256,1.8329331024738196,3.109e-05,5.566560841184216,against,True,5,6,20,Wednesday,2023,0,3,FALSE_BREAKOUT,False,False,True,False,True,False,False,False,False
796,AVAXUSDT,-1,2023-06-28 20:00:03,2023-06-29 11:36:14.771,15.603269722222223,12.2385518,12.9031998524827,12.905780492453196,-70.22139930380301,-0.9985783889770353,-68.57409525253107,1.5505177075144385,-0.0967863437575,0.20845889712978033,1.0448359810970411,0.20845889712978033,3.213531371264677,1.908789310751198,2.062398767024514,-6.718e-05,5.409687545810806,against,True,5,6,20,Wednesday,2023,0,3,LATE_ENTRY,False,False,True,False,True,False,False,True,False
797,AXSUSDT,1,2023-06-30 12:00:03,2023-06-30 13:41:13.297,1.686193611111111,5.9301858,5.623003175654729,5.621878575019598,-68.35826292667237,-0.9954765091391863,-66.85525016954534,1.5030127571270249,0.0,0.2272726204771561,1.2051000631595423,2.6655615751223505,1.311489065037546,1.652476221947305,1.414311090423409,0.0001,5.145020653597692,with,True,4,4,12,Friday,2023,0,3,WHIPSAW,False,False,True,False,False,False,True,False,True
798,ADAUSDT,1,2023-06-30 12:00:03,2023-06-30 13:41:12.815,1.6860597222222222,0.29485896,0.27985415599760183,0.2797981851664023,-68.34710165034481,-0.995411827075209,-66.81741521005549,1.5296864402893298,0.0,0.26265188131548545,1.2968486623943876,0.10270310760165167,2.341788124804727,2.141063428392893,2.353734280866854,0.0001,5.0698249668921935,with,True,4,4,12,Friday,2023,0,3,FALSE_BREAKOUT,False,False,True,False,False,False,True,False,False
799,LINKUSDT,1,2023-06-30 12:00:03,2023-06-30 13:41:13.770,1.686325,6.2302458,5.912541605540419,5.911359097219311,-68.34075947094544,-0.9954194458837264,-66.81438562475076,1.5263738461946932,0.0,0.203819153568772,1.2598064708614347,1.3558341611848048,0.608638106869591,1.6040150108125673,1.613608006104352,0.0001,5.065163687533417,with,True,4,4,12,Friday,2023,0,3,WHIPSAW,False,False,True,False,False,False,True,False,True
800,XTZUSDT,1,2023-06-30 12:00:03,2023-06-30 13:42:13.537,1.7029269444444444,0.8161632,0.7786462892542934,0.7784905599964426,-66.86304691243194,-0.995019943274011,-65.20695098359747,1.6560959288344812,0.0,0.2888510750112901,1.0172266117184845,1.2484183550576573,2.0337015241408274,1.9815553312141452,2.196040148279333,0.0001,4.694456639621365,with,True,4,4,12,Friday,2023,0,3,WHIPSAW,False,False,True,False,False,False,True,False,True
801,DOTUSDT,1,2023-07-01 12:00:03,2023-07-04 16:52:06.451,76.86762527777778,5.3000598000000005,5.0249275623839225,5.3709256,14.190720348344168,0.20976914144946948,16.90341376317978,1.527191520962604,-1.1855018938730102,1.2173789698442308,0.2873520045670591,0.32326346330998706,0.988830441745803,1.9631192593482871,1.062823154001227,0.0001,5.190045992756169,with,True,1,1,12,Saturday,2023,0,3,WIN,False,False,False,True,False,False,False,False,False
802,ATOMUSDT,1,2023-07-02 00:00:03,2023-07-05 10:38:14.482,82.63652277777778,9.556911,9.1281314275625,9.6100776,12.28983850358457,0.09078644963887042,16.207348877280257,3.5057280830489277,-0.41178229064676,1.2549315186381365,0.5595205915155159,0.3243834570040638,1.2867819685859225,2.017054217181207,0.6949308182836555,7.506e-05,4.45748976802909,with,True,2,3,0,Sunday,2023,0,3,WIN,False,False,False,True,False,False,False,False,False
803,LINKUSDT,1,2023-07-02 00:00:03,2023-07-04 19:13:11.111,67.21891972222222,6.5043006,6.145465639375231,6.428714,-16.232562128045817,-0.23987776786035017,-13.852589891479889,1.422123079865928,-0.9578491567,0.5202932280481732,0.4857402960305878,0.2137456168330397,1.071425484294433,2.215775216211,0.5967163872134971,0.0001,5.483456792137334,with,True,2,3,0,Sunday,2023,0,3,CHOP,False,False,False,True,False,False,False,False,False
804,ETHUSDT,1,2023-07-03 00:00:03,2023-07-04 19:38:10.395,43.6353875,1938.077538,1881.6546762506086,1932.653392,-19.895960063795943,-0.14659543977638023,-12.367595294600147,5.295392156095799,-2.2329726131000003,0.7075582620626407,0.12153828762636185,0.3520286171981397,0.48576501711201264,1.775487198841792,1.662577563460238,0.0001,2.8918621528413393,with,True,3,6,0,Monday,2023,0,3,CHOP,False,False,True,False,False,False,False,False,False
805,XTZUSDT,1,2023-07-03 00:00:03,2023-07-04 17:36:13.333,41.602870277777775,0.835167,0.7958986668633543,0.8288342,-12.794848202218088,-0.18860516189069498,-10.580400210560045,1.6680582346057438,-0.5463897570523,0.7087899530430005,0.18251347657310424,0.12307627072384598,0.4603423606324681,2.6086067102506467,0.6770038368027097,0.0001,4.682794387622236,with,True,3,6,0,Monday,2023,0,3,CHOP,False,False,True,False,False,False,False,False,False
806,AVAXUSDT,1,2023-07-03 00:00:03,2023-07-04 19:08:19.333,43.13787027777778,13.122623999999998,12.567161421449883,13.059387599999999,-20.138424119418296,-0.14844341066803518,-14.88207334691981,3.697009478728487,-1.5593412937700002,0.8432179197788088,0.11094176705990018,0.05648625346085456,0.4594469522480554,1.544754713463946,1.0287472193506453,0.0001,4.213708677973442,with,True,3,6,0,Monday,2023,0,3,CHOP,False,False,True,False,False,False,False,False,False
807,ALGOUSDT,-1,2023-07-05 12:00:03,2023-07-13 16:04:12.727,196.06936861111112,0.11937612,0.12544840668549703,0.1110222,31.460163192343032,0.471804881670687,44.31213851504799,2.184160930032725,-10.667814392672232,2.779203432589359,0.5144487014193565,1.6099569250162638,2.2444839298857233,1.4150007384062138,2.1124241160246617,-0.0001,5.153735696141677,with,True,3,3,12,Wednesday,2023,1,3,WIN,False,False,True,False,False,False,False,False,True
808,AVAXUSDT,-1,2023-07-05 12:00:03,2023-07-08 03:10:04.470,63.167075,12.6394716,13.195945614009558,13.1166228,-116.16830208090076,-0.8607245839115469,-111.66874506863994,3.616653261503808,-0.8829037507570039,0.8256838386564964,0.9713452675091414,-0.7916423568925782,2.3040240626232347,1.3400956282604548,1.995302756973806,-0.0001,4.373531709321811,with,False,3,3,12,Wednesday,2023,0,3,CHOP,False,False,True,False,False,True,False,False,False
809,BTCUSDT,-1,2023-07-05 12:00:03,2023-07-06 08:45:17.025,20.753895833333335,30388.921000000002,31019.789861289384,31025.993819261643,-132.09406017216975,-0.9793523802507469,-126.45895462343569,7.314516354974061,1.6794108062400004,0.33782139692934277,1.0158672258607855,1.1237216535796293,2.117511953970755,1.2085663465180119,1.9205795335539428,-0.0001,2.055567893697594,self,False,3,3,12,Wednesday,2023,0,3,WHIPSAW,False,False,True,False,False,True,False,False,True
810,SOLUSDT,1,2023-07-06 12:00:03,2023-07-06 14:29:16.630,2.4871194444444447,19.8919776,18.81175980218137,18.807997450220935,-66.48415721490142,-0.9956433171903306,-65.08986445179855,1.3942927631028728,0.0,0.018535521299900142,1.0081092925880866,2.3847250111986367,2.216574752856714,1.1861920957756185,2.739311817440616,0.0001,5.421016580284708,with,True,1,3,12,Thursday,2023,0,3,WHIPSAW,False,True,False,False,False,False,True,False,True
811,XTZUSDT,-1,2023-07-06 16:00:03,2023-07-08 08:38:20.000,40.63805555555555,0.7888422,0.8261082179515252,0.80016,-20.74989636428381,-0.3104413234738543,-19.634511035879882,1.6539935976216715,0.538608269217744,0.5324475511660606,0.2994095053169839,-0.057902617950938755,0.4850677557061238,1.536047893069389,1.392585699374227,0.00015067,4.7031961915748015,with,False,1,3,16,Thursday,2023,0,3,CHOP,False,False,False,False,False,True,False,False,False
812,ETHUSDT,-1,2023-07-07 00:00:03,2023-07-09 12:31:13.822,60.51967277777778,1844.441038,1896.7052514424752,1874.364798,-77.60600487351822,-0.5766928551846641,-72.9301878720003,5.4380841500995185,0.7622671485815999,0.39608436894940713,0.6327266751349373,-0.01241694760630551,2.507841754303985,2.5600723964355856,1.2109008432999413,-7.449e-05,2.812483138868572,with,True,3,6,0,Friday,2023,0,3,CHOP,False,False,True,False,False,False,False,False,False
813,DOTUSDT,-1,2023-07-07 00:00:03,2023-07-08 08:33:13.333,32.55287027777778,5.0059986,5.2286765380896565,5.176035,-103.73564694681379,-0.7711148502012345,-99.15776388203993,3.562629002546976,-1.015254062226889,0.17064375719475425,0.7679314864643196,0.1526805946366838,1.7773644581216248,2.8149122382433873,0.7164624565367217,-2.846e-05,4.427332496298313,with,False,3,6,0,Friday,2023,0,3,FALSE_BREAKOUT,False,False,True,False,False,True,False,False,False
814,LINKUSDT,-1,2023-07-07 00:00:03,2023-07-09 01:00:12.857,49.002738055555554,6.0727852,6.359298887695358,6.2222442,-35.16128326714077,-0.5228591821903491,-33.92913596699985,1.67467890550932,0.44253160536839997,0.2296057843838447,0.534755603588855,0.21215461114245926,1.5632728315304114,2.152128965380436,0.8586076763792795,-8.488e-05,4.697051163901192,with,False,3,6,0,Friday,2023,0,3,FALSE_BREAKOUT,False,False,True,False,False,True,False,False,False
815,AVAXUSDT,1,2023-07-08 04:00:03,2023-07-10 00:07:17.272,44.12063111111111,13.3356666,12.750463229062225,13.44731,19.025814963077913,0.1442428646982357,24.278520816660038,3.4946143968128034,-1.758091456769322,1.4769795304065416,0.11904681937898035,0.8669351975656094,2.5612117113193706,1.8419438111566246,1.7558623058683032,5.3e-05,4.369135010408579,against,True,1,6,4,Saturday,2023,0,3,WIN,False,False,False,True,True,False,False,False,False
816,LTCUSDT,-1,2023-07-10 00:00:03,2023-07-10 20:02:18.333,20.0375925,95.040988,99.34855069382104,97.479492,-37.6549667577484,-0.5711333619653379,-36.05035543519992,1.7077105633343999,0.10309924078591999,0.8916847584156302,0.5685377495521929,0.21845021579135676,1.254503067376941,2.2455138548029643,0.7903331210692125,-7.379e-05,4.511414573765025,with,False,1,3,0,Monday,2023,0,3,CHOP,False,False,False,False,False,True,False,False,False
817,DOTUSDT,-1,2023-07-10 04:00:03,2023-07-10 18:51:15.000,14.853333333333333,5.028994,5.18286380119842,5.1590316000000005,-111.06975927951096,-0.8427095020763331,-105.85139962936043,4.975868991213694,-0.24249065893682398,0.22092704179271372,0.8449091308849687,-0.35748405191651433,1.4688315135835979,1.7612979654033392,1.949824502583764,0.000133,3.0595307456436642,with,True,2,4,4,Monday,2023,0,3,FALSE_BREAKOUT,False,False,False,False,False,False,False,False,False
818,DOGEUSDT,-1,2023-07-10 04:00:03,2023-07-13 15:27:14.285,83.45313472222222,0.064697058,0.06681571856067389,0.065693136,-61.787628431435095,-0.468948566546127,-59.05970011785525,4.6386763421834365,1.910748028603594,0.5414071613412,0.695223211938915,-0.41202541653125474,1.4274110253294283,1.02092973997072,3.031665737064388,-8.72e-06,3.27004414323631,with,True,2,4,4,Monday,2023,0,3,CHOP,False,True,False,False,False,False,False,False,False
819,XTZUSDT,1,2023-07-12 08:00:03,2023-07-12 19:55:16.041,11.920289166666667,0.8381675999999999,0.8143958492092879,0.8142329700394461,-125.47521587744244,-0.9958647156124392,-120.08502648898242,4.974262812100018,-0.4159265763600001,0.24535003968991945,1.0166520847695655,3.568622300766563,1.9508903358745373,1.9915338845385857,1.0113823932457184,0.0001,2.9325567092624643,with,True,1,3,8,Wednesday,2023,0,3,WHIPSAW,False,False,False,False,False,False,False,False,True
820,ATOMUSDT,-1,2023-07-12 20:00:03,2023-07-13 15:32:04.199,19.53366638888889,8.9902016,9.256169948866674,9.258021182856448,-129.60136937701355,-0.995944248917885,-124.31175356368897,5.082082234681829,-0.20753357864277502,0.21882904581693685,1.2287116169744676,-0.9467231761709498,1.5444603057629205,2.15391645583114,1.653426084845018,0.00010254,2.937833061239697,with,True,4,6,20,Wednesday,2023,0,3,FALSE_BREAKOUT,False,False,True,False,False,False,False,False,False
821,FILUSDT,-1,2023-07-12 20:00:03,2023-07-13 15:44:03.500,19.733472222222222,4.1901618,4.373385588828118,4.3608720000000005,-119.92806909072767,-0.9219186204614298,-116.92264240278017,3.514058798495292,0.5086321105477951,0.06637675204615129,1.107051662326896,-0.5121507452726531,0.44104937176574105,0.975821735031699,1.3226699965276314,-0.0001,4.326946298380657,with,True,4,6,20,Wednesday,2023,0,3,FALSE_BREAKOUT,False,False,True,False,False,False,False,False,False
822,LTCUSDT,-1,2023-07-12 20:00:03,2023-07-13 05:58:08.979,9.9683275,94.91101400000001,98.67033206658668,97.899576,-103.2153264659321,-0.7936294730866958,-99.37596248019958,3.846814211843399,0.0074502261108799995,0.048150754151100324,0.8615887090769314,0.9765106157492984,0.5146994867287636,-0.08310252129474821,1.4151319556991564,-4.611e-05,3.92914689971212,with,True,4,6,20,Wednesday,2023,0,3,FALSE_BREAKOUT,False,False,True,False,False,False,False,False,False
823,AVAXUSDT,-1,2023-07-12 20:00:03,2023-07-13 15:32:06.326,19.534257222222223,12.9204154,13.438535711753252,13.3736742,-112.89746769998736,-0.8682950770660037,-109.3808215489201,3.8071880201715835,0.29054186910432,0.08958421229025991,1.1282796422742865,-0.8600021846126807,1.2657347583108656,2.3153209655871114,0.9500719616699528,-7.448e-05,3.9731969961566755,with,True,4,6,20,Wednesday,2023,0,3,FALSE_BREAKOUT,False,False,True,False,False,False,False,False,False
825,DOGEUSDT,1,2023-07-14 16:00:03,2023-07-14 16:31:18.891,0.5210808333333333,0.072684534,0.06967650840840152,0.06966257310671985,-124.52619197009214,-0.9945742805269162,-121.10350049947823,3.422691470613909,0.0,0.028412657205681986,1.025434759802315,0.8528737279248692,3.469295545606772,2.869993052123837,2.142645569673387,0.0001,4.1324870550336765,with,True,1,1,16,Friday,2023,0,3,LATE_ENTRY,False,False,False,False,False,False,True,True,False
826,BTCUSDT,-1,2023-07-14 20:00:03,2023-07-16 14:25:06.851,42.41773638888889,30093.88002,30999.76055721488,30386.076,-42.435970129942255,-0.3416337593781199,-38.04391659600006,4.7246941642824,0.3326406303402,0.14227043711110188,0.3838475005424668,0.7659729859450658,3.3354056647282224,1.6967073262167807,3.451523004405579,-0.0001,2.989579889683609,self,True,1,1,20,Friday,2023,0,3,LATE_ENTRY,False,True,False,False,False,False,False,True,False
827,LTCUSDT,-1,2023-07-17 12:00:03,2023-07-19 02:43:12.727,38.71936861111111,91.01179400000001,95.29651275986627,93.408678,-34.51492650283072,-0.5569040211167159,-33.5302499643998,1.54792585491312,0.5632493164822001,0.42285015692758227,0.5643791659444819,-0.06259594037120966,1.621933506233526,2.690722059474125,2.0660581605907367,-0.0001,4.686930418396437,with,True,1,1,12,Monday,2023,0,3,CHOP,False,False,False,False,False,False,False,False,False
828,BTCUSDT,-1,2023-07-17 20:00:03,2023-07-20 06:29:12.329,58.48592472222222,29863.926020000003,30452.103547129936,30184.5357,-66.91795194596637,-0.5401619869025277,-62.45476566399956,7.018464205833601,2.5552779238667997,0.7887516924758621,0.7123257191488099,0.671780205422089,1.2695335797963132,2.9891589023620906,2.755537101776044,-6.261e-05,1.9487899133911495,self,True,1,2,20,Monday,2023,0,3,CHOP,False,True,False,False,False,False,False,False,False
829,LINKUSDT,1,2023-07-18 00:00:03,2023-07-18 16:48:10.553,16.802098055555554,7.186437,6.8155655265083155,6.814202413403014,-61.64052237366662,-0.9991259705381416,-60.05915718441583,1.3553817406907904,-0.22598344856000002,0.306205810144485,1.1120752861280592,3.4879010451285226,3.1507617277795816,1.6024492636129848,2.557466706670496,0.0001,5.141746325562763,against,True,1,3,0,Tuesday,2023,0,3,WHIPSAW,False,True,False,False,True,False,False,True,True
830,XTZUSDT,-1,2023-07-18 12:00:03,2023-07-20 02:12:20.000,38.20472222222222,0.8278344,0.8669554288725688,0.8521704,-38.19047573285597,-0.6180491881393168,-37.18008084960004,1.5400077488095676,0.529612865553634,0.3280690812556654,0.6177138152147273,-0.05535641731341273,1.5808015291157267,2.1077353721543024,1.358756963322592,-0.0001,4.578459453868378,with,False,2,5,12,Tuesday,2023,0,3,CHOP,False,False,False,False,False,True,False,False,False
831,ADAUSDT,-1,2023-07-18 12:00:03,2023-07-19 02:53:20.000,14.888055555555555,0.30333932,0.3200731216622876,0.31886375999999994,-56.69440662672268,-0.9196950394183651,-55.5777218568237,1.3364976663389807,0.21981289644000004,0.289194296530134,0.9239191614684429,-0.39803746539024315,0.930059431636673,3.732161565413841,1.2056434785346875,-0.0001,5.530208263200649,with,False,2,5,12,Tuesday,2023,0,3,LATE_ENTRY,False,False,False,False,False,True,False,True,False
832,DOTUSDT,-1,2023-07-18 20:00:03,2023-07-20 02:32:08.000,30.53472222222222,5.1269744,5.36025408137246,5.2750547999999995,-39.10533551165785,-0.6318626070050417,-37.95112589891989,1.599544786913496,0.44533517417553903,0.02561046022032503,0.6431147329992514,-0.39448613552017836,0.7631163362829655,2.092139169135317,1.508167262635212,-0.0001,4.549523724838319,with,True,1,5,20,Tuesday,2023,0,3,FALSE_BREAKOUT,False,False,False,False,False,False,False,False,False
833,DOGEUSDT,1,2023-07-19 16:00:03,2023-07-22 23:17:19.411,79.28789194444444,0.07125424799999999,0.06747061522651732,0.069995998,-21.96333060673497,-0.3585751871096249,-19.77348544342482,1.3318544088191695,-0.8579907544909825,1.4789363384357603,0.5455730308890249,3.3342960998796234,1.5015713014541876,0.11672992449467079,2.7439910328688737,0.0001,5.291107205899339,against,True,1,4,16,Wednesday,2023,0,3,GAVE_BACK,False,True,False,False,True,False,False,False,True
834,LINKUSDT,1,2023-07-20 08:00:03,2023-07-22 09:55:17.362,49.920656111111114,7.4294856,7.033153658930458,7.9993998,82.80526878205873,1.361440815027633,84.91322640060005,1.3792775534413197,-0.7286800650999999,2.6505923220951675,0.0491648489077504,1.689276918214689,2.7858938670176614,2.476912910857521,1.2791626893970365,0.0001,5.3156481027132685,against,True,2,3,8,Thursday,2023,0,3,WIN,False,False,False,False,True,False,False,False,True
835,XTZUSDT,1,2023-07-20 08:00:03,2023-07-20 15:48:14.860,7.803294444444444,0.9031806,0.8615139943697453,0.8613416915708714,-60.51400207175282,-0.9950344613400574,-59.02051640354303,1.4934856682097941,0.0,0.18766587490684042,1.0123358829444002,-0.7963355665311769,3.2300048646350543,1.687315974063088,8.492459948201194,-0.00022535,4.594242041002741,against,True,2,3,8,Thursday,2023,0,3,LATE_ENTRY,False,True,False,False,True,False,True,True,False
836,AXSUSDT,1,2023-07-20 12:00:03,2023-07-22 23:18:14.418,59.303171666666664,6.5503098,6.2811020884237205,6.360727600000001,-86.22222833688429,-0.7027717266602287,-83.16265868215973,3.398155090073232,0.33858543534867996,0.03970985800297529,0.8592242720151755,0.04713906568907489,1.2364278088616125,1.5474081365449883,1.0111172927131715,0.0001,4.076021862802075,against,True,2,5,12,Thursday,2023,0,3,FALSE_BREAKOUT,False,False,False,False,True,False,False,False,False
837,ALGOUSDT,1,2023-07-20 12:00:03,2023-07-22 23:31:20.000,59.521388888888886,0.11682336,0.11061098903545867,0.11317735999999999,-37.03706799278982,-0.6039047197665575,-34.942434535000096,1.3225647451897198,-0.7720687125999999,0.04453050237646577,0.6959275330910956,0.09282124382000384,0.9196895904131183,-0.7061902212100779,0.8645028441214092,0.0001,5.21766149489402,against,True,2,5,12,Thursday,2023,0,3,FALSE_BREAKOUT,False,False,False,False,True,False,False,False,False
838,DOTUSDT,1,2023-07-21 04:00:03,2023-07-22 06:26:08.130,26.434758333333335,5.656131,5.395836525642119,5.3947573583369905,-60.88300628663409,-0.997163791343021,-59.249353273558526,1.503039061239265,-0.13061395183630498,0.011022131787764941,1.0569990034506846,-0.6536097257527103,3.2257632062979713,2.1260712041509353,4.63047316719674,7.328e-05,4.582908476708771,against,True,1,5,4,Friday,2023,0,3,LATE_ENTRY,False,True,False,False,True,False,False,True,False
839,ETHUSDT,-1,2023-07-23 00:00:03,2023-07-23 18:36:06.441,18.600955833333334,1865.22688,1901.1561694433044,1897.2293699999998,-105.44157929892002,-0.8761655130539389,-98.97090057399954,6.981463319249999,0.51078459432952,0.23788057410616592,0.9305254993354873,1.0082826730310117,1.419725487597647,0.9281089756482238,1.3995679195026067,-1.578e-05,1.9058838681016554,with,True,3,3,0,Sunday,2023,0,3,WHIPSAW,False,False,True,True,False,False,False,False,True
840,AVAXUSDT,-1,2023-07-23 00:00:03,2023-07-30 02:06:15.000,170.10333333333332,13.5102974,14.038392568046376,13.2936582,47.67946242103175,0.3963836672796404,47.40429649856027,3.519093475040448,3.7942593975119276,1.6404190994679302,0.4482195905629131,2.253944879676446,1.7586849456889104,1.2257501136619722,1.1043178103342557,-2.01e-05,3.888052749547672,with,True,3,3,0,Sunday,2023,0,3,WIN,False,False,True,True,False,False,False,False,True
841,XTZUSDT,-1,2023-07-23 00:00:03,2023-07-23 16:58:20.000,16.97138888888889,0.8378324,0.8695705896806678,0.8581715999999999,-75.13597509917722,-0.640502456745861,-72.12939310079962,3.6087478135775997,0.6021658152,0.1837659948057049,0.6354363687064468,1.63312402255797,0.7368610834284374,1.9035577988567964,0.4593989022364715,-0.0001,3.8913488268420413,with,True,3,3,0,Sunday,2023,0,3,WHIPSAW,False,False,True,True,False,False,False,False,True
842,FILUSDT,1,2023-07-23 04:00:03,2023-07-24 09:50:10.600,29.835444444444445,4.6289256,4.413549092062331,4.412666382243918,-60.155336376048474,-1.0032681341829037,-58.20363822620162,1.460063217236855,-0.49163493261,0.19999581390030727,1.3600629093901628,-0.15287461160586932,0.9512666649995899,1.7299996701708196,1.5977786615289644,0.0001,4.63377069873961,against,True,1,4,4,Sunday,2023,0,3,FALSE_BREAKOUT,False,False,False,True,True,False,False,False,False
843,ATOMUSDT,-1,2023-07-24 04:00:03,2023-07-27 04:39:08.888,72.65163555555556,9.1401716,9.413750272498705,9.0608118,26.59394088186872,0.22349087938674259,32.76612183988027,4.508899768069223,-1.663281189942328,1.3384508253352074,0.5037980436894356,1.0825829268595621,1.1659016766023969,1.591199143539117,1.0154276280157513,6.143e-05,2.983812192306154,with,True,2,4,4,Monday,2023,0,3,WIN,False,False,False,False,False,False,False,False,True
844,ALGOUSDT,-1,2023-07-24 04:00:03,2023-07-26 15:34:20.000,59.57138888888889,0.1129774,0.11740573735496966,0.11042207999999999,63.17685825110848,0.5400086742978096,64.86140315288435,3.4023144818867253,1.7177695801108517,1.372388667087369,0.23092188287154689,1.1465702797692119,0.9765327300196371,1.1318902097954904,1.2507050088803044,-0.0001,3.990909968972247,with,True,2,4,4,Monday,2023,0,3,WIN,False,False,False,False,False,False,False,False,True
845,DOGEUSDT,1,2023-07-24 08:00:03,2023-07-24 08:33:18.911,0.5544197222222222,0.076695336,0.07258326533068091,0.07256874867761477,-58.926631696415726,-0.9955989639099246,-57.67492501218857,1.2517066842271565,0.0,0.02545286995695563,1.0202490028447637,1.7447812980286224,2.396064219466969,1.4975401371668549,3.7994847432419636,0.0001,5.354980661519222,against,True,1,5,8,Monday,2023,0,3,WHIPSAW,False,True,False,False,True,False,True,False,True
846,LTCUSDT,-1,2023-07-24 12:00:03,2023-07-26 20:51:04.000,56.85027777777778,88.992198,92.435086267331,90.198036,-43.25707476517691,-0.361399128913609,-40.2565398786,3.58932732301188,0.5887924364349701,0.47407812082885775,0.5541283515073152,-0.1503975615222083,2.020446764699902,1.5431528188360137,2.6449709555815875,-9.007e-05,3.8363134883520686,with,True,3,6,12,Monday,2023,0,3,CHOP,False,True,True,False,False,False,False,False,False
847,AXSUSDT,-1,2023-07-24 12:00:03,2023-07-26 20:06:11.428,56.10234111111111,6.158768,6.4160219946732555,6.0872172,25.648619482735448,0.21434142986622903,32.054236079159914,3.291667184344824,-3.113949412079641,1.0058852548768682,0.12529251505283043,0.7959759779826994,1.69397153588064,1.1018657444038436,2.625172084920518,1.969e-05,4.139295482442076,with,True,3,6,12,Monday,2023,0,3,WIN,False,True,True,False,False,False,False,False,False
848,BTCUSDT,-1,2023-07-24 12:00:03,2023-07-26 18:14:12.905,54.23608472222222,29253.84806,29817.110006199528,29420.48292,-36.16942685885167,-0.30248736362488127,-32.66043255999967,6.900101323247999,3.391107024396,0.7524883632913811,0.3482428403400712,0.33438804320233756,2.2309913475433762,1.4442790103247563,3.910229678379928,-4.338e-05,1.9053917558665496,self,True,3,6,12,Monday,2023,0,3,CHOP,False,True,True,False,False,False,False,False,False
849,LINKUSDT,1,2023-07-27 04:00:03,2023-07-28 23:58:12.500,43.96930555555556,7.9825962,7.607559911273595,7.7754446,-33.63201693519105,-0.565726510317461,-31.75538738263993,1.449381100591392,-0.42724845195972994,0.39837158294031844,0.5642019355475305,-0.23356726437718972,2.8491852699283275,1.587938782958175,1.9865025809079149,1.807e-05,4.679114004841558,against,True,1,3,4,Thursday,2023,0,3,CHOP,False,False,False,False,True,False,False,False,False
850,DOGEUSDT,1,2023-07-29 20:00:03,2023-07-30 19:50:17.767,23.83743527777778,0.080846166,0.07708385936758579,0.07706844259571227,-59.355800958677534,-1.0012171337744795,-57.547983100955356,1.4433561572896796,-0.36446170043250004,0.08873120471464316,1.030263181263545,-0.2807229987318372,1.8685897532599625,0.5659157538444408,2.267793321232357,0.0001,4.634591899559841,against,True,1,2,20,Saturday,2023,0,3,FALSE_BREAKOUT,False,False,False,True,True,False,False,False,False
851,LTCUSDT,1,2023-07-30 00:00:03,2023-07-30 19:49:16.710,19.820475,94.288854,92.05378618039084,92.03537542315476,-118.40909348556505,-0.9992623959963854,-111.91833747544577,5.552242174219292,-0.9385138359,0.8550729348043685,1.1538146526806368,0.3450212978928089,2.5963364116636174,2.380723699276332,3.2980252888112127,9.982e-05,2.3612789770992357,against,True,1,3,0,Sunday,2023,0,3,CHOP,False,True,False,True,True,False,False,False,False
852,FILUSDT,-1,2023-07-30 20:00:03,2023-08-06 08:05:10.000,156.08527777777778,4.2971404,4.427272443576212,4.15083,125.92433022950503,1.0749778038929763,125.09533347583995,4.333806787687103,5.162803541352184,2.1143170616456515,0.5060982536667064,2.5139111859748087,1.9489766705150997,1.0680392154422644,1.6698690992815195,-0.0001,2.9837739840942348,with,True,6,6,20,Sunday,2023,0,3,WIN,False,False,True,True,False,False,False,False,True
853,LINKUSDT,-1,2023-07-30 20:00:03,2023-08-02 01:22:06.666,53.367685,7.5144968,7.773282708439794,7.6695336,-69.21094652393029,-0.5910274681238958,-67.04071848608018,3.9395097455461436,1.7692817076960359,1.0568457983237853,0.7631914782019459,1.9881175258029795,2.2084985890999564,2.134361710667272,1.4519726192700069,-0.0001,3.4093748628414695,with,False,6,6,20,Sunday,2023,0,3,GAVE_BACK,False,False,True,True,False,True,False,False,True
854,AXSUSDT,-1,2023-07-30 20:00:03,2023-08-01 00:47:18.433,28.787620277777776,5.9958006,6.205180047859793,6.2064210838693645,-120.26388553879998,-1.0272939224537487,-112.60329211938485,3.9141786426427103,-3.74641477677243,0.8061946944909039,1.0134681420217306,1.2646924170767646,2.0465291150378415,1.6169510696643299,1.6739660356097052,0.00041563,3.454152181723788,with,True,6,6,20,Sunday,2023,0,3,WHIPSAW,True,False,True,True,False,False,False,False,True
855,DOTUSDT,-1,2023-07-30 20:00:03,2023-07-31 00:51:10.623,4.8521175,5.1349728,5.255187018442699,5.256238055846388,-116.51619034620784,-0.995567364887992,-110.50576561743094,5.6815385576164745,-0.32888617116042596,0.4739273002648681,1.023399740843814,1.6884259002752449,1.8614565533410345,1.4299370796119766,2.2661869601125937,-6.999e-05,2.3007011571481306,with,True,6,6,20,Sunday,2023,0,3,WHIPSAW,False,False,True,True,False,False,True,False,True
856,ALGOUSDT,-1,2023-07-30 20:00:03,2023-08-01 23:54:20.000,51.90472222222222,0.10887822,0.11203733873261594,0.1110222,-77.57482302969136,-0.6631129552700749,-75.24480069739813,4.630555306348224,2.3005329740550002,1.3858991606733848,0.6716366745237969,1.4492079556025264,1.593707414510182,0.924350300415909,1.6999160782554066,-0.0001,2.8809354753130783,with,True,6,6,20,Sunday,2023,0,3,GAVE_BACK,False,False,True,True,False,False,False,False,True
857,ATOMUSDT,-1,2023-07-30 20:00:03,2023-07-31 02:33:04.285,6.550356944444444,8.9312134,9.117720375923675,9.0978192,-103.07409034988673,-0.8813842525254647,-97.03251744523955,6.3001495276165675,0.258576622969392,0.5694875458356485,0.9425202415588865,2.0814953332301833,1.4151941432343662,0.03265832638233257,1.7569047624637801,1.731e-05,2.056417908256945,with,True,6,6,20,Sunday,2023,0,3,WHIPSAW,False,False,True,True,False,False,True,False,True
858,AVAXUSDT,-1,2023-07-31 20:00:03,2023-08-06 04:33:05.714,128.5507538888889,12.7834428,13.14764367335508,12.6105216,47.372561281864996,0.4082479934606001,52.1651384039998,4.5963583443288,-0.19621877780599994,1.5278458694345036,0.4765425145776353,1.670624220076463,1.8803038739525821,1.390871836173749,1.7744230341105978,3.648e-05,2.8284347986475855,with,True,2,6,20,Monday,2023,0,3,WIN,False,False,False,False,False,False,False,False,True
859,DOTUSDT,-1,2023-07-31 20:00:03,2023-08-02 00:00:03.000,28.0,5.073985,5.209738823267939,5.2050408,-112.46901706775236,-0.9695754338905526,-105.6648789354596,4.972532387264676,-1.831605745028085,1.0459005616347394,0.9724587994802978,1.1121970369998344,0.9202989679775861,1.2988090273877273,1.8525114356334655,7.038e-05,2.654952182619491,with,True,2,6,20,Monday,2023,0,3,GAVE_BACK,False,False,False,False,False,False,False,False,True
860,ADAUSDT,-1,2023-08-01 04:00:03,2023-08-02 00:06:19.626,20.104618333333335,0.30123974000000003,0.3116925233170118,0.3117548618216752,-115.19861311907762,-0.9868457810261809,-112.25423663441477,3.9264161988118573,0.982039714149,0.22383894595730666,1.0007152815438165,1.2187892558019728,2.6172661990063126,0.8852518026050749,2.977089201417873,-0.0001,3.4492277852677797,with,True,1,6,4,Tuesday,2023,0,3,WHIPSAW,False,True,False,False,False,False,False,False,True
861,XRPUSDT,-1,2023-08-03 08:00:03,2023-08-08 16:08:20.000,128.13805555555555,0.6698660000000001,0.695482245353725,0.6313262399999999,134.75594232674268,1.1926955035176359,135.08893119728873,4.381756142193355,4.048767271647278,2.922598490379992,0.2941102373109639,1.7944081720514882,1.9072102683798884,2.303564665718087,1.3604602232519896,-0.0001,3.803320202048504,with,True,4,6,8,Thursday,2023,1,3,WIN,False,False,True,False,False,False,False,False,True
862,ADAUSDT,-1,2023-08-03 08:00:03,2023-08-07 02:52:11.111,90.86891972222222,0.294941,0.3050847873509459,0.29575914000000003,-10.533325528505237,-0.09325275001589181,-8.705287849414242,3.771150232030568,1.9431125529395723,0.634969935504357,0.32128039431900285,1.3743387472234418,2.0831690519707937,2.163290938585057,1.4249965899211063,-5.22e-05,3.383526720076566,with,True,4,6,8,Thursday,2023,0,3,WHIPSAW,False,False,True,False,False,False,False,False,True
863,LINKUSDT,-1,2023-08-03 08:00:03,2023-08-06 02:12:08.888,66.20163555555555,7.2945408,7.576659703010795,7.2624522,10.660192383638746,0.09440348300746322,12.333619220039923,3.35708772556212,1.6836608891609441,1.0440307149100536,0.12568884828906077,1.306331465445612,2.0596460405229213,1.8164933829611891,0.6968542420913602,-0.0001,3.8325298480306325,with,True,4,6,8,Thursday,2023,0,3,WIN,False,False,True,False,False,False,False,False,True
864,SOLUSDT,-1,2023-08-03 08:00:03,2023-08-04 13:41:20.000,29.688055555555554,22.6934604,23.770644297334183,23.3906772,-36.75032585693191,-0.6510706388204961,-35.34380207735998,1.401677617269312,-0.004846162302614003,0.27057626903011167,0.6429167774545256,0.4859526783638877,1.7265742283837493,2.0920262248883046,1.2983741801044097,-0.0001,4.725721637739816,with,True,4,6,8,Thursday,2023,0,3,FALSE_BREAKOUT,False,False,True,False,False,False,False,False,False
865,ATOMUSDT,-1,2023-08-04 20:00:03,2023-08-07 01:32:12.000,53.535833333333336,8.510297600000001,8.758308783289388,8.579715599999998,-34.61915582683864,-0.3017981040925527,-30.436058311598725,4.4958308072939035,0.31273329205398404,0.6019793060129691,0.28104539108088483,1.06163599765087,1.6889369288599132,1.6929968734004468,1.7566446999863117,4.38e-05,2.893665217215551,with,True,1,6,20,Friday,2023,0,3,WHIPSAW,False,False,False,False,False,False,False,False,True
866,ALGOUSDT,1,2023-08-06 20:00:03,2023-08-10 09:21:20.000,85.35472222222222,0.10912182,0.10624204258730645,0.11127774,71.29331526360914,0.6222883335582569,80.86634550134421,4.960176713599075,-4.612853524136001,3.4301887209958455,0.70207509479315,2.4231664465598715,2.0294214232302523,1.6445311533072673,0.9062542636072246,0.0001,2.6195759969693424,against,False,1,4,20,Sunday,2023,0,3,WIN,False,False,False,True,True,True,False,False,True
868,XTZUSDT,-1,2023-08-07 16:00:03,2023-08-08 21:20:15.996,29.336943333333334,0.7858428000000001,0.8053994650563255,0.8055605449493368,-109.20431202270078,-0.9955164581854312,-103.9184726137539,5.032305834500108,-0.25353357444676794,0.8100972202761021,1.0307074310443474,0.19649566983595226,2.4510446652372377,1.91181483888504,1.953488324525816,0.00011796,2.598657968958661,with,True,4,6,16,Monday,2023,0,3,CHOP,False,False,True,False,False,False,False,False,False
869,AXSUSDT,-1,2023-08-07 16:00:03,2023-08-08 10:55:09.275,18.918409722222222,5.6998598,5.899710019564198,5.900889961568111,-115.3066005439844,-1.0106871148570575,-109.75257753223953,3.8000631677567505,-1.7539598439881279,0.6247668892847542,1.0214659780967805,-0.736252381012444,0.9104242688193779,0.9205400940284855,1.8396723089496363,2.347e-05,3.467380209824585,with,True,4,6,16,Monday,2023,0,3,CHOP,False,False,True,False,False,False,False,False,False
870,DOGEUSDT,-1,2023-08-07 16:00:03,2023-08-08 21:21:18.500,29.354305555555555,0.073595278,0.07628159324764013,0.075475092,-79.26227205748582,-0.6949497935993938,-76.46091186170774,3.6380375149122837,0.8366773191342038,0.8469884545377883,0.705323770791413,-0.20649921876715918,0.6041184662982192,0.816678667403142,1.4366761687932943,-5.665e-05,3.6434690864675554,with,True,4,6,16,Monday,2023,0,3,CHOP,False,False,True,False,False,False,False,False,False
871,DOTUSDT,-1,2023-08-07 16:00:03,2023-08-08 13:02:07.309,21.034530277777776,4.924015,5.036096465216482,5.037103684509525,-115.55778858925126,-1.0134582956377616,-107.4920725284384,5.680893522160463,-2.384822538652395,1.0350953190692178,1.016983493031981,-0.4102819311933623,0.702092544960911,1.044137630967506,2.9925299705475634,-5.945e-05,2.255765791197604,with,True,4,6,16,Monday,2023,0,3,GAVE_BACK,False,True,True,False,False,False,False,False,False
872,BTCUSDT,1,2023-08-08 12:00:03,2023-08-09 16:49:14.430,28.819841666666665,29433.98562,29040.94358540288,29526.339679423552,12.244080282970694,0.10753316821940685,23.891995172873116,9.151821692976522,-2.4960931969259,2.076150406753426,0.24777405831369834,0.7526278462893163,1.7682176917604682,1.898172907855652,1.727913889221272,9.136e-05,1.3152657829180356,self,True,1,6,12,Tuesday,2023,0,3,WIN,False,False,False,False,False,False,False,False,False
873,SOLUSDT,1,2023-08-08 20:00:03,2023-08-13 16:52:17.058,116.87057166666666,24.5759142,23.630008420515864,24.3781234,-29.538471267801892,-0.2614560892304553,-22.680829268639993,3.3681591928932475,-3.489482806268652,0.7654946356231086,0.5623331747587871,0.9769321850469767,3.4261730607275402,2.3220186531295517,3.4213169250864297,9.805e-05,3.8296836900579367,with,True,2,6,20,Tuesday,2023,0,3,LATE_ENTRY,False,True,False,False,False,False,False,True,False
874,ETHUSDT,1,2023-08-08 20:00:03,2023-08-10 17:32:17.218,45.537282777777776,1858.681662,1830.8520345476786,1844.810964,-62.12471972531157,-0.5500329959538884,-50.85968835659981,8.14775784705252,-3.11727352165924,0.6941644487730518,0.49844943213003523,-0.02485344085848543,2.449562409013581,1.655257381648338,3.1393673081434637,4.942e-05,1.4775772315879085,with,False,2,6,20,Tuesday,2023,0,3,CHOP,False,True,False,False,False,True,False,False,False
875,LINKUSDT,1,2023-08-09 12:00:03,2023-08-11 10:10:16.000,46.17027777777778,7.6405278,7.361164381967245,7.5234950000000005,-50.51364402285735,-0.44828420922560863,-45.226482923839846,3.5160164580575035,-1.7711446409599998,0.9860711253457725,0.4171190373477507,-0.18086763240445425,1.518883730559876,2.4222956176938273,1.3695829434712223,0.0001,3.637067915077309,with,True,1,5,12,Wednesday,2023,0,3,CHOP,False,False,False,False,False,False,False,False,False
876,LTCUSDT,-1,2023-08-10 20:00:03,2023-08-20 20:07:13.333,240.11953694444443,82.843428,84.95522835418248,65.183034,862.3281454695232,7.8154861656470285,866.5752715353999,4.62366821981652,0.3765421539397222,13.184687626770845,0.5476710891298863,9.936274496043984,0.6745111508587084,-0.6840113079130477,0.5704133922636707,-5.699e-05,2.541011894004212,against,True,1,3,20,Thursday,2023,1,3,WIN,False,False,False,False,True,False,False,False,True
877,ATOMUSDT,-1,2023-08-11 04:00:03,2023-08-12 22:02:20.000,42.03805555555556,8.378324000000001,8.576050742220037,8.4206838,-27.079754632784834,-0.24579096034775869,-22.104389927059916,5.259682323319596,0.28431761759467794,0.3961224421168033,0.20571825309666045,3.4306133423527636,0.9228367857064703,0.8664412043577272,0.9547998949293416,0.00010216,2.327296769121064,against,True,2,5,4,Friday,2023,0,3,WHIPSAW,False,False,False,False,True,False,False,False,True
878,AVAXUSDT,-1,2023-08-11 04:00:03,2023-08-14 14:53:08.421,82.88483916666667,12.457508,12.72069935109892,12.4244844,6.0730872524307316,0.05514571685286305,12.845364717079974,5.8070882750326325,-0.9651891896166098,1.1607828248321777,0.3400263710275366,5.42384084446406,0.7948051805500254,0.4088661265329393,0.7072002304766059,-0.0001,2.1004843976155425,against,True,2,5,4,Friday,2023,0,3,WIN,False,False,False,False,True,False,False,False,True
879,AXSUSDT,1,2023-08-11 12:00:03,2023-08-13 12:13:20.000,48.22138888888889,6.021203999999999,5.874373018708691,5.928814,-70.62798694137301,-0.6439442107285767,-64.76443838299936,5.026103719688759,-0.837444838684893,0.8294979637734703,0.6347706674729992,-0.35553804477018136,1.3047032789887223,2.952749526132377,1.2248778155422992,8.223e-05,2.4190528453705733,with,True,1,5,12,Friday,2023,0,3,CHOP,False,False,False,False,False,False,False,False,False
880,DOTUSDT,-1,2023-08-11 16:00:03,2023-08-12 09:35:20.000,17.588055555555556,4.9680062000000005,5.059691642733279,5.0190036,-62.64075591632275,-0.5704756249619822,-56.20296980447899,6.603861493642175,0.16607538179841597,0.19639104598515186,0.5452752204669604,0.2836459008618715,0.8600571965533222,-0.2756593578696606,1.3329567760784167,-4.957e-05,1.8251487770834973,against,True,1,6,16,Friday,2023,0,3,FALSE_BREAKOUT,False,False,False,False,True,False,False,False,False
881,ALGOUSDT,1,2023-08-12 20:00:03,2023-08-15 04:37:20.000,56.62138888888889,0.11482296,0.11191222079725882,0.11377724,-44.84487148622411,-0.40847248919439877,-37.100612783624,4.866240008296104,-2.878018694304,1.3663333342453474,0.5919321107083049,-0.1796657012443804,1.9370257137617843,0.07174169310228057,0.96134269530571,0.0001,2.430496253479667,with,True,1,6,20,Saturday,2023,0,3,GAVE_BACK,False,False,False,True,False,False,False,False,False
882,LINKUSDT,-1,2023-08-14 00:00:03,2023-08-14 12:33:07.272,12.551186666666666,7.361527400000001,7.581891186232972,7.5575111999999995,-96.84404375939556,-0.8795837064881068,-92.95264694411938,4.245547216856184,0.35415040158,0.2701324070420001,0.9778040379656533,3.5011533119345373,0.7126828753806659,1.5441462299914508,1.970948194090552,-0.0001,2.9728532694957392,with,True,3,6,0,Monday,2023,0,3,WHIPSAW,False,False,True,False,False,False,False,False,True
883,DOTUSDT,-1,2023-08-14 00:00:03,2023-08-14 15:44:07.500,15.734583333333333,4.9810036,5.054550360768166,5.0430084,-92.00974900934308,-0.8359546054650746,-83.72046828287937,8.120806570264318,-0.168474156199392,0.48953345632026335,0.897339315976582,6.417734718295047,1.5161881875612326,0.7167435068471264,1.82864294776617,0.00011384,1.4562497143349293,with,True,3,6,0,Monday,2023,0,3,WHIPSAW,False,False,True,False,False,False,False,False,True
884,ADAUSDT,-1,2023-08-14 00:00:03,2023-08-20 00:23:02.500,144.38319444444446,0.28914216000000004,0.2948286210815849,0.26985396,304.66870034936153,2.769844758736312,316.7751648770366,6.592354272176513,-5.514110255498625,10.066394402201025,0.6080829448033873,7.006494800259071,0.868209256732778,1.808769284859946,2.7917583898025398,-6.163e-05,1.9110339030711847,with,True,3,6,0,Monday,2023,1,3,WIN,False,True,True,False,False,False,False,False,True
885,AXSUSDT,-1,2023-08-15 04:00:03,2023-08-19 16:00:16.000,108.00361111111111,5.7908416,5.9237376432076605,4.9499898,601.721418479459,5.5964339616481364,626.6232451719003,5.330236776298092,-19.571589916143076,10.616129464407397,0.2946543708514468,7.8620971308179195,1.7458942971785738,2.5732963771458093,1.0622034015615003,0.00019973,2.274475884110163,with,True,1,4,4,Tuesday,2023,1,3,WIN,False,False,False,False,False,False,False,False,True
886,LINKUSDT,-1,2023-08-15 12:00:03,2023-08-23 09:44:03.703,189.7335286111111,7.278544,7.499413993720778,6.2542506,470.9172408591724,4.369281546330041,470.6692009682402,4.188515247433007,4.436555138365213,7.82154230594105,0.24202472730441751,6.209734409346224,2.251451658223104,1.5222365462480005,1.9584173897001624,-0.0001,3.0139284851755246,with,True,3,6,12,Tuesday,2023,1,3,WIN,False,False,True,False,False,False,False,False,True
887,XTZUSDT,-1,2023-08-15 12:00:03,2023-08-19 16:00:20.000,100.00472222222223,0.7818436000000001,0.7981643574238149,0.7121424,382.82072234050423,3.7233753556403606,387.26588611240084,5.777199359803824,1.3320355879072638,10.529143687244003,0.07085455472259888,6.669028720516279,1.98084898609874,1.5147668717225657,0.8410604582141532,-3.423e-05,2.1977410273770617,with,True,3,6,12,Tuesday,2023,1,3,WIN,False,False,True,False,False,False,False,False,True
888,FILUSDT,-1,2023-08-15 12:00:03,2023-08-19 16:03:16.000,100.05361111111111,4.014196999999999,4.098111578141948,3.5947188,475.0497390575946,4.41104001215192,481.44465489953944,5.9294701908402825,-0.46544565110455993,12.086064453358743,0.3194081480653038,8.034325083056945,1.875496775056215,1.8998538760309576,1.2543597993612148,-7.786e-05,2.0446110095106578,with,True,3,6,12,Tuesday,2023,1,3,WIN,False,False,True,False,False,False,False,False,True
895,SOLUSDT,-1,2023-08-21 04:00:03,2023-08-23 16:18:11.519,60.30236638888889,21.3877216,22.33977085940225,21.153939227006465,27.235207368826273,0.20873023658337084,30.928683221688324,3.3768779089586345,-0.31659794390341606,2.297907989943263,0.320653996613235,1.3767371667543127,0.8642761230215472,0.2887947045218349,0.7003067444006099,3.625e-05,4.435374033015065,with,True,1,2,4,Monday,2023,0,3,WIN,False,False,False,False,False,False,False,False,True
896,AVAXUSDT,-1,2023-08-21 12:00:03,2023-08-23 16:21:16.744,52.35381777777778,10.5488898,10.902428032418175,10.3760748,50.743407077924786,0.3885567574024116,60.92791562249998,4.42640214409374,-5.758106400481455,2.429411365569309,0.1502247709865235,1.9174441060116252,1.8377525209841044,-0.011414611931571929,1.9838805545430787,-6.59e-06,3.3209631578674728,with,True,4,6,12,Monday,2023,0,3,WIN,False,False,True,False,False,False,False,False,True
897,XTZUSDT,-1,2023-08-21 12:00:03,2023-08-23 16:12:20.000,52.20472222222222,0.694861,0.7187623403221027,0.7031405999999999,-49.141022165248565,-0.38933502973631906,-41.77940308583971,4.232644501742783,-3.1289745776660705,1.3748601357561394,0.38236349413211407,0.7891189257933866,1.2922849611043021,-1.6557401064148827,1.1836063734070617,0.00014098,3.5680605651444868,with,True,4,6,12,Monday,2023,0,3,GAVE_BACK,False,False,True,False,False,False,False,False,False
898,ALGOUSDT,-1,2023-08-21 12:00:03,2023-08-22 23:59:20.000,35.988055555555555,0.09508098000000001,0.0988975999400089,0.09721943999999999,-72.62980971250235,-0.5678067268928096,-68.92262589072539,3.7187087641450804,0.011524942368110469,0.7810523570217104,0.5552085440278461,0.021217727013138094,1.2315271125514817,-1.0775862234825422,1.1363031460870927,-7.669e-05,4.102736778956745,with,True,4,6,12,Monday,2023,0,3,CHOP,False,False,True,False,False,False,False,False,False
899,DOGEUSDT,-1,2023-08-21 12:00:03,2023-08-23 07:47:03.900,43.78358333333333,0.06279743800000001,0.06518509139613918,0.0635127,-41.13946578932813,-0.3152774687653918,-37.5109376837933,3.974497497713596,0.34596939217877604,1.1297443776227174,1.3831831727922632,0.5015124900189722,1.1571883595185097,-0.9769017672746789,1.2816034904705154,-0.0001,3.797916235890418,with,True,4,6,12,Monday,2023,0,3,GAVE_BACK,False,False,True,False,False,False,False,False,False
900,ADAUSDT,1,2023-08-23 20:00:03,2023-08-25 14:56:20.000,42.93805555555556,0.26825364,0.25847454915564194,0.25934812,-117.15108894358877,-0.9076362938901806,-112.600540840632,4.00256763385873,-0.5479804690980459,0.3115177114606242,0.9053643269003881,-0.3224880564249454,3.053295006531579,1.455403953113388,1.5250402827887237,7.035e-05,3.662113620707435,against,False,4,4,20,Wednesday,2023,0,3,LATE_ENTRY,False,False,True,False,True,True,False,True,False
901,XRPUSDT,1,2023-08-23 20:00:03,2023-08-24 17:36:16.000,21.60361111111111,0.53250648,0.5065870475028013,0.5127974200000001,-49.12042699432272,-0.7578896392385133,-47.71449113451987,1.5183720685642799,0.11243620876143001,0.01518243117562724,0.7641556196163073,-0.03497298793474784,1.6348381691160558,0.2944258314047892,1.2454379941255072,5.252e-05,4.848413316528679,against,False,4,4,20,Wednesday,2023,0,3,FALSE_BREAKOUT,False,False,True,False,True,True,False,False,False
902,ETHUSDT,1,2023-08-23 20:00:03,2023-08-24 17:38:09.851,21.635236388888888,1686.7072739999999,1638.2517655968563,1637.924115243737,-128.64962147991469,-0.9925940881786758,-123.60188934074297,5.054171130556114,0.006438991384410009,0.1183090672025283,1.136037487049225,-0.2059058779652094,2.584051587559432,1.9512353511014582,2.882504230562569,3.34e-06,2.8533616230805485,against,False,4,4,20,Wednesday,2023,0,3,FALSE_BREAKOUT,False,True,True,False,True,True,False,False,False
903,XTZUSDT,1,2023-08-23 20:00:03,2023-08-24 20:51:10.000,24.851944444444445,0.7111422,0.6878332153593039,0.6888622,-118.90134805264523,-0.9499425261399288,-114.07287812799983,4.300786300714463,-0.527683623930936,0.07970317148677569,1.035746531740772,-0.006100651838420648,2.813779367466616,1.9861972005646766,1.5669309501119066,2.209e-05,3.394211325940465,against,False,4,4,20,Wednesday,2023,0,3,FALSE_BREAKOUT,False,False,True,False,True,True,False,False,False
904,LINKUSDT,-1,2023-08-24 20:00:03,2023-08-27 16:58:20.000,68.9713888888889,6.0607876,6.292676098860708,6.040207799999999,7.724825000932282,0.06070406926901672,10.840284113220546,3.8244753065268355,0.7090161942385711,0.6631963239038354,0.1302884798014414,0.9780027949390826,2.9006013279083698,0.6604047666219887,1.4852377135997343,-5.877e-05,3.8224071747353254,with,True,3,5,20,Thursday,2023,0,3,WIN,False,False,True,False,False,False,False,False,False
905,ATOMUSDT,-1,2023-08-24 20:00:03,2023-08-28 12:25:09.523,88.41847861111111,7.1765644,7.441215703232826,7.206441,-23.511415088409116,-0.1848086977788553,-13.76473818901986,3.975920359791828,-5.770756539597427,0.6293730579269654,0.34927317141786385,0.2704101552715242,2.24059354821288,2.2822261986019745,0.9828672250366279,0.00024367,3.681422645016396,with,True,3,5,20,Thursday,2023,0,3,CHOP,False,False,True,False,False,False,False,False,False
906,FILUSDT,-1,2023-08-24 20:00:03,2023-08-27 14:30:13.333,66.50287027777777,3.3163366,3.449300670211259,3.2816562,29.08404092169153,0.22922982052073373,31.82285295336005,3.6326043758733113,0.8937923442047879,1.0404058764161261,0.012510146518206774,0.37105211897930107,2.3405733782548364,1.177788526878234,1.0395285582591263,-4.685e-05,4.019923709627834,with,True,3,5,20,Thursday,2023,0,3,WIN,False,False,True,False,False,False,False,False,False
907,XTZUSDT,-1,2023-08-25 04:00:03,2023-08-26 09:43:20.000,29.72138888888889,0.6828634000000001,0.704972559356591,0.7011402,-105.28460484861397,-0.8246289314123855,-100.57403927071928,4.569558098262864,-0.14100747963182392,0.2652023039606055,0.820320651160046,0.3104324270906329,2.3665882137850236,0.45511311803557325,1.1797197915423132,-0.0001,3.2170657915945657,with,True,2,6,4,Friday,2023,0,3,FALSE_BREAKOUT,False,False,False,False,False,False,False,False,False
908,AXSUSDT,-1,2023-08-25 04:00:03,2023-08-27 14:30:06.400,58.50094444444444,4.801039599999999,4.980898849200985,4.8809759999999995,-65.85042873887292,-0.5159250205660391,-54.402715430000164,3.953602660182,-7.494110648690751,0.26153561859604363,0.5335305269331408,0.695208061611957,2.057028324349748,0.7713856216311641,1.1077053753315367,0.00034307,3.725507063743961,with,True,2,6,4,Friday,2023,0,3,FALSE_BREAKOUT,True,False,False,False,False,False,False,False,False
909,ALGOUSDT,-1,2023-08-27 04:00:03,2023-08-28 15:20:20.000,35.338055555555556,0.09498100000000001,0.09759449206049886,0.0960192,-52.19517400345621,-0.42423830630447346,-46.188499318159515,5.098446893162256,-0.9082277921344387,1.0258305508256567,0.38989978787442353,0.03099301552289802,1.410284355893209,0.7793676703620439,0.6244035878225119,6.359e-05,2.839296164909229,with,True,1,5,4,Sunday,2023,0,3,GAVE_BACK,False,False,False,True,False,False,False,False,False
910,LINKUSDT,-1,2023-08-28 04:00:03,2023-08-28 15:01:15.483,11.020134166666667,5.9278142,6.091103546772679,6.0442086,-90.24791056141295,-0.7154921531411392,-84.97405762431993,5.2441252600823045,-0.02972767701072,0.5010381976351266,0.7482778418490398,0.5745273764283158,0.3331204102259752,2.6958077642361156,1.977781334468431,-8.749e-05,2.734079048282655,with,True,3,5,4,Monday,2023,0,3,CHOP,False,False,True,False,False,False,False,False,False
911,AXSUSDT,-1,2023-08-28 04:00:03,2023-08-29 14:26:09.830,34.435230555555556,4.793041199999999,4.9165310213815,4.8919782,-107.01757570506739,-0.8487489934547896,-95.11248143430026,5.5863805929429935,-6.318713677824141,0.9477801384003975,1.0361890443155959,1.9357158130589724,0.5759846268407652,1.7032688250862622,1.8520660065009835,0.00031811,2.534536420886338,with,True,3,5,4,Monday,2023,0,3,WHIPSAW,True,False,True,False,False,False,False,False,True
912,DOGEUSDT,-1,2023-08-28 04:00:03,2023-08-29 01:16:20.000,21.27138888888889,0.062467504,0.06391738540528998,0.063672732,-102.99946863798057,-0.8171952642316652,-98.01543176806844,6.155029435857494,1.1709925659453657,0.4465910091939553,0.8224783045351878,0.07414675407779342,0.44217662943186703,0.6770829638175506,1.4843351541987744,-6.886e-05,2.316928774275626,with,True,3,5,4,Monday,2023,0,3,CHOP,False,False,True,False,False,False,False,False,False
913,BTCUSDT,-1,2023-08-28 08:00:03,2023-08-28 12:25:14.093,4.419748055555556,25917.91538,26248.826265554944,26178.83472,-95.24982915956012,-0.7846225442083204,-85.05970484000012,10.190124319559999,0.0,0.1946608069177669,0.8524488988234358,0.04749127540377749,0.6475843794871057,1.4630496383957412,1.2820805224008935,-4.424e-05,1.2569003030318444,self,True,1,6,8,Monday,2023,0,3,FALSE_BREAKOUT,False,False,False,False,False,False,True,False,False
914,ADAUSDT,1,2023-08-29 00:00:03,2023-08-29 10:27:00.751,10.449375277777778,0.2675535,0.2605737022422195,0.26052158750177107,-121.99496496804684,-0.9955634011143005,-116.3194410018586,5.241140216180243,-0.434383750008,0.10695152293887676,1.0965217425488405,1.8261990450641963,1.2598337056419584,1.0254460394760072,0.9199335889944777,0.0001,2.5528413454676673,against,False,2,4,0,Tuesday,2023,0,3,WHIPSAW,False,False,False,False,True,True,False,False,True
915,DOTUSDT,1,2023-08-29 00:00:03,2023-08-30 14:50:06.792,38.83438666666667,4.6079214,4.499567998919506,4.534093,-81.72367899193263,-0.6671748229271087,-78.14487338292003,5.805908493908832,2.227102884896229,1.8465373306682245,0.9960130362666422,-0.3130626234316428,2.252587660716484,2.2618958741905137,0.8294561476409806,1.908e-05,2.3319296956912106,against,False,2,4,0,Tuesday,2023,0,3,GAVE_BACK,False,False,False,False,True,True,False,False,False
916,SOLUSDT,-1,2023-08-31 16:00:03,2023-09-04 00:44:02.233,80.73312027777777,20.313936400000003,21.186052171214662,19.70394,76.9085003171082,0.6383156745565597,81.24578651384047,3.1980029810651036,-1.139283215667164,1.4962880423347034,0.012685930429382462,1.4859683115179274,1.1694798002517863,1.649266384970463,1.4751072147738293,9.89e-05,4.267199031520566,against,True,6,6,16,Thursday,2023,0,3,WIN,False,False,True,False,True,False,False,False,True
917,AXSUSDT,-1,2023-08-31 16:00:03,2023-09-04 01:18:14.000,81.30305555555556,4.7650468,4.92421581744904,4.540908,141.20316792199273,1.1722166166467758,161.8734223959603,4.032465826009895,-16.637788647957674,2.324867024566991,0.087662789050431,2.2306275787225567,1.1266464745633942,1.0754352711741548,1.242190292428553,0.00016298,3.276338453209741,against,True,6,6,16,Thursday,2023,0,3,WIN,False,False,True,False,True,False,False,False,True
918,ATOMUSDT,-1,2023-08-31 16:00:03,2023-09-03 08:18:20.000,64.30472222222222,7.071585400000001,7.282723990082809,6.865372799999999,103.72492950104403,0.8613445736762287,111.63051024620083,4.526754684668039,-3.3788260604887594,2.129337890452304,0.006699864763919676,1.9635699937060331,1.4304515181193356,1.8357461149198109,1.5438923398044742,3.551e-05,2.9651348802885513,against,True,6,6,16,Thursday,2023,0,3,WIN,False,False,True,False,True,False,False,False,True
919,XRPUSDT,-1,2023-08-31 16:00:03,2023-09-03 16:05:04.255,72.08368194444445,0.51719654,0.5331080822338108,0.50540106,79.4564202446586,0.6600361739287892,84.82930227227658,4.412516027154672,-0.9603660004633077,1.9417690344526983,0.16362084590818976,1.539545296115095,0.8223641430834264,1.6130988960482493,1.4544572418457504,-0.0001,3.05588289847492,against,True,6,6,16,Thursday,2023,0,3,WIN,False,False,True,False,True,False,False,False,True
920,FILUSDT,-1,2023-08-31 16:00:03,2023-09-02 15:17:16.923,47.28720083333333,3.2733452,3.4121204736917536,3.2336466,29.93802458286611,0.24877276369556617,33.17377780259993,3.2625054808462792,0.026752261112460016,1.3355779820812108,0.06957147151044364,1.2274895625741595,1.867934514732292,1.7158933333005946,2.3192150088567782,-0.0001,4.218707198892901,against,True,6,6,16,Thursday,2023,0,3,WIN,False,False,True,False,True,False,False,False,True
921,ADAUSDT,-1,2023-08-31 16:00:03,2023-09-04 01:09:11.111,81.15225305555556,0.2589482,0.26756459309033837,0.25725144,16.401894401331003,0.1363255817455684,22.60555442381626,4.126327490832254,-2.077332531653004,1.2242013438114627,0.05243493365067226,0.8296046762322561,0.817318455899163,2.195083852986313,1.5729116976702475,1.184e-05,3.306792698972348,against,True,6,6,16,Thursday,2023,0,3,WIN,False,False,True,False,True,False,False,False,False
922,LINKUSDT,1,2023-09-06 04:00:03,2023-09-10 00:19:20.000,92.32138888888889,6.2042406,6.019732544913371,6.1347728,-50.34669999527522,-0.4065335135464585,-44.24702893539998,4.71554892722172,-1.3841221326535202,1.4295278321380616,0.6300028470053698,-0.34817233301732337,2.760992123565075,1.4787131728975045,2.4526060690866474,3.91e-05,2.954497099574875,against,True,1,1,4,Wednesday,2023,0,3,GAVE_BACK,False,False,False,False,True,False,False,False,False
923,XRPUSDT,-1,2023-09-06 16:00:03,2023-09-07 21:09:11.111,29.152253055555555,0.49710055999999997,0.5095067775766801,0.5049009600000001,-77.59474128713465,-0.6275689476182884,-73.0570034808809,5.630728824251606,1.0929910179978466,0.5159155044992155,0.7173370888423134,0.44337123430265846,0.7800579753867468,0.8938164301306523,1.7913515646826064,-0.0001,2.4752167290185136,with,True,1,2,16,Wednesday,2023,0,3,CHOP,False,False,False,False,False,False,False,False,False
924,AXSUSDT,-1,2023-09-11 12:00:03,2023-09-14 00:54:12.222,60.902561666666664,4.1721654,4.342074105432769,4.310861999999999,-110.16679550314834,-0.8965080042268849,-96.51850624121958,3.5419864642017473,-10.106302797727015,0.6954640711258674,0.8524260109633365,-0.28153118981256275,3.2961650967798994,2.3323045450139395,3.7758301953005935,0.0002899,4.026691553252734,with,True,6,6,12,Monday,2023,0,3,LATE_ENTRY,False,True,True,False,False,False,False,True,False
925,DOTUSDT,-1,2023-09-11 12:00:03,2023-09-13 07:38:19.090,43.63780277777778,4.004199,4.124152872653077,4.095819,-98.39747408525754,-0.8009310926496722,-89.07738008399981,4.725136752280559,-4.594957248977172,0.8519858320503976,0.8069852007192916,0.4268224015415848,2.4170630013976617,2.0897523866250642,5.070098918119555,0.00024075,2.975102937654863,with,True,6,6,12,Monday,2023,0,3,CHOP,False,True,True,False,False,False,False,False,False
926,XRPUSDT,-1,2023-09-11 12:00:03,2023-09-12 16:30:06.482,28.500967222222222,0.46930612,0.48483723787402044,0.48493420532159526,-123.59771710888774,-1.00638965813687,-117.88053622646612,4.318623513619705,-1.3985573688019186,0.40603130123353715,1.1392534744454736,-0.20564392247273577,3.847838614961363,1.63889422489095,5.169802327457295,1.029e-05,3.2887170588028267,with,True,6,6,12,Monday,2023,0,3,LATE_ENTRY,False,True,True,False,False,False,False,True,False
927,XTZUSDT,-1,2023-09-11 12:00:03,2023-09-14 13:11:20.000,73.18805555555555,0.6568686,0.678552144304924,0.6521304,15.391454481679212,0.12536227229733418,25.58822360964014,4.24147893083388,-5.9552901971270495,1.3313598364749053,0.2827674255544862,0.4551193228018071,1.7631656257664385,1.4383719578620895,2.894952379755533,0.00029495,3.2803872610234506,with,True,6,6,12,Monday,2023,0,3,WIN,False,True,True,False,False,False,False,False,False
928,LINKUSDT,-1,2023-09-11 12:00:03,2023-09-12 10:22:17.741,22.370761388888887,5.880823599999999,6.076773059730923,6.0742146,-120.46814914374941,-0.9815021641765949,-115.58566213260058,4.287162296593512,-0.595324714555332,0.7646032819163495,1.016468227437364,-0.08765729705806208,2.0742088282543887,2.3719912837958597,3.0511173914246683,-2.958e-05,3.3113406958674436,with,True,6,6,12,Monday,2023,0,3,CHOP,False,True,True,False,False,False,False,False,False
929,SOLUSDT,-1,2023-09-11 12:00:03,2023-09-12 03:28:17.275,15.470631944444444,17.6444704,18.49425565500047,18.497954506131467,-61.277387402610564,-0.9988036913704776,-59.636604477062036,1.515255984371101,-0.12552694117742802,0.36652836486298995,1.037355725829243,-0.037103020809629746,1.583445844151268,2.7225815111376983,3.2206896520450985,0.00022734,4.7951929680443675,with,True,6,6,12,Monday,2023,0,3,CHOP,False,True,True,False,False,False,False,False,False
930,AXSUSDT,1,2023-09-14 16:00:03,2023-09-17 00:53:05.384,56.88399555555556,4.610922,4.3603334216288365,4.6350728000000005,8.173214222541535,0.13719726479529465,5.577202205920032,1.2811198617309123,3.877131878352416,1.5087599062077055,0.07551022525844775,0.19984151043718054,2.699600420677887,0.8851805533676738,32.132598907247655,-0.00353146,5.415760919114173,with,True,2,2,16,Thursday,2023,0,3,WIN,False,True,False,False,False,False,False,False,False
931,BTCUSDT,1,2023-09-14 16:00:03,2023-09-17 21:00:09.488,77.00180222222222,26685.336,26011.8331913577,26394.72,-53.5344813362117,-0.4494769548855321,-48.329440799999695,5.29632798768,0.09128745146799994,0.30387995027456266,0.7108151500734999,1.179897084025449,1.3495656247798105,2.517412896799772,1.9521720160435148,-4.748e-05,2.504007918479097,self,True,2,2,16,Thursday,2023,0,3,WHIPSAW,False,False,False,False,False,False,False,False,True
932,ALGOUSDT,1,2023-09-14 20:00:03,2023-09-17 16:07:20.000,68.12138888888889,0.09371874000000001,0.09035169446636968,0.09518096000000001,43.7224681693773,0.3668569332921211,49.550591591924004,3.8407730245258436,-1.9873503980208578,1.3012179242126682,0.30256199086847607,1.3903168083838413,1.851682869955355,1.8815487226965752,0.7684496460577305,-0.00011784,3.573431732796513,with,False,2,4,20,Thursday,2023,0,3,WIN,False,False,False,False,False,True,False,False,True
933,DOGEUSDT,1,2023-09-14 20:00:03,2023-09-17 01:01:15.000,53.02,0.062222442,0.060457983926921616,0.061307736,-64.52984491976011,-0.541594442520881,-58.46807356177328,4.737634737983311,-1.3241366200035116,0.4180082322461809,0.5794651715448172,0.5596947952846747,1.4155121280608458,1.609574274649837,0.9030670297223862,0.0001,2.816293317920573,with,False,2,4,20,Thursday,2023,0,3,CHOP,False,False,False,False,False,True,False,False,False
934,ATOMUSDT,1,2023-09-15 00:00:03,2023-09-17 20:41:19.111,68.68780861111111,6.830365799999999,6.590748737766691,6.8866224,25.61155564369502,0.21542442383531796,26.694859329360522,3.9053878523212315,2.8220841666557277,1.4132307476096257,0.33121931827510104,3.1451608369449437,2.4931662247326205,1.9811017812690181,1.471353851509517,-0.00035717,3.488816257626425,with,False,1,5,0,Friday,2023,0,3,WIN,False,False,False,False,False,True,False,False,True
935,FILUSDT,1,2023-09-15 04:00:03,2023-09-17 01:01:02.857,45.01662694444445,3.3126624,3.187787651390982,3.2663466,-47.63400352347907,-0.39931081387528955,-42.443146067219914,3.617346650143859,-1.5735108061153031,1.1718750318223488,0.6059063248799675,0.9316343079436553,2.157595464550643,2.8821611056310825,1.422141224387868,3.758e-05,3.7503728444751694,with,True,1,6,4,Friday,2023,0,3,GAVE_BACK,False,False,False,False,False,False,False,False,False
936,AVAXUSDT,-1,2023-09-18 00:00:03,2023-09-23 08:09:20.000,128.15472222222223,9.089181799999999,9.36402487219474,8.935786799999999,57.4406512246196,0.4847965965891879,62.804944355999886,4.428008018286047,-0.93628511309424,1.416014589315326,0.8034337494362601,1.758027939877043,2.0657458621488374,1.490706677118044,1.7301750763451174,0.00024561,3.003243561706527,against,True,1,1,0,Monday,2023,0,3,WIN,False,False,False,False,True,False,False,False,True
937,LINKUSDT,1,2023-09-18 04:00:03,2023-09-21 09:20:11.200,77.3356111111111,6.6213239999999995,6.381286670614596,6.7366524000000005,48.87762739133498,0.41296107361842727,54.463018068360476,3.784925707960536,-1.8004649690649601,1.7567100962157367,0.4929399952205711,2.614909945911808,3.256022714423029,2.704938766633083,5.419162008504435,6.982e-05,3.5913782955945632,with,True,2,3,4,Monday,2023,0,3,WIN,False,True,False,False,False,False,False,True,True
938,BTCUSDT,1,2023-09-18 04:00:03,2023-09-21 09:37:06.989,77.61777472222222,26651.52924,26221.543228480758,26734.652000000002,13.512107249836806,0.11422005525186903,20.805626828000506,8.0175366986232,0.7240171204595001,1.9267388654640576,0.23588962729654345,0.34505950432148386,0.6362785621746757,0.6965625414184601,1.9680019168292313,-5.08e-06,1.5936860472384204,self,True,2,3,4,Monday,2023,0,3,WIN,False,False,False,False,False,False,False,False,False
939,ATOMUSDT,1,2023-09-18 12:00:03,2023-09-20 19:19:03.888,55.31691333333333,7.3544706,7.051374435691194,7.1795638,-67.62480586993584,-0.5672909805733531,-66.21932968503984,3.3015320693785917,1.896055884482592,0.7572824305560876,0.7636869985730629,0.48014266472778333,1.5927273067656507,2.610486664615907,2.359071863504815,-1.829e-05,4.115115098025642,with,True,3,6,12,Monday,2023,0,3,CHOP,False,False,True,False,False,False,False,False,False
940,SOLUSDT,1,2023-09-18 12:00:03,2023-09-21 06:21:20.000,66.35472222222222,19.5829158,18.798651849797643,19.7720448,25.746575170720195,0.2160358218330703,27.636077954100173,3.4503965833546433,1.5608937999746628,1.2292853697422275,0.11337484016325981,0.4680620598527906,1.4429456899564832,1.1456424927363218,2.249658130542346,-7.847e-05,3.98563844017752,with,True,3,6,12,Monday,2023,0,3,WIN,False,False,True,False,False,False,False,False,False
941,ADAUSDT,1,2023-09-18 12:00:03,2023-09-20 19:19:17.777,55.320771388888886,0.25395078,0.24674761436074913,0.25034992,-62.558763527098805,-0.5250539240292234,-56.38130337012174,4.737723336613733,-1.4397368203633312,0.5482617223849869,0.5068299387850329,-0.13199474336937048,1.0905452241270628,1.2583214124542996,1.9998122062399992,-7.946e-05,2.8170089166013677,with,True,3,6,12,Monday,2023,0,3,CHOP,False,False,True,False,False,False,False,False,False
942,ALGOUSDT,1,2023-09-21 00:00:03,2023-09-21 13:34:13.894,13.569692777777778,0.10022004,0.09666105107017432,0.09664171885996028,-119.70588439809517,-0.9965093820406522,-115.57061518382109,3.814878601538065,-0.320390612736,0.8373052175090547,1.0171540489105448,0.7530116144899834,1.751932600029184,1.89321748712832,1.7624563106300906,-8.895e-05,3.5318851595066563,with,True,1,5,0,Thursday,2023,0,3,CHOP,False,False,False,False,False,False,False,False,False
943,AXSUSDT,-1,2023-09-21 12:00:03,2023-09-23 04:36:13.333,40.602870277777775,4.4201158000000005,4.6217770726285385,4.4618922,-13.42364692792823,-0.22737305986084802,-11.81599937723995,1.5073074893476799,-0.100340061340602,0.4419083487792533,0.20769580323511272,0.12454448825315333,0.8920736020953715,0.9416332466562333,1.546937859033696,0.00014909,4.565092140917161,against,True,3,5,12,Thursday,2023,0,3,CHOP,False,False,True,False,True,False,False,False,False
944,XTZUSDT,-1,2023-09-21 12:00:03,2023-09-23 06:28:20.000,42.47138888888889,0.6618676,0.6818537286863373,0.6711342,-54.64910677094354,-0.4626251852668837,-52.01431354028008,4.489360082983463,1.85456685232,0.493722428933701,0.4569369157641333,1.0441041548113945,1.1081041927977866,0.35257860679929015,1.4986119796016033,-0.0001,2.9990526716521555,against,True,3,5,12,Thursday,2023,0,3,WHIPSAW,False,False,True,False,True,False,False,False,True
945,DOTUSDT,-1,2023-09-21 12:00:03,2023-09-24 11:59:04.000,71.98361111111112,4.0501898,4.170744394654797,4.0378074,1.3305769903842606,0.011267554811808996,11.510445012639911,4.511069600383752,-5.668798421871899,0.656879152775195,0.00672060656269526,0.9223190565103513,0.9095166160387449,0.9347809664842663,1.8877595777868135,0.00010403,2.9305131948370535,against,True,3,5,12,Thursday,2023,0,3,WIN,False,False,True,False,True,False,False,False,False
946,ETHUSDT,-1,2023-09-21 16:00:03,2023-09-24 17:48:15.309,73.80341916666667,1582.6834000000001,1620.5222078852998,1597.91952,-48.981194387765505,-0.4152771334180423,-44.51384819199942,5.575469694643201,1.10812349887712,0.19089924877909153,0.5178968655514403,0.5466187006392335,2.4204332612202464,1.8159912180086772,2.104854478155857,6.38e-06,2.3703226712128727,against,True,1,5,16,Thursday,2023,0,3,FALSE_BREAKOUT,False,False,False,False,True,False,False,False,False
947,ADAUSDT,-1,2023-09-22 00:00:03,2023-09-26 00:08:20.000,96.13805555555555,0.24475104,0.2516257483238438,0.24624924,-24.432333894022246,-0.20627115695689757,-24.422061566100083,4.802258336857164,4.791986008935001,0.6765436118749375,0.2980431901224813,0.3710761067712695,1.933853897585059,1.7580489978046028,0.8185021139118742,-8.523e-05,2.788295883923127,against,True,1,6,0,Friday,2023,0,3,CHOP,False,False,False,False,True,False,False,False,False
948,AVAXUSDT,-1,2023-09-25 00:00:03,2023-09-26 01:51:19.868,25.854685555555555,8.772245199999999,8.997973605183097,8.999773199904133,-116.81374776061303,-0.9975539136603988,-111.12415183877968,5.207887746522514,-0.48170817531082405,0.7364832966641935,1.000116931747608,-0.16725763852970715,1.1122392706363222,1.210905657547619,1.5444324647821064,-0.0001,2.5410097456763037,with,True,5,6,0,Monday,2023,0,3,CHOP,False,False,True,False,False,False,False,False,False
949,XTZUSDT,-1,2023-09-25 00:00:03,2023-09-27 09:51:20.000,57.85472222222222,0.6498700000000001,0.6656127140833255,0.6621324000000001,-88.95534507554282,-0.7599435523322566,-85.52820934656005,5.490599683441536,2.0634639544587596,0.5634352471277558,0.770515168845505,0.24582800522936038,1.921510881445037,1.793410156015368,1.4797934326928646,-7.274e-05,2.4019560128192996,with,True,5,6,0,Monday,2023,0,3,CHOP,False,False,True,False,False,False,False,False,False
950,DOGEUSDT,-1,2023-09-25 00:00:03,2023-09-27 11:32:06.060,59.53418333333333,0.060627872,0.06173291105886039,0.061222241999999996,-62.190879809493715,-0.5315114430676896,-57.856308825510695,7.116575021627323,2.782004037644305,1.5274319821243925,0.7349314881571126,0.46864587803265134,1.5188793145994204,2.1593705918401476,1.4067817210119222,2.606e-05,1.802293962500642,with,True,5,6,0,Monday,2023,0,3,GAVE_BACK,False,False,True,False,False,False,False,False,False
951,BTCUSDT,-1,2023-09-25 00:00:03,2023-09-27 10:35:16.480,58.58707777777778,26227.153520000003,26598.42773411378,26445.288,-68.63841945017073,-0.5871302188509635,-61.71024439199914,8.9406202236048,2.0124451654331996,0.7060913740690536,0.5902550504970956,0.47715007739728377,1.8069668999300619,2.49735174361367,1.756547681178155,1.26e-05,1.3953269015178773,self,True,5,6,0,Monday,2023,0,3,CHOP,False,False,True,False,False,False,False,False,False
952,DOTUSDT,-1,2023-09-25 00:00:03,2023-09-25 07:49:08.000,7.8180555555555555,3.9862026000000004,4.064931411123059,4.058811599999999,-106.33434479597662,-0.9098693336367898,-99.70594544909868,6.6283993468779485,0.0,0.5995594157546656,0.9500638830057553,0.2947154881296642,1.103534489632183,1.8734422730964777,1.7685460110460376,0.00010195,1.9546378510925155,with,True,5,6,0,Monday,2023,0,3,CHOP,False,False,True,False,False,False,True,False,False
953,LINKUSDT,1,2023-09-25 08:00:03,2023-10-01 16:40:14.285,152.66980138888889,7.274454599999999,6.958332150151941,7.9294138,204.24443276420442,1.7744197084886746,210.31006655464006,3.927639541765416,-2.137994248670249,3.139749804156771,0.2323612259594507,2.7569867322580297,0.7332597207887666,2.0977604186043846,1.3256513020684413,7.953e-05,4.313364271837994,against,True,1,6,8,Monday,2023,1,3,WIN,False,False,False,False,True,False,False,False,True
954,ALGOUSDT,-1,2023-09-26 20:00:03,2023-09-28 14:38:20.000,42.63805555555555,0.09678064,0.0999343225243102,0.09711942,-14.367020754847584,-0.12796839861365025,-11.495992383485893,3.9478250420641325,1.0767966707024426,1.0402568979950109,0.10126574172834915,0.025570107129805383,0.8038777767082854,1.8860209376617394,0.9238934080077572,-0.0001,3.3446975432370296,with,False,1,5,20,Tuesday,2023,0,3,GAVE_BACK,False,False,False,False,False,True,False,False,False
955,SOLUSDT,-1,2023-09-27 00:00:03,2023-09-28 14:55:04.477,38.917076944444446,19.012196799999998,19.54716418454054,19.4778948,-100.11779881617734,-0.8693720050000568,-94.85588340920066,4.703921822149583,-0.5579935848271059,0.5536726323126887,0.9604383647449488,-0.7155636232455029,1.3743396509903079,0.9601550986370688,1.3714484311020252,-7.51e-05,2.79324876178242,with,True,1,6,0,Wednesday,2023,0,3,CHOP,False,False,False,False,False,False,False,False,False
956,ETHUSDT,1,2023-09-27 12:00:03,2023-09-27 14:32:08.984,2.5349955555555557,1629.235782,1599.45225899467,1599.132368542871,-112.38502751713187,-0.9891984357568664,-105.59073304222537,6.794294474906505,0.0,0.052519575999120625,1.0554756062395443,1.9612930944920979,2.5840406427032887,2.0992784201887944,3.6983840699170742,6.67e-06,1.8084326945828895,against,True,1,4,12,Wednesday,2023,0,3,WHIPSAW,False,True,False,False,True,False,True,False,True
957,ETHUSDT,1,2023-09-28 16:00:03,2023-10-02 18:39:04.680,98.65046666666667,1652.340402,1615.933256074937,1666.3566620000001,33.384355594858455,0.29497397655155294,40.621924732000295,5.77094869853088,-1.46662043861096,3.5064434400532782,0.8885728660682967,0.592180393496821,2.828185336198118,2.425544409929656,2.86248241043344,2.239e-05,2.1844011528348988,with,True,3,4,16,Thursday,2023,0,3,WIN,False,True,True,False,False,False,False,False,False
958,AVAXUSDT,1,2023-09-28 16:00:03,2023-10-02 18:39:12.767,98.65271305555555,9.2628522,8.987774217184649,9.329755371364698,18.0187520275998,0.1592736318465946,26.108474231922575,4.35337762721388,-3.736344577108896,2.069041637483757,0.7156232497609163,3.930332005981497,2.426023046813224,2.3301619537780516,1.7589104243474265,0.0001,2.9293204753791087,with,True,3,4,16,Thursday,2023,0,3,WIN,False,False,True,False,False,False,False,False,True
959,BTCUSDT,1,2023-09-28 16:00:03,2023-10-03 20:06:04.053,124.1002925,27017.70246,26483.830764526974,27206.85754,30.19707925497879,0.2671033985596666,37.05548017200009,6.373554782399999,-0.4848461346213,2.988166545496514,0.7355746021561499,2.0459926032081386,2.720688175373243,1.8631169686135063,3.0988761380350334,-4.732e-05,1.9564022148170446,self,True,3,4,16,Thursday,2023,0,3,WIN,False,True,True,False,False,False,False,False,True
960,SOLUSDT,1,2023-09-28 20:00:03,2023-10-04 02:03:11.325,126.0523125,19.7049402,19.092389716849222,22.821434800000002,547.0677197152305,4.822294624773681,546.9643537622205,4.890299382002939,4.993665335012861,8.366754971179226,0.23335252184400615,6.766886834663898,2.41602231020129,1.570085343277955,1.4030041328823015,0.0001,3.084316158125764,with,True,1,5,20,Thursday,2023,1,3,WIN,False,False,False,False,False,False,False,False,True
961,XTZUSDT,1,2023-09-29 04:00:03,2023-10-02 18:39:07.777,86.65132694444445,0.6691338,0.6537222407101513,0.6788642,9.4887356423351,0.08808852603241588,21.220041501560367,6.576740885845272,-5.154564973380001,2.7814317288604964,0.13845451714969906,1.2890454253441705,2.211606607455524,1.658704955591636,1.2814888688529376,0.0001,2.429516311917724,with,True,1,6,4,Friday,2023,1,3,WIN,False,False,False,False,False,False,False,False,True
964,ATOMUSDT,1,2023-10-01 20:00:03,2023-10-02 15:50:16.846,19.837179444444445,7.436487,7.25599245272967,7.254541254239124,-118.46113805395093,-0.9933766038061334,-112.77550437326207,5.463567551541802,-0.22206612914707197,1.293739913651041,1.0332001870432947,-0.3240374896888297,1.8881885437465111,2.994287158130567,1.9640628382405068,1.697e-05,2.407633453535037,with,True,1,6,20,Sunday,2023,0,3,GAVE_BACK,False,False,False,True,False,False,False,False,False
966,XRPUSDT,1,2023-10-04 00:00:03,2023-10-04 00:40:14.179,0.6697719444444444,0.53880774,0.518638710965971,0.5185349832237779,-117.46500199398162,-0.9941059249571765,-113.90065128999125,3.56435070399037,0.0,0.09382008409068081,1.0663745866849808,0.17314963422918994,2.6751779361025445,1.7083065097583707,7.166388555474789,-1.633e-05,3.7061435265556892,with,True,1,2,0,Wednesday,2023,0,3,FALSE_BREAKOUT,False,True,False,False,False,False,True,False,False
967,ATOMUSDT,-1,2023-10-04 04:00:03,2023-10-06 15:35:17.802,59.587445,6.922615200000001,7.190448218279182,6.992398199999999,-35.865432876585984,-0.3087175480679214,-29.06708981819932,3.4776574035446157,-3.3206856548420474,0.5996840906022305,0.5092157825658212,1.3501516815341414,1.9212786708691032,2.4562229282483417,1.7002265177710996,-8.136e-05,3.833187267569426,against,True,3,3,4,Wednesday,2023,0,3,WHIPSAW,False,False,True,False,True,False,False,False,True
968,LTCUSDT,-1,2023-10-04 04:00:03,2023-10-05 21:12:20.000,41.20472222222222,64.18716,66.34879776084384,65.153028,-52.90628609587442,-0.4555188751601649,-49.54246049760002,3.98056327867296,0.61673768039856,0.2253661593188638,0.4407954085831836,-0.0660795266382803,1.796353323862434,1.4798972978970268,2.410859879280272,-3.412e-05,3.3470370106601846,against,True,3,3,4,Wednesday,2023,0,3,FALSE_BREAKOUT,False,False,True,False,True,False,False,False,False
969,AXSUSDT,-1,2023-10-04 04:00:03,2023-10-06 15:35:12.500,59.585972222222225,4.429114,4.6040382592799975,4.5129024,-58.848101097798214,-0.5068274484010445,-53.451385377199706,3.42264440886072,-1.97407131173779,0.3550908276282922,0.49098964519565963,1.3097897395309956,1.9535934305858431,1.6088416487177604,1.8454614766563278,0.00026291,3.9286288776523266,against,True,3,3,4,Wednesday,2023,0,3,WHIPSAW,False,False,True,False,True,False,False,False,True
970,AVAXUSDT,1,2023-10-04 20:00:03,2023-10-08 06:49:14.576,82.81988222222222,10.0140024,9.571918152727616,10.237952,52.69819406268867,0.4542329683813085,56.71537056975979,3.077291761783584,-0.9398847452875341,4.225433526585383,0.4569319111602271,0.53382947131928,3.144869547739794,1.8746512838766896,5.6166207165694,0.0001,4.395543820139688,with,True,1,4,20,Wednesday,2023,0,3,WIN,False,True,False,False,False,False,False,True,False
971,ADAUSDT,1,2023-10-06 20:00:03,2023-10-07 11:28:20.000,15.471388888888889,0.2655531,0.2575760076190556,0.2584483,-103.35923987431865,-0.8892764806195167,-98.28400639487954,4.349253204751103,-0.725980274688,0.1939177743127604,0.8841692766211846,-0.7337385253280786,0.9458086919950183,1.342025846749683,0.827284964149631,7.001e-05,2.94800014353597,with,True,1,2,20,Friday,2023,0,3,FALSE_BREAKOUT,False,False,False,False,False,False,False,False,False
972,FILUSDT,1,2023-10-07 16:00:03,2023-10-09 08:34:07.000,40.56777777777778,3.3936786,3.2994638754027585,3.3583282,-47.49600117951776,-0.4123283016783274,-40.865274502400005,4.68321622370448,-1.94751045341328,0.5871842245094224,0.6440458246775621,-0.24071184304734383,1.7960975048238699,1.5608942601445595,3.797426306138017,0.0001,2.756738125471296,with,True,1,2,16,Saturday,2023,0,3,CHOP,False,True,False,True,False,False,False,False,False
973,ETHUSDT,-1,2023-10-08 12:00:03,2023-10-13 21:01:08.990,129.01833055555556,1616.9265500000001,1648.3004410739895,1566.583254,135.51000476894825,1.1798250848960994,138.796587571201,8.077364307714241,4.790781505461481,3.264706623684211,0.6959114490615712,2.3298528648428016,1.3294497138264434,1.0106136632721352,0.980179515847423,-9.246e-05,1.919953073055465,against,True,4,5,12,Sunday,2023,1,3,WIN,False,False,True,True,True,False,False,False,True
974,DOTUSDT,-1,2023-10-08 12:00:03,2023-10-13 20:54:04.242,128.900345,4.0101978,4.087506459803136,3.730746,344.03903494963384,2.9968372523906335,370.37925872712054,7.709120264762351,-18.631103512724344,5.305974790464035,0.3337556240879583,3.973653155833634,1.9083355885984188,0.9672385860019428,1.2547709692749647,0.00021705,1.9074161008011994,against,True,4,5,12,Sunday,2023,1,3,WIN,False,False,True,True,True,False,False,False,True
975,DOGEUSDT,-1,2023-10-08 12:00:03,2023-10-13 11:41:07.132,119.68448111111111,0.060907816000000004,0.0618256763766562,0.058541706,255.62084359499156,2.2277691693162742,267.39981897908854,8.099567786773715,-3.679407597323252,4.933011725045823,0.3945959638430466,3.222511914911766,0.9173546696349835,0.3822311123479098,1.0186309196380348,-0.0001,1.5033268373932036,against,True,4,5,12,Sunday,2023,0,3,WIN,False,False,True,True,True,False,False,False,True
976,XRPUSDT,-1,2023-10-08 12:00:03,2023-10-13 20:54:04.545,128.90042916666667,0.5184962799999999,0.5296306102425548,0.48669732,292.4767353322865,2.550579875917488,297.3156050625473,6.7688832437266235,1.93001351346585,4.2208448084629815,0.2518085900923247,3.1790219284782117,0.5855116830608127,1.5186709279389872,0.49468909989577786,-7.271e-05,2.107308703018065,against,False,4,5,12,Sunday,2023,1,3,WIN,False,False,True,True,True,True,False,False,True
977,LINKUSDT,1,2023-10-08 20:00:03,2023-10-09 09:49:11.951,13.819153055555555,7.7245446,7.459777455658332,7.4645068000000006,-111.1572424532518,-0.9750104625568303,-106.97617042859967,3.7491469729750797,-0.43192505167704,0.8364157137043557,1.1011358706342265,-0.9613904347267657,1.770365077070007,0.8813834718460108,0.731352509991576,0.0001,3.4082939834477197,with,True,1,6,20,Sunday,2023,0,3,CHOP,False,False,False,True,False,False,False,False,False
978,ATOMUSDT,-1,2023-10-11 04:00:03,2023-10-14 02:35:20.000,70.58805555555556,6.4827032,6.815976263795778,6.6453288,-32.041471470796246,-0.5278884188795538,-28.724250739359867,1.39126760933952,-1.9259531220968606,0.39818159466172265,0.7960343298628171,-0.09990846431082444,2.1503034235471516,2.4776540843944126,1.189204780276498,0.00029603,5.13614474465183,with,True,2,6,4,Wednesday,2023,0,3,CHOP,False,False,False,False,False,False,False,False,False
979,ALGOUSDT,-1,2023-10-11 04:00:03,2023-10-13 13:26:20.000,57.43805555555556,0.09318136,0.09662313503287118,0.0955191,-81.26571405335166,-0.669498980095591,-79.02318697892169,3.8272121964603225,1.584685122030344,0.16891284132392148,0.6736756405794943,-0.2669087872468112,1.8657081155812172,2.7383780406111358,1.6403233705891407,4.464e-05,3.5617738830344887,with,True,2,6,4,Wednesday,2023,0,3,FALSE_BREAKOUT,False,False,False,False,False,False,False,False,False
983,ALGOUSDT,-1,2023-10-16 00:00:03,2023-10-16 05:30:20.000,5.504722222222222,0.09428114,0.09652430960539583,0.0960192,-93.11889703258693,-0.7736947249703148,-87.37864010668999,5.740256925896946,0.0,0.08075180742654188,0.7662639489521299,3.023017066426144,0.8092398628471057,0.35966216126538586,1.5641658082274592,-0.0001,2.3587588604409686,with,True,1,1,0,Monday,2023,0,3,WHIPSAW,False,False,False,False,False,False,True,False,True
984,BTCUSDT,1,2023-10-16 08:00:03,2023-10-16 13:42:19.456,5.704571111111111,27842.76744,27353.243880742983,27959.555300148295,18.660648496942216,0.15598359117661476,26.160480673218146,7.49983217627593,0.0,5.877618156656179,0.4399531665582671,2.5682779433704623,3.9858985623767835,2.006380250942398,5.10052549036718,2.8e-07,1.7385229809643898,self,True,2,2,8,Monday,2023,0,3,WIN,False,True,False,False,False,False,True,True,True
985,DOGEUSDT,1,2023-10-16 08:00:03,2023-10-17 13:47:15.000,29.786666666666665,0.059981994000000004,0.05883256203180584,0.059018194,-100.66121240150547,-0.8417034598525497,-92.55076303716008,6.856334219318629,-1.2541151450267556,1.5816560268949278,0.8543298143541171,0.41586280286859995,1.1678191215067502,2.5273697405743216,2.7105245819907138,0.0001,1.9130342917541843,with,False,2,2,8,Monday,2023,0,3,GAVE_BACK,False,True,False,False,False,True,False,False,False
986,SOLUSDT,1,2023-10-16 12:00:03,2023-10-16 13:49:14.832,1.8199533333333333,23.1366264,22.407758031192955,23.314179723503322,23.305573256557537,0.19543724529559217,27.644999203470114,4.339425946912578,0.0,2.6223851682964145,0.14491834811391663,1.9610860632345513,3.523025639956729,3.162150564592241,1.9510106762684605,-6.321e-05,3.126721580593335,with,True,1,3,12,Monday,2023,0,3,WIN,False,False,False,False,False,False,True,True,True
987,LTCUSDT,1,2023-10-16 16:00:03,2023-10-17 13:48:07.471,21.801241944444445,63.502698,61.913551243758896,61.901168533510145,-119.45527822109744,-0.9980223413816152,-113.37579429764328,5.326569360248134,-0.7529145632060399,0.4954243507769234,1.2916981971226844,0.4828389807212859,2.423167885969499,0.34888542860817146,11.472849141729531,7.121e-05,2.4829874881731078,with,False,1,2,16,Monday,2023,0,3,CHOP,False,True,False,False,False,True,False,False,False
988,ALGOUSDT,-1,2023-10-17 04:00:03,2023-10-20 05:17:20.000,73.28805555555556,0.09328133999999999,0.09596705631362161,0.09121824,77.13488563495169,0.6637636078342412,84.56871984209936,4.537703443945068,-2.8961307632026085,2.152624970358097,0.2303519537272944,1.1845405949484054,1.0841846568975366,1.8792534052890555,1.188128551017963,0.0002788,2.968944542512452,against,True,1,3,4,Tuesday,2023,0,3,WIN,False,False,False,False,True,False,False,False,True
989,ATOMUSDT,-1,2023-10-17 12:00:03,2023-10-20 08:17:18.666,68.287685,6.523695000000001,6.6997449567001635,6.3922782,80.03573081763953,0.6695337195941276,84.2387207505607,4.967515840972463,0.764525908051302,2.1113041262091805,0.04149390398567499,1.066146243476056,1.1949133786995554,1.4680364366880367,0.8713453297323928,0.00014349,2.6938221443924464,against,True,1,4,12,Tuesday,2023,0,3,WIN,False,False,False,False,True,False,False,False,True
990,DOTUSDT,-1,2023-10-17 16:00:03,2023-10-20 05:00:10.000,61.00194444444445,3.6932612000000002,3.794982070451426,3.715743,-31.236049834624943,-0.26245255947870155,-24.860088921139504,4.915669650003995,-1.460291263481445,1.39854485484307,0.28252609196578976,0.2188459448017669,1.2675517488183237,1.3170654890065383,2.604181714978531,0.00017419,2.733678138912451,against,True,4,6,16,Tuesday,2023,0,3,GAVE_BACK,False,True,True,False,True,False,False,False,False
991,XTZUSDT,-1,2023-10-17 16:00:03,2023-10-20 08:15:20.000,64.25472222222223,0.6468706000000001,0.6694134769860531,0.6421284,21.018511203643104,0.1766660703248692,23.92897522300015,3.9025463034209995,0.9920822840639503,1.413776955785987,0.4049793646857132,0.30477919940080395,0.2801973730799485,0.6537938705198798,1.7941197719590976,-0.0001,3.304548917600783,against,True,4,6,16,Tuesday,2023,0,3,WIN,False,False,True,False,True,False,False,False,False
992,AXSUSDT,-1,2023-10-17 16:00:03,2023-10-20 05:14:20.000,61.238055555555555,4.247150400000001,4.383397794429536,4.2038406,19.100883460148452,0.16059417655440994,36.01170891180024,4.216153774548601,-12.694671677103189,1.6158136522299398,0.07963161457454931,0.5222147571915456,0.48745254882528477,0.7459501125962874,2.451360712420229,0.00088823,3.1873303773431103,against,True,4,6,16,Tuesday,2023,0,3,WIN,True,False,True,False,True,False,False,False,False
993,FILUSDT,-1,2023-10-17 16:00:03,2023-10-20 02:45:20.000,58.75472222222222,3.2023593999999997,3.2977723250510644,3.2146428,-19.41529837689663,-0.16328859884132313,-14.52720867800033,4.5535175951244,-0.33457210377189983,0.8317468514619653,0.37354058667550033,0.014247545594814654,0.4220641413877678,0.8019218686367635,3.4531305498687526,-6.126e-05,2.9588612254469138,against,True,4,6,16,Tuesday,2023,0,3,CHOP,False,True,True,False,True,False,False,False,False
994,BTCUSDT,1,2023-10-20 04:00:03,2023-10-27 17:07:02.869,181.11663027777777,29228.744580000002,28445.289123518636,33743.25,704.0118442346976,5.848143421229925,719.3136982799997,6.533018581031999,-8.768835464269998,8.61970564392976,0.1515651962311996,7.223710516252688,2.509546887408422,0.9320769932886833,2.0359220829176747,-9.272e-05,2.6606310020989175,self,True,1,6,4,Friday,2023,1,3,WIN,False,False,False,False,False,False,False,False,True
995,SOLUSDT,1,2023-10-20 08:00:03,2023-11-03 05:25:16.703,333.42047305555553,26.225244,24.979884738411464,37.9834018,666.2043575715305,11.1348623164456,673.2354477202803,2.5027461507931914,-4.528343997956451,16.52114103504202,0.017058531345325426,13.386302663165145,3.8528676712514445,3.2851785041185395,1.9427827877276667,-0.00060231,4.729653934357499,with,True,1,4,8,Friday,2023,1,3,WIN,False,False,False,False,False,False,False,True,True
996,ETHUSDT,1,2023-10-20 12:00:03,2023-10-26 16:33:17.878,148.55413277777777,1612.842504,1573.9969988926168,1758.808168,411.197284238357,3.4195938480431134,423.69453289280017,5.872134243368638,-6.62511441107454,6.687968023116836,0.5558559205321288,5.123050799567947,3.083871883938749,1.1432131125308265,3.1321794897082063,5.912e-05,2.3889936935593448,with,True,4,6,12,Friday,2023,0,3,WIN,False,True,True,False,False,False,False,True,True
997,LINKUSDT,1,2023-10-20 12:00:03,2023-11-01 10:25:09.278,286.41841055555557,7.6075212,7.348105649103285,10.907818,1452.7439051066303,12.085903490086718,1474.6516725131203,5.161566095969567,-16.7462013105205,17.05941985629839,0.35279766260596573,16.118844015117816,2.0551051163282823,0.6824500008939147,2.353886824967748,0.0001,3.390669877684914,with,True,4,6,12,Friday,2023,1,3,WIN,False,False,True,False,False,False,False,False,True
998,LTCUSDT,1,2023-10-20 12:00:03,2023-10-26 14:38:02.057,146.63307138888888,63.392676,61.66754872823189,67.63647,267.8056613073836,2.2286278007771183,279.19241718960006,5.172118721223838,-6.214637160992599,5.505288888202462,0.2160281192575648,3.267772814362978,2.737229591987257,0.4816584260578399,2.963758152100308,5.68e-06,2.6865255984978775,with,False,4,6,12,Friday,2023,0,3,WIN,False,True,True,False,False,True,False,False,True
999,DOGEUSDT,1,2023-10-20 12:00:03,2023-10-27 17:07:11.550,173.11904166666667,0.059751948,0.05844401054392576,0.06780643600000001,644.9392952009354,5.3690177470434,663.7620467901363,7.133165496818968,-11.689586092381942,11.833938945717831,0.2920231378237412,8.209912446601367,2.3765625449838237,0.362657271474803,2.509490775793569,6.732e-05,2.1693830868333457,with,False,4,6,12,Friday,2023,1,3,WIN,False,True,True,False,False,True,False,False,True
1004,XTZUSDT,1,2023-10-28 12:00:03,2023-10-31 13:53:16.000,73.88694444444444,0.7321464,0.6973149299235432,0.7308538,-5.884642977615901,-0.07881308949575394,-2.6807010365399524,1.820454658485948,-1.3834872825899998,0.9145063337860789,0.40613847101336664,2.0916027902377587,1.543710607755091,1.2765299256436295,0.7916095221922503,0.0001,4.608080721813524,with,True,1,3,12,Saturday,2023,0,3,WHIPSAW,False,False,False,True,False,False,False,False,True
1005,FILUSDT,1,2023-10-29 00:00:03,2023-10-31 15:17:07.164,63.28449,3.7377474,3.548296183268195,3.7252548,-7.495655337516592,-0.10160478798026662,-4.715779105079944,1.690306413521256,-1.089569818915392,1.1203549054027657,0.5423422544994981,2.397728596502281,1.547398484340165,-0.07948964816816222,0.6792176624561393,0.0001,5.049607084072928,with,True,1,4,0,Sunday,2023,0,3,GAVE_BACK,False,False,False,True,False,False,False,False,True
1006,XRPUSDT,1,2023-10-29 12:00:03,2023-11-09 12:34:12.983,264.5694397222222,0.5556111,0.5376713367025041,0.67266544,991.4991866825474,6.686281221772005,1022.5395672443834,7.46732950340183,-23.573051058434142,9.904751643228328,0.3462197297144377,8.32725033896362,0.9370469912470488,0.9593576338957981,0.9670132118474992,0.0001,3.226901241449946,with,True,1,5,12,Sunday,2023,1,3,WIN,False,False,False,True,False,False,False,False,True
1007,DOTUSDT,1,2023-10-29 16:00:03,2023-10-31 15:17:08.411,47.28483638888889,4.2648528,4.103302189481013,4.304379404539221,28.693680304878765,0.19261274654585964,34.971538868818776,4.549025760403211,-1.7288328035368004,2.0745647380924686,0.21573920326288903,3.3868469963825723,0.9209833010295599,0.37337160852550116,1.2502975796463478,0.0001,3.768710378025031,with,True,1,6,16,Sunday,2023,0,3,WIN,False,False,False,True,False,False,False,False,True
1008,LTCUSDT,-1,2023-11-01 16:00:03,2023-11-01 20:40:11.211,4.6689475,66.826632,69.570450953616,69.58436504380673,-153.662148580831,-0.9960845546573731,-149.23306902577457,4.429079555056425,0.0,0.0789527310883654,1.0144138687911153,-0.19438891888150478,1.2452155551438526,1.2635275486018442,2.369131868661447,-0.0001,4.085055286678631,against,False,1,3,16,Wednesday,2023,0,3,FALSE_BREAKOUT,False,False,False,False,True,True,True,False,False
1009,DOTUSDT,1,2023-11-01 20:00:03,2023-11-09 16:12:04.810,188.20050277777779,4.6739346,4.426601416160096,4.859028,50.88090501989263,0.6566707867534084,56.28323809068012,1.739271104400312,-3.663061966387184,2.405926252035717,0.8851808584719234,4.795415566912887,2.004881652732928,1.8750107764425354,2.8134573609010665,0.0001,5.272813692272718,with,True,3,6,20,Wednesday,2023,0,3,WIN,False,True,True,False,False,False,False,False,True
1010,XTZUSDT,1,2023-11-01 20:00:03,2023-11-09 16:12:02.295,188.19980416666667,0.7881576,0.7458232460894308,0.8368326,81.17847790869928,1.0477929102451335,86.50290280500003,1.7327133353427118,-3.591711560958048,2.6655042436310303,0.5706382114873574,3.633984832389086,2.1371281522367016,1.6028461141775263,2.085324723811165,0.0001,5.232116125866477,with,True,3,6,20,Wednesday,2023,0,3,WIN,False,False,True,False,False,False,False,False,True
1011,ETHUSDT,1,2023-11-01 20:00:03,2023-11-03 00:53:11.600,28.88572222222222,1837.2273719999998,1780.3542762042134,1782.373454,-150.90722823880614,-0.9740177311523391,-142.08810379539946,5.625511211752679,-3.19361323165402,0.6863109428780557,1.0062292407201732,1.366773285546366,0.864892046267022,1.0250244730001798,2.538550294882046,0.0001,3.076740531218135,with,True,3,6,20,Wednesday,2023,0,3,WHIPSAW,False,True,True,False,False,False,False,False,True
1012,ADAUSDT,1,2023-11-02 00:00:03,2023-11-07 16:51:11.428,136.85234111111112,0.3075615,0.2939729325610825,0.3369326,314.0303208626897,2.034274729424344,326.18954000649245,5.2533916076419604,-6.905827536160772,5.036476457701707,0.6889247186711333,5.860698735020161,2.1438497391213343,1.618976182301974,1.6003643514786339,0.00015552,4.399046321599194,with,True,1,6,0,Thursday,2023,1,3,WIN,False,False,False,False,False,False,False,False,True
1013,ALGOUSDT,1,2023-11-04 12:00:03,2023-11-07 17:03:13.333,77.05287027777777,0.1135227,0.10772951903782937,0.11887622,63.686355264795615,0.8437163320530204,67.633948141496,1.7616136489733496,-2.18597922772704,2.8615194498928083,0.3318902020418828,3.20675292577764,1.703437940509474,1.0561315231158748,0.7426724772349623,0.00015058,5.167676903319214,with,True,1,5,12,Saturday,2023,0,3,WIN,False,False,False,True,False,False,False,False,True
1014,ATOMUSDT,1,2023-11-05 00:00:03,2023-11-07 16:59:08.387,64.98482972222222,8.1006198,7.683902156712018,8.2243548,19.14349400937881,0.2494145775900299,22.10284491749999,1.7496830251711801,-1.20966788295,1.5655209480755232,0.1310714842046053,3.4396916547385783,1.667076837881597,1.0840817587380307,1.2558967213015468,0.0001,5.125297484726291,with,True,1,6,0,Sunday,2023,0,3,WIN,False,False,False,True,False,False,False,False,True
1017,BTCUSDT,1,2023-11-07 20:00:03,2023-11-09 16:36:12.119,44.602533055555554,35480.5947,34612.04764703458,35690.59191694871,24.74523311995049,0.15351588655654483,36.58151519246497,7.438812425203479,-4.3974696473109995,3.4762714232825926,0.46928338379409545,2.4056328242278737,0.9211096913690835,1.3722607199372885,3.392511500495255,0.0001,2.428164069317902,self,True,1,4,20,Tuesday,2023,0,3,WIN,False,True,False,False,False,False,False,False,True
1018,FILUSDT,1,2023-11-08 20:00:03,2023-11-09 16:13:06.141,20.21753916666667,4.3798758,4.16972805553085,4.214157,-64.79363584400396,-0.8002844921158558,-61.78581851363986,1.9224952783187041,-1.0853220520453881,1.528087778487397,1.2033238835790745,2.5035919435111373,1.1889365489587664,2.063993848992415,0.9920996303427205,0.00011899,4.8007293257796695,with,True,1,5,20,Wednesday,2023,0,3,GAVE_BACK,False,False,False,False,False,False,False,False,True
1019,ADAUSDT,1,2023-11-09 04:00:03,2023-11-09 16:12:18.502,12.20430611111111,0.36617321999999997,0.3482255341474546,0.34853028,-80.33989091346061,-0.9811284435453862,-77.95023158033975,1.8946265192630996,-0.4950328138577641,1.1715593961668314,1.0571401882047737,1.656301555767655,1.2714868726569104,1.8115874911306462,0.9589576396201073,0.0001,4.856411435121685,with,True,1,6,4,Thursday,2023,0,3,GAVE_BACK,False,False,False,False,False,False,False,False,True
1020,ETHUSDT,1,2023-11-09 16:00:03,2023-11-12 00:49:06.619,56.81767194444444,2039.9579099999999,1970.7611433574932,2020.5958,-56.463797532347,-0.34474777960105385,-43.76417723299955,5.5068417304278,-7.192778568919649,1.4399818782687348,0.9676450685322703,1.1567316492333235,4.358793367137476,2.3840512474252655,7.114762710661725,0.00071131,3.373220530041119,with,True,1,6,16,Thursday,2023,0,3,GAVE_BACK,True,True,False,False,False,False,False,True,True
1021,ETHUSDT,1,2023-11-13 16:00:03,2023-11-14 00:18:16.071,8.303630833333333,2107.091334,2035.3146332357803,2034.9075703091332,-158.23287436114572,-0.9987739591570262,-152.1778106130857,5.239297254038709,-0.81576649402128,0.17984479451631027,1.0163651048776787,-0.19632184051324647,1.3543480242954804,2.3719309096855263,2.79286820699802,0.00022833,3.3871164807121996,with,True,1,1,16,Monday,2023,0,3,FALSE_BREAKOUT,False,True,False,False,False,False,False,False,False
1022,BTCUSDT,-1,2023-11-14 16:00:03,2023-11-15 18:11:03.275,26.183409722222223,36161.56624,37107.52450543705,36787.25598,-103.15275251379144,-0.6561975672109063,-97.98301328400025,6.8542713357912,1.684532106,1.8132578388196723,1.4693394103996968,0.7140550113888179,1.4976174906570556,0.9563022639487261,3.514351851556509,-0.00014477,2.5956821932694827,self,False,1,1,16,Tuesday,2023,0,3,GAVE_BACK,False,True,False,False,False,True,False,False,False
1023,BTCUSDT,1,2023-11-15 20:00:03,2023-11-16 15:46:14.893,19.769970277777777,37534.90548,36307.75791244546,36300.49636086297,-156.51539444051926,-1.0007684337226443,-149.98070797514936,5.382600794198909,-1.152085671171,0.3790045568250912,1.0462519047799312,-0.41918795554890503,3.6428719911662713,2.2658286625226176,3.9918642195183507,0.0001,3.2500042303877734,self,True,2,2,20,Wednesday,2023,0,3,LATE_ENTRY,False,True,False,False,False,False,False,True,False
1024,LTCUSDT,1,2023-11-15 20:00:03,2023-11-16 19:13:14.347,23.219818611111112,73.274652,69.71942379967794,70.52589200000001,-60.98293313947515,-0.7797224829607371,-58.53924221599979,1.83747759921024,-0.6062133242651201,0.3221587857275218,0.8057575600183702,-0.43447337638131683,2.2708168233375883,0.5874749990724129,1.446583273126548,0.00016066,4.832891346330965,with,True,2,2,20,Wednesday,2023,0,3,CHOP,False,False,False,False,False,False,False,False,False
1025,ETHUSDT,-1,2023-11-16 20:00:03,2023-11-19 16:10:01.545,68.1662625,1965.676786,2054.0529010891046,1972.4544119999998,-12.486867416665547,-0.08064599114073974,-11.466387666799708,3.9975182164658394,2.9770384666,0.7000396649889317,0.3007963630580238,0.4179498721205241,1.9710648075171922,1.2259200215592432,1.7229450606286003,-0.0001,4.475064524106711,with,False,1,1,20,Thursday,2023,0,3,CHOP,False,False,False,False,False,True,False,False,False
1026,LTCUSDT,-1,2023-11-17 16:00:03,2023-11-19 18:45:20.000,50.75472222222222,68.756246,72.09168977152716,70.36407,-37.1985965612401,-0.47873699722658186,-36.25948606559986,1.88245647264024,0.9433459770000001,0.41561066381439815,0.5018084892594858,1.1411513012126986,1.6868317236583297,1.3296556113534512,1.6770026073439785,-0.0001,4.845389429213429,with,True,1,2,16,Friday,2023,0,3,WHIPSAW,False,False,False,False,False,False,False,False,True
1027,DOTUSDT,1,2023-11-19 20:00:03,2023-11-21 02:54:10.000,30.901944444444446,5.4780954,5.175422666756062,5.1949608,-72.3392384533358,-0.9366353108233287,-70.21423800594009,1.5880796800057078,-0.53692076739,0.31025127038555567,0.9584457671190323,-0.6214481165318754,1.4324683999064576,0.5504392462603525,1.3257792567271323,0.0001,5.5062503787463575,with,True,3,3,20,Sunday,2023,0,3,CHOP,False,False,True,True,False,False,False,False,False
1028,ADAUSDT,1,2023-11-19 20:00:03,2023-11-21 12:02:14.736,40.036593333333336,0.38377673999999995,0.36295585501477406,0.37802438,-23.065734383233366,-0.2986784346057616,-20.724661857307844,1.6467749530125213,-0.694297572913,0.7599705781588032,0.2966607809602166,0.683124661131966,0.9544861942539248,0.4338573610245132,0.646995875235544,0.0001,5.406344796775064,with,True,3,3,20,Sunday,2023,0,3,CHOP,False,False,True,True,False,False,False,False,False
1029,BTCUSDT,1,2023-11-19 20:00:03,2023-11-21 14:49:20.000,42.82138888888889,36969.3924,36086.01172134183,36592.68,-71.99612676547146,-0.4663363475304479,-61.70549111999946,7.229680475472,-3.06095517,0.9229402676527056,0.41815766285616923,1.3930660130231294,0.6245088709692328,0.4997212665872603,0.7813005909085075,0.0001,2.3697057744817562,self,True,3,3,20,Sunday,2023,0,3,WHIPSAW,False,False,True,True,False,False,False,False,True
1030,ETHUSDT,1,2023-11-20 00:00:03,2023-11-21 15:03:06.005,39.05083472222222,2012.85249,1952.0618989232269,1975.7747660000002,-97.41306579274566,-0.6292647635456253,-89.66876772159942,5.78765769354624,-1.9566403776,0.9203317324114096,0.9434435326935525,1.926408477458356,1.6315082468361677,0.46541198313948545,1.0753558145566258,0.0001,3.0012075309210244,with,True,1,4,0,Monday,2023,0,3,WHIPSAW,False,False,False,False,False,False,False,False,True
1031,XTZUSDT,-1,2023-11-21 16:00:03,2023-11-24 00:54:20.000,56.90472222222222,0.8218356,0.8614678379554238,0.8181635999999999,6.0005113348925985,0.07870549400921385,6.836942700000223,1.8321210062819997,0.9956896411743751,1.5350028950781072,0.25646797971470414,0.2986356716295453,2.0776410426285126,0.6587642330285527,3.092017207365841,-0.0001,4.8014401405625176,against,True,2,2,16,Tuesday,2023,0,3,WIN,False,True,False,False,True,False,False,False,False
1032,XRPUSDT,-1,2023-11-21 16:00:03,2023-11-23 09:24:06.666,41.40101833333333,0.6042791200000001,0.6301679793065875,0.6165232799999999,-71.97391962236944,-0.47207142824224385,-69.51201253103908,4.158411768225359,1.696504676895,1.246834386086166,0.5145410171320471,-0.19780245778140476,1.1642356446758857,0.19792005959489728,2.1994715728589296,-0.0001,4.263398296920503,against,True,2,2,16,Tuesday,2023,0,3,GAVE_BACK,False,False,False,False,True,False,False,False,False
1033,BTCUSDT,-1,2023-11-22 00:00:03,2023-11-22 18:16:07.763,18.26798972222222,35729.8526,36923.02758487347,36930.41219039044,-152.62909401726074,-0.9892204519287101,-148.14905345418023,5.379766005080508,0.899725442,0.09986179857151202,1.2153685908473715,-0.9440756085910228,2.9097130994370426,1.71218614634216,2.139251760808509,-0.0001,3.3187665021503348,self,True,3,5,0,Wednesday,2023,0,3,FALSE_BREAKOUT,False,False,True,False,False,False,False,False,False
1034,ETHUSDT,-1,2023-11-22 00:00:03,2023-11-22 09:39:09.543,9.6518175,1933.053312,2011.1921903540688,2011.5944287921395,-153.29774092450617,-0.9935584900152182,-149.1809972349898,4.495478351316353,0.37873466180000004,0.055200587605765114,1.0242876489387478,-0.9011735192937199,2.2885528907892505,1.3598330737504072,1.6791228656476118,-0.0001,4.021443145588625,with,True,3,5,0,Wednesday,2023,0,3,FALSE_BREAKOUT,False,False,True,False,False,False,False,False,False
1035,LTCUSDT,-1,2023-11-22 00:00:03,2023-11-23 06:35:16.620,30.587116666666667,66.156766,69.58172519794657,69.59564154298616,-76.45397935650719,-0.991260068984504,-75.11982902365243,1.7792497896547514,0.44509945680000007,0.060370354229028034,1.034533200315013,-0.6491271491155084,1.9696779811119036,1.3394982698930635,2.0708306012815747,-0.0001,5.155999996896727,with,True,3,5,0,Wednesday,2023,0,3,FALSE_BREAKOUT,False,False,True,False,False,False,False,False,False
1036,ETHUSDT,1,2023-11-22 20:00:03,2023-11-26 16:21:05.752,92.35076444444445,2077.7554680000003,1997.8544976241353,2059.588,-41.64801325281594,-0.2780599178303023,-32.69599215960018,4.46758622361576,-4.4844348696,0.7164435141489983,0.5538789803404963,0.06300964777169228,2.2846575538484926,1.7807296736195994,1.809112573793357,0.0001,3.8267746107234997,with,True,1,4,20,Wednesday,2023,0,3,CHOP,False,False,False,False,False,False,False,False,False
1037,ADAUSDT,1,2023-11-24 04:00:03,2023-11-26 16:21:15.714,60.35353166666667,0.39497898,0.37603768691209466,0.3844231,-43.07127234852709,-0.5791958806625651,-40.10453898232786,1.7766909684612286,-1.190042397738,0.09086074493504084,0.6113088449802588,-0.1361564909022353,1.5715382328017367,1.851039999038285,1.5796591317112842,0.0001,4.8005855918747775,with,True,1,2,4,Friday,2023,0,3,FALSE_BREAKOUT,False,False,False,False,False,False,False,False,False
1038,BTCUSDT,1,2023-11-24 16:00:03,2023-11-26 12:24:04.422,44.400395,38224.94346,37161.5380127856,37553.287840000005,-97.8139320298617,-0.6544719471945734,-89.2630318979997,6.042556163862,-2.508343968,0.11872850598116114,0.7119988542313184,0.25865632033436486,2.392963594631615,2.2721977387435808,2.013745610006831,0.0001,2.762523745043236,self,True,1,3,16,Friday,2023,0,3,FALSE_BREAKOUT,False,False,False,False,False,False,False,False,False
1039,ALGOUSDT,1,2023-11-25 08:00:03,2023-11-26 16:27:04.023,32.45028416666667,0.14162832,0.13421892509588057,0.1341920813108614,-74.5343805729471,-1.002797369460596,-72.38204514057689,1.610850235418207,-0.541485196952,0.023170583053220412,1.097028853932574,-0.4087135372304604,2.492861844516827,2.34383206033375,1.3603078600666736,0.0001,5.212623519858355,with,True,2,5,8,Saturday,2023,0,3,FALSE_BREAKOUT,False,False,False,True,False,False,False,False,False
1040,AXSUSDT,1,2023-11-25 08:00:03,2023-11-26 16:28:06.460,32.46762777777778,6.2802558,5.959972231189027,6.359054626864303,17.702674780719878,0.2381978281149485,17.728427983942264,1.7061810200948289,1.6804278168724418,2.0910975935680094,0.4472780184504184,3.708414404177535,2.2810520559269967,2.3935422943014775,2.4548557899561447,0.0001,5.09598357979257,with,True,2,5,8,Saturday,2023,0,3,WIN,False,False,False,True,False,False,False,False,True
1041,LINKUSDT,1,2023-11-26 08:00:03,2023-11-26 16:27:14.814,8.453281666666667,15.109021199999999,14.415961440129452,14.413078247841426,-74.00358336863681,-0.9970758756603824,-72.0173597923878,1.8329982230590152,-0.15322535319000002,0.32317386316273367,1.1197031553887187,0.2827733066432923,1.0347247842699485,2.61579584818944,1.0562118870522315,0.0001,4.567976697143837,with,True,1,6,8,Sunday,2023,0,3,CHOP,False,False,False,True,False,False,False,False,False
1042,DOGEUSDT,1,2023-11-27 08:00:03,2023-11-27 14:57:16.720,6.953811111111111,0.08089617599999999,0.07766967752290728,0.0776541435874027,-145.94632402442497,-0.9944069926515755,-141.7859328670055,4.160391157419471,0.0,0.18094662190142283,1.0060987237548655,0.7078335899472971,1.6333767929815222,1.6364820720556348,3.861593135953034,0.0001,3.9811132118836903,with,True,1,1,8,Monday,2023,0,3,FALSE_BREAKOUT,False,True,False,False,False,False,True,False,False
1043,XTZUSDT,-1,2023-11-27 20:00:03,2023-11-29 06:43:20.000,34.72138888888889,0.794841,0.8263784620919363,0.8231645999999999,-128.63543996476997,-0.8830448949585727,-125.75653475231954,4.310358375330432,1.4314531628800002,0.34374991774534336,0.8928746364533816,-0.5123747736230071,3.094297522880575,1.711739055210535,1.2665350564967581,-0.0001,3.816389710042245,against,True,2,2,20,Monday,2023,0,3,LATE_ENTRY,False,False,False,False,True,False,False,True,False
1044,ETHUSDT,-1,2023-11-27 20:00:03,2023-11-28 16:43:12.290,20.719247222222222,1994.241072,2052.707365217524,2053.1179066905675,-143.36736291172053,-0.9844359338529588,-139.06708353912026,5.735917144600273,1.4356377720000002,0.12385036918724435,1.0804332637436007,-0.4159478335580685,2.1351063464919275,2.2511784288871133,1.5985988274231921,-0.0001,2.9111701970041692,against,True,2,2,20,Monday,2023,0,3,FALSE_BREAKOUT,False,False,False,False,True,False,False,False,False
1045,FILUSDT,-1,2023-11-28 08:00:03,2023-11-29 06:52:17.777,22.87077138888889,4.4011196,4.62646846394756,4.5999198,-63.54841332260395,-0.8748072222221854,-62.14275571779999,1.68817554300396,0.2825179382,0.11590739594799347,0.8825444979668498,0.3155977747309621,1.051372633151412,1.7151629820478613,1.6531790643305853,-0.0001,5.099238163279417,against,True,1,3,8,Tuesday,2023,0,3,FALSE_BREAKOUT,False,False,False,False,True,False,False,False,False
1046,BTCUSDT,1,2023-11-28 20:00:03,2023-11-30 14:03:07.203,42.0511675,38112.32094,37273.01865210798,37544.28964,-100.67168435460083,-0.7024019422441307,-90.43058295999923,7.2267194426016,-3.014381952,0.4619063543526054,0.7975921782380786,2.129958521249739,2.9721820161777828,1.304115774649341,4.467111488581518,0.0001,2.183391544133359,self,True,1,3,20,Tuesday,2023,0,3,WHIPSAW,False,True,False,False,False,False,False,False,True
1047,SOLUSDT,1,2023-11-29 08:00:03,2023-12-04 11:12:04.600,123.20044444444444,59.3828742,56.38726865922731,61.38772,41.385301946224196,0.5785235966011275,46.40456185595996,1.677228196483224,-3.34203171325254,2.0827594671862775,0.278032000096105,2.475000696549512,2.8916812589988843,1.8302586179175826,1.056320351601595,0.0001,5.0255702965634566,with,True,1,2,8,Wednesday,2023,0,3,WIN,False,False,False,False,False,False,False,False,True
1048,DOTUSDT,1,2023-11-29 12:00:03,2023-11-29 20:36:10.369,8.602046944444444,5.351069999999999,5.1594445936504485,5.1584127047317185,-142.78133914798684,-0.9964986085807624,-137.8935921304431,4.513268971943733,-0.37447804560000003,0.13531608618066465,1.0075386332009284,1.1998930850566754,1.5870081967055476,1.3103258466220105,1.8139064902707989,0.0001,3.579805762465924,with,True,2,4,12,Wednesday,2023,0,3,WHIPSAW,False,False,False,False,False,False,False,False,True
1049,DOGEUSDT,1,2023-11-29 12:00:03,2023-12-10 09:49:18.765,261.82104583333336,0.081446286,0.0780871708138702,0.097250546,666.2627870473474,4.651282016845075,697.2360581611274,5.2275920091819845,-25.745679104598057,7.485219352947905,0.5079569783868875,7.779939821030638,2.0343076771579707,1.8032727344718908,0.8967295489678628,0.0001,4.0933790053178605,with,True,2,4,12,Wednesday,2023,1,3,WIN,False,False,False,False,False,False,False,False,True
1050,DOTUSDT,1,2023-11-30 16:00:03,2023-12-03 12:53:14.545,68.88654027777778,5.491098,5.277446819479913,5.4349128,-42.73494061005207,-0.3017988257201988,-35.766840953159885,4.173222384572184,-2.79487727232,0.561204481567218,0.5761634440790094,2.704885592455998,2.4182183430156954,2.1218219313231077,3.0106248608842954,0.0001,3.8716426324241735,with,True,1,3,16,Thursday,2023,0,3,WHIPSAW,False,True,False,False,False,False,False,False,True
1051,AVAXUSDT,1,2023-12-01 04:00:03,2023-12-03 14:25:15.416,58.420115555555554,22.3814754,21.232458364892516,21.7496492,-40.65131665782366,-0.5712319742682962,-37.94937705059994,1.5903886421098798,-1.1115509651138402,0.33813650113869376,0.5556709609098834,4.018673752359169,1.7424072061882963,2.5132216165411303,1.8778935648116208,0.0001,5.119052797870601,with,True,2,5,4,Friday,2023,0,3,WHIPSAW,False,False,False,False,False,False,False,False,True
1052,ETHUSDT,1,2023-12-01 04:00:03,2023-12-09 23:34:09.582,211.568495,2092.528422,2038.4965375983302,2332.893328,572.7255817805233,4.024388188960952,600.9631871196005,7.984088206251118,-20.253517132826243,5.831771027224493,0.4113945357662333,5.320036145012136,1.9409193984595872,1.9668505592040948,1.6481125019918357,0.0001,2.5621845228081717,with,True,2,5,4,Friday,2023,1,3,WIN,False,False,False,False,False,False,False,False,True
1053,LTCUSDT,1,2023-12-01 08:00:03,2023-12-05 07:24:13.000,95.40277777777777,70.41408,68.85859541889837,71.305736,10.282563031665596,0.07238289854150172,28.76951348239959,8.787219748969438,-9.699730701764562,3.0382300521764196,0.06691162436742687,2.980370269383675,0.9861135866831773,1.5829718102019303,0.9149480311856798,0.0001,2.189495143610272,with,False,1,6,8,Friday,2023,1,3,WIN,False,False,False,False,False,True,False,False,True
1054,AXSUSDT,1,2023-12-03 20:00:03,2023-12-04 11:12:09.608,15.201835555555556,6.8103618,6.5082975815652295,6.506995922048916,-144.4170786136949,-0.9992101095965428,-140.10012638949155,3.690125295503345,-0.6268269287000001,0.3927582042479481,1.4214255572038856,2.1738364226075926,0.861776320351948,1.5743990467968283,1.6827112897047927,-0.00040836,4.430285145885022,with,True,1,5,20,Sunday,2023,0,3,WHIPSAW,False,False,False,True,False,False,False,False,True
1055,BTCUSDT,1,2023-12-04 00:00:03,2023-12-10 23:18:19.461,167.3045725,39987.79596,39141.321292234126,43546.289000000004,532.1827331095003,3.664726254222333,562.6877561800003,8.859363583092,-21.645659487407997,5.660540382911097,0.02055106982222548,4.543082252124336,1.2994127712320471,2.5124683874822757,2.0279709980316953,0.0001,2.097011002498448,self,True,1,6,0,Monday,2023,1,3,WIN,False,False,False,False,False,False,False,False,True
1059,ADAUSDT,1,2023-12-05 20:00:03,2023-12-11 02:11:08.208,126.18478,0.42218441999999995,0.40450009304966705,0.56878622,1365.8090999484325,8.990292632132652,1386.3968565716666,5.945919909535751,-14.641836713698275,12.797522949876234,0.3270930251541786,14.663582093245488,2.3389953470473537,2.3107466109718997,2.731987832260585,0.0001231,4.192303872651112,with,True,2,5,20,Tuesday,2023,1,3,WIN,False,True,False,False,False,False,False,False,True
1060,DOTUSDT,1,2023-12-05 20:00:03,2023-12-11 02:11:10.594,126.18544277777778,5.7881574,5.522443277175461,6.9606076,290.6063490219351,3.8234452486254904,298.67526377378005,2.4780694385041317,-5.5908453133408385,7.183820640427458,0.1699473084831815,7.014465697898809,1.6480397675970897,1.4099055809947556,1.8531453982577597,0.0001,4.571569428452365,with,True,2,5,20,Tuesday,2023,1,3,WIN,False,False,False,False,False,False,False,False,True
1061,ALGOUSDT,1,2023-12-06 16:00:03,2023-12-11 02:12:01.481,106.19957805555556,0.15763152,0.1491571167487862,0.1889622,273.9396649465263,3.5089117070578397,280.28932005175204,1.860410015607845,-4.4892450896179135,7.784439569895533,0.6527326864234013,6.7578186100357485,1.3028724515903456,1.551602646893957,1.4036330214700068,0.00020177,5.3571594233589925,with,True,1,6,16,Wednesday,2023,0,3,WIN,False,False,False,False,False,False,False,False,True
1065,AXSUSDT,1,2023-12-10 08:00:03,2023-12-11 01:08:18.431,17.137619722222222,7.9195836,7.479497166535647,7.5324932,-75.4587335811762,-0.876197095484443,-73.62989721847998,1.763518020487296,-0.06531834220892402,0.3122486619691058,0.885243375791442,-0.5943914197509292,0.5473168738817515,2.2006699303995445,1.111941495956738,0.0001,5.538050435265893,with,True,1,6,8,Sunday,2023,0,3,CHOP,False,False,False,True,False,False,False,False,False
1066,AXSUSDT,-1,2023-12-16 00:00:03,2023-12-20 07:53:12.500,103.88597222222222,7.0105976,7.404277272577824,7.117423199999999,-23.615405001315644,-0.2824733317650251,-22.057136236799924,1.7502752872454395,0.1920065227297201,1.5459208142876348,0.8799092869889601,-0.2778970000752918,2.0852597312726497,0.5098434550788893,0.7050453475506012,-0.00012308,5.594370687076784,with,False,1,1,0,Saturday,2023,0,3,GAVE_BACK,False,False,False,True,False,True,False,False,False
1067,LINKUSDT,-1,2023-12-17 08:00:03,2023-12-18 20:51:18.333,36.854259166666665,14.0391916,14.813630690236275,14.4518898,-44.46006496666454,-0.5322820836209494,-43.25696183299994,1.7917756181645998,0.5886724845,0.5154590012730506,0.5304592771455593,0.15261574666116345,1.0471330524095515,1.765093090819069,0.8502122964393056,-0.0001,5.495162300500463,with,True,1,2,8,Sunday,2023,0,3,CHOP,False,False,False,True,False,False,False,False,False
1068,LTCUSDT,-1,2023-12-18 00:00:03,2023-12-20 13:53:06.666,61.88435166666667,71.215754,73.50600545227357,71.684334,-34.9526562506594,-0.20894801787020145,-32.6028592400002,5.9656213937184,3.6158243830592003,1.3822735476741286,0.20707158575500645,0.9674719331802597,0.8875198422666988,0.9446374558779329,1.0947000160958615,-0.00013087,3.1952905408866576,with,True,4,6,0,Monday,2023,0,3,GAVE_BACK,False,False,True,False,False,False,False,False,False
1069,BTCUSDT,-1,2023-12-18 00:00:03,2023-12-18 21:10:04.723,21.167145277777777,41388.32068,42594.32154146066,42484.4952,-149.26208761602726,-0.8928760735136442,-144.03733192800004,6.612532803979199,1.387777115952,0.6919735355655169,1.0314083179786953,-0.37071227250909145,1.4875337755465858,1.5566592647234079,0.9857057984128139,-0.00013355,2.8935333698758523,self,False,4,6,0,Monday,2023,0,3,CHOP,False,False,True,False,False,True,False,False,False
1070,XRPUSDT,-1,2023-12-18 00:00:03,2023-12-20 13:01:09.610,61.018502777777776,0.61067784,0.6306053241066063,0.6171234,-54.04147659882084,-0.3232724318281482,-51.54398376375569,5.891103380902154,3.3936105458370003,1.6097285451787522,0.5179861112812535,0.16448840116817962,1.0047563100649184,1.1805886643262706,0.8463948428855834,-0.00011245,3.2594275596211406,with,True,4,6,0,Monday,2023,0,3,GAVE_BACK,False,False,True,False,False,False,False,False,False
1071,DOGEUSDT,-1,2023-12-18 00:00:03,2023-12-21 19:41:12.631,91.6860086111111,0.0929814,0.09796156274864774,0.093448686,-6.960884055824942,-0.0833046232902035,-7.612916036219956,1.822365649315332,2.4743976297103467,1.327546976611396,0.17240400431354105,0.19706183302272332,1.673518050690004,0.9071594241120073,0.8389704335139269,-0.0001,5.346341271800982,with,False,4,6,0,Monday,2023,0,3,GAVE_BACK,False,False,True,False,False,True,False,False,False
1072,BTCUSDT,1,2023-12-19 00:00:03,2023-12-23 04:06:07.319,100.10119972222222,42680.33436,41364.374945067524,43377.52276,64.57346585987129,0.3893887409973316,83.52317031999989,6.1858387697856,-12.763865690343,1.370608864934142,0.6420671871885607,0.9988648776584412,1.9508537607976357,1.0246112815983528,1.9622970339071084,0.0001,3.063681678799942,self,True,1,5,0,Tuesday,2023,0,3,WIN,False,False,False,False,False,False,False,False,False
1073,AXSUSDT,1,2023-12-20 12:00:03,2023-12-23 04:06:13.478,64.10291055555555,7.407481199999999,7.013738657603261,7.303539,-24.207090675914387,-0.29182007669169086,-21.258237955559927,1.805216945459976,-1.143635774894486,0.6565681179035894,0.506628516151044,9.487211560279045,1.7539327117892378,2.495785065176839,2.1973900311392467,0.0001,5.296534463904115,with,True,1,5,12,Wednesday,2023,0,3,WHIPSAW,False,False,False,False,False,False,False,False,True
1074,DOTUSDT,1,2023-12-21 08:00:03,2023-12-26 17:39:07.355,129.65120972222223,7.4434884,7.028809609197475,8.5052986,199.3577674899001,2.403429504864962,206.46177308064,1.8606799082390397,-5.243325682500863,5.188381098141527,0.08075744586596706,3.8307037524773517,2.6055920369927823,2.5036973763282604,1.6695897920261504,0.0001,5.539448875185111,with,True,1,4,8,Thursday,2023,0,3,WIN,False,False,False,False,False,False,False,False,True
1075,XTZUSDT,1,2023-12-22 04:00:03,2023-12-26 17:39:11.555,109.65237638888888,0.9601919999999999,0.9170716328899499,0.974805,38.22060165443712,0.2284217364503662,54.75365282070037,4.35016029345498,-12.182890872808269,2.082728093914315,0.3986979043133666,4.100336148548035,3.052825779359258,2.8381739667480623,1.4986563985704184,0.0001,4.372092503654863,with,True,1,4,4,Friday,2023,0,3,WIN,False,False,False,False,False,False,False,True,True
1076,ETHUSDT,1,2023-12-22 12:00:03,2023-12-24 22:14:13.211,58.23616972222222,2315.523012,2226.835563575926,2266.006708,-101.44259198505326,-0.6044344735694852,-89.9463662160004,4.993409241828,-6.502816527224851,0.3430811071991588,0.603501543353357,0.7157381244804083,1.3452055327339647,2.026536039749789,2.049027768787449,0.00043341,3.8108920038389513,with,True,1,5,12,Friday,2023,0,3,CHOP,True,False,False,False,False,False,False,False,False
1077,LTCUSDT,1,2023-12-23 00:00:03,2023-12-23 02:58:18.294,2.970915,73.684734,71.53628894369909,71.52198168591035,-166.65711528087388,-0.9927352989322625,-160.20349863864595,6.4536166422279315,0.0,0.22586847104924457,1.026199852555691,-0.30009331544650736,2.514466355560272,2.100097368127108,0.9720647710483622,0.00026883,2.8831266037210286,with,True,1,6,0,Saturday,2023,0,3,FALSE_BREAKOUT,False,False,False,True,False,False,True,False,False
1078,LINKUSDT,1,2023-12-23 16:00:03,2023-12-26 06:02:20.000,62.03805555555556,15.838167,15.021224347418322,15.09698,-78.28972252312832,-0.9547631967983964,-72.15700036710001,1.80698318786106,-4.325738968167244,0.18463107480475202,0.9035726041078486,2.2631123422891095,0.8454418583516765,2.290557592976051,1.6998052748855697,0.00038547,5.139094743174476,with,True,1,4,16,Saturday,2023,0,3,WHIPSAW,True,False,False,True,False,False,False,False,True
1079,AXSUSDT,1,2023-12-24 00:00:03,2023-12-28 12:54:15.555,108.9034875,7.6865369999999995,7.334512543413107,9.138172,322.5912675521396,3.8947823576104867,330.02007194950033,2.2949949572899797,-5.133809440070764,9.8188149582352,0.24582667022351978,5.6685351334600975,0.308142268632725,2.4223406117517223,0.7351968649992985,0.0001,4.560669571722739,with,True,1,5,0,Sunday,2023,0,3,WIN,False,False,False,True,False,False,False,False,True
1080,ATOMUSDT,1,2023-12-24 04:00:03,2023-12-24 22:16:18.556,18.270987777777776,11.4562908,10.889134348633483,11.050789400000001,-60.431564342846144,-0.7238741157140536,-57.8197552736198,1.925547782208996,-0.6862612870173541,0.5513632071830509,0.7357595933089933,2.088857840099574,0.8796421608550788,1.6404616911107814,1.0633515684260861,0.00034492,4.923300893796526,with,True,1,6,4,Sunday,2023,0,3,WHIPSAW,True,False,False,True,False,False,False,False,True
1081,DOGEUSDT,-1,2023-12-25 00:00:03,2023-12-25 18:31:18.095,18.520859722222223,0.091741648,0.09558226051619788,0.09499899599999999,-138.4328767648792,-0.8292809567143297,-136.3678515384625,4.690703065903108,2.6256778394863924,0.12280541137925356,0.8483938398518001,1.6251699367420367,0.9261535117761558,1.1982438090211232,1.2760154042504863,-0.00022718,4.165497511113653,against,True,1,5,0,Monday,2023,0,3,WHIPSAW,False,False,False,False,True,False,False,False,True
1082,XRPUSDT,1,2023-12-25 12:00:03,2023-12-26 05:34:16.557,17.5704325,0.64292856,0.6215605429123513,0.6214362308037689,-175.0271187587662,-1.021094286584435,-164.4897705354291,5.806027045654728,-4.731321177682368,0.25137756011552653,1.0402724739886458,0.7614857257581181,2.213869533449103,1.6840546023672636,4.6303677461515464,0.00031527,3.2891640092809564,with,True,1,6,12,Monday,2023,0,3,FALSE_BREAKOUT,True,True,False,False,False,False,False,False,False
1083,ATOMUSDT,1,2023-12-25 20:00:03,2023-12-26 17:39:05.778,21.650771666666667,11.947389,11.286099762423353,11.283842542470868,-86.24653255728936,-1.0159148781144267,-82.79195224417901,1.7391629393364123,-1.7154173737739282,1.048876891663624,1.494639476701662,0.4409734552291158,0.9318557878476648,1.8971005452924747,1.3187983576484208,0.00039846,5.516117518431543,with,True,1,6,20,Monday,2023,0,3,GAVE_BACK,True,False,False,False,False,False,False,False,False
1084,DOGEUSDT,-1,2023-12-26 20:00:03,2023-12-28 00:13:16.250,28.220347222222223,0.09021195400000001,0.09455369838067922,0.093988794,-68.98900783924127,-0.8419169056572148,-68.98773753432782,2.018765876762197,2.017495571848757,0.1432497967332457,0.8724709858223857,0.6154102512092189,1.840647931149469,0.15300096153132103,3.0195578431537125,-0.00044854,4.780250865114373,with,True,2,3,20,Tuesday,2023,0,3,FALSE_BREAKOUT,False,True,False,False,False,False,False,False,False
1085,ETHUSDT,-1,2023-12-26 20:00:03,2023-12-27 10:45:17.046,14.753901666666666,2213.2672580000003,2280.9891931679367,2281.4453910065704,-159.25089856800216,-0.9718567856238269,-156.76879903530724,6.2010853590754245,3.7189858263804996,0.03347893107865243,1.0081333593125676,-0.6121021482508622,1.8466561144503373,1.4473349347039968,2.4674305440944426,-0.00036888,3.039670830190935,with,True,2,3,20,Tuesday,2023,0,3,FALSE_BREAKOUT,False,False,False,False,False,False,False,False,False
1086,DOGEUSDT,1,2023-12-28 04:00:03,2023-12-29 01:01:02.516,21.01653222222222,0.09486897,0.09103876009547178,0.09106178399999999,-164.89688203268287,-1.0173049312236522,-154.97587792168397,4.54111490751289,-5.379889203486029,0.02115549852873938,1.3338616230823213,-0.46184675098580164,2.430785804650969,2.246635364904675,1.4038166401253942,0.00047802,4.008055572045781,with,True,2,3,4,Thursday,2023,0,3,FALSE_BREAKOUT,True,False,False,False,False,False,False,False,False
1087,ETHUSDT,1,2023-12-28 04:00:03,2023-12-29 01:01:06.635,21.017676388888887,2416.343172,2333.972937158586,2333.506142571154,-167.74688342625424,-1.0351756084961483,-155.65906199974387,5.355265108206393,-6.73255631830398,0.1339904884482757,1.1720638187553136,-0.33511100281726763,4.791477266193579,2.410148723763793,1.9381389363570953,0.00027263,3.3895615988266745,with,True,2,3,4,Thursday,2023,0,3,LATE_ENTRY,False,False,False,False,False,False,False,True,False
1088,XRPUSDT,-1,2024-01-01 00:00:03,2024-01-01 20:46:20.000,20.77138888888889,0.61557686,0.6351191269914278,0.62952588,-111.50597961459214,-0.7008401630631316,-108.11684675602183,5.790367300473428,2.401234441903128,0.3518967376208969,0.707345775495927,6.876216564789758,0.5664518289033104,1.6890563625480652,1.357630671610504,-0.00022084,3.153991715352894,with,True,1,1,0,Monday,2024,0,3,WHIPSAW,False,False,False,False,False,False,False,False,True
1089,BTCUSDT,1,2024-01-01 20:00:03,2024-01-03 11:55:11.170,39.91893611111111,43564.911239999994,42541.38636664869,43812.028299846155,15.655034966834544,0.09882677414660468,35.80726197170877,7.596551123594224,-12.555675881280001,2.3302694659393643,0.1357184799477903,1.2465635112729518,1.766432713443288,2.203360229420513,1.3253791000503587,0.00033601,2.329894787312271,self,True,4,5,20,Monday,2024,0,3,WIN,True,False,True,False,False,False,False,False,True
1090,ALGOUSDT,1,2024-01-01 20:00:03,2024-01-03 11:14:13.846,39.23634611111111,0.23564712,0.2225729855748372,0.22375524,-76.07367043670908,-0.9607378431510887,-70.00352923964397,1.6226090344514805,-4.447532162613631,0.7306701682380075,0.9367442311461102,-0.7837704330374755,0.8136937331953192,0.7215774615128319,0.9610495853289824,0.00060583,5.529293049729543,with,True,4,5,20,Monday,2024,0,3,CHOP,True,False,True,False,False,False,False,False,False
1091,ETHUSDT,1,2024-01-01 20:00:03,2024-01-03 11:55:15.055,39.92001527777778,2340.177942,2272.132903044147,2307.898328,-88.90306858824489,-0.561449172904572,-71.19914459979908,6.151357097243399,-11.552566891202403,1.3860240136123534,0.5526919019680401,-0.39470830514807875,1.2681811421403058,0.11764340816821908,1.0518312823003093,0.00043011,2.8882680740712727,with,True,4,5,20,Monday,2024,0,3,GAVE_BACK,True,False,True,False,False,False,False,False,False
1092,DOGEUSDT,1,2024-01-01 20:00:03,2024-01-03 11:50:05.263,39.83396194444445,0.091928382,0.08908789447205868,0.09038191999999999,-100.02930447929849,-0.6319116584790808,-81.93918066301445,5.795819142910696,-12.294304673373329,0.9053438801274416,0.5873576220942531,-0.5239882186980491,1.084296802406331,0.9106675758772067,1.0280328092385298,0.00041893,3.070509768187708,with,False,4,5,20,Monday,2024,0,3,CHOP,True,False,True,False,False,True,False,False,False
1093,LTCUSDT,1,2024-01-02 00:00:03,2024-01-03 11:11:05.652,35.18407,74.83496399999999,72.39891332834414,72.515494,-158.41978698373728,-0.9951026833824734,-144.47932240599883,5.50705833523704,-8.4334062425014,0.48645786140175407,1.0816540192117294,-0.8681937632119896,1.5926428714247747,0.15345777667374305,0.6088927519105948,0.00056726,3.2229470280121206,with,True,1,5,0,Tuesday,2024,0,3,CHOP,True,False,False,False,False,False,False,False,False
1094,ADAUSDT,1,2024-01-02 04:00:03,2024-01-02 21:24:15.535,17.403481944444444,0.6311262,0.6031562543219712,0.6030356230711068,-164.3763687435826,-1.0169796967017235,-156.6726393874588,4.130055229721628,-3.5736741264021905,0.14922445856870742,1.0055865078813484,-0.4228181254313208,2.5140295709293285,1.616161867025993,1.698918157704684,0.00058523,4.412637983839745,with,True,1,6,4,Tuesday,2024,0,3,FALSE_BREAKOUT,True,False,False,False,False,False,False,False,False
1095,XRPUSDT,-1,2024-01-08 00:00:03,2024-01-08 00:33:19.622,0.5546172222222222,0.5509897800000001,0.5753187988182202,0.5754338625779839,-153.42214897788804,-0.9964036677500658,-149.29431209205524,4.127836885832794,0.0,0.10233787143670167,1.0074479444951587,0.3160743989495035,1.3873520421963268,1.5194808081197908,1.7257510338346698,-0.0001,4.3946287095300764,against,True,2,2,0,Monday,2024,0,3,FALSE_BREAKOUT,False,False,False,False,True,False,True,False,False
1096,DOGEUSDT,-1,2024-01-08 00:00:03,2024-01-08 22:16:20.000,22.27138888888889,0.07818436000000001,0.08200917163100309,0.081526302,-66.6851074370128,-0.8663747621608813,-65.12311170757054,1.867331380792859,0.30533565135060003,1.0730881402710077,0.8694911856686185,0.5501865720503815,1.2476403964799299,1.4082017133265103,1.3919974220233735,-0.0001,4.8576545595231915,against,True,2,2,0,Monday,2024,0,3,GAVE_BACK,False,False,False,False,True,False,False,False,False
1097,LTCUSDT,-1,2024-01-08 04:00:03,2024-01-08 12:14:16.285,8.23702361111111,62.307536,65.30614434207781,65.31920557094622,-76.16502463864515,-0.9946687597526886,-74.43220877810757,1.8925463203375843,0.1597304598,0.029192208522752266,1.0179602174670357,-0.5877606539234583,2.2503935611244095,1.1519871800993924,3.2044456070758502,-0.0001,4.791630844155681,against,True,2,3,4,Monday,2024,0,3,FALSE_BREAKOUT,False,True,False,False,True,False,False,False,False
1098,ETHUSDT,-1,2024-01-08 04:00:03,2024-01-08 12:08:07.441,8.134566944444444,2189.7919540000003,2261.9174436824737,2258.431596,-143.9282820454103,-0.9399314910999932,-138.97468315739928,5.403790933011001,0.4501920450000001,0.036629962744532535,1.042738792223068,-0.4526561433929964,1.4440464700976403,1.1232092520504429,2.066966313724995,-0.0001,3.273055509351698,against,True,2,3,4,Monday,2024,0,3,FALSE_BREAKOUT,False,False,False,False,True,False,False,False,False
1099,BTCUSDT,1,2024-01-08 12:00:03,2024-01-09 21:25:13.077,33.419465833333334,44646.12744,43204.52868824868,44997.52582251224,27.93260175252888,0.18442892686725793,35.17497808947536,5.3839978149464836,-1.858378522,2.3958626183631875,0.20541599362530583,3.039245528395008,0.8141434748031463,1.4892459858024645,1.2197076166721834,0.0001,3.209590457625727,self,True,1,4,12,Monday,2024,0,3,WIN,False,False,False,False,False,False,False,False,True
1100,ETHUSDT,1,2024-01-08 16:00:03,2024-01-12 17:25:16.029,97.42028583333334,2270.393988,2195.527997579344,2565.1768620000003,556.585641878486,3.6804503128880848,567.8992067610009,5.589436345515,-5.724128537,6.004008087976667,0.6405310038718085,4.613523578053205,1.076170475124466,1.0603128182732398,2.326055250501613,0.0001,3.2781484277406308,with,False,1,3,16,Monday,2024,0,3,WIN,False,False,False,False,False,True,False,False,True
1101,LTCUSDT,1,2024-01-08 20:00:03,2024-01-14 18:35:18.000,142.5875,67.22344199999999,64.04080226048202,71.005796,83.42087424416307,1.085886708088376,88.31418354600028,1.9365086868372001,-2.956800615,3.147248454051253,0.9908259363586056,1.3908448213715976,1.2091677428785594,1.9593582011566302,1.4151211335087956,0.0001,4.7011871123779345,with,False,1,4,20,Monday,2024,0,3,WIN,False,False,False,False,False,True,False,False,True
1102,BTCUSDT,-1,2024-01-15 00:00:03,2024-01-15 18:27:19.028,18.454452222222223,41726.55302,43418.7682054273,43104.71922,-125.72007182594396,-0.8076087646607725,-121.96770869999996,4.504540555943999,0.7521774299999999,0.003872450771291635,0.8116266724395277,0.23138488731923762,1.320174579480162,4.1141580900875905,1.2356944048383562,-0.0001,4.034676506778019,self,True,1,1,0,Monday,2024,0,3,LATE_ENTRY,False,False,False,False,False,False,False,True,False
1103,ETHUSDT,1,2024-01-16 16:00:03,2024-01-18 12:24:14.603,44.40322305555556,2559.9418859999996,2469.263178959272,2505.2588480000004,-96.3243879247398,-0.6224978284173267,-89.28099614259872,4.96197194304108,-2.0814198391,0.5939444413980297,0.6050139860878131,-0.265242930616523,0.9850630084860182,-0.658889814615574,2.548672046102205,0.0001,3.5229258483618526,against,True,1,1,16,Tuesday,2024,0,3,CHOP,False,True,False,False,True,False,False,False,False
1104,DOTUSDT,-1,2024-01-18 12:00:03,2024-01-24 12:41:15.555,144.68682083333334,7.204558800000001,7.560203201133628,6.5373072,110.37793581951384,1.4313198812659493,110.04480608552024,2.2459688482239843,2.5790985822176,3.493823594689827,0.12214785291580334,2.5659304549465474,1.0615375547047867,1.2789268943650756,1.5654307779580283,-0.0001,4.915392744013714,with,True,2,3,12,Thursday,2024,1,3,WIN,False,False,False,False,False,False,False,False,True
1105,ADAUSDT,-1,2024-01-18 12:00:03,2024-01-20 07:00:15.217,43.003393611111115,0.51719654,0.5396436111508174,0.5116870891667381,34.08150178147641,0.2209977329300887,36.50541241300697,4.090406359301557,1.666495727771,2.0580208299610594,0.28081436360442086,1.8085450759807393,1.3634169561383402,1.372328178073884,1.0869932498726427,-0.0001,4.339445311449612,with,True,2,3,12,Thursday,2024,0,3,WIN,False,False,False,False,False,False,False,False,True
1106,BTCUSDT,-1,2024-01-18 20:00:03,2024-01-26 09:45:00.817,181.74939361111112,41005.99716,42337.819536784344,40308.06,82.50975549971454,0.5314477416123341,77.54081847600015,5.4203950502856,10.389332074,1.8478418765886946,0.894265527266219,0.7431149808352054,2.4225994788428715,1.7873716232291093,3.854015035894754,-0.0001,3.2272226126179437,self,True,4,6,20,Thursday,2024,0,3,WIN,False,True,True,False,False,False,False,False,False
1107,ATOMUSDT,-1,2024-01-18 20:00:03,2024-01-21 03:00:13.333,55.00287027777778,9.599079800000002,10.059127520325017,9.8909778,-48.491885100844094,-0.6243225363686574,-47.68988658279967,1.9105549947644158,1.10855647672,0.7348798506406155,0.6388906781069357,2.0086607522957753,2.3967125991929663,1.997260499327464,2.4965495641553166,-0.0001,4.771664621654167,with,True,4,6,20,Thursday,2024,0,3,WHIPSAW,False,False,True,False,False,False,False,False,True
1108,DOGEUSDT,-1,2024-01-18 20:00:03,2024-01-20 12:22:13.333,40.36953694444444,0.07753449,0.08038576936687247,0.079625922,-112.06102208272063,-0.7214567674652087,-109.18229297678663,4.922694349327099,2.0439652433931004,0.9625468594508126,0.7349367530753543,0.5837695244243094,2.0666937891196766,1.709269007097262,3.3187249576123623,-0.0001,3.643333376576166,with,True,4,6,20,Thursday,2024,0,3,CHOP,False,True,True,False,False,False,False,False,False
1109,LTCUSDT,-1,2024-01-18 20:00:03,2024-01-19 13:19:14.115,17.319754166666666,66.74664800000001,69.63646040548859,69.65038769756968,-154.00254767439375,-0.9917522975313138,-150.47092000615135,4.24083208244241,0.7092044142,0.11649475909253475,1.0081457171637496,-0.21224630319776475,1.8564482896447048,1.5748522007660128,5.271943040884367,-0.0001,4.308658486351989,with,True,4,6,20,Thursday,2024,0,3,FALSE_BREAKOUT,False,True,True,False,False,False,False,False,False
1110,XRPUSDT,-1,2024-01-19 16:00:03,2024-01-20 23:30:11.666,31.50240722222222,0.5386922399999999,0.5565229623564811,0.5529105599999999,-121.90717209596038,-0.7868941784454624,-117.83947545367205,5.428232084624328,1.3605354423360003,0.9641920083933587,0.8192466748095811,2.4055245290951004,2.666974998259296,2.34353334953423,1.674308172662171,-0.0001,3.27017301103751,with,True,1,6,16,Friday,2024,0,3,WHIPSAW,False,False,False,False,False,False,False,False,True
1111,LTCUSDT,1,2024-01-20 08:00:03,2024-01-22 09:03:18.333,49.05425916666667,72.19443600000001,69.0479210931634,70.455906,-86.72117958193793,-0.57234344626951,-80.75384923500053,3.9756222364374008,-1.9917081105,0.16703051330157864,0.5512244662281776,-0.2810843190599043,2.1902385616870004,1.7336727973703212,1.1671621400285634,0.0001,4.339261439230551,against,True,1,6,8,Saturday,2024,0,3,FALSE_BREAKOUT,False,False,False,True,True,False,False,False,False
1112,DOGEUSDT,1,2024-01-20 20:00:03,2024-01-22 01:23:15.798,29.386888333333335,0.082346466,0.07933467862951642,0.08308279296005236,28.950634708320997,0.19164352157123346,35.38469210495504,4.769889229401045,-1.664168167233,2.7271294383179625,0.14159897347982855,0.8478467055893164,2.604061145779737,2.4571653888383174,1.8540501210680664,0.0001,3.638189445504165,against,True,1,6,20,Saturday,2024,0,3,WIN,False,False,False,True,True,False,False,False,False
1113,FILUSDT,-1,2024-01-22 00:00:03,2024-01-26 10:40:08.421,106.6681725,5.3649268,5.618789557841604,5.0370072,95.04177046242378,1.25038498758345,94.97233688768011,1.8075698679763197,1.87700344272,2.965881275384967,0.17361034117300092,1.2956874919212564,1.1867578809880228,1.4676239128218531,0.6057645600165293,-0.0001,4.710949642966896,with,True,2,6,0,Monday,2024,0,3,WIN,False,False,False,False,False,False,False,False,True
1114,ADAUSDT,-1,2024-01-22 00:00:03,2024-01-25 11:32:13.246,83.53617944444444,0.50319934,0.5235061072200364,0.48049608,162.65811642167682,1.070093054332794,163.46146276149003,4.249511980173198,3.4461656403600007,2.7478199457047725,0.16253990427108628,2.2061286030696734,1.2632977493867197,-0.26360149888777223,0.6327176136955538,-0.0001,3.994061823606759,with,True,2,6,0,Monday,2024,0,3,WIN,False,False,False,False,False,False,False,False,True
1115,ALGOUSDT,-1,2024-01-22 04:00:03,2024-01-26 10:43:16.666,102.72046277777778,0.16686662,0.1747265556055253,0.16423284000000002,24.71347334793905,0.32451494402186465,24.68041623848976,1.8615842984165578,1.8946414078658491,2.3494619964848678,0.1696426112018866,0.6446134236059524,1.4495462883863555,3.3132486591688175,1.5349527282767979,-0.0001,4.626680003308563,with,True,1,6,4,Monday,2024,0,3,WIN,False,False,False,False,False,False,False,True,False
1116,AVAXUSDT,-1,2024-01-22 12:00:03,2024-01-24 08:06:17.400,44.104,31.189760800000002,32.8147982098631,30.789658147823733,17.354277880545123,0.22740472329180922,18.229677089781255,1.694362365486131,0.8189631562500002,2.4521040413067805,0.2819868620985178,0.9758303349666251,2.6146647797057176,2.626409136872248,1.9292030953456007,-0.0001,5.185749302378743,with,True,1,6,12,Monday,2024,0,3,WIN,False,False,False,False,False,False,False,False,False
1118,BTCUSDT,1,2024-01-26 20:00:03,2024-01-31 10:50:08.667,110.8349075,42054.50922,40780.715904871024,42487.20086,38.17213076113969,0.24751054425154986,49.759538599999686,5.833377995519999,-5.75402984334,1.4393942551145766,0.5451506235371395,1.329957348558126,3.2610858034846317,2.6554510666298294,1.5991431535540162,0.0001,3.0092852949840045,self,False,1,1,20,Friday,2024,0,3,WIN,False,False,False,False,False,True,False,True,True
1119,AVAXUSDT,1,2024-01-28 00:00:03,2024-01-31 09:03:05.789,81.05077472222223,33.2626512,31.492045143817258,34.6000786,53.4536904885937,0.6930945444777178,56.555123750100115,1.72180639421262,-1.3796268672937948,2.1904075084670986,0.0444204964313561,2.4598067903312817,1.1417525754362905,2.588501618392312,0.6713693813479582,6.922e-05,5.304170243513173,with,False,2,3,0,Sunday,2024,0,3,WIN,False,False,False,True,False,True,False,False,True
1120,SOLUSDT,1,2024-01-28 00:00:03,2024-01-31 10:41:05.804,82.68411222222223,94.2558474,89.5536226650504,98.4803,64.07304546182617,0.8308692025144947,67.12739670452011,1.8375695576492879,-1.216781685044654,2.60390629758602,0.23411203463285607,1.7998188255650693,0.8440823010775992,2.9007056922211407,0.5985378206619373,8.902e-05,4.970794514898022,with,True,2,3,0,Sunday,2024,0,3,WIN,False,False,False,True,False,False,False,False,True
1121,DOGEUSDT,-1,2024-01-28 20:00:03,2024-01-29 09:34:11.578,13.569049444444444,0.078524292,0.08095624724144813,0.08097243849089643,-152.60412076402866,-0.9884752708189698,-147.77679069673525,5.776594263344815,0.9492641960513999,0.1580177107910764,1.2770415947913027,0.5445379822086792,1.0346623297132775,0.612520099190252,1.1437829890172824,-0.0001,3.0764543435805067,against,True,1,4,20,Sunday,2024,0,3,FALSE_BREAKOUT,False,False,False,True,True,False,False,False,False
1122,DOTUSDT,1,2024-01-29 00:00:03,2024-01-31 09:11:17.647,57.187401944444446,6.868373399999999,6.590342144183125,6.743651,-72.91494679713988,-0.47143463736793895,-66.74375805239977,4.3705909916276395,-1.8005977531124702,1.5344555371896682,0.6055916249606784,0.5633416989029574,1.4365634486508876,2.053269979637381,2.0271684517877686,0.0001,4.014824582244028,with,False,1,5,0,Monday,2024,0,3,GAVE_BACK,False,False,False,False,False,True,False,False,False
1123,ADAUSDT,1,2024-01-29 20:00:03,2024-01-31 10:45:17.108,38.75391888888889,0.5208041400000001,0.49944458002262987,0.4993446911066253,-157.29592480407413,-1.0062633511223358,-151.15111971218317,4.311293515345966,-1.833511576545,0.7488852774564217,1.0067688670919732,0.22921165067009217,3.231029877807025,2.744034070137568,3.463877117917874,0.0001,4.100503067851416,with,True,1,5,20,Monday,2024,0,3,LATE_ENTRY,False,True,False,False,False,False,False,True,False
1124,LINKUSDT,1,2024-01-30 12:00:03,2024-02-06 22:47:02.732,178.7832588888889,15.233046,14.657890338997166,18.3503292,771.460133535931,4.884386731260065,787.6771364667602,5.889515242879224,-10.32748768795,7.940379117606394,0.47125677164927504,7.003241510266829,2.3743250947969408,2.621212881202821,1.1184431514965727,0.0001,3.750145518437403,with,True,1,6,12,Tuesday,2024,1,3,WIN,False,False,False,False,False,False,False,False,True
1125,AXSUSDT,-1,2024-01-31 12:00:03,2024-02-02 15:39:16.470,51.65374166666667,7.0465904,7.375896105457355,7.121424,-23.24237408546958,-0.3026281205106216,-16.875178850719962,1.9169553005033277,-4.450239934246292,0.8065162418948583,0.23203242073768138,0.6060945701587522,2.9216571470520107,1.6712610820297513,2.385066716796148,0.00058245,4.652328397522059,against,True,3,4,12,Wednesday,2024,0,3,CHOP,True,False,True,False,True,False,False,False,False
1126,ATOMUSDT,-1,2024-01-31 12:00:03,2024-02-05 12:01:12.500,120.01930555555556,9.192161200000001,9.509290363244013,9.165832799999999,9.949276458576781,0.06477947546777175,12.185805061921092,5.098075148020318,2.8615465446760076,1.135692461443157,0.3400469351253712,0.7226115619763301,3.136358597288931,1.5081079142205844,1.2976023026496077,-0.0001,3.440556545676205,against,True,3,4,12,Wednesday,2024,0,3,WIN,False,False,True,False,True,False,False,True,False
1127,ALGOUSDT,-1,2024-01-31 12:00:03,2024-02-02 12:10:20.000,48.17138888888889,0.16086782,0.16769275496343705,0.16293258,-46.90367872926237,-0.3054774675999231,-44.76324316259997,4.211924690912399,2.07148912425,0.8890663475193367,0.4003232286662065,0.7425448047709794,2.7087684008978035,1.2513332286756231,2.2666206464769085,-0.0001,4.221724650986366,against,True,3,4,12,Wednesday,2024,0,3,CHOP,False,False,True,False,True,False,False,False,False
1128,XTZUSDT,1,2024-02-02 04:00:03,2024-02-04 00:33:20.000,44.554722222222225,0.9971994,0.954652089048437,0.9858028,-47.22390012159724,-0.29879600656598,-40.803949010559926,4.2599189577573116,-2.1600321532800004,0.9824498673391356,0.2632222753806858,-0.05169304359807418,2.078024583093447,0.6139618086412457,0.4615408603185988,0.0001,4.247533696245033,with,False,1,5,4,Friday,2024,0,3,CHOP,False,False,False,False,False,True,False,False,False
1129,DOTUSDT,1,2024-02-02 08:00:03,2024-02-04 00:11:20.000,40.18805555555556,6.866373,6.5958611946196575,6.7606475999999995,-66.09069582999285,-0.4168871944065099,-59.54232504660042,4.604671100692439,-1.9436996827000002,0.5863958498113183,0.385835286756713,0.39047094396300863,1.5902574858915584,-0.33439993862205547,0.4517851960492812,0.0001,3.920448730959104,with,False,1,6,8,Friday,2024,0,3,CHOP,False,False,False,False,False,True,False,False,False
1130,LTCUSDT,1,2024-02-02 16:00:03,2024-02-04 09:08:20.000,41.13805555555555,68.383674,66.55284616116188,67.54648800000001,-78.24273949299517,-0.491112570528781,-68.74310055059905,6.696906633096119,-2.8027323093,0.44041606911096015,0.4498915640930595,0.2219356683247017,1.8710578748654245,0.5668204738563057,0.9328947347780528,0.0001,2.6578233711249415,with,False,1,5,16,Friday,2024,0,3,CHOP,False,False,False,False,False,True,False,False,False
1131,FILUSDT,1,2024-02-03 04:00:03,2024-02-04 06:31:04.272,26.51702,5.206041,4.975077522350232,4.974082506845762,-156.6156654757035,-1.0013085373208994,-151.61679276495255,3.992466898030948,-1.0064058127200002,0.2552741264547678,1.0306434697912044,-0.2512994720663732,1.7321830428593674,0.7578300812509833,2.6896385993495406,0.0001,4.435698763921793,with,False,1,6,4,Saturday,2024,0,3,FALSE_BREAKOUT,False,True,False,True,False,True,False,False,False
1133,ETHUSDT,1,2024-02-05 12:00:03,2024-02-12 06:47:18.402,162.78761166666666,2329.035714,2275.1862037078745,2479.094082,376.6871203399575,2.381579361704793,398.39975375280017,9.70341654549096,-12.009216867351721,3.902807748109307,0.8734659562331825,9.29208609856512,0.897069410951087,1.3836377610429644,1.7136365864455188,0.0001,2.2921374708886715,with,False,2,4,12,Monday,2024,1,3,WIN,False,False,False,False,False,True,False,False,True
1134,DOTUSDT,1,2024-02-05 12:00:03,2024-02-05 20:23:12.217,8.385893611111111,6.961392,6.718502095207191,6.71715839478815,-157.53845393340234,-0.9964256063414602,-152.00760103674295,5.108003780319395,-0.42284911634,0.0436741082716027,1.0144184469510125,0.4759687320006839,1.3084999651285216,1.2753733837328594,1.4402267814306626,0.0001,3.4697974826552915,with,True,2,4,12,Monday,2024,0,3,FALSE_BREAKOUT,False,False,False,False,False,False,False,False,False
1135,LTCUSDT,1,2024-02-06 20:00:03,2024-02-13 13:36:03.611,161.60016972222223,68.353668,66.96622638401595,70.30593599999999,128.78739512291213,0.8283963707160794,154.8589252871987,10.391041139686559,-15.680489024599998,3.7092241869579192,0.4495093651617604,2.044289264012256,0.8382874095883697,0.8599672563880698,0.9392111393768111,0.0001,2.0245407695450552,with,True,2,4,20,Tuesday,2024,1,3,WIN,False,False,False,False,False,False,False,False,True
1136,FILUSDT,1,2024-02-06 20:00:03,2024-02-11 20:54:08.571,120.9015475,5.126025,4.938832361647549,5.278944,110.35792846196858,0.7101933576053397,121.61203075709984,4.96486143666126,-6.289240858470001,2.2755969665749465,0.7961050248109205,2.905963636111527,1.4932777923179787,0.4458347365553585,1.2454232293377465,0.0001,3.6325392849258806,with,False,2,4,20,Tuesday,2024,0,3,WIN,False,False,False,False,False,True,False,False,True
1137,ADAUSDT,-1,2024-02-07 08:00:03,2024-02-07 20:49:12.420,12.819283333333333,0.48310336000000004,0.5003210174515715,0.5004210816550618,-152.44864726427983,-0.9927180671412945,-147.82306588797928,5.037184494718529,0.41160311841800007,0.5403383140922516,1.0220112724099937,-0.8129235954059731,1.1397673526390018,2.344160689190524,2.1740839181252074,-0.0001,3.5218327025805025,against,True,1,4,8,Wednesday,2024,0,3,CHOP,False,False,False,False,True,False,False,False,False
1138,ALGOUSDT,1,2024-02-07 16:00:03,2024-02-17 14:33:08.333,238.5514813888889,0.16423284000000002,0.1590655642512552,0.18506298,582.6288402965932,3.7821456192779364,619.5063992684331,7.242787334215611,-29.63477163762418,6.457398757576506,0.025707937114114947,7.792725211109796,1.636012292500404,0.8374824830656862,1.2873885563854968,0.0001,3.1269401636691874,with,False,1,5,16,Wednesday,2024,1,3,WIN,False,False,False,False,False,True,False,False,True
1139,DOTUSDT,1,2024-02-07 20:00:03,2024-02-12 02:37:08.333,102.61814805555555,6.8903778,6.6578740436610495,7.053589,92.91466643425727,0.5981635974969511,104.1033499372795,5.336448682299552,-5.852234820722687,1.9467306985791375,0.1005480529351947,3.6585309992150696,0.8082530235139679,0.9429618607662907,1.377449047377671,0.0001,3.340969168683947,with,True,1,6,20,Wednesday,2024,0,3,WIN,False,False,False,False,False,False,False,False,True
1140,ATOMUSDT,1,2024-02-08 00:00:03,2024-02-11 16:33:05.000,88.55055555555556,9.5959188,9.323754660318754,9.904018800000001,104.05389309810633,0.6660327578798668,117.02806883370084,8.196649427665188,-4.777526307929331,2.451025328984464,0.5912564388110222,3.0682998905661547,3.4709201687117677,2.5680368838869576,1.770352393819404,-8.349e-05,2.8168161317619957,with,True,1,6,0,Thursday,2024,1,3,WIN,False,False,False,False,False,False,False,True,True
1145,BTCUSDT,1,2024-02-12 16:00:03,2024-02-13 14:24:06.187,22.40088527777778,49935.4851,48494.74211736577,48485.0431689423,-163.80108538845522,-0.9992442846712932,-156.35764016802003,6.365839768435188,-1.0776054520000002,0.34240312529444866,1.0962990061642346,2.029171708790629,2.494796305478798,3.7667985235417607,2.9480242069860196,0.0001,2.865591227379711,self,True,2,4,16,Monday,2024,0,3,WHIPSAW,False,True,False,False,False,False,False,True,True
1146,ETHUSDT,1,2024-02-12 16:00:03,2024-02-16 15:13:10.942,95.21887277777778,2557.841466,2491.6338903973124,2755.69875,446.1174406053429,2.721109099551997,461.42297201640037,7.43502428264016,-7.870507128417331,4.7296480976610376,0.33653952432439566,5.681502918296426,1.5127227563553414,2.120216871933339,2.3988951649802743,0.0001,2.568933598819376,with,True,2,4,16,Monday,2024,0,3,WIN,False,False,False,False,False,False,False,False,True
1147,SOLUSDT,1,2024-02-13 00:00:03,2024-02-16 07:54:06.754,79.90104277777777,111.7593474,106.46704674494663,111.57768,-7.224671649559698,-0.08644807293749822,-2.7750058684799224,2.046910656564288,-2.4027551245154877,1.337348926547076,0.6534676741575106,0.45682449988768287,1.6189896925212088,1.8066573912909563,1.0099668181227337,0.0001,4.716390501851097,with,True,1,5,0,Tuesday,2024,0,3,GAVE_BACK,False,False,False,False,False,False,False,False,False
1148,ATOMUSDT,1,2024-02-13 12:00:03,2024-02-16 14:54:15.454,74.90345944444445,10.1710338,9.81517005756736,10.080983400000001,-51.61013358111849,-0.3103618635276726,-40.23916532063959,5.4297877734285125,-5.94118048705038,0.8850752758539879,0.8206337571894642,1.5426303231886949,3.3988112495014304,1.614858081230781,1.2793752359144706,0.0001,3.488986651255057,with,True,1,6,12,Tuesday,2024,0,3,WHIPSAW,False,False,False,False,False,False,False,True,True
1149,LTCUSDT,-1,2024-02-13 20:00:03,2024-02-14 09:57:17.261,13.953961388888889,68.376322,70.79589152405916,70.81005070236397,-159.0053040262772,-0.9898907077972363,-154.57973876786863,5.304303584408561,0.878738326,0.01087879465263258,1.0016980193790614,-0.030450871226215554,3.2722683482419606,2.0242986593078496,2.026884463344386,-0.0001,3.5027653860514008,against,True,1,5,20,Tuesday,2024,0,3,LATE_ENTRY,False,False,False,False,True,False,False,True,False
1150,DOTUSDT,1,2024-02-14 04:00:03,2024-02-17 01:49:15.714,69.82019833333334,7.5095016,7.197732773911107,7.538492000000001,4.8504660205115515,0.030134477326492666,14.411812013440262,4.488427650725376,-5.072918342203333,1.4385607619156957,0.06896648478212196,2.070439203616693,1.3192474519842192,1.4744530345705982,1.6257319265842656,0.0001,4.119717944437099,with,True,1,6,4,Wednesday,2024,0,3,WIN,False,False,False,False,False,False,False,False,True
1151,BTCUSDT,1,2024-02-14 12:00:03,2024-02-17 13:33:04.583,73.55043972222222,51611.42022,49912.44257305761,51324.63302,-36.827043300762995,-0.22251109962128227,-26.642530879999892,5.7376556075976,-4.4468568131655,0.7343120624601748,0.271057256597099,0.542373104000731,1.8915682910029805,2.6865314861793848,2.6860508086955304,0.0001,3.272709601603031,self,True,1,6,12,Wednesday,2024,0,3,CHOP,False,True,False,False,False,False,False,False,False
1152,FILUSDT,1,2024-02-17 08:00:03,2024-02-17 14:33:13.358,6.5528772222222225,6.2852568,5.941545423568166,5.940357114483453,-82.7694962269528,-0.9956674024555958,-81.04580423151471,1.7236919954380832,0.0,0.33965474524569034,1.0946882349546572,5.035455090161227,2.3875064019207994,2.678665719228218,3.1603174916906975,0.00037676,5.464671064945649,with,True,1,3,8,Saturday,2024,0,3,WHIPSAW,True,True,False,True,False,False,True,False,True
1153,ADAUSDT,1,2024-02-18 04:00:03,2024-02-20 15:28:10.000,59.46861111111111,0.6216243,0.5911368247671059,0.61357726,-25.722724479950948,-0.3155272397993489,-20.837851119904013,1.9191364434887734,-2.9657369165581615,0.6781702926220724,0.31240041778611816,0.29440614322552405,1.9561727923266126,2.6005202492585235,1.6466295778942568,0.0004487,4.870160159783399,with,True,1,1,4,Sunday,2024,0,3,CHOP,True,False,False,True,False,False,False,False,False
1154,SOLUSDT,1,2024-02-18 12:00:03,2024-02-20 08:08:05.075,44.13390972222222,111.8563668,106.47745021784993,109.0251906,-46.68713982284774,-0.5718440465412092,-41.588845907520025,1.9467970353498243,-3.151496879977888,0.5885261746771002,0.5682123441256847,-0.16311217818687604,0.8845245900241047,-0.1344148807128228,1.2853560302177067,0.00019395,4.78973280232315,with,True,4,5,12,Sunday,2024,0,3,CHOP,False,False,True,True,False,False,False,False,False
1155,ALGOUSDT,1,2024-02-18 12:00:03,2024-02-20 15:29:03.673,51.48352027777778,0.19543908,0.18635159808136822,0.19266146,-28.06893601308988,-0.34383572762320647,-24.12189396526183,2.022246399523532,-1.9247956483045183,0.9970770870446187,0.7415783668502348,0.40285307115650476,0.9504440759082058,1.9450948530214458,0.4346080190748049,0.00022221,4.630707225502435,with,True,4,5,12,Sunday,2024,0,3,CHOP,False,False,True,True,False,False,False,False,False
1156,ATOMUSDT,1,2024-02-18 12:00:03,2024-02-20 09:44:20.000,45.738055555555555,10.433086199999998,10.04479767412974,10.381923200000001,-32.961225459260845,-0.2019044157594949,-20.624260650698865,5.034429325634196,-7.30253548292778,0.9526776491036573,0.3375999836879014,0.5174342959264646,1.2668667015379385,1.310999353025939,0.7520626595763912,0.00020919,3.6932150131376886,with,True,4,5,12,Sunday,2024,0,3,CHOP,False,False,True,True,False,False,False,False,False
1157,AXSUSDT,1,2024-02-18 12:00:03,2024-02-20 09:48:17.058,45.803905,8.2796556,7.888399085337564,8.09838,-39.556086398379264,-0.48473374550914783,-36.57014073767986,1.9824413221594077,-1.00350433854,0.6935204650435228,0.471955336409707,0.41237498662278876,1.4719471272909317,1.6855338607964303,1.068602748494359,0.0001,4.694948830040288,with,True,4,5,12,Sunday,2024,0,3,CHOP,False,False,True,True,False,False,False,False,False
1158,ETHUSDT,1,2024-02-18 20:00:03,2024-02-21 14:36:03.972,66.60027,2829.5958060000003,2742.919536055343,2873.02528,8.492488420715773,0.051996700489351795,22.634361187999296,7.4732934209448,-6.66857934633872,2.390898848465892,0.14139747831586957,2.473620451559543,1.2291189148396977,0.7981608372726086,0.9770410958762988,0.0001,3.043815864259387,with,True,1,6,20,Sunday,2024,1,3,WIN,False,False,False,True,False,False,False,False,True
1159,XTZUSDT,1,2024-02-20 12:00:03,2024-02-20 15:28:16.641,3.4704558333333333,1.1292258,1.084175412941179,1.0839585778585907,-160.5414378311112,-0.9944082049380802,-155.9661813899513,4.575256441159925,0.0,0.2169615099474765,1.026091073083218,0.3279483477180718,2.007655843835695,2.0949452283503005,1.9123591481646276,0.00022693,4.055273191046111,with,True,1,4,12,Tuesday,2024,0,3,FALSE_BREAKOUT,False,False,False,False,False,False,True,False,False
1160,LINKUSDT,-1,2024-02-20 16:00:03,2024-02-24 17:46:05.000,97.76722222222222,18.9842024,19.929293041336503,18.508701,40.308724149427775,0.4983484849121656,39.428100586600195,1.86532443421476,2.7459479970423404,1.4677982611681388,0.5552881142255894,0.8826691996656667,1.729535785889236,0.7319718405882577,3.0360512595985485,-0.00018125,4.95730483113811,against,True,3,4,16,Tuesday,2024,0,3,WIN,False,True,True,False,True,False,False,False,False
1161,LTCUSDT,-1,2024-02-20 16:00:03,2024-02-24 08:00:16.000,88.00361111111111,68.9862,71.36231543245835,69.81396,-50.19513009524886,-0.3103203742077662,-53.84785739999985,5.417578445039999,9.070305749791,0.6970200089506932,0.4266627732606061,-0.060518945349057454,1.8884503884702784,0.36251502992956663,4.634061717584386,-0.00019409,3.438636661049943,against,True,3,4,16,Tuesday,2024,0,3,CHOP,False,True,True,False,True,False,False,False,False
1162,SOLUSDT,-1,2024-02-20 16:00:03,2024-02-24 17:08:20.000,97.13805555555555,106.6276702,112.6041250060543,103.22064,46.922722322446596,0.5803513426348047,44.812668220599924,1.65608089443636,3.766134996283031,1.359948408171087,0.5296333533374078,1.050400346647072,2.394845639656802,0.7305085094045664,3.1624460763416105,-0.00031742,5.584844540970588,against,False,3,4,16,Tuesday,2024,0,3,WIN,False,True,True,False,True,True,False,False,True
1164,ATOMUSDT,1,2024-02-26 16:00:03,2024-02-28 17:31:16.427,49.52039638888889,10.9211838,10.48968382414819,10.837832,-41.10089694168201,-0.25546615331404293,-29.868392369339674,4.678292405095523,-6.554212167246813,1.9346842334162735,0.4361154357622185,3.093432849828049,3.0373884641376927,2.781167044616877,3.033830615713475,0.00028298,3.931826869235385,with,True,5,5,16,Monday,2024,0,3,GAVE_BACK,False,True,True,False,False,False,False,True,True
1165,BTCUSDT,1,2024-02-26 16:00:03,2024-03-05 19:36:04.506,195.60041833333332,52882.774439999994,51730.81885408502,62286.5402,1143.0304993074953,7.110439639768637,1264.4395100160013,9.9147578226624,-111.49425288584361,14.295017760533186,0.09164801255435631,15.14643947504397,2.320669079362346,2.0555749066877422,4.137518653799204,0.00027227,2.1589398341191575,self,True,5,5,16,Monday,2024,1,3,WIN,False,True,True,False,False,False,False,False,True
1166,LTCUSDT,1,2024-02-26 16:00:03,2024-02-28 17:31:11.659,49.51907194444444,71.22424199999999,69.43289408018582,71.995598,37.05157080398507,0.2304594319557736,65.08817631400098,7.251062957375998,-20.785542552639903,3.8438976168930465,0.6834194443517083,12.2844690060448,1.2422319099199388,1.952878092621892,2.362054902597049,0.00044825,2.509275371825584,with,True,5,5,16,Monday,2024,0,3,WIN,True,False,True,False,False,False,False,False,True
1167,ETHUSDT,1,2024-02-26 16:00:03,2024-02-28 17:31:17.938,49.52081611111111,3149.72982,3042.422086807768,3175.9214419473988,21.131517983728457,0.1314953971651119,37.46449603355916,5.428926939053735,-10.90405111077696,3.2834556235459336,0.19280828496242827,3.553054087136385,1.9415452908867206,2.2551997203627234,2.1336780178129975,0.00020172,3.3875682954568527,with,True,5,5,16,Monday,2024,0,3,WIN,False,False,True,False,False,False,False,False,True
1168,ADAUSDT,1,2024-02-26 16:00:03,2024-02-28 17:31:12.895,49.519415277777775,0.6066213,0.5792534741037009,0.61334056382278,11.483538058113272,0.1429525345052552,19.047146209060333,2.0749408806600242,-5.4886672702870385,2.0563818336629494,0.2419373765782186,5.7870398839908175,1.6162930592211588,1.3018106992822025,2.4651483659140228,0.00047084,4.508164506478596,with,True,5,5,16,Monday,2024,0,3,WIN,True,False,True,False,False,False,False,False,True
1169,DOGEUSDT,1,2024-02-26 20:00:03,2024-03-03 07:27:17.662,131.45407277777778,0.08891778,0.08599646918466873,0.121245746,1648.4015627126196,10.086448341242427,1717.90509180456,7.037395000204925,-62.466134091735455,21.41238093246394,0.3415521534934164,40.45862541559009,1.6268920085065413,1.9563891241534417,2.617381793216746,0.00017343,3.276943893073076,with,True,1,6,20,Monday,2024,1,3,WIN,False,True,False,False,False,False,False,False,True
1172,ETHUSDT,1,2024-02-29 12:00:03,2024-02-29 21:09:10.179,9.151994166666666,3521.2541100000003,3348.433374953719,3347.7636882787283,-94.44569573330698,-1.010003296718988,-90.90898098194654,2.159619195778832,-1.3770955555816,0.020286281036017085,1.0305135547092021,-0.18298793829068769,2.5683747858821495,2.893967970067182,0.995379736354248,0.00073381,4.888912955256454,with,True,1,3,12,Thursday,2024,0,3,FALSE_BREAKOUT,True,False,False,False,False,False,False,False,False
1173,XTZUSDT,1,2024-03-02 00:00:03,2024-03-03 07:27:10.439,31.452066388888888,1.2852569999999999,1.2140028084385661,1.3028099337807804,17.447785690484352,0.18400528453448228,22.70350693771531,2.0084914460521888,-3.2472298011787704,2.1155667715355784,0.5088402409104564,3.0979651184405133,1.3803362899953644,1.5634421243825034,0.3272087244781651,0.00041501,5.525073273263339,with,True,1,3,0,Saturday,2024,0,3,WIN,True,False,False,True,False,False,False,False,True
1174,LINKUSDT,1,2024-03-02 04:00:03,2024-03-03 07:27:12.976,27.45277111111111,20.6751342,19.52527098375647,19.6020788,-92.97385163510785,-0.9764561843072707,-86.37065836815981,1.94515739115312,-4.658035875794919,0.912165712567558,1.226349517124955,0.37036213871703405,1.939376561558348,2.182016833436484,0.9041004021343257,0.00078524,5.542687902102113,with,True,1,4,4,Saturday,2024,0,3,CHOP,True,False,False,True,False,False,False,False,False
1175,ATOMUSDT,1,2024-03-02 20:00:03,2024-03-03 07:26:18.817,11.437726944444444,12.128425199999999,11.51105920678812,11.508756994946763,-96.83975528994345,-1.0116989388312358,-93.14895835134591,2.13189466414316,-1.5589022744543757,0.284393377559662,1.0179135341267895,1.259503776608473,2.4555209487943737,2.4002310731261574,0.5273245626153277,0.0007672,5.071258396931215,with,True,1,5,20,Saturday,2024,0,3,WHIPSAW,True,False,False,True,False,False,False,False,True
1176,ETHUSDT,1,2024-03-04 00:00:03,2024-03-05 19:36:02.891,43.59996972222222,3492.478356,3372.2497600027696,3521.830997898308,20.28204653665119,0.11192342783564045,42.276610126132816,6.061625857451839,-15.932937732029789,2.790115290107247,0.6010080663477494,4.2490028246838,1.1268384334161399,2.5066884069756026,0.573903942647705,0.00041907,3.422912734722806,with,True,1,2,0,Monday,2024,0,3,WIN,True,False,False,False,False,False,False,False,True
1177,ATOMUSDT,1,2024-03-04 04:00:03,2024-03-05 19:38:13.374,39.636215,12.4214838,11.725775601043061,12.0715852,-51.69091294234333,-0.5700177473004853,-44.34128497346016,1.8623466668405397,-5.487281302042629,0.6964359493339659,0.5770864862623974,3.0149367265539784,0.6905275236184412,1.456175196249772,2.2484828861310677,0.00051539,5.5743630130209185,with,True,1,3,4,Monday,2024,0,3,WHIPSAW,True,False,False,False,False,False,False,False,True
1178,ETHUSDT,1,2024-03-08 12:00:03,2024-03-10 14:43:10.453,50.718736944444444,3955.4509319999997,3750.0107995260346,3870.685708,-41.9360274635258,-0.46649555195897724,-35.982837587999896,1.9933170022079998,-3.9598728733179,0.23305606077754923,0.6297257037467819,0.6969868363872211,1.5928720915842014,3.6371507842499122,0.4298708955190425,0.00057985,5.174887360075588,with,True,1,1,12,Friday,2024,0,3,LATE_ENTRY,True,False,False,False,False,False,False,True,False
1179,BTCUSDT,1,2024-03-11 08:00:03,2024-03-14 15:39:17.412,79.65400333333334,71238.14477999999,68547.35969473969,70609.67524000001,-64.57757881762198,-0.36031658086306567,-40.15920360599849,5.438445419566799,-18.979929792056698,0.9823360603859984,0.9804368228630863,0.46895429401339317,1.3404371444223482,1.9804663640665334,2.5675531346886156,0.00078428,3.7577892576081426,self,True,2,2,8,Monday,2024,0,3,CHOP,True,True,False,False,False,False,False,False,False
1180,ETHUSDT,1,2024-03-11 08:00:03,2024-03-12 17:22:19.464,33.37124,4014.172674,3832.626362482152,3831.859837209656,-93.46463203433552,-1.0417647624092752,-87.01791700003126,2.246946790560221,-4.19976824374404,0.4652659990379176,1.0037255644386138,0.42676342665537126,0.7181442278275664,1.5521431561998855,2.510482309120693,0.00067235,4.5035378626403135,with,True,2,2,8,Monday,2024,0,3,CHOP,True,True,False,False,False,False,False,False,False
1181,ATOMUSDT,1,2024-03-14 00:00:03,2024-03-14 13:56:12.753,13.9360425,14.1308256,13.337291413909615,13.334623955626833,-90.32318881411993,-1.0062804064381792,-87.56625684816083,1.8123900852767032,-0.9445418806824001,0.21697162266981423,1.0255709385497138,-0.33246910419804965,1.7806813088520754,1.8869151369369954,0.9343417176795226,0.00041721,5.596748202791516,with,True,1,2,0,Thursday,2024,0,3,FALSE_BREAKOUT,True,False,False,False,False,False,False,False,False
1182,LINKUSDT,1,2024-03-14 12:00:03,2024-03-14 15:39:16.737,3.6538158333333333,21.645328199999998,20.46630307229983,20.46220981168537,-89.25925798094883,-0.9956538471237989,-87.39305105412018,1.8662069268286552,0.0,0.2838546797156228,1.0206128535591399,-0.12326132546765849,1.5190989768882635,0.8514098969009781,1.8413842195884997,0.00071315,5.432478179928698,with,True,1,3,12,Thursday,2024,0,3,FALSE_BREAKOUT,True,False,False,False,False,False,True,False,False
1183,BTCUSDT,-1,2024-03-19 08:00:03,2024-03-20 20:05:03.208,36.08339111111111,64729.15158,68354.41123519411,66075.61248,-32.748247019987055,-0.37056769727436967,-31.911123329999956,1.8600437449331997,1.0229200549460997,1.0838262507267522,0.4578564235038564,0.6717178386135781,1.9493336928985845,1.8383797983130172,1.9959134248398778,-0.00029065,5.579539797433378,self,True,1,1,8,Tuesday,2024,0,3,GAVE_BACK,False,False,False,False,False,False,False,False,False
1184,BTCUSDT,1,2024-03-25 16:00:03,2024-03-27 14:03:06.747,46.05104083333333,69858.46889999999,66936.72022583957,69306.136,-42.120243346469046,-0.23857267818765915,-32.14577477999965,4.859628003107999,-5.1148405633614,0.6946289110863385,0.2931357195690703,0.6084476449744068,2.83780645724341,2.5059839353585156,2.943833204746417,0.00028815,4.163356614771132,self,True,5,5,16,Monday,2024,0,3,CHOP,False,True,True,False,False,False,False,False,False
1185,LINKUSDT,1,2024-03-25 16:00:03,2024-03-27 14:09:19.090,46.154469444444445,19.3268646,18.400983784811405,19.201158999999997,-17.194260675054895,-0.19465487751253335,-11.605128421440316,2.134141971569784,-3.454990282044795,1.5532619062930497,0.13378028572151662,0.5466528647068921,2.2197649685444985,2.07939747788654,1.8448141711599664,0.0001233,4.75681270801551,with,True,5,5,16,Monday,2024,0,3,GAVE_BACK,False,False,True,False,False,False,False,False,False
1186,XRPUSDT,1,2024-03-25 16:00:03,2024-03-26 14:32:17.826,22.537451666666666,0.6427285199999999,0.6157881137492799,0.6265746600000001,-108.8280227106633,-0.6160814422690373,-102.02474768047706,4.810008382003868,-1.9932666481823675,0.7747277381699553,0.6135215574025794,0.13628153806707846,0.7711922627494961,1.1605320458851636,1.5711360626620512,0.00017935,4.157492023458374,with,True,5,5,16,Monday,2024,0,3,CHOP,False,False,True,False,False,False,False,False,False
1187,ETHUSDT,1,2024-03-25 16:00:03,2024-03-27 09:03:14.710,41.05325277777778,3585.196896,3416.397114986495,3544.9208740000004,-24.896415144914876,-0.2819595963445745,-20.375639529799777,2.1642759479058,-2.3564996672093,0.5879930850861659,0.24305064706640528,0.5138816145327835,2.1958214244736785,1.948740943931814,1.9683977057516149,0.00022958,4.689184624087872,with,False,5,5,16,Monday,2024,0,3,CHOP,False,False,True,False,False,True,False,False,False
1188,LTCUSDT,1,2024-03-25 16:00:03,2024-03-26 14:32:08.500,22.534861111111113,91.21824,86.6273718204894,88.572282,-52.22398253554558,-0.5914922914662482,-49.31933414099988,2.0107232608914,-0.8939251336543,0.2595936004694975,0.6726919352167543,3.1718967808725784,0.7819659018107417,2.1745680977321182,1.5840632835943766,0.00023002,4.993011822231411,with,True,5,5,16,Monday,2024,0,3,WHIPSAW,False,False,True,False,False,False,False,False,True
1189,AXSUSDT,1,2024-03-25 20:00:03,2024-03-27 18:57:16.000,46.95361111111111,11.0011998,10.396744575697923,10.7808434,-34.35707088320381,-0.3859435234247824,-31.534631477360005,1.8703029414238082,-0.9521364644200002,1.5332818093682838,0.38249284761654784,0.7358695600878953,2.0687754303143584,2.284272870972102,0.9173560725803024,0.0001,5.484140220927977,with,True,1,6,20,Monday,2024,0,3,GAVE_BACK,False,False,False,False,False,False,False,False,False
1190,LTCUSDT,1,2024-03-26 20:00:03,2024-04-01 14:51:16.923,138.8538675,95.26905,90.07200968069657,101.139768,18.94261229597685,0.21568866132969355,36.386818384200254,2.78043936976404,-14.66376671845936,3.4117399347743635,0.5732204903115466,2.834488303907259,1.5325106106366506,2.618038959837616,4.839618855800112,0.0003477,5.426281309642401,with,True,1,5,20,Tuesday,2024,1,3,WIN,True,True,False,False,False,False,False,False,True
1191,XTZUSDT,1,2024-03-27 04:00:03,2024-03-27 14:12:17.777,10.204104722222223,1.3912782,1.3224765884986835,1.3287342,-80.06927064144614,-0.9054530375805607,-77.86783664159992,2.031863787666216,-0.16957021218000004,0.1558364661239783,0.9197197364888634,0.809890913658818,0.5253678883064429,2.36415549737899,3.743031927065857,0.00017415,4.926197807427492,with,True,1,6,4,Wednesday,2024,0,3,FALSE_BREAKOUT,False,True,False,False,False,False,False,False,False
1192,ATOMUSDT,1,2024-03-27 16:00:03,2024-03-29 07:42:16.666,39.70379611111111,12.469493400000001,11.83930267426055,12.1065782,-52.67811447448008,-0.6059077758450176,-48.53116174368021,1.9718743759046635,-2.1750783548952146,0.5101734869594452,0.5752122098824293,0.6085564010006665,1.0419034352736225,0.9558747112602008,7.366869329559201,0.00033492,5.034870664469807,with,False,2,4,16,Wednesday,2024,0,3,CHOP,True,True,False,False,False,True,False,False,False
1193,XRPUSDT,-1,2024-03-27 16:00:03,2024-03-28 16:48:15.744,24.80354,0.61147768,0.6392172707389443,0.6356270999999999,-73.0649401825435,-0.840482652276378,-73.1027092819996,2.2650665277227997,2.3028356271789,0.28398688625713336,0.9020435894488702,0.08931927018380857,1.6728662450649554,1.6656243998482247,2.2401337051946153,-0.00032618,4.515577295445438,against,True,2,4,16,Wednesday,2024,0,3,FALSE_BREAKOUT,False,False,False,False,True,False,False,False,False
1194,XTZUSDT,1,2024-03-29 00:00:03,2024-03-30 08:41:10.000,32.68527777777778,1.4162831999999999,1.3427661287053896,1.3857228,-38.52345486926367,-0.4451194960694523,-34.900780538519925,1.9199787268546795,-1.702695603889065,0.41781860266041554,0.42552293568165167,0.00975011636586691,0.6091325192933831,1.841241478773179,0.3706806891791662,0.00025624,5.104867229301091,with,True,1,3,0,Friday,2024,0,3,CHOP,False,False,False,False,False,False,False,False,False
1195,FILUSDT,1,2024-03-29 12:00:03,2024-04-01 14:43:19.512,74.72125333333334,9.576915,9.038840920516735,9.403119,-36.319507672525255,-0.4174408745154383,-27.324224499599904,1.7904257060900397,-7.204857466835312,1.5724321840824078,0.32135909643902083,-0.21542572745990193,1.5331270726445971,0.9381544009005272,1.7751260883140731,0.00039084,5.599572631679003,with,True,1,3,12,Friday,2024,0,3,GAVE_BACK,True,False,False,False,False,False,False,False,False
1196,SOLUSDT,1,2024-03-30 00:00:03,2024-04-01 05:50:17.135,53.83725972222222,192.23844,181.95234686139574,193.4613,2.629573902398066,0.030087774531806926,10.088472713999977,1.9091905710155999,-5.549708240586311,1.216842957898629,0.1339128453766767,0.7057645601860707,0.4582512636292816,0.7125533916143624,1.0748981473927246,0.00052381,5.331765420709806,with,True,1,4,0,Saturday,2024,0,3,WIN,True,False,False,True,False,False,False,False,False
1197,ATOMUSDT,1,2024-03-30 04:00:03,2024-03-31 20:38:12.307,40.63591861111111,12.673534199999999,12.096630499859247,12.2235548,-71.65821282181082,-0.8217088131032146,-65.71044678405976,2.18143165017666,-3.7663343875744095,0.31108450154889816,0.7844189591600644,-0.44987438967141025,1.6198286488456612,0.7838441208469875,0.6041071429831297,0.00057079,4.540479009949137,with,True,1,5,4,Saturday,2024,0,3,CHOP,True,False,False,True,False,False,False,False,False
1198,ETHUSDT,1,2024-03-31 08:00:03,2024-04-01 05:50:13.168,21.836157777777778,3630.906036,3511.0948627912608,3510.3926438187027,-178.34337048800373,-1.0279474235323984,-166.4410459415895,5.917708564018566,-5.984615982395679,0.2518459939243727,1.0926029058402669,-0.4724604098599278,2.266971983637474,1.068401036372377,1.7029805264327011,0.00065366,3.2801531941683026,with,True,1,5,8,Sunday,2024,0,3,FALSE_BREAKOUT,True,False,False,True,False,False,False,False,False
1199,BTCUSDT,1,2024-03-31 20:00:03,2024-04-01 05:48:15.333,9.803425833333334,71149.32702,69541.23985583248,69563.28456,-173.77444115917768,-0.9991944683156426,-160.1902884599997,8.527184261748,-5.05696843743,0.21527003492948799,1.0318638547550403,-0.6245476255137707,1.493732062196403,1.265732133012028,1.2540943289942041,0.00040301,2.2406099719653554,self,True,1,6,20,Sunday,2024,0,3,FALSE_BREAKOUT,True,False,False,True,False,False,False,False,False
1201,DOTUSDT,1,2024-04-01 04:00:03,2024-04-01 05:48:07.080,1.8011333333333333,9.676935,9.357621927719856,9.355750403334312,-173.23809906386813,-0.9934528510773727,-167.29015343787165,5.947945625996477,0.0,0.2476096560513928,1.493628170604836,-0.9299180828384273,1.3066226484151788,0.7035660414543271,0.8548926376547424,0.00073797,3.290389337330958,with,False,1,6,4,Monday,2024,0,3,FALSE_BREAKOUT,True,False,False,False,False,True,True,False,False
1202,ETHUSDT,-1,2024-04-02 12:00:03,2024-04-04 13:16:09.336,49.26842666666667,3310.447778,3455.1379547863758,3370.674,-69.71051706961298,-0.4144986997202337,-67.53166272859976,4.49492510980284,2.31607076878962,0.7417765351027382,0.4432382586323483,0.7080492973013423,3.1866600763718713,2.2030998737147836,2.274018995826465,-0.0001,4.350154171917962,with,True,2,2,12,Tuesday,2024,0,3,LATE_ENTRY,False,False,False,False,False,False,False,True,False
1203,ADAUSDT,-1,2024-04-02 12:00:03,2024-04-04 17:53:11.111,53.88558638888889,0.58558286,0.6161620765995228,0.5952190199999999,-26.402539658095247,-0.31403542681815344,-25.706201908575714,1.8900017148722805,1.193663965352747,0.8595007630251125,0.3243098124415246,0.8529603731054081,2.7575270427005614,2.357029067451195,2.5767496756968855,-0.0001,5.200969199167287,with,True,2,2,12,Tuesday,2024,0,3,CHOP,False,True,False,False,False,False,False,False,False
1204,BTCUSDT,-1,2024-04-02 16:00:03,2024-04-04 13:10:20.000,45.17138888888889,64915.21436,67407.20360968294,66953.38799999999,-135.48154109203958,-0.8029464401653738,-132.48128659999958,5.142875492039999,2.142621,0.16661964334429866,0.8125178069117343,-0.42166539848985884,2.7049861776826623,2.5369683498118674,3.1689343762894997,-0.00016456,3.8179093087034985,self,True,1,3,16,Tuesday,2024,0,3,FALSE_BREAKOUT,False,True,False,False,False,False,False,False,False
1205,DOTUSDT,-1,2024-04-05 12:00:03,2024-04-06 22:29:10.000,34.485277777777775,8.1303736,8.573049455115434,8.5047006,-69.45816274115275,-0.834572620044947,-68.36693354919986,1.8229339787149916,0.731704786762092,0.11153443186352698,0.8485360013639098,-0.749140474159186,1.5508464914007845,3.6617208824740652,1.086527556483172,-0.0001,5.4236283216359515,with,True,2,2,12,Friday,2024,0,3,LATE_ENTRY,False,False,False,False,False,False,False,True,False
1206,LINKUSDT,-1,2024-04-05 12:00:03,2024-04-06 23:09:09.655,35.15184861111111,16.9876018,17.871688081014558,17.6805354,-64.54140458538588,-0.77556820736151,-63.27973575239999,1.8995677747858801,0.6378989418000001,0.13528294983013348,0.7967527775588245,-0.29114601767670967,1.9984374013242754,2.532111025541561,0.8091538959226654,-0.0001,5.183262203605196,with,True,2,2,12,Friday,2024,0,3,FALSE_BREAKOUT,False,False,False,False,False,False,False,False,False
1207,BTCUSDT,1,2024-04-07 00:00:03,2024-04-09 14:42:18.141,62.70420583333333,68915.2803,66666.99215382284,68887.11981999999,-13.565933637021715,-0.08205142066850384,-1.9740496480004148,5.795968949047199,-5.7959150399740995,1.7680650528532222,0.04211217328213946,1.110587050083235,0.9629430075085385,1.608872897385761,0.8295555724131306,0.0001,3.2431871628193916,self,True,1,1,0,Sunday,2024,0,3,GAVE_BACK,False,False,False,True,False,False,False,False,True
1208,ETHUSDT,1,2024-04-08 00:00:03,2024-04-09 15:10:15.394,39.17010944444444,3456.6911999999998,3342.7159142806795,3484.487984425544,28.878179490194334,0.17436055257528038,38.52356353536149,5.771868139017216,-3.8735159061499393,2.4445545211102795,0.43308687219752656,1.4481104298914003,1.8157727665059213,2.1345570654096964,1.0140059613231944,0.0001,3.277616130814049,with,True,1,2,0,Monday,2024,0,3,WIN,False,False,False,False,False,False,False,False,True
1209,XRPUSDT,1,2024-04-08 12:00:03,2024-04-10 12:36:18.000,48.604166666666664,0.6082216199999999,0.5882663028336543,0.60097978,-69.9198748068994,-0.41354136990670143,-58.505014175815546,5.861301413597915,-5.553559217485946,1.7879134519681459,0.5422925584089643,0.6854503932951033,1.0438996720356941,1.8242906889944228,2.2711824672121597,0.0001,3.2456738760436963,with,False,1,3,12,Monday,2024,0,3,GAVE_BACK,False,False,False,False,False,True,False,False,False
1210,XTZUSDT,1,2024-04-08 16:00:03,2024-04-09 15:11:12.026,23.185840555555554,1.3242648000000001,1.271392127536961,1.2711378491114538,-168.9365646166817,-0.9992070834931929,-163.33810391838895,4.787718555502758,-0.8107421427900001,0.2597788112488851,1.045243174319085,-0.15631515516409025,2.0909418087052236,2.147967494397178,1.9544713648270504,0.0001907,3.973404264579978,with,True,1,4,16,Monday,2024,0,3,FALSE_BREAKOUT,False,False,False,False,False,False,False,False,False
1211,SOLUSDT,-1,2024-04-09 16:00:03,2024-04-11 18:41:06.000,50.68416666666667,172.495494,181.34292488333784,176.1932316,-32.778648906503335,-0.3971043218160306,-33.45528093599984,1.8928567469195996,2.5694887764160996,1.1534980193199122,0.6052046148316349,6.733988067903737,2.0433575550486855,0.889615024382941,1.923912299101085,-0.00011397,5.108662823837062,against,True,2,3,16,Tuesday,2024,0,3,GAVE_BACK,False,False,False,False,True,False,False,False,True
1212,LTCUSDT,-1,2024-04-09 16:00:03,2024-04-11 19:10:12.500,51.16930555555555,98.05038599999999,103.30277606002073,98.41968,-6.457834520278382,-0.07824289212426148,-5.634761710800163,1.7986677366247195,0.9755949271465001,0.8701535772805751,0.11225632393297214,5.239592963491995,1.8730534906656218,0.9727670878202308,1.8702357652967687,-0.0001,5.346498123618942,against,False,2,3,16,Tuesday,2024,0,3,WHIPSAW,False,False,False,False,True,True,False,False,True
1213,AVAXUSDT,-1,2024-04-10 00:00:03,2024-04-15 13:27:07.769,133.4513247222222,46.490700000000004,48.80257876030766,38.5046994,275.9968486172126,3.3531728902665945,275.46032009574014,1.7590426871785558,2.295571208651019,7.76887625266727,0.6744730851683965,6.177529827774983,2.958422147127687,1.2390455645559777,0.6780288726805418,-0.00021691,4.951782280231528,against,True,1,4,0,Wednesday,2024,0,3,WIN,False,False,False,False,True,False,False,False,True
1214,ALGOUSDT,-1,2024-04-10 04:00:03,2024-04-19 06:54:15.000,218.90333333333334,0.22765446000000003,0.23934615830621586,0.17633526000000002,304.0641152851939,3.7029254985162536,303.63955730697,2.4216657154750334,2.8462236936989407,7.351751452079703,0.6197166408363372,4.820040555617097,2.5289797026496874,1.4463685285701973,2.086270030644242,-0.0001,5.068550617302836,against,True,2,6,4,Wednesday,2024,1,3,WIN,False,False,False,False,True,False,False,False,True
1215,ADAUSDT,-1,2024-04-10 04:00:03,2024-04-19 07:01:08.750,219.0182638888889,0.5827834199999999,0.6090394249098257,0.46069212,331.7235993863978,4.040166265710831,330.2543630613779,2.6140261307797976,4.0832624557996615,7.140592052899812,0.4652870854479561,4.946808185254185,1.9665065136651643,1.1738062135830867,1.7611806550253317,-0.00020111,4.502303519187653,against,True,2,6,4,Wednesday,2024,1,3,WIN,False,False,False,False,True,False,False,False,True
1216,DOTUSDT,-1,2024-04-10 16:00:03,2024-04-15 08:05:20.000,112.08805555555556,8.3153366,8.741298077856058,7.1604318,214.43318020629664,2.605123994991951,216.4124134004001,1.73996075971092,-0.23927243439255497,6.353477346405802,0.5438599780571819,4.686659953496095,2.6428522923642705,1.4248829974846484,2.6773585652554712,-0.00015386,5.1142145004335875,against,True,1,6,16,Wednesday,2024,0,3,WIN,False,True,False,False,True,False,False,False,True
1217,AXSUSDT,-1,2024-04-12 16:00:03,2024-04-17 18:13:04.285,122.21702361111112,9.1071782,9.579602636273966,7.093418399999999,326.9842109144234,3.962255321906495,341.2452916766401,1.6471807547561275,-12.613900007460598,6.977154327572704,0.010206499981309118,5.626673804101192,1.954844221667526,3.2751093822708564,1.6787146673124547,-0.0001,5.154803910800963,against,True,2,6,16,Friday,2024,0,3,WIN,False,False,False,False,True,False,False,True,True
1218,SOLUSDT,-1,2024-04-12 16:00:03,2024-04-15 06:15:08.937,62.25164916666667,167.42750780000003,176.10798214258904,153.1196178,131.10593320057325,1.5888471422857318,131.9387768460004,1.7735359584047037,0.940692312977544,6.279669249473516,0.059385257032651274,4.727334726245032,1.4079585039886255,1.407149066609525,1.5014712459620345,-0.00025596,5.164207657105591,against,True,2,6,16,Friday,2024,0,3,WIN,False,False,False,False,True,False,False,False,True
1221,LINKUSDT,1,2024-04-22 04:00:03,2024-04-24 00:19:16.216,44.32033777777778,15.8271648,14.938427827173948,15.0849824,-73.31775997201261,-0.8362043620569063,-71.19221391872007,1.7791078280616959,-0.346438225230836,0.22822860554007884,0.8395788887091159,-0.22634908431943193,2.048393180886809,3.393286388404001,2.1925425634794484,-1.686e-05,5.596386329790523,with,False,1,1,4,Monday,2024,0,3,LATE_ENTRY,False,False,False,False,False,True,False,True,False
1222,DOTUSDT,1,2024-04-22 08:00:03,2024-04-23 21:48:12.280,37.80257777777778,7.4344866,7.027636160879323,7.2535490000000005,-39.74313543718092,-0.453767540547488,-37.84489032223982,1.8432888343754636,-0.054956280565630976,0.36994773884306037,0.4952350559961836,0.15365204013324937,1.2383936393757955,2.6519385703764584,1.1483243836984152,-1.276e-05,5.453569744661327,with,False,1,2,8,Monday,2024,0,3,CHOP,False,False,False,False,False,True,False,False,False
1223,XRPUSDT,1,2024-04-22 20:00:03,2024-04-24 13:02:05.454,41.034015,0.5511102,0.5274086137494924,0.54009196,-84.13883901222485,-0.48056437223006154,-78.47221048524769,4.6629432058918985,-1.0036853210852685,0.8518332818153757,0.5278212127988745,-0.4181239135329079,2.3907030897256636,3.446173070827957,1.7365548803428337,-5.65e-06,4.281558303177419,with,False,2,4,20,Monday,2024,0,3,LATE_ENTRY,False,False,False,False,False,True,False,True,False
1224,BTCUSDT,1,2024-04-22 20:00:03,2024-04-24 14:22:13.817,42.36967138888889,66508.89912,64199.131791365035,65736.85,-62.103512622558114,-0.35501608618778896,-55.896356287999716,5.7447553417728,-0.4624009927856,0.30873277631016993,0.3527191288489988,-0.2593330993013941,1.7319638848230297,2.887303196738464,1.067341116632524,8.98e-06,3.4535641585833816,self,False,2,4,20,Monday,2024,0,3,CHOP,False,False,False,False,False,True,False,False,False
1225,AXSUSDT,1,2024-04-24 08:00:03,2024-04-24 16:29:08.593,8.484886944444444,8.0176032,7.61096166542379,7.609439473090706,-85.70554710227697,-0.9831040199370913,-84.82878981267658,1.948663780116746,1.07190649051635,0.9231639369825535,1.0490890962345834,-0.5793879374509516,2.0638445403797614,2.647533270773561,2.476154966492648,-0.00013448,5.064716659301593,with,False,2,4,8,Wednesday,2024,0,3,CHOP,False,False,False,False,False,True,False,False,False
1226,LTCUSDT,1,2024-04-24 08:00:03,2024-04-24 16:30:19.285,8.50452361111111,86.877372,83.72994703503944,83.873222,-165.25008860851386,-0.9478639531647162,-159.36505044499975,5.434817241414119,-0.45022092210000003,0.2518338034501619,0.9523251652919288,0.5441362444113027,1.6666383738988013,2.083297967373506,1.0777819290612924,3.595e-05,3.592461675256825,with,False,2,4,8,Wednesday,2024,0,3,FALSE_BREAKOUT,False,False,False,False,False,True,False,False,False
1227,ETHUSDT,1,2024-04-24 12:00:03,2024-04-24 15:42:14.545,3.7032069444444446,3280.80603,3174.3901769928193,3173.755298957421,-173.2180873788716,-0.9933580453345451,-167.17042159609164,6.047665782779945,0.0,0.11815880477085902,1.0217089552687557,-0.8319815844921701,1.919821669767867,2.329996335028556,1.0250113995120826,1.937e-05,3.224237397898902,with,True,1,5,12,Wednesday,2024,0,3,FALSE_BREAKOUT,False,False,False,False,False,False,True,False,False
1228,LTCUSDT,1,2024-04-26 16:00:03,2024-04-27 16:56:16.805,24.937168055555556,86.977392,83.27369470830457,83.25703996936292,-170.1181314804054,-0.9993298376399643,-164.80527035877026,4.524657562625056,-0.78820355901006,0.41110487172211907,1.0495976571077932,-0.36649647449417355,1.7849850946484396,0.9657366165575098,3.8294293915151907,5.432e-05,4.23908152218884,against,False,1,1,16,Friday,2024,0,3,CHOP,False,True,False,False,True,True,False,False,False
1229,LINKUSDT,-1,2024-04-27 04:00:03,2024-05-02 10:49:08.363,126.8181563888889,14.1631668,14.928175363319355,13.513702199999999,68.86470516272233,0.807884126367735,70.28440954740019,1.7970978517865999,0.37739346710874,2.313917627692021,0.3540263638682157,1.034193390681991,1.162889568191157,1.6206786742211587,1.8057566830132132,-0.0001,5.365438758606399,with,True,2,3,4,Saturday,2024,0,3,WIN,False,False,False,True,False,False,False,False,True
1230,ADAUSDT,-1,2024-04-27 04:00:03,2024-04-28 03:00:20.000,23.004722222222224,0.45850828,0.4821956366370152,0.47579514,-61.968567992330456,-0.7272966979865284,-60.31329444573605,1.955852616569515,0.3005790699751068,0.3549691140657178,0.7257762131691495,1.4146061341280292,1.1985328959525015,2.0256894016098603,1.9140498008524918,-7.556e-05,5.168077783427517,with,True,2,3,4,Saturday,2024,0,3,WHIPSAW,False,False,False,True,False,False,False,False,True
1231,ETHUSDT,1,2024-04-27 20:00:03,2024-04-29 12:33:08.264,40.55146222222222,3236.4771659999997,3123.8088473138628,3144.17104,-139.73503590697146,-0.828143491162013,-132.16391120679927,5.4814872608104785,-2.08963743936172,1.1468426573396553,0.9568543070241499,0.12002339395576891,1.8417950097163394,1.030876733821454,2.1595059604058036,2.355e-05,3.4618985758255922,against,True,1,3,20,Saturday,2024,0,3,GAVE_BACK,False,False,False,True,True,False,False,False,False
1232,XRPUSDT,-1,2024-04-29 00:00:03,2024-05-01 18:54:13.750,66.9029861111111,0.5097980200000001,0.526916954187044,0.51970392,-97.60115802795998,-0.5775369342552984,-93.34201783889917,5.820518384921844,1.561378195861029,1.9042085005894325,0.6017886328342077,0.19265334885720617,0.9049798119410095,1.4279876253354884,1.207191416644605,0.00012216,3.337312058647579,with,True,1,3,0,Monday,2024,0,3,GAVE_BACK,False,False,False,False,False,False,False,False,False
1233,AVAXUSDT,-1,2024-04-29 04:00:03,2024-04-29 14:47:16.795,10.787165277777778,33.306337400000004,35.10413862418899,35.11115945191383,-83.8978894339075,-0.9966284564202,-82.07753149047458,1.8668452925010686,0.04648734906816,0.2766364786654109,1.0088226526924087,1.527052803759472,1.8375460098247105,1.9492661392786594,1.0494136718835678,-3.092e-05,5.402007579009127,with,True,3,6,4,Monday,2024,0,3,WHIPSAW,False,False,True,False,False,False,False,False,True
1234,ATOMUSDT,-1,2024-04-29 04:00:03,2024-04-30 22:10:08.125,42.16809027777778,8.047390199999999,8.388483844516632,8.2296456,-91.75157367818284,-0.5446193250892314,-86.74312716558035,4.648161819989196,-0.360284692613298,1.2354091223164088,0.6409084528965507,-0.06628619548758238,2.4625619554601377,1.0191943021401983,1.4034463297378441,-3.272e-05,4.217714554809688,with,True,3,6,4,Monday,2024,0,3,GAVE_BACK,False,False,True,False,False,False,False,False,False
1235,BTCUSDT,-1,2024-04-29 04:00:03,2024-04-29 22:57:15.942,18.953595,62247.44802,63885.00187275687,63897.778873131414,-166.49921584230438,-0.9891249398915987,-159.9170596684337,7.33408349156666,0.751927317696,0.31830893324361326,1.0085481935263174,3.4867543503302185,2.128974224939332,1.727214796225849,1.1735484924812207,-2.472e-05,2.610190303480836,self,True,3,6,4,Monday,2024,0,3,WHIPSAW,False,False,True,False,False,False,False,False,True
1236,ADAUSDT,-1,2024-04-30 12:00:03,2024-05-01 18:44:19.255,30.73784861111111,0.4314137,0.45315535441150595,0.45324598548238826,-83.48508265047334,-0.9931939801944681,-81.8102327122307,1.9890051767276344,0.3141552384849886,0.6123591033143373,1.0020534586581606,-0.312133560379314,1.9856521016877575,2.0826258089794845,2.8321326847304804,-0.0001,5.018622111588864,with,True,3,6,12,Tuesday,2024,0,3,CHOP,False,True,True,False,False,False,False,False,False
1237,DOTUSDT,-1,2024-04-30 12:00:03,2024-05-01 12:54:15.812,24.903558888888888,6.2667464,6.593603268240888,6.594921988894536,-84.76190131656374,-1.0084859681705316,-81.87610104503237,1.9253045557058353,-0.960495715825533,0.7243121470083997,1.0134515507744248,-0.5055839912111358,1.4434744544771725,2.0085793472937703,2.679334749290044,7.527e-05,5.194691580103514,with,True,3,6,12,Tuesday,2024,0,3,CHOP,False,True,True,False,False,False,False,False,False
1238,LTCUSDT,-1,2024-04-30 12:00:03,2024-05-02 18:35:18.181,54.58755027777778,79.644068,83.35928443811864,80.86617,-27.86134100509072,-0.3315238713828602,-26.727859580799837,2.10625386549312,0.9727724412022399,1.3872860668677507,0.3272842969589512,0.09799375246745129,2.0598578258760076,2.3355868261901214,1.697696621491459,-6.9e-05,4.643841875619681,with,True,3,6,12,Tuesday,2024,0,3,GAVE_BACK,False,False,True,False,False,False,False,False,False
1239,BTCUSDT,-1,2024-05-01 08:00:03,2024-05-03 02:12:08.696,42.20158222222222,57470.503600000004,60023.137028546866,59649.22746,-142.0449264841914,-0.8458517809366463,-138.34896510999988,4.462261753386,0.7663003791945,0.3654279496492467,0.8969154655720929,-0.5279631555899497,4.440374475379025,2.6625876227812464,2.726396553995492,-8.946e-05,4.420752633079688,self,True,1,6,8,Wednesday,2024,0,3,LATE_ENTRY,False,True,False,False,False,False,False,True,False
1240,ATOMUSDT,1,2024-05-05 16:00:03,2024-05-07 22:12:10.909,54.202196944444445,9.1928382,8.810031336810972,9.078184,-53.196018083670104,-0.3281152374628569,-46.761532023280154,4.471084302380688,-1.9634017580092644,0.8180673601072868,0.33394960303226123,0.38442832182800085,2.1891564335468425,2.9083756934890808,1.3768918792558762,9.348e-05,4.145018639854522,with,True,2,2,16,Sunday,2024,0,3,CHOP,False,False,False,True,False,False,False,False,False
1241,LINKUSDT,1,2024-05-05 16:00:03,2024-05-07 03:30:08.780,35.50160555555556,14.507901,13.972562476211875,14.202159,-95.4129617449633,-0.5886541043586022,-88.72363787040011,4.9988440580832,-1.69047981648,1.2218418270583455,0.6517390109180462,0.39619603405179976,0.9223198182725084,3.916109960104198,0.859404770611145,6.235e-05,3.677357809100549,with,True,2,2,16,Sunday,2024,0,3,GAVE_BACK,False,False,False,True,False,False,False,True,False
1242,DOTUSDT,1,2024-05-05 20:00:03,2024-05-07 23:02:18.125,51.03753472222222,7.281456,6.972750215089743,7.0165964,-139.4867716938438,-0.8620893929938005,-133.77144630380016,4.332871790659319,-1.3824535993843299,0.6139956206363325,0.863138991961103,-0.30597418194627934,0.5942861316729855,2.3477567509498645,1.0400381305332123,-3.68e-06,4.207305741314149,with,True,1,3,20,Sunday,2024,0,3,CHOP,False,False,False,True,False,False,False,False,False
1243,AVAXUSDT,1,2024-05-06 08:00:03,2024-05-07 03:27:15.806,19.453557222222223,38.2586502,36.46746716096241,36.634671600000004,-74.03492355519177,-0.9049905081147448,-71.71976691179972,1.9845082623920396,-0.330648381,0.896251117285344,0.9170755663712628,-0.43638767393643074,1.465330647939276,3.2997989552752087,1.0821037959884514,0.0001,4.660216572647305,with,True,3,6,8,Monday,2024,0,3,LATE_ENTRY,False,False,True,False,False,False,False,True,False
1244,LTCUSDT,1,2024-05-06 08:00:03,2024-05-06 12:54:11.128,4.902257777777778,83.296656,80.5331474860042,80.517040856507,-162.53103129843095,-0.9934824938828151,-156.98015503633914,5.550876262091795,0.0,0.2653670130871601,1.0337062417330913,-0.20143089741928308,1.5144606340543958,1.3834015407227707,2.3875062670976033,9.889e-05,3.2983339505233,with,True,3,6,8,Monday,2024,0,3,FALSE_BREAKOUT,False,False,True,False,False,False,True,False,False
1245,SOLUSDT,1,2024-05-06 08:00:03,2024-05-08 00:32:10.618,40.535449444444446,148.669728,141.75996826139323,147.495495,-15.961293931752811,-0.195188108521354,-13.434047483099848,2.0330024800656594,-0.494243968587304,1.523102451912754,0.2271754821270394,1.017440875797735,0.8893693520360285,2.869735269457869,0.9015148118006745,5.22e-05,4.628012660611811,with,True,3,6,8,Monday,2024,0,3,GAVE_BACK,False,False,True,False,False,False,False,False,True
1246,XRPUSDT,1,2024-05-06 16:00:03,2024-05-06 23:30:11.669,7.502408055555556,0.55931184,0.5394831214693102,0.5393752248450163,-160.40377002137112,-0.993833601640487,-155.26971415934352,5.1340558620276004,0.0,0.5390242432186126,1.029407925096503,-0.7671620320020143,2.8199189802512294,2.4395342257209354,3.377621769643929,0.0001,3.5259081778772856,with,True,1,6,16,Monday,2024,0,3,CHOP,False,True,False,False,False,False,True,False,False
1247,ADAUSDT,-1,2024-05-08 00:00:03,2024-05-08 15:01:07.946,15.018040555555556,0.44111175999999996,0.4595549162911312,0.45964682727438944,-156.29009841316122,-0.9966434394906271,-151.78931169146716,4.425951865353395,-0.07483485634065659,0.28800710226341286,1.0620871878323466,0.049436223692276654,1.365489802417053,1.8585833421787723,0.972994640333149,-1.079e-05,4.183839558179824,against,True,2,3,0,Wednesday,2024,0,3,FALSE_BREAKOUT,False,False,False,False,True,False,False,False,False
1248,ETHUSDT,-1,2024-05-08 00:00:03,2024-05-09 22:38:08.393,46.63483138888889,3003.94909,3121.0411336867146,3035.5969979999995,-43.57232463397314,-0.27775894830741393,-40.727692805199304,4.663375116388319,1.81874328761448,0.6260808821147766,0.306433373867835,1.0841820332358238,0.9777568162939901,1.7973900104972391,1.0619382757625477,-7.764e-05,3.8771574341154107,against,True,2,3,0,Wednesday,2024,0,3,WHIPSAW,False,False,False,False,True,False,False,False,True
1249,LINKUSDT,1,2024-05-09 20:00:03,2024-05-10 16:05:03.896,20.083582222222223,14.2498494,13.64682080148365,13.7062582,-140.06332037233977,-0.9006261116080035,-135.08186960879996,4.16823886949544,-0.81321189404436,0.19261209217235783,0.999702835791218,-0.6896014567520133,0.9481365978841289,-0.538940803007823,0.706489291223866,0.0001,4.219393588688595,with,False,2,3,20,Thursday,2024,0,3,FALSE_BREAKOUT,False,False,False,False,False,True,False,False,False
1250,AXSUSDT,1,2024-05-09 20:00:03,2024-05-11 11:15:03.750,39.25020833333333,7.3524702,7.014485941893434,7.0365924,-70.77335330252,-0.9103819814021692,-70.211737995,1.9189973336489998,1.3573820261290002,1.1436325530821843,0.9688918703922261,-0.5546713952011659,0.4041435914006637,-0.20801508380916717,0.6840352530456462,5.431e-05,4.577799729377854,with,True,2,3,20,Thursday,2024,0,3,GAVE_BACK,False,False,False,False,False,False,False,False,False
1251,SOLUSDT,1,2024-05-10 00:00:03,2024-05-11 02:06:18.193,26.104220277777777,152.49049200000002,143.98824389530222,143.95944624652316,-77.65524445979531,-0.9991118764513781,-75.81199119284746,1.5806592127329313,-0.262594054214928,0.37748933699389486,1.0152011437105437,-0.20118114396766518,2.4415766130404846,0.6884863556354356,0.9278029136867916,2.012e-05,5.556087934918753,with,True,4,6,0,Friday,2024,0,3,CHOP,False,False,True,False,False,False,False,False,False
1252,FILUSDT,1,2024-05-10 00:00:03,2024-05-10 14:52:16.775,14.870493055555556,5.918183399999999,5.668965357752117,5.667831564680567,-154.960618354939,-0.9969519497459935,-150.42605327746477,4.176934038754208,-0.35763103872,0.2239669307107525,1.023936299708924,-0.7470703096801213,1.7336288032308926,-0.7418318599871774,0.4851882237256694,5.23e-06,4.191898635252372,with,False,4,6,0,Friday,2024,0,3,FALSE_BREAKOUT,False,False,True,False,False,True,False,False,False
1253,LTCUSDT,1,2024-05-10 00:00:03,2024-05-10 14:51:19.333,14.854536944444444,83.036604,80.36097266782528,80.363924,-153.76663836859245,-0.9895094578087429,-147.88232434799997,5.42467857289248,-0.45963544770000003,0.1582415315998958,0.9966260926659924,-0.1930774220602777,1.0229304404236486,0.9740403826092846,0.6236269418836161,0.0001,3.202875610906666,with,True,4,6,0,Friday,2024,0,3,FALSE_BREAKOUT,False,False,True,False,False,False,False,False,False
1254,BTCUSDT,1,2024-05-10 00:00:03,2024-05-10 14:52:11.668,14.869074444444445,63062.61,61039.84499869942,61027.637029699676,-154.47263423684157,-0.9950573911543901,-148.75652412895374,5.4425982347226265,-0.2735118731652,0.1897847746788027,1.0790230197757231,0.11206937031946207,1.8825472378139019,0.024971956277944334,0.9645159859244974,1.026e-05,3.188345460674262,self,False,4,6,0,Friday,2024,0,3,FALSE_BREAKOUT,False,False,True,False,False,True,False,False,False
1255,LINKUSDT,-1,2024-05-12 00:00:03,2024-05-13 08:07:17.826,32.120785,13.2963402,13.793554522640962,13.6307256,-100.57810438042623,-0.6717224517478473,-96.5654543004601,4.6656780026078515,0.653027922641725,0.4672838038251201,0.6770919192589331,0.9298609853880957,1.0231430041280751,2.456756422955752,0.7064697318325482,-7.071e-05,3.7187346615607355,with,True,5,5,0,Sunday,2024,0,3,CHOP,False,False,True,True,False,False,False,False,False
1256,ALGOUSDT,-1,2024-05-12 00:00:03,2024-05-15 12:55:05.000,84.91722222222222,0.17876424,0.18620414439199107,0.17883575999999998,-2.8026841271050187,-0.01872308756022355,-1.385713924943837,4.157141774832,2.740171572670818,1.2317685170612045,0.34083233686842784,1.1376812864842172,1.188523553041298,2.40405900501535,0.7992807960303288,-9.41e-05,4.141020353462569,with,True,5,5,0,Sunday,2024,0,3,GAVE_BACK,False,False,True,True,False,False,False,False,True
1257,ATOMUSDT,-1,2024-05-12 00:00:03,2024-05-13 09:26:12.941,33.43609472222222,8.496300399999999,8.835760921741688,8.661732,-73.42560573293002,-0.49063269460720005,-70.12415574076067,4.363830862625783,1.0623808704564328,0.7078890905106618,0.49990967765357275,1.520943871030975,0.817146040983031,2.457359471072166,0.6366865146972813,-0.0001,3.9745931012201474,with,True,5,5,0,Sunday,2024,0,3,WHIPSAW,False,False,True,True,False,False,False,False,True
1258,ADAUSDT,-1,2024-05-12 00:00:03,2024-05-13 08:00:20.000,32.00472222222222,0.43861226,0.4551553174387076,0.44548908,-64.47280713906571,-0.43091855831548237,-59.66366716973605,4.602307004756058,-0.2068329645735864,0.8470175511338057,0.4103074673559451,0.8167933920354945,1.0761026232573527,1.6508392515879906,0.44542359395469405,-4.96e-06,3.727282916751954,with,True,5,5,0,Sunday,2024,0,3,CHOP,False,False,True,True,False,False,False,False,False
1259,AXSUSDT,-1,2024-05-12 00:00:03,2024-05-15 12:32:06.666,84.53435166666667,7.003599,7.312477875341253,6.8603718,54.50054921596196,0.3643640598638618,66.93080101872005,3.8872225566546477,-8.543029246103435,1.2710451615257043,0.23763684039222613,0.6429672465641629,0.5333717094863644,2.3416318953059965,0.5985500330354858,0.000469,4.389405786456154,with,True,5,5,0,Sunday,2024,0,3,WIN,True,False,True,True,False,False,False,False,False
1260,DOGEUSDT,-1,2024-05-12 08:00:03,2024-05-13 08:21:19.285,24.354523611111112,0.14012197,0.14710954906395932,0.14521903800000002,-54.39346556252794,-0.7264245430766232,-52.92179022766771,1.7775815785146156,0.3059062436543787,0.6271084677383385,0.7267223674350339,-0.240144688831498,1.2299647464702532,1.8277046232595338,1.2755188904532588,-6.825e-05,4.965785989268155,with,True,1,6,8,Sunday,2024,0,3,CHOP,False,False,False,True,False,False,False,False,False
1261,SOLUSDT,1,2024-05-13 20:00:03,2024-05-15 00:46:07.806,28.768001666666667,148.749744,140.9584569648477,141.7336476,-66.6621056211241,-0.9001127154758726,-64.71436836467981,1.6075989954605516,-0.34013826098372996,0.1007864293097058,0.9646344648953208,2.984135470186222,0.984602000064786,0.5105916180346426,1.6812198404292962,9.778e-05,5.220171215524476,with,True,1,3,20,Monday,2024,0,3,WHIPSAW,False,False,False,False,False,False,False,False,True
1262,ATOMUSDT,-1,2024-05-15 12:00:03,2024-05-15 13:39:09.451,1.6517919444444444,8.0303936,8.325451939069149,8.327117029456963,-148.32083255707565,-0.9955537446920477,-143.57200513018697,4.748827426888671,0.0,0.052171377526774,1.0357490690286149,-0.6595522790982443,2.262721459964649,2.0378123991850225,1.8033768840271478,5.54e-06,3.653535097972469,against,True,2,4,12,Wednesday,2024,0,3,FALSE_BREAKOUT,False,False,False,False,True,False,True,False,False
1263,XTZUSDT,-1,2024-05-15 12:00:03,2024-05-15 13:18:00.000,1.2991666666666666,0.8618276,0.900619418714902,0.9011802,-149.83105967307824,-1.0059660784926059,-145.90900055521985,3.9220591178583954,0.0,0.12444892144604462,1.0098108647056496,-0.8293604441815164,1.5018351370891982,1.4759414278290426,1.2046304547212583,-0.0001,4.480210987807661,against,True,2,4,12,Wednesday,2024,0,3,FALSE_BREAKOUT,False,False,False,False,True,False,True,False,False
1264,BTCUSDT,1,2024-05-15 16:00:03,2024-05-19 17:12:19.626,97.20461833333333,64698.33708,62813.75869098777,66489.89936,123.23637126583486,0.8491389249170498,130.78404643999986,5.746044756071999,-1.8016304180929996,1.6192814996671416,0.06969043090260413,3.9448944991333956,3.13675825378797,2.0747525212495215,4.463185060011836,2.373e-05,2.8936025987465896,self,True,2,2,16,Wednesday,2024,0,3,WIN,False,True,False,False,False,False,False,True,True
1265,SOLUSDT,1,2024-05-15 16:00:03,2024-05-19 15:02:03.429,95.0334525,151.5923124,143.58915700673404,167.241545,135.10373357795623,1.861754623472318,137.72420134282007,1.6835766772921081,-0.936891087571733,3.0372629801057056,0.09287741690301907,4.668494582953851,2.1816559055146723,1.4178129444600387,3.3017277287381064,8.36e-05,5.26044984446364,with,True,2,2,16,Wednesday,2024,0,3,WIN,False,True,False,False,False,False,False,False,True
1266,LTCUSDT,1,2024-05-15 20:00:03,2024-05-19 12:19:10.000,88.31861111111111,81.96639,79.29113717953508,83.18336000000001,53.39933500936518,0.3656565348480793,63.32758958700018,5.156348433435,-4.7719061442,1.0479794576995403,0.23788032111649565,2.8795820496177345,2.008409027035333,1.2005151702955603,1.3182801853680979,6.862e-05,3.2326858926835587,with,True,1,3,20,Wednesday,2024,0,3,WIN,False,False,False,False,False,False,False,False,True
1267,ADAUSDT,1,2024-05-16 04:00:03,2024-05-19 09:15:15.000,77.25333333333333,0.45789156,0.44181512429533376,0.47530492,142.9702624732157,0.9744399727041797,151.9951456600324,4.887327944992665,-4.137555241824001,2.034557945608946,0.5966222971436406,3.2910553664978917,3.4532642617850464,2.0331718932611245,0.6149110838671016,0.0001,3.491672281491092,with,True,1,4,4,Thursday,2024,0,3,WIN,False,False,False,False,False,False,False,True,True
1268,LINKUSDT,1,2024-05-16 20:00:03,2024-05-22 12:35:10.476,136.58541,14.987996999999998,14.28123189539426,16.462706800000003,113.45992357194338,1.5555103019375638,119.8691661989007,2.987071999516596,-3.4221706274407246,3.497630236539458,0.4725714354365517,3.964546327684175,3.178350418189106,2.9059203823443256,5.741460318187775,0.0001,4.702843351166031,with,True,1,5,20,Thursday,2024,1,3,WIN,False,True,False,False,False,False,False,True,True
1269,AVAXUSDT,1,2024-05-17 08:00:03,2024-05-19 12:26:02.285,52.43313472222222,37.283455200000006,35.48060754794309,36.2457494,-44.418060698465915,-0.5917710017649253,-41.819958822320196,1.7779538142371043,-0.8201480619086161,0.25379005235299185,0.6231559270791563,2.529079367742409,2.817211353542925,3.282847710119018,1.9914645103324349,0.0001,4.816483667928192,with,True,1,6,8,Friday,2024,0,3,WHIPSAW,False,False,False,False,False,False,False,True,True
1271,ATOMUSDT,-1,2024-05-19 16:00:03,2024-05-20 19:33:10.029,27.5519525,8.3413314,8.594064411973553,8.595783224855948,-148.1483653448732,-0.9882734523392763,-143.35553727004532,5.725317556417922,0.9324894815900518,0.9628002218620386,1.086793521175388,0.875751838953119,2.756264794999667,0.26288074634390873,1.2579560161569678,-0.0001,3.0092821763580746,against,True,1,3,16,Sunday,2024,0,3,CHOP,False,False,False,True,True,False,False,False,False
1272,ALGOUSDT,-1,2024-05-20 00:00:03,2024-05-20 19:23:12.932,19.38609222222222,0.17476504,0.1811406330507816,0.18117686117739176,-148.89265085773854,-0.9939607966216265,-144.31889004558084,4.806978112218468,0.23321730006078248,0.37095215788750535,1.072050857945223,-0.0682226730181065,2.554949934849662,1.1513046002717575,0.6838546391077881,0.00015196,3.6273644455272156,against,True,1,3,0,Monday,2024,0,3,CHOP,False,False,False,False,True,False,False,False,False
1273,SOLUSDT,1,2024-05-20 08:00:03,2024-05-23 10:34:11.505,74.56902916666667,177.965586,169.41511341924135,174.3031324,-34.04047469824659,-0.4561057893715129,-30.937478049919935,1.7854105908410882,-1.3175860574855682,1.285240540356772,0.49454412724692004,0.39757030595593,0.9017148880585435,2.4504143187472684,2.221372228579266,0.0001,4.785526094957944,with,True,1,4,8,Monday,2024,0,3,GAVE_BACK,False,False,False,False,False,False,False,False,False
1274,ETHUSDT,1,2024-05-20 20:00:03,2024-05-23 20:00:10.302,72.00202833333333,3438.977658,3310.91462176575,3654.2690000000002,177.32137261417938,1.1968983074723956,187.4363177624005,5.59345999670256,-4.521485151518559,4.012963905212771,0.14662824302909952,3.6624334061709694,5.88214151264075,3.8943162083315337,6.164352796660872,4.643e-05,3.7046141609419254,with,True,4,6,20,Monday,2024,1,3,WIN,False,True,True,False,False,False,False,True,True
1275,BTCUSDT,1,2024-05-20 20:00:03,2024-05-22 21:09:05.936,49.15081555555555,70010.4993,68215.92825591408,69151.76688000001,-76.7372497217357,-0.5186658918923289,-66.63763579199889,6.4793951133408,-3.620218816396,1.182622837359459,0.7097513939041453,0.06842899889904178,4.485889779790073,2.9799967439101187,4.841702988595288,2.552e-05,2.543661879876554,self,True,4,6,20,Monday,2024,0,3,GAVE_BACK,False,True,True,False,False,False,False,True,False
1276,DOTUSDT,1,2024-05-20 20:00:03,2024-05-22 20:33:10.666,48.55212944444445,7.411482,7.1457886063909255,7.424514800000001,-0.22448416165277818,-0.0015161066631626792,6.9526390947202135,4.748756891572992,-2.4283663648,1.0859058107575972,0.34055043210118485,0.7471694997884942,3.656163297141102,2.1119452585970313,3.2165120535307583,5.341e-05,3.5656058516744262,with,True,4,6,20,Monday,2024,0,3,COSTS,False,True,True,False,False,False,False,True,False
1277,AXSUSDT,1,2024-05-20 20:00:03,2024-05-22 12:40:20.000,40.67138888888889,7.6945386,7.371168352541555,7.6524692000000005,-24.344197200238412,-0.16446036842641093,-18.551246558379574,4.060520838868835,-1.7324298029899998,0.9322484129859253,0.12536280105735192,1.665154429735213,3.5684233843532516,2.1807031793269847,3.4101973366199263,-0.00033561,4.195888321529045,with,True,4,6,20,Monday,2024,0,3,WHIPSAW,False,True,True,False,False,False,False,True,True
1279,ATOMUSDT,-1,2024-05-23 16:00:03,2024-05-27 04:13:17.142,84.220595,8.3003396,8.668293763789379,8.5327062,-91.3299391424776,-0.6138990576959634,-90.67706894448025,3.941283957037344,3.28841375904,0.8923383190411278,0.6703563222651618,-0.2518259313761733,1.8894957345313614,1.4593223540472724,2.88154717890493,-0.0001,4.42469297421248,against,True,2,3,16,Thursday,2024,0,3,CHOP,False,True,False,False,True,False,False,False,False
1280,ALGOUSDT,-1,2024-05-23 16:00:03,2024-05-24 18:12:16.053,26.203625833333334,0.17776444000000002,0.1870210727476099,0.1870584769621594,-73.22815805398822,-0.9913106955286077,-71.95753465176854,1.694748436827682,0.424125034608,0.6443422962351048,1.0085265619304673,-0.8356775310111926,2.145675775905558,1.437602769856725,2.8359734665289382,-0.0001,5.245398282279065,against,True,2,3,16,Thursday,2024,0,3,CHOP,False,True,False,False,True,False,False,False,False
1281,AXSUSDT,1,2024-05-25 00:00:03,2024-05-26 13:12:00.000,37.19916666666666,8.1786354,7.736454928832324,7.7824432,-65.34115641744702,-0.8941230968807448,-63.59601917881982,1.537225206493596,-0.20791203213360002,0.12294663275481071,0.9060449886943976,-0.1959276938920862,2.411584316448028,2.2045520779605106,1.3026976137130273,-0.00011684,5.376040498626177,with,True,2,3,0,Saturday,2024,0,3,FALSE_BREAKOUT,False,False,False,True,False,False,False,False,False
1282,ALGOUSDT,1,2024-05-25 00:00:03,2024-05-26 21:32:08.888,45.53496888888889,0.18863771999999998,0.17884995681190513,0.18766246,-9.39468964116635,-0.12856825089410806,-7.06310843094984,1.6351633250165098,-0.6964178852,0.721541772546162,0.14688953669707883,1.1710826855661909,1.415378345898022,0.9230728342813209,0.5181537652135215,0.0001,5.169694161237995,with,True,2,3,0,Saturday,2024,0,3,WHIPSAW,False,False,False,True,False,False,False,False,True
1283,XTZUSDT,1,2024-05-25 12:00:03,2024-05-26 12:24:20.000,24.404722222222222,0.9981996,0.9527478236602741,0.9678064,-49.46550716805337,-0.6773847319053167,-47.17306081032001,1.8308540184933597,-0.46159233924,0.1716192551353008,0.6644316775273066,0.30362729713465986,1.6352804657272808,1.7899691584312105,0.6045749668959138,0.0001,4.534286206385365,with,True,1,4,12,Saturday,2024,0,3,FALSE_BREAKOUT,False,False,False,True,False,False,False,False,False
1284,FILUSDT,1,2024-05-25 20:00:03,2024-05-29 16:10:16.000,92.17027777777778,6.0082014,5.7122785778443745,5.8248348,-47.76422780110425,-0.6537469211522995,-43.84812499812006,1.6977675882245036,-2.2183352147596858,0.8171002095703135,0.6663946990080138,-0.250745783848254,1.3504277941148086,0.7362885209118393,0.6842666575137102,0.0001,4.906299686293072,with,True,1,5,20,Saturday,2024,0,3,CHOP,False,False,False,True,False,False,False,False,False
1285,DOTUSDT,1,2024-05-26 00:00:03,2024-05-28 05:02:19.000,53.03777777777778,7.426485,7.1363407972478,7.3795238,-29.470076569423032,-0.20184594161170416,-22.701537172599643,4.29442807020744,-2.47411132661595,1.2321976334827522,0.20157218185037765,0.49118679142356203,1.2290305179930814,1.087484868448939,0.3818950721970059,0.0001,3.9006087092943766,with,True,1,6,0,Sunday,2024,0,3,GAVE_BACK,False,False,False,True,False,False,False,False,False
1286,BTCUSDT,1,2024-05-27 16:00:03,2024-05-28 01:49:18.330,9.820925,70435.48427999999,68706.57397322833,68692.83265843368,-145.72944355748527,-0.9953669162247217,-138.54080391452197,6.636420717963286,-0.552218925,0.18191557929184593,1.0118999656302254,-0.501231484713709,1.8157051391083499,2.391648348658528,2.7884854472421114,0.0001,2.435230755907886,self,True,4,6,16,Monday,2024,0,3,FALSE_BREAKOUT,False,True,True,False,False,False,False,False,False
1287,ALGOUSDT,1,2024-05-27 16:00:03,2024-05-28 04:35:14.473,12.586520277777778,0.1975395,0.1898381738853446,0.18980020625056754,-145.89665087064705,-0.9967543372971762,-141.29459417377495,4.242945806734095,-0.359110890138,0.33247520776031475,1.0179415704889647,-0.13497675394135822,2.244895634880065,3.2759814206680047,1.0922606256386456,0.0001,3.8794056276736195,with,True,4,6,16,Monday,2024,0,3,LATE_ENTRY,False,False,True,False,False,False,False,True,False
1288,LINKUSDT,1,2024-05-27 16:00:03,2024-05-30 19:49:05.000,75.81722222222223,18.036606600000002,17.205479300778126,18.0423908,-3.2810900526651787,-0.044843906365327015,0.4921151086397653,1.8417433413564483,-1.9314618199484959,1.4491082185936894,0.2040681375269371,0.8679698051975728,2.1655047440928494,3.155208084166537,1.3329727989293274,0.0001,4.588924190217238,with,True,4,6,16,Monday,2024,0,3,COSTS,False,False,True,False,False,False,False,True,False
1289,ATOMUSDT,1,2024-05-27 16:00:03,2024-05-30 06:31:12.173,62.51921472222222,8.662732199999999,8.392553285255378,8.5372922,-73.1983881362614,-0.5002701335744709,-64.61815807999965,5.316169781532478,-3.26406027472928,0.9559139736871061,0.7540640252869896,0.1305349828403057,1.9592687855610942,2.464042232222818,1.5027051206965898,0.0001,3.088299246473701,with,True,4,6,16,Monday,2024,0,3,CHOP,False,False,True,False,False,False,False,False,False
1290,DOTUSDT,-1,2024-05-29 20:00:03,2024-06-01 12:47:20.000,64.78805555555556,7.185562600000001,7.498280656784135,7.1004198,36.15170837899184,0.25347630884950634,37.454700862600326,3.77068076680848,2.4676882831999998,1.2201489223994157,0.19966036065227688,0.8492077583588845,1.6191176323221088,1.901820710981528,0.9435838271824902,-0.0001,4.331162610047794,with,False,1,3,20,Wednesday,2024,0,3,WIN,False,False,False,False,False,True,False,False,False
1291,XTZUSDT,-1,2024-05-30 00:00:03,2024-06-04 17:47:20.000,137.78805555555556,0.9458108,0.9891751457994632,0.9491898,-9.238165104603917,-0.06489646425600241,-10.718224155300065,3.606577307823851,5.08663635852,0.7566308079852561,0.7653568706762512,0.4568453561276859,1.185532356846917,1.470060122490177,0.7126582683604682,-0.0001,4.453552882731074,with,False,3,6,0,Thursday,2024,0,3,CHOP,False,False,True,False,False,True,False,False,False
1292,FILUSDT,-1,2024-05-30 00:00:03,2024-06-02 15:05:20.000,87.08805555555556,5.7868424,6.03878938916817,5.85117,-34.83926897798611,-0.24479385174924095,-35.049581165319715,3.8046573497236076,4.0149695370572145,0.6066450744445314,0.584081597822846,0.36849973999105734,1.25204659192915,1.71857350675625,0.9402177144262684,-0.0001,4.332919646996711,with,True,3,6,0,Thursday,2024,0,3,CHOP,False,False,True,False,False,False,False,False,False
1293,ADAUSDT,-1,2024-05-30 00:00:03,2024-05-31 12:33:18.333,36.55425916666667,0.45110976,0.4654290139518831,0.45619122,-51.52517294956454,-0.36211953200531943,-48.07047948203983,5.149826208584712,1.6951327410600001,0.5523863203054565,0.35548220718095286,0.7339600258027376,0.9342477857940465,1.656166529362173,0.6903424953225379,-0.0001,3.130736528225817,with,True,3,6,0,Thursday,2024,0,3,CHOP,False,False,True,False,False,False,False,False,False
1294,AXSUSDT,-1,2024-05-30 08:00:03,2024-06-01 12:06:02.500,52.09986111111111,7.458508,7.86011947980097,7.611522,-29.358409786134406,-0.4090934974127247,-26.553284489999957,1.5691065936299997,-1.23601870250445,0.573957696912039,0.4643592361762693,-0.16556299643862843,2.134362466993114,1.474559549796185,1.8972379909655508,-0.0001,5.363531900817288,with,False,1,6,8,Thursday,2024,0,3,CHOP,False,False,False,False,False,True,False,False,False
1295,ATOMUSDT,-1,2024-05-31 16:00:03,2024-06-02 14:59:20.000,46.988055555555555,8.3073382,8.605423821936126,8.400679799999999,-45.539010754100275,-0.318615039405148,-42.845530553759396,4.601574618680879,1.9080944183400002,0.2057737625907477,0.3075015809371719,0.5177646576763485,1.9161752800096974,2.040996557052579,1.3114530077253124,-0.0001,3.5675029719114972,with,True,1,5,16,Friday,2024,0,3,FALSE_BREAKOUT,False,False,False,False,False,False,False,False,False
1296,AXSUSDT,1,2024-06-02 00:00:03,2024-06-07 08:35:10.000,128.58527777777778,7.910581799999999,7.547785812302757,8.365326600000001,82.70881047873647,1.1700547156610377,85.61657700072038,1.8385972503064556,-1.069169271677473,2.192466915217889,0.9139621474444433,1.5640145405177903,2.7629036565875054,0.872058769363791,3.767474787370422,0.0001,4.5671284321310335,against,True,1,4,0,Sunday,2024,0,3,WIN,False,True,False,True,True,False,False,False,True
1297,AVAXUSDT,-1,2024-06-02 20:00:03,2024-06-03 08:35:01.153,12.582820277777778,35.0999786,36.367757047738934,36.2302446,-124.04384802044324,-0.8795175075648914,-120.40475039479988,4.559191050602976,0.920093424959618,0.41409333068904086,0.924468626273213,0.5126909998819001,1.4256717223559454,1.5280724195630295,2.027816244747622,-0.00019996,3.588233587042651,with,True,4,6,20,Sunday,2024,0,3,CHOP,False,False,True,True,False,False,False,False,False
1298,DOGEUSDT,-1,2024-06-02 20:00:03,2024-06-03 06:40:14.000,10.669722222222223,0.156048784,0.16203162677885674,0.16199239199999999,-138.422396035537,-0.9817397918592619,-134.46101583458696,4.316987890404622,0.3556076894546,0.1736271599298966,0.9930423077464355,-0.18573377925407214,1.6190852031017335,1.5887904695717705,1.1752434121696194,-0.0001,3.8065390344395786,with,True,4,6,20,Sunday,2024,0,3,FALSE_BREAKOUT,False,False,True,True,False,False,False,False,False
1299,SOLUSDT,-1,2024-06-02 20:00:03,2024-06-04 14:32:15.027,42.536674166666664,163.16736,168.5568826496867,167.438481,-108.90193538334582,-0.7725753560928914,-106.54738446599985,4.9483759857516,2.59382506840564,0.25166607289030307,0.7946232492870093,-0.4550755529606268,1.6251989392579165,1.4359097450921066,1.640740226106103,-0.0001,3.2824035843668717,with,True,4,6,20,Sunday,2024,0,3,FALSE_BREAKOUT,False,False,True,True,False,False,False,False,False
1300,ALGOUSDT,-1,2024-06-02 20:00:03,2024-06-05 05:43:16.666,57.720462777777776,0.18386322000000002,0.19008311633197603,0.18823764,-96.66127805811236,-0.6859437160505918,-94.63060345984178,4.829732252009571,2.799057653739,0.749726321968868,0.890172392670893,3.8526719290813545,1.6173074325457821,1.536442060918493,1.602942894271899,-0.0001,3.362216602488312,with,True,4,6,20,Sunday,2024,0,3,WHIPSAW,False,False,True,True,False,False,False,False,True
1301,BTCUSDT,1,2024-06-03 08:00:03,2024-06-06 20:01:03.471,84.0167975,68963.79,67543.74304622172,70409.51528,116.12923576905119,0.8375515175290662,130.9827103680012,7.576332875020799,-7.2771417239292004,2.0144474747041703,0.288082023563758,2.2395104552976326,1.7165935804777892,1.1594722734323437,1.7767424817102102,0.00014135,2.039389402708741,self,True,1,6,8,Monday,2024,0,3,WIN,False,False,False,False,False,False,False,False,True
1302,LTCUSDT,-1,2024-06-04 08:00:03,2024-06-05 01:25:11.592,17.419053333333334,82.08358,83.96318409451213,83.97997673133104,-137.2439553294022,-0.9843103268588976,-131.48970160160763,6.908569444594565,1.1543157168,0.49668970328685685,1.0089465146075025,3.9761458393395515,1.8886412906114534,1.2411071338303743,1.9324278831182495,-0.0001,2.2569529832080457,against,True,1,6,8,Tuesday,2024,0,3,WHIPSAW,False,False,False,False,True,False,False,False,True
1303,XRPUSDT,1,2024-06-04 16:00:03,2024-06-06 06:33:20.000,38.554722222222225,0.53000598,0.518828129538696,0.5223955,-98.17104514509906,-0.7087338302816772,-87.65892799451971,7.273053911709611,-3.2390632388697345,0.3036379858318521,0.6715047786678258,-0.13472894499827887,1.3909122269649585,1.923794184048935,2.084064982376832,0.0001,2.0894263939052906,with,True,1,6,16,Tuesday,2024,0,3,CHOP,False,False,False,False,False,False,False,False,False
1304,FILUSDT,1,2024-06-04 20:00:03,2024-06-06 19:28:15.000,47.47,5.9681934,5.7516364064965835,5.9448108,-23.36200068087233,-0.16967585067617835,-14.238705665699815,4.3526150316401395,-4.7706799835323785,0.6409702949529122,0.1625133385472709,3.6424896154995645,1.2663868054847776,1.0953783682477778,2.19112454453568,0.00020191,3.625395333502294,with,True,1,6,20,Tuesday,2024,0,3,WHIPSAW,False,False,False,False,False,False,False,False,True
1305,SOLUSDT,1,2024-06-05 04:00:03,2024-06-06 17:02:18.144,37.03754,173.1506232,167.45223609421114,171.16576,-54.6717705035554,-0.39665280386959995,-45.78404548912015,4.765324970832672,-4.122400043602572,0.46212669499493797,0.3479270823819432,-0.026432602279160302,2.299530880284106,1.7398324089618913,1.7515369021399383,0.00021045,3.271658255614073,with,True,1,6,4,Wednesday,2024,0,3,CHOP,False,False,False,False,False,False,False,False,False
1306,DOGEUSDT,1,2024-06-05 08:00:03,2024-06-06 18:09:11.379,34.1523275,0.16416282599999998,0.15872119406248894,0.16125774199999998,-78.37661531923307,-0.5679349443637874,-70.28211532367486,4.723700771930536,-3.3707992236276763,0.3284261082930649,0.5738767406287221,-0.35519234343586076,2.137509688914684,1.5818312602540203,1.265354337944548,0.00028729,3.2895478537113396,with,True,1,6,8,Wednesday,2024,0,3,CHOP,False,False,False,False,False,False,False,False,False
1307,LINKUSDT,-1,2024-06-06 08:00:03,2024-06-10 00:01:17.777,88.02077138888889,17.485502200000003,18.047530393701383,16.382275800000002,256.6639967052186,1.870943684898674,256.51525220168014,4.72483342413516,4.873577927673617,4.0700844292793805,0.45459961415343075,5.020214700295159,1.729538823479804,1.6418085933032804,1.8591132324651223,-0.0001,3.193609661509421,against,False,1,6,8,Thursday,2024,0,3,WIN,False,False,False,False,True,True,False,False,True
1308,DOGEUSDT,-1,2024-06-06 20:00:03,2024-06-09 19:05:12.121,71.08586694444445,0.159788036,0.16498907384521144,0.148789752,273.6309116992234,2.007852516917422,274.6808000095235,4.6240155467712505,3.57412723647114,4.519874051992072,0.46951475314649255,5.054382756357591,1.5283202052372398,0.19732741890404154,1.4907214070270867,-0.00019389,3.2343097517278525,against,True,1,4,20,Thursday,2024,0,3,WIN,False,False,False,False,True,False,False,False,True
1309,AVAXUSDT,-1,2024-06-07 00:00:03,2024-06-12 12:30:15.832,132.50356444444444,35.9098166,37.17561545132512,32.614521599999996,308.07052721859964,2.2641471883021618,307.0242580130004,5.040515516466934,6.086784722066202,4.205894636755812,0.8043800947789579,5.243974264197737,1.0805524424224533,-0.11679500664418482,0.8193157653666024,-0.00015329,3.5042332358635813,against,True,1,4,0,Friday,2024,1,3,WIN,False,False,False,False,True,False,False,False,True
1310,FILUSDT,1,2024-06-07 12:00:03,2024-06-07 18:01:07.911,6.018030833333333,6.4142826,6.148917079632126,6.1476872962161995,-134.73520141587016,-0.9996489098511285,-130.36534348605184,3.6856887510135765,-0.68416917880476,1.291491824276542,1.674228812334378,0.2212698918781929,2.8097235480673084,2.184919794117035,5.46028330682978,0.00023859,4.117931083235217,with,True,2,5,12,Friday,2024,0,3,GAVE_BACK,False,True,False,False,False,False,True,False,False
1311,ADAUSDT,1,2024-06-07 12:00:03,2024-06-07 17:58:17.583,5.9707175,0.48449687999999996,0.46974167373907827,0.4696477254043305,-134.505929032187,-0.9981916672001383,-128.8387611252684,4.967184149210867,-0.6999837577077247,0.41362485159992485,1.0163788790752695,-0.9757152658807112,3.4207228981861664,2.2667440891595065,3.4020813218799204,0.00024194,3.0060553914767216,with,True,2,5,12,Friday,2024,0,3,LATE_ENTRY,False,True,False,False,False,False,True,True,False
1312,ALGOUSDT,1,2024-06-07 16:00:03,2024-06-07 18:00:01.985,1.9997180555555556,0.1920384,0.18551285749873128,0.18547575492723153,-134.89519531598555,-0.9936116452456255,-130.3946479204557,4.500547395529837,0.0,0.024764224578813634,1.538324207994708,-1.4004046404146897,1.634001410933538,1.7419071644857493,3.762823829866444,0.0001,3.378720052744122,with,True,1,6,16,Friday,2024,0,3,FALSE_BREAKOUT,False,True,False,False,False,False,True,False,False
1313,XTZUSDT,-1,2024-06-07 20:00:03,2024-06-10 08:54:20.000,60.90472222222222,0.8658268,0.9139892754176137,0.8541708,15.167335462586648,0.21855343228281338,16.32588898,1.4454610430747998,0.28690752566144995,0.8892150918043912,0.2735158416542349,1.553632768066461,2.9173184796329608,0.3542458153840047,10.064052086409651,-0.0001,5.54148676877756,against,True,3,6,20,Friday,2024,0,3,WIN,False,True,True,False,True,False,False,False,True
1314,XRPUSDT,-1,2024-06-07 20:00:03,2024-06-10 01:42:13.333,53.70287027777778,0.49280142,0.5134705275909657,0.5006000999999999,-52.05001369090745,-0.37504123079028956,-50.4408031792553,3.8551116764601496,2.245901164808,0.1548891255178974,0.4837451232955186,1.1031642222408455,2.6770194249504775,-0.2491386691103545,9.659396635854895,-0.00030813,4.1522368338672875,against,True,3,6,20,Friday,2024,0,3,WHIPSAW,False,True,True,False,True,False,False,False,True
1315,LTCUSDT,-1,2024-06-07 20:00:03,2024-06-09 14:56:20.000,42.93805555555556,79.454106,82.4467957533873,80.486094,-48.387559292291925,-0.34873659451791506,-45.89673751079992,4.267917869292,1.7770960878,0.19851907446388345,0.3394585084705662,1.307888997036784,3.716357232466118,0.5289949934501352,7.8282971690962855,-0.000148,3.7588670442830505,against,True,3,6,20,Friday,2024,0,3,WHIPSAW,False,True,True,False,True,False,False,True,True
1316,ETHUSDT,-1,2024-06-11 04:00:03,2024-06-15 06:07:09.678,98.11852166666667,3596.03065,3684.8438582101644,3541.4081399999995,31.565847456518753,0.22728719724458996,32.995300396001156,7.7270345434824,6.297581603999999,2.6457849540121394,0.6951595516502697,2.8619690147721797,2.020118128728599,2.3365987616177515,3.0605905118296524,-0.0001,2.449262756937916,with,True,5,6,4,Tuesday,2024,1,3,WIN,False,True,True,False,False,False,False,False,True
1317,LTCUSDT,-1,2024-06-11 04:00:03,2024-06-13 10:20:19.259,54.337849722222224,78.204356,80.40350481495803,79.305858,-68.18244631715278,-0.49110485768669393,-65.79546821499979,5.645087314653,3.2581092125000004,1.211539656560648,0.7528567365422237,0.906876327074791,1.3647783048544706,1.5342306447189675,2.7222709693193217,-0.0001,2.791491709227853,with,True,5,6,4,Tuesday,2024,0,3,GAVE_BACK,False,True,True,False,False,False,False,False,False
1318,BTCUSDT,-1,2024-06-11 04:00:03,2024-06-12 14:17:11.479,34.28568861111111,68458.50556,69720.68776692243,69734.63190447581,-134.6834391430993,-0.9711781344152931,-129.01637342650417,8.382795718595103,2.715730002,1.947821436965558,1.0232234561038835,2.698584674478251,1.8664072668254326,2.4682234812314094,3.1592746330313335,-0.0001,1.8232011586034516,self,True,5,6,4,Tuesday,2024,0,3,GAVE_BACK,False,True,True,False,False,False,False,False,True
1319,XRPUSDT,-1,2024-06-11 04:00:03,2024-06-12 14:03:17.777,34.05410472222222,0.48780242,0.5032782040156393,0.49819961999999995,-92.12513585437642,-0.664141443695648,-88.71827931691948,5.048074735030945,1.6412181975740001,1.1503404274710456,0.7106315252840344,1.8998985751085071,1.701770703767635,-0.0,2.2990062627595016,-0.0001,3.1307795114014993,with,True,5,6,4,Tuesday,2024,0,3,GAVE_BACK,False,False,True,False,False,False,False,False,True
1320,SOLUSDT,-1,2024-06-11 04:00:03,2024-06-12 13:06:16.229,33.10367472222222,156.038786,162.26463973958036,160.74814320000002,-103.62927238695688,-0.7473123700242026,-100.8480588236806,4.070281209996288,1.2890676467200002,1.7536207011403138,0.77133421388786,2.656468765858723,1.2201195732885217,2.1116832264972323,1.7898226389842116,-0.0001,3.962480612237528,with,True,5,6,4,Tuesday,2024,0,3,GAVE_BACK,False,False,True,False,False,False,False,False,True
1322,BTCUSDT,-1,2024-06-13 16:00:03,2024-06-16 10:50:06.474,66.83429833333334,66451.00714,68583.39038113467,66662.12976,-14.559081718967672,-0.10626389265565792,-12.920704343999672,4.887914386967999,3.2495370120000002,0.6558892008810688,0.4293284820194206,1.14482570154744,3.0897733459715586,1.5544667070344225,2.4502689303903282,-0.0001,3.1881584444223803,self,True,1,2,16,Thursday,2024,0,3,WHIPSAW,False,False,False,False,False,False,False,True,True
1323,AVAXUSDT,-1,2024-06-14 00:00:03,2024-06-20 05:58:05.555,149.96737638888888,30.988801000000002,32.71148561259689,27.6595308,128.33067758849367,1.879532092843104,128.26279787116013,1.355684340756264,1.4235640580898197,3.766679607254612,0.7251466640297402,3.7614552034756557,2.6608665402966762,1.51267642706581,0.6042214042975579,-0.0001,5.541348688768443,with,True,2,4,0,Friday,2024,0,3,WIN,False,False,False,False,False,False,False,False,True
1324,XRPUSDT,-1,2024-06-14 00:00:03,2024-06-15 13:54:20.000,37.90472222222222,0.47680462,0.49335810415076,0.4830966,-52.638944311173525,-0.3856131589410155,-49.6004667250938,4.540212955729719,1.50173536965,1.1118275664736772,0.3742644112608489,0.7674891813888457,1.7755655920699493,1.3588512184208783,0.5811786145343607,-0.0001,3.4727567430285133,with,True,2,4,0,Friday,2024,0,3,GAVE_BACK,False,False,False,False,False,False,False,False,False
1325,ATOMUSDT,-1,2024-06-14 16:00:03,2024-06-16 13:20:20.000,45.338055555555556,7.2505496,7.555949751061081,7.2124422,13.228615396308447,0.09652730856853864,16.47452257468015,3.751568748954456,0.5056615705827521,1.1085443108778612,0.060413853548846964,3.5283204551673197,1.221324654349691,2.0960571770596084,1.9544877313745586,1.763e-05,4.176888888199098,with,True,2,6,16,Friday,2024,0,3,WIN,False,False,False,False,False,False,False,False,True
1326,SOLUSDT,-1,2024-06-14 16:00:03,2024-06-16 13:28:06.888,45.46774666666666,143.70525320000002,151.38307363886156,145.769148,-18.759167189001307,-0.2738339928901565,-17.879727041879875,1.5046474110214318,0.6252072639,0.547714450147204,0.2803851453862855,2.175780657157052,0.8028680885892777,2.427296896290178,1.4863266001783677,-9.897e-05,5.322419791461637,with,True,2,6,16,Friday,2024,0,3,WHIPSAW,False,False,False,False,False,False,False,False,True
1328,XRPUSDT,1,2024-06-15 20:00:03,2024-06-18 01:42:14.333,53.70314805555556,0.4940988,0.47757332379877443,0.48370324000000003,-88.75531720550988,-0.6533069763130138,-81.55987229664377,4.602892553001357,-2.5925523558647523,1.6278623183037197,0.7260789252844748,0.9259158292131503,3.04961502157721,1.49455339351105,1.9876596325083957,0.0001,3.344803926578738,against,False,1,5,20,Saturday,2024,0,3,GAVE_BACK,False,False,False,True,True,True,False,True,False
1329,AXSUSDT,-1,2024-06-17 04:00:03,2024-06-20 01:24:10.666,69.40212944444444,6.5256946000000005,6.81306779097228,6.1092216,176.6551910644297,1.307012404715565,189.01139831590035,3.4405253333102754,-8.915681918160388,3.8301923581527677,0.1472141498546398,2.201647961173357,1.132598671450559,2.30364976693185,1.6458977259246044,0.00014457,4.382837306147992,with,True,2,4,4,Monday,2024,0,3,WIN,False,False,False,False,False,False,False,False,True
1330,XTZUSDT,-1,2024-06-17 04:00:03,2024-06-19 17:13:20.000,61.22138888888889,0.7928414,0.8243791289965321,0.7761552,58.018915019875166,0.42936120966011193,68.73015411115993,3.877601063797128,-6.833638027487635,3.863353636319148,0.2269852721731227,0.8827966022240059,0.9875200833909602,1.942122830668885,2.565814599852245,0.00015948,3.826086775381865,with,True,2,4,4,Monday,2024,0,3,WIN,False,True,False,False,False,False,False,False,False
1331,ALGOUSDT,-1,2024-06-17 08:00:03,2024-06-20 01:14:13.333,65.23620361111111,0.14857028000000003,0.15564642786814756,0.1410282,67.61176372879845,0.9930084555983929,70.21239567305632,1.6175964506403213,-0.9830354936175425,3.345079899552281,0.2727076985892821,2.1438613611068407,0.7947289186502642,2.341611992451668,1.510030648923957,-0.0001,4.741876088928368,with,True,2,6,8,Monday,2024,0,3,WIN,False,False,False,False,False,False,False,False,True
1332,DOGEUSDT,-1,2024-06-17 08:00:03,2024-06-20 10:59:05.185,74.98394027777778,0.133713252,0.13886014804729724,0.12672534,173.66994027005308,1.2754741593518448,177.48750933710193,3.9689621474347345,0.15139308038587557,4.006929965261258,0.23251839341663805,2.4176225604040074,0.943221205215241,1.9608042481860388,1.0529480835704976,-0.0001,3.8206714372315638,with,True,2,6,8,Monday,2024,0,3,WIN,False,False,False,False,False,False,False,False,True
1333,LTCUSDT,-1,2024-06-18 04:00:03,2024-06-20 10:55:17.045,54.920568055555556,73.08538,76.18318928110253,74.944986,-86.07339251840573,-0.5996500715763163,-83.03196578179998,3.96576015060588,0.92433341400013,0.8023024577921871,0.6374246510415332,0.30517695384511667,3.3320433801351608,1.5879269233456688,5.223040423482085,-0.0001,4.203514267682297,with,True,1,6,4,Tuesday,2024,0,3,LATE_ENTRY,False,True,False,False,False,False,False,True,False
1334,ETHUSDT,1,2024-06-20 08:00:03,2024-06-21 07:47:09.965,23.785268055555555,3606.741204,3480.2133202039654,3482.933274,-134.2620233799427,-0.9690063142551818,-129.66404508899993,4.455009648485639,-0.14296864245713997,0.14430649950198818,1.0192314937305658,-0.47484556129028577,1.000741774634831,1.7205763664611295,0.7936752237033682,6.409e-05,3.4887959522142036,against,False,1,3,8,Thursday,2024,0,3,FALSE_BREAKOUT,False,False,False,False,True,True,False,False,False
1335,BTCUSDT,-1,2024-06-21 04:00:03,2024-06-30 14:02:03.119,226.03336638888888,64460.505320000004,66032.08691953214,61810.55963999999,189.48277719380906,1.3797935010656155,183.99493998400104,7.653757662455999,13.141594872264001,3.97211657470309,0.1625080619905634,3.146769675511762,0.8758654370499113,1.503573277373421,0.5673546924145542,-3.344e-05,2.4175658791565815,self,True,1,2,4,Friday,2024,1,3,WIN,False,False,False,False,False,False,False,False,True
1336,ETHUSDT,-1,2024-06-21 08:00:03,2024-06-27 12:07:20.000,148.1213888888889,3472.845292,3596.247436066664,3425.685,51.06767372027109,0.37172649188193335,50.23985906760002,4.409402592040559,5.23721724471162,2.105678908298606,0.5981639019183005,1.0076428812519387,2.159295324280889,0.2625971742595642,0.648845941774005,-2.103e-05,3.532335393665368,with,True,2,3,8,Friday,2024,0,3,WIN,False,False,False,False,False,False,False,False,True
1337,LTCUSDT,-1,2024-06-21 08:00:03,2024-06-22 19:43:10.000,35.71861111111111,73.045388,75.60163763991802,74.81496,-93.96682612777022,-0.684126287702523,-90.92591807599983,4.558504956770399,1.517596905,0.35418606456176854,0.6942248410671275,2.255408826261936,1.199229840526377,1.450049153577651,1.030185826969269,-0.0001,3.4930015604627407,with,True,2,3,8,Friday,2024,0,3,WHIPSAW,False,False,False,False,False,False,False,False,True
1338,LINKUSDT,-1,2024-06-22 00:00:03,2024-06-24 14:08:13.333,62.136203611111114,13.839231600000002,14.58422140851455,13.6787352,12.944116565199703,0.18951332956734387,14.289845122920118,1.4700422576568242,0.12431369993640803,1.694293781705274,0.08559633872998637,1.1265007794849762,1.100614151622608,0.05516525698841963,0.6823556599093245,-9.081e-05,5.369708897583631,with,True,1,4,0,Saturday,2024,0,3,WIN,False,False,False,True,False,False,False,False,True
1339,ADAUSDT,-1,2024-06-22 04:00:03,2024-06-23 04:35:11.428,24.585674444444443,0.37322534,0.39060509277077465,0.3905781,-67.43925199753387,-0.9881250674108095,-65.88010213047588,1.7398770674454864,0.1807272003874983,0.030227127331951438,1.011214614603326,0.8300083545640133,1.5742518790826598,1.0858890698781893,0.7583177801157998,-0.0001,4.663744043615944,with,True,1,5,4,Saturday,2024,0,3,FALSE_BREAKOUT,False,False,False,True,False,False,False,False,False
1340,FILUSDT,-1,2024-06-23 16:00:03,2024-06-25 14:28:18.000,46.47083333333333,4.3011396,4.500894052089466,4.455891,-52.253148067368485,-0.7656595726276156,-51.109868679120105,1.735314901131888,0.5920355128835081,1.5375857548468472,0.7752538097656102,0.10582792913437403,1.0860053266089666,1.4128124850792623,1.4345160178897194,-0.0001,4.623292703148902,with,True,3,6,16,Sunday,2024,0,3,GAVE_BACK,False,False,True,True,False,False,False,False,False
1341,XRPUSDT,-1,2024-06-23 16:00:03,2024-06-28 01:25:20.000,105.42138888888888,0.4824035,0.4945703171754306,0.47759549999999995,49.96959195895569,0.36613942400569066,50.714759960000364,6.075638791202999,5.33047079015832,1.8084844773071274,0.03258863795543051,1.13452021189851,0.546795904703689,1.3752745481941215,0.7606585587289245,1.869e-05,2.501620139985616,with,True,3,6,16,Sunday,2024,0,3,WIN,False,False,True,True,False,False,False,False,True
1342,SOLUSDT,-1,2024-06-23 16:00:03,2024-06-25 03:33:17.587,35.554051944444446,131.508693,137.13714989645825,134.82696,-80.74517014982526,-0.5918715693465603,-77.53031297490047,3.733711578989459,0.518854404064676,1.7959972308504206,0.6007520466449161,-0.3468636317049029,0.9496354253861279,1.2181037862471722,0.8150638333535666,-4.131e-05,4.2590564461612965,with,True,3,6,16,Sunday,2024,0,3,GAVE_BACK,False,False,True,True,False,False,False,False,False
1343,LTCUSDT,-1,2024-06-24 20:00:03,2024-06-25 03:15:17.449,7.2540136111111115,68.206356,70.74469896057212,70.75884790036423,-142.2326987800962,-0.9964988624956995,-137.6117300767667,4.4951936089914994,-0.12577509433800002,0.3649451687140042,1.0060279637801322,-0.7578345518630868,4.935241862331361,2.602290452288683,2.256597754385593,-5.41e-05,3.7008193500031092,with,True,1,6,20,Monday,2024,0,3,LATE_ENTRY,False,False,False,False,False,False,True,True,False
1344,XTZUSDT,1,2024-06-25 04:00:03,2024-06-26 17:03:13.333,37.05287027777778,0.7881576,0.7481618880287004,0.7718456,-29.239501216018333,-0.42606381741568466,-27.13359611839999,1.556957948953344,-0.548947148665,0.3961024624681851,0.4289859876056731,0.04606493819442706,0.9538604647573706,1.3052827412469283,1.099108901225648,0.0001,5.055597965900968,against,False,1,5,4,Tuesday,2024,0,3,CHOP,False,False,False,False,True,True,False,False,False
1345,LINKUSDT,-1,2024-06-27 08:00:03,2024-06-27 14:10:19.843,6.171345277777778,13.6602674,14.218906210253083,14.221749991495134,-137.6110552308961,-0.996066399837227,-133.62960017681112,3.9814550540849822,0.0,0.0,1.0001678897799349,0.3942930493859032,2.021923805255361,-0.831075443085389,0.7082209412884403,-0.0001,4.0686980183933406,with,True,3,6,8,Thursday,2024,0,3,FALSE_BREAKOUT,False,False,True,False,False,False,True,False,False
1346,ADAUSDT,-1,2024-06-27 08:00:03,2024-06-27 13:19:15.330,5.320091666666666,0.3784243,0.39316651635147026,0.39324514965474056,-137.54583396827562,-0.9958401632314179,-133.37908636990448,4.166747598371126,0.0,0.05591425199222442,1.0158377575639417,0.015214808591358157,1.565233543138727,-0.07551565339704301,0.6104777525475565,-0.0001,3.8474686612441333,with,True,3,6,8,Thursday,2024,0,3,FALSE_BREAKOUT,False,False,True,False,False,False,True,False,False
1347,DOGEUSDT,-1,2024-06-27 08:00:03,2024-06-27 22:29:18.641,14.487678055555556,0.12116576200000001,0.1266391285907905,0.12666445641650864,-137.30012997667197,-0.9943186967621154,-133.97814187594258,3.623096282397388,0.301108181668,0.024804112377279,1.0019862380911622,0.13442585797889228,1.6773324115432742,-0.036703116226330865,0.5239607781460177,-0.0001,4.4963516715822145,with,True,3,6,8,Thursday,2024,0,3,FALSE_BREAKOUT,False,False,True,False,False,False,False,False,False
1348,DOTUSDT,1,2024-06-27 16:00:03,2024-06-29 09:26:08.571,41.43488083333333,6.2882574,6.0068070763098556,6.156768400000001,-65.11729561709458,-0.48481696843651917,-60.583201729699674,3.4404072214682038,-1.0936866659267122,0.5284861571655347,0.47701988130526135,0.8553644452903147,3.086848661086782,3.1152988791613176,3.2027780668452164,-0.00010065,4.471897641382705,against,True,2,5,16,Thursday,2024,0,3,LATE_ENTRY,False,True,False,False,True,False,False,True,False
1349,SOLUSDT,1,2024-06-27 16:00:03,2024-06-28 20:53:16.248,28.887013333333332,147.72853980000002,139.76953703910274,139.74158313169494,-67.18135824547545,-1.0006077165526672,-65.4331425050894,1.4130593892707464,-0.33515635111530007,0.3983489257695081,1.013385727119753,0.20950617182748407,2.7400947954150228,2.8690137200496917,4.8506351908050105,0.0001,5.367382520225375,against,True,2,5,16,Thursday,2024,0,3,CHOP,False,True,False,False,True,False,False,False,False
1350,LINKUSDT,1,2024-06-27 20:00:03,2024-06-28 23:10:15.399,27.170110833333332,14.363872200000001,13.757990512939418,13.75523891483683,-134.5119951450497,-1.001494710186937,-129.9904363252656,3.6033673596241047,-0.9181914601600001,0.3831239744613509,1.004935803479927,0.3583666656990203,0.9586626530732756,2.6412808958812035,1.4178125034942233,0.0001,4.212277985522392,against,False,1,6,20,Thursday,2024,0,3,CHOP,False,False,False,False,True,True,False,False,False
1351,AVAXUSDT,1,2024-06-28 12:00:03,2024-06-29 14:21:14.210,26.35311388888889,28.5787146,27.127755124923972,27.649469000000003,-43.20315045516497,-0.6482578727023709,-41.37781977503991,1.5022506303685441,-0.32308004975652,0.3523774500822688,0.6442044840370367,1.0650093448812727,2.7593939745264358,3.492833696943193,1.3585191970543558,-2.713e-05,5.05807886842833,against,False,1,5,12,Friday,2024,0,3,WHIPSAW,False,False,False,False,True,True,False,True,True
1353,ADAUSDT,1,2024-06-29 04:00:03,2024-06-29 22:47:06.666,18.784351666666666,0.4005801,0.383759664337455,0.38482302,-123.26881248056651,-0.9338801961703395,-119.11312670290785,3.562277579808667,-0.5934081978500001,0.0844151738091898,0.9916568354494227,1.1248162877332601,1.0456519840020346,2.013180543911965,1.9556575513556513,0.0001,4.155927987648597,against,False,1,4,4,Saturday,2024,0,3,WHIPSAW,False,False,False,True,True,True,False,False,True
1354,LTCUSDT,1,2024-06-29 20:00:03,2024-07-03 10:16:06.896,86.26774888888889,75.66513,73.43474442335261,74.265144,-86.28231107517104,-0.6615709689217425,-77.64854350679991,4.989421638648719,-3.6443459297224003,0.5850423414060142,0.7914012798868869,-0.2713118334048791,2.06748153498905,2.397014618076819,1.5995719576332055,6.011e-05,2.9282955408425595,against,True,2,4,20,Saturday,2024,0,3,CHOP,False,False,False,True,True,False,False,False,False
1355,ATOMUSDT,-1,2024-06-29 20:00:03,2024-07-01 09:31:16.000,37.52027777777778,6.6576682,6.886885837203816,6.8133624,-90.1825338375751,-0.6917089383693408,-84.62442181774007,4.393143132425291,-1.164968887409733,0.491533729142393,0.677660767709082,2.5638000948306416,1.595516073023141,1.87318875976474,0.8592371759676674,-4.643e-05,3.4066942523095487,with,True,2,4,20,Saturday,2024,0,3,WHIPSAW,False,False,False,True,False,False,False,False,True
1356,DOGEUSDT,-1,2024-06-30 04:00:03,2024-06-30 20:35:16.923,16.587200833333334,0.120985798,0.12560345471042714,0.124384872,-95.48907353118288,-0.7322087785280023,-92.13462852688468,3.990581352187605,0.6361363478894025,0.12036364651035286,0.7350485782833425,0.9324638599220848,1.2974983701201628,1.5565626420065708,0.6598636715032978,-0.0001,3.7959298491258044,with,True,1,4,4,Sunday,2024,0,3,FALSE_BREAKOUT,False,False,False,True,False,False,False,False,False
1357,AVAXUSDT,1,2024-07-01 00:00:03,2024-07-03 03:14:06.725,51.23436805555556,29.3628714,28.005015843829185,28.0703848,-61.37921134498667,-0.9558110721007135,-59.08124271858001,1.575209282481036,-0.7227593439256291,0.5605372357472249,1.0029574897056857,-0.7496168464858091,2.3656828138226556,2.8164653024390507,1.5032366417419447,0.0001,4.602071658845951,with,True,4,6,0,Monday,2024,0,3,CHOP,False,False,True,False,False,False,False,False,False
1358,LINKUSDT,1,2024-07-01 00:00:03,2024-07-03 03:11:08.888,51.18496888888889,14.278855199999999,13.71614318361696,14.2091576,-20.932187801812226,-0.16299833248578677,-15.285485202399908,3.7486492915123195,-1.8980533079000002,0.837275171460516,0.18989322582239274,0.5600463306713559,2.6412423178440174,0.9255026989749907,1.4487075330535943,0.0001,3.935122680928984,with,False,4,6,0,Monday,2024,0,3,CHOP,False,False,True,False,False,True,False,False,False
1359,XTZUSDT,1,2024-07-01 00:00:03,2024-07-03 03:09:20.000,51.15472222222222,0.7931586,0.7675192866789905,0.7808438000000001,-63.55008322096685,-0.5104918257821163,-56.97277201679981,4.36914671236704,-2.2081644918000003,0.5788532560986552,0.4742170684437532,-0.16219623154229887,2.039219991749879,1.3594799944999192,0.9604476490514051,0.0001,3.3351024333765205,with,True,4,6,0,Monday,2024,0,3,CHOP,False,False,True,False,False,False,False,False,False
1360,BTCUSDT,1,2024-07-01 00:00:03,2024-07-02 16:08:16.795,40.137165277777775,62778.65322,61480.7420153892,61827.632,-96.94232404380462,-0.7560073454139116,-87.20864587400023,6.855837812804399,-2.877840357,0.824668726333218,0.7359927371044217,-0.32040190309066496,2.7754739069605683,1.8950281026556353,1.7136738631601682,0.0001,2.047697773652611,self,False,4,6,0,Monday,2024,0,3,CHOP,False,False,True,False,False,True,False,False,False
1361,DOTUSDT,1,2024-07-01 12:00:03,2024-07-03 08:34:03.333,44.566759166666664,6.3612720000000005,6.143634183208656,6.2717453999999995,-55.94798165547866,-0.4367118936648048,-50.34514026744056,4.262494273237295,-1.340347114800796,1.119878905207309,0.4285652253598147,-0.30910069303119503,2.3370740050062393,2.6821144585012604,1.3887750335901798,2.897e-05,3.417164231902911,with,True,1,6,12,Monday,2024,0,3,GAVE_BACK,False,False,False,False,False,False,False,False,False
1362,ATOMUSDT,-1,2024-07-03 20:00:03,2024-07-06 16:37:12.500,68.61930555555556,6.3257346000000005,6.552081152950016,5.9951988,167.69844234106506,1.3370706970444974,175.31589083778036,3.921007191911964,-3.6964413048033236,5.649454711521003,0.3192688338220807,3.290240519653342,4.83232216502638,2.7344309097088075,1.8839105484856924,-0.0001,3.5247456620321658,with,True,6,6,20,Wednesday,2024,0,3,WIN,False,False,True,False,False,False,False,True,True
1363,XRPUSDT,-1,2024-07-03 20:00:03,2024-07-06 16:18:10.000,68.30194444444444,0.4624075,0.47423078123378465,0.4395879,223.1838251840355,1.779959175221099,227.7522820058405,5.401449036147095,0.8329922143420986,6.868440189678681,0.5914178866031815,5.041536170997408,3.4780292281383565,2.088522453171317,2.1721375513359855,-0.0001,2.5363851316291135,with,True,6,6,20,Wednesday,2024,0,3,WIN,False,False,True,False,False,False,False,True,True
1364,FILUSDT,-1,2024-07-03 20:00:03,2024-07-06 16:31:12.307,68.51925194444445,4.0911816,4.28247131817649,3.7897578,94.31552565003832,1.504972318338176,95.48337353309994,1.4978883827791796,0.33004049971756505,4.465381663701883,0.218612899839276,3.3623427653679716,3.3672642706043336,2.1586380668921143,2.029881193497897,-0.0001,4.629155098375028,with,True,6,6,20,Wednesday,2024,0,3,WIN,False,False,True,False,False,False,False,True,True
1365,AXSUSDT,-1,2024-07-03 20:00:03,2024-07-06 16:17:20.000,68.28805555555556,5.722855200000001,5.98567615827124,5.2130424,111.59081110044754,1.7808234117002262,117.45872790624014,1.511750925762048,-4.356165880030554,5.101781870136075,0.2250383698051968,3.625491689352352,1.827345135390441,1.7892754450698076,1.6070531700947104,9.448e-05,4.5898332740038486,with,True,6,6,20,Wednesday,2024,0,3,WIN,False,False,True,False,False,False,False,False,True
1366,ETHUSDT,-1,2024-07-03 20:00:03,2024-07-06 20:28:12.523,72.46931194444444,3264.5869519999997,3355.8003571339955,3065.442966,256.8636135770991,2.0498268878042247,258.7676954083995,4.93514452526952,3.0310626939691003,5.093406515385589,0.5262718558690168,4.860326739789354,3.306303215621923,2.701954892226738,1.544486448037345,-0.0001,2.773467099937395,with,True,6,6,20,Wednesday,2024,0,3,WIN,False,False,True,False,False,False,False,True,True
1367,DOGEUSDT,-1,2024-07-03 20:00:03,2024-07-06 15:30:18.400,67.50427777777777,0.117466502,0.12210508044369199,0.109811958,194.13811645277423,1.5497997312117417,198.66438082904156,3.539241621578876,-0.9870227546884608,5.707891398496329,0.34353154082518517,4.052211734300063,2.8731893542883107,1.9891310914303746,1.33460617621022,-1.45e-06,3.9280623403625743,with,True,6,6,20,Wednesday,2024,0,3,WIN,False,False,True,False,False,False,False,False,True
1368,ETHUSDT,-1,2024-07-08 00:00:03,2024-07-08 08:50:03.415,8.83344861111111,2929.643954,3051.836586577497,3052.446953894813,-132.65722456478971,-0.99536601498777,-128.9922710895113,3.770152973791627,0.10519949851320001,0.8869925437710868,1.0829298232532618,0.3520994113349146,2.224733502922707,2.1450437659593695,0.7623009143147786,-0.0001,4.149714241068909,with,True,3,3,0,Monday,2024,0,3,CHOP,False,False,True,False,False,False,False,False,False
1369,XRPUSDT,-1,2024-07-08 00:00:03,2024-07-08 11:37:11.479,11.619021944444444,0.41931612,0.43930176939227894,0.43938962974615736,-66.5203379261906,-0.9984411237504698,-64.7436831528188,1.661765391885539,-0.11488938148626249,0.8263989663693746,1.014922237544919,-0.059236503991576074,2.944461813668402,0.7135043985339811,0.5953939713945889,-2.344e-05,4.745295515564845,with,True,3,3,0,Monday,2024,0,3,CHOP,False,False,True,False,False,False,False,False,False
1370,BTCUSDT,-1,2024-07-08 00:00:03,2024-07-08 09:02:03.931,9.033591944444444,55819.8338,57911.566458370784,57923.148771662454,-132.18520355960456,-0.9935472004411989,-128.3022132714097,4.162993162122846,0.280002873928,0.7537931741373173,1.137892163453561,0.44452803099810695,2.2926307966415678,1.11536377715108,0.8143521522983002,-7.905e-05,3.7267292097580063,self,True,3,3,0,Monday,2024,0,3,CHOP,False,False,True,False,False,False,False,False,False
1371,BTCUSDT,1,2024-07-10 08:00:03,2024-07-12 01:14:15.498,41.236805,58959.7896,56699.91125822102,57018.594000000005,-112.93842476215005,-0.8643762070266273,-107.73635579999954,3.86208017388,-1.3399887882705,0.36294449344310037,0.8672102226782932,1.1182063889380638,1.6418550326335908,1.8697273595782684,1.4128679256320171,9.225e-05,3.8138442829861847,self,False,3,3,8,Wednesday,2024,0,3,WHIPSAW,False,False,True,False,False,True,False,False,True
1372,ADAUSDT,1,2024-07-10 08:00:03,2024-07-16 08:18:13.333,144.30287027777777,0.38227644,0.3614179206784986,0.42821434,95.98907863364438,1.4697728276397692,100.69129899021428,2.70587758816653,-1.9963427684033592,3.35707242305633,0.09954877275778509,3.5536347934146915,1.043957340855104,2.322565643645536,0.782185584558003,0.0001,5.462223207298295,with,False,3,3,8,Wednesday,2024,1,3,WIN,False,False,True,False,False,True,False,False,True
1373,XTZUSDT,1,2024-07-10 08:00:03,2024-07-12 10:09:10.000,50.151944444444446,0.7541508,0.7172602370371033,0.7378524,-29.593938174676776,-0.4627901075782319,-27.357131693760078,1.5026111040314878,-0.7341953768852121,0.5651635086450004,0.46491022696643897,1.3241652085692188,1.4308515941949427,2.0667856360593615,0.781461149321991,0.0001,4.998644101045926,with,False,3,3,8,Wednesday,2024,0,3,WHIPSAW,False,False,True,False,False,True,False,False,True
1374,XRPUSDT,1,2024-07-11 12:00:03,2024-07-18 08:20:02.400,164.33316666666667,0.44968991999999997,0.4338318903278663,0.5731853400000001,971.292258205565,7.414864236168534,983.9628860731872,5.563707192342651,-7.106920675279495,11.849522537481601,0.7056311680172543,9.982960258813767,1.1973700959079112,2.785460959954192,1.071948185364721,0.0001,3.5285989931362534,with,False,2,5,12,Thursday,2024,1,3,WIN,False,False,False,False,False,True,False,False,True
1375,LTCUSDT,1,2024-07-11 12:00:03,2024-07-18 16:00:18.888,172.00441333333333,67.833564,65.39845642125869,71.065784,130.89804172964259,0.9989554251754175,139.41309553799977,5.297342444534158,-3.2177113638230193,2.618543860512288,0.45318901293486846,2.565158128754518,1.5052166993834382,3.508059684628618,0.40530710063698244,6.37e-05,3.584761283711213,with,False,2,5,12,Thursday,2024,1,3,WIN,False,False,False,False,False,True,False,True,True
1376,FILUSDT,1,2024-07-11 16:00:03,2024-07-12 20:21:16.000,28.35361111111111,4.0918182000000005,3.8749889513403977,3.9552088,-41.24932995167065,-0.6358851518976699,-39.67180691008019,1.4021294347718398,-0.17539360681862404,0.6557316454257915,0.6448309020315758,1.2276102123928592,1.6758402046853251,2.675789056099778,2.25336859439871,8.771e-05,5.280152741618249,against,False,1,6,16,Thursday,2024,0,3,WHIPSAW,False,False,False,False,True,True,False,False,True
1377,BTCUSDT,-1,2024-07-12 04:00:03,2024-07-13 09:55:03.302,29.916750555555556,56876.22248,59030.77625432037,58511.7,-97.95688119332492,-0.7534120253224511,-94.69414840800002,4.0085764269552,0.7458436416303,0.08643204092631111,0.9393023948257577,-0.6397043956049612,0.6092825997710993,0.11566944132582364,1.028853397418191,-6.378e-05,3.7673873644175035,self,True,1,6,4,Friday,2024,0,3,FALSE_BREAKOUT,False,False,False,False,False,False,False,False,False
1378,DOGEUSDT,1,2024-07-13 16:00:03,2024-07-18 08:35:08.148,112.58476333333333,0.110742144,0.10631381585266275,0.12022595,271.6068090883184,2.000756490617976,279.5444181286633,4.084805706286048,-3.8528033340588754,3.8519855422766884,0.2285612010502447,5.654020019960639,1.5695429874518159,0.987219792107374,1.2559178733498753,0.0001,3.970900684073026,with,False,2,5,16,Saturday,2024,0,3,WIN,False,False,False,True,False,True,False,False,True
1379,XTZUSDT,1,2024-07-13 16:00:03,2024-07-18 10:29:20.000,114.48805555555556,0.790158,0.759260625132249,0.8018396000000001,39.97721534881437,0.3022853973820631,48.03520880032029,3.9278148777021125,-4.130178573803809,1.4836859181796478,0.49059184040327947,1.2571294540799671,1.8273831870246207,1.9534096137159738,0.6041207226498986,0.0001,4.012563194405947,with,True,2,5,16,Saturday,2024,0,3,WIN,False,False,False,True,False,False,False,False,True
1380,FILUSDT,1,2024-07-13 20:00:03,2024-07-18 14:47:03.846,114.78356833333333,4.295859,4.072789917963061,4.4601078,45.96807516197591,0.6679439373655711,49.158581797920064,1.5723618443154717,-1.61814479162868,2.4303726677380824,0.5149032710009546,2.1838122771282706,2.7721514449447926,2.061112600299856,0.7158467549812281,0.0001,5.173692247658636,with,True,1,6,20,Saturday,2024,0,3,WIN,False,False,False,True,False,False,False,False,True
1384,AVAXUSDT,1,2024-07-16 16:00:03,2024-07-18 14:46:08.548,46.768207777777775,28.449688799999997,26.92696145550685,27.1915606,-59.702930121584544,-0.8274400564142771,-57.885471979439906,1.5360056231366876,-0.281452519007952,0.5196670322246014,0.8692881261947758,1.1474878981578993,2.017087839401176,2.343381460480782,1.6956209987661583,-5.184e-05,5.3334219677019785,with,True,1,6,16,Tuesday,2024,0,3,WHIPSAW,False,False,False,False,False,False,False,False,True
1385,SOLUSDT,1,2024-07-19 16:00:03,2024-07-23 13:30:14.299,93.50313861111111,168.7767486,160.49926693977517,173.66526,37.09737549434991,0.5303319919424614,40.00659959531999,1.6814861459884078,-1.227737954981668,1.9985850865117685,0.19205703682064093,1.6579017584470583,3.020837644841929,2.1377283983915114,2.2905597499949044,5.128e-05,4.885941461755585,with,True,3,3,16,Friday,2024,0,3,WIN,False,False,True,False,False,False,False,True,True
1386,BTCUSDT,1,2024-07-19 16:00:03,2024-07-21 18:08:11.832,50.13578666666667,65804.6583,63677.64593097148,66145.86818,16.48767376494279,0.1179865569198654,21.35973848800059,4.956061774588799,0.08399705153100002,0.9003904856814351,0.009712355367933702,1.248249299656237,2.167983148480136,1.5218647526971707,2.023625302051436,4.606e-05,3.2129592257791995,self,True,3,3,16,Friday,2024,0,3,WIN,False,False,True,False,False,False,False,False,True
1387,XTZUSDT,1,2024-07-19 16:00:03,2024-07-20 13:16:17.047,21.270568611111113,0.8251649999999999,0.7912952143151929,0.7911369552723299,-136.47999040029254,-0.9991326018506096,-132.08787942339816,3.7644342980343604,-0.6276766788600001,0.11322776104013846,1.0087161553940769,-0.44774419717696756,2.1322707672675603,0.979691974149963,1.2012935837884042,0.0001,4.201547903729671,with,True,3,3,16,Friday,2024,0,3,FALSE_BREAKOUT,False,False,True,False,False,False,False,False,False
1388,AVAXUSDT,1,2024-07-19 20:00:03,2024-07-23 13:12:13.821,89.20300583333334,28.315662,26.89193131937635,30.123974,83.17742521282517,1.1862599182707418,86.31109342240005,1.67360130852432,-1.4600669010505483,3.289483090965294,0.40784539372688655,1.7316041815718166,2.0464780851156137,0.664046854515103,1.4057689175588521,9.57e-06,5.005717901104422,with,True,3,6,20,Friday,2024,0,3,WIN,False,False,True,False,False,False,False,False,True
1389,LTCUSDT,1,2024-07-19 20:00:03,2024-07-21 18:08:04.096,46.13363777777778,73.71474,71.10658164989586,72.24554800000001,-79.9203951787823,-0.5699618810514486,-75.56980046959961,4.50459429699264,0.15399958780994993,0.055694471155937605,0.8108173339688394,0.331751329425777,2.1053294389548616,1.3842733856864375,1.5424161719151497,6.759e-05,3.5188851426107837,with,True,3,6,20,Friday,2024,0,3,FALSE_BREAKOUT,False,False,True,False,False,False,False,False,False
1390,DOGEUSDT,1,2024-07-19 20:00:03,2024-07-23 13:11:10.140,89.18531666666667,0.125215038,0.11924789393909661,0.13277344,82.57375294927141,1.1781028962392597,85.89748825092751,1.7591466231523298,-1.5645886785037693,3.101142156302902,0.16507695975600079,1.6012621620121303,2.423383199897099,0.9929139499578377,1.449768591586927,0.0001,4.7464702139974335,with,True,3,6,20,Friday,2024,0,3,WIN,False,False,True,False,False,False,False,False,True
1391,AXSUSDT,1,2024-07-20 16:00:03,2024-07-21 14:02:18.333,22.0375925,6.3742746,6.100283440838964,6.2397518,-70.19931504173486,-0.5014335256398965,-66.26841995180003,3.72834165847704,-0.20255343145779503,0.4223691025445967,0.4900690971604697,0.3311252825740888,0.9387035418294312,2.4127614473584558,0.6811809738369141,-8.96e-06,4.27924931995977,with,True,1,6,16,Saturday,2024,0,3,CHOP,False,False,False,True,False,False,False,False,False
1392,LINKUSDT,1,2024-07-21 16:00:03,2024-07-22 22:06:17.872,30.104131111111112,14.4438882,13.85641023622951,13.9292136,-122.82567302557409,-0.8736041965103977,-118.51103209439985,3.91998234772512,-0.3946585834491201,0.956821931485416,0.8798427036863844,-0.48833865726422065,1.2192836080376503,1.4310359433271065,2.4441074670405807,6.468e-05,4.05476917165552,with,True,1,6,16,Sunday,2024,0,3,CHOP,False,False,False,True,False,False,False,False,False
1393,ADAUSDT,1,2024-07-22 00:00:03,2024-07-22 21:21:04.874,21.350520555555555,0.44668932,0.4269344018704447,0.4268490149900706,-141.75822918752849,-0.9973702634981562,-137.7623065901048,3.6392784041238904,-0.35664419329978586,0.1777116957395871,1.0574237697673619,-0.8195083317393846,0.9815033105925267,1.5076700337967668,1.5384772764909531,2.73e-05,4.4248037003705605,with,True,2,6,0,Monday,2024,0,3,FALSE_BREAKOUT,False,False,False,False,False,False,False,False,False
1394,BTCUSDT,1,2024-07-22 00:00:03,2024-07-23 05:37:16.361,29.620378055555555,68151.62759999999,66290.51162957611,66277.2535272502,-141.6092617414396,-0.9969082975709074,-135.1423706452601,5.815393397564843,-0.6514976986147,0.16553100660881384,1.0026390776577918,-0.3660317845990243,1.128450946363282,2.5539538302573543,1.1703892599015664,9.136e-05,2.711392131298076,self,True,2,6,0,Monday,2024,0,3,FALSE_BREAKOUT,False,False,False,False,False,False,False,False,False
1395,DOTUSDT,-1,2024-07-23 16:00:03,2024-07-27 07:36:20.000,87.60472222222222,5.9408116,6.191031716292029,5.888177399999999,23.869807614932334,0.17506056257877092,27.632118116220447,3.72601868644494,-0.03629181484317606,1.6258149265873374,0.20856996141386122,1.3580506836764867,2.224616238641459,2.0880874442121975,2.133478867371429,-4.105e-05,4.191042010973222,against,True,3,3,16,Tuesday,2024,0,3,WIN,False,False,True,False,True,False,False,False,True
1396,ADAUSDT,-1,2024-07-23 16:00:03,2024-07-26 19:07:10.000,75.11861111111111,0.4154169,0.4345855898106241,0.4175835,-8.11795898948643,-0.11910239753114116,-7.445757059400063,1.7176180029861599,1.0454160728997919,1.785041144597972,0.3069119516316318,0.5956014789113129,1.4748027466774571,1.7644961433462474,1.8124215514418167,-8.156e-05,4.568236239322441,against,False,3,3,16,Tuesday,2024,0,3,GAVE_BACK,False,False,True,False,True,True,False,False,False
1397,ALGOUSDT,-1,2024-07-23 16:00:03,2024-07-26 16:37:20.000,72.62138888888889,0.14557088,0.15246522696327058,0.14182836000000001,34.70585824157374,0.5092419804992997,35.78657167493199,1.6488943548594506,0.5681809215012021,1.9103883326684163,0.14927012021335753,1.1996611200542817,1.9809978712664458,2.141225640265936,2.4480388056248965,4.158e-05,4.715128408839676,against,False,3,3,16,Tuesday,2024,0,3,WIN,False,False,True,False,True,True,False,False,True
1398,XRPUSDT,1,2024-07-24 12:00:03,2024-07-25 01:25:19.516,13.421254444444445,0.62842566,0.5938305788983408,0.5937118127825611,-67.89131387248372,-0.9981129123396061,-66.32548453552187,1.4010350315294484,-0.16479430543241003,0.10910048133458392,1.0037744931991075,-0.07300633268001942,1.8802744717319053,1.5215759571245822,1.7192315594769068,0.0001,5.501180951887199,with,True,2,5,12,Wednesday,2024,0,3,FALSE_BREAKOUT,False,False,False,False,False,False,False,False,False
1399,LTCUSDT,1,2024-07-24 12:00:03,2024-07-24 21:31:13.921,9.519700277777778,73.36466999999999,70.77686111421313,70.76270574199029,-135.55167892450424,-0.9965090562581339,-130.8358697676308,4.34833733887342,-0.367471818,0.10253075544229337,1.025836959823565,-0.3920961882358913,0.9519577786167936,0.6788551372103406,0.7181441199983343,2.543e-05,3.494871674102639,with,True,2,5,12,Wednesday,2024,0,3,FALSE_BREAKOUT,False,False,False,False,False,False,False,False,False
1400,FILUSDT,-1,2024-07-24 20:00:03,2024-07-26 13:57:05.882,41.95080055555555,4.3201358,4.553505228467242,4.4238846,-30.899878219536763,-0.4527101977419706,-29.471278373439993,1.490315797260912,0.061715951164143995,1.2218215636587744,0.49219900290462876,-0.18367530092321932,0.8565118704742715,2.0342156923763928,1.3181481655245448,-0.0001,5.405213621926891,against,False,1,6,20,Wednesday,2024,0,3,GAVE_BACK,False,False,False,False,True,True,False,False,False
1401,ATOMUSDT,-1,2024-07-25 00:00:03,2024-07-26 16:30:16.000,40.50361111111111,6.0167964,6.261512480494944,6.1692336,-87.43616506154677,-0.6397001824939741,-81.91923299352027,3.9292386536987998,-1.5876934143276962,1.343583140654267,0.6219599451419964,-0.44215974602549984,1.2237565786948923,2.1148813356639864,1.3622943465692372,-8.714e-05,4.046402135176879,against,True,1,6,0,Thursday,2024,0,3,GAVE_BACK,False,False,False,False,True,False,False,False,False
1402,BTCUSDT,1,2024-07-26 16:00:03,2024-07-27 20:22:18.106,28.370862777777777,67541.40557999999,65522.19574653506,66826.1321,-51.484813202500895,-0.38173855591443195,-45.3483386319993,5.111341133347199,-1.0251334371544,0.9113933527364451,0.36707704554315507,1.2577169434848194,2.7467286453714155,1.6804730542261357,1.557146757072256,3.34e-05,2.9703297202122765,self,True,1,5,16,Friday,2024,0,3,WHIPSAW,False,False,False,False,False,False,False,False,True
1403,FILUSDT,1,2024-07-26 20:00:03,2024-07-28 15:03:20.000,43.054722222222225,4.6789356,4.424631592104345,4.4821034,-52.6126975841934,-0.7816447729522552,-50.60853078622006,1.4132648751533394,-0.59090192282,0.01991474708522169,0.7704778293560979,-0.12951270517731697,4.373078748066763,2.37204000684849,1.9238132024390717,0.0001,5.416169471903702,with,True,2,4,20,Friday,2024,0,3,LATE_ENTRY,False,False,False,False,False,False,False,True,False
1404,DOGEUSDT,1,2024-07-26 20:00:03,2024-07-28 04:19:11.875,32.31913194444444,0.13356670799999998,0.1263281144802187,0.128894216,-44.03181591599,-0.6542235465366861,-42.19865877688095,1.4222173915941576,-0.4109397475148979,0.72020786714344,0.6598944928937406,0.20491439337580625,3.1880540084865374,0.6498298240294881,1.3332789719440885,0.0001,5.393458788123512,with,True,2,4,20,Friday,2024,0,3,LATE_ENTRY,False,False,False,False,False,False,False,True,False
1405,SOLUSDT,1,2024-07-27 08:00:03,2024-07-30 00:21:15.019,64.35333861111111,185.7581442,176.61409486410435,181.4077112,-33.439236291686655,-0.49768405550563494,-30.960291487800067,1.5677835159237838,-0.9111612879628019,0.8896338483286615,0.8454836490930582,-0.1077360985064625,1.9820125202418515,2.180213772266037,0.6908554751463298,3.411e-05,4.903540868235503,with,True,1,4,8,Saturday,2024,0,3,CHOP,False,False,False,True,False,False,False,False,False
1406,ADAUSDT,-1,2024-07-28 16:00:03,2024-07-29 02:56:08.130,10.934758333333333,0.40731852,0.4231439004869047,0.42322852926700205,-132.52692073571495,-0.995687113815023,-128.52012412330032,4.025466286185876,0.018669673771268,0.20969606403751417,1.0225017978803073,1.454531852744242,1.9309065136232129,-0.2858249773455383,0.731282352393795,-5.265e-05,3.864482201007539,against,True,3,4,16,Sunday,2024,0,3,WHIPSAW,False,False,True,True,True,False,False,False,True
1407,ALGOUSDT,-1,2024-07-28 16:00:03,2024-07-29 10:35:19.292,18.58785888888889,0.13917216,0.14479646346839561,0.14482542276108928,-132.48109121260487,-0.9956012422855901,-128.65779681834783,3.877955599509875,0.05466120525285301,0.33286966297606835,1.0006287945919474,1.488568326201682,1.250789903218422,0.10721056313301554,0.7400129060468721,-0.0001,4.020447893962379,against,True,3,4,16,Sunday,2024,0,3,WHIPSAW,False,False,True,True,True,False,False,False,True
1408,AVAXUSDT,-1,2024-07-28 16:00:03,2024-07-29 06:24:07.601,14.401278055555556,27.240550799999998,28.659084930067312,28.664816747053326,-66.76201815400174,-1.003691499824814,-64.79441558248648,1.5259884401349635,-0.441614131380288,0.13573927896318022,1.0288432044498963,1.6499784886310291,2.243318807347976,1.6035837279023681,0.7281937938463884,0.00025337,5.186394076441726,against,True,3,4,16,Sunday,2024,0,3,WHIPSAW,False,False,True,True,True,False,False,False,True
1409,FILUSDT,-1,2024-07-28 20:00:03,2024-07-29 08:13:16.000,12.220277777777778,4.4701058,4.670631798764662,4.645929,-115.4532144479984,-0.8698741490301941,-112.36600493663997,3.4955537540189754,0.408344242660536,0.39449148981842824,0.8771640639298359,1.8706093090713172,1.485307921450426,-0.9719296801437275,0.6208768116042821,-0.0001,4.488407131200489,against,False,1,5,20,Sunday,2024,0,3,WHIPSAW,False,False,False,True,True,True,False,False,True
1410,LTCUSDT,1,2024-07-29 04:00:03,2024-07-30 20:03:17.500,40.054027777777776,73.104618,70.74942108145804,71.655666,-82.92893217791406,-0.6331445198652377,-76.7679401784003,4.60178756328168,-1.5592044362321,1.5520494151558875,0.6133746136583467,-0.0953712185302371,1.7260686952254882,2.285759286994147,1.9301343421610797,0.0001,3.2023244199507026,with,True,1,5,4,Monday,2024,0,3,GAVE_BACK,False,False,False,False,False,False,False,False,False
1411,XRPUSDT,1,2024-07-30 12:00:03,2024-08-01 04:31:14.909,40.51997472222222,0.6296259,0.6025854752788925,0.60647868,-111.87123920970366,-0.8629984769929914,-106.98134456326761,3.427801610453791,-1.462093035982253,1.0604160362029131,0.9033105157158797,-0.5852681739738512,1.6185257971712947,1.4246010472797992,5.356690160096311,7.981e-05,4.260331223563312,with,True,1,2,12,Tuesday,2024,0,3,GAVE_BACK,False,True,False,False,False,False,False,False,False
1412,AVAXUSDT,-1,2024-07-30 16:00:03,2024-08-06 16:54:13.888,168.90302444444444,26.6806628,27.98161412778306,21.3762744,266.88130640946497,4.132393223694378,272.74785319570003,1.822194510268524,-4.044352275966485,7.247513875916711,0.16859754497792687,5.513398270035875,1.2925028910015106,1.9588530656685514,1.6720529834840614,0.00017798,4.847175238995284,against,True,1,3,16,Tuesday,2024,1,3,WIN,False,False,False,False,True,False,False,False,True
1413,DOGEUSDT,-1,2024-07-30 20:00:03,2024-08-07 09:40:06.229,181.66756361111112,0.125084978,0.13123090465110107,0.10144028399999999,254.62907938537734,3.944045058998893,256.0521014833265,1.8271113216835368,0.4040892237343492,7.269038590298891,0.360404886967396,5.142426812779796,1.3690786701754187,2.0895604047188026,0.8655336037816173,-7.608e-05,4.89241839269529,against,False,3,6,20,Tuesday,2024,1,3,WIN,False,False,True,False,True,True,False,False,True
1414,LINKUSDT,-1,2024-07-30 20:00:03,2024-08-07 05:10:12.000,177.16916666666665,13.137372000000001,13.695644698234537,10.4500896,625.8357367591979,4.847404770750238,630.8460045432001,3.6031097247520316,-1.407158059250321,9.445871196417718,0.4865507499453005,6.805584460811032,1.619740101650556,1.229202766030368,1.4790992153440843,-9.832e-05,4.228650671495702,against,True,3,6,20,Tuesday,2024,1,3,WIN,False,False,True,False,True,False,False,False,True
1415,DOTUSDT,-1,2024-07-30 20:00:03,2024-08-07 02:21:10.769,174.35215805555555,5.557888200000001,5.756814676332396,4.5999198,620.8875619137192,4.810223735562365,629.1013621855802,4.47087627225846,-3.7429239996025467,9.92270227871399,0.0508318459484631,5.825711194238234,1.4154662595888707,1.6631728550169211,1.6394511173312474,-9.159e-05,3.5584579300664823,against,True,3,6,20,Tuesday,2024,1,3,WIN,False,False,True,False,True,False,False,False,True
1416,ATOMUSDT,-1,2024-07-31 20:00:03,2024-08-06 22:05:20.000,146.08805555555554,5.8618274,6.091080072669994,4.9549908,488.7383125243771,3.7494026029428924,499.3709526819601,3.9456512717772236,-6.686988885805789,8.012239851371703,0.04437287418080862,4.945754336448362,1.4091945463882347,2.1886552798592245,1.8415332393030812,8.755e-05,3.872443258355977,with,True,1,6,20,Wednesday,2024,1,3,WIN,False,False,False,False,False,False,False,False,True
1417,ALGOUSDT,-1,2024-08-01 08:00:03,2024-08-06 16:54:10.000,128.90194444444444,0.13237352,0.13838898258014606,0.1160232,163.12876430308592,2.4937243401061995,165.3358558286639,2.1398730281095824,-0.06721849746841249,6.578632893605177,0.5529882291976984,4.151554376287648,2.204047152142174,1.8200086332083079,1.4838802358584533,-3.517e-05,4.523400740291597,with,True,1,6,8,Thursday,2024,1,3,WIN,False,False,False,False,False,False,False,False,True
1424,ATOMUSDT,1,2024-08-10 20:00:03,2024-08-11 13:10:20.000,17.171388888888888,5.236047,4.972190049776948,5.0129972,-61.64419229459598,-0.8427634767380063,-59.93009090304002,1.6522574346408958,-0.06184395691507201,0.03014133223808042,0.8415431157386307,-0.31853244695260335,1.2480501583810715,1.9481758569850818,0.6854308923922762,2.176e-05,5.020247377708724,with,False,1,1,20,Saturday,2024,0,3,FALSE_BREAKOUT,False,False,False,True,False,True,False,False,False
1425,ADAUSDT,1,2024-08-11 08:00:03,2024-08-11 12:49:20.000,4.8213888888888885,0.35257049999999995,0.33706269484417434,0.3439312,-82.28706780208954,-0.5635420143939313,-78.49032645877965,3.796741343309892,0.0,0.24049180154930172,0.5526571886789803,-0.423689873194707,0.7514264881667123,2.2478016499469833,0.41867361427475447,-1.952e-05,4.379377349170395,with,False,1,2,8,Sunday,2024,0,3,FALSE_BREAKOUT,False,False,False,True,False,True,True,False,False
1426,LINKUSDT,-1,2024-08-12 00:00:03,2024-08-12 11:06:07.375,11.101215277777778,9.993001,10.55042534093677,10.552535426004956,-72.5316331723861,-0.9989816355208979,-70.84824902074764,1.5608854933564487,-0.12249865828200002,0.1004638582984889,1.0135886765377005,-0.16683699144481723,1.9912667256676495,0.3312776469465181,1.3675092099054937,0.00013024,5.557031925330374,against,True,2,2,0,Monday,2024,0,3,FALSE_BREAKOUT,False,False,False,False,True,False,False,False,False
1427,AXSUSDT,-1,2024-08-12 00:00:03,2024-08-12 11:52:11.374,11.868992777777779,4.5230952,4.765274933769408,4.766227988756162,-72.31584778492328,-0.9961009851616588,-70.76982786064205,1.6223327335815372,0.076312809300312,0.19446383587506139,1.0071230825294186,-0.1689026549139221,3.0465100479540728,0.5618563613029974,1.156965362105961,0.0004683,5.309943287721713,against,True,2,2,0,Monday,2024,0,3,LATE_ENTRY,True,False,False,False,True,False,False,True,False
1428,DOTUSDT,-1,2024-08-13 12:00:03,2024-08-18 00:27:17.857,108.45412694444444,4.444111,4.669708957026844,4.3828764,16.77936552849482,0.23284498811738075,18.96239611280018,1.64006132050992,-0.5429692637954401,1.0466007897930796,0.7397629047684203,0.457056443945239,1.7533791496924263,1.52641890442767,1.319942337705451,0.00015698,5.055319618151727,against,True,1,1,12,Tuesday,2024,0,3,WIN,False,False,False,False,True,False,False,False,False
1429,LTCUSDT,1,2024-08-13 16:00:03,2024-08-19 00:09:20.000,128.15472222222223,62.96259,60.23172902345762,66.016794,149.17699436844043,1.0361575510812109,155.28947527800028,3.9347353738727997,-2.1777455356870505,1.8885655638647507,0.16206976620258828,1.621250601195257,1.1551460568489935,1.4972753029857997,1.2760949533303425,5.265e-05,4.318142933347715,with,False,1,2,16,Tuesday,2024,0,3,WIN,False,False,False,False,False,True,False,False,True
1430,AXSUSDT,1,2024-08-13 20:00:03,2024-08-15 17:58:11.000,45.96888888888889,4.9149828,4.643869504457946,4.659068,-67.82245866191832,-0.9426325336988058,-66.00209036619982,1.4815259595901198,-0.33884233612838005,0.16235721642493978,0.9736992037672028,-0.040510001466513304,1.2438432740656262,1.3771121962869488,1.6800081065063035,0.0001,5.497161081441881,with,False,2,4,20,Tuesday,2024,0,3,FALSE_BREAKOUT,False,False,False,False,False,True,False,False,False
1431,BTCUSDT,1,2024-08-13 20:00:03,2024-08-15 01:58:07.028,29.967785555555555,60806.6589,58178.26349156593,58348.328,-132.80895849404175,-0.9245723942979063,-129.55403843000005,3.767680685777999,0.5127606217362999,0.3930310853097453,1.0452989269361366,-0.3753845014467693,1.3514234683776123,0.7533753521484527,2.409441326404632,-3.902e-05,4.299631873934388,self,False,2,4,20,Tuesday,2024,0,3,CHOP,False,False,False,False,False,True,False,False,False
1432,ALGOUSDT,1,2024-08-18 12:00:03,2024-08-26 02:17:20.000,182.28805555555556,0.11912381999999999,0.11435722509719212,0.14077184,657.1987436882398,4.549520737081074,670.9426537351286,5.383690906146685,-8.36021914074203,6.141948413269654,0.4455633514710682,4.946126213937737,1.4337598008233898,0.6114563856452663,0.9563313399120698,0.0001,3.9821787597043503,with,False,2,3,12,Sunday,2024,1,3,WIN,False,False,False,True,False,True,False,False,True
1433,AXSUSDT,1,2024-08-18 12:00:03,2024-08-19 06:13:18.167,18.22087972222222,4.765953,4.557916428032703,4.557004844747096,-142.769427196614,-0.9885844616441739,-139.9220485858446,3.7458689949310524,0.8984903841616478,0.6635708264876684,1.004405129463712,0.9471748074707572,1.9409601463210049,0.6647788501149458,1.969000616105695,-0.00036159,4.325851636593138,with,False,2,3,12,Sunday,2024,0,3,CHOP,False,False,False,True,False,True,False,False,False
1434,ADAUSDT,-1,2024-08-19 08:00:03,2024-08-20 00:29:16.000,16.486944444444443,0.33053388,0.3418989953214957,0.33996797999999995,-117.98408189157338,-0.8257521853947757,-113.33063950883934,4.832791972885597,0.1793495901515616,0.2757455521874586,0.8329101581658424,-0.3929674159621511,0.7611296186342263,0.3628641205116679,0.7433970479399756,-3.085e-05,3.4177239326968283,with,True,1,2,8,Monday,2024,0,3,FALSE_BREAKOUT,False,False,False,False,False,False,False,False,False
1435,XRPUSDT,1,2024-08-19 12:00:03,2024-08-21 13:42:04.166,49.70032388888889,0.5850169799999999,0.5662764756961876,0.5869825799999999,7.913547091344281,0.05538195619289401,14.274125087040085,5.106614261720341,-1.253963733975464,1.589232579719927,0.5878699858551184,2.3522856848111786,1.8471262172948617,1.5947572283039977,4.242325961328092,1.061e-05,3.1840527105167444,against,True,1,3,12,Monday,2024,0,3,WIN,False,True,False,False,True,False,False,False,True
1436,AVAXUSDT,1,2024-08-20 04:00:03,2024-08-26 21:18:15.675,161.30352083333332,21.7953582,20.893601622410355,26.112776399999998,694.9651353196209,4.8148446724144245,698.7906900122398,5.099027904432719,1.2734732118138568,6.8639829792477265,0.37300332302434663,5.54211848762831,2.025884969675086,2.2590402332555377,2.0068043703861473,-0.00018766,4.11380623033339,with,True,4,6,4,Tuesday,2024,1,3,WIN,False,False,True,False,False,False,False,False,True
1437,FILUSDT,1,2024-08-20 04:00:03,2024-08-25 07:37:18.571,123.62099194444444,3.6587316,3.518827617449309,4.0561886000000005,383.0869191433954,2.6547438857221377,393.0226957567008,5.448304049242451,-4.487472564062932,4.840951541566075,0.7771873110231419,4.176209921603229,1.1496533799852355,1.60951473197933,1.2201838243995504,0.0001,3.8046031315115094,with,False,4,6,4,Tuesday,2024,1,3,WIN,False,False,True,False,False,True,False,False,True
1438,BTCUSDT,1,2024-08-20 04:00:03,2024-08-20 15:07:15.081,11.1200225,60600.617699999995,58755.23005737527,58743.4790113638,-143.17384812449973,-0.993419335526551,-137.7996906968056,5.313199185589916,-0.0609582421042,0.42559204465189965,1.021150058921909,0.924999312107746,2.0639587854171246,2.3569711161586873,1.972714721441972,-2.656e-05,3.025932176390822,self,True,4,6,4,Tuesday,2024,0,3,CHOP,False,False,True,False,False,False,False,False,False
1439,ADAUSDT,1,2024-08-20 04:00:03,2024-08-26 07:53:10.000,147.8852777777778,0.34136826,0.3296627964270686,0.37702458,397.29587893666354,2.754837209956161,409.0470089642883,6.017559460790571,-5.733570566834145,5.111437033417411,0.5440416742423092,3.4113762134411476,1.3233419784647353,1.4866114433402562,1.3501489899318977,6.275e-05,3.4096699598392712,with,False,4,6,4,Tuesday,2024,1,3,WIN,False,False,True,False,False,True,False,False,True
1440,XTZUSDT,1,2024-08-21 16:00:03,2024-08-26 09:32:20.000,113.53805555555556,0.6861372,0.6605271114951473,0.7198559999999999,176.950689181462,1.205991429206204,185.24234728703965,4.634497324417535,-3.6571607811601274,2.727940592113227,0.1615457127067726,1.7908098986580907,2.533415701530536,1.5527386557767893,3.339692080240364,0.0001,3.572684453263171,with,True,2,6,16,Wednesday,2024,0,3,WIN,False,True,False,False,False,False,False,False,True
1441,SOLUSDT,-1,2024-08-21 16:00:03,2024-08-22 11:51:08.266,19.851462777777776,140.2489446,146.41003022129394,144.4998942,-101.33185809971927,-0.6908046826181037,-97.6523891162403,3.924733110017832,0.245264126538858,0.10987423996516589,0.6995610294886331,-0.26457275554915266,0.5860072216050152,1.016463277541913,2.2690109087075174,1.553e-05,4.372085389118626,against,True,2,6,16,Wednesday,2024,0,3,FALSE_BREAKOUT,False,False,False,False,True,False,False,False,False
1443,AXSUSDT,1,2024-08-22 12:00:03,2024-08-25 08:04:14.285,68.06980138888889,4.9719942,4.7769878741172525,5.1449708,123.4545096932106,0.8155630579662275,129.0099094441401,4.5272785052991,-1.028121245630423,2.4512322758565928,0.3179086612670992,2.035861135288037,2.0306429572389657,2.30242092878862,0.9156614207475657,0.0001,3.922206876161463,with,True,1,6,12,Thursday,2024,0,3,WIN,False,False,False,False,False,False,False,False,True
1447,LTCUSDT,-1,2024-08-26 04:00:03,2024-08-29 16:07:20.000,84.12138888888889,64.327132,66.44972847713768,63.472692,57.174221969846116,0.3558643824529313,61.683048928000275,5.535613592609279,1.0267866344551198,2.53328037519928,0.22748930623457184,1.5297924193197419,1.5568031639863964,0.8397301914835691,1.0297738965489114,1.226e-05,3.295085461118737,against,False,1,4,4,Monday,2024,0,3,WIN,False,False,False,False,True,True,False,False,True
1448,XRPUSDT,-1,2024-08-26 20:00:03,2024-09-02 19:57:10.000,167.95194444444445,0.58098378,0.6009660437389197,0.56651328,106.41436045011753,0.6700428779991907,109.89779532269957,5.228875175009018,1.7454403024269833,1.9309013485218764,0.9516549400237295,2.4463584626194406,1.8820154650752152,2.301927517766728,1.409577800719344,-5.817e-05,3.400902226242196,against,True,1,3,20,Monday,2024,0,3,WIN,False,False,False,False,True,False,False,False,True
1449,ETHUSDT,-1,2024-08-27 16:00:03,2024-08-29 06:30:13.882,38.50302277777778,2577.114474,2664.6600728954922,2555.739119890982,31.424819531971117,0.19846439771838964,36.92164915250712,5.319586807636735,-0.17724281289927005,2.160182537853853,0.15815216498236748,1.6690099313207556,3.2840698759608085,2.5289567415588756,3.0563135469550518,-7.429e-05,3.37595912910618,against,True,1,3,16,Tuesday,2024,0,3,WIN,False,True,False,False,True,False,False,True,True
1450,SOLUSDT,-1,2024-08-28 08:00:03,2024-09-03 02:09:10.417,138.15206027777776,143.89021620000003,151.3737474606431,136.16022660000002,32.111443584494396,0.39375354484614095,35.62711226376,2.71754482476456,-0.7981238545010431,2.2895897141649204,0.613184289632494,2.925118562024815,3.6921851424438583,2.4343635692878536,0.9565617109067385,-1.753e-05,5.1805524400305005,with,True,1,4,8,Wednesday,2024,1,3,WIN,False,False,False,False,False,False,False,True,True
1451,ETHUSDT,-1,2024-08-30 16:00:03,2024-09-02 10:21:17.994,66.354165,2447.540394,2557.474620041634,2528.0054999999998,-117.1538853579616,-0.72450679929587,-114.2845900517995,4.240060699948919,1.3707653937868096,0.4576408622820227,0.8410447713070178,1.2977795827294833,2.311334383066074,2.191993721079659,2.1708211941324307,-1.032e-05,4.470295421710188,with,True,4,6,16,Friday,2024,0,3,WHIPSAW,False,False,True,False,False,False,False,False,True
1452,ADAUSDT,-1,2024-08-30 16:00:03,2024-09-05 12:30:06.666,140.50101833333332,0.33963206,0.35844495684338207,0.3290658,42.82832709514515,0.5298061044055783,44.127865298243975,1.6756094828995702,0.3760712798007438,1.8674455238061156,0.5564236112676284,1.9418625586548717,2.6353754992741245,2.1285725186444875,2.4788438379322555,-5.081e-05,5.518091505264084,with,True,4,6,16,Friday,2024,0,3,WIN,False,False,True,False,False,False,False,False,True
1453,DOTUSDT,-1,2024-08-30 16:00:03,2024-09-02 20:55:20.000,76.92138888888888,4.1151767999999995,4.335577782332999,4.2238446,-40.13883390218619,-0.49696786650070063,-38.666926403820035,1.780348880277396,0.30844138191123405,0.3955372570358431,0.9066347975622536,1.1396355739490376,2.4481160082785602,2.860668891155138,1.8612214472232789,4.915e-05,5.360334929112982,with,True,4,6,16,Friday,2024,0,3,WHIPSAW,False,False,True,False,False,False,False,False,True
1454,ALGOUSDT,-1,2024-08-30 16:00:03,2024-09-02 15:37:20.000,71.62138888888889,0.1229754,0.1298690812980911,0.12432486,-16.6875117877757,-0.20647085228006645,-15.382238682383964,1.6913572653664224,0.3860841599746863,0.8377816946076745,0.8884367778498733,1.3454930100363658,2.5409651978696846,2.6443765722015873,1.711617959147288,-2.896e-05,5.498847520788867,with,True,4,6,16,Friday,2024,0,3,WHIPSAW,False,False,True,False,False,False,False,False,True
1456,LTCUSDT,1,2024-09-03 00:00:03,2024-09-04 01:02:12.581,25.035994722222224,65.32306200000001,62.96546585312515,62.95287275995453,-158.70447298400754,-0.9978612855807738,-153.10664030136965,4.971728941501098,-0.6261037411368,0.418620466999085,1.0786673550391566,1.3475327418613356,1.5098948354915878,1.3307547702637719,0.7224848416275962,8.869e-05,3.58985476477545,against,True,1,3,0,Tuesday,2024,0,3,WHIPSAW,False,False,False,False,True,False,False,False,True
1457,ATOMUSDT,-1,2024-09-03 20:00:03,2024-09-08 22:16:02.500,122.26652777777778,4.173165200000001,4.382763765802843,3.7777554,144.12981412026292,1.8130172187559217,145.34220366128014,1.753529104953696,0.5411395639364719,2.6821042302779747,0.12802950200165766,1.8805720282016123,2.0785286645253884,2.4265391978060173,2.280568287303407,-4.536e-05,5.026689810755887,with,True,1,3,20,Tuesday,2024,0,3,WIN,False,False,False,False,False,False,False,False,True
1458,AVAXUSDT,-1,2024-09-04 00:00:03,2024-09-06 13:22:17.966,61.370823888888886,21.368725400000002,22.51603163838067,22.169432999999998,-56.31307965112206,-0.7079278154286841,-53.909080443679706,1.758770929779072,-0.6452282776632762,0.8016389776613784,0.812576946601308,0.7964093364380681,1.7109858731853067,1.5288543165719284,0.8363262438740022,0.0001175,5.343088043326809,with,True,3,6,0,Wednesday,2024,0,3,CHOP,False,False,True,False,False,False,False,False,False
1459,ETHUSDT,-1,2024-09-04 00:00:03,2024-09-08 22:21:13.802,118.35300055555555,2423.5651900000003,2517.905448981784,2310.462,180.105930609375,1.1322160878049494,183.18192652400043,4.6003382621544,1.5243423475289604,2.8997714544415563,0.6972082831858706,1.6148481215152999,2.4013523183266954,1.2105850137912755,0.8308906207542575,-8.054e-05,3.8718445981635567,with,True,3,6,0,Wednesday,2024,0,3,WIN,False,False,True,False,False,False,False,False,True
1460,XTZUSDT,-1,2024-09-04 00:00:03,2024-09-04 16:36:11.588,16.602385555555557,0.6218756,0.6515794307047502,0.6517097465908912,-79.03855559732497,-0.9939676412468452,-77.27847102267056,1.9793573381074263,0.21927276345300004,0.8711199662157368,1.0141587561358727,1.544433795627026,2.3093532086708115,1.8544806069629205,1.018667746282892,-7.542e-05,4.587388556139683,with,True,3,6,0,Wednesday,2024,0,3,WHIPSAW,False,False,True,False,False,False,False,False,True
1461,BTCUSDT,-1,2024-09-04 04:00:03,2024-09-08 22:17:06.523,114.28431194444444,56621.57342,58568.91255044981,54831.164039999996,134.21063101063837,0.8443106659903501,139.65193164000036,5.215988113128,-0.22531251623399995,2.110969453507807,0.9646119418172991,1.1354845108510965,2.536140583830008,1.0739599800202333,2.8570987950949362,-2.209e-05,3.418529777655406,self,True,1,6,4,Wednesday,2024,0,3,WIN,False,True,False,False,False,False,False,False,True
1462,LTCUSDT,1,2024-09-05 08:00:03,2024-09-05 12:38:05.973,4.634159166666667,68.243646,65.32610663313854,65.31304141181191,-156.67823462933444,-0.9947168713263652,-152.50807664839053,4.170157980943925,0.0,0.05359105065588369,1.019230805855037,-0.4982438340030864,1.9698730452111624,2.0591007441231732,2.142388852138085,6.401e-05,4.27006648133273,against,True,1,6,8,Thursday,2024,0,3,FALSE_BREAKOUT,False,False,False,False,True,False,True,False,False
1463,XRPUSDT,-1,2024-09-06 08:00:03,2024-09-09 08:02:20.000,72.03805555555556,0.53459306,0.552990677228088,0.53170632,18.826630864218856,0.11885498459050475,23.750088414981988,5.263661684496799,0.34020413373366587,1.7661558884045068,0.5656678183363638,0.6464456702492147,2.0010194015011815,1.913543143512057,1.3486215313338632,-1.082e-05,3.4207363433865954,with,True,1,5,8,Friday,2024,0,3,WIN,False,False,False,False,False,False,False,False,False
1464,DOGEUSDT,-1,2024-09-06 16:00:03,2024-09-09 01:36:11.176,57.60227111111111,0.093621272,0.09825495672705294,0.09699939599999999,-58.24820476669161,-0.7274769877855645,-56.54510591045051,1.9144352061879693,0.2113363499468725,1.0275347332549807,0.7895936421049922,-0.5025650507476546,1.382461500148065,1.1527735393084164,3.810263048700809,1.359e-05,4.928403168574253,with,True,2,6,16,Friday,2024,0,3,GAVE_BACK,False,True,False,False,False,False,False,False,False
1465,LINKUSDT,-1,2024-09-06 16:00:03,2024-09-08 04:09:08.750,36.15159722222222,9.6800636,10.184551853878855,10.1580312,-75.39360092547231,-0.9418222377983175,-73.58349439407992,1.8324543389615036,0.022347807569108008,0.8009375776210458,0.9612441841241548,-0.8641160555240266,1.2565606391612374,2.1662788306044662,3.6217583943641682,1.308e-05,5.212312540070808,with,True,2,6,16,Friday,2024,0,3,CHOP,False,True,False,False,False,False,False,False,False
1466,LTCUSDT,-1,2024-09-08 16:00:03,2024-09-11 06:34:04.444,62.56706777777778,60.567884,62.930790625624574,61.782354000000005,-84.23411482912456,-0.523472945426235,-79.44710543700037,4.80227865256188,0.01526926043769003,0.41384792331415843,0.5383691366406627,0.21070828385713125,2.0078351294028787,3.343555957014122,1.0275886254544173,7.7e-06,3.880473135728918,with,True,1,6,16,Sunday,2024,0,3,LATE_ENTRY,False,False,False,True,False,False,False,True,False
1467,ADAUSDT,1,2024-09-09 04:00:03,2024-09-11 04:17:13.333,48.28620361111111,0.34456889999999996,0.32955231627661813,0.33713256,-81.87726361666006,-0.5166876035332774,-75.69455691437929,4.163426359950131,-2.019280342330636,0.2751025183955559,0.5106953846006257,1.3539098089496322,1.9127562607813469,2.498706242077044,1.3039379948220327,5.84e-05,4.311174135709024,against,False,1,3,4,Monday,2024,0,3,WHIPSAW,False,False,False,False,True,True,False,False,True
1468,AVAXUSDT,1,2024-09-09 08:00:03,2024-09-11 05:28:14.382,45.46982833333333,23.686736399999997,22.608133529872557,23.2683454,-31.322232932493378,-0.3963748629275217,-29.61212509419973,1.993981356295896,0.2838735180022501,0.855053908665231,0.4067636125872335,1.2972926725428366,1.1368854029422957,2.9789746810320987,0.866092325182795,6.069e-05,4.538557066788174,against,True,1,4,8,Monday,2024,0,3,WHIPSAW,False,False,False,False,True,False,False,False,True
1469,DOGEUSDT,1,2024-09-09 20:00:03,2024-09-11 05:07:18.580,33.12099444444444,0.103780752,0.0993642598864262,0.09934438703444892,-157.89154301234362,-0.9990325490823577,-153.00305716516297,4.203274640481553,-0.6852112066990907,0.25795313807956133,1.0009645407071168,1.0504372883949178,3.8673805913832244,3.1485027873378737,2.801474752214993,-1.582e-05,4.23644960830166,against,True,3,6,20,Monday,2024,0,3,WHIPSAW,False,True,True,False,True,False,False,True,True
1470,DOTUSDT,1,2024-09-09 20:00:03,2024-09-11 04:08:13.836,32.136343333333336,4.3178634,4.159232762619744,4.15840091606722,-158.01008385377443,-1.0008469194983725,-152.0809336590353,4.850337807374162,-1.078812387364962,0.12694016951927134,1.0077712769746248,0.9527579444676096,2.45642618990672,3.1681599321104725,1.3729134740833921,5.631e-05,3.6768697864811557,against,False,3,6,20,Monday,2024,0,3,LATE_ENTRY,False,False,True,False,True,True,False,True,False
1471,FILUSDT,1,2024-09-09 20:00:03,2024-09-11 14:00:10.000,42.00194444444445,3.615723,3.456026345890922,3.5152968,-101.23439794449291,-0.6408715811568513,-95.86362683897981,4.084225557206652,-1.2865455483064472,0.4713749353106875,0.6620238889149681,0.9598009479604193,3.1904054055241233,2.6080298156268644,2.0916871759934215,6.62e-05,4.371158110378464,against,False,3,6,20,Monday,2024,0,3,LATE_ENTRY,False,False,True,False,True,True,False,True,False
1472,XRPUSDT,1,2024-09-12 16:00:03,2024-09-15 23:09:05.000,79.15055555555556,0.55741146,0.5384701082576113,0.57358526,118.9586150233033,0.7740214676961279,125.33199408714013,5.25850724839981,-1.1148718154370283,2.2431630317552984,0.16426810727752086,1.8788806883490154,2.6941516990188825,0.32752432419445193,14.404978746061255,1.96e-06,3.396105443557349,with,False,1,1,16,Thursday,2024,0,3,WIN,False,True,False,False,False,True,False,False,True
1473,ALGOUSDT,1,2024-09-12 20:00:03,2024-09-15 08:21:20.000,60.35472222222222,0.13012601999999998,0.12535879629856744,0.13007398,-9.68642837149924,-0.06290919449574721,-1.6104847682192398,4.831454304659999,-3.24448929862,0.7287218342525218,0.6767083321536931,0.07844817516904938,1.6451518414286224,1.6240601511538988,1.1813318842336946,8.611e-05,3.644276480732174,with,True,3,4,20,Thursday,2024,0,3,CHOP,False,False,True,False,False,False,False,False,False
1474,DOTUSDT,1,2024-09-12 20:00:03,2024-09-16 01:13:12.000,77.21916666666667,4.2888576,4.147639191638425,4.3421314,45.79959051283373,0.29753040098043865,55.37909001054038,5.383242607559219,-4.19625689014743,1.884615490910857,0.1760223775950973,0.5108569119068854,1.8800120570500407,1.284435718366249,0.759618106897349,8.101e-05,3.2507769620148035,with,False,3,4,20,Thursday,2024,0,3,WIN,False,False,True,False,False,True,False,False,False
1475,LINKUSDT,1,2024-09-12 20:00:03,2024-09-15 09:50:11.538,61.835705,10.7331462,10.33373158508238,11.198759800000001,163.86019625783993,1.064817948390268,171.9956151401604,4.86092974560816,-3.2744891367123046,2.0526384598347636,0.240717781495877,1.3491088705182666,1.4750732200079741,1.3240418322938499,0.7723706440308741,6.76e-05,3.702063320451222,with,False,3,4,20,Thursday,2024,0,3,WIN,False,False,True,False,False,True,False,False,True
1476,AXSUSDT,1,2024-09-13 00:00:03,2024-09-15 16:57:13.333,64.95287027777778,4.712942399999999,4.548820967026669,4.6790639999999994,-33.982092429120925,-0.220732503104478,-30.38310787871988,5.053810279980672,1.4548257295796234,0.841191777934541,0.47490689416942244,0.07956060194845176,2.1326269292015847,2.9844520532217564,0.8563473860573587,0.0001,3.46305248245609,with,True,2,6,0,Friday,2024,0,3,CHOP,False,False,False,False,False,False,False,False,False
1477,XTZUSDT,1,2024-09-13 00:00:03,2024-09-15 14:14:20.000,62.238055555555555,0.6441288000000001,0.6231233747544206,0.6428714,-13.76325054297175,-0.08942570651152655,-8.782106726940524,5.393306718940572,0.41216290290934504,0.7555762292096431,0.14895199518317248,0.327115491339362,1.2454120191435398,1.7244166418910554,0.46589099797485617,0.0001,3.241711994655184,with,False,2,6,0,Friday,2024,0,3,CHOP,False,False,False,False,False,True,False,False,False
1478,ETHUSDT,-1,2024-09-16 00:00:03,2024-09-17 15:15:04.342,39.25037277777778,2314.38703,2385.2628187779374,2371.62423,-125.58979849048225,-0.8045424210444905,-119.80318332000007,5.884974100983599,0.09835893050142007,0.8934931249712261,0.8975275068797801,0.5521918087235822,2.891518952565979,1.6484214382334694,2.671083836542031,-3.228e-05,3.0417875360363587,against,True,1,2,0,Monday,2024,0,3,CHOP,False,True,False,False,True,False,False,False,False
1479,FILUSDT,-1,2024-09-16 16:00:03,2024-09-17 15:16:16.687,23.27046861111111,3.3933212000000004,3.5255031410374515,3.526208241665659,-155.96409306710171,-0.9990580121747075,-150.75183071031898,4.709857565839487,-0.50240479094325,0.10834460356383127,1.0037589020001414,0.25208587299046836,2.5854895732351313,2.5702808110396322,1.8853506779809814,3.687e-05,3.8745769309797153,against,True,1,2,16,Monday,2024,0,3,FALSE_BREAKOUT,False,False,False,False,True,False,False,False,False
1480,BTCUSDT,1,2024-09-17 16:00:03,2024-09-18 13:57:01.878,21.949688333333334,61123.2222,59359.93658522016,59348.06459790312,-152.5642901659487,-0.9936495854645344,-146.4505021729925,5.9633286964962045,-0.15045929646,0.06656766153829125,1.055598811898887,1.703341633836792,3.720231831507424,1.9590222427055453,4.9650233542606586,5.327e-05,2.8526642141627163,self,True,6,6,16,Tuesday,2024,0,3,WHIPSAW,False,True,True,False,False,False,False,True,True
1481,SOLUSDT,1,2024-09-17 16:00:03,2024-09-18 09:35:05.492,17.584025555555556,134.63192099999998,130.0199412641458,129.993937275893,-152.41888601452408,-0.9925796919628951,-147.53333466709847,5.050617375950699,0.165066028525112,0.05379013226606747,1.057879973337825,3.87427526211599,1.393220974476771,0.11821004511057846,2.9798492551252798,2.153e-05,3.4063064045571627,with,True,6,6,16,Tuesday,2024,0,3,WHIPSAW,False,True,True,False,False,False,False,False,True
1482,ATOMUSDT,1,2024-09-17 16:00:03,2024-09-28 09:08:07.000,257.13444444444445,4.196839199999999,4.040316985062088,4.9420114,765.3049953944344,4.985266235516844,775.7638949733408,6.588573624765924,-3.8703259541404793,6.357952450358276,0.6506373554731296,5.961842543374184,2.8833159230767387,1.4416579615383722,2.5085854118370525,-5.361e-05,3.687318592083735,with,True,6,6,16,Tuesday,2024,1,3,WIN,False,True,True,False,False,False,False,False,True
1483,ETHUSDT,1,2024-09-17 16:00:03,2024-09-18 09:57:14.625,17.953229166666667,2383.156536,2301.4023912762286,2300.9421107979733,-152.82167461196437,-0.9958095270423918,-147.45157159983478,5.040558553819299,-0.32954445831030005,0.07000824263208223,1.01226104535269,2.492270755060022,2.3615360123637985,0.6216964400580514,3.383582100916536,5.73e-05,3.4111844109897747,with,False,6,6,16,Tuesday,2024,0,3,WHIPSAW,False,True,True,False,False,True,False,False,True
1484,AXSUSDT,1,2024-09-17 16:00:03,2024-09-18 09:59:02.550,17.983208333333334,4.7039406,4.538107260322794,4.537199638870729,-151.457303899231,-0.9871615816398877,-147.5693855523576,4.9071663409546815,1.019247994081304,0.11493105087974906,1.0368276990301308,2.116941024545091,2.8260795527579905,0.7216812591806964,2.1888850912657105,-0.00039591,3.5061182155476724,with,True,6,6,16,Tuesday,2024,0,3,WHIPSAW,False,False,True,False,False,False,False,False,True
1485,AVAXUSDT,1,2024-09-17 16:00:03,2024-09-18 09:06:00.159,17.099210833333334,24.394878,23.404720874100793,23.400039929925974,-152.18489117866505,-0.9921867086330178,-148.2639010649561,4.273817737700545,0.352827623991584,0.07081906312224986,1.0350660245658085,4.465071133013342,1.8005050075337488,-0.006089644895830268,2.0472286825338006,1.04e-05,4.039684813034888,with,True,6,6,16,Tuesday,2024,0,3,WHIPSAW,False,False,True,False,False,False,False,False,True
1486,LINKUSDT,1,2024-09-19 12:00:03,2024-09-22 10:24:03.529,70.40014694444444,11.260251599999998,10.806861669159552,11.200759399999999,-26.3359212075501,-0.17578722863616264,-18.907138742139786,4.282982823957419,-3.145799641452897,1.0449027818545003,0.31595673008099867,2.423407149698403,3.626382171854507,2.010469822660163,0.9218543063630282,0.0001,4.007268882931672,with,True,5,6,12,Thursday,2024,0,3,GAVE_BACK,False,False,True,False,False,False,False,True,True
1487,AVAXUSDT,1,2024-09-19 12:00:03,2024-09-22 13:35:11.851,73.58579194444444,26.2392468,24.977527205584654,26.8076374,29.87767564720354,0.3989554748773039,32.65057278734004,1.8283319467778278,-0.944565193358674,2.04225503939646,0.13334721973463565,1.8306390819509217,4.767313726667058,2.6685814566802413,1.4160916583721794,0.0001,4.789482329859523,with,True,5,6,12,Thursday,2024,0,3,WIN,False,False,True,False,False,False,False,True,True
1488,LTCUSDT,1,2024-09-19 12:00:03,2024-09-20 16:39:06.666,28.651018333333333,65.603118,63.68129429490514,64.577082,-83.33318701286665,-0.5564312454954412,-75.8159547155993,5.771573013852,-1.74565928341533,0.4250556374314727,0.5583852447834334,1.923632219854184,2.2947487338192496,1.9122906115160403,1.0110854477187716,4.471e-05,2.9100559614192107,with,True,5,6,12,Thursday,2024,0,3,WHIPSAW,False,False,True,False,False,False,False,False,True
1489,SOLUSDT,1,2024-09-19 12:00:03,2024-09-22 10:40:18.181,70.67088361111111,139.3948734,133.81102277176785,144.511092,124.73522580835416,0.8331652831923823,131.9058363233399,4.391781125607756,-2.7788293893780094,2.346969407408578,0.009468985386652678,2.6288537386336674,3.6066370576753286,2.191119290203314,0.8213773328749536,8.771e-05,3.9872691207681403,with,True,5,6,12,Thursday,2024,0,3,WIN,False,False,True,False,False,False,False,True,True
1490,XTZUSDT,1,2024-09-19 12:00:03,2024-09-22 16:09:20.000,76.15472222222222,0.6711342,0.6468969251281973,0.6818636,58.01947765554102,0.3876362467294796,63.44742923508,4.8005050890479755,-0.6274464904910102,1.479778572042589,0.12931321761945513,1.8098486827424964,3.816940389942834,2.281866537465829,0.7084278088502212,0.0001,3.592112499523509,with,True,5,6,12,Thursday,2024,0,3,WIN,False,False,True,False,False,False,False,True,True
1491,DOGEUSDT,1,2024-09-21 16:00:03,2024-09-22 14:42:13.675,22.70296527777778,0.10927185,0.1053769990984415,0.10535592369862182,-153.86279267492873,-0.9992030186919886,-148.1676850841362,4.87254834788303,-0.822559242909507,0.31019159154887227,1.0300394293385355,0.4847810731970407,2.132713162208707,2.460624265841287,1.9241370758669483,0.0001,3.5450809167583466,with,True,1,6,16,Saturday,2024,0,3,CHOP,False,False,False,True,False,False,False,False,False
1493,LTCUSDT,1,2024-09-22 20:00:03,2024-09-24 00:41:20.000,28.688055555555554,67.723542,65.88981843268701,66.406716,-109.7988575402647,-0.7305719263364335,-101.90508197939937,6.227954917692118,-1.66582064317322,0.8597031897834176,0.7108715965897272,0.5761271866882682,0.8960859563282446,2.8467120929696343,1.2769874955989386,0.0001,2.702571717827806,with,True,1,2,20,Sunday,2024,0,3,CHOP,False,False,False,True,False,False,False,False,False
1494,BTCUSDT,1,2024-09-23 00:00:03,2024-09-26 01:36:18.929,73.60442472222222,63571.2117,62076.08444047457,62682.461,-91.9746294786279,-0.6107938075781608,-83.8091910099997,7.143432801365998,-1.0220056672621998,0.8218620135319009,0.6934605020371952,1.9254470023600303,0.32084936095002053,2.5987044224465112,1.8314636606332895,6.546e-05,2.332210312917613,self,True,1,3,0,Monday,2024,0,3,WHIPSAW,False,False,False,False,False,False,False,False,True
1495,ETHUSDT,1,2024-09-23 04:00:03,2024-09-25 17:17:10.825,61.28550694444444,2675.905074,2576.8019093355665,2589.58198,-132.8469081442606,-0.8753253177597269,-126.72230199199979,4.637840997163199,-1.4867651550975998,0.26331072361168817,0.9219188338673654,0.5222328285402795,1.6587518221959054,3.8150277383397446,2.7284993458747864,2.548e-05,3.684278834868947,with,True,1,4,4,Monday,2024,0,3,LATE_ENTRY,False,True,False,False,False,False,False,True,False
1496,ADAUSDT,1,2024-09-23 20:00:03,2024-09-28 09:03:20.000,109.05472222222222,0.36107219999999995,0.3478277797577803,0.39452108,346.42744198887715,2.3216175489934585,358.74360707334273,5.950263262728889,-6.365901821736692,4.117039402463238,0.2093107851684527,3.2562995745574552,1.6217597016557108,1.1551212969340123,1.6858295223704485,8.139e-05,3.622116997012945,with,True,1,5,20,Monday,2024,1,3,WIN,False,False,False,False,False,False,False,False,True
1497,DOTUSDT,1,2024-09-24 00:00:03,2024-09-28 09:08:16.250,105.13701388888889,4.455891,4.284012603779496,4.754049,220.51714770644966,1.4796430396606788,231.85734674957993,5.73717539889025,-5.60302364424,2.950394064355978,0.33681370825529366,2.345315111521337,1.7311217466478093,1.4153089955701765,0.7782863341113868,0.0001,3.838100925263831,with,True,1,6,0,Tuesday,2024,1,3,WIN,False,False,False,False,False,False,False,False,True
1498,AXSUSDT,1,2024-09-24 08:00:03,2024-09-28 09:06:14.000,97.10305555555556,5.1290256,4.914882022867739,5.258948,83.50705833494648,0.5579377917051662,87.45492495679991,4.195486467189119,0.2476198453356796,1.8397675301588419,0.5511517159681342,1.877125643379576,1.6985896960505757,1.3842098351793442,2.1526935042312942,-6.076e-05,4.1559667927507915,with,True,1,6,8,Tuesday,2024,0,3,WIN,False,False,False,False,False,False,False,False,True
1499,DOGEUSDT,1,2024-09-26 08:00:03,2024-09-30 09:58:15.428,97.97011888888889,0.113452686,0.10851181177029552,0.120605874,167.7867707516853,1.0749526267412786,176.99747839722255,4.873460249696124,-4.337247395841091,3.7943313527981326,0.05114196157450372,1.5518132305218801,1.8214460370315246,1.6604905147435072,3.3044338593895444,0.0001,4.327445097605785,with,True,2,6,8,Thursday,2024,1,3,WIN,False,True,False,False,False,False,False,False,True
1500,XTZUSDT,1,2024-09-26 08:00:03,2024-09-28 21:15:20.000,61.25472222222222,0.7261451999999999,0.6993821333804557,0.7328534,29.675844307889793,0.19016723575246472,37.487094625080296,4.891948830630503,-2.9193014865599998,1.414441795409049,0.22961494238901317,1.1528873143957208,1.6394807820553494,2.0298333492113763,0.9909678075320324,0.0001,3.533498844075069,with,True,2,6,8,Thursday,2024,0,3,WIN,False,False,False,False,False,False,False,False,True
1503,XRPUSDT,1,2024-09-28 12:00:03,2024-09-30 14:09:16.949,50.15387472222222,0.61702338,0.5970695106146833,0.62188744497686,28.390221656460064,0.17860319030833266,36.92149750570684,5.642495709056775,-2.88878014019,2.4595039213854712,0.4772698375487939,0.8608164997130617,3.0305327095730066,1.8514347182656246,6.9245483234394225,0.0001,3.2302251840059553,with,True,1,3,12,Saturday,2024,0,3,WIN,False,True,False,True,False,False,False,True,False
1505,SOLUSDT,1,2024-09-29 20:00:03,2024-09-30 09:52:20.000,13.87138888888889,159.43188,153.98593416097592,154.969,-132.28933300954114,-0.8214366006851075,-126.07011196800036,5.3288308192608,-0.8903902222800001,0.4276796113744248,0.8137943584092264,-0.37970998264106215,0.9634164332475527,2.033037707200115,0.6942178655956698,0.0001,3.3965281298770957,with,True,1,3,20,Sunday,2024,0,3,CHOP,False,False,False,True,False,False,False,False,False
1506,AXSUSDT,1,2024-09-30 00:00:03,2024-09-30 03:06:11.789,3.102441388888889,5.500099799999999,5.287926357716736,5.286868772445192,-158.21216933042103,-0.9942509274696054,-153.55143713140413,4.660732199016908,0.0,0.14563651165515337,1.0232185407547782,-0.7781360297656003,0.999649445392277,1.9374158298793185,1.356328918545629,-0.00022376,3.8209101906741436,with,True,1,4,0,Monday,2024,0,3,FALSE_BREAKOUT,False,False,False,False,False,False,True,False,False
1507,BTCUSDT,-1,2024-10-01 20:00:03,2024-10-04 12:30:05.819,64.50078305555556,61727.452040000004,63363.9010675924,61628.3232,4.735680007015034,0.030527556939257038,8.862118296000434,6.6168037838736,2.4903654948882,1.1686597063238036,0.38348151969222516,0.6275490544981368,2.1340953833616467,2.506216798659022,3.7746121073253494,-0.0001,2.6307239387175616,self,True,1,1,20,Tuesday,2024,0,3,WIN,False,True,False,False,False,False,False,False,False
1508,ETHUSDT,-1,2024-10-02 20:00:03,2024-10-04 15:55:11.629,43.91906361111111,2370.135878,2476.2220780409734,2402.770458,-49.775326392363276,-0.31876973494076505,-46.37700163799988,4.06966631645376,0.67134156209037,0.5848628565830061,0.3457011560960365,-0.17461387053966762,2.2169812803906948,2.9238133149903653,1.911977003081616,-0.0001,4.455059163716238,with,True,1,2,20,Wednesday,2024,0,3,CHOP,False,False,False,False,False,False,False,False,False
1509,LTCUSDT,1,2024-10-06 08:00:03,2024-10-07 16:12:12.631,32.20267527777778,66.95338799999999,65.02254048588533,65.58688,-111.56446434751169,-0.7206800772658439,-103.79994767999969,6.040655254367998,-1.7238614131439998,0.5161526183267681,0.7371830191638131,-0.31767811570622106,1.877484230305734,2.638908390374176,0.907707713559987,0.0001,2.8644450464814364,against,True,1,1,8,Sunday,2024,0,3,CHOP,False,False,False,True,True,False,False,False,False
1510,BTCUSDT,1,2024-10-07 04:00:03,2024-10-07 23:00:15.303,19.0034175,63507.198899999996,62171.30542694586,62158.87116586047,-153.70438854571734,-0.9909584871949576,-145.48456251365445,8.135621376063805,-0.08420465599909999,0.7043983064373183,1.0595147955653152,-0.2459020173584502,2.481987054794354,2.4364945384447583,2.226495452768077,4.573e-05,2.0841056925378516,self,True,2,3,4,Monday,2024,0,3,CHOP,False,False,False,False,False,False,False,False,False
1511,ATOMUSDT,1,2024-10-07 04:00:03,2024-10-07 11:07:20.000,7.121388888888889,4.7279454,4.539957334738576,4.546090599999999,-148.56978529025722,-0.9583470380281193,-144.1678659252807,4.4112708995337595,0.009351534557232,0.042846337020376185,0.9625366362932131,-0.12205774854957593,1.7442849980029889,2.3452124515832855,2.3946978109336445,0.0001,3.977213732263618,with,True,2,3,4,Monday,2024,0,3,FALSE_BREAKOUT,False,False,False,False,False,False,True,False,False
1512,BTCUSDT,-1,2024-10-09 20:00:03,2024-10-11 12:30:05.344,40.50065111111111,61001.39728,62554.92379827888,61309.259399999995,-34.219699134625614,-0.22576289477392525,-28.261742615999815,6.736870969934399,0.7789144513086,1.3526626390182794,0.2963597431925876,-0.07956267147402092,1.5761500715942356,2.08989765379755,1.6670411827967,-7.939e-05,2.5260290693383447,self,True,5,5,20,Wednesday,2024,0,3,GAVE_BACK,False,False,True,False,False,False,False,False,False
1513,AXSUSDT,-1,2024-10-09 20:00:03,2024-10-11 12:30:04.615,40.50044861111111,4.4511096,4.635723037145715,4.5349068,-73.51890248178623,-0.48481905287600285,-66.2745770010002,4.2641837853822,-2.9801416954038253,0.7264346630096405,0.5031616410818534,-0.2864926888190343,1.3681909183713563,1.8935762310259578,0.9768324444520516,0.00030106,4.103369349780272,with,True,5,5,20,Wednesday,2024,0,3,CHOP,True,False,True,False,False,False,False,False,False
1514,ALGOUSDT,-1,2024-10-09 20:00:03,2024-10-11 12:34:12.000,40.56916666666667,0.11917616,0.12440067439700044,0.12062412,-44.781358622272556,-0.29538184310748206,-40.53739469313195,4.028099642759566,-0.21586428638103944,0.7036366867149613,0.3108116614497803,0.0911395708419107,0.9018415295642328,1.8821040616992655,1.3373101954672701,-0.0001,4.275502428332301,with,True,5,5,20,Wednesday,2024,0,3,CHOP,False,False,True,False,False,False,False,False,False
1515,ATOMUSDT,-1,2024-10-09 20:00:03,2024-10-11 19:10:11.428,47.16900777777778,4.247150400000001,4.432587256440539,4.2918582,-38.03206720955107,-0.25092091366827235,-35.25088424783954,4.039665612039648,1.258482650328112,1.1332720152500382,0.2526444898779959,0.1841618794425108,1.2026832419577809,2.817095882063274,1.1739952053923082,-4.364e-05,4.34527439831777,with,True,5,5,20,Wednesday,2024,0,3,GAVE_BACK,False,False,True,False,False,False,False,False,False
1516,FILUSDT,-1,2024-10-09 20:00:03,2024-10-11 15:10:15.555,43.17015416666667,3.5262946000000004,3.6863361633613527,3.5687136,-41.803653023512005,-0.2758683973638667,-38.796548898899786,3.893469896547252,0.8863657719350341,0.5954365728410059,0.2730878097042737,0.3205079913158808,1.212609904926271,1.6736542958617768,1.2053345130780742,-0.0001,4.487986489834254,with,True,5,5,20,Wednesday,2024,0,3,CHOP,False,False,True,False,False,False,False,False,False
1517,ETHUSDT,-1,2024-10-10 00:00:03,2024-10-11 12:34:14.407,36.56983527777778,2369.12608,2450.9298401848355,2425.725048,-104.11230085793369,-0.6838010524712244,-100.67824427839962,5.11744871189184,1.6833921323577599,0.48513760138078377,0.6972041367185541,-0.5387762115141755,1.727287299234033,1.6113396965021323,1.5703552270063164,-6.663e-05,3.432218103681455,with,True,1,6,0,Thursday,2024,0,3,CHOP,False,False,False,False,False,False,False,False,False
1518,AVAXUSDT,1,2024-10-11 16:00:03,2024-10-15 14:40:13.725,94.66964583333333,26.765352,25.683389711381807,28.2953398,143.75868128788937,0.9626515793763694,152.7121199967202,5.6056914601572,-3.3477472486736364,2.858369494513265,0.09090150464080107,1.7049096991687716,1.7069379304270653,0.6879815187995756,1.1953019846038166,7.16e-05,4.019620645832034,against,False,1,2,16,Friday,2024,1,3,WIN,False,False,False,False,True,True,False,False,True
1519,BTCUSDT,1,2024-10-11 20:00:03,2024-10-13 14:48:10.312,42.80203111111111,63054.90846,61335.29108606804,62315.534400000004,-67.63253859143656,-0.4519516134426902,-60.77654773199956,6.183270241855199,-0.6727206175817999,0.23708270582763474,0.4389397731392467,3.108302824237167,3.9194921574094117,1.6030611624520428,1.879602750465819,1.2e-06,2.707874246430904,self,True,1,2,20,Friday,2024,0,3,WHIPSAW,False,False,False,False,False,False,False,True,True
1520,SOLUSDT,1,2024-10-14 04:00:03,2024-10-17 10:34:10.526,78.56875722222222,152.460486,147.41064952707183,151.46970000000002,-37.04188945581967,-0.24439270907020869,-28.36739212319959,5.2211315648419205,-3.4533657677781604,1.489060891439075,0.44961574739537075,1.6098568822142578,2.857171043605189,3.3752623629315206,2.0337091700363175,1.631e-05,3.293523281306423,with,True,4,5,4,Monday,2024,0,3,GAVE_BACK,False,False,True,False,False,False,False,True,True
1521,BTCUSDT,1,2024-10-14 04:00:03,2024-10-21 13:15:06.037,177.25084361111112,64293.65616,62752.73754416809,68056.18604,305.792949618693,2.019862978300881,329.9736141400003,9.3489376092072,-14.831726912100002,3.421558923248899,0.3509959283008597,2.460703505715596,2.0870418969532394,3.4572109347298525,1.5967670974135943,5.429e-05,2.378382703342641,self,True,4,5,4,Monday,2024,1,3,WIN,False,False,True,False,False,False,False,True,True
1523,ETHUSDT,1,2024-10-14 04:00:03,2024-10-15 15:08:16.841,35.13717805555556,2520.544008,2452.3640189929088,2537.0814874507223,26.13431684341959,0.1725666072990248,34.68240190405514,6.3641113134355525,-2.1839737472,2.467234073365794,0.1652098829002177,1.9141392349949926,1.8659698525573234,2.74458606104176,1.9223801131369658,6.559e-05,2.685898335631889,with,True,4,5,4,Monday,2024,0,3,WIN,False,False,True,False,False,False,False,False,True
1524,DOGEUSDT,1,2024-10-14 04:00:03,2024-10-22 15:26:20.000,203.43805555555556,0.112742544,0.10863575294503729,0.138092376,900.4789779496105,5.947956144384965,918.8897418641469,6.029975483585936,-12.380788430950401,9.021022862906856,0.6483271158347687,7.574638101543844,0.8934166119274062,2.3047203258237206,1.8760080041352643,0.0001,3.614805301182431,with,True,4,5,4,Monday,2024,1,3,WIN,False,False,True,False,False,False,False,False,True
1525,DOTUSDT,1,2024-10-14 08:00:03,2024-10-15 15:08:16.016,31.136948888888888,4.270853999999999,4.1431003337707395,4.301931858074003,27.711122585697453,0.18292911343827958,34.979947316988444,5.789503194740992,-1.47932153655,2.067619723147354,0.21802896795160062,1.3709665262028061,1.2608386196299224,2.3561921704334376,1.947009835973995,0.0001,2.971889138858554,with,False,1,6,8,Monday,2024,0,3,WIN,False,False,False,False,False,True,False,False,True
1526,LTCUSDT,1,2024-10-15 20:00:03,2024-10-20 21:38:16.666,121.63712944444444,69.71394000000001,67.00014557778088,73.705256,205.4170014085262,1.3436750554969308,215.96731483879987,4.656187381273679,-5.894126049,2.38634877681869,0.3920488564973899,1.8078230096693226,2.1181949675730034,1.239919005408586,13.645376623986412,0.0001,3.887325236291947,with,True,1,4,20,Tuesday,2024,0,3,WIN,False,True,False,False,False,False,False,False,True
1527,XRPUSDT,1,2024-10-17 08:00:03,2024-10-20 06:02:17.142,70.03726166666667,0.55441086,0.5376083080438119,0.54009196,-135.00038570146882,-0.8712991566158826,-125.41778600408924,5.751983202325586,-3.8306164950540005,0.27907308438782524,0.905270820745658,0.3921511456819775,1.8580617177474013,1.054092705260544,3.222465773079185,0.0001,3.0288044654018975,with,False,1,5,8,Thursday,2024,0,3,FALSE_BREAKOUT,False,True,False,False,False,True,False,False,False
1528,ALGOUSDT,-1,2024-10-17 12:00:03,2024-10-18 15:50:11.862,27.835795,0.11807638,0.12275931024836761,0.12278386211041728,-150.97374859578164,-0.9956622722314867,-146.51562377606544,4.4979189878472505,0.03979416813102549,0.18714350919608197,1.0086889510358552,-0.7310849870534396,2.521373765056781,2.164179148340403,1.4244784639490757,-3.38e-06,4.033313769803075,against,True,2,6,12,Thursday,2024,0,3,FALSE_BREAKOUT,False,False,False,False,True,False,False,False,False
1529,ADAUSDT,-1,2024-10-17 12:00:03,2024-10-19 01:43:10.000,37.71861111111111,0.34313136,0.35748240446783786,0.35297058,-104.35410049337312,-0.677772178250132,-101.67135030274781,4.315806996174237,1.633056805548925,0.2809105643170899,0.6876600530446828,-0.33925335615195773,2.226515855338608,1.876434746008645,1.0802185810814882,-0.0001,4.161539763356016,against,True,2,6,12,Thursday,2024,0,3,FALSE_BREAKOUT,False,False,False,False,True,False,False,False,False
1532,ETHUSDT,1,2024-10-18 16:00:03,2024-10-22 00:31:00.314,80.51592055555555,2652.650424,2569.005761761404,2640.141866,-33.11478699322119,-0.20888128949951687,-22.562936920399988,5.7282832396212,-4.8235668332,1.402953552077966,0.46482851337355735,0.08296495932047764,0.5253010907068059,1.1661058568782372,1.5711723799103348,0.0001,3.1338792452300845,with,True,1,6,16,Friday,2024,0,3,GAVE_BACK,False,False,False,False,False,False,False,False,False
1533,AXSUSDT,1,2024-10-19 04:00:03,2024-10-22 00:40:15.000,68.67,5.231046,4.987884187409419,5.143971,-25.319819925737775,-0.3162400585099356,-27.716912910000143,1.9814879767701596,4.378580961032531,1.1060700573607163,0.78567435389894,0.8634332741774118,4.9105033273386,2.6501787383187234,14.41190451313881,-0.00010289,4.611126651187254,with,True,1,6,4,Saturday,2024,0,3,GAVE_BACK,False,True,False,True,False,False,False,True,False
1534,LINKUSDT,1,2024-10-20 12:00:03,2024-10-23 08:03:18.378,68.05427166666666,11.6763348,11.293258123003817,11.567686,-52.99641836346541,-0.33177769416456976,-43.197524283679684,5.5449346129457275,-4.25395946684,1.7350709137706741,0.3428420676242531,1.0876809396677332,1.9488268688853378,2.1431842655127213,1.265350710212296,0.0001,3.2614517474403186,with,True,1,6,12,Sunday,2024,0,3,GAVE_BACK,False,False,False,True,False,False,False,False,True
1535,SOLUSDT,1,2024-10-21 00:00:03,2024-10-21 13:54:18.915,13.904420833333333,167.45348399999997,161.53956767500043,161.50725976146543,-160.98978452984875,-0.9965432285464624,-155.39089415835159,5.157979457097149,-0.4409109144,0.7569461172584945,1.0066906044701993,1.500953938505499,2.625657289577109,3.2769699462532933,3.6845966058890354,0.0001,3.512383421932609,with,True,1,6,0,Monday,2024,0,3,WHIPSAW,False,True,False,False,False,False,False,True,True
1536,XRPUSDT,-1,2024-10-22 12:00:03,2024-10-24 21:22:12.000,57.369166666666665,0.5337932200000001,0.549241158789046,0.5336067,-0.821468526063283,-0.005184263699634705,1.8129597022247665,6.225025866771783,3.5905976384837333,1.456066100931856,0.1557994262449162,3.1067717612936065,2.6073649683204545,1.5187900940466639,2.6984842314407693,-0.0001,2.8734142702839356,against,True,1,3,12,Tuesday,2024,0,3,COSTS,False,True,False,False,True,False,False,False,True
1537,BTCUSDT,1,2024-10-24 20:00:03,2024-10-25 17:58:11.667,21.969074166666665,68293.35594,66743.12233342316,66729.77370895648,-156.00393245764195,-1.0032702157394595,-146.50765504877762,7.591000348864332,-1.9052770600000004,0.3542331024629284,1.0171731107558353,0.6313526270155101,2.3617419925701726,1.1526264103171802,0.8940634229754648,0.0001,2.2504165463187955,self,True,2,3,20,Thursday,2024,0,3,CHOP,False,False,False,False,False,False,False,False,False
1538,SOLUSDT,1,2024-10-24 20:00:03,2024-10-25 17:20:11.063,21.335573055555557,177.3884706,169.73465474271526,170.42590800000002,-141.25489817494483,-0.9085313171211771,-136.37710615871967,4.087625877908352,-0.7901661383168,0.24974854838984045,0.9326681923247159,0.14130590808121113,1.137517362016832,2.5433344572395775,0.7553871711697826,0.0001,4.295582965771515,with,True,2,3,20,Thursday,2024,0,3,FALSE_BREAKOUT,False,False,False,False,False,False,False,False,False
1539,BTCUSDT,1,2024-10-27 16:00:03,2024-10-31 13:49:11.224,93.8189511111111,67773.45198,66409.1851537693,71429.91116,363.5894172617206,2.3738994798802873,380.27175472000056,8.686289859936,-7.996047598344,4.314806976772874,0.19090985355085918,2.8414881498734594,1.3262606870717952,1.0772073795296797,0.8141682128613539,0.0001,1.993383765664787,self,True,2,2,16,Sunday,2024,0,3,WIN,False,False,False,True,False,False,False,False,True
1540,SOLUSDT,1,2024-10-27 16:00:03,2024-10-30 12:03:07.692,68.05130333333334,175.74514200000002,168.34928507666635,175.254942,-16.508897718622713,-0.10777384484278055,-9.781009620000313,4.202123865636239,-2.52576423298616,1.0269071020071359,0.4644684227411514,0.20212100037843747,1.9427460713997509,1.7661327921815901,0.9607462951791147,-1.684e-05,4.189126926944211,with,True,2,2,16,Sunday,2024,0,3,GAVE_BACK,False,False,False,True,False,False,False,False,False
1541,DOGEUSDT,1,2024-10-28 00:00:03,2024-10-31 16:03:11.864,88.05246222222222,0.144268848,0.13697500063741266,0.16436712,201.1956177525124,2.622309908744978,204.92990003116802,1.8881843593796352,-1.8460979192759999,4.863160721177657,0.438567993129113,3.3824606923565264,1.8859108181585476,1.991752751830718,1.1713913987702045,0.0001,5.04332711444528,with,True,1,3,0,Monday,2024,0,3,WIN,False,False,False,False,False,False,False,False,True
1542,LINKUSDT,-1,2024-10-28 04:00:03,2024-10-28 13:00:15.000,9.003333333333334,10.7738448,11.299599849263743,11.177235,-58.52766681699905,-0.7651367404930802,-56.82678764459981,1.8553886787992397,0.1545095064,0.138552734970422,0.768713872678868,0.08149194203650566,1.0045839408464923,2.475172599500102,0.7820989133233992,-0.0001,4.858944406679125,against,True,1,4,4,Monday,2024,0,3,FALSE_BREAKOUT,False,False,False,False,True,False,False,False,False
1543,LTCUSDT,1,2024-10-29 04:00:03,2024-10-31 01:41:03.809,45.68355805555556,72.19443600000001,70.04371308379244,71.425712,-62.56072143098689,-0.3964776291087387,-53.52402282040041,5.999912644086481,-3.0367859665,1.0161997082608163,0.4298257079206177,-0.03460975816041464,1.4861587944284411,2.426765626345177,1.5569120217825145,0.0001,2.946219919921797,with,True,2,5,4,Tuesday,2024,0,3,GAVE_BACK,False,False,False,False,False,False,False,False,False
1544,ETHUSDT,1,2024-10-29 04:00:03,2024-10-31 13:58:12.288,57.96924666666666,2608.1015159999997,2519.9539972186885,2599.38002,-23.409824153553018,-0.14841749893927023,-14.90067591599942,5.338189322553599,-3.170958915,1.3221981243641163,0.13070720718281356,-0.039496471915871675,2.9859842003178403,2.31384671252365,1.7174603584055985,0.0001,3.360063307267357,with,True,2,5,4,Tuesday,2024,0,3,GAVE_BACK,False,False,False,False,False,False,False,False,False
1545,LINKUSDT,1,2024-10-30 00:00:03,2024-10-31 17:21:07.586,41.35127388888889,11.8003596,11.280595651397102,11.6486698,-51.26268791841858,-0.3189783057217793,-45.25789568635993,4.197726122118648,-1.8070661099400003,1.284506941650313,0.3219915510682414,-0.1507599751976404,2.392712785160897,1.8689444775852873,1.0998544102251158,0.0001,4.385525924757568,with,True,1,6,0,Wednesday,2024,0,3,GAVE_BACK,False,False,False,False,False,False,False,False,False
1546,ATOMUSDT,-1,2024-10-31 12:00:03,2024-11-05 07:42:20.000,115.70472222222222,4.354129,4.530068707050025,4.0228044,281.0425380620526,1.7727543514160589,287.17622656674024,4.356433764374076,-1.7772547403135905,3.013128809230486,0.03905315130509906,2.007102352964564,0.49980488568588605,0.9144157567662294,1.0008470869066928,-0.0001,4.043838012173275,against,True,1,5,12,Thursday,2024,0,3,WIN,False,False,False,False,True,False,False,False,True
1547,DOTUSDT,-1,2024-10-31 16:00:03,2024-11-05 08:47:15.000,112.78666666666666,3.9972004,4.1479377875152155,3.8367671999999997,159.21099693084403,1.0161376956905819,159.9733342755204,4.6869073891628155,3.9245700444864724,2.21710357005004,0.005304589744992171,1.1755570593401303,2.681111990926273,1.513961248607615,2.5985675174395024,-0.0001,3.750319847804283,against,True,3,6,16,Thursday,2024,0,3,WIN,False,True,True,False,True,False,False,False,True
1548,AVAXUSDT,-1,2024-10-31 16:00:03,2024-11-05 14:42:16.603,118.7037786111111,25.2459498,26.231297652839064,23.919783,191.0687903731683,1.2197913288680873,202.51840156128043,4.504847633756928,-6.944763554355213,2.9674290064927695,0.46080193780475803,1.6927522551494611,1.7729309000858415,1.7178455901867395,1.6293610556740912,0.00013588,3.882213190919425,against,True,3,6,16,Thursday,2024,0,3,WIN,False,False,True,False,True,False,False,False,True
1549,XTZUSDT,-1,2024-10-31 16:00:03,2024-11-05 14:27:20.000,118.45472222222222,0.6378724,0.6597473419278118,0.6071213999999999,207.98306751117298,1.3281152187108578,210.32970884310058,5.109281326762669,2.762639994835083,2.7827456731488214,0.14297637956348475,1.639885496308077,2.4830620762412137,1.3794789312451186,1.4808131617684612,-0.0001,3.408674283356087,against,True,3,6,16,Thursday,2024,0,3,WIN,False,False,True,False,True,False,False,False,True
1550,AXSUSDT,-1,2024-10-31 20:00:03,2024-11-06 01:01:02.222,125.01645055555555,4.719056,4.941839667294175,4.579915799999999,39.606097876710976,0.49947440219583933,47.90083658662029,1.920775715208348,-6.37396299470096,1.9932161338095087,0.3543527268350337,0.799232736235037,2.198890376878647,1.3507469457968833,0.669298874430929,0.00035326,4.722179853659138,against,True,2,6,20,Thursday,2024,0,3,WIN,True,False,False,False,True,False,False,False,False
1551,ALGOUSDT,-1,2024-10-31 20:00:03,2024-11-05 03:46:20.000,103.7713888888889,0.11407718,0.11844174323618313,0.1120224,66.18148830365611,0.4172525621535946,71.6753149292182,4.732114952023258,-0.7617116735388445,1.942274528118284,0.8071414731249832,0.5217429274759297,3.2705757175275414,2.1189645493840414,1.3070637318332345,-0.0001,3.8052087959536713,against,True,2,6,20,Thursday,2024,0,3,WIN,False,False,False,False,True,False,False,True,False
1552,SOLUSDT,1,2024-11-06 04:00:03,2024-11-09 17:14:08.607,85.23489083333334,184.946982,174.86375818942668,195.650862,80.57433065162975,0.9887288638895043,84.042584208,1.7929812191702401,-1.6752723372000002,2.021478287393194,0.4578874858612768,4.040673773131633,5.048654109302733,2.9652879715325042,5.1215497596868715,-1.892e-05,5.433044081214282,with,True,6,6,4,Wednesday,2024,0,3,WIN,False,True,True,False,False,False,False,True,True
1553,BTCUSDT,1,2024-11-06 04:00:03,2024-11-17 21:18:04.581,281.30043916666665,74381.97342000001,71543.95390704324,89382.21998000001,868.2490174994829,5.3288914366006885,902.0829909760002,6.4949185622400005,-27.339054914277302,6.708596080146116,0.5850817488813019,7.2117286320827825,4.3503239278478585,2.2202535021612144,5.756416794918948,0.0001,3.7962299094045138,self,True,6,6,4,Wednesday,2024,1,3,WIN,False,True,True,False,False,False,False,True,True
1554,ADAUSDT,1,2024-11-06 04:00:03,2024-11-12 16:18:17.714,156.30408722222222,0.35847168,0.34163978127921496,0.5568886000000001,964.4702064891601,11.839114591309412,976.5046026901364,3.0764726659760786,-8.957923535000191,17.914100185717874,0.4201356078305939,20.07071962611259,3.385309697623365,1.9567570238035807,2.9603556899932033,0.0001,4.649795903093793,with,True,6,6,4,Wednesday,2024,1,3,WIN,False,True,True,False,False,False,False,True,True
1555,ALGOUSDT,1,2024-11-06 04:00:03,2024-11-13 04:48:20.000,168.8047222222222,0.12062412,0.11488144577270182,0.14147169999999998,261.5280973828978,3.210670295704433,270.03906507037965,2.77914777300498,-5.73181991447695,7.5358410188558524,0.4917778526553635,12.63799357710485,3.025689405542121,2.545138735250135,2.4495475270078173,4.791e-05,4.662700603566951,with,True,6,6,4,Wednesday,2024,1,3,WIN,False,False,True,False,False,False,False,True,True
1556,XRPUSDT,1,2024-11-06 04:00:03,2024-11-20 03:34:07.941,335.56803916666667,0.5341068,0.5158798130667483,1.06898616,4983.224039931843,30.591735013318594,5047.427599031591,9.253619603743088,-54.949939496004106,40.37382605775088,0.4063644763187798,60.39907769899321,3.1456629123070274,2.1412582631142607,3.30819518507168,0.0001,3.3932934331931945,with,True,6,6,4,Wednesday,2024,1,3,WIN,False,True,True,False,False,False,False,True,True
1557,AVAXUSDT,1,2024-11-06 04:00:03,2024-11-13 04:47:11.200,168.7856111111111,26.2212432,24.817515755114794,31.6846618,323.4765114192549,3.9727788678578086,333.2510120934601,2.69281212178446,-7.0816885524206645,8.202986158001385,0.5330402299437772,6.30945617845656,4.825224184455437,2.6221246420269835,2.876265930114093,0.0001,5.334468434868811,with,True,6,6,4,Wednesday,2024,1,3,WIN,False,True,True,False,False,False,False,True,True
1558,ETHUSDT,1,2024-11-09 20:00:03,2024-11-13 05:50:07.869,81.83468583333334,3071.324142,2942.2326797127375,3139.951884,72.1937754105501,0.42426923951466694,87.14350679160016,4.732246978688879,-10.21748440236118,2.9256455175910245,0.041243176780756605,2.04255071038898,1.8790771027231794,4.9941883941017675,1.1643230412916237,0.0001,4.183649340126432,with,True,1,6,20,Saturday,2024,0,3,WIN,False,False,False,True,False,False,False,True,True
1564,BTCUSDT,1,2024-11-18 08:00:03,2024-11-23 20:28:13.495,132.46958194444446,91814.25918,88636.9880461681,97180.46002,345.1353957681517,1.5201451417008385,366.51151737200036,7.745003592815999,-13.631118011032699,2.4693331130786405,0.7528974013353927,2.261292951519368,0.7571594381092629,1.412796578450473,1.1051461639619025,0.0003645,3.441234253198554,self,True,1,2,8,Monday,2024,0,3,WIN,True,False,False,False,False,False,False,False,True
1565,ETHUSDT,-1,2024-11-20 20:00:03,2024-11-21 12:04:06.785,16.067718055555556,3059.13805,3205.6510314317566,3162.88245,-77.85571533558004,-0.7057544909797626,-75.58816984000003,2.72001848178,0.45247298620000004,0.1762168085564862,0.7619935715525744,-0.7415858235784268,0.888821680884803,0.9527005987275396,1.7239568366462554,-0.00013619,4.768397138058877,against,False,1,2,20,Wednesday,2024,0,3,FALSE_BREAKOUT,False,False,False,False,True,True,False,False,False
1566,ETHUSDT,1,2024-11-21 16:00:03,2024-11-26 11:31:08.907,115.5183075,3279.865842,3120.0334149235437,3289.342,-4.425588211849318,-0.03997720557727085,6.354711554799961,2.6431864673071197,-8.13711329934216,1.6895455004936073,0.12166393488286383,2.55351286009545,1.8497601105067032,0.9611313827366164,4.751678163900548,0.00020146,4.853823648342771,with,True,1,2,16,Thursday,2024,0,3,COSTS,False,True,False,False,False,False,False,False,True
1567,BTCUSDT,-1,2024-11-26 12:00:03,2024-11-27 15:34:19.441,27.57123361111111,92401.516,95699.0230749096,95385.87336,-194.51360638324363,-0.8780226698721169,-191.89417824799963,7.2448374815087995,4.625409346264799,0.46553834916096376,0.9021615215432267,-0.6970671928165686,3.5669160395653754,1.9435666826393756,2.626643113528929,-0.00017936,3.5479583152018956,self,False,1,1,12,Tuesday,2024,0,3,LATE_ENTRY,False,True,False,False,False,True,False,True,False
1568,BTCUSDT,1,2024-11-29 12:00:03,2024-12-02 08:17:12.234,68.28589833333334,97321.66043999999,94336.50649385729,95717.3527,-130.97093025463926,-0.5956993194991381,-112.30154179999926,8.10763855188,-10.561749902760003,0.46618686510229473,0.5622693068037029,2.4483626948097825,1.208688622939417,1.597939905180463,0.7742519576741645,0.00011747,3.0479202999960044,self,True,1,1,12,Friday,2024,0,3,WHIPSAW,False,False,False,False,False,False,False,False,True
1569,LTCUSDT,1,2024-11-30 00:00:03,2024-12-08 08:39:18.461,200.65429472222223,104.860968,98.97037308061559,130.993796,415.9449079124238,3.7782774240092953,442.0460185104,3.3930832875523196,-22.708027310423937,7.2062385176599575,0.9236703719169673,5.286228713084576,3.1537844054312942,2.8619569523313237,1.3647918726179724,0.00034168,5.589646970699625,with,True,1,2,0,Saturday,2024,1,3,WIN,True,False,False,True,False,False,False,True,True
1570,ETHUSDT,1,2024-11-30 08:00:03,2024-12-02 04:21:12.634,44.35267611111111,3706.381128,3555.471116995153,3653.2692,-85.10963063898643,-0.387885501048452,-74.30358727199973,6.1776904853231995,-4.6283528816635,0.39506240575441415,0.5064019775172197,1.362526386625177,2.104963383058506,2.8440645721937905,1.297863668158664,0.0002474,4.0524412248585095,with,True,1,3,8,Saturday,2024,0,3,WHIPSAW,False,False,False,True,False,False,False,False,True
1571,SOLUSDT,-1,2024-12-01 04:00:03,2024-12-03 21:14:16.176,65.23699333333333,235.712848,246.1824317589082,231.236238,94.78583143799607,0.4327161604082475,90.40469128900045,5.65799405811684,10.03913420711245,1.9678765149063147,0.36937017641313447,1.203758266824762,1.3950679012671363,0.2696107842201273,1.504984830521112,-0.00011575,4.42078035243816,against,False,1,4,4,Sunday,2024,0,3,WIN,False,False,False,True,True,True,False,False,True
1572,ETHUSDT,1,2024-12-04 08:00:03,2024-12-05 22:28:14.248,38.469791111111114,3718.533558,3573.4286458645975,3662.447364,-96.36604980668055,-0.4323068556144748,-82.76639648579997,6.53526812795724,-7.06438519292334,1.6640817905232517,0.7135082918722226,2.57948843007279,1.3611676142611875,1.1607677207213576,0.7674155409991393,0.00015899,3.8829883919049313,with,True,1,2,8,Wednesday,2024,0,3,GAVE_BACK,False,False,False,False,False,False,False,False,True
1573,BTCUSDT,1,2024-12-04 20:00:03,2024-12-05 20:31:15.560,24.520155555555554,97302.85668,94527.90955752351,97976.99414192699,31.082828933443274,0.1391888110028506,51.36927459883678,8.9281947795785,-11.358250885815002,2.6406064680110277,0.040922105895355304,1.6886604007856059,1.2852158531956956,0.9783376339992509,2.047087963237859,0.00023234,2.832436409990276,self,True,1,3,20,Wednesday,2024,0,3,WIN,False,False,False,False,False,False,False,False,True
1575,ETHUSDT,1,2024-12-06 16:00:03,2024-12-08 08:16:04.182,40.266995,3997.089258,3789.485519271581,3960.1378139999997,-24.207234592986286,-0.21791254892614154,-19.181494580400138,2.4783579438451193,-2.54738206874103,0.4611706060132428,0.2268227840617105,0.10828678778954369,1.0203367094555276,2.149718882409739,1.9219664603859092,0.0002635,5.174674465463367,with,True,1,2,16,Friday,2024,0,3,CHOP,False,False,False,False,False,False,False,False,False
1576,BTCUSDT,1,2024-12-09 00:00:03,2024-12-09 07:14:10.747,7.235485277777777,101220.34002,98121.76796530833,98480.39998,-194.17773686360007,-0.877086001780036,-186.0419287160001,8.135808147599999,0.0,0.02570860983509497,0.8940699041693484,0.2128916056675782,0.8451604592116467,2.459073882244954,0.47469976716679885,0.00030413,3.04173125957674,self,True,1,1,0,Monday,2024,0,3,FALSE_BREAKOUT,True,False,False,False,False,False,True,False,False
1577,BTCUSDT,-1,2024-12-09 20:00:03,2024-12-11 08:43:17.483,36.720689722222225,97107.37464000001,100505.70751469748,98468.1897,-88.50104333158718,-0.4023244331515663,-84.23445221399959,7.263676459587599,2.9970853419999997,0.902699868762298,0.4038819652480837,-0.1913071449946958,1.8085727334703712,-0.11598423404467811,1.4284930831031777,-0.00011115,3.478862182937644,self,False,2,2,20,Monday,2024,0,3,CHOP,False,False,False,False,False,True,False,False,False
1578,SOLUSDT,-1,2024-12-09 20:00:03,2024-12-11 12:39:18.048,40.65418,222.115568,233.85251685765238,226.14522,-38.157334783676625,-0.3466132802609245,-36.685145877599986,2.4485259370766395,0.976337031,1.8842689244216018,0.342885706396863,0.13764803950275895,2.4874776860231855,2.126254154191879,1.287604519252236,-0.00012595,5.258368302494658,with,True,2,2,20,Monday,2024,0,3,GAVE_BACK,False,False,False,False,False,False,False,False,False
1579,BTCUSDT,1,2024-12-11 16:00:03,2024-12-18 05:55:14.925,157.91997916666668,100372.77054,96711.67754505792,103243.94708000001,146.79075128728675,0.6703300371672704,164.51841574200085,7.0003427517756,-10.727321702938498,2.1835089879017042,0.3340998280267235,1.357799287499018,2.562357171770978,1.4303125192022097,1.6624515029765872,0.0001,3.628225702887992,self,True,1,1,16,Wednesday,2024,0,3,WIN,False,False,False,False,False,False,False,False,True
1580,ETHUSDT,1,2024-12-12 04:00:03,2024-12-14 17:50:19.120,61.83781111111111,3934.546752,3742.673286567804,3844.4109639999997,-54.23119762867275,-0.4941526121288297,-49.91719939440028,2.5847920698724796,-1.7292061643999999,0.2730614568407558,0.5188145832242648,0.9143695174567918,2.809990765176234,1.9040097208636673,0.8219425684414138,0.0001,4.857851715585706,with,True,1,2,4,Thursday,2024,0,3,FALSE_BREAKOUT,False,False,False,False,False,False,False,False,False
1581,SOLUSDT,-1,2024-12-13 16:00:03,2024-12-16 00:36:16.666,56.60379611111111,220.975796,232.70305007601254,226.725336,-53.139457987490125,-0.4858685174745469,-52.051735527999966,2.43187673293344,1.34415427344328,0.5061539522829438,0.5478012123179254,1.3955352117317328,1.7392718397844351,-0.6316843591343123,1.1571970321240133,-0.0001,5.285969629903415,against,True,1,3,16,Friday,2024,0,3,WHIPSAW,False,False,False,False,True,False,False,False,True
1582,ETHUSDT,1,2024-12-16 00:00:03,2024-12-17 22:24:18.175,46.40421527777778,3959.2916999999998,3821.5798371050732,3881.4435559999997,-129.28004862690057,-0.5868612246844114,-119.05316661920008,7.19450185620048,-3.0323801515,1.0943015135521192,0.5757797355518961,-0.32162588660785246,1.313174014684597,1.2969601864721378,1.5657549677272573,8.662e-05,3.4588900567115557,with,True,1,3,0,Monday,2024,0,3,GAVE_BACK,False,False,False,False,False,False,False,False,False
1583,SOLUSDT,-1,2024-12-16 12:00:03,2024-12-17 12:30:15.066,24.503351666666667,213.99719199999998,224.64292041470154,224.68784899878446,-108.7248563682243,-0.9921449364121416,-106.61899131457747,2.6250298694309864,0.5191648157841601,0.2674492424649928,1.0203912383297977,3.644390546956073,0.8141020249272228,1.8939179052126363,1.8158289476811962,-0.0001,4.9586134722709625,against,True,1,3,12,Monday,2024,0,3,WHIPSAW,False,False,False,False,True,False,False,False,True
1584,DOGEUSDT,-1,2024-12-18 04:00:03,2024-12-23 21:02:05.510,137.03403055555555,0.38955207399999997,0.40972734787063725,0.32441487,339.87261977648063,3.111976703168414,342.03909285998293,2.2494481573796854,0.08297507387737954,6.307328208575167,0.028149605484493617,3.937595817007397,1.3491079148190335,1.1290689117378492,1.1563134916070963,-0.0001,5.155360812708469,against,True,1,2,4,Wednesday,2024,0,3,WIN,False,False,False,False,True,False,False,False,True
1585,ETHUSDT,-1,2024-12-18 20:00:03,2024-12-23 20:59:02.652,120.98323666666667,3768.016246,3927.107699173378,3402.760416,442.1842390476588,2.024916708118082,443.1860399194001,6.70080379144092,5.69900291969966,4.198944900402638,0.10549752148978805,2.9105664494457315,2.204340588827542,2.1452709324434416,1.3647874231484725,-0.0001,4.199927276266249,against,True,1,2,20,Wednesday,2024,1,3,WIN,False,False,False,False,True,False,False,False,True
1586,BTCUSDT,-1,2024-12-19 20:00:03,2024-12-24 14:21:17.257,114.35396027777777,97152.76556,101205.982576626,96518.2998,34.210756493841544,0.15279426523756046,33.75357843200034,6.181980406291199,6.6391584681324005,1.2040227651225943,0.5754032982772308,0.6248778561845513,2.781439416460301,2.5425380647987303,2.6852507127701073,-0.0001,4.151276525490342,self,True,1,3,20,Thursday,2024,0,3,WIN,False,True,False,False,False,False,False,False,False
1588,SOLUSDT,-1,2024-12-26 12:00:03,2024-12-28 17:20:12.619,53.33600527777778,189.66206,200.3154573389957,194.328858,-49.96086011142804,-0.4462454270674056,-47.6858086438,2.3541945595294793,0.07914309190143998,0.657260757032843,0.46350847930219896,0.36158043086404995,1.1341951284351421,-0.11963686155420328,1.394868714263694,-0.0001,5.5959184707410214,with,True,3,3,12,Thursday,2024,0,3,CHOP,False,False,True,False,False,False,False,False,False
1589,BTCUSDT,-1,2024-12-26 12:00:03,2024-12-31 13:14:08.367,121.23482416666667,95643.46748,99109.90949747666,95050.60632,37.03703527218063,0.16557797651696018,36.63881968800003,7.070936256504,7.469151840684601,1.192423660675825,0.554179908481025,0.8212938412489049,1.2918274921381285,0.31590769310572586,1.9545206730419844,-7.453e-05,3.603504289003613,self,True,3,3,12,Thursday,2024,0,3,WIN,False,False,True,False,False,False,False,False,False
1590,ETHUSDT,-1,2024-12-26 12:00:03,2024-12-30 01:28:12.467,85.46929638888889,3371.155634,3521.6431932463006,3428.1855,-83.41675299937,-0.37267886551706236,-81.88918458939979,5.857904360586359,4.330335950616139,0.45469296161557854,0.4840557343399841,0.4582148474289617,1.3056259983619984,0.12121762847777945,1.4612031587018408,-0.0001,4.4430826360255615,with,True,3,3,12,Thursday,2024,0,3,CHOP,False,False,True,False,False,False,False,False,False
1591,ATOMUSDT,-1,2024-12-29 20:00:03,2025-01-01 18:56:10.909,70.93553027777777,6.3547288,6.686968500922531,6.518303400000001,-55.7865794537493,-0.4967993043171687,-53.64406106556015,2.533015732646952,0.39049734445780804,0.9442845004039795,0.632890047204291,-0.31083341248275426,1.1091967838649166,1.9123037448600038,0.9999345531492908,-8.831e-05,5.190632388273265,with,True,2,4,20,Sunday,2024,0,3,CHOP,False,False,False,True,False,False,False,False,False
1592,AVAXUSDT,-1,2024-12-29 20:00:03,2024-12-31 14:16:06.929,42.267758055555554,36.1857614,38.124244431716,37.1794344,-57.69554610801958,-0.5138495151224867,-55.886454967900065,2.475736411045404,0.6666452709258921,0.6828852140264347,0.5515852254086966,0.6452269014151664,1.4625478814242234,2.4339570723064834,0.8950341461072272,-8.552e-05,5.338871661461106,with,True,2,4,20,Sunday,2024,0,3,CHOP,False,False,False,True,False,False,False,False,False
1593,XRPUSDT,-1,2024-12-30 00:00:03,2025-01-01 12:20:18.545,60.33765138888889,2.0921814800000003,2.183977586661297,2.14902972,-138.18570406947032,-0.6145125719810309,-134.3599397771037,6.014422413928512,2.188658121561889,1.0717391355496355,0.6461986478235874,-0.5993557025572308,1.9917356832218354,2.2018528541990796,1.574503883916745,8.01e-06,4.366701073367904,with,True,2,6,0,Monday,2024,0,3,GAVE_BACK,False,False,False,False,False,False,False,False,False
1594,ADAUSDT,-1,2024-12-30 00:00:03,2024-12-30 01:37:18.121,1.6208669444444443,0.8581283399999999,0.9040114868281236,0.9041922891254892,-112.0885717026149,-0.9971472355881185,-109.57332919168212,2.515242510932785,0.0,0.0834367358093547,1.010646897731455,0.6348374515181687,1.353372359046386,1.344640924471894,1.2021566323420716,-1.897e-05,5.338089819170775,with,True,2,6,0,Monday,2024,0,3,FALSE_BREAKOUT,False,False,False,False,False,False,True,False,False
1595,SOLUSDT,-1,2024-12-30 16:00:03,2024-12-30 20:00:16.791,4.003830833333334,187.192554,196.26791828162754,196.30717186528386,-112.52161477890947,-0.9967834583724733,-109.75093663945603,2.7706781394534334,0.0,0.15234143303744682,1.003535033677647,-0.06913727984123058,1.7301884568215284,0.6490975900751714,2.162069428072754,-5.906e-05,4.821575668461617,with,True,2,6,16,Monday,2024,0,3,FALSE_BREAKOUT,False,False,False,False,False,False,True,False,False
1596,DOGEUSDT,-1,2024-12-30 16:00:03,2024-12-31 13:19:09.090,21.318358333333332,0.31067785200000003,0.3263454361032601,0.323254638,-90.13467997000329,-0.7985484823628464,-87.82001289738025,2.6559389393062074,0.34127186668317366,0.23155146167335183,0.8215783566351855,-0.07162227390031978,1.1413595543044157,0.9355301065899709,2.401548924190369,-7.798e-05,5.018643959214831,with,True,2,6,16,Monday,2024,0,3,FALSE_BREAKOUT,False,False,False,False,False,False,False,False,False
1597,SOLUSDT,1,2024-12-31 16:00:03,2025-01-01 09:15:17.378,17.25399388888889,198.349662,188.44766245341125,188.40997292092058,-109.05026101407574,-0.993811278356994,-106.7264175177073,2.491675742399935,0.1678322460315,0.08183579449659384,1.0058233140831776,2.155154410944383,2.245152472233226,1.5488710093254523,1.6151140035588798,6.744e-05,4.968400174780013,against,False,2,4,16,Tuesday,2024,0,3,WHIPSAW,False,False,False,False,True,True,False,False,True
1598,DOGEUSDT,1,2024-12-31 16:00:03,2025-01-07 14:59:13.792,166.9863311111111,0.32751549,0.3110278901956083,0.37572484,304.4965456005177,2.775239571828765,310.9334004809549,2.7213921012697617,-3.7154627791674355,4.313818314601184,0.9531702725956462,3.236645153516249,2.033843421937652,1.1454070289415341,1.9411403655386563,0.0001,5.0151503449051,against,False,2,4,16,Tuesday,2024,0,3,WIN,False,False,False,False,True,True,False,False,True
1599,XRPUSDT,1,2025-01-01 16:00:03,2025-01-05 01:07:05.679,81.11741083333334,2.2279455,2.111714175885524,2.39961998,151.59939061053745,1.3897625914858764,156.32200893745605,2.528239487860594,-2.1943788390580004,2.430966885671131,0.14579116369104317,2.0765013376453503,1.723872516575587,1.9605163389912745,1.892546243466775,0.0001,5.198016795262675,against,False,1,3,16,Wednesday,2025,0,3,WIN,False,False,False,False,True,True,False,False,True
1600,LTCUSDT,1,2025-01-01 20:00:03,2025-01-07 11:38:06.486,135.63430166666666,107.15142599999999,101.99432481619834,111.51769200000001,83.00653775136331,0.7595551308681977,89.5477493940005,2.6908109646372,-3.850400678,1.985335101075616,0.5994503287447791,0.8703676426009518,1.6778277381247355,2.019246173208256,1.5021628022115894,0.0001,4.78498430153254,against,False,1,3,20,Wednesday,2025,0,3,WIN,False,False,False,False,True,True,False,False,False
1601,ADAUSDT,1,2025-01-02 04:00:03,2025-01-07 15:15:15.000,131.25333333333333,0.94238844,0.8896441717468951,1.06088778,154.13973252452723,1.405425540354244,161.38702354309217,3.828137191154906,-3.4191538274099997,3.974110684295272,0.3391541980288442,2.6469522589647774,3.4363458060301895,1.9008358030034114,1.578015536833252,0.0001,5.577990687020265,against,False,3,6,4,Thursday,2025,1,3,WIN,False,False,True,False,True,True,False,True,True
1602,DOTUSDT,1,2025-01-02 04:00:03,2025-01-05 08:18:05.555,76.30070972222222,7.1644326000000005,6.78155214531434,7.565486600000001,106.98213334852143,0.9755378313076947,111.53091160300006,2.45778570897864,-2.0909925455,2.166648597095566,0.16306029528526447,2.1535896907481398,2.6530493947435088,1.5336303319416544,1.2090080391652105,0.0001,5.325252752836243,against,False,3,6,4,Thursday,2025,0,3,WIN,False,False,True,False,True,True,False,False,True
1603,AVAXUSDT,1,2025-01-02 04:00:03,2025-01-07 14:59:19.797,130.98799916666667,38.477694,36.45967188078839,42.016595,140.14707150857018,1.2780808893118338,148.58598191334016,4.304036357499996,-4.134874047269999,3.262752145934023,0.013227803474437536,1.9525583800535256,2.8586670066876665,1.6796659379475756,0.9963787169187608,0.0001,5.223239801428698,against,False,3,6,4,Thursday,2025,1,3,WIN,False,False,True,False,True,True,False,False,True
1604,FILUSDT,1,2025-01-05 20:00:03,2025-01-07 15:07:10.625,43.11878472222222,5.8231644,5.558119387149926,5.7248548,-44.82628354334956,-0.39455639475250065,-40.70947448815977,2.8691834348497913,-1.24762562034,1.7802093120948503,0.5929724853525217,-0.16285686546539874,1.5444273185392652,3.3513312010667415,1.2886842530610738,0.0001,4.516073060471984,with,True,1,5,20,Sunday,2025,0,3,GAVE_BACK,False,False,False,True,False,False,False,True,False
1606,ATOMUSDT,1,2025-01-06 04:00:03,2025-01-07 15:07:19.027,35.121118611111115,7.5015,7.179748599867327,7.2055586,-208.94437561555537,-0.90935247035196,-203.74076804758016,6.075042048631452,0.8714344806562442,0.822063244762679,0.9370588593419571,-0.5578841301886612,1.4238813626141509,3.0725860982726445,1.2366645990256295,0.0001,4.270018668435635,with,True,1,6,4,Monday,2025,0,3,LATE_ENTRY,False,False,False,False,False,False,False,True,False
1608,ETHUSDT,-1,2025-01-07 20:00:03,2025-01-13 00:31:16.374,124.52038166666667,3383.683128,3519.208791421711,3319.9638600000003,101.89237214784737,0.45635074499284867,100.94406436559973,6.37195053503376,7.320258317281399,1.6800000992544564,0.22037798042031562,3.5689412306725936,4.480722397506924,2.510663955016298,2.753757092656902,-0.0001,3.9844694837934154,against,True,1,1,20,Tuesday,2025,0,3,WIN,False,True,False,False,True,False,False,True,True
1609,LTCUSDT,-1,2025-01-08 00:00:03,2025-01-09 15:50:20.000,39.838055555555556,102.649466,108.1296078693393,104.98099199999999,-47.9023990999505,-0.42906751331811543,-46.11641851699965,2.4640959864065994,0.6781154034557499,1.0071757504820689,0.42161937684992035,0.3922281669432679,4.1394914325110665,2.5734448949902844,1.0288754190925673,-3.145e-05,5.317627222498579,against,True,1,2,0,Wednesday,2025,0,3,GAVE_BACK,False,False,False,False,True,False,False,True,False
1610,SOLUSDT,-1,2025-01-08 04:00:03,2025-01-13 00:35:16.585,116.58710694444444,198.580276,207.2503159620046,191.858364,161.8502755594948,0.7243466741186853,167.11210984960007,5.823970164787199,0.5621358746819201,1.929665384856171,0.1095409022521295,3.560569055654323,4.321973861005224,2.609406202408513,1.9513308306812285,-9.47e-06,4.345139443160102,against,False,1,3,4,Wednesday,2025,0,3,WIN,False,False,False,False,True,True,False,True,True
1611,BTCUSDT,-1,2025-01-08 12:00:03,2025-01-10 17:56:07.100,53.93447222222222,95074.78124000001,97762.69832676169,95377.77174,-29.92898971279264,-0.13356451637898434,-23.90595044999884,9.016023858073199,2.9929845952794,1.4952028318856951,0.3682103011564142,2.2938881821791464,4.266414545386776,2.6435118492300917,1.1105793441435599,-0.0001,2.806487405355866,self,True,1,4,12,Wednesday,2025,0,3,GAVE_BACK,False,False,False,False,False,False,False,True,True
1612,XRPUSDT,1,2025-01-11 12:00:03,2025-01-13 11:33:10.266,47.552018333333336,2.41938378,2.2940295255478813,2.3956207800000002,-24.616402858283593,-0.21765074712128712,-20.79784097849979,2.5285115301005523,-1.2900503496832503,1.471160438917861,0.3349210617820416,6.267168381589158,1.7618256114207265,1.3622115295575699,0.9156359861470491,0.0001,5.162283453310117,against,True,1,3,12,Saturday,2025,0,3,GAVE_BACK,False,False,False,True,True,False,False,False,True
1613,ATOMUSDT,-1,2025-01-13 00:00:03,2025-01-15 07:06:12.000,55.1025,6.4567084,6.786447639713686,6.3442685999999995,33.5794868349147,0.29653280821834754,37.44148641772021,2.5575691515586794,-1.304430431246838,1.8399642108922418,0.7438956922839617,0.9422851834976917,0.9531104860028401,-0.036424604560614075,0.790166774958067,0.00011166,5.102178096851266,with,True,2,5,0,Monday,2025,0,3,WIN,False,False,False,False,False,False,False,False,False
1614,FILUSDT,-1,2025-01-13 00:00:03,2025-01-14 18:37:05.714,42.617420555555555,5.084982800000001,5.339415751217457,5.2300458,-65.28592073199039,-0.5765825606401194,-62.55634434909978,2.668925147304612,-0.06065123558599701,1.9061320386348088,0.6053351158449809,-0.09832531470587029,0.9075994641021154,0.10654428491633294,0.7723972794176478,2.576e-05,4.982614062474569,with,True,2,5,0,Monday,2025,0,3,GAVE_BACK,False,False,False,False,False,False,False,False,False
1615,LINKUSDT,-1,2025-01-13 04:00:03,2025-01-14 19:36:10.769,39.602158055555556,19.3741244,20.444583471277678,20.4430878,-111.49595512373247,-0.9880094766112364,-109.51989687262012,2.447666762341476,0.471608511229128,1.5293666464482032,1.0172043277659757,-0.6678215161900006,1.6235236812801315,1.0144676875513403,2.4789403124613214,4.06e-05,5.498650452952567,with,True,2,5,4,Monday,2025,0,3,GAVE_BACK,False,False,False,False,False,False,False,False,False
1616,LTCUSDT,-1,2025-01-13 04:00:03,2025-01-14 21:04:19.310,41.071197222222224,100.48989800000001,105.22521351671558,101.850366,-34.184451162316236,-0.3029503965508663,-31.354161808799613,2.79795307698144,-0.03233627653518005,1.767548111726542,0.28511341963046777,-0.04648095765171868,1.7725019216177091,0.9818895537018969,1.916644101576635,1.513e-05,4.6808729772339746,with,True,2,5,4,Monday,2025,0,3,GAVE_BACK,False,False,False,False,False,False,False,False,False
1617,SOLUSDT,-1,2025-01-13 08:00:03,2025-01-15 07:15:14.000,47.253055555555555,182.353522,190.8488335529054,190.118016,-102.80439169065889,-0.909143733722279,-99.91894393780018,2.8759346886363604,-0.009513064222350029,1.7237180659951064,0.9200931538910713,-0.4009832928181396,0.9646720140505954,1.8418615170230723,1.5322172994297043,-2.66e-05,4.637772659085158,with,True,1,6,8,Monday,2025,0,3,GAVE_BACK,False,False,False,False,False,False,False,False,False
1618,ETHUSDT,-1,2025-01-13 12:00:03,2025-01-14 06:41:19.380,18.687883333333332,3056.198638,3187.0973887144464,3187.734808192189,-228.3813779979644,-0.9942588896168486,-222.50658549710738,6.337342690547223,0.4625501896902,1.193278294463975,1.0013186625893025,-0.854258435544099,2.992998277350042,2.17812164336491,3.7012192763472864,-9.353e-05,4.26185999550011,with,True,1,6,12,Monday,2025,0,3,GAVE_BACK,False,True,False,False,False,False,False,False,False
1619,BTCUSDT,1,2025-01-15 16:00:03,2025-01-19 22:48:04.775,102.80049305555555,98963.08866,95821.60902688075,102222.35144,125.2321202314379,0.5681315987333775,141.6389486720003,10.415296570713599,-5.9915318698488,2.3832436349638457,0.5314338639662973,3.513284384734718,1.6187502762078614,2.957020530678355,2.4033018458575626,5.844e-05,3.1551280561606436,self,True,1,1,16,Wednesday,2025,1,3,WIN,False,False,False,False,False,False,False,False,True
1620,SOLUSDT,1,2025-01-16 00:00:03,2025-01-20 02:57:13.900,98.95302777777778,205.80115199999997,196.0005154048969,230.60387,210.45486616540205,1.9014454804717584,213.83121094480032,3.28327337452272,-0.09307140487558005,9.162552567745283,0.7531298531860684,6.856579911714736,3.750198040003496,3.880327862703075,0.9654880743105698,0.0001,4.743139869315271,with,True,1,2,0,Thursday,2025,1,3,WIN,False,False,False,False,False,False,False,True,True
1621,XTZUSDT,1,2025-01-16 12:00:03,2025-01-18 05:49:20.000,41.82138888888889,1.3642728000000002,1.2940687848603776,1.3437312000000001,-34.93374049889336,-0.31582396372385896,-31.388791133520076,2.48279506790328,-1.06215429747,0.8934987532443444,0.2887698083888977,-0.07510681532265041,2.859953163986729,2.8742529298066612,1.0711710144206383,0.0001,5.126921931057372,with,True,1,3,12,Thursday,2025,0,3,CHOP,False,False,False,False,False,False,False,False,False
1622,AVAXUSDT,1,2025-01-17 08:00:03,2025-01-18 08:01:18.873,24.021075833333335,41.338266,39.09111013451988,39.1251734,-109.4804451474931,-0.9828131770910767,-106.56970367891981,2.324791532133288,-0.58594993644,0.2148199897548548,0.9831387461536754,-0.34544377269270826,1.8142920125858557,3.767938803095593,0.6661898266074929,0.0001,5.4171058927658295,with,True,1,4,8,Friday,2025,0,3,LATE_ENTRY,False,False,False,False,False,False,False,True,False
1623,DOTUSDT,1,2025-01-17 20:00:03,2025-01-18 05:53:06.405,9.884279166666667,7.4794956,7.064313147961381,7.062900285331789,-112.2631344118806,-0.9974746723733965,-109.76644984722762,2.299018417732975,-0.19766614692,0.2854272848433804,1.0392915160100837,-0.5912957033578212,0.7366360195346174,3.5911005952312594,0.9472278738309297,0.0001,5.519417574409783,with,True,1,5,20,Friday,2025,0,3,LATE_ENTRY,False,False,False,False,False,False,False,True,False
1624,ETHUSDT,1,2025-01-18 00:00:03,2025-01-18 05:31:04.483,5.517078611111111,3473.0744760000002,3325.9089599491963,3325.2437781572066,-223.59587093778427,-0.9946782775170806,-217.59200415480788,6.003866782976395,0.0,0.13505557914218322,1.0625755285363006,-0.11765307841561723,2.259013111979229,2.9692559010241957,1.2928231499632374,0.0001,4.218174279623877,with,True,1,6,0,Saturday,2025,0,3,FALSE_BREAKOUT,False,False,False,True,False,False,True,False,False
1627,BTCUSDT,1,2025-01-20 08:00:03,2025-01-20 17:06:07.995,9.1013875,107200.23576,102255.29692205171,102234.84586266731,-109.17319303295453,-0.9970862390901479,-106.25934380291949,2.689146448035048,-0.224702782,0.4247907423808616,1.276099860239766,0.008364964938003644,0.8233974744846448,1.4347508040847388,2.901817408685681,0.0001,4.59372849663207,self,True,1,1,8,Monday,2025,0,3,CHOP,False,True,False,False,False,False,False,False,False
1628,ETHUSDT,1,2025-01-24 08:00:03,2025-01-26 23:08:04.129,63.13364694444444,3381.266118,3202.8445822749272,3269.346,-70.0687564538955,-0.6406006396241872,-66.59247021,2.3742685261259995,-1.1020177177694999,0.2730829650243439,0.6578584671575932,-0.5921152823322221,1.6711356903520511,0.9235638124412128,1.4068631830654357,0.0001,5.257542129607129,with,True,1,1,8,Friday,2025,0,3,FALSE_BREAKOUT,False,False,False,False,False,False,False,False,False
1629,AVAXUSDT,1,2025-01-26 08:00:03,2025-01-27 00:01:13.767,16.0196575,37.630524599999994,35.526309629525535,35.51920436759963,-109.17905567958265,-0.9991215490954712,-106.59401344117407,2.215861830848583,-0.3691804075599999,0.25162609687194476,1.031988000498996,-0.760152656664796,2.2121588500453897,1.2854952420237835,0.8470934311206643,0.0001,5.570385334310956,with,False,1,2,8,Sunday,2025,0,3,FALSE_BREAKOUT,False,False,False,True,False,True,False,False,False
1630,XTZUSDT,-1,2025-01-27 04:00:03,2025-01-30 14:32:10.000,82.53527777777778,1.0787842,1.137210893681593,1.0992198,-37.93432465937447,-0.3489384436745713,-36.933073916039795,2.36177208561816,1.3605213422834912,1.1772735314247336,0.6883120961655533,1.9474694327234767,2.7829842449442768,1.9583963205163493,2.636216315038474,-4.677e-05,5.394892834253299,with,True,5,5,4,Monday,2025,0,3,GAVE_BACK,False,True,True,False,False,False,False,False,True
1631,DOTUSDT,-1,2025-01-27 04:00:03,2025-01-30 04:00:09.333,72.00175916666667,5.980803600000001,6.310145862988931,5.9591916000000005,5.676579707489928,0.052220873633053,6.93188258760006,2.297796913462176,1.042494033352044,1.5297265386706032,0.1615231507709264,0.8526193919103496,2.0905337454250943,1.4383847344615794,3.5378373352187134,-5.045e-05,5.485554379621048,with,True,5,5,4,Monday,2025,0,3,WIN,False,True,True,False,False,False,False,False,False
1632,ADAUSDT,-1,2025-01-27 04:00:03,2025-01-30 03:53:18.750,71.88770833333334,0.92811434,0.9797881289792345,0.96809358,-82.70270114853886,-0.7608819505162663,-81.74515223559995,2.32629442316688,1.36874551022796,1.3955690384728665,0.7718741123479121,1.2078529798749946,2.14029917545546,1.3517679002876601,2.5140737902057517,-0.0001,5.546496712187282,with,True,5,5,4,Monday,2025,0,3,GAVE_BACK,False,True,True,False,False,False,False,False,True
1633,ETHUSDT,-1,2025-01-27 04:00:03,2025-01-30 09:21:17.070,77.35390833333334,3181.473578,3309.871412761167,3215.49297,-58.34486037499438,-0.26842646343171184,-55.39377599359951,6.249708378065041,3.29862399667017,1.25627958057113,0.4402443554063418,0.8928778138139863,2.432033219457654,1.758277363603782,2.0335596117803365,2.76e-06,4.014990454797824,with,True,5,5,4,Monday,2025,0,3,GAVE_BACK,False,False,True,False,False,False,False,False,False
1634,BTCUSDT,-1,2025-01-27 04:00:03,2025-01-29 19:40:16.554,63.670431666666666,101328.83018,104327.11234689351,103817.7594,-175.43000645605136,-0.8079862111023018,-170.98943741399935,8.456142422487599,4.015573380435599,1.216973579168009,0.8898995062777771,-0.005059503794371975,2.4764328633423354,1.6825881410602759,2.0440282655868383,-9.084e-05,2.9382692185962167,self,False,5,5,4,Monday,2025,0,3,GAVE_BACK,False,False,True,False,False,True,False,False,False
1635,BTCUSDT,1,2025-01-30 04:00:03,2025-01-31 18:37:16.860,38.62051666666667,105176.63112,101776.81739079038,103203.8551,-128.8626211140929,-0.5999207695613826,-118.76111640400028,7.5267031622664,-2.5748015478262,0.37454077823728993,0.5813939460911368,-0.4680936212261192,1.8714470821699123,2.1114968541830743,0.6566571163910855,7.59e-05,3.213218693051936,self,True,1,4,4,Thursday,2025,0,3,CHOP,False,False,False,False,False,False,False,False,False
1636,ETHUSDT,1,2025-01-31 16:00:03,2025-01-31 21:21:07.944,5.351373333333333,3426.895242,3282.984328654405,3282.327731788674,-213.67679726567158,-0.9946389946843742,-207.8880796838867,5.7887175817848675,0.0,0.06597663637363364,1.0276860771832983,-0.66760219754342,2.3992905515577387,2.7384755561982708,2.3445484745046823,0.0001,4.180294592146865,with,True,3,4,16,Friday,2025,0,3,FALSE_BREAKOUT,False,False,True,False,False,False,True,False,False
1637,DOTUSDT,1,2025-01-31 16:00:03,2025-02-01 19:23:18.036,27.38751,6.469293599999999,6.111178381048914,6.1099561453727045,-107.48534815104989,-1.0008535813011539,-104.73303353185332,2.1998201997965676,-0.5524944194000001,0.08015967621840102,1.0032905081564674,-0.9558197526555081,1.4197018097708725,2.5543453821468005,1.5025970037046923,0.0001,5.531328164338946,with,False,3,4,16,Friday,2025,0,3,FALSE_BREAKOUT,False,False,True,False,False,True,False,False,False
1638,ATOMUSDT,1,2025-01-31 16:00:03,2025-02-01 15:02:18.823,23.03772861111111,6.4022802,6.061369069911048,6.1117774,-91.51621371448353,-0.8522348347812491,-88.83630819531987,2.296093554473664,-0.38381196469,0.03731119015293298,0.8514834934378892,-0.6696179146173241,1.2623633440677564,2.5041765871855732,1.018633373941637,0.0001,5.320695565275728,with,True,3,4,16,Friday,2025,0,3,FALSE_BREAKOUT,False,False,True,False,False,False,False,False,False
1639,ETHUSDT,-1,2025-02-02 00:00:03,2025-02-11 00:37:02.526,216.616535,3115.606754,3259.902342859046,2693.528598,271.8279159332877,2.5799372724169705,275.1363376588,3.449031869276879,0.14061014376456016,7.175664635260883,0.3205451141350022,3.9737649538276485,2.5511833444948753,1.683922987234106,1.3540703978453708,-7.609e-05,4.610789445515594,with,True,3,3,0,Sunday,2025,1,3,WIN,False,False,True,True,False,False,False,False,True
1640,XRPUSDT,-1,2025-02-02 00:00:03,2025-02-07 13:57:07.948,133.95137444444444,2.87612466,3.020390282357586,2.46929376,239.03250202293665,2.2686476109113296,242.29899885641404,3.113710020328568,-0.15278681314879541,7.711640804088609,0.5349530868047573,3.920716874585723,2.199313176455467,1.8880107730749771,1.8182234282405172,-2.966e-05,4.991319603642457,with,True,3,3,0,Sunday,2025,1,3,WIN,False,False,True,True,False,False,False,False,True
1641,BTCUSDT,-1,2025-02-02 00:00:03,2025-02-03 19:00:09.124,43.00170111111111,100583.47928000001,103187.62805056908,99952.42857577522,40.943842505241896,0.1943236049481447,48.08606366192914,9.168501707166044,2.0262805504788,3.630045789563041,0.32353017981222154,1.8326062373760361,1.3746754797099423,2.112128774607551,1.1523438040788632,-5.824e-05,2.5685244370669333,self,True,3,3,0,Sunday,2025,0,3,WIN,False,False,True,True,False,False,False,False,True
1643,BTCUSDT,-1,2025-02-06 20:00:03,2025-02-07 14:06:19.803,18.1046675,95926.8108,99579.11630838954,99112.8186,-186.79066653163156,-0.8640964032159463,-180.96524303999956,6.646950569952,0.82152707832,0.05224393182928003,0.8673122203834402,0.34956298071651765,0.760249821511085,0.4663067424409527,1.1416137634973162,-5.903e-05,3.786517959968699,self,True,1,3,20,Thursday,2025,0,3,FALSE_BREAKOUT,False,False,False,False,False,False,False,False,False
1645,BTCUSDT,-1,2025-02-11 20:00:03,2025-02-12 17:28:09.195,21.4683875,94969.0024,97365.97124285877,97385.44443710733,-211.02092851620583,-0.9891086389079907,-202.256198505884,9.66004032015953,0.8953103098377,0.40263452020885027,1.0559159363045298,-0.07972469086085149,1.9811845976473124,2.0128502455083286,2.414470123651281,2.446e-05,2.503443848547985,self,True,2,2,20,Tuesday,2025,0,3,CHOP,False,False,False,False,False,False,False,False,False
1646,SOLUSDT,-1,2025-02-11 20:00:03,2025-02-14 09:15:08.333,61.25148138888889,195.470898,206.42510362842293,198.43968,-30.70932599838716,-0.2878059919831479,-28.11525617460004,2.2382708081000398,-0.35579901568707994,0.654625104114682,0.34955542463659967,1.3666803881383192,1.0490500952400788,0.5373630732610855,1.1292265758977806,0.00027714,5.577487534995358,with,True,2,2,20,Tuesday,2025,0,3,WHIPSAW,False,False,False,False,False,False,False,False,True
1647,XRPUSDT,1,2025-02-14 00:00:03,2025-02-16 18:27:08.627,66.45156305555555,2.5585115999999997,2.417703555006739,2.7061586600000003,104.98262448773495,0.9904936400971437,107.99836144878044,2.3105469014342277,-0.7051900596112651,1.9650042013809894,0.21313838993671078,1.4763957557251113,1.2216988107448679,1.4390956236253731,2.4857884623852957,4.872e-05,5.484614737813161,against,False,1,2,0,Friday,2025,0,3,WIN,False,False,False,False,True,True,False,False,True
1648,DOGEUSDT,1,2025-02-14 12:00:03,2025-02-16 09:18:14.347,45.303151944444444,0.27145428,0.2571426259639681,0.267366516,-31.820257880755726,-0.2993364262515643,-29.468380823488758,2.330590965448598,-0.0212860918183716,1.0596762583708241,0.3629405788403321,-0.007286369537544043,1.9723127084225873,1.509394362918,1.9766337501464832,0.0001,5.2532697258776295,with,False,1,2,12,Friday,2025,0,3,GAVE_BACK,False,False,False,False,False,True,False,False,False
1649,AXSUSDT,1,2025-02-14 16:00:03,2025-02-16 02:08:20.000,34.13805555555555,4.525905,4.300687164146465,4.354129,-78.24982277294316,-0.7361949277010874,-78.54275517439976,2.4361808508837597,2.729113252340362,0.5199188579191839,0.7588430967392106,0.19134807790279088,1.7029787820498485,1.5068241579393933,1.0120489838251663,-2.243e-05,4.957189742619568,with,False,1,3,16,Friday,2025,0,3,CHOP,False,False,False,False,False,True,False,False,False
1650,FILUSDT,1,2025-02-14 20:00:03,2025-02-15 20:02:20.000,24.038055555555555,3.5727144,3.378647098692822,3.3983202,-95.4309981854578,-0.8957588284304797,-92.99732901606004,2.2304214186430684,-0.20324775075469204,0.06330587336067292,0.8951245203592403,-0.3128522919164972,1.862591181120847,1.7854119885329685,1.1126422225267858,0.0001,5.439487861941729,with,False,1,4,20,Friday,2025,0,3,FALSE_BREAKOUT,False,False,False,False,False,True,False,False,False
1651,BTCUSDT,-1,2025-02-17 00:00:03,2025-02-19 23:01:12.000,71.01916666666666,96047.7866,97785.59348297631,96756.64746000001,-85.36134180609807,-0.4047471925553332,-79.03798589000007,12.898616638614,6.575260722515999,1.5687511809890613,0.5479397102911439,0.7005304282803961,1.7118649809523014,1.008266362676454,0.9699118385284119,-6.239e-05,1.7889530046491675,self,True,1,1,0,Monday,2025,0,3,GAVE_BACK,False,False,False,False,False,False,False,False,False
1652,SOLUSDT,-1,2025-02-17 08:00:03,2025-02-20 04:21:04.705,68.35047361111111,181.21375,189.4119199614668,174.274848,83.66192151727114,0.7935753080872423,86.18255062040016,2.64914369092776,0.12851458779874,2.49369677575485,0.6875009943062428,1.7215732372392565,2.8277660291895605,2.854720471408875,2.889637382962792,0.00016029,4.503128254602372,with,True,1,2,8,Monday,2025,0,3,WIN,False,True,False,False,False,False,False,False,True
1653,ETHUSDT,1,2025-02-17 12:00:03,2025-02-18 06:06:13.082,18.102800555555554,2754.490788,2655.260332933128,2654.7292808665416,-210.09300719959114,-0.9978284379460796,-202.6754778923343,6.593622895145559,-0.82390641211128,0.9500028185547643,1.0186468250284795,0.1613336549672301,0.8955133084630289,1.0757105314652164,2.7404371454050165,5.61e-05,3.582867649754043,against,False,2,4,12,Monday,2025,0,3,CHOP,False,True,False,False,True,True,False,False,False
1654,LINKUSDT,1,2025-02-17 12:00:03,2025-02-18 06:01:15.789,18.020219166666667,19.35387,18.312783052761063,18.3473298,-101.38432306768793,-0.9632783810447256,-98.81748675107998,2.220798222506952,-0.346038094100992,0.4121941987055879,0.970975577669977,-0.8537903605048252,0.38794964806467785,0.6687788709174701,1.4599106225440925,1.013e-05,5.355403107338563,against,False,2,4,12,Monday,2025,0,3,CHOP,False,False,False,False,True,True,False,False,False
1655,AVAXUSDT,-1,2025-02-18 08:00:03,2025-02-20 04:15:13.170,44.252825,23.9622066,25.306515488281015,24.320863199999998,-30.404667001322736,-0.28891053164827124,-27.29882431805998,2.2050134418385072,-0.9008292414242489,0.7752731601236962,0.2735929243689683,0.1600871658857999,1.4069214540881403,2.2506267375312423,2.2930702106679717,0.00023069,5.593405191859353,with,True,3,5,8,Tuesday,2025,0,3,CHOP,False,False,True,False,False,False,False,False,False
1656,DOGEUSDT,-1,2025-02-18 08:00:03,2025-02-20 00:48:16.800,40.80383333333333,0.2504499,0.2643202404893097,0.255841158,-42.00839741149565,-0.39920748686061985,-39.75312824839507,2.2399210009637365,-0.015348162136847757,0.6106483115196794,0.39076906613629475,1.1708364342257216,1.3202951903919846,2.348476877542805,1.64243949032582,2.204e-05,5.5212744977083625,with,True,3,5,8,Tuesday,2025,0,3,WHIPSAW,False,False,True,False,False,False,False,False,True
1657,XTZUSDT,-1,2025-02-18 08:00:03,2025-02-20 00:51:20.000,40.85472222222222,0.8578284,0.905601896728129,0.8771753999999999,-43.16077290901258,-0.41019635874158894,-41.42119955279977,2.2287467397942713,0.489173383581456,0.72903183533336,0.40130200452151044,0.1429328072604642,1.3024691086177453,1.2814615423497195,1.487726863944933,-3.499e-05,5.548006611670039,with,True,3,5,8,Tuesday,2025,0,3,CHOP,False,False,True,False,False,False,False,False,False
1658,ETHUSDT,-1,2025-02-18 20:00:03,2025-02-20 02:48:07.492,30.80124777777778,2628.344226,2746.3830983477146,2736.667224,-193.24799424638465,-0.909100805728233,-188.36286122219937,5.597531046242999,0.71239802205773,0.09712246289704606,0.9798109021179516,0.11508264802788054,1.4896698799517933,1.6612931853721384,2.190270621393384,-5.441e-05,4.472881099654388,with,True,1,6,20,Tuesday,2025,0,3,FALSE_BREAKOUT,False,False,False,False,False,False,False,False,False
1659,XRPUSDT,1,2025-02-20 00:00:03,2025-02-21 15:26:09.212,39.43505888888889,2.7361471199999996,2.590154230046851,2.63737242,-70.36026534170489,-0.6779553801912177,-68.17243109816961,2.2252209761932167,0.03738673265793835,0.07365344985945059,0.7339201247018589,-0.5941872924622432,2.394019434956151,1.3613321313076323,1.0711519676457422,-0.00011896,5.316777670461644,against,True,1,6,0,Thursday,2025,0,3,FALSE_BREAKOUT,False,False,False,False,True,False,False,False,False
1660,ATOMUSDT,1,2025-02-20 12:00:03,2025-02-24 01:54:18.461,85.90429472222222,4.8759749999999995,4.625691082365331,4.7730452,-41.55970454776416,-0.40359642272257473,-41.06791973007967,2.3099152259939517,1.8181304083094638,0.8071833057004104,0.8069835325768546,-0.2596051740521401,1.5242134280846058,1.4680581965235897,1.2037383015223746,-1.002e-05,5.114029079685508,with,True,1,2,12,Thursday,2025,0,3,CHOP,False,False,False,False,False,False,False,False,False
1661,ADAUSDT,1,2025-02-20 20:00:03,2025-02-21 17:45:17.142,21.753928333333334,0.81056208,0.7652657121293943,0.76954606,-93.4056375874046,-0.9055982066280738,-90.79624471515184,2.0987099970573984,-0.5106828751953633,0.1686210254609969,0.9109357314888893,-0.5003067809926127,2.233335336739573,1.3293662718687946,0.8567430552147498,0.0001,5.569383991930614,with,True,2,4,20,Thursday,2025,0,3,FALSE_BREAKOUT,False,False,False,False,False,False,False,False,False
1662,BTCUSDT,1,2025-02-20 20:00:03,2025-02-21 19:00:17.880,23.004133333333332,98389.57397999999,96298.08154641098,96346.7268,-198.25154356145018,-0.9613334528750769,-187.3290864059984,10.714391268915598,-0.2080658865362,0.49817345894580356,0.9751285480388923,-0.6701310305937275,2.133385120608025,2.383491488984804,1.5121351033217647,7.346e-05,2.106250334033774,self,True,2,4,20,Thursday,2025,0,3,CHOP,False,False,False,False,False,False,False,False,False
1663,XTZUSDT,1,2025-02-21 00:00:03,2025-02-21 19:26:16.000,19.436944444444446,0.8941788,0.853676315039453,0.8618276,-81.91695751826897,-0.7961301962524908,-79.38206757152005,2.5852905369968635,0.05040059024794001,0.612831534267045,0.8191793671997921,0.11903467169227355,1.1407687577414296,1.041571474459566,0.840684055731578,9.162e-05,4.510479302074616,with,True,1,5,0,Friday,2025,0,3,CHOP,False,False,False,False,False,False,False,False,False
1664,AXSUSDT,1,2025-02-21 12:00:03,2025-02-21 17:39:15.476,5.653465555555556,4.5289056,4.3159402146285375,4.3150770265856115,-101.942670219372,-0.9900942475280878,-99.97811544277823,2.4810661229109727,0.5165113463172,0.3807867642835595,1.0138060681711694,-0.9386764879715881,2.008825829115503,2.1496313778852865,1.0608879181480506,-2.206e-05,4.704345007097867,with,True,1,6,12,Friday,2025,0,3,CHOP,False,False,False,False,False,False,True,False,False
1665,DOTUSDT,1,2025-02-21 16:00:03,2025-02-21 19:46:01.466,3.7662405555555556,5.2050408,4.963826418706233,4.962833653422492,-101.92454591297061,-0.9950526439843965,-99.42034180212245,2.504204110848166,0.0,0.37294293780287435,1.061465732792179,0.02885068445203715,2.331646957102414,2.140118814197575,3.0122246201579745,0.0001,4.615172584430553,with,True,1,6,16,Friday,2025,0,3,CHOP,False,True,False,False,False,False,True,False,False
1666,BTCUSDT,-1,2025-02-24 16:00:03,2025-03-02 15:28:04.484,143.4670788888889,94277.04082,96185.12692784486,86533.8033,726.0253977284464,3.612938311422455,732.0884255619997,11.477505004285199,5.414477170731901,8.425636953123872,0.474433085738712,6.85348568192773,1.1598394918600985,2.4558722573855802,2.7910670612999557,-2.05e-05,2.003509089838341,self,True,5,5,16,Monday,2025,1,3,WIN,False,True,True,False,False,False,False,False,True
1667,FILUSDT,-1,2025-02-24 16:00:03,2025-02-25 22:03:17.791,30.05410861111111,3.2033592000000004,3.3736543544044024,3.1614175684811796,21.17844189884466,0.21074242605616192,24.027408622096956,2.187741678138134,-0.6612250451141609,2.3803331422888805,0.21516055537897716,1.241134551004799,2.074806751855854,2.1396444628513507,1.9758090737676612,0.0001469,5.295079725480713,with,True,5,5,16,Monday,2025,0,3,WIN,False,False,True,False,False,False,False,False,True
1668,DOGEUSDT,-1,2025-02-24 16:00:03,2025-03-02 10:32:05.200,138.53394444444444,0.22532492599999998,0.23743683262021392,0.20893177799999998,67.39577599567357,0.670706159274528,69.16919768218958,2.8743747861521496,1.1009530996361536,3.6265905424578064,0.23902710702610153,3.527514481386027,2.5275895473106567,2.7099074818707676,2.1352101511628443,-3.687e-05,5.354231983056283,with,True,5,5,16,Monday,2025,1,3,WIN,False,False,True,False,False,False,False,False,True
1669,ETHUSDT,-1,2025-02-24 16:00:03,2025-03-02 15:38:06.416,143.63428222222223,2657.0584820000004,2778.336638123139,2280.20595,267.6374258341635,2.663754149410062,269.5687472102003,3.0055229009281197,1.0742015248913401,4.8405953781481985,0.2024397367574719,5.582773548375401,2.056537588622218,1.3290639184201556,1.4973679208430595,-3.082e-05,4.543463744337498,with,True,5,5,16,Monday,2025,1,3,WIN,False,False,True,False,False,False,False,False,True
1670,XRPUSDT,-1,2025-02-24 16:00:03,2025-03-02 02:02:08.484,130.03485666666666,2.4293140400000004,2.55388210844709,2.21884368,107.56395649553873,1.0706706548376956,110.83979136268833,2.8660046565203134,-0.40983021062927316,3.838977724882372,0.36595221045240894,1.7485543664226981,1.4594520731556577,2.3207548176562605,2.082840508857878,-7.712e-05,5.098029154201238,with,True,5,5,16,Monday,2025,1,3,WIN,False,False,True,False,False,False,False,False,True
1671,XTZUSDT,-1,2025-02-24 20:00:03,2025-03-02 15:30:20.000,139.50472222222223,0.8048390000000001,0.8453073671109872,0.7731546,74.65754269852718,0.7547311717751803,75.05970674356013,2.242941072437184,1.840777027404238,2.689483361201655,0.22637434257911196,3.1589858728273694,3.0503033432621227,2.638754479488664,1.715912584593173,0.00038389,5.137732227734717,with,True,1,6,20,Monday,2025,0,3,WIN,True,False,False,False,False,False,False,True,True
1676,BTCUSDT,1,2025-03-02 20:00:03,2025-03-03 18:18:12.128,22.302535555555554,93485.89344,89008.53813624533,88990.73642861808,-104.53166937128213,-0.995242338939284,-102.04006415836955,2.4853316988105782,-0.006273514102,0.2935006205332874,1.031567326391723,-0.15759156737199148,3.604632965633609,3.086821054939682,3.8139786192377376,-2.869e-05,4.7703976297107795,self,True,1,1,20,Sunday,2025,0,3,LATE_ENTRY,False,True,False,True,False,False,False,True,False
1677,BTCUSDT,1,2025-03-06 04:00:03,2025-03-07 00:20:12.555,20.3359875,91581.51264,86490.86058844661,87531.4902,-83.37970330120001,-0.7960358814164312,-81.00044880000002,2.1493560340799998,-0.22989846711999998,0.23548797832965168,0.869242799387502,-0.09303575164904182,1.8727453408112689,1.3712410459279425,0.5350733916504461,3.538e-05,5.539714002517812,self,False,1,1,4,Thursday,2025,0,3,FALSE_BREAKOUT,False,False,False,False,False,True,False,False,False
1678,BTCUSDT,-1,2025-03-09 12:00:03,2025-03-12 12:30:07.274,72.50118722222223,84973.00200000001,88567.27805597858,83758.54836,64.2728683025524,0.3076831485983285,68.00940384000039,5.669380092096,1.932844554648,2.3406666235349882,0.015329373465443882,1.4104653958249675,0.5220875144525273,2.0686976952774594,0.6589148396196921,-3.218e-05,4.208934988873495,self,True,1,1,12,Sunday,2025,0,3,WIN,False,False,False,True,False,False,False,False,True
1679,BTCUSDT,-1,2025-03-13 20:00:03,2025-03-14 15:03:07.393,19.051220277777777,80161.4645,83927.49930776774,83944.28480762929,-104.1712837604865,-0.9944136919418958,-101.75786627522776,2.6486667938251367,0.23524930856640003,0.0,1.0454591369891608,-0.4684331372512384,1.4398338480636454,0.3286484498349355,0.9608819195397849,-3.19e-05,4.676599546468227,self,True,1,1,20,Thursday,2025,0,3,FALSE_BREAKOUT,False,False,False,False,False,False,False,False,False
1680,XRPUSDT,1,2025-03-19 16:00:03,2025-03-20 16:33:12.944,24.55276222222222,2.55391068,2.418392597940848,2.4179089194212597,-104.02071774386849,-0.996079135447343,-101.73528739018711,2.23148359394851,-0.053946759732865585,0.16742651353415974,1.0213447378895535,-0.6472249213334872,4.710423836529152,2.207593911419018,9.032759527764854,-3.043e-05,5.279938980853526,with,True,5,5,16,Wednesday,2025,0,3,LATE_ENTRY,False,True,True,False,False,False,False,True,False
1681,ETHUSDT,1,2025-03-19 16:00:03,2025-03-20 15:36:14.396,23.603165555555556,2048.289576,1967.4349312736847,1967.04144428743,-207.6446424887009,-0.9943132354979941,-201.6741125369414,5.980112795134475,0.009582843374999997,0.2646777321505541,1.030114921436198,-0.3498818910868683,4.174795960485565,2.264932483863193,2.684841645972237,6.676e-05,3.927742909770408,with,False,5,5,16,Wednesday,2025,0,3,LATE_ENTRY,False,True,True,False,False,True,False,True,False
1682,SOLUSDT,1,2025-03-19 16:00:03,2025-03-21 10:21:12.682,42.352689444444444,132.286452,125.83118638670211,126.534688,-92.77215959215647,-0.8886787246011767,-90.06342141759991,2.4316349631456,-0.27710321141096,0.587667220413872,0.9103346557722547,1.3219514906436756,3.0409328761376173,0.9629103080721748,2.3877070341352047,0.0001,4.867931967413544,with,False,5,5,16,Wednesday,2025,0,3,WHIPSAW,False,False,True,False,False,True,False,True,True
1683,BTCUSDT,1,2025-03-19 16:00:03,2025-03-21 12:56:04.481,44.93374472222222,84710.23866,82393.03961386438,83596.87728,-104.33504819475478,-0.49986180916786266,-94.74705343800018,8.593761339896398,-0.9942334168581999,1.20393685844661,0.5650091485163581,1.376084348609459,2.717518432989903,1.363802123841408,1.597479599012683,5.024e-05,2.7159886155523667,self,False,5,5,16,Wednesday,2025,0,3,GAVE_BACK,False,False,True,False,False,True,False,False,True
1684,XTZUSDT,1,2025-03-19 16:00:03,2025-03-20 16:43:10.000,24.718611111111112,0.7261451999999999,0.6958299726013529,0.7068586,-134.3797952459801,-0.6439221674822668,-127.86807118987956,5.700396085793304,-0.811327970307232,0.19313066410517354,0.6645241262778412,-0.46660379003560704,2.78422020935144,1.6904194128205179,1.4455898825601654,-1.255e-05,4.155651156838441,with,True,5,5,16,Wednesday,2025,0,3,FALSE_BREAKOUT,False,False,True,False,False,False,False,False,False
1685,DOGEUSDT,1,2025-03-20 00:00:03,2025-03-20 16:16:11.894,16.269137222222223,0.17794558200000002,0.16896105972402867,0.16892726751208387,-104.91115265466254,-0.9963835259976987,-102.44165679409265,2.364137740939439,-0.10535811963045516,0.12737661111494689,1.009022151822747,-0.6272544968887334,2.228452074296401,1.6232349195803635,0.8349140287401401,0.0001,5.024699424379622,with,False,1,6,0,Thursday,2025,0,3,FALSE_BREAKOUT,False,False,False,False,False,True,False,False,False
1686,ATOMUSDT,1,2025-03-20 16:00:03,2025-03-21 08:27:20.000,16.454722222222223,4.7769552,4.52401711440817,4.5820834,-78.37619587491103,-0.7656545941853944,-76.55211278375984,2.205924649296912,0.38184155814572396,0.2690176129102398,0.766808998123707,1.0478643395273692,0.4585290413168788,0.9051995729445346,1.2089652939610274,2.616e-05,5.295852744229233,with,True,1,6,16,Thursday,2025,0,3,WHIPSAW,False,False,False,False,False,False,False,False,True
1687,ATOMUSDT,1,2025-03-22 20:00:03,2025-03-23 13:08:11.375,17.135659722222222,5.0080013999999995,4.761936291819195,4.760983904560831,-100.55691493219705,-0.9923606119253542,-98.51519640830506,2.337632411690432,0.29591388779845196,0.05282585611629773,1.0525726378470934,0.020314135705609755,3.3460686859231514,2.04844692723588,2.210773392898767,8.23e-06,4.89442197285409,with,True,3,3,20,Saturday,2025,0,3,LATE_ENTRY,False,False,True,True,False,False,False,True,False
1688,LINKUSDT,1,2025-03-22 20:00:03,2025-03-28 04:41:12.678,128.68602166666668,14.4598914,13.837119125933546,14.9330128,63.588149838385874,0.31379694867382724,77.01984267862001,6.886648946292539,-6.54504389394161,2.463354044300789,0.5152628229653,0.8560249423421084,1.5228732478989195,0.49203002183174654,0.6657409594386238,5.132e-05,4.287755924925326,with,True,3,3,20,Saturday,2025,1,3,WIN,False,False,True,True,False,False,False,False,False
1689,AVAXUSDT,1,2025-03-22 20:00:03,2025-03-27 11:53:15.072,111.88668666666666,19.6479288,18.796291503509792,21.810637000000003,436.3553599694067,2.1538476403556337,447.27216926948114,6.779946447699671,-4.1368628523747155,4.460902799415721,0.4155863082307697,3.0847300967521787,1.7904627227483239,1.0428618629200375,0.5392043637985866,0.0001,4.31048463315282,with,True,3,3,20,Saturday,2025,1,3,WIN,False,False,True,True,False,False,False,False,True
1690,ETHUSDT,1,2025-03-23 04:00:03,2025-03-26 13:53:10.012,81.88528111111111,2007.931506,1946.7869861673203,2035.5928000000001,77.42482263227626,0.3829046591614245,86.90901961860071,7.622609410212839,-1.8615875761116,1.575096088145684,0.5147068958284537,0.5130221659412669,0.7418137026279353,0.7842877228849264,0.5732992867064312,1.553e-05,3.0257587100904892,with,False,1,4,4,Sunday,2025,0,3,WIN,False,False,False,True,False,True,False,False,False
1691,SOLUSDT,1,2025-03-23 12:00:03,2025-03-26 17:31:20.000,77.5213888888889,133.056606,127.72139684278683,138.062382,175.20720424133737,0.8692834874239536,181.85183283840095,5.9095914261955205,-0.7350371708680403,2.6903151454885967,0.554168714454744,1.3276694111276426,1.0378664917899896,0.9889814758723466,1.1594063510959807,2.642e-05,3.9977474122167456,with,True,2,6,12,Sunday,2025,0,3,WIN,False,False,False,True,False,False,False,False,True
1692,DOGEUSDT,1,2025-03-23 12:00:03,2025-03-27 17:37:01.917,101.61636583333333,0.17095418399999998,0.1648084267354182,0.188842224,503.94174224128903,2.5009108161084006,515.5930816426951,7.646708830876163,-4.004630570529896,5.660135033394821,0.22359880822489456,3.637601525338044,0.7276811745870786,-0.30156156784688976,0.9647804142972145,7.409e-05,3.5700504736889584,with,False,2,6,12,Sunday,2025,1,3,WIN,False,False,False,True,False,True,False,False,True
1693,BTCUSDT,1,2025-03-23 16:00:03,2025-03-26 18:58:04.610,74.96711388888889,85165.0296,83545.71132815772,86242.748,112.04578365015503,0.5569160093046949,123.50652864000142,11.785998787775998,0.32525379792960013,2.2151114221166415,0.25259370385208285,1.5792882995697413,1.3412065115140046,-0.2034589682427015,0.8727370613048457,4.02e-05,1.8817690043715485,self,True,1,6,16,Sunday,2025,0,3,WIN,False,False,False,True,False,False,False,False,True
1697,XRPUSDT,-1,2025-03-26 20:00:03,2025-04-01 08:51:16.724,132.85381222222222,2.3693260400000002,2.457385306768445,2.1704339999999998,393.7678745551882,1.8343412332597682,409.18681679596716,7.687766712171339,-7.731175528607598,3.93968803887791,0.21546806709045907,4.683505270200481,2.0140524907384103,1.3693728058482515,1.2516162886861786,5.084e-05,3.6915189150784853,against,False,1,4,20,Wednesday,2025,1,3,WIN,False,False,False,False,True,True,False,False,True
1698,AXSUSDT,-1,2025-03-28 04:00:03,2025-04-01 06:25:20.000,98.42138888888888,3.3203358,3.4705846279812422,2.975595,229.97558930057323,2.150708672093126,236.96875848191988,2.596627214122752,-4.396541967223904,3.389948572933881,0.01773191868313613,5.007265681259926,2.138332473352529,2.0719246325651848,0.8875579942978521,7.81e-06,4.535681565700067,against,False,1,3,4,Friday,2025,0,3,WIN,False,False,False,False,True,True,False,False,True
1699,ATOMUSDT,-1,2025-03-28 08:00:03,2025-03-31 14:06:10.769,78.10215805555555,4.556088600000001,4.782442953987648,4.3918782,72.69503847488718,0.6751297693838237,75.6769047343204,2.4742200168422634,-0.5076462425909519,1.7233536405546195,0.507661540304503,1.8426356403233255,2.649673966153651,1.9784232280613878,1.4769978576630307,0.00012931,4.970214091037048,against,False,4,6,8,Friday,2025,0,3,WIN,False,False,True,False,True,True,False,False,True
1700,ETHUSDT,-1,2025-03-28 08:00:03,2025-03-31 15:02:10.333,79.03537027777777,1908.658192,1979.9290639285437,1848.4496159999999,168.3735928738648,0.7816499707164913,174.49649496320066,6.533309909487359,0.4104078201515,2.0010726421726632,0.21526056276372843,2.261627894234379,3.284004430283673,2.579523411175562,3.259195179886339,2.896e-05,3.7133357042567865,against,True,4,6,8,Friday,2025,0,3,WIN,False,True,True,False,True,False,False,True,True
1701,LTCUSDT,-1,2025-03-28 08:00:03,2025-04-02 15:36:17.959,127.60415527777778,88.28234,92.07154063565467,85.887174,125.97312866017529,0.5849621085097616,131.23306127280017,5.725732204602719,0.46579959197784,1.9904831454502563,0.19731338397994908,2.167301441556196,3.1499064036831808,2.1105433479224036,2.003131700305433,6.276e-05,4.27128044808004,against,True,4,6,8,Friday,2025,0,3,WIN,False,False,True,False,True,False,False,True,True
1702,FILUSDT,-1,2025-03-28 08:00:03,2025-03-31 14:50:14.117,78.8364213888889,2.8794239999999998,3.0254290044879975,2.7965592,55.78173676207403,0.5181721933162317,59.22815442119989,2.4341675316544795,-1.0122501274713749,1.2631347853227897,0.11353035505959505,1.8932501729604956,2.4371835923666736,2.243316715701146,2.3308138864542007,2.944e-05,5.013155310239416,against,True,4,6,8,Friday,2025,0,3,WIN,False,False,True,False,True,False,False,False,True
1704,BTCUSDT,1,2025-04-02 16:00:03,2025-04-02 21:18:14.591,5.303219722222222,86726.8419,84311.04072009443,84294.17851195042,-218.2872636255501,-0.992449542978637,-209.45231771106876,8.834945914481358,0.0,0.7339834563990537,1.0525460129543394,-0.7562054010054792,1.2208670893571754,2.046730599567772,3.5420847114737906,7.33e-06,2.766085930498461,self,True,1,1,16,Wednesday,2025,0,3,CHOP,False,True,False,False,False,False,True,False,False
1705,ETHUSDT,-1,2025-04-03 00:00:03,2025-04-09 17:57:12.216,161.95256,1793.751178,1890.6181822268845,1618.3236,115.1612850430246,1.0546670698464826,117.87884551200008,2.9147692019472,0.1972087329716899,4.230038714114349,0.5287540624259828,3.333551817538082,2.281642638920929,1.4070923930244843,3.100856901638254,6.39e-06,5.379754875808744,with,True,2,2,0,Thursday,2025,1,3,WIN,False,True,False,False,False,False,False,False,True
1706,BTCUSDT,-1,2025-04-03 00:00:03,2025-04-09 17:24:16.507,161.40375194444445,82468.60298000001,85586.51606569148,80848.26642,107.10778569324422,0.49117187122506767,108.72458317600072,6.575137162044001,4.958339679287501,2.5695401891625367,0.7112440145226762,1.2997806124224436,1.699739695784626,1.532138835729077,3.8074938376763456,-5.862e-05,3.7599712744380174,self,True,2,2,0,Thursday,2025,0,3,WIN,False,True,False,False,False,False,False,False,True
1707,DOTUSDT,-1,2025-04-05 16:00:03,2025-04-09 17:58:16.000,97.97027777777778,3.9082182,4.109340801422239,3.7027403999999997,104.90161978831134,0.9606887593610964,108.19480818894007,2.4045406536208676,-0.8886477470078589,3.2926095591302067,0.3270731361608494,2.581600458269465,1.4575163817208587,1.517414315216239,1.069266801725527,0.00010565,5.12511643443949,with,True,1,3,16,Saturday,2025,0,3,WIN,False,False,False,True,False,False,False,False,True
1708,LTCUSDT,-1,2025-04-06 12:00:03,2025-04-08 12:00:17.647,48.00406861111111,81.123772,84.51354543142074,73.33466399999999,476.86058935873467,2.186578136368698,482.6411724688008,5.742480446957759,-0.03810266310835994,5.340702665314205,0.07853858241151403,4.328835627769337,1.4032811794090485,1.8730236081095304,0.7534875762856471,-0.0001,4.144849576612113,with,True,3,6,12,Sunday,2025,0,3,WIN,False,False,True,True,False,False,False,False,True
1709,DOGEUSDT,-1,2025-04-06 12:00:03,2025-04-08 12:00:08.955,48.00165416666667,0.164157162,0.17249871829994298,0.15633126,96.58931109620404,0.8860071972110672,99.15516362106173,2.436377193739397,-0.1294753311182888,4.115198742977328,0.03990118726433302,3.3203830321434507,1.4146762880336194,0.8338637064048182,0.6624197139664799,-4.13e-05,5.0540306333391944,with,True,3,6,12,Sunday,2025,0,3,WIN,False,False,True,True,False,False,False,False,True
1710,XTZUSDT,-1,2025-04-06 12:00:03,2025-04-09 17:24:11.428,77.40234111111111,0.6428714,0.6701885666092879,0.6131226,201.0664653138904,0.9222769157264206,228.80190599328017,5.796008332089839,-21.93943234729993,4.131885331095179,0.041314680110941894,4.241706384021657,1.1034049875123475,0.882723990009878,0.39076986112568884,0.00028824,4.228392940791287,with,True,3,6,12,Sunday,2025,0,3,WIN,False,False,True,True,False,False,False,False,True
1712,BTCUSDT,1,2025-04-11 20:00:03,2025-04-15 22:47:17.640,98.7874,83826.2619,79906.35186192146,83652.16622,-9.11762032719416,-0.08061022283338179,-4.85726947199996,2.8035888867288,-1.4567619684654003,0.6675505495229873,0.2730322608435725,0.42532560283379595,2.1512890884365943,2.2704236904424793,0.8131853850942273,3.29e-05,4.657166715084266,self,True,1,1,20,Friday,2025,0,3,CHOP,False,False,False,False,False,False,False,False,False
1713,LTCUSDT,1,2025-04-12 16:00:03,2025-04-14 15:50:20.000,47.838055555555556,79.0158,74.65556407111981,76.30473599999999,-71.38646606711548,-0.6293364659474137,-68.54084894160019,2.35607895545904,-0.48953817005625,0.3770896866175469,0.6182692964259738,-0.07701418122258201,1.2584867683216288,2.6432815152156794,1.5372561217485492,1.377e-05,5.511246587622058,with,False,1,2,16,Saturday,2025,0,3,CHOP,False,False,False,True,False,True,False,False,False
1714,ATOMUSDT,-1,2025-04-15 20:00:03,2025-04-17 08:01:18.000,36.020833333333336,4.0261946,4.246891871843318,4.135827,-58.965031646133106,-0.5215691391914329,-54.56692881211987,2.4374716868928474,-1.9606311471203899,0.49023986158203076,0.49753854718220203,0.05072378061813108,1.3065811790614044,1.6080999126909612,0.887542075743787,0.00014936,5.434256997103249,against,True,1,2,20,Tuesday,2025,0,3,CHOP,False,False,False,False,True,False,False,False,False
1715,DOTUSDT,1,2025-04-18 12:00:03,2025-04-21 22:17:20.000,82.28805555555556,3.715743,3.5479232705288006,3.7852428000000002,80.90843953697166,0.35863537220291397,90.23232703788058,5.843165624753689,-3.480721876155228,1.592524316670802,0.43941794109884735,3.350362926764776,0.903196976949218,0.9935166746441376,0.8449493913296252,0.0001,4.471640535034985,with,False,1,1,12,Friday,2025,0,3,WIN,False,False,False,False,False,True,False,False,True
1716,SOLUSDT,1,2025-04-19 04:00:03,2025-04-21 16:57:12.765,60.9527125,138.737742,131.8876678284201,135.4729,-52.433340217355315,-0.46468608737189215,-52.0912070783998,2.62505138114304,2.28291824218752,0.6587166630575757,0.4974751972961515,2.248480471043951,1.2547029057979286,2.179606566497111,1.208290523020299,-5.659e-05,4.918414080873698,with,True,2,3,4,Saturday,2025,0,3,WHIPSAW,False,False,False,True,False,False,False,False,True
1717,ALGOUSDT,1,2025-04-19 04:00:03,2025-04-27 01:22:10.909,189.36886361111112,0.19263851999999998,0.1824218852966755,0.2259548,360.0380821803842,3.209800516291958,366.98824442987245,3.957244193503133,-2.992918055985111,4.518266664166736,0.3659247989735266,4.2344158576916495,1.1091528290020556,0.9340234349490976,0.4939811589937235,7.081e-05,5.333738818538934,with,True,2,3,4,Saturday,2025,1,3,WIN,False,False,False,True,False,False,False,False,True
1718,LINKUSDT,1,2025-04-19 08:00:03,2025-04-22 00:36:16.581,64.6037725,12.8585712,12.336294860593942,12.8684258,-5.948018488180967,-0.02635927129844958,4.0963591425402495,6.416517324156179,-3.627860306565037,1.5861886466886523,0.32276246745487763,4.626724623880155,0.8482661276574621,1.800637643709246,0.9153186554302185,0.0001,4.035045814127254,with,True,2,5,8,Saturday,2025,0,3,COSTS,False,False,False,True,False,False,False,False,True
1719,FILUSDT,1,2025-04-19 08:00:03,2025-04-22 00:36:04.444,64.60040111111111,2.510502,2.4082766963696596,2.5664866,108.27559009973126,0.47995404751742443,118.87836025828081,6.468322501023287,-4.1344476575262705,2.0102459244641375,0.3375093912634729,3.6047630763958027,1.8863559191556045,1.5686538696136156,0.6539734858682132,0.0001,4.014480017151863,with,False,2,5,8,Saturday,2025,0,3,WIN,False,False,False,True,False,True,False,False,True
1720,AVAXUSDT,1,2025-04-19 20:00:03,2025-04-26 13:30:11.578,161.50238277777777,20.0370066,19.202044062645896,21.74565,435.0605551715934,1.9115381313874389,448.52658139529996,6.58088122767282,-6.88514499603372,3.6384786910644276,0.9856808697166352,3.291157719133191,2.118184738342254,1.64707539096351,1.259120646581359,6.92e-05,4.14315064573734,with,True,1,6,20,Saturday,2025,0,3,WIN,False,False,False,True,False,False,False,False,True
1721,ATOMUSDT,-1,2025-04-22 00:00:03,2025-04-22 15:00:14.076,15.003076666666667,4.0551888,4.219634189014608,4.22047811585241,-229.5822873465735,-1.0085987584302534,-220.1086248932786,6.612208377277918,-2.861454076016987,0.49979388593680213,1.0630349749999497,-0.6920911597581483,1.0755698491852967,1.3627958884563738,1.2984267249687076,0.00046177,4.034373496415382,against,True,1,5,0,Tuesday,2025,0,3,CHOP,True,False,False,False,True,False,False,False,False
1722,DOGEUSDT,1,2025-04-22 08:00:03,2025-04-24 08:49:12.432,48.81928666666666,0.163772748,0.1567694971281773,0.169846024,179.99133603109695,0.793762520816782,189.5532516644541,6.247553022345959,-3.3143626110112003,3.085317432642025,0.13747158535667564,4.170527735556966,0.5271826496704982,1.4898640099383529,1.2319570758111067,0.0001,4.262902517143638,with,True,1,4,8,Tuesday,2025,0,3,WIN,False,False,False,False,False,False,False,False,True
1723,ETHUSDT,1,2025-04-22 16:00:03,2025-04-28 00:07:13.397,128.11955472222223,1702.7504820000001,1628.2634069078047,1776.954538,212.57066932146594,0.9223413945110416,221.49168675439944,6.231942908518801,-2.6890745244147096,2.070822593169075,0.28636487569955626,1.880453995899697,2.1554597903274755,1.940615124704166,4.121416972600304,8.105e-05,4.3553898938678355,with,True,3,6,16,Tuesday,2025,0,3,WIN,False,True,True,False,False,False,False,False,True
1724,BTCUSDT,1,2025-04-22 16:00:03,2025-04-27 05:25:05.263,109.41729527777778,90899.27622,88731.2464107979,93814.2334,279.7788390880868,1.2154249972755324,290.0382394099998,11.027396524314,0.767996202401,2.246428420554069,0.15570644765453726,2.1584222505327153,2.6826625602371807,3.0183907376383816,4.793238882304868,-7.045e-05,2.3656747371316555,self,True,3,6,16,Tuesday,2025,0,3,WIN,False,True,True,False,False,False,False,True,True
1725,SOLUSDT,1,2025-04-22 16:00:03,2025-04-26 11:01:10.370,91.01871388888888,145.309056,138.7976604263906,148.71025200000003,107.2530883130535,0.46566300664241933,116.16070686840094,6.024967214515921,-2.8826513408315106,1.8323174909470956,0.29472268706541477,1.2349033182056746,2.1692310547560445,1.9652862547362382,2.5587343046071314,4.549e-05,4.455386228133411,with,True,3,6,16,Tuesday,2025,0,3,WIN,False,True,True,False,False,False,False,False,True
1726,ATOMUSDT,1,2025-04-24 16:00:03,2025-04-27 01:58:08.571,57.96821416666667,4.5539106,4.339060635503128,4.486102600000001,-37.42945799013212,-0.3159843505469336,-36.1584261375997,2.892337036117824,1.6213051835853998,0.8195924091137761,0.6279293567300763,-0.09267211212543683,1.887861368187308,2.4889714555703333,3.3262478111683818,9.69e-06,4.6779298000191405,with,True,1,6,16,Thursday,2025,0,3,CHOP,False,True,False,False,False,False,False,False,False
1728,XRPUSDT,1,2025-04-27 20:00:03,2025-04-29 22:24:08.125,50.40142361111111,2.28385668,2.1983085251958188,2.2471504799999997,-106.37964480461164,-0.4487444781191145,-97.54896557820065,7.224856751482056,-1.605822474928944,0.9157803599543101,0.7885229103352074,-0.30809174154989416,2.007243100240444,1.7959543528467157,0.9841383359329143,0.0001,3.7307411781993065,with,True,1,2,20,Sunday,2025,0,3,CHOP,False,False,False,True,False,False,False,False,False
1729,ADAUSDT,1,2025-04-28 08:00:03,2025-04-28 15:42:13.557,7.7029325,0.7251449999999999,0.6883648469201333,0.6882271739507493,-118.11639868327158,-0.9953997376178949,-115.46412260776684,2.6522760755047394,0.0,0.0993742465416985,1.0534213904946708,-0.19698123562095365,1.3849675103149919,0.9360847599362204,1.1202450866318736,0.0001,5.040026635379586,with,True,2,3,8,Monday,2025,0,3,FALSE_BREAKOUT,False,False,False,False,False,False,True,False,False
1730,SOLUSDT,1,2025-04-28 08:00:03,2025-04-29 23:10:15.333,39.1700925,151.07020799999998,145.04727233381055,145.190956,-227.84357312694573,-0.9601479618440304,-222.70195028359925,6.73329930570312,1.59167646235665,0.37851840470386217,0.9829439210572798,0.46651535990549725,1.226865137365515,0.0484728732746629,1.039163846995365,5.514e-05,3.9612842919879756,with,True,2,3,8,Monday,2025,0,3,CHOP,False,False,False,False,False,False,False,False,False
1731,AXSUSDT,1,2025-04-29 04:00:03,2025-04-29 22:38:16.039,18.636955277777776,2.6335266,2.5001980212837878,2.4996979816795313,-116.42668348436732,-0.993361967632453,-114.0401968839929,2.6245235852739164,0.23803698489951103,0.21355811540303676,1.0014852125905374,0.38606426690829837,2.1987624192255604,1.1069112178978016,0.8730943944014097,0.0001,5.043751565370759,with,True,2,4,4,Tuesday,2025,0,3,FALSE_BREAKOUT,False,False,False,False,False,False,False,False,False
1732,DOTUSDT,1,2025-04-29 04:00:03,2025-04-30 08:28:20.000,28.47138888888889,4.275855,4.083734264002264,4.084183,-232.60918049472295,-0.9924199608496639,-225.79778122719955,5.909088540971279,-0.902310726552116,0.2714178650690517,0.9934117679116603,0.052805335911888206,1.713393104073559,0.8882313944430424,0.8911977476247482,0.0001,4.451701824935321,with,True,2,4,4,Tuesday,2025,0,3,FALSE_BREAKOUT,False,False,False,False,False,False,False,False,False
1733,ATOMUSDT,1,2025-04-29 08:00:03,2025-04-30 01:48:10.000,17.801944444444445,4.5139026,4.318150899936129,4.3301338000000005,-218.76494155937843,-0.9310658094694223,-212.73004618167917,6.142693226938824,0.10779784923957597,0.10266781843244582,0.9650112869434283,-0.019936480749473066,0.48242460431783757,0.10777570947525722,0.54780914235962,0.0001,4.317507202833379,with,True,1,5,8,Tuesday,2025,0,3,FALSE_BREAKOUT,False,False,False,False,False,False,False,False,False
1734,ETHUSDT,1,2025-04-29 12:00:03,2025-04-30 12:39:09.006,24.651668333333333,1829.255778,1758.2792769068358,1779.004128,-165.32518767462787,-0.7073443121755019,-158.92586828999976,6.84688966722936,0.44757028260125997,0.04683552934846097,0.7497661504918176,0.6122339271551551,0.3936521573607492,0.8304927708348139,1.35713918990269,5.79e-05,3.8613769529861792,with,True,1,6,12,Tuesday,2025,0,3,FALSE_BREAKOUT,False,False,False,False,False,False,False,False,False
1735,SOLUSDT,1,2025-05-01 12:00:03,2025-05-02 20:00:10.857,32.0021825,151.710336,145.19829566908993,147.57048,-145.0728066813087,-0.6376877597660914,-139.4286941376003,6.04779490233216,0.40368235862376,0.33317729770521315,0.6803299388320673,-0.41620381052235167,1.1836140231892869,1.5050131313137918,1.1810693565743011,8.433e-05,4.266964021170992,with,True,3,3,12,Thursday,2025,0,3,CHOP,False,False,True,False,False,False,False,False,False
1736,BTCUSDT,1,2025-05-01 12:00:03,2025-05-03 10:34:11.187,46.568940833333336,96149.226,94058.04011072111,96044.88718,-18.225729220793276,-0.08014092564219953,-10.56952246599898,11.6815581990804,4.0253514442861,0.8206702277394357,0.1946866618062253,0.14669857977369533,0.968598316123806,1.5483672504111956,1.5216986624365223,5.755e-05,2.155271033548241,self,True,3,3,12,Thursday,2025,0,3,CHOP,False,False,True,False,False,False,False,False,False
1737,ETHUSDT,1,2025-05-01 12:00:03,2025-05-03 17:08:11.771,53.13576972222222,1845.158958,1774.7755093739322,1811.6376,-110.85315083122988,-0.48760807451939703,-103.91620979999989,6.80164159788,-0.13529943334999997,0.39144205829374534,0.5315022030072125,0.06210326554503461,0.8569654576285798,1.4318464521210854,1.5724886670327096,4.5e-05,3.7952553204466466,with,True,3,3,12,Thursday,2025,0,3,CHOP,False,False,True,False,False,False,False,False,False
1738,LTCUSDT,1,2025-05-01 16:00:03,2025-05-03 10:45:18.333,42.754259166666664,87.537504,83.98545595651832,86.562684,-67.36582209574158,-0.2954872863850659,-60.19367276999963,6.450255275230799,-0.7218940505111499,0.9691580625766849,0.2723791987485814,0.5412359226187682,2.6707829592360057,1.567387457009264,1.3796318377437156,0.0001,4.0385558083657225,with,True,1,4,16,Thursday,2025,0,3,CHOP,False,False,False,False,False,False,False,False,False
1739,AXSUSDT,1,2025-05-02 00:00:03,2025-05-03 09:56:13.333,33.93620361111111,2.6085216,2.477273516016838,2.5404918,-59.12607410428255,-0.5194632319451703,-57.178808795700114,2.5966366446918596,0.649371336109425,0.5827010778291557,0.5220769547294167,-0.4916003193484906,1.7593986542897098,1.2086303799033664,1.0184297489540175,-5.373e-05,5.012518557636578,with,True,1,5,0,Friday,2025,0,3,CHOP,False,False,False,False,False,False,False,False,False
1740,DOTUSDT,1,2025-05-02 04:00:03,2025-05-03 01:15:15.000,21.253333333333334,4.2418482,4.06551938191423,4.104179,-179.59918905061988,-0.7837885434977934,-172.27271135991936,6.266293701834432,-1.060183988866092,0.04055945067652618,0.7817678442836707,-0.4074671445086844,1.6640014332368014,0.837699351663724,1.0125372428694501,0.0001,4.137717945903543,with,True,1,6,4,Friday,2025,0,3,FALSE_BREAKOUT,False,False,False,False,False,False,False,False,False
1741,AVAXUSDT,-1,2025-05-03 08:00:03,2025-05-07 00:21:16.901,88.35386138888889,20.903818400000002,21.90907832158837,20.121023400000002,79.89818120377993,0.7137192612389411,84.3654962865,2.652864010525476,-1.814451072194607,1.6411858909019195,0.1454167194580115,1.8301917349823145,0.6932524509159814,0.8031339633090117,0.4747394003979176,0.00010877,4.7880156953719695,against,False,1,5,8,Saturday,2025,0,3,WIN,False,False,False,True,True,True,False,False,True
1742,ATOMUSDT,-1,2025-05-03 12:00:03,2025-05-07 01:40:20.000,85.67138888888888,4.259148,4.417509066295669,4.1578314,116.83765258396375,0.522568429631601,137.1431426626795,6.83598348134287,-13.469506597372883,1.8069340317887503,0.10641504502461732,1.1438922724969864,1.87848542553177,1.4376163970906357,1.1715659530543736,-4.041e-05,3.673059523484379,against,True,2,4,12,Saturday,2025,0,3,WIN,False,False,False,True,True,False,False,False,True
1743,XRPUSDT,-1,2025-05-03 12:00:03,2025-05-08 02:50:18.000,110.8375,2.18676256,2.2572488749305224,2.17113414,41.443589563296456,0.18541092250602165,47.21637620885626,7.899611991482134,2.1268253459223274,1.5742426045307456,0.4460077112981078,0.2973990060434093,0.7726424700849637,0.731301821316575,0.5638428567685065,-0.0001,3.2073922056843367,against,False,2,4,12,Saturday,2025,0,3,WIN,False,False,False,True,True,True,False,False,False
1744,FILUSDT,-1,2025-05-03 20:00:03,2025-05-08 01:00:06.666,101.00101833333333,2.64947,2.7688841809840827,2.6165232,53.78998484237585,0.24124497245731258,59.4087703123599,5.697297105975385,0.07851163599134114,1.4191781797053855,0.32265849568683985,0.29703339844308835,1.9510675485038629,1.7389949888838752,2.646539011398296,0.00013691,4.446781628973329,against,True,1,4,20,Saturday,2025,0,3,WIN,False,True,False,True,True,False,False,False,False
1745,AXSUSDT,-1,2025-05-04 04:00:03,2025-05-07 12:01:08.000,80.01805555555555,2.3785242,2.5047195736014656,2.3544708,14.055292387467032,0.12564550881811157,20.697727003380095,2.4436189083879003,-4.198815707525162,1.31957452359463,0.20187586337716498,0.7648790700111635,3.3835907854245715,2.39737830531267,1.7224722654155349,0.00048568,5.240318218548974,against,True,2,6,4,Sunday,2025,0,3,WIN,True,False,False,True,True,False,False,True,False
1746,DOTUSDT,-1,2025-05-04 04:00:03,2025-05-07 00:22:09.230,68.36839722222223,4.000199800000001,4.156452803811099,3.9897978,7.130526945295072,0.031874281193428174,14.306557132001252,6.5935026234729595,-0.5825275632332203,1.1468566723788778,0.2547163832326423,0.7948634392344338,1.7222089430330192,1.7092600036117254,1.7207982366107717,4.195e-05,3.8593904000774506,against,False,2,6,4,Sunday,2025,0,3,WIN,False,False,False,True,True,True,False,False,False
1747,AVAXUSDT,-1,2025-05-07 20:00:03,2025-05-08 03:22:17.701,7.370750277777778,19.2341524,20.12786230409548,20.1318878765563,-113.45774780628794,-0.9959513897537758,-110.62282568381639,2.910511654110273,0.07558953163872001,0.059473884933381835,1.0046297975277665,-0.8804284213414487,1.2953741500732747,1.7690724961139301,1.6995648293961683,0.00016988,4.630983542628693,against,True,1,3,20,Wednesday,2025,0,3,FALSE_BREAKOUT,False,False,False,False,True,False,True,False,False
1748,ETHUSDT,1,2025-05-08 04:00:03,2025-05-12 18:32:19.470,110.53790833333333,1900.8901019999998,1831.662284384924,2434.403022,1620.2258711576005,7.212489002640929,1638.3415423296003,9.00544804998912,-9.110223122010563,10.457499931968757,0.13766289807068205,12.101058893088194,2.176132642716472,2.0853393916017997,2.1259065578230807,4.564e-05,3.6220844838240436,with,True,4,4,4,Thursday,2025,1,3,WIN,False,False,True,False,False,False,False,False,True
1749,BTCUSDT,1,2025-05-08 04:00:03,2025-05-12 14:28:19.497,106.47124916666667,99117.8196,96893.9412874516,102995.59676,274.5117307823288,1.2231596428574278,300.88389297199956,15.849704343943198,-10.522457845727601,3.033115778835218,0.19682713641755048,2.6221670345432044,2.399409739343689,2.5721443726344444,2.1916149555934092,2.318e-05,2.224021611505783,self,True,4,4,4,Thursday,2025,1,3,WIN,False,False,True,False,False,False,False,False,True
1750,SOLUSDT,1,2025-05-08 04:00:03,2025-05-12 18:48:17.368,110.80399111111112,150.83016,145.28756103061406,169.096174,630.1054550698093,2.806905256118463,647.4163150805994,8.90728771194756,-8.403572298842569,5.52265104675094,0.1678201878103858,6.141494304028853,1.6792553359353655,1.6556294491743606,1.3231296289549928,2.457e-05,3.6490741888626075,with,True,4,4,4,Thursday,2025,1,3,WIN,False,False,True,False,False,False,False,False,True
1751,XTZUSDT,1,2025-05-08 04:00:03,2025-05-12 18:48:15.000,110.80333333333333,0.5591118,0.5332188671639525,0.6498700000000001,327.6822999999429,2.9202219280675736,335.20710486258014,3.936583729942452,-3.58822113269481,5.479804118692434,0.042938357235924,5.5184246954471785,1.7842505328424587,1.7454624777806704,0.916420323561881,-0.00012016,4.612009451886859,with,True,4,4,4,Thursday,2025,1,3,WIN,False,False,True,False,False,False,False,False,True
1752,DOGEUSDT,1,2025-05-08 08:00:03,2025-05-12 18:49:02.812,106.81661444444444,0.181456284,0.17400620449524595,0.221995592,1159.838061484018,5.1428070500966845,1175.5042993846118,7.744899335846445,-7.921338564747664,10.506426938135629,0.011581621369937397,8.866175986155563,2.211806614215728,2.1511907204034815,1.69863506575323,0.0001,4.091823570938679,with,True,2,6,8,Thursday,2025,1,3,WIN,False,False,False,False,False,False,False,False,True
1753,LINKUSDT,1,2025-05-08 08:00:03,2025-05-12 18:47:05.600,106.78405555555555,14.6809356,14.030424804813766,16.2887416,460.30867711254564,2.041544917822355,475.21491669064073,7.423389005352144,-7.482850572742929,5.065349298402742,0.024497056955739564,4.802478949032069,2.350306205848869,2.21132620681707,1.307506025419279,0.0001,4.411876244626213,with,True,2,6,8,Thursday,2025,1,3,WIN,False,False,False,False,False,False,False,False,True
1760,XRPUSDT,1,2025-05-12 16:00:03,2025-05-12 18:49:01.696,2.8163044444444445,2.5934185800000003,2.45521440149479,2.454723358614491,-132.50586045196837,-0.9955776217023896,-129.67398488379877,2.831875568169615,0.0,0.15615606006576974,1.194020193780026,0.42677016453432554,3.5864317354971234,2.4948142996015865,4.928039051711587,0.0001,5.310100601843879,with,True,1,6,16,Monday,2025,0,3,LATE_ENTRY,False,True,False,False,False,False,True,True,False
1761,BTCUSDT,1,2025-05-18 16:00:03,2025-05-18 20:00:08.500,4.001527777777778,105505.29684,103621.12306931445,103600.39884470058,-254.20124887132113,-0.9889814765970467,-238.49322901148642,15.708019859834705,0.0,0.26239785718920977,1.1529174611159212,2.2815852905307468,2.774120550190159,2.1643228648192396,2.1015449344045884,0.0001,1.7662142109297423,self,True,2,2,16,Sunday,2025,0,3,WHIPSAW,False,False,False,True,False,False,True,False,True
1762,SOLUSDT,1,2025-05-18 16:00:03,2025-05-18 19:31:17.540,3.5207055555555558,176.23523999999998,168.16279097447097,168.12915841627608,-127.88590530723906,-0.9950056186140867,-124.70720151664185,3.178703790597214,0.0,0.06128995035277917,1.0164498994110727,-0.16416827109207205,2.239583410463211,0.7315972474179817,1.284640539004028,5.057e-05,4.5614126138076205,with,True,2,2,16,Sunday,2025,0,3,FALSE_BREAKOUT,False,False,False,True,False,False,True,False,False
1763,BTCUSDT,1,2025-05-19 00:00:03,2025-05-19 03:39:11.255,3.6522930555555555,106428.7815,104021.86034383734,104001.05597176857,-251.8227662684487,-0.9909887820470816,-239.3737370836189,12.449029184829824,0.0,0.28481136502739635,1.009082284968649,1.8962060673713121,2.7899104509608668,2.0599900694549715,2.244637395289135,5.99e-05,2.2420763706376836,self,True,1,1,0,Monday,2025,0,3,WHIPSAW,False,False,False,False,False,False,True,False,True
1764,BTCUSDT,1,2025-05-21 16:00:03,2025-05-23 12:15:15.862,44.25357277777778,108958.38732000001,106027.41854002836,107650.16566,-120.97325102420122,-0.47976598300763934,-106.22759879200082,10.5531687011856,-4.192483531014799,1.0239319847101958,0.9802517650931095,0.42290204128751424,2.5038658125062487,2.2014439759500086,2.520911808991794,5.119e-05,2.670527132269267,self,True,1,1,16,Wednesday,2025,0,3,GAVE_BACK,False,True,False,False,False,False,False,False,False
1765,SOLUSDT,1,2025-05-22 04:00:03,2025-05-23 23:43:10.000,43.71861111111111,176.805354,166.99664040991536,173.25534199999998,-48.46263550654012,-0.3815113158346266,-44.68577605000012,2.6438334065399998,-1.1330260500000002,1.107652486762665,0.3696054499608144,0.21966652203792425,1.404425532301336,1.7172015242112404,1.0463217501145705,7.607e-05,5.534200469558008,with,True,3,4,4,Thursday,2025,0,3,GAVE_BACK,False,False,True,False,False,False,False,False,False
1766,ATOMUSDT,1,2025-05-22 04:00:03,2025-05-23 20:08:16.000,40.136944444444445,5.0900178,4.807229319108814,4.963007200000001,-59.11474426558875,-0.4654075869439751,-55.4510879147797,2.6334077931345004,-1.030248557674545,0.8910624619712119,0.4526980717056151,-0.36075656150667185,1.3890339217831154,1.6490325789373856,0.7464386836068597,0.0001,5.5182916841821275,with,True,3,4,4,Thursday,2025,0,3,CHOP,False,False,True,False,False,False,False,False,False
1767,XTZUSDT,1,2025-05-22 04:00:03,2025-05-23 12:15:20.000,32.25472222222222,0.6481296,0.6129588958015202,0.6218756,-93.4318135807689,-0.7533644614889127,-89.9257468832,2.6100289362888955,-0.8960377612800001,0.7639994879932349,0.7429365034189278,-0.06055039410021262,1.331812691854891,1.58152757157768,0.7214432586587983,9.196e-05,5.55332884414173,with,True,3,4,4,Thursday,2025,0,3,CHOP,False,False,True,False,False,False,False,False,False
1768,ALGOUSDT,1,2025-05-22 08:00:03,2025-05-23 23:09:20.000,39.15472222222222,0.2375475,0.22448643878838498,0.22625474,-110.06140478681947,-0.8679817161540738,-106.53407970563985,2.6252613959996163,-0.9020636851800001,0.7926231898211826,0.8611474839424037,-0.6544261497219549,1.8442300005150967,2.0978116255859245,0.8409219023536746,0.0001,5.479394194364209,with,True,1,5,8,Thursday,2025,0,3,CHOP,False,False,False,False,False,False,False,False,False
1769,ADAUSDT,1,2025-05-22 12:00:03,2025-05-23 12:16:15.524,24.270145555555555,0.80246046,0.761118757669522,0.7609665339179881,-127.01899217682984,-1.001136011399364,-123.50632658352214,2.792116482571705,-0.7205491107360001,0.9418949342899423,1.0270612385667823,-0.29172625509203565,2.3076225211833035,2.0593340220686445,1.07628758012193,0.0001,5.121072342368243,with,True,1,6,12,Thursday,2025,0,3,CHOP,False,False,False,False,False,False,False,False,False
1770,XRPUSDT,-1,2025-05-24 00:00:03,2025-05-26 07:08:14.871,55.136630833333335,2.2948409400000003,2.4024519057071814,2.3564711999999997,-71.52133352993874,-0.5762079566727589,-68.74207768967331,3.1128299035584512,0.33357406329301564,0.28287953555618633,0.59342521071473,0.6545888658937985,2.5141876686374713,1.5995982420358685,0.8348321224495745,3.398e-05,4.668318115591914,against,True,1,1,0,Saturday,2025,0,3,FALSE_BREAKOUT,False,False,False,True,True,False,False,False,False
1771,ATOMUSDT,-1,2025-05-24 20:00:03,2025-05-26 06:22:20.000,34.37138888888889,4.7580482,5.010407262575155,4.830966,-38.056866717566216,-0.3071762262636539,-34.74981614469996,2.7418529944039802,-0.565197578462275,0.7610117030879621,0.2851167668233509,0.4836291542478403,1.9488252656151905,1.8969098384574092,0.7092838260110499,0.00021379,5.2606567767889745,against,True,1,2,20,Saturday,2025,0,3,CHOP,False,False,False,True,True,False,False,False,False
1772,FILUSDT,-1,2025-05-25 00:00:03,2025-05-27 06:26:20.000,54.43805555555556,2.8214356,2.974812075971001,2.8615722000000003,-34.09205204019032,-0.2748379335565343,-31.53263746780024,2.6788550801624402,0.11944050777236008,0.6809101548254745,0.2579561158223549,1.6588958534169618,0.27665783325446763,1.7785146423501599,0.5968061385552055,4.587e-05,5.377686006765894,against,True,1,3,0,Sunday,2025,0,3,WHIPSAW,False,False,False,True,True,False,False,False,True
1773,ALGOUSDT,-1,2025-05-25 04:00:03,2025-05-26 07:59:20.000,27.988055555555555,0.21705658,0.22916974969686937,0.22774554,-109.27779240777784,-0.8804052798230413,-106.47573415775999,2.658479344029432,-0.143578905988419,0.49999959973856534,0.8786651443305369,0.40918934713520994,1.5907537838154255,2.336419619978905,0.9391789280962337,-0.0001,5.559534636973459,against,True,1,4,4,Sunday,2025,0,3,CHOP,False,False,False,True,True,False,False,False,False
1774,XTZUSDT,-1,2025-05-25 12:00:03,2025-05-27 13:08:20.000,49.13805555555555,0.6028794,0.6314497804623754,0.6251249999999999,-93.10526189631649,-0.7698006595794679,-91.09683315719991,3.01724328253068,1.00881454341411,0.31079040097815014,0.7742494024232828,0.6258019568043726,1.9015421887964397,2.3769277359955496,0.45665166036454535,5.49e-05,4.891990110029146,against,True,1,5,12,Sunday,2025,0,3,CHOP,False,False,False,True,True,False,False,False,False
1775,DOTUSDT,-1,2025-05-25 16:00:03,2025-05-26 07:20:14.545,15.336540277777777,4.4081182,4.641499354625315,4.6129224,-108.9606852350513,-0.8740229365368367,-106.1914897105004,2.8064592622208995,0.03726373767,0.18046958447702904,0.8864546082657838,0.17189991224616025,1.3505413832482533,2.7742012490290606,1.1098574181848668,8.05e-06,5.273289966552863,against,True,1,6,16,Sunday,2025,0,3,FALSE_BREAKOUT,False,False,False,True,True,False,False,False,False
1776,DOGEUSDT,1,2025-05-26 08:00:03,2025-05-28 14:17:10.222,54.285339444444446,0.22977594599999998,0.21775525411177826,0.219516088,-105.01156010566578,-0.8573602972162595,-101.43835729588524,2.6652676406488522,-0.9079351691316881,0.19001019419173376,0.868165168614418,-0.15855543239299746,1.4151322154162451,-0.870272936721194,0.6374824892694612,2.939e-05,5.2166561714206265,with,True,4,6,8,Monday,2025,0,3,FALSE_BREAKOUT,False,False,True,False,False,False,False,False,False
1777,BTCUSDT,1,2025-05-26 08:00:03,2025-05-28 14:58:17.224,54.970617777777775,110071.90998,107286.3582584551,107416.5124,-233.34632354584434,-0.9527067880490843,-219.60137986599915,10.791775518495598,-2.9531681613495997,0.22548137058164505,0.949725671772046,-0.4350699973102134,1.7461650488052112,0.594635490861571,0.6694646330793554,0.0001,2.5111715154170002,self,True,4,6,8,Monday,2025,0,3,FALSE_BREAKOUT,False,False,True,False,False,False,False,False,False
1778,ETHUSDT,1,2025-05-26 08:00:03,2025-05-30 00:53:05.099,88.88391638888889,2580.2159399999996,2474.4450001991595,2605.4788,43.7788439946833,0.17880255813032897,56.28312579400061,6.931925586747598,-5.572356212569719,1.9727919633965774,0.6827578551913935,0.6448279662488048,1.6402412988806259,-0.30855460087826975,0.8021211361715949,8.047e-05,4.080497412532445,with,True,4,6,8,Monday,2025,0,3,WIN,False,False,True,False,False,False,False,False,False
1779,SOLUSDT,1,2025-05-26 08:00:03,2025-05-28 14:38:11.111,54.63558638888889,178.11561600000002,169.9541598839109,171.025788,-106.13938892580799,-0.8672063531154206,-102.73444365120015,3.03551916031296,-0.3694261142948799,0.1536961030185721,0.8939110737381517,-0.34743996165218793,1.4293036622300856,-0.07146518311150954,0.5995535577964015,1.765e-05,4.557668397871107,with,True,4,6,8,Monday,2025,0,3,FALSE_BREAKOUT,False,False,True,False,False,False,False,False,False
1780,XRPUSDT,-1,2025-05-28 20:00:03,2025-05-29 02:32:04.064,6.533628888888889,2.22565478,2.298717749400505,2.299177492950385,-241.2759539966288,-0.9968753127599913,-232.23614193048218,8.575550719911476,-0.46426134623514775,0.007593176195169477,1.0599790924931223,2.023662345141128,2.991004290178261,1.7888188641535745,1.5378352035137832,7.08e-05,3.2621063474464274,with,True,5,6,20,Wednesday,2025,0,3,WHIPSAW,False,False,True,False,False,False,True,False,True
1781,ADAUSDT,-1,2025-05-28 20:00:03,2025-05-29 02:59:18.870,6.9877416666666665,0.73245348,0.7647266030601674,0.7648795483807794,-240.69399862315936,-0.9947742684334959,-234.58658949976595,6.499478956531332,0.3920698331379376,0.014051320634652397,1.002274243484147,2.3782476786305153,1.9298647878795303,1.2108345201373194,0.9220234880236594,-0.0001,4.385285702998553,with,True,5,6,20,Wednesday,2025,0,3,WHIPSAW,False,False,True,False,False,False,True,False,True
1782,ALGOUSDT,-1,2025-05-28 20:00:03,2025-06-01 16:10:12.500,92.16930555555555,0.21235752000000002,0.22357648268045363,0.19713941999999998,156.17295597187692,1.2912043886533606,159.24322866537042,2.5710022218617024,-0.4992704716318096,2.393939686312791,0.9664422913974432,1.9928330841988373,1.9863136404107893,1.3242090936071913,1.0534082234308935,4.21e-06,5.261997495505478,with,True,5,6,20,Wednesday,2025,0,3,WIN,False,False,True,False,False,False,False,False,True
1783,ATOMUSDT,-1,2025-05-28 20:00:03,2025-05-29 00:23:15.181,4.386716944444444,4.652069399999999,4.876590800345425,4.877566118505494,-120.29605808159954,-0.9946780199390927,-117.56747217360017,2.981085931729367,0.25250002372999997,0.009216938772051281,1.0107303787116426,2.1426438604955935,0.9839403037160868,0.9705229359381397,1.3046881737612683,-5.565e-05,4.805304112302284,with,True,5,6,20,Wednesday,2025,0,3,WHIPSAW,False,False,True,False,False,False,True,False,True
1784,DOGEUSDT,-1,2025-05-28 20:00:03,2025-05-29 02:57:09.562,6.951822777777778,0.21710657000000003,0.22759646781969856,0.2276419871132625,-120.45893282331184,-0.9961295035903645,-117.55879234122803,2.9776193599731986,0.0774788778893976,0.010159298196394707,1.019402684735331,3.0235346945363797,1.9182735333321117,1.2705448077913957,0.8084148220553592,-1.04e-06,4.805888662598343,with,True,5,6,20,Wednesday,2025,0,3,WHIPSAW,False,False,True,False,False,False,True,False,True
1785,XTZUSDT,-1,2025-05-30 04:00:03,2025-06-01 22:04:20.000,66.07138888888889,0.5988802,0.6315744464793301,0.5741147999999999,83.80579142413349,0.7073618504785528,87.18885921064017,2.4777818063051993,-0.90528598020148,1.6480025020323947,0.15659636025674512,1.2503790239008887,3.1926866375455463,1.4428487688907792,2.5024229681853303,-0.0001,5.438137976515893,with,True,5,6,4,Friday,2025,0,3,WIN,False,True,True,False,False,False,False,True,True
1786,ADAUSDT,-1,2025-05-30 04:00:03,2025-06-02 22:09:08.750,90.15159722222222,0.70855826,0.7461962521651468,0.6896379,55.1069868759206,0.46517336816031085,57.8104750629679,2.563282651307404,-0.1402055357398987,1.465494220785696,0.17114993732224346,2.4007194539902335,2.6205834629421942,1.0883443565484399,3.1439861265213613,0.00017634,5.275994944292728,with,True,5,6,4,Friday,2025,0,3,WIN,False,True,True,False,False,False,False,False,True
1787,LTCUSDT,-1,2025-05-30 04:00:03,2025-06-01 16:10:05.365,60.16732361111111,91.69165799999999,96.22917248994463,87.907578,93.19567524995543,0.7867691479742115,95.69105822399972,2.72500173607248,0.22961876202819997,1.9022876993843596,0.06354624335393189,1.0912710055192367,2.4527782036867234,1.0644968695927937,2.22111706383831,1.066e-05,4.916236905739903,with,True,5,6,4,Friday,2025,0,3,WIN,False,False,True,False,False,False,False,False,True
1788,SOLUSDT,-1,2025-05-30 04:00:03,2025-06-02 00:16:18.775,68.27104861111111,164.996994,172.5401092699238,157.951584,103.43967863133456,0.8733385487691981,106.88591511000006,2.9396717261027994,-0.5065647525627,1.9245356169860948,0.10247834910891127,1.7866615473498066,2.2875832271578043,1.2196893108711022,1.9430828033286651,1.093e-05,4.550753965899407,with,True,5,6,4,Friday,2025,0,3,WIN,False,False,True,False,False,False,False,False,True
1789,XRPUSDT,-1,2025-05-30 04:00:03,2025-06-02 22:00:05.454,90.00068166666667,2.2159567200000003,2.3043127583232437,2.18753742,67.60535706104504,0.2854261769624842,73.24496242245095,6.809466020875506,1.169860659469593,1.5636364262345646,0.0887690320757241,1.7922569074528367,1.6812121791988206,0.5789830847173177,3.458435267140361,-8.959e-05,3.9664662661633003,with,True,5,6,4,Friday,2025,0,3,WIN,False,True,True,False,False,False,False,False,True
1790,ETHUSDT,1,2025-06-04 16:00:03,2025-06-05 14:18:13.057,22.30279361111111,2667.453384,2569.4397076805085,2568.925819738972,-239.82254561766237,-0.9967810650044675,-231.76638941121544,7.390520880573111,-0.6656353258738199,0.008535706764767847,1.0691710375030632,-0.5351639278279863,0.9100208677866266,1.9408990729185418,2.4625897699409838,7.897e-05,3.6548024612563417,against,True,1,1,16,Wednesday,2025,0,3,FALSE_BREAKOUT,False,False,False,False,True,False,False,False,False
1791,ALGOUSDT,-1,2025-06-04 20:00:03,2025-06-07 08:05:20.000,60.088055555555556,0.19156167999999998,0.20037851113121127,0.19233846,-12.737480527225989,-0.10625488338245882,-10.206557670296062,3.0265703946121483,0.49564753768222164,1.6515775093448406,0.2652109318190784,0.5967767695327427,2.278290669233377,1.0024478944626884,0.8452119606171558,-0.0001,4.581686394160381,with,True,5,6,20,Wednesday,2025,0,3,GAVE_BACK,False,False,True,False,False,False,False,False,False
1792,AXSUSDT,-1,2025-06-04 20:00:03,2025-06-07 12:41:08.571,64.68488083333334,2.4635072,2.5865776251228714,2.4494898,6.702922574988734,0.05592132492112765,13.22846147928017,2.7818878634690396,-3.743651040822397,1.5235764385537491,0.4184010898523395,0.8247895454871217,2.56164205894222,1.5337219970736833,1.489250644668884,6.311e-05,4.974741279337317,with,True,5,6,20,Wednesday,2025,0,3,WIN,False,False,True,False,False,False,False,False,False
1793,ATOMUSDT,-1,2025-06-04 20:00:03,2025-06-07 13:18:20.000,65.30472222222222,4.280143799999999,4.446880623981223,4.3148628,-61.2168784881376,-0.2553869293053597,-47.943241426501146,7.121273247838259,-6.1523638137981935,1.5362161392065588,0.4309557917937347,0.4986528951118925,2.3168277192079407,1.1887388297506705,1.2209348226426995,7.411e-05,3.850551704372333,with,True,5,6,20,Wednesday,2025,0,3,GAVE_BACK,False,False,True,False,False,False,False,False,False
1794,LINKUSDT,-1,2025-06-04 20:00:03,2025-06-07 01:13:13.449,53.219569166666666,13.8852224,14.492524189252103,13.73614363207751,49.054820394806576,0.20470182042868548,56.75021709772744,6.308819991071538,-1.3865767118493268,2.0619441967100443,0.23839481879066104,0.5849190736576944,1.5177519249644666,0.43411681696581966,0.918334853732422,3.17e-05,4.345339399899951,with,True,5,6,20,Wednesday,2025,0,3,WIN,False,False,True,False,False,False,False,False,False
1795,AVAXUSDT,-1,2025-06-04 20:00:03,2025-06-07 06:45:13.189,58.752830277777775,20.640871,21.63876734143367,20.39547519402451,24.423013766241407,0.20387785064228162,28.514820877287875,2.8610368213819872,-1.2307702896644819,2.2315654517789607,0.006141920503679115,0.5119479637193953,1.794775776168313,0.5515406458225135,0.8395779135184026,3.378e-05,4.80344525322648,with,True,5,6,20,Wednesday,2025,0,3,WIN,False,False,True,False,False,False,False,False,False
1796,SOLUSDT,-1,2025-06-05 16:00:03,2025-06-08 17:03:13.913,73.05303138888888,150.76984000000002,157.31901310999734,152.83056000000002,-79.76747269474599,-0.333024883187752,-72.68963120800012,6.425502089736,-0.65233939700987,1.4261098070140679,0.32067559747261676,0.19389317989802451,1.9173413525364873,1.5778121546914792,2.3819611873502655,6.04e-06,4.316035481730213,with,True,1,6,16,Thursday,2025,0,3,GAVE_BACK,False,False,False,False,False,False,False,False,False
1797,BTCUSDT,1,2025-06-09 12:00:03,2025-06-11 22:21:12.128,58.352535555555555,107729.34156,105873.47919447448,108260.34360000001,40.725464637129186,0.17103338695971168,62.339639496000785,15.214313422670399,-6.399861436201199,1.575687127623792,0.5005983079660774,0.56726105316646,2.277231040673495,3.9990279100102057,2.8097447260927684,4.024e-05,1.7031441570446755,self,True,1,1,12,Monday,2025,0,3,WIN,False,True,False,False,False,False,False,True,False
1798,XRPUSDT,1,2025-06-09 20:00:03,2025-06-11 22:06:18.214,50.10422611111111,2.2951589400000003,2.22594610105712,2.25694852,-137.6466139823799,-0.5763387560432104,-125.20763296201935,8.94978804297902,-3.4891929773815504,0.6117515282813734,0.5527722975151269,-0.3273805892964486,0.20944266756367594,3.180910513623301,2.1119533422377414,-1.651e-05,2.996204250790082,with,True,1,2,20,Monday,2025,0,3,LATE_ENTRY,False,False,False,False,False,False,False,True,False
1799,ETHUSDT,1,2025-06-10 00:00:03,2025-06-12 11:29:08.577,59.4848825,2679.665826,2588.123163285703,2726.5045900000005,104.97880939123075,0.4358335763545619,117.72923331400135,8.1530456043696,-4.597378318401001,2.177500283360978,0.26944623707288845,1.0143267766833077,3.753976647259978,3.1365925487732578,2.3019548419293154,0.0001,3.3965196301134997,with,True,1,3,0,Tuesday,2025,0,3,WIN,False,False,False,False,False,False,False,True,True
1800,LINKUSDT,1,2025-06-10 12:00:03,2025-06-12 04:22:20.000,40.37138888888889,15.162031800000001,14.56639767843391,14.5750844,-238.50587789343308,-0.987614728939924,-228.66185289194058,6.950957537205132,-2.893067464287368,0.8209203977676138,0.9805210595800264,-0.8579626006924417,4.262555018894377,3.383381952843714,2.7836085752576567,3.223e-05,3.9092441557232718,with,True,3,6,12,Tuesday,2025,0,3,LATE_ENTRY,False,True,True,False,False,False,False,True,False
1801,FILUSDT,1,2025-06-10 12:00:03,2025-06-12 04:20:20.000,40.338055555555556,2.6925384,2.5855441276095106,2.634473,-135.83194735239726,-0.5626028195901744,-125.95435082432058,6.933150510156671,-2.9444460179200003,0.733325235519561,0.5377708424429154,-0.34149865393400053,3.3065343610997195,2.724133422496926,1.704560455242289,0.0001,3.9545272061846006,with,True,3,6,12,Tuesday,2025,0,3,LATE_ENTRY,False,False,True,False,False,False,False,True,False
1802,XTZUSDT,1,2025-06-10 12:00:03,2025-06-12 08:02:20.000,44.03805555555556,0.6131226,0.5897647413719133,0.6018796,-119.1525933584925,-0.49364390085769067,-111.49921114310003,7.229660420019442,-0.4237217953730302,1.0222426798700042,0.6474309242464455,-0.09087305620762898,3.5978893404436056,2.878311472354875,2.107461491894806,-0.0001342,3.6332121941318234,with,True,3,6,12,Tuesday,2025,0,3,GAVE_BACK,False,False,True,False,False,False,False,True,False
1803,ALGOUSDT,-1,2025-06-12 16:00:03,2025-06-16 05:31:12.000,85.51916666666666,0.18916216000000002,0.19837523457125816,0.18023604,105.59442583766076,0.9001549383855715,110.03837063906445,2.7322941689112237,-1.7116506324924663,2.2861163053761944,0.21033586399543672,2.6443029209816893,4.2533335856958,1.8401728207543986,2.156743744934248,-5.997e-05,4.794101728081445,against,True,1,1,16,Thursday,2025,0,3,WIN,False,False,False,False,True,False,False,True,True
1804,DOTUSDT,-1,2025-06-13 00:00:03,2025-06-16 01:52:13.333,73.86953694444445,3.9152168,4.103190028058562,3.8327663999999997,47.35979060245911,0.40235840271749884,49.96388703488022,2.817107187009024,0.21301075458790397,1.3630494227623577,0.0041665507800710344,1.8312011958041212,2.889521021129993,2.218163906555181,1.5316259223601196,0.00010338,4.753383407162694,against,True,4,5,0,Friday,2025,0,3,WIN,False,False,True,False,True,False,False,False,True
1805,ATOMUSDT,-1,2025-06-13 00:00:03,2025-06-16 05:26:13.333,77.43620361111111,4.2111576,4.394370216411051,4.156831199999999,54.92993236855347,0.23336101586619773,67.32111733344097,6.221752472275487,-6.169432492612011,1.190734591719094,0.015514215427300755,1.6273857436272905,3.224210682925792,2.2207573581376656,2.3923719760689313,9.351e-05,4.329777217736266,against,True,4,5,0,Friday,2025,0,3,WIN,False,False,True,False,True,False,False,True,True
1806,LTCUSDT,-1,2025-06-13 00:00:03,2025-06-16 02:06:11.666,74.10240722222223,86.072782,89.62049981578382,86.88737400000001,-56.84747283841181,-0.2415636954308253,-52.01528340480029,6.62656019117184,1.79437075756032,1.3706789131777817,0.2388064789794502,1.0267958696695785,3.0673635263544674,2.245445675369985,1.3019780737185231,1.12e-05,4.11303417261132,against,True,4,5,0,Friday,2025,0,3,GAVE_BACK,False,False,True,False,True,False,False,True,True
1807,ADAUSDT,-1,2025-06-13 00:00:03,2025-06-16 01:57:15.555,73.9534875,0.66076782,0.692147213580933,0.6376274999999999,80.48186845699175,0.6841556665616864,83.92220020296037,2.8253073074432757,-0.6150244385253346,1.5318275630797191,0.013772732697505312,2.3349023559371638,2.349009450391074,2.0961869073653308,1.1123250566759246,5.741e-05,4.727979055974125,against,True,4,5,0,Friday,2025,0,3,WIN,False,False,True,False,True,False,False,False,True
1808,DOGEUSDT,-1,2025-06-15 12:00:03,2025-06-16 07:31:03.809,19.51689138888889,0.17411517,0.1821744225278713,0.178655724,-67.98428493810829,-0.5688799500456994,-65.07937317274343,3.033741079406845,0.12882931404198672,0.35427230876883326,0.5800575157352421,1.2786756543937121,0.9083623897645497,3.492453748559029,0.8699145565520475,-6.502e-05,4.601758456517737,with,True,1,6,12,Sunday,2025,0,3,WHIPSAW,False,False,False,True,False,False,False,True,True
1809,XRPUSDT,1,2025-06-16 20:00:03,2025-06-16 22:44:14.209,2.7364469444444444,2.335467,2.264032236811924,2.2635794303645618,-234.19481010938918,-0.9930224510361558,-225.53748021047383,8.657329898915354,0.0,0.01586062512752829,1.0494470290693674,-0.7540726334904624,4.854111157523888,3.5686183480749762,2.52247802581075,9.077e-05,3.0351519631708417,with,True,2,2,20,Monday,2025,0,3,LATE_ENTRY,False,True,False,False,False,False,True,True,False
1810,BTCUSDT,1,2025-06-16 20:00:03,2025-06-17 00:05:14.603,4.086556388888889,108615.91884,106472.29646603562,106451.00200674242,-233.4959447334539,-0.9907313751222693,-220.1720419422958,13.12338351006822,-0.2005192810899,0.13252388268117724,1.013153653543684,-0.41449410623420296,3.150190332880724,2.682685574006677,1.6932135499123815,2.793e-05,1.9539750133656928,self,True,2,2,20,Monday,2025,0,3,LATE_ENTRY,False,False,False,False,False,False,True,True,False
1811,ADAUSDT,-1,2025-06-17 16:00:03,2025-06-23 20:09:18.571,148.1543252777778,0.61127772,0.6399220579387136,0.55791156,161.68620234532077,1.391850486944398,162.63345994219827,3.6123595028956395,2.665101906018147,3.5601353474528903,0.37083349675342625,2.1567166304271894,2.6225316616607954,1.4269657570801377,2.1088493941834847,8.314e-05,4.665040552619164,with,True,6,6,16,Tuesday,2025,1,3,WIN,False,False,True,False,False,False,False,False,True
1812,LTCUSDT,-1,2025-06-17 16:00:03,2025-06-19 10:31:01.935,42.51637083333333,84.02319200000001,87.16299247002749,85.647126,-121.66627995219716,-0.5237294903481138,-115.2182796933994,7.2228756174790805,0.7748753586813202,0.5074182309381136,0.6009324535146252,1.8132336925060022,2.4912003710119577,1.1527405315736545,1.7726552946896927,-3.991e-05,3.7160786173577787,with,True,6,6,16,Tuesday,2025,0,3,WHIPSAW,False,False,True,False,False,False,False,False,True
1813,XTZUSDT,-1,2025-06-17 16:00:03,2025-06-23 18:02:15.000,146.03666666666666,0.5428914,0.5666283601123822,0.5081016,147.18713896210053,1.3133619637099758,158.4541588429199,2.8721213418553195,-8.394898538964044,3.0707975939167134,0.2573455055356281,1.5120470283504268,2.8422517650619623,1.5835402691059508,1.0600445166880268,0.00023681,4.543977880513315,with,True,6,6,16,Tuesday,2025,0,3,WIN,False,False,True,False,False,False,False,False,True
1814,DOGEUSDT,-1,2025-06-17 16:00:03,2025-06-23 19:37:16.190,147.62033055555557,0.16776644000000002,0.17648816015907703,0.157661526,129.48211980762431,1.1151726068507914,130.50692668429906,2.521779227400598,1.4969723507258488,2.887783549646172,0.503749251278998,1.338777189250667,2.2283198796437307,1.3719820746566764,1.63536237193765,-2.74e-05,5.1776878182819015,with,True,6,6,16,Tuesday,2025,0,3,WIN,False,False,True,False,False,False,False,False,True
1815,BTCUSDT,-1,2025-06-17 16:00:03,2025-06-20 07:34:20.000,63.57138888888889,104178.36016,106672.30794287451,105321.06,-109.1387786323145,-0.4704111477307216,-99.6434260480001,10.961009662771199,1.4656570784568,0.3521966923411692,0.5299388580127714,2.4310694079616444,2.5681855166490193,1.8477155488363801,3.09572924301611,-2.211e-05,2.3734423516442744,self,True,6,6,16,Tuesday,2025,0,3,WHIPSAW,False,True,True,False,False,False,False,False,True
1816,DOTUSDT,-1,2025-06-17 16:00:03,2025-06-23 20:11:18.571,148.18765861111112,3.7242550000000003,3.881642157006299,3.3246648,559.3570702770377,2.4099746215704765,566.6936467648609,7.315429709562467,-0.02114677826062905,4.5127888038004045,0.37960530666176606,2.8989341232063897,2.694038489159916,1.5002347036791033,1.9017140664358259,-8.801e-05,4.205158577350305,with,True,6,6,16,Tuesday,2025,1,3,WIN,False,False,True,False,False,False,False,False,True
1817,SOLUSDT,-1,2025-06-19 16:00:03,2025-06-20 08:05:11.212,16.085614444444445,143.041386,149.54589609590099,147.869568,-86.88976244680325,-0.7408707066613082,-84.09630843959997,3.0402172887487193,0.24676328154544003,0.003287872519938952,0.7823208704383043,2.6460695342522778,0.8042195424848393,2.373994226373516,0.8758336977628227,-1.075e-05,4.519077506220976,with,True,1,6,16,Thursday,2025,0,3,WHIPSAW,False,False,False,False,False,False,False,False,True
1818,FILUSDT,-1,2025-06-20 16:00:03,2025-06-23 20:23:15.000,76.38666666666667,2.3055388,2.405912269812333,2.2084416,208.9942706000267,0.8968146119054583,217.44271272647973,6.065255084823215,-2.3831870416297978,3.4425311852429568,0.03448321559941712,1.3104937016318752,0.6342142548078744,2.4972186283060007,2.1396217864227896,4.663e-05,4.377972659971071,with,True,2,6,16,Friday,2025,0,3,WIN,False,False,False,False,False,False,False,False,True
1819,LTCUSDT,-1,2025-06-20 16:00:03,2025-06-23 13:44:12.692,69.73602555555556,83.73325,86.52451772801489,81.996396,131.23457809622144,0.5603741647059478,139.05027332979952,7.960860006132119,0.14516477255404003,2.731106702337563,0.12422670764248192,1.5416829983057219,0.7352629177322191,1.3804200857423625,1.6033551855553534,-2.569e-05,3.31285698867449,with,True,2,6,16,Friday,2025,0,3,WIN,False,False,False,False,False,False,False,False,True
1822,BTCUSDT,1,2025-06-25 12:00:03,2025-06-27 13:51:15.504,49.85347333333333,107157.72726,104519.45568641565,106323.93096,-83.00302062639456,-0.3459173739340558,-71.20620402000016,10.938800167192799,-0.8580164392016001,0.4139728263516747,0.32014416880233615,0.6163780697491572,1.5298579205564011,3.4276399071346164,0.6538938130742392,2.747e-05,2.4425375093076283,self,True,1,1,12,Wednesday,2025,0,3,LATE_ENTRY,False,False,False,False,False,False,False,True,False
1823,DOTUSDT,-1,2025-06-26 12:00:03,2025-06-28 19:09:06.666,55.15101833333333,3.3253348000000003,3.489544266160495,3.3976794,-53.711612985281945,-0.44764813505636547,-51.20247664125975,2.854960653879012,0.34582430985681606,0.34915648494930673,0.4486050757147035,0.26998930717348696,1.1617649732430366,-0.7154026414180823,0.748796577541789,4.546e-05,4.917145705366656,against,True,1,2,12,Thursday,2025,0,3,CHOP,False,False,False,False,True,False,False,False,False
1824,ADAUSDT,-1,2025-06-26 16:00:03,2025-06-28 16:01:10.000,48.01861111111111,0.5540891600000001,0.5807262343355828,0.565113,-50.84555409295292,-0.42367733472552355,-48.06679316502355,2.928006505967145,0.14924557803777017,0.3562388226444285,0.42462771464696963,0.42381381144849256,0.9650823285406754,-0.22242131790586075,1.3829697041119111,-4.775e-05,4.786400998842074,against,True,3,5,16,Thursday,2025,0,3,CHOP,False,False,True,False,True,False,False,False,False
1825,FILUSDT,-1,2025-06-26 16:00:03,2025-06-28 16:00:06.000,48.00083333333333,2.2075584000000004,2.3163623877471617,2.2424484,-40.015921960027384,-0.3334732362399763,-37.26949799999938,2.8520983582560007,0.10567439822800007,0.6393000977284051,0.38088309866272274,-0.059203712413267315,0.6147404261856569,-0.9500533859232934,1.6244725553085615,-0.0001,4.860225792085175,against,True,3,5,16,Thursday,2025,0,3,CHOP,False,False,True,False,True,False,False,False,False
1826,AVAXUSDT,-1,2025-06-26 16:00:03,2025-06-28 15:58:17.419,47.97067194444445,17.2385516,18.110689678045404,17.7795552,-74.77421581491895,-0.623196324267364,-72.14726628951998,2.8019710141534557,0.17502148875447998,0.27696485921283914,0.6208287582322634,0.061402662431641254,0.7808802820963526,-0.47823141536670655,1.3081393324412083,-7.578e-05,5.019945944015093,against,True,3,5,16,Thursday,2025,0,3,FALSE_BREAKOUT,False,False,True,False,True,False,False,False,False
1827,SOLUSDT,1,2025-06-28 08:00:03,2025-07-01 07:21:11.794,71.35244277777778,146.549304,139.94675908467966,149.33012800000003,87.93761353379172,0.36871433341590915,97.00431783920084,6.19275059417136,-2.8739537112377596,2.0371987123918527,0.15135133691877498,1.4813524368922,1.9016494543606395,1.2246622486082535,0.7681546470780538,0.0001,4.486241410947559,with,False,1,5,8,Saturday,2025,0,3,WIN,False,False,False,True,False,True,False,False,True
1828,LTCUSDT,1,2025-06-28 16:00:03,2025-06-30 08:43:07.142,40.71781722222222,86.47729199999999,83.92992738525473,85.792838,-72.56870916011859,-0.3045615633937234,-60.72345841739895,9.1700871722118,-2.6751635705078405,0.7783369481240414,0.2972844937927043,2.2033390773787147,1.7548903435117496,1.2687382888902552,0.9651072979211812,8.044e-05,2.9262926379195817,with,True,2,6,16,Saturday,2025,0,3,WHIPSAW,False,False,False,True,False,False,False,False,True
1829,XRPUSDT,1,2025-06-28 16:00:03,2025-06-30 06:51:10.952,38.85220888888889,2.20324056,2.1261305120237313,2.17346522,-97.88059715394368,-0.41093079143813466,-87.9548536828628,7.7571409728892124,-2.1686024981916625,0.20567280680309263,0.4051425309657993,1.6036747900618342,2.7667241973224916,1.434163531662927,0.7697400196085662,0.0001,3.4849284114698196,with,True,2,6,16,Saturday,2025,0,3,WHIPSAW,False,False,False,True,False,False,False,False,True
1830,AVAXUSDT,1,2025-06-28 20:00:03,2025-06-30 15:16:16.744,43.27048444444444,17.9445882,17.239847684426017,17.788441600000002,-59.57568701975223,-0.2502108392460793,-50.69018305119871,6.960050958020159,-1.92545301053336,1.3457602891293423,0.22644958885331068,1.7430696445762184,1.7713697472185714,0.6532104220822099,1.1228740590988047,2.416e-05,3.9081005271388447,with,False,3,6,20,Saturday,2025,0,3,GAVE_BACK,False,False,True,True,False,True,False,False,True
1831,LINKUSDT,1,2025-06-28 20:00:03,2025-06-30 10:17:08.333,38.28481472222222,13.3016598,12.763267518833155,13.1813632,-58.8833748847452,-0.2473667571393951,-51.16451382301985,6.758250838471859,-0.9606102232534862,1.0556247180369114,0.23154083808524842,1.2302186029943207,1.5948354721127997,0.2887844604877165,0.9574051338256664,7.499e-05,4.035582565164257,with,True,3,6,20,Saturday,2025,0,3,GAVE_BACK,False,False,True,True,False,False,False,False,True
1832,DOGEUSDT,1,2025-06-28 20:00:03,2025-06-30 15:17:14.666,43.28657388888889,0.16354270199999998,0.1570357388592638,0.162477498,-45.522023820325316,-0.19128394519607347,-37.45199540595192,6.877616136992172,-1.1924122773812211,0.9908305703527608,0.16485447616637627,1.819173974706239,1.3839417047334492,0.3089155590922892,0.8753176277071003,2.765e-05,3.959550572280711,with,False,3,6,20,Saturday,2025,0,3,WHIPSAW,False,False,True,True,False,True,False,False,True
1833,XRPUSDT,1,2025-06-30 20:00:03,2025-06-30 23:08:13.195,3.1361652777777778,2.31976386,2.245810370690595,2.245361208616457,-236.4612920278775,-0.9932610016173063,-228.06524940328765,8.39604262458985,0.0,0.07215535128673377,1.0069012388105187,-0.08199559015573173,3.5836125958780087,3.3397089249038014,3.9563136639767533,3.027e-05,3.16443727619026,with,True,2,3,20,Monday,2025,0,3,LATE_ENTRY,False,True,False,False,False,False,True,True,False
1834,ADAUSDT,1,2025-06-30 20:00:03,2025-07-01 02:54:06.536,6.900982222222222,0.58951788,0.565005851297155,0.5648928501268956,-237.23926291062259,-0.9968414776294466,-230.22884798260978,6.475817179482811,-0.53459774853,0.03598722940046165,1.024716489381584,0.8804705747384719,2.525195724203144,1.7996118878655516,2.167403438351511,-2.251e-05,4.138810434822717,with,False,2,3,20,Monday,2025,0,3,FALSE_BREAKOUT,False,False,False,False,False,True,True,False,False
1835,ADAUSDT,-1,2025-07-01 16:00:03,2025-07-02 15:04:16.500,23.070416666666667,0.54629072,0.5716850064259579,0.571799343427243,-116.21156881069662,-1.000463373246143,-112.79825274776043,2.9664934118208484,-0.44682265111534203,0.40129971872661485,1.0124041120415217,-0.6422421062136539,1.6215143199611326,1.5977848421080454,2.413353065137135,0.00016549,4.627563401529622,against,True,1,1,16,Tuesday,2025,0,3,CHOP,False,False,False,False,True,False,False,False,False
1836,BTCUSDT,1,2025-07-02 16:00:03,2025-07-04 08:16:09.147,40.26837416666667,108717.13908,106838.79858843605,108458.90388000001,-46.701584436298354,-0.20191538500499925,-29.103107039997855,14.685444024955197,-2.9130333713453003,0.9406499662523305,0.13881353310064848,0.5151147645198207,3.0024216331213913,1.9373537653117587,2.2902753097460318,4.13e-05,1.7079868325161705,self,True,1,1,16,Wednesday,2025,0,3,LATE_ENTRY,False,False,False,False,False,False,False,True,False
1837,AXSUSDT,1,2025-07-02 20:00:03,2025-07-04 05:02:16.382,33.03705055555555,2.3634726,2.2583617067168653,2.257910034375522,-232.89103806856122,-1.0034175534104697,-225.00038043720363,5.910122654157596,-1.9805349772,0.22383407908659514,1.0034411915413086,-0.7846246704216036,4.554301166563198,2.383288957926077,4.274647761993067,0.0001,4.387734685992166,with,True,5,6,20,Wednesday,2025,0,3,LATE_ENTRY,False,True,True,False,False,False,False,True,False
1838,FILUSDT,1,2025-07-02 20:00:03,2025-07-04 07:19:18.965,35.32110138888889,2.420484,2.3151034990549597,2.3146404783551486,-232.8684308266829,-1.0035488271230284,-224.80290788312877,6.034208246554122,-2.031314697,0.22315323792457858,1.000982146165862,-0.8586408224344141,4.061145950170445,2.2498367235686088,3.63421011402165,0.0001,4.334566154753727,with,True,5,6,20,Wednesday,2025,0,3,LATE_ENTRY,False,True,True,False,False,False,False,True,False
1839,DOTUSDT,1,2025-07-02 20:00:03,2025-07-04 08:02:17.172,36.03727,3.5797158000000002,3.4347067934045943,3.4340198520459135,-233.4318851036744,-1.006211084559518,-224.23323214197876,6.476690546575645,-2.72196241512,0.5881303651569303,1.0048741345188728,-0.8255749267631559,4.173261344401887,2.28203421341039,4.149769263878557,8.414e-05,4.004840877456838,with,True,5,6,20,Wednesday,2025,0,3,LATE_ENTRY,False,True,True,False,False,False,False,True,False
1840,ETHUSDT,1,2025-07-02 20:00:03,2025-07-04 13:49:05.588,41.81738555555555,2604.160728,2511.233309328765,2525.264846,-197.78787415153107,-0.8527963260737814,-188.45859333339953,7.351595321168279,-1.97768549696327,0.33186407672750967,0.8593882100883097,0.0314145388061202,4.375832948169728,2.5148054784473897,3.097067908698366,5.236e-05,3.5495051435959177,with,True,5,6,20,Wednesday,2025,0,3,LATE_ENTRY,False,True,True,False,False,False,False,True,False
1841,AVAXUSDT,1,2025-07-02 20:00:03,2025-07-04 08:11:18.805,36.18772361111111,18.6797352,17.905468781609304,18.0003992,-204.89400593778578,-0.8836675379516686,-195.87804389999977,6.345754951535999,-2.6702070862499996,0.6370737362279567,0.8779086679399349,-0.08102534025741841,4.150383428564041,1.9804518799214272,3.6607348512319975,0.0001,4.125782921346612,with,True,5,6,20,Wednesday,2025,0,3,LATE_ENTRY,False,True,True,False,False,False,False,True,False
1842,XRPUSDT,1,2025-07-06 12:00:03,2025-07-23 12:42:05.222,408.7006172222222,2.26155222,2.2003645256452042,3.41941598,4407.633028389734,19.780286214297327,4486.363428605824,13.560488696475462,-65.16991151961457,22.930227961597186,0.2623439266549522,18.945766664749975,1.3303592481717372,0.6799979820481723,2.439501134636833,8.892e-05,2.68610297442819,with,True,2,2,12,Sunday,2025,1,3,WIN,False,False,False,True,False,False,False,False,True
1843,DOGEUSDT,1,2025-07-06 12:00:03,2025-07-07 17:00:16.257,29.0036825,0.165453084,0.16021350188197866,0.16672962693359944,41.43852694407734,0.18603325709978893,51.659059142351595,8.06564943106103,-2.1548827672132203,2.2324139094545195,0.09601605407989494,4.04935270067154,0.5311269122620041,-0.692774233385225,0.8319654809306853,1.653e-05,3.1415864325139533,with,True,2,2,12,Sunday,2025,0,3,WIN,False,False,False,True,False,False,False,False,True
1844,LINKUSDT,1,2025-07-06 16:00:03,2025-07-15 03:10:15.510,203.17014166666667,13.4286852,13.010275161751618,15.251949000000002,960.0182074016791,4.276604633409158,989.7715884715209,10.565362190230127,-19.188018879611505,7.268742434412087,0.5680676328776363,12.76096248157031,1.4817493287037153,-0.3560047088443986,1.3939252417159411,9.077e-05,3.0964161943123885,with,True,4,6,16,Sunday,2025,1,3,WIN,False,False,True,True,False,False,False,False,True
1845,ETHUSDT,1,2025-07-06 16:00:03,2025-07-22 04:48:15.644,372.8035122222222,2558.201538,2491.2989191301567,3679.264,3679.479500841004,16.396723480108946,3732.605225394001,12.862785390843598,-40.26293916215358,19.42552450044395,0.7896781754206362,18.15218122272063,1.5306272871083537,0.7525107189916699,1.9865998777492542,8.149e-05,2.5957438497176555,with,True,4,6,16,Sunday,2025,1,3,WIN,False,False,True,True,False,False,False,False,True
1846,AVAXUSDT,1,2025-07-06 16:00:03,2025-07-08 04:05:07.692,36.08463666666667,18.1546302,17.53749554144437,17.726454,-157.92471728040076,-0.7040010120824894,-148.64299489955977,7.473752836889976,-1.80796954395099,0.7492202772765207,0.7139936055953672,4.502047910423013,1.0562270427921214,-0.4629143212237085,1.4552377021563077,3.339e-05,3.3800036282057815,with,True,4,6,16,Sunday,2025,0,3,WHIPSAW,False,False,True,True,False,False,False,False,True
1847,BTCUSDT,1,2025-07-06 16:00:03,2025-07-07 18:27:02.952,26.449986666666668,108878.57136,107543.10433447719,107721.85132,-178.1642455075573,-0.8595421983044377,-158.817661492,17.8435428203784,-1.5030411951789002,0.6036305087236505,0.968478693432114,3.655222140800522,1.28507693547741,0.1549065018182983,1.6312883103478817,1.028e-05,1.2068108427978883,self,True,4,6,16,Sunday,2025,0,3,WHIPSAW,False,False,True,True,False,False,False,False,True
1848,LTCUSDT,-1,2025-07-07 20:00:03,2025-07-09 05:36:08.000,33.60138888888889,85.842828,88.32503890964126,88.0176,-191.14407350533608,-0.862384879303892,-184.01159098680037,8.82639668873592,1.6939141702001903,0.22674463230094205,0.8811386621115516,-0.6797053358547346,1.3115881737575061,2.1262392133584305,1.8511763547774969,-1.253e-05,2.8590181782243618,against,False,1,5,20,Monday,2025,0,3,FALSE_BREAKOUT,False,False,False,False,True,True,False,False,False
1849,ATOMUSDT,1,2025-07-08 20:00:03,2025-07-14 18:36:08.750,142.6015972222222,4.1488296,4.02289696430215,4.559088,589.6474477205368,2.6364003361695594,609.18413316942,10.702552261538987,-8.834133187344136,5.583702716165793,0.46715134384346646,5.806043810234372,1.4749843171552797,1.5463545260498925,1.536068416583752,-0.00021068,3.0393597420546925,with,True,1,5,20,Tuesday,2025,1,3,WIN,False,False,False,False,False,False,False,False,True
1850,ALGOUSDT,1,2025-07-09 08:00:03,2025-07-19 14:21:12.000,246.3525,0.18313662,0.17658833846581157,0.2859428,3517.008248889745,15.629414581423415,3550.3241794513515,10.399264671054821,-22.91666589055163,23.389858728635502,0.1277617640035841,19.633147922668478,2.8385777856415944,1.7000273551370026,1.5674439592169558,5.514e-05,3.503640182616631,with,True,2,6,8,Wednesday,2025,1,3,WIN,False,False,False,False,False,False,False,False,True
1851,ADAUSDT,1,2025-07-09 08:00:03,2025-07-15 01:22:15.238,137.3700661111111,0.5961192,0.5757721320625047,0.7209557799999999,1290.5361612026827,5.736692574060357,1312.7326429301718,9.073828258607403,-13.122653468881577,8.904516393053493,0.1975321462702483,13.190146158868993,1.7786285219662927,1.1824401905809325,1.3435417827392808,0.0001,3.377725782429155,with,True,2,6,8,Wednesday,2025,1,3,WIN,False,False,False,False,False,False,False,False,True
1858,SOLUSDT,1,2025-07-16 12:00:03,2025-07-23 12:56:18.969,168.93776916666667,166.70333399999998,159.7070143529975,193.61127000000002,1108.1341960194345,3.703894736984553,1136.0015050740014,10.729948028615999,-17.137361025951,5.6796527324226656,0.19486445285330706,4.030214087213793,1.9761294927918476,0.9276590413760835,1.6058120157861693,0.0001,4.171958266532149,with,True,2,5,12,Wednesday,2025,1,3,WIN,False,False,False,False,False,False,False,False,True
1859,LINKUSDT,1,2025-07-16 12:00:03,2025-07-22 04:59:14.705,136.98658472222223,16.405280400000002,15.52478824567787,18.8602272,396.2934698629502,2.649827511408289,404.9098418888397,3.489937404699528,-5.12643462119,4.408579430203362,0.08890527827617795,3.8270864577938855,2.3578775219676578,1.6879481389110191,1.2762462597514483,0.0001,5.342428841668986,with,True,2,5,12,Wednesday,2025,0,3,WIN,False,False,False,False,False,False,False,False,True
1860,ATOMUSDT,1,2025-07-16 20:00:03,2025-07-22 01:07:17.142,125.120595,4.7649528000000005,4.537978306080727,5.060987600000001,187.94181076196594,1.2026821735848225,197.1924215080401,3.927107855704152,-5.3235028903699995,2.4321992769651994,0.5813551898343748,1.9651864502389504,1.8398226090526335,1.0976719430821271,1.4185229672226534,0.0001,4.724368967442218,with,True,1,6,20,Wednesday,2025,0,3,WIN,False,False,False,False,False,False,False,False,True
1862,AVAXUSDT,1,2025-07-21 08:00:03,2025-07-23 12:44:20.000,52.738055555555555,25.839166799999997,24.390204217059505,24.69506,-139.02064730909342,-0.7983272126453974,-133.68716341979953,3.54290916014388,-1.7905747291500003,0.4112136552144989,0.7861947668021894,-0.6806019780018688,1.5858100134843283,2.6192202976211885,0.6977214854799362,0.0001,5.585087999614811,with,True,1,6,8,Monday,2025,0,3,CHOP,False,False,False,False,False,False,False,False,False
1863,BTCUSDT,-1,2025-07-25 04:00:03,2025-07-26 10:43:17.886,30.720801666666667,115361.62306,118218.05688048647,118241.70049186258,-331.56249414329693,-0.9778502182352945,-321.12863365267737,15.628062345619604,5.194201855,0.24307339278098372,1.0040761033670789,-0.7094079776911799,2.1647761934343923,1.7049491853112608,2.6602598423030375,-0.0001,2.4556629571766684,self,True,1,1,4,Friday,2025,0,3,FALSE_BREAKOUT,False,True,False,False,False,False,False,False,False
1864,ETHUSDT,1,2025-07-27 12:00:03,2025-07-29 00:42:07.683,36.701300833333335,3814.932834,3661.5606757904793,3746.570536,-157.5060377319799,-0.46783523585245324,-144.3196473078,9.5778538586442,-3.60853656553566,0.8207302255474533,0.5276892165098067,0.4596477406524713,0.992402822125678,1.8566268328357602,0.9943892316139721,8.879e-05,4.00086320997338,against,True,1,1,12,Sunday,2025,0,3,CHOP,False,False,False,True,True,False,False,False,False
1865,BTCUSDT,1,2025-07-27 16:00:03,2025-07-28 17:15:02.964,25.24999,118604.61618,116654.96023346309,117777.23984000001,-158.0629684881657,-0.46968282919166404,-130.1462982819981,22.309719571167598,-5.6069506350000005,0.6192804541460912,0.4845040386114689,0.3354867925091204,0.48778720655937163,1.5704317942497017,0.6170897469299605,0.0001,1.6240738522061877,self,True,1,2,16,Sunday,2025,0,3,CHOP,False,False,False,True,False,False,False,False,False
1866,AVAXUSDT,1,2025-07-28 00:00:03,2025-07-29 00:41:08.154,24.684765,26.0622114,24.756127653174104,24.751176427643472,-169.32867504398186,-1.001128682930019,-164.52610509642938,3.8260438336024856,-0.9765261139500001,1.0357594628120976,1.0276610540954243,-0.4273932673586888,1.7340164251543237,2.4017743031640637,1.3917541459880958,0.0001,4.98876399610799,with,True,2,4,0,Monday,2025,0,3,GAVE_BACK,False,False,False,False,False,False,False,False,False
1867,LINKUSDT,1,2025-07-28 00:00:03,2025-07-28 15:50:10.000,15.835277777777778,19.2328458,18.263054689589712,18.3303332,-156.68304003972744,-0.926457596892042,-152.54746296878022,3.809476559657219,-0.32610051128999995,0.332189268948554,0.960872697220092,-0.6185309326523162,1.71201412367876,2.0933828873069604,0.8761188875611791,0.0001,5.018438269244277,with,True,2,4,0,Monday,2025,0,3,CHOP,False,False,False,False,False,False,False,False,False
1868,ADAUSDT,-1,2025-07-28 16:00:03,2025-07-31 09:58:18.095,65.97085972222222,0.8051389400000001,0.8491933642300155,0.7895578799999999,55.60446082914732,0.3324664482628109,57.47142226042854,3.5292654409744295,1.662304009693212,1.739642302436086,0.09899255469167198,2.7542963532214064,0.7398381140536674,0.4452729390137832,1.9578993314897624,-0.0001,5.4374676223014,with,False,2,5,16,Monday,2025,0,3,WIN,False,False,False,False,False,True,False,False,True
1869,DOTUSDT,-1,2025-07-28 16:00:03,2025-08-04 00:35:14.285,152.58646805555554,4.069186,4.273812448647669,3.625725,349.43005622436556,2.0894835431397785,351.2465666614001,3.65688671993484,1.8403762829003225,3.148107218090744,0.12126487149628219,2.61054230052038,0.9664101060211332,0.1380585865744501,2.5408776296882274,-0.0001,4.981882796552918,with,True,2,5,16,Monday,2025,0,3,WIN,False,True,False,False,False,False,False,False,True
1870,ATOMUSDT,-1,2025-07-28 20:00:03,2025-08-03 11:12:20.000,135.20472222222222,4.6660666,4.8917185798669,4.243848600000001,292.61065588894985,1.752596462208426,302.39160272039936,3.828756998655936,-5.952189832793586,2.934016357359311,0.4650231744560562,2.3977923894979543,1.2727029521519566,0.47615110447642894,2.0860580896410106,-4.336e-05,4.815054207561616,with,True,2,6,20,Monday,2025,0,3,WIN,False,False,False,False,False,False,False,False,True
1871,FILUSDT,-1,2025-07-28 20:00:03,2025-08-03 19:22:13.333,143.36953694444443,2.6274744,2.762331114365324,2.3414682,341.0299203372503,2.0497769093148035,342.1818789680401,3.5669480913749516,2.4149894605851796,3.0586122607333897,0.32275441534256744,2.5914497594334205,1.2857353670368077,0.3916320370859295,1.947557808085346,-0.0001,5.151546035984936,with,True,2,6,20,Monday,2025,0,3,WIN,False,False,False,False,False,False,False,False,True
1872,SOLUSDT,-1,2025-07-30 20:00:03,2025-07-31 09:57:05.000,13.950555555555555,175.994794,185.16567930810945,182.516496,-120.16141854308543,-0.7119625198665338,-116.44564138019958,3.8407529604474004,0.12497579756153998,0.14445650070757785,0.7267789069509155,2.210778274816266,1.0880416950687615,1.451451999659132,2.129230762217618,1.266e-05,5.18984224740637,with,True,2,6,20,Wednesday,2025,0,3,WHIPSAW,False,False,False,False,False,False,False,False,True
1873,BTCUSDT,-1,2025-07-30 20:00:03,2025-08-03 18:26:03.307,94.43341861111111,116841.82696,119123.02678464536,114222.84,348.4418022088272,1.032739430534788,358.0155174320012,18.951923984059196,9.3782087608852,2.1882462492193326,0.9066163418285892,1.8671871328335707,0.5489349353230657,0.789077360635454,2.6411312794243376,-0.0001,1.9319924020541397,self,True,2,6,20,Wednesday,2025,0,3,WIN,False,True,False,False,False,False,False,False,True
1874,XRPUSDT,-1,2025-08-01 04:00:03,2025-08-04 00:55:02.500,68.91652777777777,2.99600068,3.1441898968414135,3.0014001599999998,-8.500908687670897,-0.05010579273377409,-5.98806759573589,3.990700026148132,1.4778589342131232,1.8179506292168488,0.41568017776840827,0.6437761264511853,1.922948055850791,1.7909146506075158,2.5022844281301686,9.576e-05,4.928746765940711,with,True,1,5,4,Friday,2025,0,3,GAVE_BACK,False,True,False,False,False,False,False,False,False
1875,ETHUSDT,-1,2025-08-01 20:00:03,2025-08-04 00:44:07.544,52.73459555555556,3516.8664860000004,3682.6621392981524,3523.7046,-9.92893383848033,-0.058007796588062044,-6.827856828999678,4.2180061376226,1.11692912814195,0.9852881106975372,0.21124506766782586,-0.00900816137389305,2.6484604406897647,2.2269988235842995,1.603593456438486,-4.859e-05,4.693357610456992,with,True,1,6,20,Friday,2025,0,3,CHOP,False,False,False,False,False,False,False,False,False
1876,LTCUSDT,1,2025-08-04 12:00:03,2025-08-06 08:44:09.615,44.735170833333335,114.15282599999999,108.82197507627981,117.216552,88.28262010678603,0.5174322535482446,94.80792018780008,4.295876887814039,-2.2294231932,2.8245348098183634,0.07931679314433235,2.29553858757322,1.8914756701939839,2.0572623823225396,1.2524514781475111,0.0001,4.650858603101882,against,True,1,1,12,Monday,2025,0,3,WIN,False,False,False,False,True,False,False,False,True
1877,ATOMUSDT,-1,2025-08-05 08:00:03,2025-08-06 18:04:13.333,34.069536944444444,4.1921614,4.363440104422045,4.3178634,-253.77571180456772,-0.7404113829917556,-242.06551042860082,9.832700340354382,-1.8775010356125206,0.3921176320583816,0.7347007932166679,-0.5303554829336318,1.003304386407603,-0.2773841538891645,0.9669642338899681,-4.219e-05,4.040059714402596,with,True,1,2,8,Tuesday,2025,0,3,CHOP,False,False,False,False,False,False,False,False,False
1878,BTCUSDT,-1,2025-08-05 16:00:03,2025-08-06 14:58:04.667,22.96712972222222,112849.12566,115025.87254008258,115048.87771459059,-337.56015366303603,-0.9841749720883799,-320.0639239429303,19.895495694601756,2.399265974496,0.04319549547094448,1.0704388100060591,-0.6258303859143751,1.7589936873039378,0.9574422224058146,3.4762948804534926,-4.784e-05,1.9084240174096367,self,True,3,5,16,Tuesday,2025,0,3,FALSE_BREAKOUT,False,True,True,False,False,False,False,False,False
1879,DOTUSDT,-1,2025-08-05 16:00:03,2025-08-07 08:22:10.000,40.368611111111115,3.5752848,3.7502325855663416,3.6967392,-118.43463774885221,-0.6905487656233351,-115.29641901120017,4.1419907034912,1.0037719658391602,0.23026756165898105,0.6957230101883437,-0.5413912482137888,1.3046044383690736,0.15008723627254716,2.4165760921027357,1.273e-05,4.842957382341122,with,True,3,5,16,Tuesday,2025,0,3,FALSE_BREAKOUT,False,False,True,False,False,False,False,False,False
1880,FILUSDT,-1,2025-08-05 16:00:03,2025-08-07 10:03:13.333,42.05287027777778,2.324535,2.4332391404102607,2.4014802,-119.44333450898208,-0.6998117142173388,-116.81686379351991,4.304972426385311,1.6785017109231362,0.4280885698039844,0.7494194765033124,-0.5654338442677973,1.1717411865315002,0.0549253681186661,2.942897000112727,-0.0001,4.700479363608467,with,True,3,5,16,Tuesday,2025,0,3,CHOP,False,True,True,False,False,False,False,False,False
1881,AXSUSDT,-1,2025-08-05 20:00:03,2025-08-07 08:26:20.000,36.43805555555556,2.2265546,2.3426722891526115,2.3044607999999998,-114.59627027560536,-0.6700910426176458,-111.32340228729957,3.8847335653194586,0.6118655770136701,0.22868694850704122,0.6669560905420245,-0.511940949168149,1.3952804219950985,0.1046460316496291,1.009830784574201,-0.0001,5.146871146885599,with,True,1,6,20,Tuesday,2025,0,3,FALSE_BREAKOUT,False,False,False,False,False,False,False,False,False
1882,LINKUSDT,1,2025-08-07 16:00:03,2025-08-11 21:31:12.361,101.51926694444444,17.8355664,17.034862856512824,21.150769,1283.3968712176807,3.8331233574406487,1304.5590632286996,10.55392784464902,-10.60826416637,6.073950389702358,0.29045256748476467,8.596731781679985,2.675418446965492,1.9921190877404982,4.376316386318821,9.466e-05,4.46490462389757,with,True,1,1,16,Thursday,2025,1,3,WIN,False,True,False,False,False,False,False,False,True
1883,BTCUSDT,1,2025-08-07 20:00:03,2025-08-14 12:34:12.347,160.56926305555555,117430.9815,115203.59320500931,118805.2342,143.48794624688327,0.42709175575918845,191.15855057000164,19.716274562322,-27.954329760796398,3.1941527734524477,0.7097915992265762,1.028432494303641,1.989558294450958,2.1531694052785717,1.7151505592141716,6.275e-05,1.8772266829325275,self,True,3,4,20,Thursday,2025,0,3,WIN,False,False,True,False,False,False,False,False,True
1884,XRPUSDT,1,2025-08-07 20:00:03,2025-08-10 07:38:18.648,59.63768,3.10082004,2.9678451467296947,3.204359,237.78408899376427,0.7078141136721454,252.16749081053672,9.213697979743959,-5.169703837028502,2.109270051676999,0.013687095024020787,1.7445395464874878,1.362520887091407,1.791994729415439,0.9322103013639909,0.0001,4.266147971688179,with,False,3,4,20,Thursday,2025,0,3,WIN,False,False,True,False,False,True,False,False,True
1885,ETHUSDT,1,2025-08-07 20:00:03,2025-08-14 12:34:19.076,160.57113222222222,3866.243094,3714.6909663611,4500.54971,1331.1224807500755,3.9633726635917825,1361.9957066676009,12.834590044325038,-18.03863587320016,6.12170162474094,0.11377665407037164,5.523029726077926,2.4318744616279564,2.6737355513895387,1.1139587360551322,0.0001,3.900913564134339,with,True,3,4,20,Thursday,2025,1,3,WIN,False,False,True,False,False,False,False,False,True
1886,ADAUSDT,1,2025-08-08 00:00:03,2025-08-11 12:32:14.117,84.53642138888888,0.78725742,0.7501775647039854,0.7837432200000001,-23.052110770960656,-0.13521577173416877,-15.626573109059608,4.191455754710612,-3.2340819071904354,1.2686829445382528,0.3170837616851149,6.27409622132493,2.5025434876982184,2.0529523416398763,1.7619706145817635,0.0001,4.690945914879245,with,False,2,6,0,Friday,2025,0,3,GAVE_BACK,False,False,False,False,False,True,False,False,True
1887,DOGEUSDT,1,2025-08-08 00:00:03,2025-08-11 11:28:01.612,83.46628111111112,0.222214434,0.2112262904749605,0.229324126,99.81485248184296,0.5855427890715307,106.83980803615482,4.071255947907878,-2.9536996064039918,2.23109262671484,0.2515833537940657,3.0547076422429047,3.104161485383648,2.3660771251289057,1.1430006155020433,4.61e-05,4.921547319517242,with,False,2,6,0,Friday,2025,0,3,WIN,False,False,False,False,False,True,False,True,True
1890,SOLUSDT,1,2025-08-12 20:00:03,2025-08-14 12:34:14.451,40.5698475,190.658124,181.48881909380586,192.9118601365032,35.84093093775375,0.19963167368885076,42.70739829228144,4.361098662835849,-2.5053686916918405,2.1203216818394233,0.11867028211319862,0.9053986190809149,3.085126837128107,1.8396740699008403,2.4815038549756676,-2.257e-05,4.785258331773858,with,True,3,5,20,Tuesday,2025,0,3,WIN,False,False,True,False,False,False,False,True,False
1891,ADAUSDT,1,2025-08-12 20:00:03,2025-08-18 11:48:14.594,135.80322055555555,0.8486697,0.8015406853197498,0.90401916,196.36624850484924,1.093859240144944,204.92478906426027,3.893473160505396,-4.665067398905628,3.633224695269419,0.32611969726667606,2.2264479898827996,2.7230445189114,1.7627231760351252,2.117340481219628,5.161e-05,5.523257270185092,with,True,3,5,20,Tuesday,2025,0,3,WIN,False,False,True,False,False,False,False,False,True
1892,DOTUSDT,1,2025-08-12 20:00:03,2025-08-14 12:33:01.333,40.54953694444445,4.1738346,3.952464162206866,4.0961806,-66.69004873376781,-0.3715314152091002,-61.12262044459992,3.905671312287888,-1.6617569768800002,0.8861409046103632,0.5368133215287259,-0.3335341463659994,2.4123063413349843,1.3512543039808749,2.63435868240535,5.035e-05,5.284827169737209,with,True,3,5,20,Tuesday,2025,0,3,CHOP,False,True,True,False,False,False,False,False,False
1893,LTCUSDT,1,2025-08-13 00:00:03,2025-08-14 12:30:13.757,36.502988055555555,130.486092,123.17866574864601,126.82463,-92.81391524779104,-0.5146305813338979,-87.85641454380035,3.70448702599068,-1.253013678,0.506869022361147,0.5646436731722726,-0.5153787216534947,2.8758465519016863,1.4722576426163378,1.82378111976609,0.0001,5.581277212443655,with,True,1,6,0,Wednesday,2025,0,3,CHOP,False,False,False,False,False,False,False,False,False
1894,XRPUSDT,-1,2025-08-18 04:00:03,2025-08-22 14:13:09.411,106.2184475,2.98760236,3.102368370058677,2.9885976,-9.60530136667873,-0.026764727028610543,-2.9877229204998583,10.764376189451697,4.146797743272825,1.7984624532513724,0.93753925874907,0.6073432365938567,2.2843454791021465,3.0209768241653805,2.207727350496332,5.123e-05,3.8206401866902153,with,True,5,6,4,Monday,2025,0,3,GAVE_BACK,False,False,True,False,False,False,False,True,False
1895,AXSUSDT,-1,2025-08-18 04:00:03,2025-08-20 19:24:20.000,63.40472222222222,2.3085382,2.430883031834006,2.3374674,-46.728720764659414,-0.26048318565646944,-41.175361405079826,3.967637397578064,-1.5857219620015202,0.8626290004893036,0.26533037410230315,1.1323584161525124,1.7557817259702655,2.6418771764599316,1.5518037299597947,-0.0001,5.278606835600078,with,True,5,6,4,Monday,2025,0,3,WHIPSAW,False,False,True,False,False,False,False,False,True
1896,BTCUSDT,-1,2025-08-18 04:00:03,2025-08-22 14:06:19.359,106.10454416666667,115241.74704,117323.70921668119,114799.95539999999,59.877133566723444,0.16700433299738265,69.89143744800164,21.835558395604796,11.8212545143266,1.7367496299879708,0.8150738658975399,2.2852226103282147,2.295015954716147,4.354993132609635,3.4500806673045927,-2.846e-05,1.7861545159725096,self,True,5,6,4,Monday,2025,0,3,WIN,False,True,True,False,False,False,False,True,True
1897,LTCUSDT,-1,2025-08-18 04:00:03,2025-08-21 02:00:18.666,70.00435166666666,116.446706,121.84840089454087,117.07341,-23.08490072970454,-0.12876522822929387,-20.106419091199662,4.495187506562879,1.5167058680579997,0.8232056950299054,0.48379148600952604,0.7417497800642755,1.5200057075278974,3.0157956378525324,2.3067533989911873,-0.0001,4.608860658087974,with,True,5,6,4,Monday,2025,0,3,LATE_ENTRY,False,False,True,False,False,False,False,True,False
1898,SOLUSDT,-1,2025-08-18 04:00:03,2025-08-20 17:44:19.065,61.73779583333334,182.533486,192.0549837725033,185.827158,-63.595567149420354,-0.35476870627098117,-60.16385958799976,4.037195822175599,0.6054882607550001,0.7313435518631906,0.3472682637755507,0.5664535274666166,1.8915250863314446,2.810957937315496,1.927388764208345,-8.86e-05,5.2010209095657896,with,False,5,6,4,Monday,2025,0,3,CHOP,False,False,True,False,False,True,False,False,False
1899,FILUSDT,-1,2025-08-19 04:00:03,2025-08-21 01:58:06.666,45.967685,2.4055188000000003,2.526910765021441,2.4574914,-77.58890661365984,-0.43101429599099284,-74.70274904561941,4.193904833434043,1.307747265393613,0.5973937400814926,0.44056622685491414,0.8527648430579116,1.0507813871212526,1.8013395207792797,1.559301349595939,-7.046e-05,4.9817517665742,with,True,1,6,4,Tuesday,2025,0,3,CHOP,False,False,False,False,False,False,False,False,False
1900,AXSUSDT,-1,2025-08-22 12:00:03,2025-08-22 14:13:16.155,2.2203208333333335,2.2235552000000003,2.3253473040139387,2.3258123734747413,-180.60222007596002,-0.9965543518684695,-175.90662445525487,4.695595620705153,0.0,0.5261233228135948,1.0358838833467994,-0.5053908699338335,1.3483501234307602,1.0845424905856187,0.970493375000907,-0.0001,4.604017274581142,with,True,4,6,12,Friday,2025,0,3,CHOP,False,False,True,False,False,False,True,False,False
1901,DOGEUSDT,-1,2025-08-22 12:00:03,2025-08-22 14:08:10.575,2.1354375,0.21182762600000002,0.22279132717128103,0.2228358854367153,-181.61913621846082,-0.997030085648574,-177.41595181616913,4.203184402291687,0.0,0.33817284346567217,1.069198605185107,-0.45353060269691725,1.033726264244252,0.9614569059475289,0.7965053600091907,-7.351e-05,5.159693746474576,with,True,4,6,12,Friday,2025,0,3,CHOP,False,False,True,False,False,False,True,False,False
1902,FILUSDT,-1,2025-08-22 12:00:03,2025-08-22 14:16:14.878,2.269966111111111,2.3535292,2.453927275095041,2.45441806055006,-362.9201755787541,-0.9962550022037066,-352.83147915928384,10.088696419470242,0.0,0.5132488840171521,1.0306054165087322,0.8120593937963583,0.8895423422454232,1.3646388204901434,0.8434610371872318,-0.0001,4.200733549683269,with,True,4,6,12,Friday,2025,0,3,CHOP,False,False,True,False,False,False,True,False,False
1903,ALGOUSDT,-1,2025-08-22 12:00:03,2025-08-22 14:06:08.903,2.101639722222222,0.24315136,0.255912303794329,0.25596348625508786,-180.86209890410873,-0.9970805438443271,-176.73120754115405,4.130891362954695,0.0,0.3331540416226369,1.0695635228849976,-0.654233741215141,1.2644096065822616,0.82732974257852,0.7254728607348515,-0.0001,5.270384119427804,with,True,4,6,12,Friday,2025,0,3,CHOP,False,False,True,False,False,False,True,False,False
1904,ETHUSDT,1,2025-08-22 16:00:03,2025-08-25 00:40:11.058,56.668905,4614.852786,4382.839728671364,4688.01221,47.186229653343865,0.26934225477886736,53.53806648319963,4.08470196244368,-2.2671348674120804,1.4775772447772824,0.003977302013192312,0.6859407648534831,3.2283487994137503,2.1717054427025153,4.809335584056862,6.004e-05,5.008534401879445,against,True,2,2,16,Friday,2025,0,3,WIN,False,True,False,False,True,False,False,True,False
1905,SOLUSDT,1,2025-08-22 16:00:03,2025-08-25 07:47:12.307,63.785918611111114,193.498692,183.34861254850293,200.60987,112.744270512492,0.6435728017177119,119.10227585079991,3.96045999690792,-2.3975453414,1.9863202151611055,0.004797203828077921,1.9419855868313127,2.3521521290106193,1.5780010495130168,4.760632864764586,0.0001,5.221704549752945,against,True,2,2,16,Friday,2025,0,3,WIN,False,True,False,False,True,False,False,False,True
1906,AVAXUSDT,1,2025-08-22 20:00:03,2025-08-25 06:17:07.536,58.28459333333333,25.0840158,23.718917986075912,24.9260138,-25.809600186755056,-0.14655173146087372,-19.801806052599968,3.7605431835950873,-2.2472509505600002,1.241657691273878,0.4424707107717836,0.17506745491960082,3.3125300415103958,2.0374046390364926,1.8916450262615871,0.0001,5.419419466959443,against,True,4,6,20,Friday,2025,0,3,GAVE_BACK,False,False,True,False,True,False,False,True,False
1907,ATOMUSDT,1,2025-08-22 20:00:03,2025-08-25 06:33:20.000,58.554722222222225,4.760952,4.540985307593709,4.6500698,-92.3614576409361,-0.524494596920984,-85.79647718927986,4.369136888652191,-2.19584356300404,0.945815922056619,0.49985749568353877,-0.43166535333730244,2.8988871943649053,2.229207557691998,2.1091985428950397,-0.00012584,4.581103013370271,against,True,4,6,20,Friday,2025,0,3,CHOP,False,False,True,False,True,False,False,False,False
1908,AXSUSDT,1,2025-08-22 20:00:03,2025-08-24 10:23:20.000,38.38805555555555,2.4894977999999996,2.3499760408807773,2.3775244,-142.48280482018663,-0.8092083847216558,-137.3883945048996,3.5830243579870196,-1.5113859573000001,0.23295434493645378,0.7991427337489619,0.36196647977213275,3.2023425702359947,2.1445552054069115,2.8050627684982348,0.0001,5.547586781319249,against,True,4,6,20,Friday,2025,0,3,LATE_ENTRY,False,True,True,False,True,False,False,True,False
1909,DOTUSDT,1,2025-08-22 20:00:03,2025-08-25 06:17:08.000,58.28472222222222,4.0998198,3.8898994985292155,4.0121974,-77.5768523045593,-0.44062548284104425,-71.2623077868799,3.9584471537793835,-2.3560973639,0.8773815524728251,0.4421668573723836,-0.29925547724474255,2.892833009748971,1.8981213269947566,2.2527574799579444,0.0001,5.078099108608698,against,True,4,6,20,Friday,2025,0,3,CHOP,False,False,True,False,True,False,False,False,False
1910,FILUSDT,-1,2025-08-24 12:00:03,2025-08-24 18:45:17.804,6.754112222222222,2.4035192,2.5154510446143656,2.5159541348232883,-174.2386854797125,-0.9949171367877576,-170.0728040100488,4.464814920492653,0.298933450828936,0.10291262544351504,1.004904371830248,2.4078867004163422,2.296972638397348,0.9690353318238852,1.2539126402615328,-0.0001,4.6360667476857635,with,True,1,6,12,Sunday,2025,0,3,WHIPSAW,False,False,False,True,False,False,True,False,True
1911,BTCUSDT,-1,2025-08-24 20:00:03,2025-08-27 14:30:11.275,66.50229861111112,112533.88872,114977.94360118224,112352.466,14.284840253494512,0.040654902439300346,24.292502208000307,18.067369738204796,8.059707783699,1.6260636169011118,0.45523170881572245,2.149251541135229,2.1048557612225314,1.1433203179361806,2.9830086109031417,-0.0001,2.1514046301962777,self,True,1,6,20,Sunday,2025,0,3,WIN,False,True,False,True,False,False,False,False,True
1912,LTCUSDT,-1,2025-08-25 08:00:03,2025-08-27 04:06:16.000,44.103611111111114,112.457504,118.05831837855499,114.762948,-73.54350106953943,-0.4217938555730258,-69.53680192799983,4.112053963934399,0.10535482239480004,1.036903494291188,0.4164565797664931,0.7583725710074086,2.5123836991603916,2.1151264475837483,1.871699574333048,-0.0001,4.9687191060327125,with,True,2,3,8,Monday,2025,0,3,GAVE_BACK,False,False,False,False,False,False,False,False,False
1913,XRPUSDT,-1,2025-08-25 08:00:03,2025-08-26 19:52:04.642,35.86712277777778,2.9368125199999997,3.0710221261018975,3.05351058,-150.72817312246997,-0.8645565875371108,-146.46565788053263,4.511008737035292,0.2484934950979574,0.8688835574963432,0.9290503386570721,1.0193943933948053,1.468319699167052,0.2537004984799342,0.8887260495249578,-0.0001,4.548993194726547,with,True,2,3,8,Monday,2025,0,3,WHIPSAW,False,False,False,False,False,False,False,False,True
1914,AVAXUSDT,1,2025-08-27 16:00:03,2025-08-28 20:00:04.000,28.00027777777778,24.985996200000002,23.67086488341269,24.1391712,-112.79621601622246,-0.6516481058628812,-108.16851391500033,3.764978374623048,-0.8627237265990861,0.16272428258747884,0.658486486541291,0.16044314156212106,1.9936923105254443,0.12431975769534857,1.5865553630150455,0.0001,5.248319256213705,against,True,3,3,16,Wednesday,2025,0,3,FALSE_BREAKOUT,False,False,True,False,True,False,False,False,False
1915,SOLUSDT,1,2025-08-27 16:00:03,2025-08-29 18:01:16.666,50.02046277777778,208.651722,197.10438080340853,201.619668,-107.65128895806374,-0.6219857716777245,-102.43804023420023,3.5859278517281994,-1.6273208721353098,0.8052310780203353,0.6098132791017344,-0.14390516151809057,3.1177093975613572,1.602349528545767,1.347407791925983,0.0001,5.510843334895242,against,True,3,3,16,Wednesday,2025,0,3,LATE_ENTRY,False,False,True,False,True,False,False,True,False
1916,ETHUSDT,1,2025-08-27 16:00:03,2025-08-28 16:59:10.531,24.98542527777778,4656.241062,4447.0400948445895,4464.107,-316.47552706495736,-0.9143479099648208,-306.95337745120014,8.74240083831072,-0.7797487754464799,0.0,0.957123022530067,-0.6767705901417889,1.3361507981306682,0.206222785610583,1.2476026573720278,4.152e-05,4.4738138846910465,against,True,3,3,16,Wednesday,2025,0,3,FALSE_BREAKOUT,False,False,True,False,True,False,False,False,False
1917,ETHUSDT,-1,2025-08-28 20:00:03,2025-08-31 00:56:06.257,52.934238055555554,4435.292764000001,4639.014896068211,4457.131248,-21.6125014684542,-0.126004243100846,-17.76779058239916,4.340925705697919,0.49621481964288,0.8851407658527002,0.3895857322631271,1.1280206115409124,1.252743018708913,1.9489250008887156,0.8680541861095913,-2.175e-05,4.572287329824542,with,True,4,6,20,Thursday,2025,0,3,WHIPSAW,False,False,True,False,False,False,False,False,True
1918,XTZUSDT,-1,2025-08-28 20:00:03,2025-08-31 01:24:20.000,53.40472222222222,0.7758448,0.8108884986116379,0.7471494,266.9644504102251,0.7782302665433444,271.28755411082034,8.639071867469314,4.315968166874104,1.7362550875207459,0.4610015677578889,2.42111430475045,0.8025567483336736,2.293019280953353,0.9863624056045038,-5e-05,4.495940542736847,with,True,4,6,20,Thursday,2025,0,3,WIN,False,False,True,False,False,False,False,False,True
1919,XRPUSDT,-1,2025-08-28 20:00:03,2025-09-02 14:00:19.285,114.00452361111111,2.94151158,3.052108407172142,2.83866762,301.89650519413203,0.8802586543483133,305.90391857451584,10.31570235535219,6.308288974968375,2.224399978645744,0.3281144760465659,1.4920100713482691,1.1271865777127779,0.5772286103609713,0.7491110677077314,-0.0001,3.739111762759322,with,True,4,6,20,Thursday,2025,0,3,WIN,False,False,True,False,False,False,False,False,True
1920,ADAUSDT,-1,2025-08-28 20:00:03,2025-09-01 07:34:07.777,83.5679936111111,0.84243148,0.887123981823234,0.83786754,15.076384775334985,0.08794188761864935,16.994263251512162,3.754051615990257,1.8361731398130785,1.0814225659408974,0.529585926820851,1.376774122947218,0.8869083405619804,2.3500819988495065,0.8127768539268535,-0.0001,5.271624756524749,with,True,4,6,20,Thursday,2025,0,3,WIN,False,False,True,False,False,False,False,False,True
1921,ATOMUSDT,1,2025-08-29 00:00:03,2025-08-29 08:20:16.883,8.337189722222222,4.7799558,4.558713897117063,4.55780215433764,-169.72164076370828,-0.9942953780618584,-165.6718587904645,4.178199405960081,0.128417432716305,0.11319826702652866,1.0077467111552092,-0.5421929500555356,2.623860481599043,0.9306079562764703,1.405339967402894,2.77e-06,4.609460198429316,against,True,1,6,0,Friday,2025,0,3,FALSE_BREAKOUT,False,False,False,False,True,False,False,False,False
1922,LTCUSDT,-1,2025-08-29 12:00:03,2025-09-02 13:45:17.500,97.75402777777778,109.938008,114.38931474536085,111.34226399999999,-108.12093970372588,-0.3113669705952501,-105.38154896639921,9.963507146446078,7.224116409119401,0.8172898899388427,0.47446561668685644,0.15007008912522096,1.5623184166913935,0.9595163686327243,0.9050433939525794,-0.0001,4.028114537432572,with,True,1,6,12,Friday,2025,0,3,CHOP,False,False,False,False,False,False,False,False,False
1923,XTZUSDT,-1,2025-09-01 00:00:03,2025-09-03 07:37:20.000,55.62138888888889,0.7178564,0.7478488378745328,0.730146,-144.92450479510518,-0.41660259334846583,-137.28558417104014,9.705272199179856,2.0663515751148296,0.8954390474141571,0.8049895810737284,0.6620468827197414,1.2478838889999149,2.807738750249812,0.7114088418707164,-5e-05,4.0123557544551876,with,True,1,4,0,Monday,2025,0,3,CHOP,False,False,False,False,False,False,False,False,False
1924,DOTUSDT,-1,2025-09-01 04:00:03,2025-09-01 08:00:11.098,4.002249444444445,3.6822634,3.8294336171994012,3.830199503922841,-348.7225204592981,-0.9969013754282429,-338.0921215589231,10.301357629283185,-0.32904127109181996,0.2056353559565385,1.0514124592909124,0.5046088903937702,2.4174776719334337,2.2194357157580966,1.5782368882900935,-0.0001,3.9759331305837966,with,True,2,6,4,Monday,2025,0,3,FALSE_BREAKOUT,False,False,False,False,False,False,True,False,False
1925,DOGEUSDT,-1,2025-09-01 04:00:03,2025-09-01 08:00:19.359,4.004544166666666,0.21028793399999998,0.2190809478295312,0.21912476401909708,-347.88491756406427,-0.9947581687317045,-338.5078983414589,9.869574696816366,0.4925554742109709,0.25451273515389006,1.0044412724949505,0.6480069416999618,2.33574698400356,1.6043976348047921,1.618820959677806,-9.89e-05,4.160579959839874,with,True,2,6,4,Monday,2025,0,3,FALSE_BREAKOUT,False,False,False,False,False,False,True,False,False
1926,FILUSDT,1,2025-09-01 12:00:03,2025-09-01 20:45:06.257,8.750904722222222,2.3864772,2.2585582267192907,2.2581065150739468,-170.16075378660523,-0.995986398249332,-166.48034690142032,3.614058343041228,-0.06634854214368,0.11353124268853138,1.0590860489687082,-0.22261904758654186,1.3128572598508912,0.3005335896044168,9.28357804824667,-7.71e-05,5.301541856633509,against,False,1,4,12,Monday,2025,0,3,FALSE_BREAKOUT,False,True,False,False,True,True,False,False,False
1927,LINKUSDT,-1,2025-09-02 00:00:03,2025-09-03 13:43:11.475,37.71902083333333,22.5014988,23.663449516119616,23.6177226,-161.97342676152005,-0.9471253251827506,-159.34842614946,3.9502967121800276,1.3252961001199999,0.14243185851521484,1.0013343800721262,0.40578209855112396,1.1912474223499174,2.125254459293837,1.6292053197028058,-6.534e-05,5.1475206226154935,with,True,1,4,0,Tuesday,2025,0,3,FALSE_BREAKOUT,False,False,False,False,False,False,False,False,False
1928,BTCUSDT,1,2025-09-05 08:00:03,2025-09-05 14:50:19.976,6.838048888888889,112922.58,110440.2656299332,110418.17757680721,-332.1754259073244,-0.9907684160548932,-315.30426507997237,16.871160827352018,0.0,0.16988984356105244,1.000107008981781,-0.07709740647992724,2.018672501053458,2.292715342393909,1.253642098507684,0.0001,2.178770762884002,self,True,1,1,8,Friday,2025,0,3,FALSE_BREAKOUT,False,False,False,False,False,False,True,False,False
1929,LTCUSDT,1,2025-09-07 12:00:03,2025-09-09 02:48:06.315,38.800920833333336,114.162828,111.52125057135643,111.76764200000001,-299.25034580283585,-0.8986490161728167,-282.41159088799947,15.983405914056,-0.8553490007804004,0.49863085053552875,0.9966878015580026,1.7289563237770411,1.9093082924660916,1.4319812193495687,0.6481048072926937,0.0001,2.2943310221163187,with,True,1,1,12,Sunday,2025,0,3,WHIPSAW,False,False,False,True,False,False,False,False,True
1930,DOTUSDT,1,2025-09-07 16:00:03,2025-09-15 07:36:19.000,183.60444444444445,3.9677934,3.838949730695524,4.274145000000001,733.2607409626816,2.1999455927045126,773.1859757398221,15.113706693670906,-24.811528083469618,5.100806299197567,0.13033934915587395,4.091831619248091,2.748920419394193,0.9761791262053304,5.627726876418867,0.0001,3.227886798701191,with,True,3,4,16,Sunday,2025,1,3,WIN,False,True,True,True,False,False,False,False,True
1931,DOGEUSDT,1,2025-09-07 16:00:03,2025-09-15 07:30:12.551,183.50265305555556,0.223614714,0.21616216614651423,0.272575474,2206.0556672969815,6.6206985493765265,2244.614740791167,15.116819474045924,-23.442254020139583,11.160651046486965,0.46356146487326944,8.329404550011137,2.6458476779655626,1.5821089176406253,2.227223145182574,0.0001,3.313429285452328,with,True,3,4,16,Sunday,2025,1,3,WIN,False,False,True,True,False,False,False,False,True
1932,XRPUSDT,1,2025-09-07 16:00:03,2025-09-14 12:39:05.000,164.65055555555554,2.89967982,2.825872635234451,3.0523894,572.5479745263639,1.7188176385651943,615.8921345951014,18.430545670419036,-24.913614398318458,3.8725251600900292,0.6880064611772403,2.246667184593676,2.682057460743153,1.2823075130538775,3.3735996925435066,0.0001,2.5258654329118873,with,True,3,4,16,Sunday,2025,1,3,WIN,False,True,True,True,False,False,False,False,True
1933,SOLUSDT,1,2025-09-08 00:00:03,2025-09-15 08:02:15.283,176.03674527777778,206.321256,199.66994451070585,235.49289199999998,1507.946881765312,4.508001368096531,1536.2336673371992,15.5595030179724,-12.727282553914748,6.499281242440724,0.11896240332054765,6.23316831075064,1.8821594501964642,0.23715813297017985,1.294147412080192,0.0001,3.209101502396703,with,True,1,5,0,Monday,2025,1,3,WIN,False,False,False,False,False,False,False,False,True
1934,AVAXUSDT,1,2025-09-08 12:00:03,2025-09-15 08:01:12.384,164.01927333333333,25.1760342,24.346572078022014,28.9322124,1419.7630975516215,4.179068874082855,1449.6589957137003,13.806109847569138,-16.089788314509402,7.304692570591913,0.329170184828823,9.7737625205448,1.6742830757266947,1.3011432875039664,1.4509074718505937,0.0001,3.279151128150273,with,True,1,6,12,Monday,2025,1,3,WIN,False,False,False,False,False,False,False,False,True
1935,ADAUSDT,1,2025-09-09 08:00:03,2025-09-09 15:28:12.746,7.469373888888889,0.8886776999999999,0.8593067309672314,0.859134869621038,-346.64688286902435,-0.9934616181966822,-334.76371092571037,11.883171943313991,0.0,0.2050426049369094,1.0308716735297279,0.7123462619383636,3.1897412386169686,2.7635258144914188,2.726255061080546,0.0001,3.274793902833025,with,True,1,6,8,Tuesday,2025,0,3,LATE_ENTRY,False,True,False,False,False,False,True,True,False
1937,ETHUSDT,1,2025-09-10 16:00:03,2025-09-14 14:36:12.848,94.60273555555555,4404.370698,4290.185191831029,4602.0794000000005,555.2531943918739,1.5548848644228719,582.3707526112024,15.917639645201282,-11.199918574127361,3.184548671719388,0.9402305213862124,2.308780780021984,2.1331722120515364,1.1776042527558952,3.8729038122653088,0.0001,2.57328961437427,with,False,1,6,16,Wednesday,2025,0,3,WIN,False,True,False,False,False,True,False,False,True
1942,ALGOUSDT,-1,2025-09-15 12:00:03,2025-09-17 19:54:20.000,55.90472222222222,0.23235352,0.24255253736329777,0.24004799999999998,-285.2846979558218,-0.749531309698104,-277.0516980801991,10.205730078575879,1.9727302029531721,0.446466540628348,0.7497271283718616,0.034662162775815554,2.2879795586708225,2.4670388284798457,2.3496586636925207,-3.695e-05,4.323671984214092,against,True,2,2,12,Monday,2025,0,3,CHOP,False,False,False,False,True,False,False,False,False
1943,ATOMUSDT,-1,2025-09-15 12:00:03,2025-09-17 20:11:16.666,56.187129444444444,4.514097,4.673732725416717,4.571914199999999,-146.07165646837296,-0.38386412447295953,-131.85533923631928,12.43269223429363,-1.7836249977600485,0.6270338280400823,0.3627195594773593,0.608241042201143,2.1419653641516336,2.0474668922037753,1.9246429631002078,-0.0001,3.515674981544123,against,True,2,2,12,Monday,2025,0,3,CHOP,False,False,False,False,True,False,False,False,False
1944,AXSUSDT,-1,2025-09-15 16:00:03,2025-09-17 20:17:17.142,52.287261666666666,2.4075184,2.524239640007258,2.4894977999999996,-132.6744523574229,-0.695516770544923,-129.6980347355197,4.6484851843853745,1.672067562482192,0.3214359271514482,0.7066545899861189,0.00444135103403264,1.9958410143030143,2.334266229771783,1.3371409721703693,5.021e-05,4.783712744178422,against,True,1,3,16,Monday,2025,0,3,CHOP,False,False,False,False,True,False,False,False,False
1945,FILUSDT,1,2025-09-16 20:00:03,2025-09-17 10:24:07.580,14.401272222222222,2.5955190000000004,2.4824514895604093,2.481954999262497,-376.77514106463093,-0.9981503044524747,-365.6991926489103,9.810299726150456,-1.26564868957016,0.4818448711586985,1.0659030125580622,0.15460674717286946,3.4424484781260714,1.5240006283370644,2.0848141297191196,0.0001,4.300250980708974,with,True,1,4,20,Tuesday,2025,0,3,LATE_ENTRY,False,False,False,False,False,False,False,True,False
1946,BTCUSDT,1,2025-09-17 08:00:03,2025-09-17 14:30:12.579,6.502660833333334,117143.9241,115440.28466005433,115417.19660312231,-371.5731961075433,-0.9868827949792811,-343.7914446283483,27.781751479194988,0.0,0.007440482829163778,1.0588649556372824,0.4292433497684881,1.5725365298030478,1.5689060427726156,1.3810273192993954,8.441e-05,1.4346039676620828,self,True,1,5,8,Wednesday,2025,0,3,FALSE_BREAKOUT,False,False,False,False,False,False,True,False,False
1947,LINKUSDT,-1,2025-09-17 16:00:03,2025-09-17 22:02:11.111,6.0355863888888885,22.94541,23.821299181359997,23.747748599999998,-341.6287642421015,-0.9098759844293905,-330.1023189727195,11.52644526938203,0.0,0.2493580291297493,0.9425735784498487,-0.14566911284586448,1.1467320909580159,2.862234106790004,1.5221084301772934,-0.0001,3.791988067448024,against,True,1,4,16,Wednesday,2025,0,3,FALSE_BREAKOUT,False,False,False,False,True,False,True,False,False
1948,ADAUSDT,1,2025-09-18 16:00:03,2025-09-19 15:07:19.698,23.121305,0.92698536,0.8908526809223845,0.8906745103862,-367.903065541182,-0.9991599255942797,-355.4380070802472,10.675576177665766,-1.7894822832690003,0.3159090411059912,1.0014579855058978,-0.5807861618819332,3.286159273025217,2.0503625345276175,1.568188643372868,0.0001,3.868276581160622,with,True,2,2,16,Thursday,2025,0,3,LATE_ENTRY,False,False,False,False,False,False,False,True,False
1949,SOLUSDT,1,2025-09-18 16:00:03,2025-09-19 15:00:16.132,23.00364777777778,248.159622,238.77404750145348,238.7262926919532,-367.7824297802177,-0.9990926238975649,-354.9724085300782,10.992793329295393,-1.8172279208440802,0.5679330552248526,1.0185441500123875,-0.6850536427999934,3.0665681218107177,1.849998702934653,1.2308350646512258,1.468e-05,3.7667066333010366,with,True,2,2,16,Thursday,2025,0,3,LATE_ENTRY,False,False,False,False,False,False,False,True,False
1950,AVAXUSDT,1,2025-09-18 20:00:03,2025-09-20 11:17:17.319,39.287310833333336,34.714941599999996,32.840766876766835,33.08038260000001,-161.16554769497702,-0.8752442145936187,-155.97305235389894,3.8815033232068923,-1.3109920178712,0.5832211834093868,0.8755542264326298,0.5618784561256709,4.986515288013845,3.3822141089558735,2.2060864214818965,0.0001,5.37710871937409,with,True,3,5,20,Thursday,2025,0,3,LATE_ENTRY,False,False,True,False,False,False,False,True,False
1951,LTCUSDT,1,2025-09-18 20:00:03,2025-09-19 15:07:13.782,19.119661666666666,118.47369,114.75990224177968,114.73695026133133,-367.85703863837335,-0.998957718929629,-352.523279598055,13.200627096075566,-2.13313194424278,0.25750259903335837,1.0376710385427956,-0.6122293862828537,1.9184272983591064,1.7064764070389706,1.307851325571018,-9.39e-06,3.107140964387297,with,True,3,5,20,Thursday,2025,0,3,FALSE_BREAKOUT,False,False,True,False,False,False,False,False,False
1952,XTZUSDT,1,2025-09-18 20:00:03,2025-09-19 14:47:20.000,18.788055555555555,0.7961592000000001,0.7619631550004571,0.7658468,-325.95756872698365,-0.8854565095569061,-314.5967250579602,9.72675153641844,-1.6340921326050002,1.0188546658090292,0.881949944808036,-0.7357342055298,1.2107693697916206,1.1502309013020395,1.992253187931372,5e-05,4.155577987363889,with,True,3,5,20,Thursday,2025,0,3,GAVE_BACK,False,False,True,False,False,False,False,False,False
1953,LINKUSDT,1,2025-09-19 00:00:03,2025-09-19 14:46:15.059,14.77001638888889,24.628924799999997,23.710044216650136,23.705302207806806,-365.9483289224821,-0.9966703763193646,-353.88913651563433,11.1116540486478,-0.9475383582000001,0.283034819445064,1.0185488919441505,-0.982635629004484,1.3917522304392236,1.9432012274057067,0.8804724808538272,0.0001,3.7116462936560355,with,True,1,6,0,Friday,2025,0,3,FALSE_BREAKOUT,False,False,False,False,False,False,False,False,False
1954,XTZUSDT,-1,2025-09-22 08:00:03,2025-09-24 01:17:20.000,41.28805555555556,0.6978603999999999,0.7335826899350033,0.7091417999999999,-61.10454032473932,-0.34567473741552895,-54.13306009643998,4.050844823253671,-2.920635405045666,0.38800424119559107,0.3118389112307331,1.5917344633688741,3.316219212643652,2.894665922900818,3.22762161769243,0.00010926,5.0978065809460436,with,True,6,6,8,Monday,2025,0,3,WHIPSAW,False,True,True,False,False,False,False,True,True
1955,LTCUSDT,-1,2025-09-22 08:00:03,2025-09-24 01:38:20.000,41.63805555555555,105.42891,110.18802242618463,107.181432,-67.24980683417196,-0.38047708133417446,-62.85980960039997,4.57557016135464,0.18557292758264005,0.22880526923651087,0.3637421949680239,1.1008166084027622,4.161732659691439,1.9165874090684316,5.11358443953022,3.02e-06,4.50305617050895,with,True,6,6,8,Monday,2025,0,3,WHIPSAW,False,True,True,False,False,False,False,True,True
1956,SOLUSDT,-1,2025-09-22 08:00:03,2025-09-28 17:06:18.632,153.10434222222221,221.775636,231.60157818219002,205.34106,525.5461761544228,1.4868511292563587,537.7328438367997,10.84185152798208,-1.3448161543948198,3.1605758943187907,0.21721723580550237,1.8212641259416984,3.664373539422111,2.263169387781323,4.565587330927331,1.362e-05,4.414398891930044,with,True,6,6,8,Monday,2025,1,3,WIN,False,True,True,False,False,False,False,True,True
1957,ADAUSDT,-1,2025-09-22 08:00:03,2025-09-24 14:52:09.411,54.8684475,0.81653666,0.8584031326060744,0.8291658,-55.117976391804056,-0.3119455301806358,-51.686454069329706,4.0411551987185215,0.6096328762441681,0.6457830888785537,0.3812917355183129,1.5008825938415244,3.9612401681487293,1.9950420749778224,4.010679761583498,3.263e-05,5.093429555102156,with,True,6,6,8,Monday,2025,0,3,WHIPSAW,False,True,True,False,False,False,False,True,True
1958,LINKUSDT,-1,2025-09-22 08:00:03,2025-09-28 16:07:11.702,152.1190838888889,21.261746799999997,22.373255214578716,21.147228600000002,18.17942935592001,0.1028985076886062,17.66201601597932,3.9244137756414363,4.441827115582129,1.2971083089338957,0.6965788021438053,0.3335528504662907,3.75003875039725,2.1574452964869635,4.10392654933897,0.00015206,5.211639852239429,with,True,6,6,8,Monday,2025,0,3,WIN,False,True,True,False,False,False,False,True,False
1959,XRPUSDT,-1,2025-09-22 08:00:03,2025-09-24 14:31:09.142,54.51837277777778,2.8039391,2.908422764182924,2.89647918,-309.08896335533467,-0.8748315984614214,-300.0420258414161,11.089454745714333,2.0425172317957205,0.1611649067984348,0.8983308609437163,1.0263719294171405,3.6793472318552376,1.9263598072540458,5.1403206536352135,-9.22e-06,3.7018742131827627,with,True,6,6,8,Monday,2025,0,3,WHIPSAW,False,True,True,False,False,False,False,True,True
1960,XTZUSDT,-1,2025-09-25 04:00:03,2025-09-29 20:34:20.000,112.57138888888889,0.6888622,0.7179563153920195,0.675135,114.05538605899307,0.3318143387853746,156.26040747135931,9.316048062028417,-32.888973350337835,1.6450818096751085,0.07347877641904041,1.4388545393438101,0.9346943919364409,1.902770726442044,1.3067315810345257,-5e-05,4.354115609305178,with,True,2,4,4,Thursday,2025,0,3,WIN,False,False,False,False,False,False,False,False,True
1961,ETHUSDT,-1,2025-09-25 04:00:03,2025-09-28 16:07:06.964,84.11776777777777,4058.948048,4201.022176646001,4039.4277239999997,39.802668967359956,0.11261368587674199,46.438850796001255,11.559621576952797,4.9234397483115,1.6677775908828016,0.07215917561981972,0.25970983142143444,1.2124972449576636,2.6977497377447417,2.3010417938788765,8.602e-05,3.4795696456440983,with,True,2,4,4,Thursday,2025,0,3,WIN,False,False,False,False,False,False,False,False,False
1962,AXSUSDT,-1,2025-09-25 08:00:03,2025-09-27 03:25:20.000,43.42138888888889,2.1205758,2.2215112302864646,2.1694338,-86.7036394097412,-0.4860980567462702,-83.53082722740011,4.4006883298721275,1.22787614753104,0.9865297023789815,0.47975423359832503,0.5109781555755307,2.109217043665507,3.0742833325124663,1.62724389011444,0.00025222,4.738860456693284,with,True,2,6,8,Thursday,2025,0,3,LATE_ENTRY,False,False,False,False,False,False,False,True,False
1963,ALGOUSDT,-1,2025-09-25 08:00:03,2025-09-28 22:43:08.000,86.71805555555555,0.20655868000000002,0.21655031201265743,0.2080416,-27.88183159920461,-0.1563342705301818,-25.6221564612195,4.298122586393989,2.038447448408883,0.6964507891388277,0.4645207103424496,0.5763502891924881,1.6682893942304275,2.3617349858081313,1.1736956581455056,-6.229e-05,4.816220722486653,with,True,2,6,8,Thursday,2025,0,3,CHOP,False,False,False,False,False,False,False,False,False
1965,DOGEUSDT,-1,2025-09-28 12:00:03,2025-09-28 21:11:20.000,9.188055555555556,0.22626473800000002,0.23553926622179663,0.233926776,-296.44729142623817,-0.8231049031732178,-286.3617046912536,10.319543685386774,0.23395695040218303,0.1503837140440393,0.8210942721704064,0.0037455274456326864,0.7909621225097686,1.9860733843293257,0.6272427699843552,-1.48e-05,4.078152190268494,with,True,1,6,12,Sunday,2025,0,3,FALSE_BREAKOUT,False,False,False,True,False,False,False,False,False
1966,BTCUSDT,1,2025-10-01 12:00:03,2025-10-07 15:05:17.110,147.0872527777778,116760.14736,114771.29037972458,122401.21486,852.3268524973057,2.4227158793660784,916.4607234259981,27.768868635954004,-36.3650022927383,4.750644583147236,0.22558050400279314,3.7259856859962794,3.7986077111918526,3.918423965241527,2.930372963457479,3.457e-05,1.6837103811954999,self,True,4,4,12,Wednesday,2025,1,3,WIN,False,True,True,False,False,False,False,True,True
1967,ETHUSDT,1,2025-10-01 12:00:03,2025-10-07 16:22:11.784,148.36910666666665,4296.739176,4154.873381821791,4472.0454119999995,282.5058491248313,0.8030608876542258,313.95651589559867,16.541547976754636,-14.90911879401277,3.223192924332392,0.1445674492488105,1.8327943357041994,1.887854651358049,2.125148477933701,3.188129215034654,2.569e-05,3.2823686457305428,with,False,4,4,12,Wednesday,2025,1,3,WIN,False,True,True,False,False,True,False,False,True
1968,XRPUSDT,1,2025-10-01 12:00:03,2025-10-04 10:38:14.400,70.6365,2.94318852,2.8464361457335685,2.9853028200000002,126.0037099654356,0.3582828606631978,145.97742894600054,12.329673151520879,-7.64404582904408,1.6104150537012631,0.25207154020675715,1.3354863999945281,2.021527202322497,1.8033767848056812,2.524941228566886,9.657e-05,3.271276523819326,with,True,4,4,12,Wednesday,2025,0,3,WIN,False,True,True,False,False,False,False,False,True
1969,LTCUSDT,1,2025-10-01 12:00:03,2025-10-06 22:46:18.285,130.7709125,110.342064,106.93479482589275,118.006394,721.4338446833037,2.0519726185217637,751.8884009590007,13.440905358752039,-17.013650916944883,4.263806367398772,0.12387163397813418,4.888940423782236,2.924490390042853,2.1150859790612997,4.899304658996554,7.848e-05,3.0685326088716858,with,False,4,4,12,Wednesday,2025,0,3,WIN,False,True,True,False,False,True,False,False,True
1970,LINKUSDT,1,2025-10-01 16:00:03,2025-10-04 08:05:14.117,64.0864213888889,22.3964784,21.4890377329845,22.031592800000002,-150.96701519039965,-0.4272252801931433,-136.69212988383902,9.98609045513261,-4.288794851428049,0.791811108006829,0.518467396383465,1.4750513710194308,2.8826039570403905,2.087670481195021,1.191573363549034,0.0001,4.028235751040586,with,False,1,5,16,Wednesday,2025,0,3,WHIPSAW,False,False,False,False,False,True,False,False,True
1971,SOLUSDT,1,2025-10-02 00:00:03,2025-10-04 14:59:07.472,62.98457555555556,221.964384,213.11166800964202,226.9546,183.76873103819307,0.5126010241317833,194.29106583040013,10.487034774389759,-0.03530001781727988,1.6848632686562506,0.2919311997374373,1.7820085968173134,3.025573487016926,2.6459560773010558,0.5630728607722858,7.943e-05,3.964819967715738,with,False,1,6,0,Thursday,2025,0,3,WIN,False,False,False,False,False,True,False,True,True
1973,XTZUSDT,1,2025-10-05 08:00:03,2025-10-05 09:40:19.422,1.6712283333333333,0.7711542,0.7351155256246147,0.7349685025194898,-187.4328021768304,-0.995086192509096,-182.86604695557546,4.56675522125495,0.0,0.05121720018815962,1.003205601388424,-0.8922137275382573,4.124346324590988,2.7867204895884994,3.9745025888969985,-0.00031308,4.6542768320863,with,True,1,4,8,Sunday,2025,0,3,LATE_ENTRY,False,True,False,True,False,False,True,True,False
1975,AVAXUSDT,-1,2025-10-05 20:00:03,2025-10-13 17:58:14.074,189.96974277777778,29.6810626,31.030051937939362,23.313661800000002,826.5484400903395,4.507115797539215,836.1753506770399,4.175601660809832,-5.451308925890554,15.75109750864104,0.9977376115188406,6.567185040567183,0.4854614937679639,1.247904085207214,0.7375053722706121,9.755e-05,4.52404061690087,against,True,1,4,20,Sunday,2025,0,3,WIN,False,False,False,True,True,False,False,False,True
1976,DOGEUSDT,1,2025-10-06 16:00:03,2025-10-07 14:59:09.012,22.985003333333335,0.26685336,0.25485159517360656,0.25480062485457183,-374.4418698732117,-0.9991652674180238,-363.41757745087693,9.437437651586785,-1.5868547707480003,0.29467666223741606,1.0292952893755551,-0.48187579773947975,1.7692738325456416,1.5650624724978,2.2745779417390004,0.0001,4.478412603595737,with,True,2,6,16,Monday,2025,0,3,FALSE_BREAKOUT,False,False,False,False,False,False,False,False,False
1977,DOTUSDT,1,2025-10-06 16:00:03,2025-10-07 15:06:15.682,23.103522777777776,4.3788756,4.180476538191895,4.179640442884256,-187.18352927521286,-0.9991908872032244,-181.70780279176864,4.683357599604235,-0.79236888384,0.2879267647709544,1.0326439960596134,-0.45300415829047347,1.3770516044531922,1.2302336025078155,3.3705546807190343,0.0001,4.511728227686279,with,True,2,6,16,Monday,2025,0,3,FALSE_BREAKOUT,False,True,False,False,False,False,False,False,False
1978,ATOMUSDT,-1,2025-10-07 16:00:03,2025-10-12 16:01:06.666,120.017685,4.0571884,4.2270299271625955,3.4476894,1179.3505002592285,3.244468680960319,1256.430990584001,9.28240510497888,-67.79808521979359,15.291833766388715,0.8644034380322757,4.5582986265711245,2.3448203939215158,1.5473434071563286,3.222040806950512,-0.0001,4.139687784247234,against,True,4,6,16,Tuesday,2025,0,3,WIN,False,True,True,False,True,False,False,False,True
1979,XRPUSDT,-1,2025-10-07 16:00:03,2025-10-12 16:05:07.027,120.08445194444444,2.8829233000000003,2.9802803028226554,2.51490288,1303.9052375893873,3.587993677068263,1311.5813136683985,11.542329013348885,3.866252934337739,17.499750922935572,0.41575540358130975,5.086673640745654,3.0254090084481358,2.0210724113813363,3.5501896349012037,-8.38e-06,3.3563482858559124,against,True,4,6,16,Tuesday,2025,0,3,WIN,False,True,True,False,True,False,False,True,True
1980,XTZUSDT,-1,2025-10-07 16:00:03,2025-10-12 16:00:20.000,120.00472222222223,0.674865,0.7118788460338581,0.6221244,226.3695072751041,1.246184981525957,251.4942841943401,3.710827189231596,-21.41394973000441,6.534446590034348,0.6790702046203985,2.346824480777847,2.898643950305909,2.6199281858534236,2.4618141943452745,0.00063389,5.307521602641726,against,True,4,6,16,Tuesday,2025,0,3,WIN,True,False,True,False,True,False,False,False,True
1981,AXSUSDT,-1,2025-10-07 16:00:03,2025-10-09 18:44:02.352,50.733153333333334,2.1555688,2.2661294553080453,2.2174434,-102.40882120838538,-0.5638224355229434,-98.57485074431983,4.180090294738943,0.34611983067340796,0.792043062299288,0.8269777322253855,12.242771139775481,1.9068468050859295,1.7706434618655007,4.356472402006585,2.43e-05,5.108045236922327,against,True,4,6,16,Tuesday,2025,0,3,WHIPSAW,False,True,True,False,True,False,False,False,True
1982,ADAUSDT,-1,2025-10-08 04:00:03,2025-10-08 17:20:12.882,13.336078333333333,0.81223752,0.8493225598481925,0.8494924243601621,-181.4957429055144,-0.9949590224413267,-177.04654532413576,4.738225223714222,0.28902764233557177,0.13314047983261604,1.0614112904052477,14.505512794432645,3.022542328019635,1.8037752602697772,1.0178837104674168,-0.0001,4.544874427399367,against,True,1,6,4,Wednesday,2025,0,3,WHIPSAW,False,False,False,False,True,False,False,True,True
1983,DOTUSDT,-1,2025-10-09 08:00:03,2025-10-10 12:53:20.000,28.888055555555557,4.054189,4.24587786254302,4.2278454000000005,-163.0482168971518,-0.8980426137862696,-159.09619650764043,4.552576832361264,0.600556442849881,0.48614718019460335,0.9015182087650856,16.23562766616939,1.0163567289332804,1.9908018401785859,0.5597538087172658,1.418e-05,4.707222257534419,against,True,1,6,8,Thursday,2025,0,3,WHIPSAW,False,False,False,False,True,False,False,False,True
1984,ETHUSDT,-1,2025-10-10 20:00:03,2025-10-10 21:46:17.819,1.7707830555555555,3994.191002,4196.299048642902,3944.4527231373427,39.901902179184496,0.21570916920638725,44.1278010069496,4.22589882776511,0.0,2.9399670714242143,0.13848532240506334,1.7524834259855522,3.3917998450790248,3.535807281383711,2.4336397703464607,5.147e-05,5.039037610679928,with,True,2,6,20,Friday,2025,0,3,WIN,False,False,False,False,False,False,True,True,True
1985,ADAUSDT,-1,2025-10-10 20:00:03,2025-10-12 16:02:08.000,44.03472222222222,0.7668466,0.8062484384259552,0.68353668,372.7792185200425,2.015297217279003,379.2934870859202,3.961983868540368,-2.5522846973373863,12.500599456180334,0.19677762027704074,2.6761847723973036,2.1300210493142773,2.685457160259868,1.8567933596652069,-0.0001,5.117136691780338,with,True,2,6,20,Friday,2025,0,3,WIN,False,False,False,False,False,False,False,False,True
1986,BTCUSDT,-1,2025-10-11 00:00:03,2025-10-12 16:03:17.933,40.05414805555556,112692.45700000001,118123.90178450788,113710.33752,-41.80007375342049,-0.2057642644787026,-36.8472748239997,4.9174686969743995,-0.035330232446400045,0.5875889614312226,0.1855018397450729,0.5321709259098926,3.277647282494469,0.4243296806767145,7.268658377343479,-0.0001,4.79883474545769,self,True,1,6,0,Saturday,2025,0,3,LATE_ENTRY,False,True,False,True,False,False,False,True,False
1987,BTCUSDT,-1,2025-10-14 12:00:03,2025-10-19 09:48:12.392,117.80260888888888,111219.15172,115141.02459923085,107526.501,333.5013478917216,0.8607967571243546,348.9554930399991,12.402878509224001,-3.0512666390535,1.9758803914928866,0.6009751852187134,1.098238482641666,1.4811169262649588,0.3925249626084322,1.3260980963876436,-7.12e-06,3.5055515295841744,self,True,1,1,12,Tuesday,2025,0,3,WIN,False,False,False,False,False,False,False,False,True
1988,DOGEUSDT,1,2025-10-20 08:00:03,2025-10-22 05:26:02.830,45.43328611111111,0.201210234,0.19012025998372736,0.191951602,-163.29347990994327,-0.8375316597308687,-158.1816426760734,4.030248856808719,-1.0815883770611354,0.39222508489356905,1.0775709647709786,-0.0072348230827461845,2.258642604911683,2.222475389460734,0.9709495306819141,8.284e-05,5.497435140805564,against,False,2,2,8,Monday,2025,0,3,CHOP,False,False,False,False,True,True,False,False,False
1989,XRPUSDT,1,2025-10-20 08:00:03,2025-10-22 05:25:15.263,45.420073055555555,2.46979386,2.3529214397332012,2.39981994,-118.52563405830304,-0.6079738281562052,-112.90419344534368,4.714326295962696,-0.907114316996664,0.6982497651174528,0.610014405770403,0.8573976629494588,2.1051987534330667,2.3535262798584378,0.7634993183818463,6.094e-05,4.713018275090063,against,False,2,2,8,Monday,2025,0,3,CHOP,False,False,False,False,True,True,False,False,False
1990,ETHUSDT,-1,2025-10-21 08:00:03,2025-10-21 15:21:10.912,7.352197777777778,3889.7518940000004,4048.245680275659,4049.0553294117144,-386.88573183247894,-0.9960497822176578,-375.65343104436266,11.232300788116298,0.0,0.25068423774606,1.0371265010610995,1.1574074814576705,2.0648508184006866,-0.15875664607207401,1.7867312192273572,-4.7e-07,4.054102800542328,with,True,1,3,8,Tuesday,2025,0,3,WHIPSAW,False,False,False,False,False,False,True,False,True
1991,DOTUSDT,1,2025-10-21 16:00:03,2025-10-21 23:35:14.302,7.586472777777778,3.1706339999999997,3.0035640426867,3.0029633298781624,-192.71678713967884,-0.9955377603518142,-188.5513358206562,4.165451319022646,0.0,0.10394448097831643,1.0153471200204578,-0.21927341449726656,1.0272584381511303,2.341193649739791,2.546051878637934,-6.67e-06,5.280225711551557,with,False,4,6,16,Tuesday,2025,0,3,FALSE_BREAKOUT,False,True,True,False,False,True,True,False,False
1992,AXSUSDT,1,2025-10-21 16:00:03,2025-10-21 23:35:15.091,7.5866919444444445,1.6583316,1.5707179518094367,1.570403808219075,-193.11038534654807,-0.9955471454758942,-188.94746022738298,4.16292511916509,0.0,0.20166264463238143,1.0196082670327822,-0.32336970991525954,1.0540540913881375,2.188307950599292,2.275262994642305,0.0001,5.2642972370665335,with,False,4,6,16,Tuesday,2025,0,3,FALSE_BREAKOUT,False,False,True,False,False,True,True,False,False
1993,SOLUSDT,1,2025-10-21 16:00:03,2025-10-21 23:35:15.328,7.586757777777778,196.20923399999998,185.97817603624287,185.94098040103563,-193.082371536211,-0.9955003278114699,-188.8650152711112,4.217356265099813,0.0,0.14473244167372903,1.0164377952738244,0.05774241550510051,1.1331307069272998,2.0810004245732343,2.983216614599829,4.135e-05,5.200236499009658,with,False,4,6,16,Tuesday,2025,0,3,FALSE_BREAKOUT,False,True,True,False,False,True,True,False,False
1994,ATOMUSDT,1,2025-10-21 16:00:03,2025-10-21 23:40:07.677,7.667965833333334,3.3486695999999996,3.1880806597580325,3.187443043626081,-193.00318036183708,-0.9951876891507362,-188.4200592219045,4.583121139932585,0.0,0.1390531624802687,1.019183511351346,-0.7327378823392273,0.950479158868558,1.9572366889859087,2.7386383728147963,-0.0001381,4.776563328613132,with,False,4,6,16,Tuesday,2025,0,3,FALSE_BREAKOUT,False,True,True,False,False,True,True,False,False
1995,LTCUSDT,1,2025-10-24 08:00:03,2025-10-28 14:45:07.195,102.75116527777777,96.059208,92.23159277209588,98.08037999999999,175.32905832957456,0.4624449637863356,192.47358203639934,11.092596350265358,-6.05192735655942,2.8505456662566386,0.3159168119053931,1.2046121998852868,1.454676369535419,1.3995352075133163,0.681397756976649,4.064e-05,3.9654385963183296,with,False,2,2,8,Friday,2025,0,3,WIN,False,False,False,False,False,True,False,False,True
1996,XRPUSDT,1,2025-10-24 08:00:03,2025-10-28 20:19:06.090,108.317525,2.43988788,2.3460710637669937,2.5994800000000002,598.8133415461251,1.5798191651491302,619.0265055468444,11.728031267163093,-8.485132733556132,2.7395101466849643,0.08407746411271932,2.378167677805985,0.7064192600395226,0.043883620699417786,0.7478139067678611,2.821e-05,3.829839566837713,with,False,2,2,8,Friday,2025,0,3,WIN,False,False,False,False,False,True,False,False,True
1997,LINKUSDT,1,2025-10-25 20:00:03,2025-10-28 05:45:11.463,57.75235083333333,18.1856364,17.44609268276155,18.031393,-92.79075865024296,-0.24144705976905836,-77.11981823051929,10.86484371134479,-4.806096708378888,1.1768926970944296,0.6810096391334953,0.8496639013395835,1.1212298213281326,0.9688296514388703,0.38985419913600095,6.743e-05,4.0421721425578925,with,False,1,3,20,Saturday,2025,0,3,GAVE_BACK,False,False,False,True,False,True,False,False,False
1998,ATOMUSDT,-1,2025-10-26 04:00:03,2025-10-26 13:21:11.964,9.35249,3.1173764,3.2237946115560554,3.2244393704783665,-384.07374909333146,-1.0052784308904061,-367.16300359526485,13.049218321513813,-3.8615271765527606,0.01293387644721711,1.011326900032611,0.839860007917171,0.8015679313345949,0.887450209691868,0.7070054945683868,0.0002167,3.3598785365840085,against,True,1,4,4,Sunday,2025,0,3,FALSE_BREAKOUT,False,False,False,True,True,False,False,False,False
1999,FILUSDT,1,2025-10-26 12:00:03,2025-10-28 14:45:09.285,50.75174583333333,1.6283256,1.5627744465506246,1.6006798,-171.58839335297023,-0.4463637681325713,-155.92689014447967,10.927275107576545,-4.734228100914,0.8645828031656122,0.6456881042175343,0.22386181215457962,2.3355189942930523,2.584641020350978,1.7793481135693028,0.0001,3.9474833097341984,with,False,2,6,12,Sunday,2025,0,3,CHOP,False,False,False,True,False,True,False,False,False
2000,ETHUSDT,1,2025-10-26 12:00:03,2025-10-28 19:20:08.060,55.334738888888886,4043.8886159999997,3917.700123705908,4063.477142,36.876097517173825,0.09595346812161742,56.74795982200132,14.092223160555596,-5.7796391442719,1.6571351333103386,0.03874058490695367,0.2386222662033511,1.6656580479481686,2.5989019101891926,1.8449510934070155,2.079e-05,3.1010980810197175,with,False,2,6,12,Sunday,2025,0,3,WIN,False,False,False,True,False,True,False,False,False
2001,DOTUSDT,1,2025-10-26 16:00:03,2025-10-28 05:45:15.000,37.75333333333333,3.1786356,3.0723801231121426,3.1073784,-260.29231430309665,-0.6750738499833442,-246.7644246748793,13.06111911392736,-0.46677051428999994,0.6245739226227538,0.7118277778737556,0.13518738441276368,2.1776204136670585,3.2664306205005924,1.8222481826811159,4.983e-05,3.323470009057812,with,False,1,6,16,Sunday,2025,0,3,LATE_ENTRY,False,False,False,True,False,True,False,True,False
2002,ALGOUSDT,1,2025-10-28 08:00:03,2025-10-28 20:13:05.062,12.217239444444445,0.19373874000000002,0.18489748809326959,0.18486050859565092,-190.81435317669082,-0.991940907411551,-186.62595525758292,4.775035243687475,0.5866373245795921,0.26707303727003395,1.067579580309747,-0.44549573313273017,0.6134612548346756,0.9201918822520165,5.261053426855546,-0.00048543,4.5444047014612385,with,True,1,5,8,Tuesday,2025,0,3,FALSE_BREAKOUT,False,True,False,False,False,False,False,False,False
2003,AXSUSDT,-1,2025-10-28 20:00:03,2025-11-02 05:07:12.000,105.11916666666667,1.5516896,1.6216031052371913,1.4612922000000002,456.7466316602584,1.206509989991224,472.6988522879992,9.4531460340096,-6.499074593731199,2.927754792233089,0.4764515795194332,6.346264552102217,1.4654518595457433,1.39361598407781,1.2183476255778638,-8.344e-05,4.484736162190153,against,True,1,3,20,Tuesday,2025,0,3,WIN,False,False,False,False,True,False,False,False,True
2004,ATOMUSDT,-1,2025-10-29 00:00:03,2025-11-01 16:40:10.000,88.6686111111111,3.0943810000000003,3.2141217949477316,3.0336065999999997,87.36664339738195,0.23191620527819762,183.61042002432168,11.108253249458567,-85.13552337748118,2.099376408096604,0.6649279390098799,5.698818020189942,1.3486311961163273,1.0322856069038533,2.6137140571849633,0.00052317,3.8824109550010317,against,True,2,3,0,Wednesday,2025,0,3,WIN,True,True,False,False,True,False,False,False,True
2005,AVAXUSDT,-1,2025-10-29 00:00:03,2025-11-01 09:03:01.590,81.04960833333334,19.456108,20.367802625624368,18.571713600000002,168.2946526767094,0.8909959644806397,177.1779821860796,4.5710551975590725,-4.312274311811105,2.128023951738592,0.8049756786680633,3.9378404776065694,1.8857466351319798,1.4038336061538021,1.8941304212445274,0.00015923,4.6595890531029776,against,True,2,3,0,Wednesday,2025,0,3,WIN,False,False,False,False,True,False,False,False,True
2006,ADAUSDT,-1,2025-10-30 16:00:03,2025-11-07 16:21:08.421,192.35150583333333,0.6026794400000001,0.6363230734303892,0.54970992,296.61151730771263,1.5276252007532904,297.1814715734326,3.8792358227565455,3.309281557036597,3.36703942023333,0.511851968534564,1.6371430307598334,2.1413866328747053,2.6410435138788007,2.2757225850470824,7.08e-05,5.578741236168772,with,True,3,6,16,Thursday,2025,0,3,WIN,False,False,True,False,False,False,False,False,True
2007,DOGEUSDT,-1,2025-10-30 16:00:03,2025-11-01 20:30:07.878,52.501355,0.180523888,0.19056380573688214,0.188047602,-145.05963736877354,-0.747162563557347,-141.42159985040587,4.156774415538477,0.5187368971707997,0.4197133990968937,0.7655552765900334,2.8908491842895554,2.089294163778105,2.8057379479089053,1.973230354667218,0.00011438,5.534588102609595,with,True,3,6,16,Thursday,2025,0,3,WHIPSAW,False,False,True,False,False,False,False,False,True
2008,XTZUSDT,-1,2025-10-30 16:00:03,2025-11-01 08:58:20.000,40.97138888888889,0.5578884000000001,0.5863854204392518,0.585117,-201.46844944258575,-1.0378041813273193,-179.85505382207958,4.529986067647871,-17.083409552858274,0.4522718446117816,0.9513836738754782,1.6453790353259556,2.1137611869588913,2.1842198931908547,1.818750376526861,0.00048678,5.086992910260159,with,True,3,6,16,Thursday,2025,0,3,WHIPSAW,True,False,True,False,False,False,False,False,True
2009,XTZUSDT,-1,2025-11-02 16:00:03,2025-11-05 19:36:20.000,75.60472222222222,0.5658867999999999,0.589316440483344,0.540108,263.5298724970464,0.693777530275879,312.73791367923826,12.293440341991221,-36.91460084020053,3.068199021282621,0.645046176049688,1.7877696428921679,1.3724221766550988,0.6004347022866058,1.0163423065253303,2.222e-05,4.119512452887632,with,True,3,4,16,Sunday,2025,1,3,WIN,False,False,True,True,False,False,False,False,True
2010,DOGEUSDT,-1,2025-11-02 16:00:03,2025-11-07 15:26:18.079,119.43752194444444,0.18331333000000002,0.19022866622023285,0.16828365,703.2796849384346,1.8519297806683552,712.9713300315091,12.59691462203577,2.9052695289612416,4.606186739959778,0.48973323814557174,2.3734681116412046,1.1339407597736213,0.9914712796994939,0.9237453425613351,-2.611e-05,3.7516586966091316,with,True,3,4,16,Sunday,2025,1,3,WIN,False,False,True,True,False,False,False,False,True
2011,ALGOUSDT,-1,2025-11-02 16:00:03,2025-11-05 18:49:20.000,74.82138888888889,0.17456508,0.182676651365284,0.16283256,257.89533629224513,1.3585821937322615,265.4248597958525,4.579769118268778,-2.9497543853386423,3.706443381448011,0.5344118672927719,2.6339015016792655,0.9162212983226584,0.9533654050114179,0.9514722386786085,3.15e-05,4.625802614710184,with,True,3,4,16,Sunday,2025,0,3,WIN,False,False,True,True,False,False,False,False,True
2012,LTCUSDT,-1,2025-11-03 04:00:03,2025-11-07 05:29:15.000,97.48666666666666,94.08118,98.64954235105019,89.927982,164.52172501050504,0.8496506594537142,170.42191141220013,4.53036813155508,-1.36981827014,3.1676953113566713,0.19455987325429033,1.788645333293582,2.3702829862377506,0.8745374958516612,2.3079126300133694,-4.957e-05,4.823655670014019,with,True,2,6,4,Monday,2025,0,3,WIN,False,False,False,False,False,False,False,False,True
2013,ATOMUSDT,-1,2025-11-03 04:00:03,2025-11-05 13:40:20.000,57.67138888888889,2.8584282,3.0061747409660495,2.6385275999999998,264.1207752069748,1.364156829599119,279.5166422127004,4.19232315220866,-11.203543853516926,3.495365756946348,0.2069205803405223,2.2229163393779183,1.8481432222309508,2.031598615614165,1.6818066872716566,0.00017386,5.1477698833875305,with,True,2,6,4,Monday,2025,0,3,WIN,False,False,False,False,False,False,False,False,True
2016,SOLUSDT,-1,2025-11-11 16:00:03,2025-11-20 02:06:08.361,202.10148916666665,160.787836,169.43917853660383,142.77855,288.0385163604169,1.4608663419839356,292.63353797260015,6.985311686761559,2.3902900745783797,3.7090007549968527,0.04417395316195755,4.59672424617824,1.24229669771313,-0.006953153158842428,1.6006332340980045,1.407e-05,5.366070851690716,with,True,2,2,16,Tuesday,2025,1,3,WIN,False,False,False,False,False,False,False,False,True
2017,BTCUSDT,-1,2025-11-11 16:00:03,2025-11-23 01:38:07.241,273.6345113888889,103396.51656,106309.64077012787,85617.01998,2717.5242444087153,6.896298126946167,2705.4117718080015,20.054879124379198,32.167351725093404,7.825452989867337,0.6523866827898083,6.237329838813324,1.114422128636189,-0.05555861390823864,2.1186115270276438,-5.823e-05,2.796866256413697,self,True,2,2,16,Tuesday,2025,1,3,WIN,False,False,False,False,False,False,False,False,True
2018,DOGEUSDT,-1,2025-11-12 20:00:03,2025-11-16 09:51:06.226,85.85089611111111,0.16888621599999998,0.1782121964172071,0.164792952,82.18323744938057,0.413437868695684,84.7897845062461,4.147191788598573,1.5406447317330463,1.5340173751173627,0.9386449047060667,2.102322235614508,1.149351511793597,1.6809803945895108,1.8160878178104085,-5.875e-05,5.500945072938135,with,True,1,3,20,Wednesday,2025,0,3,WIN,False,False,False,False,False,False,False,False,True
2019,XRPUSDT,-1,2025-11-16 16:00:03,2025-11-17 09:33:06.181,17.55088361111111,2.1850629,2.3051685717760844,2.2799559,-160.45411404502062,-0.7878812180312023,-156.3506127680998,4.414077489811175,0.31057621289037257,0.25696455082936187,0.8179222392023723,1.331018740713897,1.1364721579068655,2.8127685908194993,0.9628574737618548,0.00011565,5.475569516178648,with,True,1,3,16,Sunday,2025,0,3,WHIPSAW,False,False,False,True,False,False,False,False,True
2021,ETHUSDT,-1,2025-11-16 20:00:03,2025-11-23 01:53:05.169,149.88393583333334,3089.511974,3261.0307539367222,2806.501188,326.91771875484835,1.604698059887995,326.7359524369998,4.0841683173174,4.265934635165951,2.737379394683283,0.7795532713638016,1.9130964791205742,1.247156581175276,2.5276658531298524,2.0953944477437334,-7.779e-05,5.530536059541899,with,True,1,4,20,Sunday,2025,0,3,WIN,False,False,False,True,False,False,False,False,True
2023,XRPUSDT,-1,2025-11-19 16:00:03,2025-11-23 01:43:20.000,81.7213888888889,2.08438304,2.2009254412051407,1.99799952,146.148748408451,0.7061258676482467,149.14424844836807,4.2290280284243424,1.2335279885072965,2.2676985995406342,0.5527341065043938,0.8227309460633527,2.194346320561284,1.872865103919744,1.4902034037325174,1.816e-05,5.565036270571279,with,True,1,4,16,Wednesday,2025,0,3,WIN,False,False,False,False,False,False,False,False,False
2024,AVAXUSDT,1,2025-11-27 00:00:03,2025-11-29 07:09:05.423,55.15067305555556,14.9469888,14.37996098125418,14.7530488,-134.69347698836282,-0.3208189813824026,-137.78701967399968,12.660450650024973,15.753993335661857,0.5467301422453988,0.41265841333419734,-0.1110859078119328,2.73609423191969,3.1838509205844265,1.0516743107497328,0.0001,3.78078968715838,with,False,2,2,0,Thursday,2025,0,3,LATE_ENTRY,False,False,False,False,False,True,False,True,False
2025,BTCUSDT,1,2025-11-27 00:00:03,2025-11-29 18:13:14.679,66.21991083333333,90456.0876,87282.045338416,90136.969,-55.81688359275221,-0.13305803131337418,-40.33659104000021,13.696177412544001,-1.784115140208,0.826678469835669,0.136005624507524,0.48641835009138096,1.973349852208899,1.915619546641714,0.6920880517318985,-2.599e-05,3.4897401223422464,self,False,2,2,0,Thursday,2025,0,3,CHOP,False,False,False,False,False,True,False,False,False
2026,ATOMUSDT,-1,2025-11-28 20:00:03,2025-12-02 15:43:14.117,91.71975472222222,2.4545090000000003,2.5634286555709913,2.4254849999999997,72.87270945425709,0.17354478307670346,107.99934015680225,10.89517913387148,-24.231451568673673,2.9058942423271614,0.07795654471626187,2.0520538632655057,1.530960603779826,0.29512493566840137,1.332403703443664,9.966e-05,4.4166458481055475,against,True,1,3,20,Friday,2025,0,3,WIN,False,False,False,False,True,False,False,False,True
2027,ALGOUSDT,-1,2025-11-29 08:00:03,2025-12-02 15:42:18.667,79.70435194444444,0.14087182,0.1468390228129531,0.1394078953006211,87.92249084830947,0.20946076570933286,99.23003984640808,11.399015535110522,0.09146653701190555,2.2073692503642963,0.23933827033661884,1.1348399262214313,0.8220553599057442,1.0446953532135528,0.8374642361344967,-7.075e-05,4.141150931172424,against,True,1,3,8,Saturday,2025,0,3,WIN,False,False,False,True,True,False,False,False,True
2028,AXSUSDT,-1,2025-11-29 20:00:03,2025-12-02 15:42:16.225,67.70367361111111,1.1077784000000002,1.1571567488681997,1.0956528995455068,81.98075409242003,0.19493415204243783,99.69451516864368,10.869820141775708,-6.84394093444795,2.5472378660478743,0.22725749761200936,1.3523821984863198,1.1392128505110903,1.078183590662288,0.9490506311517016,2.504e-05,4.436529681245461,against,True,3,5,20,Saturday,2025,0,3,WIN,False,False,True,True,True,False,False,False,True
2029,XTZUSDT,-1,2025-11-29 20:00:03,2025-12-02 15:43:20.000,67.7213888888889,0.4919016,0.5118941464616825,0.4920984,-25.951237909178644,-0.06172099018232412,-3.9821107516799388,11.946332255039998,-10.022794902458706,1.8957865158718892,0.20499639742515774,0.6953391368450064,0.9047887545549772,1.1058529222338611,0.9408149241391663,5.611e-05,4.043525703594004,against,True,3,5,20,Saturday,2025,0,3,GAVE_BACK,False,False,True,True,True,False,False,False,False
2030,DOTUSDT,-1,2025-11-29 20:00:03,2025-12-02 15:41:13.486,67.68624611111112,2.2405518,2.3398774850406787,2.2161635228155783,72.60525741027475,0.17364792112027153,99.08767279234047,10.864372574488547,-15.618042807577183,2.8245644606941327,0.5179747814367379,0.6196967076017817,1.1614229168140822,0.8510426545620361,0.8153417012005173,0.00015251,4.458816296458861,against,True,3,5,20,Saturday,2025,0,3,WIN,False,False,True,True,True,False,False,False,False
2031,LINKUSDT,1,2025-11-30 16:00:03,2025-12-01 00:04:09.647,8.068513055555556,13.242647999999999,12.781428504502303,12.9014192,-310.4097196498,-0.739716489825642,-296.8256516966397,13.645207763191294,0.061139810030975995,0.36935125610025765,0.8296440279201318,3.242169974593952,0.32710275599926686,0.3750778268791553,1.6771296309017,0.0001,3.4635309327620627,with,False,1,6,16,Sunday,2025,0,3,WHIPSAW,False,False,False,True,False,True,False,False,True
2032,ADAUSDT,-1,2025-12-01 04:00:03,2025-12-02 14:48:17.134,34.80392611111111,0.38572284,0.406156707663146,0.4062379390046786,-222.50408041406453,-1.0011608930137998,-216.5880490118693,5.016673036169858,-0.8993583660253734,0.7449808450827718,1.007012492163314,-0.8944542609994608,3.3470394660111484,2.5078112813180864,5.024213379994389,2.026e-05,5.249211625588482,with,True,1,6,4,Monday,2025,0,3,LATE_ENTRY,False,True,False,False,False,False,False,True,False
2033,ADAUSDT,1,2025-12-02 20:00:03,2025-12-05 09:26:06.666,61.434351666666664,0.43448688,0.4112776860139551,0.43131372,-34.82124004623852,-0.16717364672127308,-27.64973868032407,4.526559077878403,-2.644942288036049,0.9139964107652708,0.3613602439207001,0.19445397383095683,5.051397540509685,2.6165201301441425,1.7397628295644973,6.803e-05,5.322816295130047,with,False,2,2,20,Tuesday,2025,0,3,LATE_ENTRY,False,False,False,False,False,True,False,True,False
2034,BTCUSDT,1,2025-12-02 20:00:03,2025-12-04 19:21:12.490,47.35263611111111,91868.26998,88790.1833849869,90936.60904000001,-135.95254979341303,-0.32652856885003695,-120.27742735399832,14.160065928889196,-1.5150565105255,0.7526526458850794,0.3978997803324587,0.2626729284711905,4.487278309576798,2.2334748147814167,2.035011101136851,3.999e-05,3.331213877220434,self,True,2,2,20,Tuesday,2025,0,3,LATE_ENTRY,False,False,False,False,False,False,False,True,False
2035,LINKUSDT,1,2025-12-03 04:00:03,2025-12-05 13:01:20.000,57.021388888888886,13.937787,13.23742699156636,13.954208600000001,-1.4547167450343115,-0.00697093952917436,4.7420736428003,4.832631309245881,-1.3641590785887305,1.4038679938321474,0.0496701690289271,0.49576360131776304,5.283006885775121,3.069312152659565,1.4776043963391756,0.0001,4.999088620881569,with,True,1,3,4,Wednesday,2025,0,3,COSTS,False,False,False,False,False,False,False,True,False
2036,ETHUSDT,1,2025-12-03 08:00:03,2025-12-05 16:07:18.987,56.1211075,3057.0212819999997,2932.0357909706763,3064.197038,6.395828154576877,0.015266570343306519,23.146836129200295,11.847128360894398,-4.9038796137290195,1.458158995088815,0.2161953501759666,0.9838639428247704,4.055663983206305,2.495774666006638,1.0158830144166273,1.107e-05,4.069290737477092,with,True,2,5,8,Wednesday,2025,0,3,WIN,False,False,False,False,False,False,False,True,False
2037,SOLUSDT,1,2025-12-03 08:00:03,2025-12-04 19:23:19.583,35.38793972222222,141.85836600000002,134.94215068549227,137.682458,-128.7585547687925,-0.614826520617294,-122.42843556240061,4.91731318192032,-1.41280602447156,0.7246208760284496,0.6012487770988363,-0.16459377683227028,4.257144735380937,2.380104484910725,1.2225653564514276,8.835e-05,4.849703366596906,with,True,2,5,8,Wednesday,2025,0,3,LATE_ENTRY,False,False,False,False,False,False,False,True,False
2038,AVAXUSDT,1,2025-12-04 00:00:03,2025-12-05 09:18:19.694,33.30463722222222,14.777955,14.076412432937973,14.073597150451386,-210.9661746439065,-0.9952054101101637,-205.8938013045236,5.060231031370487,-0.012142308012410001,0.1411817395696862,1.0005878943877913,-0.9806318708229923,3.2990866457113146,2.761627122839799,1.5891564151636735,0.0001,4.73462078412308,with,True,1,6,0,Thursday,2025,0,3,LATE_ENTRY,False,False,False,False,False,False,False,True,False
2039,AXSUSDT,-1,2025-12-04 20:00:03,2025-12-09 15:41:20.000,115.68805555555555,1.0867826,1.1433596376441368,1.0662132,66.63061367655236,0.3246049771953792,72.40246555116025,4.547012676343272,-1.2248391982646156,1.516208758393521,0.10989263946809437,1.480858728005225,1.7433861876953742,-0.5753174419394741,1.3133220918728596,-0.0001,5.281734589699516,against,True,1,5,20,Thursday,2025,0,3,WIN,False,False,False,False,True,False,False,False,True
2040,AVAXUSDT,-1,2025-12-05 12:00:03,2025-12-07 17:24:03.354,53.40009833333333,13.7912412,14.410196189936174,13.5447084,135.88444629672782,0.3271670969111246,159.73592314416044,10.62706417412587,-13.224412673306748,1.439912779589842,0.12078228823667564,0.8615185412027906,3.0607135045663867,0.051931512272600476,1.1877505109595607,-1.52e-06,4.4671320134563794,against,True,3,6,12,Friday,2025,0,3,WIN,False,False,True,False,True,False,False,True,False
2041,ATOMUSDT,-1,2025-12-05 12:00:03,2025-12-08 21:34:20.000,81.57138888888889,2.2585482,2.3579782776921694,2.270454,-89.35417376814834,-0.21518542079933384,-47.97764280948031,10.95050394773719,-30.426027010930852,1.2727356041276225,0.22580491256890983,1.021302631527534,2.0610582923503378,0.5051613461642952,0.9962961191810732,0.00031958,4.381508529976521,against,True,3,6,12,Friday,2025,0,3,GAVE_BACK,True,False,True,False,True,False,False,False,True
2042,ALGOUSDT,-1,2025-12-05 12:00:03,2025-12-07 17:32:20.000,53.53805555555556,0.13567285999999998,0.14148176552500707,0.13542707999999998,0.79828847000742,0.0019229049814244383,16.932486368882067,11.206109623211146,-4.928088275663501,1.1142994101271877,0.2801112865401678,0.9421499414028226,1.6258009701956009,0.19025330502289692,1.1862616441645086,-7.639e-05,4.260696775981651,against,True,3,6,12,Friday,2025,0,3,WIN,False,False,True,False,True,False,False,False,False
2043,DOGEUSDT,-1,2025-12-05 16:00:03,2025-12-07 17:30:05.573,49.50071472222222,0.14242151,0.14836851936660025,0.140868168,91.50681912118836,0.22013764418212248,104.56767249152787,11.442274374606804,-1.6185789957327175,1.284933237690264,0.021605817660492972,1.120144528006388,2.605381353826267,0.020275341274914115,1.4917797562253787,-1.716e-05,4.1548047501581395,against,True,1,6,16,Friday,2025,0,3,WIN,False,False,False,False,True,False,False,False,True
2044,DOTUSDT,-1,2025-12-05 20:00:03,2025-12-08 09:05:06.666,61.08435166666667,2.1205758,2.2387410277771544,2.1634325999999997,-85.10203935571727,-0.4035195170414835,-74.35515515399928,4.459569206236199,-6.2873149954817995,0.707279134244249,0.4436516645900753,0.6395773225481123,2.8610335745678808,0.9765204416189824,2.56166488484158,0.00015308,5.5014621949648665,against,True,1,6,20,Friday,2025,0,3,CHOP,False,True,False,False,True,False,False,False,False
2045,ADAUSDT,1,2025-12-07 20:00:03,2025-12-07 22:07:04.526,2.1170905555555555,0.43178634,0.4125342048095778,0.4124516979686159,-413.7135314839534,-0.9948950251073289,-403.1514797919318,10.56205169202153,0.0,0.05265182225108812,1.100467028225526,2.6965144118573794,1.9826988456492496,0.1304407135295534,2.1608678472253686,5.4e-07,4.43960972675982,with,True,3,6,20,Sunday,2025,0,3,WHIPSAW,False,False,True,True,False,False,True,False,True
2046,ETHUSDT,1,2025-12-07 20:00:03,2025-12-11 03:11:17.727,79.18742416666667,3137.3973539999997,3008.334271625577,3169.029191968687,80.61119306979955,0.19389926058590565,98.07767680571169,11.732223689058305,-5.73426004685384,2.3920290784964373,0.9870936882664046,1.0462530687765474,1.6777263050342213,1.0162281294461954,2.1033889533915517,1.448e-05,4.0945217014452115,with,True,3,6,20,Sunday,2025,0,3,WIN,False,False,True,True,False,False,False,False,True
2047,BTCUSDT,1,2025-12-07 20:00:03,2025-12-07 22:07:14.757,2.1199325,91398.07596,88971.81188636755,88954.01752399027,-412.1915552741697,-0.9921355509263828,-394.715437415571,17.47611785859866,0.0,0.03096284564257016,1.0337192835918576,1.301146101245956,1.6697619699341804,0.36812341694016953,1.8139050633108398,5.212e-05,2.6350361334436894,self,True,3,6,20,Sunday,2025,0,3,WHIPSAW,False,False,True,True,False,False,True,False,True
2048,BTCUSDT,1,2025-12-08 12:00:03,2025-12-09 05:17:19.665,17.2879625,91941.98472000001,89374.43078363955,89356.55589748282,-406.32369255254343,-0.9938745117131522,-389.36558067108905,16.382136130195747,-0.5759757512586,0.06403576480774816,1.002154106116809,1.017706090998023,2.2079431832910035,1.0038958469922294,0.805086776019234,6.545e-05,2.7730332465152623,self,True,1,4,12,Monday,2025,0,3,WHIPSAW,False,False,False,False,False,False,False,False,True
2049,ADAUSDT,1,2025-12-09 16:00:03,2025-12-11 01:03:15.687,33.05352416666667,0.46679334,0.4418665281761025,0.4417781548704673,-202.0850849727602,-0.9934209997647823,-198.20586568789383,4.319397168103439,0.44017788323708484,0.6782520010758653,1.0147041739108853,-0.8983635836866767,2.553005896621734,2.3677720303053285,4.110707944316909,-6.33e-05,5.321078170965825,with,True,5,6,16,Tuesday,2025,0,3,CHOP,False,True,True,False,False,False,False,False,False
2050,LTCUSDT,1,2025-12-09 16:00:03,2025-12-11 00:48:18.285,32.80424583333333,85.857168,82.73066030279858,82.73345,-404.2806685410959,-0.9937875539595228,-389.33833728919956,12.60782008388952,-2.3345111680068,0.531849642170534,1.0034096518643234,-0.4564735283644026,1.6402196275274374,2.006856956033576,2.167297264155732,-6.7e-06,3.6222503462271938,with,True,5,6,16,Tuesday,2025,0,3,CHOP,False,False,True,False,False,False,False,False,False
2051,LINKUSDT,1,2025-12-09 16:00:03,2025-12-11 02:07:14.363,34.11982305555556,14.4048804,13.649327340727252,13.646597475259107,-202.10371737863514,-0.9938819396907828,-198.04135808091883,4.395736150718232,0.333376853001896,0.7956020991809684,1.0096979830037425,-0.08719493514249287,1.7832675545068657,1.6001641895351764,1.9257226404665357,3.824e-05,5.232747755833847,with,True,5,6,16,Tuesday,2025,0,3,CHOP,False,False,True,False,False,False,False,False,False
2052,BTCUSDT,1,2025-12-09 16:00:03,2025-12-11 02:18:14.618,34.30322722222222,92695.43538,89940.84721467418,89922.85904523125,-404.86636080336393,-0.9962112778596237,-388.1606868676245,15.339936731719423,-1.3657372040200002,0.6750789985261032,1.0191851599957533,0.3092529876963475,2.0206481503761022,1.753913530373848,2.408849581429184,5.443e-05,2.952248926459353,self,True,5,6,16,Tuesday,2025,0,3,CHOP,False,False,True,False,False,False,False,False,False
2053,DOGEUSDT,1,2025-12-09 16:00:03,2025-12-11 01:03:13.562,33.05293388888889,0.14626924800000002,0.14034244647440408,0.1403143779851092,-405.46814925970006,-0.9974128182070275,-392.9295552030739,11.346058913651483,-1.1925351429746753,1.1575808588107097,1.0358450461832724,-0.5904108623998781,1.3101870286006818,1.7469160381342488,2.430054411470862,5.382e-05,4.039352838014288,with,True,5,6,16,Tuesday,2025,0,3,GAVE_BACK,False,False,True,False,False,False,False,False,False
2054,LTCUSDT,-1,2025-12-14 16:00:03,2025-12-17 14:56:10.588,70.93544111111112,78.85422600000001,81.55276724984729,80.106018,-186.64159643967284,-0.4750110253740953,-174.12589452959926,13.266945953230323,0.75124404315675,1.1725690686325758,0.9396832455844418,2.317632165287065,2.095206756338387,2.9931525090548265,1.2626711439687999,1.665e-05,3.3883966149179705,with,True,2,2,16,Sunday,2025,0,3,GAVE_BACK,False,False,False,True,False,False,False,False,True
2055,FILUSDT,-1,2025-12-14 16:00:03,2025-12-19 14:44:15.714,118.736865,1.3017396,1.366227328888179,1.2662532,90.8634912655924,0.46263874814697187,104.69536623120042,4.545802561123439,-9.286072404484585,2.213438160421329,0.7173519799435808,0.7402896771691265,1.4866988951287876,3.8116429119791153,1.1367079587644076,0.00037677,4.85244273892395,with,True,2,2,16,Sunday,2025,0,3,WIN,True,False,False,True,False,False,False,True,False
2056,XTZUSDT,-1,2025-12-14 20:00:03,2025-12-20 06:08:20.000,130.13805555555555,0.479904,0.49979399541378994,0.4510902,454.3511813797853,1.1575164956722472,475.7415891766601,12.832116367742339,-8.558291429132481,3.0117654003312615,0.5075918716904445,2.5090000757567315,2.1218555992359027,2.2734167134670327,0.5377393431673563,0.00013474,4.123749044539578,with,True,4,6,20,Sunday,2025,1,3,WIN,False,False,True,True,False,False,False,False,True
2057,DOGEUSDT,-1,2025-12-14 20:00:03,2025-12-17 14:53:07.272,66.88452,0.134213152,0.13902054122957705,0.1330266,80.261459508572,0.20452600763222117,92.71656078185818,12.52918576327201,0.07408448998583783,1.5961162355632832,0.8688391558358358,2.987723962859498,1.9580251062421419,3.1416074465825545,1.6015739890588383,1.158e-05,3.5689050358169325,with,True,4,6,20,Sunday,2025,0,3,WIN,False,False,True,True,False,False,False,True,True
2058,AXSUSDT,-1,2025-12-14 20:00:03,2025-12-17 15:03:13.333,67.05287027777777,0.964807,1.0104329090340152,0.9331866,119.70733402355762,0.6206828231477642,129.28739824951998,4.656234350702207,-4.923829875260161,1.9025812709897634,0.6179164557353032,3.875144709296337,2.0244262518882583,3.596587064524886,1.678477651479895,0.00052237,4.816691808507802,with,True,4,6,20,Sunday,2025,0,3,WIN,True,False,True,True,False,False,False,True,True
2059,ATOMUSDT,-1,2025-12-14 20:00:03,2025-12-17 15:06:08.888,67.10163555555556,2.1085782,2.188712698241184,2.070414,160.99397391194643,0.41041088111486174,179.27415032418097,11.778346343427225,-6.501830068807334,1.604529919349008,0.6916097463191789,3.501340947509681,1.8817579044451596,2.797546751275129,0.9666411367650355,0.00017794,3.7796442978276112,with,True,4,6,20,Sunday,2025,0,3,WIN,False,False,True,True,False,False,False,False,True
2060,DOTUSDT,-1,2025-12-17 20:00:03,2025-12-22 15:10:14.285,115.16980138888889,1.8156368,1.9176843910933599,1.8513701999999999,-77.27610040163684,-0.38530849618951346,-68.28380451491962,4.20442257063996,-4.787873316077256,0.9469777675750356,0.7091122801105345,1.1233660566776411,1.7308457877119827,2.0947167771741606,2.553396652781494,8.54e-06,5.5993607430264225,with,True,4,6,20,Wednesday,2025,0,3,WHIPSAW,False,True,True,False,False,False,False,False,True
2061,SOLUSDT,-1,2025-12-17 20:00:03,2025-12-22 00:10:19.696,100.17130444444444,122.295536,129.15559303891405,126.895374,-133.45183630426874,-0.6654692186586958,-130.73659563600015,4.249502426412,1.5342617581434004,0.8142113058704534,0.9773189875781734,0.2602800515901606,1.5659709741817456,1.7558741706776637,2.8212033622375654,-5.848e-05,5.596920152819919,with,True,4,6,20,Wednesday,2025,0,3,CHOP,False,True,True,False,False,False,False,False,False
2062,ETHUSDT,-1,2025-12-17 20:00:03,2025-12-18 13:48:18.749,17.80437472222222,2818.456196,2960.315932874994,2960.907996061569,-200.0898567116476,-0.9978983630892119,-195.14472090434333,4.7502906040230855,-0.19484520328118998,0.09852123166079066,1.0056680432568017,0.32064204405005015,1.766238649164086,2.324743153499489,2.316927381543193,-8.6e-07,5.012608429022731,with,True,4,6,20,Wednesday,2025,0,3,FALSE_BREAKOUT,False,False,True,False,False,False,False,False,False
2063,ATOMUSDT,-1,2025-12-17 20:00:03,2025-12-19 19:32:20.000,47.53805555555556,1.9486102,2.0487123040433235,1.9733946,-54.721329052841185,-0.2729247509379005,-48.14251478411986,4.570984346622623,-2.007829922098698,1.2048717771986175,0.24364922429047345,0.44564697641813006,1.6046164165505803,2.166232162343285,2.7954290462007774,-5.376e-05,5.116075117666675,with,True,4,6,20,Wednesday,2025,0,3,GAVE_BACK,False,True,True,False,False,False,False,False,False
2065,ALGOUSDT,-1,2025-12-18 20:00:03,2025-12-19 07:00:14.433,11.003175833333334,0.10507898,0.11093301622473385,0.1109552028279788,-204.44930528637303,-1.0014776072224407,-199.20038582598008,4.3940565731476005,-0.854862887245349,0.013491546168831069,1.02852455448783,-0.8747844740630775,2.2972677400038295,2.880156569557038,2.2637726887563194,5.78e-05,5.549967863685867,with,True,1,6,20,Thursday,2025,0,3,FALSE_BREAKOUT,False,False,False,False,False,False,False,False,False
2066,BTCUSDT,1,2025-12-22 12:00:03,2025-12-23 03:07:05.582,15.117383888888888,89923.18104,87871.01554868217,87853.44134557244,-391.4992969570631,-0.9948376762444855,-370.89735324141753,19.114542438896745,-1.4874012767487998,0.3293199124823113,1.0646709776787775,-0.2393476754570015,1.3121720590631694,2.6137256120287313,1.6045147344948296,4.524e-05,2.2625882054851294,self,True,1,2,12,Monday,2025,0,3,CHOP,False,False,False,False,False,False,False,False,False
2067,XTZUSDT,-1,2025-12-24 08:00:03,2025-12-25 00:16:20.000,16.27138888888889,0.4289142,0.4469140633737726,0.4460892,-374.9199563335731,-0.9604566960500801,-358.7882730074999,10.967369738399675,-5.164313587673541,0.16190122888634179,0.9492183160065281,-0.6158824525386671,0.7815089021342286,1.3955516109539796,0.876222946838511,0.00025873,4.175772348198739,with,True,3,3,8,Wednesday,2025,0,3,FALSE_BREAKOUT,False,False,True,False,False,False,False,False,False
2068,SOLUSDT,-1,2025-12-24 08:00:03,2025-12-25 16:25:06.400,32.417611111111114,121.22575,125.91073771937212,124.27485,-253.1355313390956,-0.6486301223680897,-243.89415498999966,11.782393766003999,2.5410174169080597,0.1314304405652804,0.6818054157947911,0.4430641283043089,1.2374918797146655,1.449449831430501,0.9676364427412868,3.47e-06,3.8524725497955505,with,True,3,3,8,Wednesday,2025,0,3,FALSE_BREAKOUT,False,False,True,False,False,False,False,False,False
2069,DOGEUSDT,-1,2025-12-24 08:00:03,2025-12-29 00:30:09.189,112.50171916666666,0.12701459199999998,0.13197101296977773,0.12493498199999999,149.35403563820068,0.3828020181741753,157.2551495779157,11.431095622389451,3.529981682674432,1.3103390611090902,0.4853114807372561,2.3554480281612333,1.3640927561263143,1.6008863057802907,0.8992184258946158,-4.037e-05,3.8896425803178216,with,True,3,3,8,Wednesday,2025,0,3,WIN,False,False,True,False,False,False,False,False,True
2070,ADAUSDT,-1,2025-12-25 12:00:03,2025-12-27 20:05:03.076,56.083354444444446,0.35062986,0.3655182091755799,0.35897177999999996,-218.23867597625832,-0.5629457885695719,-209.32483462646266,10.683673251026212,1.7698319012305586,0.7878549771817233,0.7771271256169572,0.1833554524955383,1.052758792588,2.0380330471895967,1.327183279647622,-5.999e-05,4.225323403358976,with,True,2,4,12,Thursday,2025,0,3,CHOP,False,False,False,False,False,False,False,False,False
2071,FILUSDT,-1,2025-12-25 12:00:03,2025-12-27 21:30:03.529,57.500146944444445,1.259748,1.3202217660053965,1.2682536,-30.063031946266133,-0.15513191373368798,-26.377309000319663,4.703857178082911,1.018134232136444,1.0376069516557087,0.5994665521040142,-0.2356724401574087,0.5645799227633587,1.4280550987543836,1.374368354497835,-0.0001,4.779505238523531,with,True,2,4,12,Thursday,2025,0,3,GAVE_BACK,False,False,False,False,False,False,False,False,False
2072,AVAXUSDT,1,2025-12-25 20:00:03,2025-12-29 12:15:08.412,88.25150333333333,12.472494000000001,12.001611216840972,12.5134968,12.511859965997703,0.03263433046222656,32.027410088399485,11.70997942311144,-7.805570699290341,1.5407358815133787,0.969442961871536,0.5553526468851205,1.9041963180729153,1.2580532977829983,1.1819674902423583,7.241e-05,3.7484063129282834,with,False,2,5,20,Thursday,2025,0,3,WIN,False,False,False,False,False,True,False,False,False
2073,ALGOUSDT,1,2025-12-25 20:00:03,2025-12-25 23:39:13.405,3.652890277777778,0.11862371999999999,0.11386594375948983,0.11384317057073794,-381.1594528810577,-0.9944327001811588,-370.3537918567786,10.805661024279082,0.0,0.016032700182603096,1.013860206145962,0.6045429323703537,2.9150477516322963,1.9856122366190978,1.0541433014995685,0.0001,3.991615717124931,with,False,2,5,20,Thursday,2025,0,3,FALSE_BREAKOUT,False,False,False,False,False,True,True,False,False
2074,DOTUSDT,-1,2025-12-26 00:00:03,2025-12-26 02:21:18.975,2.3544375,1.6816636,1.7526925952500858,1.7530431337691357,-383.1595636109959,-0.9962113334215535,-372.4076492208865,10.751914390109377,0.0,0.43170538865200947,1.0043278769301431,-0.0047360940249186086,1.5277413372353026,2.3340492652205995,1.9854819274090056,0.00023002,4.202889134963485,with,True,2,6,0,Friday,2025,0,3,CHOP,False,False,False,False,False,False,True,False,False
2075,SOLUSDT,-1,2025-12-26 00:00:03,2025-12-26 02:32:17.948,2.5374855555555555,119.92601,124.11845405609931,124.14327774691053,-382.71607127536936,-0.99529771415663,-369.87251565536457,12.843555620004818,0.0,0.18509728206653936,1.0051392322980064,-0.10590242685625542,1.2186772198117173,2.019933502128873,1.410811981375532,-8.16e-05,3.475159696623018,with,True,2,6,0,Friday,2025,0,3,FALSE_BREAKOUT,False,False,False,False,False,False,True,False,False
2076,XTZUSDT,1,2025-12-29 00:00:03,2025-12-30 02:53:20.000,26.888055555555557,0.4990998,0.4774534551147626,0.4839032,-264.9868142066953,-0.7015572498529569,-255.7347916865601,9.92543335083888,0.6734108307036479,0.5959528072010837,0.6975681150815415,1.6122906747088606,1.3923346021270686,3.2023695848922524,0.4811301578879666,-0.00021164,4.3179448667810405,with,True,1,3,0,Monday,2025,0,3,WHIPSAW,False,False,False,False,False,False,False,True,True
2077,ETHUSDT,1,2025-12-29 04:00:03,2025-12-29 09:42:06.894,5.701081666666667,3042.90846,2970.675543992923,2970.0814088841244,-377.39018986698215,-0.9946787685762777,-358.37463583611293,17.75359310747513,-1.2619609233940798,0.18124064102184695,1.0938013355609097,-0.2101321785003522,2.7912253878793236,2.0639598293827532,3.4217667834899865,9.172e-05,2.354286428264056,with,True,4,6,4,Monday,2025,0,3,FALSE_BREAKOUT,False,True,True,False,False,False,True,False,False
2078,LINKUSDT,1,2025-12-29 04:00:03,2025-12-29 09:42:17.598,5.704055,12.938587199999999,12.513722054669245,12.51121931025831,-377.84919898601714,-0.9962977248556902,-363.7628549218,12.99727166536711,-1.08907239885,0.22692565172637236,1.0087605554613037,-0.7545622499826949,2.074639818407308,2.1339830626409233,2.9211564110163386,0.0001,3.256883999464673,with,True,4,6,4,Monday,2025,0,3,FALSE_BREAKOUT,False,True,True,False,False,False,True,False,False
2079,SOLUSDT,1,2025-12-29 04:00:03,2025-12-29 12:05:10.187,8.085329722222221,128.555706,124.6372086780316,124.612281236296,-377.659560059554,-0.9961013170205949,-362.5202215547367,13.964285410217315,-1.1750530946,0.14400775441044703,1.1039196009522956,-0.2949360188459775,2.2870144861398893,1.9779584744993601,3.5285949776306946,5.464e-05,3.0211572688829893,with,True,4,6,4,Monday,2025,0,3,FALSE_BREAKOUT,False,True,True,False,False,False,False,False,False
2080,BTCUSDT,1,2025-12-29 04:00:03,2025-12-29 09:36:06.290,5.600913888888889,90109.5183,88568.66763604064,88550.95390251343,-376.6442987837361,-0.9938832320187883,-350.52113299472893,24.108444119007157,-2.0147216699999997,0.17125715435779504,1.0646835143546856,-0.48967646096292905,3.1499757399127852,2.23700019818538,3.7796258135678205,0.0001,1.6904265924452,self,True,4,6,4,Monday,2025,0,3,LATE_ENTRY,False,True,True,False,False,False,True,True,False
2081,SOLUSDT,1,2025-12-31 12:00:03,2025-12-31 23:59:59.999,11.99916638888889,126.705336,123.14870374609144,124.565082,-222.48273089169024,-0.6127558323221272,-206.70936975179987,14.56087447809036,-1.2124866618,0.19531510440434266,0.9237210274943611,2.0481915137542055,1.3836741262727845,0.28803012424453334,0.7320370437349975,2.078e-05,2.7952452868486506,with,True,1,1,12,Wednesday,2025,0,8,FALSE_BREAKOUT,False,False,False,False,False,False,False,False,False
