period,position_id,symbol,side,entry_utc,exit_utc,entry_ts,exit_ts,exit_year,entry_price,exit_price,initial_stop,net_pnl,gross_pnl,ideal_gross_before_slippage,slippage_drag,fees,funding_pnl,mfe_r,mfe_upper_bound_r,mae_r,hours,category,upper_category,endpoint_sensitive,exit_kind,adds,root_net_pnl,add_net_pnl,net_r,entry_adx14,kijun_slope_atr,breakout_strength_pct,adx_cohort,breakout_cohort,slope_cohort,exit_4h_bucket
train,0,BTCUSDT,LONG,2021-10-05T20:00:03+00:00,2021-10-12T20:02:10.346000+00:00,1633464003000,1634068930346,2021,51175.092972,55140.289736,49157.09600104715,121.27432474583124,131.47117834200006,132.62268599999996,1.1515076579998986,3.45450705927768,-6.742346536891141,3.3225555461731546,3.3225555461731546,0.37913484658935925,168.0353738888889,WIN,WIN,False,RATCHETED_STOP,1,133.23809801470352,-11.963773268872291,1.6177327125308734,46.851347286972604,2.519516834551598,1.5644920291958273,>=35,>=1%,favorable,1634068800000
train,1,ETHUSDT,LONG,2021-10-05T20:00:03+00:00,2021-10-10T01:25:03.879000+00:00,1633464003000,1633829103879,2021,3492.4383479999997,3530.2938,3323.295128864958,11.267304317252865,16.243774453200103,16.846466000000092,0.6026915467999885,1.8080726188240794,-3.168397517123159,1.08175576257608,1.08175576257608,0.9031893136551414,101.41691083333333,WIN,WIN,False,RATCHETED_STOP,0,11.267304317252865,0.0,0.15027656097945205,34.51336384101387,1.2993564848467052,0.4539414143497013,25–35,0.25–0.5%,favorable,1633824000000
train,2,ADAUSDT,SHORT,2021-10-06T12:00:03+00:00,2021-10-06T13:46:05.578000+00:00,1633521603000,1633527965578,2021,2.13337324,2.237967275038549,2.237519771084332,-74.40641722221567,-72.58624165187678,-71.97951934094468,0.6067223109320992,1.820175570338887,0.0,0.01414583841306442,0.024707880072516154,1.004296868552007,1.7673827777777777,NO_FOLLOW_THROUGH,NO_FOLLOW_THROUGH,False,INITIAL_STOP_OR_GAP,0,-74.40641722221567,0.0,-0.9968102533510058,13.500811100350594,0.3731207617931804,1.212625363201804,<20,>=1%,favorable,1633521600000
train,3,XRPUSDT,LONG,2021-10-06T16:00:03+00:00,2021-10-08T20:55:13.684000+00:00,1633536003000,1633726513684,2021,1.09501896,1.05588878,1.0318090038477281,-49.4405309485881,-45.622252511727886,-45.12070151999995,0.5015509917279388,1.5046583896681824,-2.3136200471920314,0.1088600660222543,0.1088600660222543,0.8166270496320318,52.91963444444445,NO_FOLLOW_THROUGH,NO_FOLLOW_THROUGH,False,RATCHETED_STOP,0,-49.4405309485881,0.0,-0.6527681423143619,34.65389990042422,0.31758071798461834,0.5113688247648662,25–35,0.5–1%,favorable,1633723200000
train,4,ADAUSDT,LONG,2021-10-07T12:00:03+00:00,2021-10-10T17:16:13.898000+00:00,1633608003000,1633886173898,2021,2.32806552,2.2203558400000003,2.2012597247590526,-69.1076878186233,-62.22463610375983,-61.69910759999988,0.5255285037599506,1.5765929151729121,-5.306458799690569,0.11225417555209112,0.11225417555209112,0.9129355624483143,77.2696938888889,NO_FOLLOW_THROUGH,NO_FOLLOW_THROUGH,False,RATCHETED_STOP,0,-69.1076878186233,0.0,-0.9164442814843367,13.073227952250233,0.42162842584241045,2.8875902371949187,<20,>=1%,favorable,1633881600000
train,5,XRPUSDT,LONG,2021-10-09T12:00:03+00:00,2021-10-11T20:00:07.500000+00:00,1633780803000,1633982407500,2021,1.110222,1.1258747800000002,1.0573203776474145,15.421337996343004,21.481853358108197,22.095617460000003,0.6137641018918067,1.841289654201905,-4.219225707563288,2.300080689189922,2.300080689189922,0.07224731170863974,56.00125,WIN,WIN,False,RATCHETED_STOP,0,15.421337996343004,0.0,0.20550829075917038,15.721341664608032,0.35374921248527214,1.4595909541400318,<20,>=1%,favorable,1633982400000
train,7,SOLUSDT,SHORT,2021-10-11T00:00:03+00:00,2021-10-13T00:19:16.799000+00:00,1633910403000,1634084356799,2021,147.5764788,154.310856,157.68605083147955,-49.005876042119006,-48.56428774008008,-48.12888360000005,0.43540414008003125,1.3062181957060317,0.8646298936671061,0.9773389782706718,0.9773389782706718,0.6661387029075275,48.32049972222222,SLOW_FAILURE,SLOW_FAILURE,False,RATCHETED_STOP,0,-49.005876042119006,0.0,-0.6568541165485252,13.5607045943602,0.47734708282749116,2.967077631757211,<20,>=1%,favorable,1634083200000
train,8,ETHUSDT,LONG,2021-10-14T00:00:03+00:00,2021-10-17T15:35:04.396000+00:00,1634169603000,1634484904396,2021,3610.962048,3800.619724,3439.98294915572,44.29821160717617,53.22360593840022,54.099876000000194,0.8762700615999712,2.6288036928148797,-6.29659063840916,2.158380495010697,2.158380495010697,0.12248308794207029,87.58372111111112,WIN,WIN,False,RATCHETED_STOP,1,72.32860948401091,-28.03039787683474,0.5962811365821025,23.740550942801914,-0.05880033757483312,1.5145912106480584,20–25,>=1%,flat_or_adverse,1634472000000
train,9,XRPUSDT,LONG,2021-10-14T00:00:03+00:00,2021-10-15T09:05:10.434000+00:00,1634169603000,1634288710434,2021,1.1287257,1.0972804999999999,1.059683312442839,-35.756035283163875,-32.967889786720065,-32.50113160000015,0.46675818671991465,1.4002784602957918,-1.387867036148015,0.5601529925074104,0.5601529925074104,0.45544774902180607,33.08539833333333,SLOW_FAILURE,SLOW_FAILURE,False,RATCHETED_STOP,0,-35.756035283163875,0.0,-0.48137422960140547,20.653837034294472,0.0,0.14179369018079102,20–25,<0.25%,flat_or_adverse,1634284800000
train,10,BTCUSDT,LONG,2021-10-14T04:00:03+00:00,2021-10-17T20:02:02.085000+00:00,1634184003000,1634500922085,2021,58129.413558,60207.956,55510.75818265257,49.52630887447658,56.95206291079995,57.60055399999998,0.6484910892000286,1.94546635553352,-5.48028768078986,2.2409197091165307,2.2409197091165307,0.5076702992365388,88.03307916666667,WIN,WIN,False,RATCHETED_STOP,0,49.52630887447658,0.0,0.6665761550096224,28.064261884330566,0.271063051589072,0.5082953085449455,25–35,0.5–1%,favorable,1634500800000
train,12,XRPUSDT,LONG,2021-10-16T12:00:03+00:00,2021-10-17T15:34:07.123000+00:00,1634385603000,1634484847123,2021,1.1740347599999998,1.1202759,1.1142012953265779,-70.11610735095472,-66.01566504455982,-65.45218679999988,0.5634782445599456,1.6904425879424159,-2.40999971845248,0.24510096615739757,0.24510096615739757,0.8984747965611212,27.567811944444443,NO_FOLLOW_THROUGH,NO_FOLLOW_THROUGH,False,RATCHETED_STOP,0,-70.11610735095472,0.0,-0.9252344281010324,13.204092123319773,0.23658232300957782,0.5452376895552873,<20,0.5–1%,favorable,1634472000000
train,13,XRPUSDT,SHORT,2021-10-17T16:00:03+00:00,2021-10-20T01:19:17.916000+00:00,1634486403000,1634692757916,2021,1.11757644,1.10482092,1.1716177510211743,17.69583161370789,16.982507995199732,17.574281999999837,0.5917740048001043,1.77531990548616,2.48864352399432,1.898111612425699,1.898111612425699,0.14662042519463409,57.32081,WIN,WIN,False,RATCHETED_STOP,0,17.69583161370789,0.0,0.23806968518891525,13.27646299361714,-0.016692090878312672,0.2505144493155709,<20,0.25–0.5%,flat_or_adverse,1634688000000
train,14,BTCUSDT,LONG,2021-10-18T04:00:03+00:00,2021-10-21T14:24:16.983000+00:00,1634529603000,1634826256983,2021,62187.435,63506.106238,59651.14223532095,29.994007153725427,37.18652891160007,37.89544199999993,0.7089130883998607,2.12673471774696,-5.065787040127679,1.9566215182686069,1.9566215182686069,0.9028236140119887,82.40388416666667,WIN,WIN,False,RATCHETED_STOP,0,29.994007153725427,0.0,0.40352843029799884,32.80838005472306,0.9317683093032612,0.058930428800895114,25–35,<0.25%,favorable,1634817600000
train,15,ADAUSDT,SHORT,2021-10-19T20:00:03+00:00,2021-10-20T12:11:11.111000+00:00,1634673603000,1634731871111,2021,2.1025794,2.15983188,2.176572513729656,-56.00165728422619,-55.50504843167984,-54.67858740000001,0.8264610316798269,2.479389656470488,1.982780803924137,0.11730010486802235,0.11730010486802235,0.7737541659509003,16.18558638888889,NO_FOLLOW_THROUGH,NO_FOLLOW_THROUGH,False,RATCHETED_STOP,0,-56.00165728422619,0.0,-0.7467267796947943,24.689876136174487,-0.0,0.019018638265498093,20–25,<0.25%,flat_or_adverse,1634731200000
train,16,SOLUSDT,LONG,2021-10-20T12:00:03+00:00,2021-10-24T11:28:07.178000+00:00,1634731203000,1635074887178,2021,160.28004959999998,191.8646194,152.80516226226516,293.0183692338914,303.7456493096202,304.42296949999997,0.6773201903797599,2.0319240403836596,-8.695356035345112,7.424988216186132,7.424988216186132,0.11091131712644967,95.46782722222223,WIN,WIN,False,RATCHETED_STOP,0,293.0183692338914,0.0,3.940989082100809,13.233669572198263,0.0,0.3806576016074891,<20,0.25–0.5%,flat_or_adverse,1635062400000
train,17,ETHUSDT,LONG,2021-10-20T16:00:03+00:00,2021-10-22T14:24:17.623000+00:00,1634745603000,1634912657623,2021,4084.586754,4006.0286340000002,3901.9855891169045,-37.44024304484906,-31.352545691999875,-30.70675400000002,0.6457916919998539,1.9373787608104798,-4.15031859203871,1.6703795191847515,1.6703795191847515,0.4302169706874216,46.40406194444444,GIVEBACK_GE1R,GIVEBACK_GE1R,False,RATCHETED_STOP,0,-37.44024304484906,0.0,-0.49599988405680756,20.4294272632416,0.593985026157389,4.260414728036753,20–25,>=1%,favorable,1634904000000
train,18,ADAUSDT,LONG,2021-10-20T16:00:03+00:00,2021-10-21T15:29:19.783000+00:00,1634745603000,1634830159783,2021,2.19813954,2.124378465379775,2.1248034260649877,-77.90406347723909,-72.43944581350249,-71.59043499221711,0.8490108212853755,2.547041054708869,-2.9175766090277317,1.4134981312462211,1.4134981312462211,1.0057946987154174,23.487995277777777,GIVEBACK_GE1R,GIVEBACK_GE1R,False,INITIAL_STOP_OR_GAP,0,-77.90406347723909,0.0,-1.0321685613046458,25.3917586679969,0.0,0.19565019565018418,25–35,<0.25%,flat_or_adverse,1634817600000
train,19,ADAUSDT,SHORT,2021-10-24T12:00:03+00:00,2021-10-25T15:53:17.142000+00:00,1635076803000,1635177197142,2021,2.1231752800000003,2.17223436,2.1966652037637173,-46.478961542498524,-48.15804621899571,-47.31474434000002,0.843301878995689,2.529911314757321,4.208995991254508,0.4337367405970513,0.4337367405970513,0.6675619933656927,27.887261666666667,NO_FOLLOW_THROUGH,NO_FOLLOW_THROUGH,False,RATCHETED_STOP,0,-46.478961542498524,0.0,-0.6158203229328598,14.852816375790706,-0.0,0.0706380974805772,<20,<0.25%,flat_or_adverse,1635163200000
train,20,XRPUSDT,SHORT,2021-10-24T16:00:03+00:00,2021-10-25T15:55:11.428000+00:00,1635091203000,1635177311428,2021,1.07618472,1.1020203599999998,1.1173650694278277,-46.0714412836768,-45.5176930099555,-44.750174659999765,0.7675183499557363,2.302560419888959,1.7488121461676567,0.6334263881299985,0.6334263881299985,0.6273778721882657,23.91900777777778,SLOW_FAILURE,SLOW_FAILURE,False,RATCHETED_STOP,0,-46.0714412836768,0.0,-0.609523932099481,22.128900009116727,0.048703192953691465,0.06503762891386443,20–25,<0.25%,favorable,1635163200000
train,21,SOLUSDT,LONG,2021-10-25T08:00:03+00:00,2021-10-26T22:05:20+00:00,1635148803000,1635285920000,2021,207.9335784,200.9598,191.96080794311968,-34.9384238894938,-32.07659112863993,-31.700443199999977,0.3761479286399556,1.1284475899731838,-1.7333851708806838,0.7025970623127519,0.7025970623127519,0.43660418327717304,38.088055555555556,SLOW_FAILURE,SLOW_FAILURE,False,RATCHETED_STOP,0,-34.9384238894938,0.0,-0.4658542667289499,34.879826502127884,1.0867229012643966,1.4288531181316717,25–35,>=1%,favorable,1635278400000
train,22,ETHUSDT,LONG,2021-10-25T16:00:03+00:00,2021-10-26T22:39:12.363000+00:00,1635177603000,1635287952363,2021,4217.24328,4109.178,4038.1485380969643,-47.7501702366163,-43.69079270399992,-43.017519999999855,0.6732727040000626,2.0198232741023996,-2.03955425851398,0.4989913106906539,0.4989913106906539,0.6033972792931465,30.652600833333334,NO_FOLLOW_THROUGH,NO_FOLLOW_THROUGH,False,RATCHETED_STOP,0,-47.7501702366163,0.0,-0.6355160723345339,15.472517619104822,0.0,0.5850976783456956,<20,0.5–1%,flat_or_adverse,1635278400000
train,23,XRPUSDT,LONG,2021-10-26T04:00:03+00:00,2021-10-27T07:26:15.913000+00:00,1635220803000,1635319575913,2021,1.11692334,1.0856828200000002,1.0765509835701417,-62.184922980894974,-55.438589546063795,-54.65685455999989,0.7817349860639027,2.3452115170145476,-4.401121917816633,1.1264306575468226,1.1264306575468226,0.7738096748025138,27.436920277777777,GIVEBACK_GE1R,GIVEBACK_GE1R,False,RATCHETED_STOP,0,-62.184922980894974,0.0,-0.8311825422505639,22.466182226722328,-0.8464627354674807,0.7970625111947097,20–25,0.5–1%,flat_or_adverse,1635307200000
train,24,BTCUSDT,SHORT,2021-10-27T00:00:03+00:00,2021-10-28T20:05:04.050000+00:00,1635292803000,1635451504050,2021,60346.668251999996,61912.38,62693.261148160964,-47.833672558595566,-47.284494789600046,-46.54605200000006,0.7384427895999863,2.2153339543262396,1.66615618533072,1.1917995049654129,1.1917995049654129,0.6672276859618513,44.083625,GIVEBACK_GE1R,GIVEBACK_GE1R,False,RATCHETED_STOP,0,-47.833672558595566,0.0,-0.64830158636018,16.791130070368016,9.423814496429865e-05,2.470644272785636,<20,>=1%,favorable,1635451200000
train,25,ADAUSDT,SHORT,2021-10-27T08:00:03+00:00,2021-11-03T05:05:15.820000+00:00,1635321603000,1635915915820,2021,2.0993800400000002,1.9987996799999999,2.174772521893018,107.14541285954044,94.20620038143235,94.97389668000015,0.7676962985677989,2.3030774988363985,15.242289976944493,4.195113784008367,4.195113784008367,0.0,165.08689444444445,WIN,WIN,False,RATCHETED_STOP,0,107.14541285954044,0.0,1.4526082331323078,15.107512913717182,-0.0,1.0382435586036227,<20,>=1%,flat_or_adverse,1635912000000
train,26,XRPUSDT,SHORT,2021-10-27T08:00:03+00:00,2021-10-29T01:38:11.884000+00:00,1635321603000,1635471491884,2021,1.08098376,1.0820163600000001,1.1334556724096236,-2.4651225587346572,-1.4048320610400682,-0.8162882400002122,0.588543821039856,1.765631561074589,0.70534106338,2.8583627528028193,2.8583627528028193,0.01967909978083183,41.635801111111114,GIVEBACK_GE1R,GIVEBACK_GE1R,False,RATCHETED_STOP,0,-2.4651225587346572,0.0,-0.03342989632740879,18.993618110750134,-0.573003814472753,0.4439922301359854,<20,0.25–0.5%,flat_or_adverse,1635465600000
train,27,ETHUSDT,SHORT,2021-10-27T12:00:03+00:00,2021-10-28T13:30:16.479000+00:00,1635336003000,1635427816479,2021,3994.201,4208.50649262577,4207.664959633843,-74.77645896212658,-73.65679781547718,-73.09294662615183,0.563851189325348,1.6915623391292862,0.57190119247989,0.4986837130848532,0.4986837130848532,1.0039422720039983,25.503744166666667,NO_FOLLOW_THROUGH,NO_FOLLOW_THROUGH,False,INITIAL_STOP_OR_GAP,0,-74.77645896212658,0.0,-0.9895771211723254,17.085502049064747,-0.23742686315398123,0.4242792884122898,<20,0.25–0.5%,flat_or_adverse,1635422400000
train,28,ETHUSDT,LONG,2021-10-29T04:00:03+00:00,2021-10-31T10:06:13.177000+00:00,1635480003000,1635674773177,2021,4384.716768,4229.703890000001,4162.99534998423,-53.908374437690256,-49.66612611119986,-49.11411599999999,0.5520101111998699,1.6560362272939202,-2.58621209919648,0.37512493264897145,0.37512493264897145,0.6991335315606467,54.102826944444445,NO_FOLLOW_THROUGH,NO_FOLLOW_THROUGH,False,RATCHETED_STOP,0,-53.908374437690256,0.0,-0.7355757017250368,17.922327801734916,0.4211104955151024,1.9124785576115948,<20,>=1%,favorable,1635667200000
train,29,SOLUSDT,LONG,2021-10-29T04:00:03+00:00,2021-10-30T13:18:08.347000+00:00,1635480003000,1635599888347,2021,201.8093538,193.8042314,184.2602399069395,-34.12476444813024,-32.82180235224002,-32.49739260000007,0.3244097522399514,0.9732331564071119,-0.32972893948311,0.18751067547069863,0.18751067547069863,0.4561553619619217,33.30148527777778,NO_FOLLOW_THROUGH,NO_FOLLOW_THROUGH,False,RATCHETED_STOP,0,-34.12476444813024,0.0,-0.46569528628916906,27.97922792708601,0.0,0.1100251769323692,25–35,<0.25%,flat_or_adverse,1635595200000
train,30,XRPUSDT,LONG,2021-10-30T08:00:03+00:00,2021-11-05T12:40:20+00:00,1635580803000,1636116020000,2021,1.09611918,1.1620675400000002,1.037409722360294,67.66907728826452,79.87489940562418,80.42191376000001,0.5470143543758326,1.6410334124983488,-10.564788704861318,2.794793660110901,2.794793660110901,0.596482771394505,148.67138888888888,WIN,WIN,False,RATCHETED_STOP,0,67.66907728826452,0.0,0.9240435819158359,19.63823443130391,0.0,0.38321167883211504,<20,0.25–0.5%,flat_or_adverse,1636113600000
train,31,BTCUSDT,SHORT,2021-10-31T12:00:03+00:00,2021-11-01T08:05:11.480000+00:00,1635681603000,1635753911480,2021,60511.835212000005,62475.482597999995,62858.19225102525,-58.94316953570144,-58.71305684139969,-57.977594999999866,0.7354618413998253,2.2063924815113998,1.9762797872096498,0.473855936461358,0.473855936461358,0.8368919790722713,20.08568888888889,NO_FOLLOW_THROUGH,NO_FOLLOW_THROUGH,False,RATCHETED_STOP,0,-58.94316953570144,0.0,-0.806877393446221,13.692739699029172,-0.0,0.17726869731217246,<20,<0.25%,flat_or_adverse,1635753600000
train,32,SOLUSDT,LONG,2021-11-01T00:00:03+00:00,2021-11-05T14:43:08.861000+00:00,1635724803000,1636123388861,2021,202.7215362,233.80722920000002,188.08804920765763,147.07643448298404,151.7168332558001,152.1429438,0.4261105441999007,1.278313375446744,-3.3620853973693405,3.2663755279252786,3.2663755279252786,0.3529942113389031,110.71829472222223,WIN,WIN,False,RATCHETED_STOP,0,147.07643448298404,0.0,2.014656233124562,17.339949747752375,0.445406167173814,0.2536167525213699,<20,0.25–0.5%,favorable,1636113600000
train,33,BTCUSDT,LONG,2021-11-02T12:00:03+00:00,2021-11-03T18:00:16.760000+00:00,1635854403000,1635962416760,2021,63002.257932,60647.448084,60445.42398315293,-69.8595189600098,-64.28630885039992,-63.61118400000005,0.6751248503998681,2.0253821845420803,-3.54782792506779,0.5269376482612501,0.5269376482612501,0.9209866166951619,30.003822222222222,SLOW_FAILURE,SLOW_FAILURE,False,RATCHETED_STOP,0,-69.8595189600098,0.0,-0.9628689688524498,15.892821893523726,0.9717849546106309,0.7081954866567749,<20,0.5–1%,favorable,1635955200000
train,34,ADAUSDT,LONG,2021-11-03T08:00:03+00:00,2021-11-04T15:07:19.628000+00:00,1635926403000,1636038439628,2021,2.07961584,1.9898225463227637,1.9902205904408519,-77.27037110315085,-72.1265888568514,-71.47283529955925,0.6537535572921485,1.9612692486165002,-3.1825129976829447,0.7470660950033136,0.7470660950033136,1.0044526316560571,31.121285555555556,SLOW_FAILURE,SLOW_FAILURE,False,INITIAL_STOP_OR_GAP,0,-77.27037110315085,0.0,-1.037470465992591,24.617514808336093,0.5731663117644933,1.7675067333589871,20–25,>=1%,favorable,1636027200000
train,35,BTCUSDT,SHORT,2021-11-06T12:00:03+00:00,2021-11-07T01:01:17.017000+00:00,1636200003000,1636246877017,2021,60379.201744,62321.801867999995,62515.57783849999,-64.63736282249229,-63.32876404239989,-62.528755999999916,0.8000080423999734,2.4000316306507194,1.09143285055832,0.13068941593139496,0.13068941593139496,0.909296883166377,13.020560277777777,NO_FOLLOW_THROUGH,NO_FOLLOW_THROUGH,False,RATCHETED_STOP,0,-64.63736282249229,0.0,-0.8879339220710855,29.471936627114847,0.06825816980734042,0.20878838653719187,25–35,<0.25%,favorable,1636243200000
train,36,SOLUSDT,LONG,2021-11-06T16:00:03+00:00,2021-11-09T15:02:02.626000+00:00,1636214403000,1636470122626,2021,253.35066,241.041782,235.45096446314727,-52.62548755457656,-49.00410509359997,-48.61045200000003,0.39365309359993716,1.1809651140542399,-2.4404173469223522,0.37505330669889203,0.37505330669889203,0.6876585121047393,71.03322944444444,NO_FOLLOW_THROUGH,NO_FOLLOW_THROUGH,False,RATCHETED_STOP,0,-52.62548755457656,0.0,-0.7221228061278541,37.25119055181777,0.3359473364796595,1.09712237316373,>=35,>=1%,favorable,1636459200000
train,37,ETHUSDT,LONG,2021-11-07T04:00:03+00:00,2021-11-10T00:48:14.700000+00:00,1636257603000,1636505294700,2021,4555.490916,4705.0588,4385.451106877043,55.52502421654667,61.14335097920002,61.90049600000003,0.7571450208000101,2.2714276343404793,-3.3468991283128804,1.7024194833733068,1.7024194833733068,0.1910782902402889,68.80325,WIN,WIN,False,RATCHETED_STOP,0,55.52502421654667,0.0,0.7659476665082906,11.162827465075585,0.0,0.12822258034769718,<20,<0.25%,flat_or_adverse,1636502400000
train,38,XRPUSDT,LONG,2021-11-07T12:00:03+00:00,2021-11-10T04:04:07.586000+00:00,1636286403000,1636517047586,2021,1.1882376,1.2226554200000002,1.12832504894979,32.143770805242326,40.40167120916231,40.96768259000017,0.566011380837864,1.698029226392089,-6.559871177527897,1.832043504674229,1.832043504674229,0.12414093323728982,64.06794055555555,WIN,WIN,False,RATCHETED_STOP,0,32.143770805242326,0.0,0.4429920092006576,16.77162341669277,0.0,0.7322615941419014,<20,0.5–1%,flat_or_adverse,1636516800000
train,39,BTCUSDT,LONG,2021-11-08T00:00:03+00:00,2021-11-10T20:50:05.297000+00:00,1636329603000,1636577405297,2021,63329.06328,65836.83,61490.292328303905,80.89415528643748,94.04125199999999,95.00999999999995,0.9687479999999624,2.9062325987999995,-10.240864114762498,3.192152189801452,3.192152189801452,0.0,68.83397138888888,WIN,WIN,False,RATCHETED_STOP,0,80.89415528643748,0.0,1.111891297538422,21.589347549974214,-0.07946409855734696,1.193213764522304,20–25,>=1%,flat_or_adverse,1636574400000
train,40,XRPUSDT,LONG,2021-11-10T16:00:03+00:00,2021-11-10T20:47:11.268000+00:00,1636560003000,1636577231268,2021,1.3232646,1.2484171357255227,1.2486668690993425,-73.75614020456594,-72.26634198422542,-71.76974544823514,0.4965965359902782,1.4897982203405127,0.0,0.39190736295897854,0.39190736295897854,1.0033477341844674,4.78563,NO_FOLLOW_THROUGH,NO_FOLLOW_THROUGH,False,INITIAL_STOP_OR_GAP,0,-73.75614020456594,0.0,-0.9957703038752739,22.466440828652292,0.5590495712155469,2.2450676543956503,20–25,>=1%,favorable,1636574400000
train,41,ETHUSDT,LONG,2021-11-10T16:00:03+00:00,2021-11-10T20:00:14.309000+00:00,1636560003000,1636574414309,2021,4851.92019,4687.9364769460735,4688.874251796433,-73.56825632794973,-71.08693960887705,-70.25983684624627,0.8271027626307728,2.4813167190726735,0.0,0.12389029878671433,0.12389029878671433,1.0057515989707668,4.0031413888888885,NO_FOLLOW_THROUGH,NO_FOLLOW_THROUGH,False,INITIAL_STOP_OR_GAP,0,-73.56825632794973,0.0,-0.9935519592895001,30.274289832215924,0.20095541967877828,0.12327482245744781,25–35,<0.25%,favorable,1636574400000
train,42,ETHUSDT,SHORT,2021-11-14T20:00:03+00:00,2021-11-15T01:41:00.421000+00:00,1636920003000,1636940460421,2021,4548.120194,4705.941,4714.26944810824,-67.60139084140424,-65.73236569899989,-64.9615050000001,0.7708606989997833,2.3125898923805996,0.44356474997624995,0.07126239635290153,0.07126239635290153,0.949873695473743,5.682616944444445,NO_FOLLOW_THROUGH,NO_FOLLOW_THROUGH,False,RATCHETED_STOP,0,-67.60139084140424,0.0,-0.9358921424851578,10.867451150518265,-0.0,0.3013829321855437,<20,0.25–0.5%,flat_or_adverse,1636934400000
train,43,ETHUSDT,LONG,2021-11-15T04:00:03+00:00,2021-11-16T00:03:19.867000+00:00,1636948803000,1637020999867,2021,4707.451302,4535.9783036725385,4536.8856808087,-72.22522749141862,-69.05217642646892,-68.30771333833648,0.7444630881324343,2.233397461322599,-0.9396536036271101,0.3774424034008281,0.3774424034008281,1.005319812573157,20.05468527777778,NO_FOLLOW_THROUGH,NO_FOLLOW_THROUGH,False,INITIAL_STOP_OR_GAP,0,-72.22522749141862,0.0,-1.007046119012047,10.664743414807406,-0.3923017839369664,0.03187081695527462,<20,<0.25%,flat_or_adverse,1637020800000
train,44,ETHUSDT,SHORT,2021-11-16T04:00:03+00:00,2021-11-19T20:00:17.335000+00:00,1637035203000,1637352017335,2021,4311.017624,4299.329694,4519.856370325317,3.671809881036017,3.857016900000017,4.425299999999952,0.5682830999999351,1.704848768964,1.5196417500000001,1.6905752893671744,1.6905752893671744,0.27764185056770274,88.00398194444445,WIN,WIN,False,RATCHETED_STOP,0,3.671809881036017,0.0,0.05157543151341341,13.446279680739254,1.3894073332529842,4.729944409528067,<20,>=1%,favorable,1637352000000
train,45,ADAUSDT,SHORT,2021-11-16T04:00:03+00:00,2021-11-20T00:13:17.872000+00:00,1637035203000,1637367197872,2021,1.92951402,1.89267846,2.0185265498933433,28.417352638883855,28.468922446512074,29.059731519999886,0.5908090734878115,1.7724237332962174,1.7208539256680004,2.5739524567443417,2.5739524567443417,0.457081492333166,92.22079777777778,WIN,WIN,False,RATCHETED_STOP,0,28.417352638883855,0.0,0.39922837557818636,23.420441230896614,1.476446454386801,4.186962379521204,20–25,>=1%,favorable,1637366400000
train,46,BTCUSDT,SHORT,2021-11-16T04:00:03+00:00,2021-11-20T18:23:07.476000+00:00,1637035203000,1637432587476,2021,60931.491264000004,58991.796,63339.354059967925,55.45867282703729,55.087345497600055,55.76851200000001,0.6811665023999538,2.0434928149785603,2.4148201444158004,2.212539382609813,2.212539382609813,0.26231508583365787,110.38457666666666,WIN,WIN,False,RATCHETED_STOP,0,55.45867282703729,0.0,0.7794390762961282,16.81097656666946,0.804787295605135,3.951007889413981,<20,>=1%,favorable,1637424000000
train,47,XRPUSDT,SHORT,2021-11-16T04:00:03+00:00,2021-11-18T01:32:18.723000+00:00,1637035203000,1637199138723,2021,1.12257544,1.13492694,1.179354955947318,-15.847998515045463,-15.002320877949815,-14.453922070000026,0.5483988079497895,1.645198158320648,0.799520521225,1.5740789351379112,1.5740789351379112,0.21753443638829223,45.53770083333333,GIVEBACK_GE1R,GIVEBACK_GE1R,False,RATCHETED_STOP,0,-15.847998515045463,0.0,-0.22275048422723862,18.517639417621872,1.1546291373797248,3.758460990381191,<20,>=1%,favorable,1637193600000
train,48,SOLUSDT,SHORT,2021-11-18T12:00:03+00:00,2021-11-20T01:12:18.679000+00:00,1637236803000,1637370738679,2021,208.0123892,219.5248962,222.86944653762504,-55.56287738960624,-54.82601208609999,-54.41880209999996,0.40720998610003534,1.2216364885562518,0.48477118505,1.455496112627694,1.455496112627694,0.7748847391767771,37.20435527777778,GIVEBACK_GE1R,GIVEBACK_GE1R,False,RATCHETED_STOP,0,-55.56287738960624,0.0,-0.768092838940047,29.024244815571787,0.14017006071701527,0.720444474349483,25–35,0.5–1%,favorable,1637366400000
train,49,ADAUSDT,SHORT,2021-11-22T00:00:03+00:00,2021-11-28T22:06:15.416000+00:00,1637539203000,1638137175416,2021,1.8358327600000002,1.58521698,1.9266233258651215,182.28925449849652,179.24624106647215,179.85830600000006,0.612064933527904,1.8361732175872798,4.879186649611656,4.647319421126028,4.647319421126028,0.045899482620152025,166.1034488888889,WIN,WIN,False,RATCHETED_STOP,1,193.8494643769507,-11.560209878454167,2.556054357762973,24.9972489083249,-0.0,1.0403050108932403,20–25,>=1%,flat_or_adverse,1638129600000
train,50,XRPUSDT,SHORT,2021-11-22T00:00:03+00:00,2021-11-23T23:00:19.285000+00:00,1637539203000,1637708419285,2021,1.05798836,1.0722144,1.1122004088240198,-19.009455975228533,-18.144138949096064,-17.600760120000043,0.5433788290960209,1.6301385993792143,0.7648215732467456,0.7007364750835307,0.7007364750835307,0.26241472714266584,47.00452361111111,SLOW_FAILURE,SLOW_FAILURE,False,RATCHETED_STOP,0,-19.009455975228533,0.0,-0.26660483286817593,22.47460036319811,-0.0,0.1795671486626985,20–25,<0.25%,flat_or_adverse,1637697600000
train,51,ETHUSDT,SHORT,2021-11-22T04:00:03+00:00,2021-11-23T16:16:05.917000+00:00,1637553603000,1637684165917,2021,4166.496534,4333.636554000001,4369.091768618009,-58.31073359885482,-57.27888485400025,-56.69628800000017,0.5825968540000801,1.74779736555456,0.7159486207,0.7263079720381522,0.7263079720381522,0.8249948243607067,36.26747694444445,SLOW_FAILURE,SLOW_FAILURE,False,RATCHETED_STOP,0,-58.31073359885482,0.0,-0.8131015686297877,21.713273051373257,-0.0,0.8377066371033696,20–25,0.5–1%,flat_or_adverse,1637683200000
train,52,BTCUSDT,SHORT,2021-11-22T20:00:03+00:00,2021-11-25T00:43:07.050000+00:00,1637611203000,1637800987050,2021,55997.048350000005,57899.5776,58709.18422912544,-49.49239660904034,-48.8950017249998,-48.309575,0.5854267249997989,1.756285972149,1.15889108810846,0.27544650537232646,0.27544650537232646,0.7014874382376026,52.71779166666666,NO_FOLLOW_THROUGH,NO_FOLLOW_THROUGH,False,RATCHETED_STOP,0,-49.49239660904034,0.0,-0.6873515264533558,23.425291273467128,0.35027691778744036,1.0160164762323973,20–25,>=1%,favorable,1637798400000
train,53,SOLUSDT,SHORT,2021-11-24T20:00:03+00:00,2021-11-28T22:03:16.662000+00:00,1637784003000,1638136996662,2021,202.2165486,199.469886,218.91880316514386,12.234728969614777,11.579105522820033,11.917783899999993,0.33867837717995997,1.0160337014059317,1.6716571482006741,1.283332649277903,1.283332649277903,0.8584141346953846,98.053795,WIN,WIN,False,RATCHETED_STOP,0,12.234728969614777,0.0,0.17045788722343866,12.456043525714238,0.3429589238040326,2.273862203653798,<20,>=1%,favorable,1638129600000
train,54,ETHUSDT,LONG,2021-11-25T12:00:03+00:00,2021-11-26T08:20:15.353000+00:00,1637841603000,1637914815353,2021,4391.8782,4200.35976,4178.402376596366,-64.71633465114645,-61.78384874399995,-61.22948000000006,0.5543687439998877,1.6631135795376,-1.2693723276089,0.779534644002065,0.779534644002065,0.8971434654587646,20.336764722222224,SLOW_FAILURE,SLOW_FAILURE,False,RATCHETED_STOP,0,-64.71633465114645,0.0,-0.9097779028308371,12.751222243598372,-0.048356530993727186,0.0908678908401017,<20,<0.25%,flat_or_adverse,1637913600000
train,55,XRPUSDT,SHORT,2021-11-26T12:00:03+00:00,2021-11-28T23:26:15.652000+00:00,1637928003000,1638141975652,2021,0.93401316,0.96609318,0.9957687961731402,-37.22251221039338,-36.67260207920398,-36.23817833999995,0.43442373920403554,1.3032755661934006,0.7533654350040001,0.9086322071507653,0.9086322071507653,0.5194670800582374,59.43684777777778,SLOW_FAILURE,SLOW_FAILURE,False,RATCHETED_STOP,0,-37.22251221039338,0.0,-0.5147989619367277,23.85651667314809,2.1728979372936688,7.054919173536018,20–25,>=1%,favorable,1638129600000
train,57,ETHUSDT,SHORT,2021-11-26T12:00:03+00:00,2021-11-28T21:28:02.666000+00:00,1637928003000,1638134882666,2021,3983.5031400000003,4183.496532,4235.2303630185725,-56.569343544895965,-55.99814975999997,-55.54079999999991,0.45734976000005645,1.372055944896,0.8008621600000001,0.28802264264700145,0.28802264264700145,0.7944845599208177,57.46657388888889,NO_FOLLOW_THROUGH,NO_FOLLOW_THROUGH,False,RATCHETED_STOP,0,-56.569343544895965,0.0,-0.7827691655831327,17.792760516355518,0.159645885488296,5.443867178676295,<20,>=1%,favorable,1638129600000
train,58,ETHUSDT,LONG,2021-11-29T00:00:03+00:00,2021-12-02T18:26:10.124000+00:00,1638144003000,1638469570124,2021,4297.869402,4451.639494,4066.368257326107,42.31361956394417,45.56207825959993,46.08057599999986,0.5184977403999298,1.5554876915308797,-1.6929710041248802,2.096406904093939,2.096406904093939,0.07718925979900537,90.43531222222222,WIN,WIN,False,RATCHETED_STOP,0,42.31361956394417,0.0,0.59907726078195,24.395303129508,0.0,0.7933016803984765,20–25,0.5–1%,flat_or_adverse,1638460800000
train,59,SOLUSDT,LONG,2021-11-30T16:00:03+00:00,2021-12-03T16:12:06.261000+00:00,1638288003000,1638547926261,2021,213.062604,220.040983,198.89994816202,32.04489234733005,34.321063597800084,34.74708299999999,0.42601940219990553,1.2780540369500397,-0.99811721352,2.1251943381470255,2.1251943381470255,0.3590854750817233,72.20090583333334,WIN,WIN,False,RATCHETED_STOP,0,32.04489234733005,0.0,0.44923970685756986,19.25766934426341,0.40271153908770174,0.16615505928075203,<20,<0.25%,favorable,1638547200000
train,60,BTCUSDT,SHORT,2021-12-03T20:00:03+00:00,2021-12-06T21:48:06.144000+00:00,1638561603000,1638827286144,2021,53873.57313,49675.9332,56413.13663452974,113.09366447483974,113.75604210299993,114.31728499999996,0.561242897000028,1.6837149729257999,1.02133734476561,5.112958627275749,5.112958627275749,0.08915975898855528,73.80087333333333,WIN,WIN,False,RATCHETED_STOP,0,113.09366447483974,0.0,1.589328807536092,14.468613258986275,0.8033220249828481,3.555113868869164,<20,>=1%,favorable,1638820800000
train,61,XRPUSDT,SHORT,2021-12-03T20:00:03+00:00,2021-12-07T01:22:12.413000+00:00,1638561603000,1638840132413,2021,0.92821432,0.84386874,0.9735560495753238,125.16463713737078,128.20744084684804,128.74616831999998,0.5387274731519369,1.6161669699158012,-1.4266367395614725,7.759172914115456,7.759172914115456,0.10995786986285006,77.3692813888889,WIN,WIN,False,RATCHETED_STOP,0,125.16463713737078,0.0,1.758472535002008,26.422835811338917,0.638588658780281,2.808897985565007,25–35,>=1%,favorable,1638835200000
train,62,ADAUSDT,SHORT,2021-12-04T04:00:03+00:00,2021-12-06T22:04:19.402000+00:00,1638590403000,1638828259402,2021,1.4772045,1.41188232,1.591669405945399,39.15335137131763,40.280674072716074,40.636984580000046,0.35631050728397184,1.0689266454138504,-0.058396055984589974,2.6261717293804567,2.6261717293804567,0.3406764691581647,66.07122277777778,WIN,WIN,False,RATCHETED_STOP,0,39.15335137131763,0.0,0.5434809553508135,22.99166463337554,0.3599913624816089,1.5905245346869614,20–25,>=1%,favorable,1638820800000
train,63,SOLUSDT,SHORT,2021-12-04T04:00:03+00:00,2021-12-07T06:49:19.365000+00:00,1638590403000,1638859759365,2021,195.9717978,199.5829086,217.39555525487322,-12.30496056297892,-11.96613785796002,-11.703988400000036,0.2621494579599837,0.7864497783586079,0.4476270733397061,1.3989981852218158,1.3989981852218158,0.6762680277032548,74.8212125,GIVEBACK_GE1R,GIVEBACK_GE1R,False,RATCHETED_STOP,0,-12.30496056297892,0.0,-0.1708288403761844,34.02638976323936,0.17835423252932267,0.8408311910882524,25–35,0.5–1%,favorable,1638849600000
train,64,XRPUSDT,LONG,2021-12-08T16:00:03+00:00,2021-12-10T15:04:16.666000+00:00,1638979203000,1639148656666,2021,0.86697336,0.8250349600000001,0.7939035158034653,-42.641004688054956,-41.22006230943993,-40.88745855999997,0.3326037494399614,0.9978161548150272,-0.4231262238,0.9172955100290019,0.9172955100290019,0.5739494925868314,47.07046277777778,SLOW_FAILURE,SLOW_FAILURE,False,RATCHETED_STOP,0,-42.641004688054956,0.0,-0.5826732755244769,41.79681455775886,1.5137715359344068,1.9264044295766578,>=35,>=1%,favorable,1639137600000
train,65,ADAUSDT,SHORT,2021-12-09T16:00:03+00:00,2021-12-11T21:42:17.391000+00:00,1639065603000,1639258937391,2021,1.33063382,1.3331665799999999,1.4377138173906283,-2.7305262128140844,-1.7011528217718663,-1.3433194000000013,0.35783342177186506,1.073500426514328,0.04412703547210969,1.3068156836941347,1.3068156836941347,0.1397663463270656,53.7039975,GIVEBACK_GE1R,GIVEBACK_GE1R,False,RATCHETED_STOP,0,-2.7305262128140844,0.0,-0.03722533226025916,28.198720458504205,-0.0,0.4207995190862676,25–35,0.25–0.5%,flat_or_adverse,1639252800000
train,66,BTCUSDT,SHORT,2021-12-09T16:00:03+00:00,2021-12-12T13:06:08.272000+00:00,1639065603000,1639314368272,2021,48442.329595999996,49694.48691,51162.33294276844,-33.33860642027442,-32.8065216268001,-32.29228600000016,0.5142356267999375,1.54271075547432,1.0106259620000002,0.6316093684373884,0.6316093684373884,0.6419442116034464,69.10146444444445,SLOW_FAILURE,SLOW_FAILURE,False,RATCHETED_STOP,0,-33.33860642027442,0.0,-0.45485642779911034,36.31478102531632,-0.0,0.16173782828425123,>=35,<0.25%,flat_or_adverse,1639310400000
train,67,SOLUSDT,SHORT,2021-12-09T20:00:03+00:00,2021-12-12T17:14:06.189000+00:00,1639080003000,1639329246189,2021,181.1917544,173.73474,196.75484142709087,34.259473040477566,34.5274680748801,34.8561456000001,0.3286775251199998,0.9860283926225281,0.71803335822,1.2838554693692354,1.2838554693692354,0.219252491106698,69.23421916666666,WIN,WIN,False,RATCHETED_STOP,0,34.259473040477566,0.0,0.46673421315726377,27.816492688469193,0.02509678118851928,0.4883701680324426,25–35,0.25–0.5%,favorable,1639324800000
train,68,ETHUSDT,SHORT,2021-12-11T00:00:03+00:00,2021-12-12T18:03:04.855000+00:00,1639180803000,1639332184855,2021,3895.07083,4098.909618,4170.4339718956835,-54.43614198875509,-53.69113675919989,-53.27001600000007,0.42112075919982317,1.26336867000192,0.51836344044672,0.23264126621662476,0.23264126621662476,0.7402544385450847,42.05051527777778,NO_FOLLOW_THROUGH,NO_FOLLOW_THROUGH,False,RATCHETED_STOP,0,-54.43614198875509,0.0,-0.7339157954342476,26.063917322333687,0.13538131113215712,0.845236720183788,25–35,0.5–1%,favorable,1639324800000
train,69,XRPUSDT,LONG,2021-12-12T20:00:03+00:00,2021-12-13T14:18:10.188000+00:00,1639339203000,1639405090188,2021,0.85207038,0.8079383800000001,0.7942706897104297,-55.45941136487349,-54.03585188759993,-53.629346339999934,0.40650554759999835,1.2195230783215607,-0.204036398952,0.0662567564084511,0.0662567564084511,0.7635335030153847,18.301996666666668,NO_FOLLOW_THROUGH,NO_FOLLOW_THROUGH,False,RATCHETED_STOP,0,-55.45941136487349,0.0,-0.7655907076660585,14.430895911025678,0.0,0.9038619556285996,<20,0.5–1%,flat_or_adverse,1639396800000
train,70,ETHUSDT,LONG,2021-12-12T20:00:03+00:00,2021-12-13T01:42:13.261000+00:00,1639339203000,1639359733261,2021,4140.437921999999,3962.9672480000004,3905.120189517283,-54.69576798742823,-53.116972728199634,-52.63190499999984,0.4850677281997946,1.4552095004285999,-0.12358575880000001,0.1399472859633286,0.1399472859633286,0.7541746732283928,5.702850277777777,NO_FOLLOW_THROUGH,NO_FOLLOW_THROUGH,False,RATCHETED_STOP,0,-54.69576798742823,0.0,-0.7553269210230704,26.53870043476848,0.0,0.5473354913518494,25–35,0.5–1%,flat_or_adverse,1639353600000
train,71,BTCUSDT,LONG,2021-12-12T20:00:03+00:00,2021-12-13T08:07:10.159000+00:00,1639339203000,1639382830159,2021,50224.712933999996,48360.326,47905.792542905445,-58.19584451694787,-56.118046713399835,-55.52456699999995,0.593479713399887,1.7804458031480395,-0.2973520004,0.13547125947334693,0.13547125947334693,0.8039891930572001,12.118655277777778,NO_FOLLOW_THROUGH,NO_FOLLOW_THROUGH,False,RATCHETED_STOP,0,-58.19584451694787,0.0,-0.8058320897631985,20.677787401452026,0.0,0.3141113941403895,20–25,0.25–0.5%,flat_or_adverse,1639382400000
train,72,SOLUSDT,SHORT,2021-12-13T04:00:03+00:00,2021-12-15T08:03:09.090000+00:00,1639368003000,1639555389090,2021,167.31653,166.613316,178.62932954118244,3.5757579026632564,4.338197487400016,4.750206999999888,0.4120095125998713,1.23602796777516,0.47358838303840006,1.7163328961427464,1.7163328961427464,0.12140849795844955,52.05169166666666,WIN,WIN,False,RATCHETED_STOP,0,3.5757579026632564,0.0,0.050051691777668404,30.629299334029717,-0.0,0.1398267104870086,25–35,<0.25%,flat_or_adverse,1639555200000
train,73,ETHUSDT,SHORT,2021-12-13T16:00:03+00:00,2021-12-15T08:31:10.211000+00:00,1639411203000,1639557070211,2021,3805.5187440000004,3893.92863,4053.3277765340276,-25.850311865310296,-24.922746863399848,-24.488652999999967,0.4340938633998803,1.30228452883836,0.37471952692791,0.5535663595360026,0.5535663595360026,0.35676619651811803,40.51866972222222,SLOW_FAILURE,SLOW_FAILURE,False,RATCHETED_STOP,0,-25.850311865310296,0.0,-0.3611699976272037,27.51879553941729,0.7412631483702505,3.6973010464257854,25–35,>=1%,favorable,1639555200000
train,74,ADAUSDT,SHORT,2021-12-13T16:00:03+00:00,2021-12-15T19:07:20+00:00,1639411203000,1639595240000,2021,1.2406518199999998,1.2832565999999999,1.340649581937257,-30.5879695944813,-29.906054659414004,-29.551728730000015,0.35432592941398866,1.0629813344494474,0.38106639938214987,0.4335279026264666,0.4335279026264666,0.4260573354304874,51.12138888888889,NO_FOLLOW_THROUGH,NO_FOLLOW_THROUGH,False,RATCHETED_STOP,0,-30.5879695944813,0.0,-0.42729017007730796,20.138250963498653,-0.0,2.9736481585945813,20–25,>=1%,flat_or_adverse,1639584000000
train,75,BTCUSDT,SHORT,2021-12-13T16:00:03+00:00,2021-12-15T19:03:19.668000+00:00,1639411203000,1639594999668,2021,47229.622186,48793.986846,49630.21489766691,-46.21274983926091,-45.21013867399998,-44.6551240000001,0.555014673999878,1.6650493806148798,0.66243821535395,0.678841595277706,0.678841595277706,0.6516576728726896,51.05463,SLOW_FAILURE,SLOW_FAILURE,False,RATCHETED_STOP,0,-46.21274983926091,0.0,-0.6457809748396293,19.533836842796784,0.030111098691782284,1.7763474175084255,<20,>=1%,favorable,1639584000000
train,76,ETHUSDT,SHORT,2021-12-15T16:00:03+00:00,2021-12-15T19:03:12.205000+00:00,1639584003000,1639594992205,2021,3655.86868,3888.6140641225334,3887.836496823169,-71.13416771594825,-69.77706615993549,-69.32470174758609,0.4523644123493966,1.3571015560127613,0.0,0.07103864762654556,0.07103864762654556,1.0033520481850167,3.0525569444444445,NO_FOLLOW_THROUGH,NO_FOLLOW_THROUGH,False,INITIAL_STOP_OR_GAP,0,-71.13416771594825,0.0,-0.9977077649271014,33.664455338795726,0.07931616943548514,0.6943589827736584,25–35,0.5–1%,favorable,1639584000000
train,77,XRPUSDT,SHORT,2021-12-17T16:00:03+00:00,2021-12-18T11:03:07.500000+00:00,1639756803000,1639825387500,2021,0.79514094,0.83246646,0.8395878226509615,-58.31483506863326,-57.067704177984005,-56.57001040000005,0.49769377798395453,1.4930881223532477,0.24595723170400002,0.1809112252741092,0.1809112252741092,0.8397781300685332,19.05125,NO_FOLLOW_THROUGH,NO_FOLLOW_THROUGH,False,RATCHETED_STOP,0,-58.31483506863326,0.0,-0.8342510599883793,9.687626535540023,0.3680469940566353,0.7544322897019999,<20,0.5–1%,favorable,1639814400000
train,78,BTCUSDT,SHORT,2021-12-17T16:00:03+00:00,2021-12-19T03:12:14.015000+00:00,1639756803000,1639883534015,2021,46481.2019,47439.486,48709.16661838618,-30.266910973263812,-29.036008229999915,-28.46685,0.5691582299999141,1.7074781060219997,0.47657536275810003,0.46803788740215235,0.46803788740215235,0.4301163712745536,35.20305972222222,NO_FOLLOW_THROUGH,NO_FOLLOW_THROUGH,False,RATCHETED_STOP,0,-30.266910973263812,0.0,-0.4338674035214201,16.380219325628005,0.578763965992595,0.4577820255429456,<20,0.25–0.5%,favorable,1639872000000
train,79,ADAUSDT,SHORT,2021-12-17T16:00:03+00:00,2021-12-19T01:10:18.730000+00:00,1639756803000,1639876218730,2021,1.22585478,1.2662532,1.307986713780136,-34.41528126889978,-33.567115855314036,-33.15297783000004,0.4141380253139957,1.2424180542993395,0.3942526407135985,0.339146769325633,0.339146769325633,0.4918722613806345,33.171036111111114,NO_FOLLOW_THROUGH,NO_FOLLOW_THROUGH,False,RATCHETED_STOP,0,-34.41528126889978,0.0,-0.4925386015245913,14.800202120751692,0.6863140234311537,0.02446782481037166,<20,<0.25%,favorable,1639872000000
train,80,SOLUSDT,LONG,2021-12-19T04:00:03+00:00,2021-12-20T05:43:07.857000+00:00,1639886403000,1639978987857,2021,184.52689800000002,177.024588,172.45507762887445,-43.361364012899124,-41.84413402500012,-41.44082500000003,0.403309025000091,1.2099320478989999,-0.30729794,0.4036758210597549,0.4036758210597549,0.621472965083601,25.718015833333332,NO_FOLLOW_THROUGH,NO_FOLLOW_THROUGH,False,RATCHETED_STOP,0,-43.361364012899124,0.0,-0.6286324113627293,13.858149262386615,0.09788532548549565,0.178852094737404,<20,<0.25%,favorable,1639972800000
train,81,XRPUSDT,LONG,2021-12-20T04:00:03+00:00,2021-12-20T09:05:11.379000+00:00,1639972803000,1639991111379,2021,0.9081816,0.8617792123182373,0.861951602638765,-68.51636724633768,-66.86068998438743,-66.35062922543254,0.5100607589548929,1.5301902389402473,-0.12548702301,0.09341121017716149,0.1453255544771793,1.0037289710224446,5.085660833333334,NO_FOLLOW_THROUGH,NO_FOLLOW_THROUGH,False,INITIAL_STOP_OR_GAP,0,-68.51636724633768,0.0,-0.9972394037840258,13.708096944656859,1.4756742139263164,6.519105825349635,<20,>=1%,favorable,1639987200000
train,82,ETHUSDT,SHORT,2021-12-20T08:00:03+00:00,2021-12-21T03:52:11.235000+00:00,1639987203000,1640058731235,2021,3821.565534,3996.7891979999995,4028.370253388802,-57.396557515279575,-56.14166194559989,-55.64066399999996,0.5009979455999343,1.5030005136796798,0.24810494400000002,0.34605367910126533,0.34605367910126533,0.8472904511940615,19.868954166666665,NO_FOLLOW_THROUGH,NO_FOLLOW_THROUGH,False,RATCHETED_STOP,0,-57.396557515279575,0.0,-0.8413534168928801,20.29760057941354,-0.26617100114242565,1.5550236105115844,20–25,>=1%,flat_or_adverse,1640044800000
train,83,BTCUSDT,LONG,2021-12-21T08:00:03+00:00,2021-12-23T00:14:12.546000+00:00,1640073603000,1640218452546,2021,48584.104878,48286.010866,46534.37935474419,-12.098911793197964,-9.479389581600044,-8.863296000000037,0.6160935816000066,1.84828180839552,-0.7712404032024001,0.49513708566595294,0.49513708566595294,0.14543118511131442,40.235985,NO_FOLLOW_THROUGH,NO_FOLLOW_THROUGH,False,RATCHETED_STOP,0,-12.098911793197964,0.0,-0.17883716169957622,16.85242120777473,-0.2365587487054388,0.2330652496233593,<20,<0.25%,flat_or_adverse,1640217600000
train,84,XRPUSDT,LONG,2021-12-21T20:00:03+00:00,2021-12-24T14:56:17.815000+00:00,1640116803000,1640357777815,2021,0.9196839,0.9359127800000001,0.8641995252829056,22.670717954526904,19.290049244224136,19.73117168000007,0.44112243577593446,1.3233649395873985,4.704033649890168,1.7809716790330026,1.7809716790330026,0.0718021969304562,66.93744861111111,WIN,WIN,False,RATCHETED_STOP,0,22.670717954526904,0.0,0.3348744431652529,26.309741367123674,0.24231256727092587,0.5002718868950449,25–35,0.5–1%,favorable,1640347200000
train,85,ADAUSDT,LONG,2021-12-22T04:00:03+00:00,2021-12-28T17:28:13.333000+00:00,1640145603000,1640712493333,2021,1.29815958,1.4309137600000001,1.2362098799963903,111.28298908277714,116.93600197829815,117.73096645000001,0.7949644717018529,2.3848792873900257,-3.268133608131,4.741595519960289,4.741595519960289,0.1397840506006552,157.46953694444446,WIN,WIN,False,RATCHETED_STOP,1,136.81954397682284,-25.536554894045704,1.6293114436688747,9.874911033106738,0.2739498642410045,0.0654904075814791,<20,<0.25%,favorable,1640707200000
train,86,SOLUSDT,LONG,2021-12-22T08:00:03+00:00,2021-12-23T00:24:15.555000+00:00,1640160003000,1640219055555,2021,186.217236,176.004792,175.28585399874373,-63.49064327007387,-61.95174903720003,-61.51228200000009,0.4394670371999396,1.31840849307384,-0.22048573980000002,0.11551732432869453,0.11551732432869453,0.9342317374716524,16.4034875,NO_FOLLOW_THROUGH,NO_FOLLOW_THROUGH,False,RATCHETED_STOP,0,-63.49064327007387,0.0,-0.9320345567652303,10.161124107007513,0.03396319454111751,2.0249221183800676,<20,>=1%,favorable,1640217600000
train,87,BTCUSDT,LONG,2021-12-23T20:00:03+00:00,2021-12-25T17:21:07.664000+00:00,1640289603000,1640452867664,2021,51092.56647,50369.17415,49240.71337829922,-29.16919461091756,-25.897445055999963,-25.170979999999947,0.7264650560000163,2.1793981885175997,-1.0923513664,0.38471384862699237,0.38471384862699237,0.390631591264953,45.35129555555555,NO_FOLLOW_THROUGH,NO_FOLLOW_THROUGH,False,RATCHETED_STOP,0,-29.16919461091756,0.0,-0.4213805686469988,26.54273631675719,0.9658474310514679,2.903840563325686,25–35,>=1%,favorable,1640448000000
train,88,SOLUSDT,LONG,2021-12-23T20:00:03+00:00,2021-12-28T00:34:15.492000+00:00,1640289603000,1640651655492,2021,191.13822,192.44150399999998,179.5343828514159,4.769146382215546,7.576641533999947,8.022629999999975,0.44598846600002773,1.3379644352843998,-1.4695307165000002,1.1782119849612207,1.1782119849612207,0.7013386947603811,100.57013666666667,WIN,WIN,False,RATCHETED_STOP,0,4.769146382215546,0.0,0.0688816710685778,10.950533733201796,0.35597923845101526,1.8840276324052871,<20,>=1%,favorable,1640649600000
train,90,BTCUSDT,LONG,2021-12-27T16:00:03+00:00,2021-12-28T01:35:14.400000+00:00,1640620803000,1640655314400,2021,51459.579858,49935.50568495175,49945.49478390853,-69.48221324154461,-66.60204136220842,-65.71585094319732,0.8861904190111005,2.6585791429361945,-0.22159273640000002,0.4454308106859125,0.4454308106859125,1.0065974489331608,9.5865,NO_FOLLOW_THROUGH,NO_FOLLOW_THROUGH,False,INITIAL_STOP_OR_GAP,0,-69.48221324154461,0.0,-0.9959669736851703,26.24561575169316,0.03163329653597815,0.290169213219465,25–35,0.25–0.5%,favorable,1640649600000
train,91,XRPUSDT,SHORT,2021-12-28T04:00:03+00:00,2022-01-01T19:21:16.190000+00:00,1640664003000,1641064876190,2022,0.8946210400000001,0.8539707599999999,0.9414833092418782,57.45557783814477,57.26884616904021,57.76153800000005,0.49269183095984204,1.4780685614954399,1.6648002306,1.9849879552327059,1.9849879552327059,0.0230240664281737,111.35366388888889,WIN,WIN,False,RATCHETED_STOP,0,57.45557783814477,0.0,0.8444757027331685,15.44154837301245,0.4443651672000689,0.20113979215555075,<20,<0.25%,favorable,1641052800000
train,92,ETHUSDT,SHORT,2021-12-28T20:00:03+00:00,2021-12-31T08:34:12.199000+00:00,1640721603000,1640939652199,2021,3805.5387400000004,3797.479344,3946.085760570523,2.5013262507941896,3.7258587708002593,4.428834000000177,0.7029752291999176,2.10892515613992,0.8843926361338499,1.6047208904498385,1.6047208904498385,0.25394533342021847,60.56922194444444,WIN,WIN,False,RATCHETED_STOP,0,2.5013262507941896,0.0,0.036898285773189106,18.48237526259549,0.8209118755221919,0.9460655914289299,<20,0.5–1%,favorable,1640937600000
train,93,BTCUSDT,SHORT,2021-12-28T20:00:03+00:00,2021-12-31T08:32:10.296000+00:00,1640721603000,1640939530296,2021,47667.124668000004,48042.6066,49493.75987972542,-14.286130240810547,-13.367156779199826,-12.685703999999875,0.681452779199951,2.0443598598844797,1.12538639827376,0.9783697678267744,0.9783697678267744,0.25119702557719686,60.53536,SLOW_FAILURE,SLOW_FAILURE,False,RATCHETED_STOP,0,-14.286130240810547,0.0,-0.21088614357902008,25.33932686431024,0.6961642637889333,0.915752068202761,25–35,0.5–1%,favorable,1640937600000
train,94,SOLUSDT,SHORT,2021-12-28T20:00:03+00:00,2021-12-31T08:47:15.636000+00:00,1640721603000,1640940435636,2021,180.103972,177.41547599999998,191.69196296512206,14.912042880893523,15.341095875200084,15.749111999999949,0.4080161247998646,1.22404648450656,0.7949934902000001,1.04366425866234,1.04366425866234,0.20676819711127234,60.78684333333333,WIN,WIN,False,RATCHETED_STOP,0,14.912042880893523,0.0,0.22004637196311128,19.834737987759375,0.5924599499811366,0.35807472381057115,<20,0.25–0.5%,favorable,1640937600000
train,95,ADAUSDT,SHORT,2021-12-31T20:00:03+00:00,2022-01-01T22:48:15.878000+00:00,1640980803000,1641077295878,2022,1.28394316,1.3739656427944402,1.3736909046135175,-68.03625091041009,-67.10229055806523,-66.70605494621195,0.39623561185328526,1.1887148402863208,0.25475448794147165,0.0,0.020537117761980434,1.00306122657573,26.803577222222223,NO_FOLLOW_THROUGH,NO_FOLLOW_THROUGH,False,INITIAL_STOP_OR_GAP,0,-68.03625091041009,0.0,-0.9942637796285438,23.323415343850503,0.29020803073883567,0.8488435480102726,20–25,0.5–1%,favorable,1641067200000
train,96,BTCUSDT,SHORT,2021-12-31T20:00:03+00:00,2022-01-01T17:38:13.241000+00:00,1640980803000,1641058693241,2022,45698.478476000004,47693.96126532421,47684.424380448116,-67.64364000081073,-66.25002860556356,-65.62990543087736,0.6201231746861993,1.8603773996471782,0.46676600440000005,0.0,0.0244107736728488,1.0048021876400213,21.636178055555554,NO_FOLLOW_THROUGH,NO_FOLLOW_THROUGH,False,INITIAL_STOP_OR_GAP,0,-67.64364000081073,0.0,-0.9895076406553841,29.179716894763697,0.11331419649587318,0.377136241178161,25–35,0.25–0.5%,favorable,1641052800000
train,97,SOLUSDT,SHORT,2021-12-31T20:00:03+00:00,2022-01-01T19:57:11.685000+00:00,1640980803000,1641067031685,2022,167.85642199999998,177.2265612280064,177.19112300340572,-67.84816029980601,-66.74162769324414,-66.25003892865837,0.49158876458577083,1.474774243761866,0.3682416372,0.0,0.030683575177768117,1.0037963963267547,23.9524125,NO_FOLLOW_THROUGH,NO_FOLLOW_THROUGH,False,INITIAL_STOP_OR_GAP,0,-67.84816029980601,0.0,-0.9919005453031619,38.4223687436173,0.03870500367193707,0.07147537077848863,>=35,<0.25%,favorable,1641052800000
train,98,SOLUSDT,SHORT,2022-01-03T16:00:03+00:00,2022-01-12T09:25:04.126000+00:00,1641225603000,1641979504126,2022,170.98579600000002,143.42868,178.21047341015782,215.7131136187721,214.25326228520004,214.968934,0.7156717147999565,2.14698934812792,3.6068406817,5.749155795053394,5.749155795053394,0.40336804462752257,209.41697944444445,WIN,WIN,False,RATCHETED_STOP,1,245.65791687528022,-29.944803256508123,3.2501573935553774,19.908371071545666,-0.0,0.5730323938720557,<20,0.5–1%,flat_or_adverse,1641974400000
train,99,ADAUSDT,SHORT,2022-01-03T20:00:03+00:00,2022-01-11T16:36:13.170000+00:00,1641240003000,1641918973170,2022,1.32913412,1.1812362,1.3929986070991962,137.50064699961936,136.50777810517783,137.16528410999982,0.6575060048219807,1.9725015546319065,2.965370449073422,4.1452477272510935,4.1452477272510935,0.3862221575769979,188.602825,WIN,WIN,False,RATCHETED_STOP,1,150.03233318932314,-12.531686189703782,2.070080965811089,12.143338745871674,-0.0,0.9402030838661285,<20,0.5–1%,flat_or_adverse,1641916800000
train,100,BTCUSDT,SHORT,2022-01-03T20:00:03+00:00,2022-01-09T19:25:04.362000+00:00,1641240003000,1641756304362,2022,46355.287088,42343.467,47918.19432638053,163.50074437016164,162.47871356400003,163.19717999999992,0.7184664359998862,2.1553797243383994,3.1774105305000004,3.774201656466955,3.774201656466955,0.7480117074711254,143.417045,WIN,WIN,False,RATCHETED_STOP,0,163.50074437016164,0.0,2.466016337647937,12.532358146047212,-0.0,0.4215505165045214,<20,0.25–0.5%,flat_or_adverse,1641744000000
train,101,XRPUSDT,SHORT,2022-01-03T20:00:03+00:00,2022-01-11T16:37:20+00:00,1641240003000,1641919040000,2022,0.8325334600000001,0.7586516999999999,0.8649356381087889,116.92914387229635,116.17626434952832,117.04939426000013,0.8731299104718104,2.6193756854886887,3.372255208256734,4.327902264137072,4.327902264137072,0.4156060112621629,188.6213888888889,WIN,WIN,False,RATCHETED_STOP,1,146.7478040112542,-29.818660138957856,1.7612709373966,20.35419719420202,-0.018670859995652593,0.02401536983669284,20–25,<0.25%,flat_or_adverse,1641916800000
train,105,XRPUSDT,LONG,2022-01-12T16:00:03+00:00,2022-01-14T11:07:02.500000+00:00,1642003203000,1642158422500,2022,0.79135824,0.7597480200000001,0.750127748593025,-55.106636154334076,-52.90302856514385,-52.38384275999999,0.5191858051438558,1.5575637014931312,-0.6460438876970976,0.38179899057271494,0.38179899057271494,0.7666709496130912,43.116527777777776,NO_FOLLOW_THROUGH,NO_FOLLOW_THROUGH,False,RATCHETED_STOP,0,-55.106636154334076,0.0,-0.7748114672273031,34.97397445964501,0.5088593705980976,0.47396359959555495,25–35,0.25–0.5%,favorable,1642147200000
train,106,ADAUSDT,LONG,2022-01-13T00:00:03+00:00,2022-01-13T18:56:19.538000+00:00,1642032003000,1642100179538,2022,1.31256246,1.2377777947337438,1.2380253998137065,-71.13490790711452,-69.47587388373485,-69.00201715064895,0.4738567330858956,1.4215784794996686,-0.23745554388,0.5505655830459771,0.5505655830459771,1.0033219056311564,18.93792722222222,SLOW_FAILURE,SLOW_FAILURE,False,INITIAL_STOP_OR_GAP,0,-71.13490790711452,0.0,-0.9991297863452844,29.294614873417206,0.7630644433248802,1.2345679012345674,25–35,>=1%,favorable,1642089600000
train,107,ETHUSDT,SHORT,2022-01-14T12:00:03+00:00,2022-01-15T14:42:13.450000+00:00,1642161603000,1642257733450,2022,3200.1298460000003,3343.298526,3346.0176300073667,-68.07269252258023,-66.53048559599989,-65.92234200000006,0.6081435959998345,1.82443869868104,0.28223177210070005,0.12975621042433963,0.12975621042433963,0.9813616744824268,26.702902777777776,NO_FOLLOW_THROUGH,NO_FOLLOW_THROUGH,False,RATCHETED_STOP,0,-68.07269252258023,0.0,-0.9700638584352381,23.558159087828358,-0.0,0.4903507593485369,20–25,0.25–0.5%,flat_or_adverse,1642248000000
train,108,BTCUSDT,SHORT,2022-01-14T12:00:03+00:00,2022-01-15T17:45:09.363000+00:00,1642161603000,1642268709363,2022,41974.723376,43458.69,43554.7059490311,-65.09512990690554,-63.06858152000003,-62.34239999999989,0.7261815200001394,2.1785520410880004,0.15200365418249998,0.19539669694440684,0.19539669694440684,0.9392297417262664,29.7517675,NO_FOLLOW_THROUGH,NO_FOLLOW_THROUGH,False,RATCHETED_STOP,0,-65.09512990690554,0.0,-0.9298833944914283,17.12775049208785,-0.0,0.37689552372476903,<20,0.25–0.5%,flat_or_adverse,1642262400000
train,109,ADAUSDT,LONG,2022-01-16T04:00:03+00:00,2022-01-19T05:47:02.380000+00:00,1642305603000,1642571222380,2022,1.33496694,1.41181758,1.2566724218990726,63.66080349662179,66.09811344465598,66.57060995999993,0.47249651534394843,1.4174815575588047,-1.0198283904753882,3.848712110489777,3.848712110489777,0.05066689336903892,73.78316111111111,WIN,WIN,False,RATCHETED_STOP,0,63.66080349662179,0.0,0.9202587586608355,25.0154274133121,0.5280184391563248,1.1912789390874372,25–35,>=1%,favorable,1642564800000
train,110,SOLUSDT,SHORT,2022-01-17T20:00:03+00:00,2022-01-20T15:07:05.714000+00:00,1642449603000,1642691225714,2022,139.842026,142.68853199999998,146.9726901926619,-27.893992121011934,-27.324180395199775,-26.78176799999992,0.5424123951998538,1.6272403994121598,1.0574286736,1.0015933729356954,1.0015933729356954,0.3991922663991513,67.11742055555555,GIVEBACK_GE1R,GIVEBACK_GE1R,False,RATCHETED_STOP,0,-27.893992121011934,0.0,-0.39511881552648204,14.5208808828466,0.3903019680491088,0.7651054701465808,<20,0.5–1%,favorable,1642680000000
train,111,BTCUSDT,SHORT,2022-01-17T20:00:03+00:00,2022-01-20T14:31:18.182000+00:00,1642449603000,1642689078182,2022,42212.695772,42688.536,43471.21879387211,-26.355459550521406,-25.31470012960005,-24.41135200000003,0.903348129600019,2.7100473181622395,1.6692878972408798,0.8717009962742501,0.8717009962742501,0.37809417843796483,66.52088388888889,SLOW_FAILURE,SLOW_FAILURE,False,RATCHETED_STOP,0,-26.355459550521406,0.0,-0.3735895276598612,16.022651753098447,-0.0,0.0020132090196466577,<20,<0.25%,flat_or_adverse,1642680000000
train,112,XRPUSDT,SHORT,2022-01-18T12:00:03+00:00,2022-01-20T15:06:17.500000+00:00,1642507203000,1642691177500,2022,0.74665064,0.75955188,0.77484038684171,-32.181998101224046,-30.93198980176782,-30.209737319999867,0.7222524817679528,2.1667610704724782,0.9167527710162522,0.8425276088275567,0.8425276088275567,0.4576571784217328,51.10402777777778,SLOW_FAILURE,SLOW_FAILURE,False,RATCHETED_STOP,0,-32.181998101224046,0.0,-0.45679353956062513,22.948537379057353,0.5225410830105254,0.29455081001472483,20–25,0.25–0.5%,favorable,1642680000000
train,113,ETHUSDT,SHORT,2022-01-19T08:00:03+00:00,2022-01-20T14:07:16.152000+00:00,1642579203000,1642687636152,2022,3059.23803,3193.9886699999997,3196.6375541951957,-68.35768579543787,-66.95759301599988,-66.33615,0.6214430159998727,1.8643370083379995,0.46424422890000006,0.10362503133397188,0.10362503133397188,0.9807213000866523,30.12032,NO_FOLLOW_THROUGH,NO_FOLLOW_THROUGH,False,RATCHETED_STOP,0,-68.35768579543787,0.0,-0.9667870754085255,29.78266743552647,0.25221592858344777,0.674869683154406,25–35,0.5–1%,favorable,1642680000000
train,114,BTCUSDT,LONG,2022-01-20T16:00:03+00:00,2022-01-20T21:40:08.639000+00:00,1642694403000,1642714808639,2022,43284.40515,41886.066504299255,41894.44539337793,-67.97877955571686,-65.58208248336487,-64.7831860505751,0.7988964327897747,2.3966970723519805,0.0,0.15151147290177422,0.15151147290177422,1.0060281522819317,5.668233055555556,NO_FOLLOW_THROUGH,NO_FOLLOW_THROUGH,False,INITIAL_STOP_OR_GAP,0,-67.97877955571686,0.0,-0.9933019620304155,19.88188154777809,-0.24273605239069157,0.40995255078248516,<20,0.25–0.5%,flat_or_adverse,1642708800000
train,115,XRPUSDT,SHORT,2022-01-21T16:00:03+00:00,2022-01-25T22:59:20+00:00,1642780803000,1643151560000,2022,0.68126372,0.62222442,0.716341236928853,109.42568024600574,110.78072851128003,111.26990328000004,0.4891747687200052,1.4675109537716062,0.11246268849731764,3.8333306280695454,3.8333306280695454,0.1521282139446598,102.98805555555556,WIN,WIN,False,RATCHETED_STOP,0,109.42568024600574,0.0,1.6124166753263105,33.24697902649942,1.084196326871969,0.117439812096304,25–35,<0.25%,favorable,1643140800000
train,116,ETHUSDT,SHORT,2022-01-22T00:00:03+00:00,2022-01-26T09:22:06.143000+00:00,1642809603000,1643188926143,2022,2566.3966179999998,2505.480996,2781.4499528458105,18.161593559505498,19.066589685999997,19.384089999999947,0.3175003139999504,0.9524986159091997,0.047502489414699964,1.9315981233112778,1.9315981233112778,0.2752962749563865,105.36753972222222,WIN,WIN,False,RATCHETED_STOP,0,18.161593559505498,0.0,0.2647580515110126,36.38115528714845,1.7368326740884574,6.211359182830721,>=35,>=1%,favorable,1643184000000
train,117,ADAUSDT,SHORT,2022-01-22T00:00:03+00:00,2022-01-26T13:46:15.531000+00:00,1642809603000,1643204775531,2022,1.11967602,1.10932182,1.2473793629945054,3.8869592100550308,5.484974889060048,5.721130439999958,0.2361555509399098,0.7084659662843471,-0.8895497127206703,1.6152750207085445,1.6152750207085445,0.3838895588043409,109.7701475,WIN,WIN,False,RATCHETED_STOP,0,3.8869592100550308,0.0,0.05666298862648306,27.625470095441162,0.7823596349063238,3.883235136582741,25–35,>=1%,favorable,1643198400000
train,118,BTCUSDT,SHORT,2022-01-22T00:00:03+00:00,2022-01-23T23:13:16.165000+00:00,1642809603000,1642979596165,2022,36419.174708,36419.03235,38681.75115690066,-1.0654281917845787,0.0041995609999212315,0.4339449999999742,0.42974543900005296,1.2892362649266,0.2196085121421,1.0913110623067428,1.0913110623067428,0.1761555028090449,47.22032361111111,COST_FLIP,COST_FLIP,False,RATCHETED_STOP,0,-1.0654281917845787,0.0,-0.01556164964444711,31.350619595234516,1.2497189670043085,3.355242604317029,25–35,>=1%,favorable,1642968000000
train,119,SOLUSDT,SHORT,2022-01-24T08:00:03+00:00,2022-01-25T18:57:17.142000+00:00,1643011203000,1643137037142,2022,86.702656,99.829962,101.12861749827904,-63.592581114674694,-62.98612691859995,-62.80712900000001,0.17899791859993996,0.53700129265548,-0.06945290341926,0.41610093030652384,0.41610093030652384,0.9099778896239276,34.95392833333333,NO_FOLLOW_THROUGH,NO_FOLLOW_THROUGH,False,RATCHETED_STOP,0,-63.592581114674694,0.0,-0.90998878278785,48.00834254533265,0.10472571313998856,2.052819743974168,>=35,>=1%,favorable,1643126400000
train,120,SOLUSDT,SHORT,2022-01-27T04:00:03+00:00,2022-01-29T05:53:17.894000+00:00,1643256003000,1643435597894,2022,86.702656,94.64892599999999,99.50506242346702,-42.93108787242231,-42.05166083999991,-41.85971999999998,0.19194083999992984,0.5758275431664,-0.30359948925599994,0.08612880762626188,0.08612880762626188,0.6206856537091606,49.88747055555555,NO_FOLLOW_THROUGH,NO_FOLLOW_THROUGH,False,RATCHETED_STOP,0,-42.93108787242231,0.0,-0.6268733909072993,27.175782422082587,-0.0,2.7441485068603657,25–35,>=1%,flat_or_adverse,1643428800000
train,121,BTCUSDT,SHORT,2022-01-27T04:00:03+00:00,2022-01-28T20:41:03.654000+00:00,1643256003000,1643402463654,2022,35723.273916,37496.487797999995,38109.09156482743,-50.9620013028167,-49.6499886959999,-49.239959999999996,0.4100286959999053,1.2300919967951998,-0.0819206100216,0.08808046000635511,0.08808046000635511,0.7432311027087442,40.683515,NO_FOLLOW_THROUGH,NO_FOLLOW_THROUGH,False,RATCHETED_STOP,0,-50.9620013028167,0.0,-0.7450225889412856,22.90673530225568,-0.1686613679384137,0.6156938541444664,20–25,0.5–1%,flat_or_adverse,1643400000000
train,122,XRPUSDT,SHORT,2022-01-30T20:00:03+00:00,2022-01-31T23:35:12.972000+00:00,1643572803000,1643672112972,2022,0.60007996,0.6231246,0.6289461193587699,-54.26134227790736,-52.36929237406414,-51.813344280000095,0.5559480940640427,1.6678504997933137,-0.22419940404991484,0.7025513767850338,0.7025513767850338,0.7983271939153488,27.586103333333334,SLOW_FAILURE,SLOW_FAILURE,False,RATCHETED_STOP,0,-54.26134227790736,0.0,-0.8005428046750885,10.37969489474267,-0.0,0.703814759287029,<20,0.5–1%,flat_or_adverse,1643659200000
train,123,ADAUSDT,SHORT,2022-01-30T20:00:03+00:00,2022-02-01T09:04:02.647000+00:00,1643572803000,1643706242647,2022,1.0289941599999999,1.06291254,1.0962721132233704,-35.54543543530264,-33.34852747313403,-32.93717655000008,0.41135092313394495,1.234056721863186,-0.9628512403054341,0.33286030455844534,0.33286030455844534,0.5041529709946307,37.06656861111111,NO_FOLLOW_THROUGH,NO_FOLLOW_THROUGH,False,RATCHETED_STOP,0,-35.54543543530264,0.0,-0.5245291608473448,9.71863622603245,-0.0,0.7019333527640179,<20,0.5–1%,flat_or_adverse,1643702400000
train,124,SOLUSDT,SHORT,2022-01-31T04:00:03+00:00,2022-01-31T16:46:09.583000+00:00,1643601603000,1643647569583,2022,90.66186400000001,97.659528,98.55932513036377,-60.28023794757112,-59.20933440319988,-58.89064799999994,0.31868640319994057,0.9560662764777598,-0.11483726789347999,0.19143671301999363,0.19143671301999363,0.8860650131085439,12.768495277777777,NO_FOLLOW_THROUGH,NO_FOLLOW_THROUGH,False,RATCHETED_STOP,0,-60.28023794757112,0.0,-0.8858204635999084,11.137367875244326,0.7051235273998041,0.7169644826825565,<20,0.5–1%,favorable,1643644800000
train,125,ETHUSDT,LONG,2022-02-01T04:00:03+00:00,2022-02-02T15:32:14.196000+00:00,1643688003000,1643815934196,2022,2750.0398979999995,2661.627568,2588.622005416591,-36.459627232571506,-35.568280358999864,-35.13285899999997,0.4354213589998963,1.3062682929430798,0.41492141937144,0.3896724272217748,0.3896724272217748,0.5477232330629944,35.53644333333333,NO_FOLLOW_THROUGH,NO_FOLLOW_THROUGH,False,RATCHETED_STOP,0,-36.459627232571506,0.0,-0.5465509241781652,20.70989775268075,0.6207809853585796,1.3777050372795094,20–25,>=1%,favorable,1643803200000
train,126,ADAUSDT,SHORT,2022-02-03T00:00:03+00:00,2022-02-04T15:16:09.629000+00:00,1643846403000,1643987769629,2022,1.02589478,1.07341464,1.0818752989278866,-56.279682954208155,-54.743786349325966,-54.260099609999905,0.48368673932606043,1.451066729189953,-0.0848298756922384,0.18747200277866616,0.18747200277866616,0.8488642283079668,39.26850805555556,NO_FOLLOW_THROUGH,NO_FOLLOW_THROUGH,False,RATCHETED_STOP,0,-56.279682954208155,0.0,-0.8478206827042719,11.912167128301215,-0.0,0.40939662735159194,<20,0.25–0.5%,flat_or_adverse,1643976000000
train,127,BTCUSDT,SHORT,2022-02-03T00:00:03+00:00,2022-02-04T10:06:14.101000+00:00,1643846403000,1643969174101,2022,36884.671590000005,38205.6396,38419.754358044935,-56.94437470027059,-54.95226921599987,-54.32751999999988,0.6247492159999908,1.8742541673024,-0.11785131696831999,0.4432149224543241,0.4432149224543241,0.8605190791649446,34.10308361111111,NO_FOLLOW_THROUGH,NO_FOLLOW_THROUGH,False,RATCHETED_STOP,0,-56.94437470027059,0.0,-0.8587018820377585,22.801250517042014,0.05903551876034784,0.22434384879335567,20–25,<0.25%,favorable,1643961600000
train,128,XRPUSDT,SHORT,2022-02-03T00:00:03+00:00,2022-02-04T15:16:04.137000+00:00,1643846403000,1643987764137,2022,0.6002799200000001,0.62122422,0.6269878297031124,-52.12812032023579,-50.227719655099804,-49.64184989999986,0.5858697550999423,1.757615222321988,-0.142785442813992,0.46353009792291777,0.46353009792291777,0.7841983978835768,39.2669825,NO_FOLLOW_THROUGH,NO_FOLLOW_THROUGH,False,RATCHETED_STOP,0,-52.12812032023579,0.0,-0.7856173638420847,16.665203232037104,-0.0,0.11660836248542962,<20,<0.25%,flat_or_adverse,1643976000000
train,129,ETHUSDT,LONG,2022-02-04T12:00:03+00:00,2022-02-11T00:02:19.582000+00:00,1643976003000,1644537739582,2022,2829.185724,3054.628952,2667.6689925346277,67.8023228560765,70.98550357000006,71.64748199999994,0.6619784299998877,1.98592669230216,-1.1972540216213803,2.8094567781498556,2.8094567781498556,0.4108287940077966,156.03793944444445,WIN,WIN,False,RATCHETED_STOP,1,86.34079425874383,-18.53847140266732,1.0363982198767507,21.243809623423257,0.37268198766505867,0.7261722520178473,20–25,0.5–1%,favorable,1644537600000
train,130,BTCUSDT,LONG,2022-02-04T16:00:03+00:00,2022-02-11T00:24:04.334000+00:00,1643990403000,1644539044334,2022,39489.616344,43128.332608,37778.40608793317,119.9708671479669,124.83264364999975,125.65989799999988,0.8272543500001408,2.4817479708122403,-2.38002853122062,3.715431013494157,3.715431013494157,0.0,152.40037055555555,WIN,WIN,False,RATCHETED_STOP,1,129.74104831515638,-9.770181167189476,1.8422974924692934,21.932950979475986,0.3540216490501764,3.1475832359887086,20–25,>=1%,favorable,1644537600000
train,131,XRPUSDT,LONG,2022-02-04T16:00:03+00:00,2022-02-10T22:03:11.666000+00:00,1643990403000,1644530591666,2022,0.62422482,0.8358327999999999,0.5976412938198112,650.2832942953515,656.6483200455898,657.6485619499999,1.0002419044101316,3.0006467954025657,-3.3643789548357215,11.024691683619182,11.024691683619182,0.0,150.05240722222223,WIN,WIN,False,RATCHETED_STOP,1,495.76295913149295,154.52033516385856,9.967737117617334,15.958667545345817,0.1289896392014688,0.4647435897435919,<20,0.25–0.5%,favorable,1644523200000
train,132,ADAUSDT,LONG,2022-02-04T16:00:03+00:00,2022-02-06T15:02:16.250000+00:00,1643990403000,1644159736250,2022,1.0772153999999998,1.09638068,1.0265529944699416,21.777912587333258,23.861797025952217,24.403046640000078,0.5412496140478602,1.623745913778403,-0.46013852484055506,2.0347355977567947,2.0347355977567947,0.0,47.037013888888886,WIN,WIN,False,RATCHETED_STOP,0,21.777912587333258,0.0,0.33389771437223403,11.624976645387497,0.09891782802102969,0.36208337201745566,<20,0.25–0.5%,favorable,1644148800000
train,134,SOLUSDT,LONG,2022-02-07T04:00:03+00:00,2022-02-08T09:15:17.096000+00:00,1644206403000,1644311717096,2022,119.143824,111.9776,110.62758367012998,-57.30431238575146,-56.7235294496,-56.35764800000015,0.36588144959985414,1.0976511117177599,0.5168681755663,0.3212891949987704,0.3212891949987704,0.8414774269421514,29.253915555555555,NO_FOLLOW_THROUGH,NO_FOLLOW_THROUGH,False,RATCHETED_STOP,0,-57.30431238575146,0.0,-0.8314810514193937,25.377341939797766,0.12378548271705751,1.5867685332885573,25–35,>=1%,favorable,1644307200000
train,137,SOLUSDT,SHORT,2022-02-11T20:00:03+00:00,2022-02-15T01:25:13.571000+00:00,1644609603000,1644888313571,2022,99.63007,97.939584,107.70083130164583,12.84087903759026,14.616280053200061,14.957926000000034,0.3416459467999733,1.02493604544888,-0.7504649701609201,1.132491676855332,1.132491676855332,0.053270067584866534,77.41960305555556,WIN,WIN,False,RATCHETED_STOP,0,12.84087903759026,0.0,0.18045158566694813,18.704565067830355,0.5149092213362649,3.471107544141246,<20,>=1%,favorable,1644883200000
train,138,ADAUSDT,SHORT,2022-02-12T00:00:03+00:00,2022-02-15T02:05:16.842000+00:00,1644624003000,1644890716842,2022,1.07888418,1.07911578,1.149709663418376,-1.6891803712783198,-0.2277921717599985,0.19671171999997833,0.4245038917599768,1.2735116516745932,-0.18787654784372815,0.8765796857786345,0.8765796857786345,0.1767135132148303,74.08717833333333,COST_FLIP,COST_FLIP,False,RATCHETED_STOP,0,-1.6891803712783198,0.0,-0.023671632199178873,19.46292680549754,0.7573429996842561,2.3443291326908913,<20,>=1%,favorable,1644883200000
train,139,BTCUSDT,LONG,2022-02-15T12:00:03+00:00,2022-02-17T09:19:05.466000+00:00,1644926403000,1645089545466,2022,44223.14286,43269.144440000004,42605.966867216826,-43.50450608908504,-40.25873332399984,-39.5203,0.7384333239998426,2.215304714436,-1.0304680506492,0.3424841467296378,0.3424841467296378,0.5899162640660754,45.31735166666667,NO_FOLLOW_THROUGH,NO_FOLLOW_THROUGH,False,RATCHETED_STOP,0,-43.50450608908504,0.0,-0.610754368521018,19.19752166475293,-0.8736452708907391,0.6499296609249541,<20,0.5–1%,flat_or_adverse,1645084800000
train,140,XRPUSDT,LONG,2022-02-16T00:00:03+00:00,2022-02-17T09:21:07.500000+00:00,1644969603000,1645089667500,2022,0.85137024,0.8072385200000001,0.7974813166797445,-58.6230155235097,-56.96835311494783,-56.54014541999993,0.42820769494790056,1.2846298696614502,-0.37003253890041443,0.037665625418742965,0.037665625418742965,0.8189386107740612,33.35125,NO_FOLLOW_THROUGH,NO_FOLLOW_THROUGH,False,RATCHETED_STOP,0,-58.6230155235097,0.0,-0.8219479024475546,19.119289281726935,0.13589312970460124,1.3275375939849599,<20,>=1%,favorable,1645084800000
train,141,ETHUSDT,LONG,2022-02-16T00:00:03+00:00,2022-02-17T08:35:13.444000+00:00,1644969603000,1645086913444,2022,3184.3767479999997,3039.811916,3028.0642334209724,-65.95320140507772,-63.86874277759981,-63.31877599999987,0.5499667775999413,1.6499079310531197,-0.43455069642480004,0.015438635905125888,0.015438635905125888,0.9248449005464089,32.58623444444444,NO_FOLLOW_THROUGH,NO_FOLLOW_THROUGH,False,RATCHETED_STOP,0,-65.95320140507772,0.0,-0.9248821805914008,27.13982780596692,0.39475602986096037,0.9350667299048595,25–35,0.5–1%,favorable,1645084800000
train,142,BTCUSDT,SHORT,2022-02-17T16:00:03+00:00,2022-02-23T11:49:19.116000+00:00,1645113603000,1645616959116,2022,41899.41844,39145.8276,43537.80968673676,95.7748178833276,98.82737900000019,99.75220000000012,0.9248209999999251,2.7744510297359994,-0.2781100869366001,3.411467469160651,3.411467469160651,0.11620030342519935,139.82114333333334,WIN,WIN,False,RATCHETED_STOP,1,110.8193054234572,-15.044487540129593,1.3697253682197768,19.04889277087253,-0.0,1.7407421547830224,<20,>=1%,flat_or_adverse,1645603200000
train,143,ETHUSDT,SHORT,2022-02-17T16:00:03+00:00,2022-02-23T12:36:10.902000+00:00,1645113603000,1645619770902,2022,2986.382604,2737.877466,3152.39652292348,82.69493282632648,84.41423746560008,85.10048000000006,0.6862425343999874,2.0587173911424,0.33941275186879993,2.9598879852146025,2.9598879852146025,0.1035298492527145,140.602195,WIN,WIN,False,RATCHETED_STOP,1,100.65978638852097,-17.964853562194488,1.1820914965881952,23.190632804607382,-0.0,0.3855772192241228,20–25,0.25–0.5%,flat_or_adverse,1645617600000
train,144,ADAUSDT,SHORT,2022-02-17T16:00:03+00:00,2022-02-23T12:45:06.666000+00:00,1645113603000,1645620306666,2022,1.0504898599999999,0.94298856,1.1046424486125581,106.65566094352565,110.86393617656788,111.46214499999999,0.5982088234321168,1.7946130948385999,-2.4136621382036085,4.404034342777345,4.404034342777345,0.1072920085421869,140.75101833333332,WIN,WIN,False,RATCHETED_STOP,1,131.0731017158442,-24.417440772318542,1.5246853512439,20.023503693052668,-0.0,0.3331112591605652,20–25,0.25–0.5%,flat_or_adverse,1645617600000
train,145,SOLUSDT,SHORT,2022-02-17T16:00:03+00:00,2022-02-20T18:40:10.322000+00:00,1645113603000,1645382410322,2022,97.270542,92.71854,104.28143188241563,43.46379454344722,44.42298751800002,44.793810000000036,0.37082248200001544,1.1124620707428,0.15326909619000004,1.6945840256025424,1.6945840256025424,0.06696125711194818,74.66870055555556,WIN,WIN,False,RATCHETED_STOP,0,43.46379454344722,0.0,0.6214609394826627,19.108482401358287,-0.0,0.2672147995889056,<20,0.25–0.5%,flat_or_adverse,1645372800000
train,148,XRPUSDT,SHORT,2022-02-22T00:00:03+00:00,2022-02-25T13:36:16.190000+00:00,1645488003000,1645796176190,2022,0.70115974,0.72394476,0.7648889403954411,-28.21713214990397,-26.413684816131923,-26.083273499999958,0.33041131613196484,0.9912370783888199,-0.8122102553832291,1.2609563512701571,1.2609563512701571,0.6690851248001899,85.60366388888889,GIVEBACK_GE1R,GIVEBACK_GE1R,False,RATCHETED_STOP,0,-28.21713214990397,0.0,-0.3753325615810539,19.020308549530256,0.9168260964477365,6.088692428347349,<20,>=1%,favorable,1645790400000
train,150,SOLUSDT,SHORT,2022-02-24T04:00:03+00:00,2022-02-24T15:20:15.598000+00:00,1645675203000,1645716015598,2022,77.454506,85.90913219924089,85.89195380847919,-72.83273310153555,-72.06723372232935,-71.78873426347658,0.27849945885276384,0.8355069912061973,0.070007612,0.2612764013526202,0.2612764013526202,1.0020359700174306,11.336832777777778,NO_FOLLOW_THROUGH,NO_FOLLOW_THROUGH,False,INITIAL_STOP_OR_GAP,0,-72.83273310153555,0.0,-0.9980209211857937,22.80912875591253,0.6027137232838197,5.536912751677842,20–25,>=1%,favorable,1645704000000
train,151,BTCUSDT,SHORT,2022-02-24T04:00:03+00:00,2022-02-24T19:36:12.740000+00:00,1645675203000,1645731372740,2022,34900.81844,37078.00446817115,37070.590350101134,-72.89941926127338,-71.19398312119657,-70.723244448307,0.47073867288956706,1.4122245054583182,-0.2932116346185,0.2751987143073367,0.2751987143073367,1.003417003435016,15.602705555555556,NO_FOLLOW_THROUGH,NO_FOLLOW_THROUGH,False,INITIAL_STOP_OR_GAP,0,-72.89941926127338,0.0,-1.0016745133130458,36.17116688576656,0.8597689553742695,5.211729183735427,>=35,>=1%,favorable,1645718400000
train,152,ETHUSDT,SHORT,2022-02-24T04:00:03+00:00,2022-02-24T19:54:12.336000+00:00,1645675203000,1645732452336,2022,2394.97091,2580.534160022722,2580.018156391444,-72.90820848170611,-71.66452715877526,-71.2802219983757,0.3843051603995633,1.152924034825665,-0.0907572881052,0.5201423521666119,0.5201423521666119,1.0027884966749878,15.902593333333334,SLOW_FAILURE,SLOW_FAILURE,False,INITIAL_STOP_OR_GAP,0,-72.90820848170611,0.0,-0.9994936126540906,25.95134020240834,0.8719814032203297,4.893443820576521,25–35,>=1%,favorable,1645718400000
train,153,SOLUSDT,SHORT,2022-02-27T20:00:03+00:00,2022-02-28T14:39:08.686000+00:00,1645992003000,1646059148686,2022,84.79303800000001,92.56850999999999,93.1156282932624,-65.87193209792966,-64.89719950079981,-64.60113599999995,0.29606350079986044,0.8881982545363198,-0.08653434259351998,0.09528740116427681,0.09528740116427681,0.9342610564759702,18.651579444444444,NO_FOLLOW_THROUGH,NO_FOLLOW_THROUGH,False,RATCHETED_STOP,0,-65.87193209792966,0.0,-0.9330828778531135,14.237108507736275,-0.0,1.4031364225916727,<20,>=1%,flat_or_adverse,1646049600000
train,154,BTCUSDT,SHORT,2022-02-27T20:00:03+00:00,2022-02-28T14:57:10.796000+00:00,1645992003000,1646060230796,2022,37567.185059999996,39761.08890955742,39753.13828190104,-70.70394736377885,-68.88858087610299,-68.40296205169273,0.4856188244102668,1.4568646815864614,-0.35850180608939997,0.28938636639710963,0.28938636639710963,1.0036371444625254,18.952165555555556,NO_FOLLOW_THROUGH,NO_FOLLOW_THROUGH,False,INITIAL_STOP_OR_GAP,0,-70.70394736377885,0.0,-1.0025187880575892,23.496996889899524,-0.0,1.269537747473703,20–25,>=1%,flat_or_adverse,1646049600000
train,155,ETHUSDT,SHORT,2022-02-27T20:00:03+00:00,2022-02-28T15:56:10.763000+00:00,1645992003000,1646063770763,2022,2605.32883,2821.53354467139,2820.9693508012297,-70.64969560400345,-69.40171340951615,-69.05331160719476,0.3484018023213906,1.0452136933617096,-0.20276850112559996,0.23951356548432873,0.23951356548432873,1.0026163629547167,19.935489722222222,NO_FOLLOW_THROUGH,NO_FOLLOW_THROUGH,False,INITIAL_STOP_OR_GAP,0,-70.64969560400345,0.0,-1.0012895863228697,24.322556002746648,-0.0,1.2297142243149202,20–25,>=1%,flat_or_adverse,1646049600000
train,156,XRPUSDT,SHORT,2022-02-27T20:00:03+00:00,2022-02-28T20:22:04.888000+00:00,1645992003000,1646079724888,2022,0.7131573400000001,0.76775352,0.7727324446471475,-64.32471083394918,-63.45484697443987,-63.11060939999989,0.3442375744399797,1.032720296593128,0.162856437083824,0.17888915282854417,0.17888915282854417,0.9164260864225615,24.36719111111111,NO_FOLLOW_THROUGH,NO_FOLLOW_THROUGH,False,RATCHETED_STOP,0,-64.32471083394918,0.0,-0.9115301276888679,20.913588776923945,-0.0,1.1634426689094441,20–25,>=1%,flat_or_adverse,1646078400000
train,157,SOLUSDT,LONG,2022-03-02T04:00:03+00:00,2022-03-03T15:15:11.864000+00:00,1646193603000,1646320511864,2022,104.260848,96.66066400000001,95.26936490975834,-58.10014038329908,-56.89497742399988,-56.59415999999991,0.30081742399997324,0.9024590632992,-0.30270389600000003,0.24124518482987128,0.24124518482987128,0.8452647826528603,35.25246222222222,NO_FOLLOW_THROUGH,NO_FOLLOW_THROUGH,False,RATCHETED_STOP,0,-58.10014038329908,0.0,-0.8474468545861062,27.964871324780656,0.25639210344226054,1.2950882578664566,25–35,>=1%,favorable,1646308800000
train,158,XRPUSDT,SHORT,2022-03-04T20:00:03+00:00,2022-03-05T13:59:12.646000+00:00,1646424003000,1646488752646,2022,0.71365724,0.7577440407346598,0.7575925222302138,-67.99378590322627,-66.62739881463509,-66.18266227327638,0.4447365413587079,1.3342175659954385,-0.03216952259573159,0.49521111269971074,0.49521111269971074,1.003448674886214,17.986012777777777,NO_FOLLOW_THROUGH,NO_FOLLOW_THROUGH,False,INITIAL_STOP_OR_GAP,0,-67.99378590322627,0.0,-0.9980875890763501,17.999741989179494,-0.11189124878994171,1.2048192771084254,<20,>=1%,flat_or_adverse,1646481600000
train,159,ADAUSDT,SHORT,2022-03-04T20:00:03+00:00,2022-03-09T07:26:11.333000+00:00,1646424003000,1646810771333,2022,0.8492301200000001,0.8462692199999999,0.9103039360380116,0.6568479575616268,3.2302844585401695,3.6002359800000883,0.3699515214599187,1.1098541323516824,-1.4635823686268603,1.19576808422364,1.19576808422364,0.5283750401303812,107.43564805555556,WIN,WIN,False,RATCHETED_STOP,0,0.6568479575616268,0.0,0.009643540619462904,18.036861852260902,-0.09835430940491116,0.700576945720006,<20,0.5–1%,flat_or_adverse,1646798400000
train,160,BTCUSDT,SHORT,2022-03-06T12:00:03+00:00,2022-03-09T03:14:10.157000+00:00,1646568003000,1646795650157,2022,38321.43418,39557.909999999996,40094.29106561639,-47.06009418132629,-45.62595775799999,-45.051210000000054,0.5747477579999369,1.7242486801451997,0.29011225681890007,0.6697856942847062,0.6697856942847062,0.6974481866143971,63.23532138888889,SLOW_FAILURE,SLOW_FAILURE,False,RATCHETED_STOP,0,-47.06009418132629,0.0,-0.6953229444567707,26.02576334027979,0.26369647043519545,0.4959445251742029,25–35,0.25–0.5%,favorable,1646784000000
train,161,SOLUSDT,SHORT,2022-03-06T20:00:03+00:00,2022-03-09T03:40:10+00:00,1646596803000,1646797210000,2022,85.312934,86.697336,91.2668966446393,-16.442042381176154,-15.376137693400095,-14.994045000000094,0.3820926934000006,1.1462798794853999,0.08037519170933999,0.9309655318362847,0.9309655318362847,0.23251775038368194,55.66861111111111,SLOW_FAILURE,SLOW_FAILURE,False,RATCHETED_STOP,0,-16.442042381176154,0.0,-0.24306385892038207,20.093828938144053,0.37898588011156104,0.19922653228641946,20–25,<0.25%,favorable,1646784000000
train,162,ETHUSDT,SHORT,2022-03-07T00:00:03+00:00,2022-03-09T03:25:03.250000+00:00,1646611203000,1646796303250,2022,2548.850128,2650.5299999999997,2680.8324149333243,-51.94306816527675,-50.69758417919985,-50.17910399999994,0.5184801791999121,1.5554465590924798,0.30996257301558,0.8882262212900073,0.8882262212900073,0.7704054412344515,51.41673611111111,SLOW_FAILURE,SLOW_FAILURE,False,RATCHETED_STOP,0,-51.94306816527675,0.0,-0.7656731729004362,25.94882664455014,0.761510429051335,1.4250579554948841,25–35,>=1%,favorable,1646784000000
train,163,BTCUSDT,LONG,2022-03-09T08:00:03+00:00,2022-03-10T04:38:15.912000+00:00,1646812803000,1646887095912,2022,41778.954119999995,39636.16864631632,39644.09746580948,-66.66240543650697,-64.92639985261533,-64.43302678597277,0.49337306664256175,1.4801269318916306,-0.25587865200000004,0.40684037417460034,0.40684037417460034,1.0037139821437633,20.63692,NO_FOLLOW_THROUGH,NO_FOLLOW_THROUGH,False,INITIAL_STOP_OR_GAP,0,-66.66240543650697,0.0,-0.9992625738107167,24.270022145915185,0.03178847698827998,0.37296104256735774,20–25,0.25–0.5%,favorable,1646884800000
train,164,XRPUSDT,LONG,2022-03-09T16:00:03+00:00,2022-03-10T05:54:16.232000+00:00,1646841603000,1646891656232,2022,0.7666533,0.728581661383186,0.728727406864559,-66.72346707600595,-65.05950392609803,-64.54847389491697,0.5110300311810647,1.5330978393599168,-0.13086531054800002,0.33609491949151876,0.33609491949151876,1.0038429017571828,13.903675555555555,NO_FOLLOW_THROUGH,NO_FOLLOW_THROUGH,False,INITIAL_STOP_OR_GAP,0,-66.72346707600595,0.0,-0.9972625319804321,13.932087181584228,0.2666836137647113,1.2001043569005982,<20,>=1%,favorable,1646884800000
train,165,XRPUSDT,LONG,2022-03-12T00:00:03+00:00,2022-03-13T22:42:03.111000+00:00,1647043203000,1647211323111,2022,0.80276052,0.77754446,0.7581596501194474,-37.81219676436355,-36.134167655737976,-35.68125927000005,0.4529083857379277,1.3587294389651121,-0.3192996696604586,1.025528876959056,1.025528876959056,0.5653714841780476,46.70003083333334,GIVEBACK_GE1R,GIVEBACK_GE1R,False,RATCHETED_STOP,0,-37.81219676436355,0.0,-0.5750659233165789,12.165216711275571,0.7758170626228613,5.295950155763237,<20,>=1%,favorable,1647201600000
train,166,SOLUSDT,SHORT,2022-03-14T00:00:03+00:00,2022-03-15T17:51:01+00:00,1647216003000,1647366661000,2022,78.664264,82.28645399999999,82.69080928781142,-57.99592608770803,-57.10925863499983,-56.601734999999834,0.5075236349999983,1.5225776972082,0.6359102445,0.18235582801531014,0.18235582801531014,0.8995776133363175,41.849444444444444,NO_FOLLOW_THROUGH,NO_FOLLOW_THROUGH,False,RATCHETED_STOP,0,-57.99592608770803,0.0,-0.8858540232965456,13.348010602682853,0.7298523348503203,1.5758037870123385,<20,>=1%,favorable,1647360000000
train,167,BTCUSDT,SHORT,2022-03-14T00:00:03+00:00,2022-03-14T22:48:06.666000+00:00,1647216003000,1647298086666,2022,37735.4514,39307.86,39330.301406888204,-63.9977770512731,-62.1101397000001,-61.5015,0.6086397000000972,1.82592648018,-0.061710871092999976,0.13377521339218632,0.13377521339218632,0.9859288291743561,22.80101833333333,NO_FOLLOW_THROUGH,NO_FOLLOW_THROUGH,False,RATCHETED_STOP,0,-63.9977770512731,0.0,-0.9788368317537663,13.227731988127688,0.5014491960904103,1.561320167339193,<20,>=1%,favorable,1647288000000
train,168,ETHUSDT,SHORT,2022-03-14T00:00:03+00:00,2022-03-15T16:45:07.075000+00:00,1647216003000,1647362707075,2022,2513.267246,2609.841864,2622.6718823061215,-57.11699049556631,-55.71389712420005,-55.1227950000001,0.5911021241999492,1.7733129873353994,0.37021961596913994,0.15005987455653536,0.15005987455653536,0.8827287513645928,40.751131944444445,NO_FOLLOW_THROUGH,NO_FOLLOW_THROUGH,False,RATCHETED_STOP,0,-57.11699049556631,0.0,-0.872876259359424,12.406809516161294,0.4083722957488797,0.7131861881331799,<20,0.5–1%,favorable,1647360000000
train,169,ETHUSDT,LONG,2022-03-16T20:00:03+00:00,2022-03-20T11:57:12.327000+00:00,1647460803000,1647777432327,2022,2753.5506,2880.463792,2617.211240982996,54.96614584595291,57.82165027519999,58.33502399999998,0.5133737247999903,1.5401141741971198,-1.31539025504996,1.7489403039533216,1.7489403039533216,0.103569505547104,87.95259083333333,WIN,WIN,False,RATCHETED_STOP,0,54.96614584595291,0.0,0.8571927155330802,23.1208638462471,0.1553998589525923,0.511807162394331,20–25,0.5–1%,favorable,1647763200000
train,170,XRPUSDT,LONG,2022-03-17T00:00:03+00:00,2022-03-21T02:36:04.583000+00:00,1647475203000,1647830164583,2022,0.7916582999999999,0.79474102,0.7556780137803806,2.015258817292212,5.311761154992163,5.85845874000012,0.5466975850079567,1.640092052008951,-1.6564102856910001,0.9822517748824602,0.9822517748824602,0.4407496900720222,98.60043972222222,WIN,WIN,False,RATCHETED_STOP,0,2.015258817292212,0.0,0.03140044319646845,16.906360473333002,-0.30986556501773516,0.30322173089070853,<20,0.25–0.5%,flat_or_adverse,1647820800000
train,171,ADAUSDT,LONG,2022-03-17T04:00:03+00:00,2022-03-25T17:09:14.909000+00:00,1647489603000,1648228154909,2022,0.8473694399999999,1.0771845199999999,0.8087325226555749,424.18825729828745,428.5133440418359,429.30274441999995,0.789400378164018,2.3681496181626693,-1.9569371253857923,8.847252407659374,8.847252407659374,0.6928461647539423,205.15330805555556,WIN,WIN,False,RATCHETED_STOP,1,364.9007213482292,59.28753595005825,6.611151493259462,22.520058210738434,0.5030144913744105,0.8733624454148557,20–25,0.5–1%,favorable,1648224000000
train,172,SOLUSDT,LONG,2022-03-17T16:00:03+00:00,2022-03-18T10:52:19.515000+00:00,1647532803000,1647600739515,2022,89.387874,84.62469767194898,84.64162599714841,-64.15885280242568,-62.55955789262206,-62.10246415345285,0.4570937391692098,1.3712886698036266,-0.22800624000000003,0.34809095500433146,0.34809095500433146,1.0035666752325751,18.871254166666667,NO_FOLLOW_THROUGH,NO_FOLLOW_THROUGH,False,INITIAL_STOP_OR_GAP,0,-64.15885280242568,0.0,-0.9991154647964537,31.95732077445441,0.3256933565473613,0.1678415575696606,25–35,<0.25%,favorable,1647590400000
train,173,BTCUSDT,LONG,2022-03-18T20:00:03+00:00,2022-03-20T12:01:05.829000+00:00,1647633603000,1647777665829,2022,42028.704060000004,41491.700000000004,40356.78524260169,-22.497722440131973,-19.869150219999973,-19.251100000000108,0.6180502199998656,1.8541529701319999,-0.77441925,0.2499498992721945,0.2499498992721945,0.32119027216622625,40.0174525,NO_FOLLOW_THROUGH,NO_FOLLOW_THROUGH,False,RATCHETED_STOP,0,-22.497722440131973,0.0,-0.3496198704410659,24.596614568679662,0.5046543748809017,1.2420187385620793,20–25,>=1%,favorable,1647777600000
train,174,XRPUSDT,LONG,2022-03-21T20:00:03+00:00,2022-03-23T08:07:18.194000+00:00,1647892803000,1648022838194,2022,0.84696936,0.8160243317493846,0.8161875692632372,-65.01703462617989,-62.172538191616546,-61.50430704750611,0.668231144110436,2.004700812848342,-0.839795621715,0.5922540425247922,0.5922540425247922,1.0053030544989592,36.12088722222222,SLOW_FAILURE,SLOW_FAILURE,False,INITIAL_STOP_OR_GAP,0,-65.01703462617989,0.0,-1.0069662121213396,20.321286201754237,0.6784120274973579,2.917207983937647,20–25,>=1%,favorable,1648022400000
train,175,ETHUSDT,LONG,2022-03-22T04:00:03+00:00,2022-03-31T16:06:05.315000+00:00,1647921603000,1648742765315,2022,3007.931466,3331.3336,2881.5078695142224,159.3867654248864,166.35268228239994,167.218612,0.8659297176000678,2.5977690865665597,-4.368147770946989,3.7340223433139466,3.7340223433139466,0.7310460117340281,228.10064305555557,WIN,WIN,False,RATCHETED_STOP,1,154.33199478455933,5.054770640327071,2.456020724718735,31.205046292971524,0.4488081689761439,1.5738212966318936,25–35,>=1%,favorable,1648742400000
train,176,BTCUSDT,LONG,2022-03-22T04:00:03+00:00,2022-03-30T01:42:17.037000+00:00,1647921603000,1648604537037,2022,42238.445999999996,46825.43304,40868.92287724857,200.3178447712818,206.8127262540004,207.85023000000015,1.0375037459997543,3.1124862959723996,-3.3823951867462005,4.353014491659709,4.353014491659709,0.37030846108031973,189.70389916666667,WIN,WIN,False,RATCHETED_STOP,1,201.43285710743174,-1.1150123361499347,3.0906847309492456,19.850068173035623,0.03923363276583487,0.7151314231588918,<20,0.5–1%,favorable,1648598400000
train,178,SOLUSDT,LONG,2022-03-23T16:00:03+00:00,2022-04-04T15:03:13.023000+00:00,1648051203000,1649084593023,2022,95.66913000000001,130.47390000000001,90.640800364274,536.8770774870045,545.4503356584001,546.2294919999999,0.7791563415998013,2.3374034772609598,-6.2358546941346,9.526199249084009,9.526199249084009,0.6262775569894256,287.05278416666664,WIN,WIN,False,RATCHETED_STOP,1,440.9514318318774,95.9256456551271,8.053490921466777,23.24354171482246,0.35135353509321754,1.7773131207527473,20–25,>=1%,favorable,1649073600000
train,182,ADAUSDT,LONG,2022-03-28T00:00:03+00:00,2022-03-31T14:04:16.891000+00:00,1648425603000,1648735456891,2022,1.18333662,1.1607678000000001,1.1212406313539058,-27.612414603831883,-24.75900888001781,-24.24469229000001,0.5143165900177991,1.5429526794170747,-1.3104530443970004,0.9914228171946874,0.9914228171946874,0.4305691975109834,86.07052527777778,SLOW_FAILURE,SLOW_FAILURE,False,RATCHETED_STOP,0,-27.612414603831883,0.0,-0.3933439174684077,34.429094996409994,1.5131095264728394,2.05392612627842,25–35,>=1%,favorable,1648728000000
train,183,XRPUSDT,SHORT,2022-03-31T16:00:03+00:00,2022-04-02T08:14:08.888000+00:00,1648742403000,1648887248888,2022,0.8228354,0.84306858,0.8677818376470301,-32.6581494438525,-31.73857749851794,-31.215937990000047,0.5226395085178943,1.5679222714665588,0.648350326132,0.5080580618942295,0.5080580618942295,0.45016203862236226,40.234968888888886,SLOW_FAILURE,SLOW_FAILURE,False,RATCHETED_STOP,0,-32.6581494438525,0.0,-0.45002299806384727,21.272571141844004,1.2242110638355959,0.2976552059287999,20–25,0.25–0.5%,favorable,1648886400000
train,184,ETHUSDT,LONG,2022-04-01T20:00:03+00:00,2022-04-04T18:10:06.647000+00:00,1648843203000,1649095806647,2022,3469.973856,3411.2176200000004,3326.828774072234,-32.69105287030618,-29.207724915599858,-28.523598000000053,0.6841269155998049,2.0523841696317597,-1.4309437850745599,0.7686337701460211,0.7686337701460211,0.410466326951067,70.16767972222222,SLOW_FAILURE,SLOW_FAILURE,False,RATCHETED_STOP,0,-32.69105287030618,0.0,-0.4422652542117723,35.72127724532454,0.021900695994170227,0.32542681643794447,>=35,0.25–0.5%,favorable,1649088000000
train,185,ADAUSDT,LONG,2022-04-04T08:00:03+00:00,2022-04-06T00:09:10+00:00,1649059203000,1649203750000,2022,1.21654326,1.1607678000000001,1.1597058459168774,-72.55881250453776,-70.01693727701372,-69.42007526999988,0.59686200701384,1.7905943514510325,-0.7512808760730001,0.5323384339011397,0.5323384339011397,0.9813159324671309,40.151944444444446,SLOW_FAILURE,SLOW_FAILURE,False,RATCHETED_STOP,0,-72.55881250453776,0.0,-0.9832680896884982,13.457492688686362,0.07965425933060458,1.3237954283834898,<20,>=1%,favorable,1649203200000
train,186,ADAUSDT,SHORT,2022-04-06T04:00:03+00:00,2022-04-10T17:35:10.731000+00:00,1649217603000,1649612110731,2022,1.13897216,1.05551106,1.2036409191296906,89.83541459595942,90.47647283716006,90.95226484000008,0.47579200284002354,1.427365094248219,0.7863068530475832,1.8629112669132548,1.8629112669132548,0.2942354276790797,109.58548083333334,WIN,WIN,False,RATCHETED_STOP,0,89.83541459595942,0.0,1.2463281553688115,13.930284737068733,-0.009325325284677428,1.6896339857807414,<20,>=1%,flat_or_adverse,1649606400000
train,187,BTCUSDT,SHORT,2022-04-06T16:00:03+00:00,2022-04-10T17:10:05.088000+00:00,1649260803000,1649610605088,2022,44150.56812,42896.77763999999,45716.27943923156,54.91201157016947,55.41753921600047,56.187040000000195,0.7695007839997245,2.3084956095552,1.8029679637242002,1.326277771958096,1.326277771958096,0.09390740054951974,97.16724666666667,WIN,WIN,False,RATCHETED_STOP,0,54.91201157016947,0.0,0.7592211392615158,21.238916723675494,0.4391476839962996,0.4309388261615774,20–25,0.25–0.5%,favorable,1649606400000
train,188,SOLUSDT,SHORT,2022-04-06T16:00:03+00:00,2022-04-10T17:25:03.888000+00:00,1649260803000,1649611503888,2022,117.56648200000001,113.97279,128.35086580385195,22.920935499333865,23.709742339200027,24.015264000000002,0.30552166079997534,0.9165621005683199,0.12775526070216003,0.8861407544292557,0.8861407544292557,0.4426324291513997,97.41691333333333,WIN,WIN,False,RATCHETED_STOP,0,22.920935499333865,0.0,0.31662205027980894,29.00487807757467,0.5083234100031233,0.13606599200612005,25–35,<0.25%,favorable,1649606400000
train,189,ETHUSDT,SHORT,2022-04-06T16:00:03+00:00,2022-04-08T08:00:07.978000+00:00,1649260803000,1649404807978,2022,3255.1888320000003,3287.327334,3399.1464504628852,-17.65367820017874,-15.593601170399898,-14.958715999999965,0.634885170399933,1.90465730624592,-0.15541972353292,0.7978656025739489,0.7978656025739489,0.2232497476907463,40.00138277777778,SLOW_FAILURE,SLOW_FAILURE,False,RATCHETED_STOP,0,-17.65367820017874,0.0,-0.24391853381651418,32.2392101445006,0.31219808916826763,0.08907071600568935,25–35,<0.25%,favorable,1649404800000
train,190,BTCUSDT,SHORT,2022-04-11T00:00:03+00:00,2022-04-13T14:15:07.226000+00:00,1649635203000,1649859307226,2022,42131.871940000005,40708.14,43400.955471501504,75.07144896115378,77.87813711800028,78.78441000000015,0.9062728819998682,2.7188091918707995,-0.08787896497570002,2.36010622283965,2.36010622283965,0.21119812317072864,62.251173888888886,WIN,WIN,False,RATCHETED_STOP,0,75.07144896115378,0.0,1.0268813998743076,37.05808402469763,1.1298193789945417,0.022780989264455355,>=35,<0.25%,favorable,1649851200000
train,191,XRPUSDT,SHORT,2022-04-11T04:00:03+00:00,2022-04-14T00:46:04.651000+00:00,1649649603000,1649897164651,2022,0.73795238,0.72594516,0.765875544842113,28.649837878151846,30.19780408700996,30.93413714999994,0.7363330629899814,2.208995476873542,0.661029268015431,2.107654355542116,2.107654355542116,0.22016200651898668,68.76712527777778,WIN,WIN,False,RATCHETED_STOP,0,28.649837878151846,0.0,0.39141571062723807,46.910709908923984,1.1887751510473334,1.8558656190734282,>=35,>=1%,favorable,1649894400000
train,192,ADAUSDT,SHORT,2022-04-11T04:00:03+00:00,2022-04-14T01:51:12.857000+00:00,1649649603000,1649901072857,2022,1.0109977600000002,0.98109618,1.0641655793410154,37.732216756194234,39.93902310866628,40.471185810000144,0.532162701333867,1.5964832474597028,-0.6103231050123438,1.8036805193178538,1.8036805193178538,0.2614784689744673,69.85273805555556,WIN,WIN,False,RATCHETED_STOP,0,37.732216756194234,0.0,0.5156369820627472,40.75259943658365,1.1856756931830483,0.93947784810125,>=35,0.5–1%,favorable,1649894400000
train,193,ETHUSDT,SHORT,2022-04-11T04:00:03+00:00,2022-04-13T13:56:07.616000+00:00,1649649603000,1649858167616,2022,3173.105252,3082.6164,3286.5195552134032,53.13405280850852,55.867817224799964,56.64027599999986,0.7724587751998939,2.3173695287668794,-0.41639488752456,2.0105510992819084,2.0105510992819084,0.14014764936740104,57.93461555555555,WIN,WIN,False,RATCHETED_STOP,0,53.13405280850852,0.0,0.7263065448640251,26.542152004114406,0.3901070441917235,0.4181200039070741,25–35,0.25–0.5%,favorable,1649851200000
train,194,SOLUSDT,SHORT,2022-04-14T20:00:03+00:00,2022-04-16T14:40:15.333000+00:00,1649966403000,1650120015333,2022,99.500096,102.910578,106.84456953127135,-35.0100253253909,-33.93566009280002,-33.532848000000044,0.40281209279997654,1.2084403023417598,0.13407506975088002,0.0667299021384256,0.0667299021384256,0.4643603092146536,42.6700925,NO_FOLLOW_THROUGH,NO_FOLLOW_THROUGH,False,RATCHETED_STOP,0,-35.0100253253909,0.0,-0.46889753105785903,23.272767793519908,-0.0,0.49231387521349834,20–25,0.25–0.5%,flat_or_adverse,1650110400000
train,195,ADAUSDT,SHORT,2022-04-14T20:00:03+00:00,2022-04-17T13:49:12.500000+00:00,1649966403000,1650203352500,2022,0.92701456,0.96209238,0.9768904404396276,-52.50089811390064,-50.988154511949894,-50.43896574999993,0.5491887619499636,1.64757233852589,0.13482873657514508,0.05843626166214652,0.05843626166214652,0.703302271374638,65.81930555555556,NO_FOLLOW_THROUGH,NO_FOLLOW_THROUGH,False,RATCHETED_STOP,0,-52.50089811390064,0.0,-0.7032546274156396,32.195068738595104,-0.0,0.46371185161220424,25–35,0.25–0.5%,flat_or_adverse,1650196800000
train,196,ETHUSDT,SHORT,2022-04-14T20:00:03+00:00,2022-04-16T22:01:05.174000+00:00,1649966403000,1650146465174,2022,2993.111258,3063.4225619999997,3111.6040995905946,-45.40360097914209,-42.56646344159991,-41.83313999999995,0.733323441599957,2.1999753447768,-0.63716219276538,0.10052301759421674,0.10052301759421674,0.5933801827703046,50.017270555555555,NO_FOLLOW_THROUGH,NO_FOLLOW_THROUGH,False,RATCHETED_STOP,0,-45.40360097914209,0.0,-0.6083434632776518,24.625737433930624,-0.0,0.05077312097698113,20–25,<0.25%,flat_or_adverse,1650139200000
train,197,ADAUSDT,SHORT,2022-04-18T00:00:03+00:00,2022-04-19T13:52:15.714000+00:00,1650240003000,1650376335714,2022,0.91361724,0.9461892,0.9485407062834725,-68.70748856814424,-65.94710219005191,-65.19401014000002,0.7530920500518903,2.2592839734372165,-0.5011024046551202,1.1630357556810456,1.1630357556810456,0.9326668703391156,37.870198333333335,GIVEBACK_GE1R,GIVEBACK_GE1R,False,RATCHETED_STOP,0,-68.70748856814424,0.0,-0.9326674943537293,21.111351050964373,0.30599837986147904,2.4182076813655766,20–25,>=1%,favorable,1650369600000
train,198,ETHUSDT,SHORT,2022-04-18T00:00:03+00:00,2022-04-19T00:13:04.669000+00:00,1650240003000,1650327184669,2022,2985.422796,3077.5300305747037,3076.9146476451747,-73.43780798280723,-70.46203444964844,-69.53440544855864,0.9276290010897981,2.7828953473977887,-0.192878185761,1.197404949512546,1.197404949512546,1.0067260954769568,24.217130277777777,GIVEBACK_GE1R,GIVEBACK_GE1R,False,INITIAL_STOP_OR_GAP,0,-73.43780798280723,0.0,-0.9971808699475352,18.52644421590477,-0.0,0.7384386627059918,<20,0.5–1%,flat_or_adverse,1650326400000
train,199,SOLUSDT,SHORT,2022-04-18T00:00:03+00:00,2022-04-19T13:43:02.727000+00:00,1650240003000,1650375782727,2022,100.06998200000001,104.290854,105.09568329198075,-61.63666124285068,-59.9245639583998,-59.3442959999999,0.5802679583999009,1.74081099651552,0.02871371206463999,1.0884017338492031,1.0884017338492031,0.8398573163779196,37.716590833333335,GIVEBACK_GE1R,GIVEBACK_GE1R,False,RATCHETED_STOP,0,-61.63666124285068,0.0,-0.8371813233662663,16.956322479631773,-0.0,0.5395683453237473,<20,0.5–1%,flat_or_adverse,1650369600000
train,200,BTCUSDT,SHORT,2022-04-18T00:00:03+00:00,2022-04-18T18:15:10.529000+00:00,1650240003000,1650305710529,2022,39641.17018,40582.21482,40710.06722621437,-64.87011214099002,-61.16790160000001,-60.125,1.0429016000000075,3.128712015,-0.5734985259900001,1.099703834118614,1.099703834118614,0.8803884745802464,18.25209138888889,GIVEBACK_GE1R,GIVEBACK_GE1R,False,RATCHETED_STOP,0,-64.87011214099002,0.0,-0.8813755413217061,17.192429697029446,0.011310434199571942,0.29988070347120477,<20,0.25–0.5%,favorable,1650297600000
train,201,ETHUSDT,LONG,2022-04-20T12:00:03+00:00,2022-04-20T18:40:07.707000+00:00,1650456003000,1650480007707,2022,3151.910256,3044.0981633921256,3044.7071048130883,-71.18735065432031,-68.81645871160632,-68.02547899780583,0.7909797138004819,2.372947304458796,0.0020553617448,0.08320412134572405,0.08320412134572405,1.0056802567295906,6.667974166666666,NO_FOLLOW_THROUGH,NO_FOLLOW_THROUGH,False,INITIAL_STOP_OR_GAP,0,-71.18735065432031,0.0,-0.9935879348762573,23.550693427810504,0.4171401041605472,0.6743270216324109,20–25,0.5–1%,favorable,1650470400000
train,202,BTCUSDT,LONG,2022-04-20T12:00:03+00:00,2022-04-20T18:40:17.602000+00:00,1650456003000,1650480017602,2022,42079.11414,40831.305785560406,40839.47368029646,-71.18994129462608,-68.37989782328965,-67.47120231975374,0.9086955035359097,2.7260946071524264,-0.083948864184,0.06524945145735743,0.06524945145735743,1.0065889223541553,6.670722777777778,NO_FOLLOW_THROUGH,NO_FOLLOW_THROUGH,False,INITIAL_STOP_OR_GAP,0,-71.18994129462608,0.0,-0.9939703740818334,27.426433308637645,0.3076357533648795,0.6722001958603185,25–35,0.5–1%,favorable,1650470400000
train,203,SOLUSDT,LONG,2022-04-20T12:00:03+00:00,2022-04-20T18:40:13.800000+00:00,1650456003000,1650480013800,2022,110.37207,104.51149169188098,104.53239817151528,-71.41468606832014,-69.75436119672497,-69.24284224317358,0.5115189535513878,1.5345651697951648,-0.1257597018,0.047593427877972,0.047593427877972,1.0035800778277177,6.669666666666667,NO_FOLLOW_THROUGH,NO_FOLLOW_THROUGH,False,INITIAL_STOP_OR_GAP,0,-71.41468606832014,0.0,-0.9973085145701723,23.98906501306791,0.3708429905338826,0.1540832049306641,20–25,<0.25%,favorable,1650470400000
train,204,ETHUSDT,SHORT,2022-04-21T20:00:03+00:00,2022-04-25T18:48:10.822000+00:00,1650571203000,1650912490822,2022,3024.24503,2967.79344,3142.582832940683,28.48232910646499,32.09837407400007,32.77979000000005,0.6814159259999784,2.0442438444251994,-1.5718011231098798,1.9684751973700552,1.9684751973700552,0.0940102800926281,94.80217277777778,WIN,WIN,False,RATCHETED_STOP,0,28.48232910646499,0.0,0.4066684218442826,24.01656125860642,-0.051897162816748346,0.21918442236805494,20–25,<0.25%,flat_or_adverse,1650902400000
train,205,ADAUSDT,SHORT,2022-04-22T00:00:03+00:00,2022-04-25T21:37:16.129000+00:00,1650585603000,1650922636129,2022,0.90861824,0.89807958,0.9509804982275324,15.989813753608697,16.888296444074054,17.467347010000033,0.5790505659259786,1.737149601696359,0.8386669112310019,1.950279410418783,1.950279410418783,0.35365820017269306,93.62031361111111,WIN,WIN,False,RATCHETED_STOP,0,15.989813753608697,0.0,0.22772449998248429,20.31078644634527,-0.0,2.3437499999999982,20–25,>=1%,flat_or_adverse,1650916800000
train,206,SOLUSDT,SHORT,2022-04-22T00:00:03+00:00,2022-05-04T18:47:04.761000+00:00,1650585603000,1651690024761,2022,101.67966,88.807758,107.82765303471271,129.35788680414723,131.2462162979999,131.76593999999997,0.5197237020000713,1.5591552940871998,-0.3291741997654499,3.25466536592051,3.25466536592051,0.30096650883510095,306.7838225,WIN,WIN,False,RATCHETED_STOP,1,141.6659405962715,-12.30805379212426,1.8427046835457643,26.34874898141827,-0.0,1.3619824958206364,25–35,>=1%,flat_or_adverse,1651680000000
train,207,XRPUSDT,SHORT,2022-04-22T00:00:03+00:00,2022-05-02T06:07:06.666000+00:00,1650585603000,1651471626666,2022,0.7318536,0.6266252999999999,0.7646040861729937,231.89703748206347,231.36769068009016,232.0718467500001,0.7041560699099474,2.1124403611083897,2.6417871630817085,5.219879762913862,5.219879762913862,0.1968337192293565,246.117685,WIN,WIN,False,RATCHETED_STOP,1,218.3775672297283,13.519470252335166,3.303920667985296,17.061077946782486,0.4245620051138643,1.0176205436415884,<20,>=1%,favorable,1651464000000
train,209,ADAUSDT,SHORT,2022-04-29T12:00:03+00:00,2022-05-04T08:38:12.727000+00:00,1651233603000,1651653492727,2022,0.81153766,0.79935984,0.8532929253567276,18.755257440473063,20.58350789037401,21.128071249999923,0.544563359625915,1.63368754350945,-0.19456290639149654,1.8617450837843856,1.8617450837843856,0.2888818906297879,116.63603527777778,WIN,WIN,False,RATCHETED_STOP,0,18.755257440473063,0.0,0.2577285030989222,29.336342696904957,0.29572336868606974,1.5153381791302178,25–35,>=1%,favorable,1651651200000
train,210,ETHUSDT,SHORT,2022-04-29T20:00:03+00:00,2022-05-01T23:26:14.212000+00:00,1651262403000,1651447574212,2022,2791.421604,2841.608208,2923.6581443310574,-29.493965178555747,-26.965262329199994,-26.35993799999997,0.6053243292000232,1.81597615079256,-0.71272669856319,0.6032493273061282,0.6032493273061282,0.3795214535585749,51.43644777777778,SLOW_FAILURE,SLOW_FAILURE,False,RATCHETED_STOP,0,-29.493965178555747,0.0,-0.4015492926658163,20.544403090061074,-0.0,1.3678464745449486,20–25,>=1%,flat_or_adverse,1651435200000
train,212,BTCUSDT,SHORT,2022-05-03T20:00:03+00:00,2022-05-04T08:37:09.387000+00:00,1651608003000,1651653429387,2022,37699.75854,38919.38232,38939.953410379356,-71.49051195821609,-69.15266832599968,-68.28380999999975,0.8688583259999376,2.6065831720571997,0.2687395398408,0.1488947780791258,0.1488947780791258,0.9834130176872393,12.618440833333333,NO_FOLLOW_THROUGH,NO_FOLLOW_THROUGH,False,RATCHETED_STOP,0,-71.49051195821609,0.0,-0.9695052270174974,29.145436185830963,0.43548332035588355,0.8616368713750233,25–35,0.5–1%,favorable,1651651200000
train,213,ETHUSDT,SHORT,2022-05-03T20:00:03+00:00,2022-05-04T11:27:01.221000+00:00,1651608003000,1651663621221,2022,2771.935502,2880.5250098823944,2879.949020078379,-73.13921563971549,-71.2672940232156,-70.52535487744022,0.7419391457753761,2.225825900369049,0.35390428386916,0.1753067795297569,0.1753067795297569,1.0053325714620052,15.449505833333333,NO_FOLLOW_THROUGH,NO_FOLLOW_THROUGH,False,INITIAL_STOP_OR_GAP,0,-73.13921563971549,0.0,-0.9910459339466711,21.795529888182127,0.5700786630001747,0.09197740602072295,20–25,<0.25%,favorable,1651651200000
train,214,ETHUSDT,LONG,2022-05-04T20:00:03+00:00,2022-05-05T14:48:10.352000+00:00,1651694403000,1651762090352,2022,2955.220926,2835.045808355974,2835.612930942162,-71.85845851199564,-69.50928804530473,-68.83947274305346,0.6698153022512656,2.009454167490897,-0.3397162992,0.020977477289764485,0.020977477289764485,1.004741510681741,18.802042222222223,NO_FOLLOW_THROUGH,NO_FOLLOW_THROUGH,False,INITIAL_STOP_OR_GAP,0,-71.85845851199564,0.0,-0.9991978785289292,21.082942158681025,0.6961186379051008,1.7767030051140036,20–25,>=1%,favorable,1651752000000
train,215,BTCUSDT,LONG,2022-05-04T20:00:03+00:00,2022-05-05T14:23:10.575000+00:00,1651694403000,1651760590575,2022,39863.171039999994,38523.19357247566,38530.89975242614,-71.83921616902856,-69.00883957750307,-68.20146275005348,0.8073768274495876,2.422138666525497,-0.408237925,0.05609139872412454,0.05609139872412454,1.0057842423103738,18.3854375,NO_FOLLOW_THROUGH,NO_FOLLOW_THROUGH,False,INITIAL_STOP_OR_GAP,0,-71.83921616902856,0.0,-0.9992005135501908,26.048060880006652,0.6416218690260491,0.9180734258013865,25–35,0.5–1%,favorable,1651752000000
train,216,ADAUSDT,LONG,2022-05-04T20:00:03+00:00,2022-05-05T15:02:14.272000+00:00,1651694403000,1651762934272,2022,0.86687334,0.8197523645235298,0.8199163477930884,-71.83729176132637,-70.06895650287687,-69.56735632879065,0.5016001740862208,1.5048088703414852,-0.26352638810800005,0.8247261628120148,0.8247261628120148,1.0034922013070173,19.036464444444444,SLOW_FAILURE,SLOW_FAILURE,False,INITIAL_STOP_OR_GAP,0,-71.83729176132637,0.0,-0.9993004579878192,32.89008313099765,1.2188420851866377,0.6346642049388485,25–35,0.5–1%,favorable,1651752000000
train,217,BTCUSDT,SHORT,2022-05-05T16:00:03+00:00,2022-05-15T12:01:06.751000+00:00,1651766403000,1652616066751,2022,36879.1227,30358.27044,38507.63504710924,315.33892839330014,316.73608348799996,317.47703999999993,0.7409565119999755,2.2228314387552,0.8256763440553998,6.292935216727943,6.292935216727943,0.2782768585110425,236.01770861111112,WIN,WIN,False,RATCHETED_STOP,1,270.25108465513597,45.08784373816419,4.491957101446243,27.428277041406748,1.1194551975890805,1.7044222260778963,25–35,>=1%,favorable,1652616000000
train,218,ETHUSDT,SHORT,2022-05-05T16:00:03+00:00,2022-05-15T12:01:07.155000+00:00,1651766403000,1652616067155,2022,2740.10187,2089.4178,2866.1784845734987,402.3404964728981,403.98719593499976,404.63992499999995,0.6527290650001802,1.9581386382089996,0.31143917610735017,7.651473457336737,7.651473457336737,0.2609376061634447,236.01782083333333,WIN,WIN,False,RATCHETED_STOP,1,349.4291999670592,52.91129650583888,5.7238230308602445,22.956561939604654,-0.057676152345810174,0.4506230273840114,20–25,0.25–0.5%,flat_or_adverse,1652616000000
train,219,XRPUSDT,SHORT,2022-05-08T00:00:03+00:00,2022-05-15T20:12:14.418000+00:00,1651968003000,1652645534418,2022,0.5803839000000001,0.43528703999999996,0.6097912865932867,341.53244651113295,344.7659176352382,345.31835093000007,0.5524332947618369,1.6572584460838884,-1.5762126780213446,8.327292165972471,8.327292165972471,0.08215962993976096,188.20317166666666,WIN,WIN,False,RATCHETED_STOP,1,337.52216684678746,4.010279664345493,4.800125901273188,22.147820460138995,0.32662741624222763,1.0682288077188118,20–25,>=1%,favorable,1652644800000
train,220,SOLUSDT,SHORT,2022-05-08T00:00:03+00:00,2022-05-13T13:53:14.666000+00:00,1651968003000,1652449994666,2022,78.78424,54.340866,83.84757694985699,330.3364807699298,337.5855673888,337.99748,0.41191261119999334,1.2356972739023997,-6.0133893449678,8.23256291509048,8.23256291509048,0.113711571183558,133.88657388888888,WIN,WIN,False,RATCHETED_STOP,1,328.5036198242404,1.83286094568941,4.643719581286575,42.36265918296855,0.400192016895798,0.2791878172588818,>=35,0.25–0.5%,favorable,1652443200000
train,225,SOLUSDT,SHORT,2022-05-18T16:00:03+00:00,2022-05-22T09:34:20+00:00,1652889603000,1653212060000,2022,50.359926,51.21024,57.07109495592151,-10.97719376271785,-10.107512455199968,-9.866044000000063,0.24146845519990556,0.7244065495252799,-0.14527475799259998,0.38740285292713345,0.38740285292713345,0.5513307777381005,89.57138888888889,NO_FOLLOW_THROUGH,NO_FOLLOW_THROUGH,False,RATCHETED_STOP,0,-10.97719376271785,0.0,-0.13597059977845097,14.969737722086052,-0.0,3.7026007544173156,<20,>=1%,flat_or_adverse,1653206400000
train,226,ADAUSDT,SHORT,2022-05-18T16:00:03+00:00,2022-05-22T09:33:06.500000+00:00,1652889603000,1653211986500,2022,0.52169564,0.5385076799999999,0.5788337548242901,-25.330115255572927,-23.410397516323886,-23.115136459999928,0.2952610563239588,0.8857859427883751,-1.0339317964606671,0.5354681388086935,0.5354681388086935,0.43236218198605775,89.55097222222223,SLOW_FAILURE,SLOW_FAILURE,False,RATCHETED_STOP,0,-25.330115255572927,0.0,-0.3137793124324269,12.36479692021548,-0.0,3.5112090438781234,<20,>=1%,flat_or_adverse,1653206400000
train,227,ETHUSDT,SHORT,2022-05-18T16:00:03+00:00,2022-05-20T01:38:11.554000+00:00,1652889603000,1653010691554,2022,1954.469028,2048.399598,2093.412769190123,-54.62147947524099,-53.361956817,-52.907153000000065,0.45480381699993444,1.36441779985836,0.10489514161737001,0.3797870098214331,0.3797870098214331,0.6760331138015816,33.635709444444444,NO_FOLLOW_THROUGH,NO_FOLLOW_THROUGH,False,RATCHETED_STOP,0,-54.62147947524099,0.0,-0.6767582580178971,13.152086343862626,0.054058825700717995,2.514246544509586,<20,>=1%,favorable,1653004800000
train,228,XRPUSDT,SHORT,2022-05-18T16:00:03+00:00,2022-05-20T01:25:17.142000+00:00,1652889603000,1653009917142,2022,0.40731852,0.42968592,0.4415580707128724,-53.41575416347573,-51.73779808229996,-51.350586899999996,0.3872111822999642,1.161639708970428,-0.5163163722053485,0.5116457323551836,0.5116457323551836,0.6532620765841692,33.420595,SLOW_FAILURE,SLOW_FAILURE,False,RATCHETED_STOP,0,-53.41575416347573,0.0,-0.6618510618059029,14.524263026078481,-0.0,2.1600392734413427,<20,>=1%,flat_or_adverse,1653004800000
train,229,ADAUSDT,SHORT,2022-05-23T20:00:03+00:00,2022-05-29T11:01:06+00:00,1653336003000,1653822066000,2022,0.5173964999999999,0.46909379999999995,0.5532767579691736,100.63230251951403,104.80769597780996,105.23579954999998,0.42810357219002526,1.2842980882740536,-2.8910953700218784,2.017725180855692,2.017725180855692,0.41815474161000227,135.0175,WIN,WIN,False,RATCHETED_STOP,0,100.63230251951403,0.0,1.263437687269935,13.317139481855227,-0.45280793787850776,0.7342995169082176,<20,0.5–1%,flat_or_adverse,1653811200000
train,230,BTCUSDT,SHORT,2022-05-23T20:00:03+00:00,2022-05-29T12:06:06.980000+00:00,1653336003000,1653825966980,2022,29056.78748,29271.55314,30295.481500981365,-13.463812686413158,-13.293994354000057,-12.571890000000135,0.7221043539999226,2.1663145706268,1.9964962382137,0.8918162688189959,0.8918162688189959,0.9606186030164928,136.10110555555556,SLOW_FAILURE,SLOW_FAILURE,False,RATCHETED_STOP,0,-13.463812686413158,0.0,-0.16924342440779966,16.31550727778677,-0.025554046178937688,0.5532846112556232,<20,0.5–1%,flat_or_adverse,1653825600000
train,231,XRPUSDT,SHORT,2022-05-23T20:00:03+00:00,2022-05-29T12:11:14+00:00,1653336003000,1653826274000,2022,0.40801838,0.38867772,0.428048327417589,69.93509723300008,74.45240447221603,75.06578820000007,0.6133837277840399,1.8401421754574159,-2.677165063758543,1.7233385230801053,1.7233385230801053,0.3635366508054703,136.1863888888889,WIN,WIN,False,RATCHETED_STOP,0,69.93509723300008,0.0,0.8783728418673125,12.790762312992353,-0.5664635316761668,0.3920607694192576,<20,0.25–0.5%,flat_or_adverse,1653825600000
train,232,SOLUSDT,SHORT,2022-05-24T00:00:03+00:00,2022-05-28T19:46:06+00:00,1653350403000,1653767166000,2022,49.120174000000006,43.928784,53.49218989723158,91.56960462182411,93.02970880000011,93.36320000000002,0.33349119999991217,1.000462396416,-0.45964178176,2.1066195129418497,2.1066195129418497,0.39108412233420253,115.7675,WIN,WIN,False,RATCHETED_STOP,0,91.56960462182411,0.0,1.1481376860309362,13.668274655604957,-0.0,1.0175010175010175,<20,>=1%,flat_or_adverse,1653753600000
train,233,BTCUSDT,LONG,2022-05-30T04:00:03+00:00,2022-06-01T16:00:17.602000+00:00,1653883203000,1654099217602,2022,30351.66912,30703.95798,29388.634320686528,23.392958176070046,28.359253230000046,29.34225,0.9829967699999536,2.9489867889299997,-2.017308265,2.155509729741668,2.155509729741668,0.131115843466936,60.00405611111111,WIN,WIN,False,RATCHETED_STOP,0,23.392958176070046,0.0,0.28726421564414883,24.054952405889484,0.42007776108375766,2.0886059263945986,20–25,>=1%,favorable,1654099200000
train,234,ADAUSDT,LONG,2022-05-31T00:00:03+00:00,2022-06-01T16:00:08.421000+00:00,1653955203000,1654099208421,2022,0.5699139599999999,0.56668664,0.5346078009319079,-9.526085008530547,-7.335077746363823,-6.818423100000006,0.5166546463638175,1.5499647573027717,-0.6410425048639516,3.378618437931549,3.378618437931549,0.09140954680954265,40.00150583333333,GIVEBACK_GE1R,GIVEBACK_GE1R,False,RATCHETED_STOP,0,-9.526085008530547,0.0,-0.11572496007543819,39.509423752641,1.4248180885723682,3.9670001755309734,>=35,>=1%,favorable,1654099200000
train,235,ETHUSDT,LONG,2022-05-31T00:00:03+00:00,2022-06-01T14:35:05.819000+00:00,1653955203000,1654094105819,2022,1998.269574,1911.557612,1896.5222553687645,-70.45323872955662,-67.99952060039989,-67.38630599999988,0.6132146004000134,1.8396518875567198,-0.6140662416,0.18182716015398376,0.18182716015398376,0.8522284731086774,38.58411638888889,NO_FOLLOW_THROUGH,NO_FOLLOW_THROUGH,False,RATCHETED_STOP,0,-70.45323872955662,0.0,-0.856079771219334,29.956714184335688,0.6255689283534361,2.755935070850453,25–35,>=1%,favorable,1654084800000
train,236,XRPUSDT,LONG,2022-05-31T00:00:03+00:00,2022-06-01T16:02:06.666000+00:00,1653955203000,1654099326666,2022,0.41868372000000004,0.40611876,0.4011028639528081,-59.17223714702772,-56.65121673883206,-55.907467080000096,0.7437496588319661,2.2312556853920493,-0.2897647228036128,0.8882548129670993,0.8882548129670993,0.714695573769112,40.034351666666666,SLOW_FAILURE,SLOW_FAILURE,False,RATCHETED_STOP,0,-59.17223714702772,0.0,-0.7190997560418657,31.5862486637738,0.7315482925592417,2.5322503583373144,25–35,>=1%,favorable,1654099200000
train,237,SOLUSDT,SHORT,2022-06-01T16:00:03+00:00,2022-06-05T09:42:09.638000+00:00,1654099203000,1654422129638,2022,42.901418,39.55791,46.34809687123615,75.30719694874544,76.7809864136,77.159712,0.37872558639999454,1.13616750003456,-0.33762196481999995,2.1038855869387327,2.1038855869387327,0.0605168069879373,89.70184388888889,WIN,WIN,False,RATCHETED_STOP,0,75.30719694874544,0.0,0.9328679152102373,18.324198082939223,-0.2268696983280623,2.2314145886739594,<20,>=1%,flat_or_adverse,1654416000000
train,238,XRPUSDT,SHORT,2022-06-03T16:00:03+00:00,2022-06-05T09:14:20+00:00,1654272003000,1654420460000,2022,0.38732252,0.39437886,0.4062837611972535,-31.242627405730218,-29.36212014441798,-28.711574129999843,0.6505460144181363,1.9516414886428957,0.0711342273306551,0.19104867462604355,0.19104867462604355,0.3721454690962999,41.238055555555555,NO_FOLLOW_THROUGH,NO_FOLLOW_THROUGH,False,RATCHETED_STOP,0,-31.242627405730218,0.0,-0.38344732982628726,22.360430933115936,-0.00529555521039597,0.18069179143004088,20–25,<0.25%,flat_or_adverse,1654416000000
train,239,ADAUSDT,LONG,2022-06-06T04:00:03+00:00,2022-06-07T01:50:18.097000+00:00,1654488003000,1654566618097,2022,0.6178235400000001,0.574922467191986,0.5750374746869235,-80.80259750326778,-79.36106863688573,-78.91978866695099,0.4412799699347403,1.3238493801784696,-0.11767948620357752,0.6515312823467357,0.6515312823467357,1.0026879661426187,21.837526944444445,SLOW_FAILURE,SLOW_FAILURE,False,INITIAL_STOP_OR_GAP,0,-80.80259750326778,0.0,-0.9978469860056294,13.711053663423632,0.025844331178862732,3.70790155440415,<20,>=1%,favorable,1654560000000
train,240,BTCUSDT,LONG,2022-06-06T04:00:03+00:00,2022-06-07T00:44:19.916000+00:00,1654488003000,1654562659916,2022,31241.247,30280.211529379972,30286.2687831366,-81.08423841850522,-77.36335538491217,-76.37286295750384,0.9904924274083271,2.971486446969053,-0.749396586624,0.5641521350816981,0.5641521350816981,1.0063428187676582,20.738032222222223,SLOW_FAILURE,SLOW_FAILURE,False,INITIAL_STOP_OR_GAP,0,-81.08423841850522,0.0,-1.002282079316581,19.596987589943303,-0.6282074305201368,1.14278853849847,<20,>=1%,flat_or_adverse,1654560000000
train,241,ETHUSDT,LONG,2022-06-06T08:00:03+00:00,2022-06-07T00:22:16.975000+00:00,1654502403000,1654561336975,2022,1893.1685579999998,1817.7661998424499,1818.1298258076113,-81.15475818075059,-78.44861342711502,-77.6764452297612,0.772168197353821,2.3165139132355703,-0.3896308404,0.3486391792031598,0.3486391792031598,1.0048458436668297,16.37054861111111,NO_FOLLOW_THROUGH,NO_FOLLOW_THROUGH,False,INITIAL_STOP_OR_GAP,0,-81.15475818075059,0.0,-0.9991753082400375,25.854149154320616,-1.0218328466777666,0.4321685563034301,25–35,0.25–0.5%,flat_or_adverse,1654560000000
train,242,ADAUSDT,LONG,2022-06-08T16:00:03+00:00,2022-06-10T00:15:05.161000+00:00,1654704003000,1654820105161,2022,0.6636327,0.62527492,0.6079263284469114,-54.631356525651455,-53.483771622088014,-53.12433876000003,0.359432862087985,1.0783049611846511,-0.0692799423787948,0.10173522062191874,0.10173522062191874,0.6885707851828903,32.25060027777778,NO_FOLLOW_THROUGH,NO_FOLLOW_THROUGH,False,RATCHETED_STOP,0,-54.631356525651455,0.0,-0.6901896178780876,25.218790328623673,0.21554173930413809,0.6329113924050606,25–35,0.5–1%,favorable,1654819200000
train,243,SOLUSDT,SHORT,2022-06-10T16:00:03+00:00,2022-06-15T18:45:18.909000+00:00,1654876803000,1655318718909,2022,37.932412,32.216442,41.28566857667014,107.17310893288425,110.74507569379998,111.14436899999993,0.3992933061999473,1.1978665812757199,-2.3741001796400205,3.6151161483854684,3.6151161483854684,0.044013333494020056,122.75441916666666,WIN,WIN,False,RATCHETED_STOP,1,128.74531037458198,-21.57220144169772,1.3610305742697397,15.9570719060041,-0.0,1.212440695835532,<20,>=1%,flat_or_adverse,1655308800000
train,244,XRPUSDT,SHORT,2022-06-10T16:00:03+00:00,2022-06-15T18:45:12.413000+00:00,1654876803000,1655318712413,2022,0.38712256,0.3265653,0.40325883928346823,272.6202062406481,278.232741765948,279.01678905999984,0.7840472940518497,2.352108400141313,-3.2604271251586088,5.820583441204105,5.820583441204105,0.08536292510821923,122.75261472222222,WIN,WIN,False,RATCHETED_STOP,1,279.17273658021287,-6.5525303395648,3.467148795742962,14.60376243617604,-0.0,1.1624903125807295,<20,>=1%,flat_or_adverse,1655308800000
train,245,ETHUSDT,SHORT,2022-06-10T16:00:03+00:00,2022-06-19T18:58:14.834000+00:00,1654876803000,1655665094834,2022,1725.3748560000001,1097.2194,1812.315972166872,592.0516514834742,596.3395765108002,596.9222459999999,0.5826694891997377,1.74793683693048,-2.5399881903954693,9.746077498863194,9.746077498863194,0.0521633974803745,218.96995388888888,WIN,WIN,False,RATCHETED_STOP,1,547.4618628885902,44.58978859488405,7.521625753638196,14.859931746027895,0.1794540740307659,0.8622488005006538,<20,0.5–1%,favorable,1655654400000
train,246,BTCUSDT,SHORT,2022-06-10T16:00:03+00:00,2022-06-16T01:15:13.750000+00:00,1654876803000,1655342113750,2022,29432.31236,22984.595999999998,30607.433458383464,443.7849558872643,446.21673260000017,447.01300000000003,0.7962673999998771,2.3887485584399997,-0.0430281542959,7.941404824436871,7.941404824436871,0.03224147711424833,129.2529861111111,WIN,WIN,False,RATCHETED_STOP,1,412.6048616974658,31.18009418979846,5.646960836766005,14.526258755372536,-0.0,0.1097213824214771,<20,<0.25%,flat_or_adverse,1655337600000
train,251,BTCUSDT,SHORT,2022-06-18T08:00:03+00:00,2022-06-19T20:33:05.850000+00:00,1655539203000,1655670785850,2022,19241.151,20536.606499999998,21034.8819469752,-64.92450175332343,-63.86595614999982,-63.473749999999995,0.3922061499998222,1.17662606685,0.1180804635264,0.9187280861597275,0.9187280861597275,0.7222128280635096,36.55079166666667,SLOW_FAILURE,SLOW_FAILURE,False,RATCHETED_STOP,0,-64.92450175332343,0.0,-0.7217949549701925,61.6560420692803,1.1361008436071018,5.077189281316081,>=35,>=1%,favorable,1655668800000
train,252,SOLUSDT,SHORT,2022-06-18T08:00:03+00:00,2022-06-19T00:00:06.341000+00:00,1655539203000,1655596806341,2022,28.44431,32.116422,32.55873460451831,-80.61442801509655,-79.53721149759997,-79.27486800000001,0.26234349759995723,0.7870400057841599,-0.29017651171242004,0.3291614575979226,0.3291614575979226,0.892497093267288,16.000928055555555,NO_FOLLOW_THROUGH,NO_FOLLOW_THROUGH,False,RATCHETED_STOP,0,-80.61442801509655,0.0,-0.8946882581800312,20.16804762656488,-0.0,2.6713532513181075,20–25,>=1%,flat_or_adverse,1655596800000
train,253,ADAUSDT,SHORT,2022-06-18T08:00:03+00:00,2022-06-19T20:46:19.230000+00:00,1655539203000,1655671579230,2022,0.45890820000000004,0.48799758,0.5108761610735756,-50.718383784537195,-49.722099072059905,-49.39839429999997,0.32370477205993353,0.9711202439873159,-0.025164468489974015,0.7486959117929286,0.7486959117929286,0.5597560381254055,36.771175,SLOW_FAILURE,SLOW_FAILURE,False,RATCHETED_STOP,0,-50.718383784537195,0.0,-0.5630170596061412,16.107802154756293,-0.0,1.7215079538025753,<20,>=1%,flat_or_adverse,1655668800000
train,254,SOLUSDT,LONG,2022-06-20T12:00:03+00:00,2022-06-22T07:09:16.800000+00:00,1655726403000,1655881756800,2022,36.317262,33.74325,31.282863862067796,-44.998599387951764,-44.42384350319994,-44.18201600000004,0.2418275031999002,0.72548781144192,0.1507319266901,0.5825399421438239,0.5825399421438239,0.5112849499537653,43.15383333333333,SLOW_FAILURE,SLOW_FAILURE,False,RATCHETED_STOP,0,-44.998599387951764,0.0,-0.5119905019348041,18.049585454884767,0.12756281320757118,2.3966942148760264,<20,>=1%,favorable,1655870400000
train,255,ADAUSDT,SHORT,2022-06-22T04:00:03+00:00,2022-06-23T22:32:14.705000+00:00,1655870403000,1656023534705,2022,0.46430711999999996,0.48079614,0.5081612271602624,-34.22602252400108,-32.41533735238204,-32.04374783000007,0.3715895223819672,1.1147724123957394,-0.6959127592233045,0.20766857632555386,0.20766857632555386,0.37599716577838005,42.53658472222222,NO_FOLLOW_THROUGH,NO_FOLLOW_THROUGH,False,RATCHETED_STOP,0,-34.22602252400108,0.0,-0.39038677774688074,15.43368120555319,-0.0,0.3013993541442318,<20,0.25–0.5%,flat_or_adverse,1656014400000
train,256,ETHUSDT,SHORT,2022-06-22T08:00:03+00:00,2022-06-23T20:12:10.440000+00:00,1655884803000,1656015130440,2022,1074.58504,1134.7369019999999,1187.6034441938982,-47.17724049205107,-45.91993145079995,-45.58261400000003,0.33731745079992237,1.0119578223136796,-0.24535121893744,0.28831622807287133,0.28831622807287133,0.5322306789680141,36.20206666666667,NO_FOLLOW_THROUGH,NO_FOLLOW_THROUGH,False,RATCHETED_STOP,0,-47.17724049205107,0.0,-0.5386095958303994,21.794808319672963,-0.0,0.7005954596203919,20–25,0.5–1%,flat_or_adverse,1656014400000
train,257,XRPUSDT,LONG,2022-06-24T04:00:03+00:00,2022-06-27T13:37:07.368000+00:00,1656043203000,1656337027368,2022,0.36747348,0.35712856000000004,0.3458154314343847,-42.87235722318187,-40.42993875709992,-39.86356349999995,0.5663752570999705,1.69913055492762,-0.7432879111543325,0.901582612156509,0.901582612156509,0.7052103495717725,81.61788,SLOW_FAILURE,SLOW_FAILURE,False,RATCHETED_STOP,0,-42.87235722318187,0.0,-0.4931163053319363,18.040571842453975,2.390596774873691,8.097441480675013,<20,>=1%,favorable,1656331200000
train,258,SOLUSDT,LONG,2022-06-24T04:00:03+00:00,2022-06-26T18:18:08.571000+00:00,1656043203000,1656267488571,2022,38.907779999999995,39.712056,34.9096752188158,15.930533491910271,17.20893271680003,17.545376000000005,0.33644328319997285,1.0093277441548798,-0.26907148073488,1.0010292923875261,1.0010292923875261,0.2970857606308629,62.3015475,WIN,WIN,False,RATCHETED_STOP,0,15.930533491910271,0.0,0.18336534011062658,27.48473645525302,0.844931395545196,0.565407350295551,25–35,0.5–1%,favorable,1656259200000
train,259,ADAUSDT,LONG,2022-06-26T08:00:03+00:00,2022-06-27T14:01:09.655000+00:00,1656230403000,1656338469655,2022,0.5188037400000001,0.48650267999999997,0.4862452582538756,-86.09924041832603,-84.45534634864826,-83.92964868000018,0.5256976686480783,1.5771030775018418,-0.06679099217592599,0.21181147369750306,0.21181147369750306,0.9920935580432891,30.018515277777777,NO_FOLLOW_THROUGH,NO_FOLLOW_THROUGH,False,RATCHETED_STOP,0,-86.09924041832603,0.0,-0.9862594051103775,18.78237549692255,0.44847537461231013,1.7540478026214334,<20,>=1%,favorable,1656331200000
train,260,ETHUSDT,LONG,2022-06-26T12:00:03+00:00,2022-06-27T13:43:11.621000+00:00,1656244803000,1656337391621,2022,1269.3638219999998,1193.301292,1190.155803453105,-83.27871643036754,-81.98780108699968,-81.45690299999994,0.5308980869997413,1.5927040358283597,0.30178869246051,0.13428158152577796,0.13428158152577796,0.9602882561058775,25.71906138888889,NO_FOLLOW_THROUGH,NO_FOLLOW_THROUGH,False,RATCHETED_STOP,0,-83.27871643036754,0.0,-0.9510229084778529,26.57105381374465,0.2533114245310695,0.8754166305521114,25–35,0.5–1%,favorable,1656331200000
train,261,BTCUSDT,SHORT,2022-06-28T20:00:03+00:00,2022-07-01T00:29:08.509000+00:00,1656446403000,1656635348509,2022,20242.650660000003,20434.086,21140.844968101555,-20.010242346110665,-17.573764211999666,-16.826939999999933,0.7468242119997335,2.2404746552328,-0.19600347887819994,1.8700303986006743,1.8700303986006743,0.230851318172185,52.48486361111111,GIVEBACK_GE1R,GIVEBACK_GE1R,False,RATCHETED_STOP,0,-20.010242346110665,0.0,-0.23423660409528246,13.875520401813672,0.32530236163091797,0.24695504430373494,<20,<0.25%,favorable,1656633600000
train,262,ADAUSDT,SHORT,2022-06-29T00:00:03+00:00,2022-07-01T00:32:18.333000+00:00,1656460803000,1656635538333,2022,0.46880622,0.47479494,0.4977904740357058,-20.05816345219984,-17.207288565504008,-16.665042560000078,0.5422460055039302,1.626740016317107,-1.2241348703787231,1.2353680020845172,1.2353680020845172,0.2757973343096026,48.5375925,GIVEBACK_GE1R,GIVEBACK_GE1R,False,RATCHETED_STOP,0,-20.05816345219984,0.0,-0.23477636331530935,18.499651119537024,0.2292424915204506,0.27718550106610307,<20,0.25–0.5%,favorable,1656633600000
train,263,XRPUSDT,SHORT,2022-06-29T08:00:03+00:00,2022-07-01T00:29:19.565000+00:00,1656489603000,1656635359565,2022,0.33123374,0.33416682,0.35078781741204756,-15.056939553111652,-12.490708603811902,-11.923978920000106,0.5667296838117952,1.70019048231347,-0.86604046698628,1.3211433838388833,1.3211433838388833,0.14999838336493757,40.48793472222222,GIVEBACK_GE1R,GIVEBACK_GE1R,False,RATCHETED_STOP,0,-15.056939553111652,0.0,-0.17604439997080376,25.50570819271851,0.5849808502902099,0.6338665861756688,25–35,0.5–1%,favorable,1656633600000
train,264,SOLUSDT,SHORT,2022-06-30T04:00:03+00:00,2022-07-02T21:58:06.206000+00:00,1656561603000,1656799086206,2022,32.983402000000005,33.956790000000005,36.23033830306063,-26.713750210056,-25.306141223999997,-24.958080000000024,0.34806122399997363,1.0441866669696,-0.36342231908640005,0.6755297287268818,0.6755297287268818,0.7411903946903707,65.96755722222223,SLOW_FAILURE,SLOW_FAILURE,False,RATCHETED_STOP,0,-26.713750210056,0.0,-0.3114004112526697,30.497457455299962,0.3384263105671833,0.3335354760461084,25–35,0.25–0.5%,favorable,1656792000000
train,265,ETHUSDT,LONG,2022-07-05T00:00:03+00:00,2022-07-05T15:11:04.838000+00:00,1656979203000,1657033864838,2022,1150.460046,1081.0608099602337,1081.2770653733082,-84.53523384643229,-82.91126729670876,-82.37807099850868,0.5331962982000817,1.5995987799694145,-0.02436776975412,0.36916527401171895,0.36916527401171895,1.003125847009129,15.18384388888889,NO_FOLLOW_THROUGH,NO_FOLLOW_THROUGH,False,INITIAL_STOP_OR_GAP,0,-84.53523384643229,0.0,-0.9962664360629243,18.364890659125553,0.746451188461472,1.1067351747041911,<20,>=1%,favorable,1657022400000
train,266,ETHUSDT,LONG,2022-07-07T00:00:03+00:00,2022-07-10T02:29:08.409000+00:00,1657152003000,1657420148409,2022,1186.597272,1191.7616,1111.372856946039,3.309494091321676,5.639446176000075,6.15888000000011,0.5194338240000347,1.5583007329343999,-0.771651351744,1.2017737583622448,1.2017737583622448,0.3146222138520135,74.48483583333334,WIN,WIN,False,RATCHETED_STOP,0,3.309494091321676,0.0,0.0392966222348332,21.171004364188832,0.5773553263068381,0.8740949282264295,20–25,0.5–1%,favorable,1657411200000
train,267,SOLUSDT,LONG,2022-07-07T00:00:03+00:00,2022-07-10T08:53:17.894000+00:00,1657152003000,1657443197894,2022,37.027404000000004,37.022594000000005,34.31053694811377,-1.9791718943192727,-0.14590172999997247,0.30332999999993965,0.4492317299999121,1.3476951536004,-0.4855750107189001,0.9837051092155952,0.9837051092155952,0.24565206440140228,80.88747055555555,COST_FLIP,COST_FLIP,False,RATCHETED_STOP,0,-1.9791718943192727,0.0,-0.023503435017771995,19.788693608021212,0.3593307192414505,0.43231559038098816,<20,0.25–0.5%,favorable,1657440000000
train,268,BTCUSDT,LONG,2022-07-07T16:00:03+00:00,2022-07-10T02:30:07.303000+00:00,1657209603000,1657420207303,2022,20886.1764,21170.96496,20008.87897279378,23.002472748078084,26.48533608000008,27.26760000000007,0.7822639199999877,2.346788487888,-1.136074844034,1.9306150314309192,1.9306150314309192,0.07976359878637909,58.501195277777775,WIN,WIN,False,RATCHETED_STOP,0,23.002472748078084,0.0,0.27158697573273505,20.882881508614705,0.5069751886920462,0.6354785723521361,20–25,0.5–1%,favorable,1657411200000
train,269,XRPUSDT,LONG,2022-07-07T20:00:03+00:00,2022-07-10T03:44:14.545000+00:00,1657224003000,1657424654545,2022,0.34136826,0.33543290000000003,0.32765545322706074,-39.02966961060659,-35.69757695283167,-34.88346895999983,0.8141079928318362,2.4423281645122747,-0.8897644932626438,1.285786366857759,1.285786366857759,0.43283334318636696,55.73654027777778,GIVEBACK_GE1R,GIVEBACK_GE1R,False,RATCHETED_STOP,0,-39.02966961060659,0.0,-0.4551077751921514,20.365946947048208,0.5980266549917378,0.2930832356389217,20–25,0.25–0.5%,favorable,1657411200000
train,270,ADAUSDT,SHORT,2022-07-11T04:00:03+00:00,2022-07-13T23:40:15.714000+00:00,1657512003000,1657755615714,2022,0.45270943999999996,0.4405881,0.47297680140434967,43.65317169086015,48.56877421334392,49.28464367999991,0.7158694666559882,2.1476024858107583,-2.768000036673019,2.5365630470756138,2.5365630470756138,0.20676396480010703,67.67019833333333,WIN,WIN,False,RATCHETED_STOP,0,43.65317169086015,0.0,0.5189933045509942,20.30304871346331,0.24904365487804458,0.3532788695076154,20–25,0.25–0.5%,favorable,1657742400000
train,271,SOLUSDT,SHORT,2022-07-12T00:00:03+00:00,2022-07-13T23:15:05.185000+00:00,1657584003000,1657754105185,2022,33.373324000000004,34.60692,35.59336678522177,-47.85826247444993,-45.92406516879995,-45.41791599999996,0.5061491687999862,1.51845295654992,-0.41574434910006,0.7537350230990494,0.7537350230990494,0.5556631647875075,47.25060694444444,SLOW_FAILURE,SLOW_FAILURE,False,RATCHETED_STOP,0,-47.85826247444993,0.0,-0.5654654028720687,23.888110909287413,0.6943918780395005,3.593890386343225,20–25,>=1%,favorable,1657742400000
train,272,ETHUSDT,SHORT,2022-07-12T00:00:03+00:00,2022-07-13T23:15:10.583000+00:00,1657584003000,1657754110583,2022,1095.660824,1105.221,1153.235167032416,-16.473692930201977,-13.635679028799936,-13.007855999999844,0.6278230288000923,1.8834706473427199,-0.9545432540593198,1.5746740514078543,1.5746740514078543,0.16604924166685336,47.25210638888889,GIVEBACK_GE1R,GIVEBACK_GE1R,False,RATCHETED_STOP,0,-16.473692930201977,0.0,-0.19468153673517738,23.96807459421181,0.7958430141995074,1.464482868744008,20–25,>=1%,favorable,1657742400000
train,273,XRPUSDT,SHORT,2022-07-12T00:00:03+00:00,2022-07-13T21:48:09.285000+00:00,1657584003000,1657748889285,2022,0.31463705999999997,0.32146428,0.33105659080297195,-37.03176321294271,-34.13246518807211,-33.496432920000196,0.636032268071915,1.90810082378795,-0.9911972010826475,0.8670808058305186,0.8670808058305186,0.41579872664596945,45.801745833333335,SLOW_FAILURE,SLOW_FAILURE,False,RATCHETED_STOP,0,-37.03176321294271,0.0,-0.4376979966069854,28.640233015551726,0.39739332470302435,0.6990784874483748,25–35,0.5–1%,favorable,1657742400000
train,274,XRPUSDT,LONG,2022-07-15T04:00:03+00:00,2022-07-21T02:59:17.142000+00:00,1657857603000,1658372357142,2022,0.34456889999999996,0.3524295,0.32643170445888187,33.32902920798449,35.19610140222023,35.82026960000003,0.6241681977798024,1.872500294907648,0.005428100671908631,2.041721384987462,2.041721384987462,0.9576397828773278,142.98726166666665,WIN,WIN,False,RATCHETED_STOP,0,33.32902920798449,0.0,0.39829900497024745,32.58584484405885,0.4427645087935589,2.3947750362844644,25–35,>=1%,favorable,1658361600000
train,275,ETHUSDT,LONG,2022-07-15T20:00:03+00:00,2022-07-20T20:22:13.453000+00:00,1657915203000,1658348533453,2022,1266.143178,1492.2714859999999,1188.8904368715057,237.98211002118435,241.1993940691998,241.93197999999978,0.7325859307999725,2.1977287605623994,-1.01955528745304,4.839398790758306,4.839398790758306,0.9673854533614076,120.36957027777778,WIN,WIN,False,RATCHETED_STOP,1,235.02091079906094,2.961199222123415,2.8564531783003204,29.656705225250523,0.5918692641738159,2.2633013390212007,25–35,>=1%,favorable,1658347200000
train,276,SOLUSDT,LONG,2022-07-15T20:00:03+00:00,2022-07-16T07:50:19.863000+00:00,1657915203000,1657957819863,2022,38.817762,36.323143887689355,36.33040996968329,-83.07599975695368,-81.50840381620438,-81.01738077355922,0.4910230426451534,1.473078850021557,-0.09451709072775,0.10944892266228096,0.10944892266228096,1.002921211756668,11.8380175,NO_FOLLOW_THROUGH,NO_FOLLOW_THROUGH,False,INITIAL_STOP_OR_GAP,0,-83.07599975695368,0.0,-0.9973072591988024,25.620005869565123,0.4008762538910283,0.6185567010309148,25–35,0.5–1%,favorable,1657944000000
train,277,SOLUSDT,LONG,2022-07-16T20:00:03+00:00,2022-07-20T20:07:16.363000+00:00,1658001603000,1658347636363,2022,39.417882,42.531492,36.84605868286424,95.81555098655069,98.93744863800005,99.45825400000008,0.5208053620000328,1.56240415100952,-1.55949350043984,3.1036805471107116,3.1036805471107116,0.45021833042929804,96.12037861111111,WIN,WIN,False,RATCHETED_STOP,0,95.81555098655069,0.0,1.1443969744537317,23.720332891055698,0.5128322045309359,0.8371385083713807,20–25,0.5–1%,favorable,1658347200000
train,278,BTCUSDT,LONG,2022-07-18T08:00:03+00:00,2022-07-21T11:28:06.762000+00:00,1658131203000,1658402886762,2022,22247.748659999997,22631.4728,21237.286592491986,27.59687171150817,31.465379480000173,32.20140000000006,0.7360205199998902,2.208057695832,-1.6604500726600002,2.008240987219358,2.008240987219358,0.8531232272043325,75.46771166666667,WIN,WIN,False,RATCHETED_STOP,0,27.59687171150817,0.0,0.3217288776272071,20.96609028928527,1.4176334291506218,2.55941088143001,20–25,>=1%,favorable,1658390400000
train,280,ETHUSDT,LONG,2022-07-22T12:00:03+00:00,2022-07-22T19:57:10.154000+00:00,1658491203000,1658519830154,2022,1638.517638,1521.5772771414354,1521.8816534721298,-85.81059491939322,-84.33738825119681,-83.88157951590006,0.45580873529675614,1.3674362716800017,-0.1057703965164,0.04674682536500686,0.04674682536500686,1.002609626282373,7.951987222222222,NO_FOLLOW_THROUGH,NO_FOLLOW_THROUGH,False,INITIAL_STOP_OR_GAP,0,-85.81059491939322,0.0,-0.9976979579106674,45.61105883993881,0.7162612581085812,1.2526096033402911,>=35,>=1%,favorable,1658505600000
train,281,ADAUSDT,LONG,2022-07-24T00:00:03+00:00,2022-07-25T19:09:02+00:00,1658620803000,1658776142000,2022,0.51700338,0.4839032,0.4827561845260892,-82.59597586341079,-80.56687415563408,-80.0796297700001,0.48724438563398564,1.4617427664575724,-0.5673589413191238,0.5751308896229077,0.5751308896229077,0.9665077546339653,43.14972222222222,SLOW_FAILURE,SLOW_FAILURE,False,RATCHETED_STOP,0,-82.59597586341079,0.0,-0.9674810529550908,15.258333833418643,-0.011749564331486058,1.0835913312693595,<20,>=1%,flat_or_adverse,1658764800000
train,282,SOLUSDT,SHORT,2022-07-25T04:00:03+00:00,2022-07-27T16:20:18.333000+00:00,1658721603000,1658938818333,2022,38.04239,37.447488,41.28185300500171,14.313756781498657,15.306590499199938,15.695055999999987,0.3884655008000486,1.16539461899328,0.172560901292,1.050294445328355,1.050294445328355,0.40365023399898764,60.3375925,WIN,WIN,False,RATCHETED_STOP,0,14.313756781498657,0.0,0.16856333789672615,16.115358804725084,0.887687922310556,1.3925380977404127,<20,>=1%,favorable,1658937600000
train,283,BTCUSDT,SHORT,2022-07-26T00:00:03+00:00,2022-07-27T16:02:11.527000+00:00,1658793603000,1658937731527,2022,21295.74,21536.106359999998,22320.759381804917,-20.916599965891503,-19.277382071999707,-18.59035999999994,0.6870220719997668,2.0610684468431995,0.42185055295139995,0.5913449157738612,0.5913449157738612,0.23449933168750903,40.03570194444445,SLOW_FAILURE,SLOW_FAILURE,False,RATCHETED_STOP,0,-20.916599965891503,0.0,-0.2462537216100491,16.39822854731685,0.49188869477954805,1.147887323943662,<20,>=1%,favorable,1658937600000
train,284,XRPUSDT,SHORT,2022-07-26T00:00:03+00:00,2022-07-27T16:28:20+00:00,1658793603000,1658939300000,2022,0.33573284,0.34026804,0.35302861539848207,-24.343209147135678,-21.616521497040083,-20.972105880000072,0.6444156170400106,1.9332493677727052,-0.7934382823228903,0.6147651524737731,0.6147651524737731,0.26221432086809093,40.47138888888889,SLOW_FAILURE,SLOW_FAILURE,False,RATCHETED_STOP,0,-24.343209147135678,0.0,-0.2863949286720768,19.359974541922934,0.4237136781544997,0.714711137581898,<20,0.5–1%,favorable,1658937600000
train,285,ADAUSDT,SHORT,2022-07-26T00:00:03+00:00,2022-07-27T18:01:11.384000+00:00,1658793603000,1658944871384,2022,0.47460506,0.47719542000000004,0.5063297092985741,-8.245878143796691,-6.776680687544037,-6.278676960000035,0.4980037275440017,1.4940119360732353,0.024814479820580607,0.7598211653385697,0.7598211653385697,0.08165133602017281,42.018995555555556,SLOW_FAILURE,SLOW_FAILURE,False,RATCHETED_STOP,0,-8.245878143796691,0.0,-0.09703094942704019,15.68984754493019,-0.0,0.04213187276173962,<20,<0.25%,flat_or_adverse,1658937600000
train,286,ETHUSDT,LONG,2022-07-27T20:00:03+00:00,2022-07-31T22:39:04.025000+00:00,1658952003000,1659307144025,2022,1588.037544,1670.6658,1467.7937015649657,54.25908427970629,56.831714476799974,57.27998399999998,0.448269523200004,1.3448016960019198,-1.2278285010917602,1.6338670822678107,1.6338670822678107,0.025261534715519066,98.65028472222222,WIN,WIN,False,RATCHETED_STOP,0,54.25908427970629,0.0,0.6424894876534676,17.891699426318542,0.0,1.2632894968886275,<20,>=1%,flat_or_adverse,1659297600000
train,287,ADAUSDT,LONG,2022-07-27T20:00:03+00:00,2022-08-01T10:42:11.578000+00:00,1658952003000,1659350531578,2022,0.50230044,0.51229752,0.4700949612729478,22.149810502546444,25.575523765751978,26.094653879999964,0.5191301142479858,1.557387211385534,-1.86832605182,1.6891399274343077,1.6891399274343077,0.4409324301728765,110.70238277777777,WIN,WIN,False,RATCHETED_STOP,0,22.149810502546444,0.0,0.2622914782814881,20.59268915204346,0.0,0.03484667463162809,20–25,<0.25%,flat_or_adverse,1659340800000
train,288,BTCUSDT,LONG,2022-07-28T04:00:03+00:00,2022-07-31T18:32:03.223000+00:00,1658980803000,1659292323223,2022,23131.425359999997,23500.299,22057.970908024225,24.112514305024924,28.18194609600012,28.894480000000055,0.7125339039999332,2.1375982446623993,-1.9318335463127998,1.461240052722241,1.461240052722241,0.5108044957014853,86.53339527777777,WIN,WIN,False,RATCHETED_STOP,0,24.112514305024924,0.0,0.2842132818182833,27.514263600295354,0.4500672842270695,0.11545097225285374,25–35,<0.25%,favorable,1659283200000
train,289,XRPUSDT,LONG,2022-07-28T16:00:03+00:00,2022-08-01T10:42:11.818000+00:00,1659024003000,1659350531818,2022,0.36467291999999996,0.37652468,0.34632484035197525,50.17463491864657,53.5570901145202,54.22697400000005,0.6698838854798481,2.00964514920312,-1.372810046670513,2.4703991300190253,2.4703991300190253,0.2928328251822462,90.70244944444444,WIN,WIN,False,RATCHETED_STOP,0,50.17463491864657,0.0,0.5864942775072153,27.722336479606504,0.06530555505290991,0.712914724431052,25–35,0.5–1%,favorable,1659340800000
train,290,SOLUSDT,SHORT,2022-08-03T04:00:03+00:00,2022-08-05T11:18:19.130000+00:00,1659499203000,1659698299130,2022,38.512296000000006,40.73814599999999,41.82837358311648,-57.83288169612907,-56.401703489999676,-56.00007399999984,0.4016294899998343,1.2048951900088798,-0.22628301612052,0.18464465461165944,0.18464465461165944,0.7501947519762282,55.30448055555556,NO_FOLLOW_THROUGH,NO_FOLLOW_THROUGH,False,RATCHETED_STOP,0,-57.83288169612907,0.0,-0.6757060143450171,20.885797129353033,0.7193867138057735,2.336448598130837,20–25,>=1%,favorable,1659686400000
train,291,BTCUSDT,SHORT,2022-08-04T20:00:03+00:00,2022-08-05T06:04:09.072000+00:00,1659643203000,1659679449072,2022,22434.61218,23331.632753861468,23326.96736038939,-85.20181515315495,-82.70529691002733,-81.86137062790188,0.8439262821254516,2.5317886697412164,0.035270426613600005,0.0,0.0,1.0052281799608562,10.068353333333333,NO_FOLLOW_THROUGH,NO_FOLLOW_THROUGH,False,INITIAL_STOP_OR_GAP,0,-85.20181515315495,0.0,-0.9955262276985283,17.221813783660924,0.26242658576593436,1.0080618206612597,<20,>=1%,favorable,1659672000000
train,292,ETHUSDT,LONG,2022-08-05T12:00:03+00:00,2022-08-09T13:56:06.744000+00:00,1659700803000,1660053366744,2022,1713.612654,1689.252082,1620.6746257193063,-24.351608397398408,-21.51769324760004,-20.916544000000055,0.6011492475999844,1.8034502527852798,-1.03046489701309,1.1423455819328412,1.1423455819328412,0.6209799698536184,97.93437333333334,GIVEBACK_GE1R,GIVEBACK_GE1R,False,RATCHETED_STOP,0,-24.351608397398408,0.0,-0.28813706176150355,14.794056569427914,-0.4055278170394415,0.9051404623906294,<20,0.5–1%,flat_or_adverse,1660046400000
train,293,ADAUSDT,LONG,2022-08-08T00:00:03+00:00,2022-08-09T11:45:05.833000+00:00,1659916803000,1660045505833,2022,0.52730544,0.51799638,0.5089790586941743,-44.60761397495978,-40.98591912803391,-40.06546998999998,0.9204491380339306,2.761352221958399,-0.8603426249674757,1.2001583745836482,1.2001583745836482,0.5079595281061151,35.75078694444444,GIVEBACK_GE1R,GIVEBACK_GE1R,False,RATCHETED_STOP,0,-44.60761397495978,0.0,-0.528513938645343,20.497906186124563,0.7848112652351216,0.6638846737480932,20–25,0.5–1%,favorable,1660032000000
train,294,SOLUSDT,LONG,2022-08-08T04:00:03+00:00,2022-08-09T14:04:11.428000+00:00,1659931203000,1660053851428,2022,41.918381999999994,40.431912,39.86763990535718,-62.043290590303116,-59.39057102699988,-58.73252699999995,0.6580440269999315,1.9741391289032395,-0.6785804344,0.8785200268265815,0.8785200268265815,0.7248449251044907,34.06900777777778,SLOW_FAILURE,SLOW_FAILURE,False,RATCHETED_STOP,0,-62.043290590303116,0.0,-0.7332400320405342,18.86681715513371,0.3868074009437374,0.7635409210212197,<20,0.5–1%,favorable,1660046400000
train,295,BTCUSDT,LONG,2022-08-08T08:00:03+00:00,2022-08-09T13:55:09.571000+00:00,1659945603000,1660053309571,2022,23801.55936,23150.415965061897,23155.04697445679,-85.33639631073858,-81.00223833029996,-79.83407637757536,1.1681619527246028,3.5044954382626194,-0.829662542176,0.6828030674603319,0.6828030674603319,1.0071630636913496,29.918491944444444,SLOW_FAILURE,SLOW_FAILURE,False,INITIAL_STOP_OR_GAP,0,-85.33639631073858,0.0,-1.0020289556545852,13.36998455906402,0.30852990499328536,1.6674510858602807,<20,>=1%,favorable,1660046400000
train,296,XRPUSDT,SHORT,2022-08-09T12:00:03+00:00,2022-08-10T21:28:16+00:00,1660046403000,1660166896000,2022,0.36822634000000004,0.37937586,0.380269109744813,-78.27731234548679,-73.4437468649838,-72.45883370000006,0.9849131649837375,2.954748190012044,-1.8788172904909628,0.865775915419363,0.865775915419363,0.9258268850321817,33.47027777777778,SLOW_FAILURE,SLOW_FAILURE,False,RATCHETED_STOP,0,-78.27731234548679,0.0,-0.9407353769476883,20.013682991783064,-0.2696074152822243,0.6514657980456062,20–25,0.5–1%,flat_or_adverse,1660161600000
train,297,SOLUSDT,SHORT,2022-08-10T04:00:03+00:00,2022-08-10T12:31:18.356000+00:00,1660104003000,1660134678356,2022,39.262146,41.373896194113094,41.36562306949919,-82.76007426416481,-81.05530770064283,-80.43630027658742,0.6190074240554111,1.8570319245219855,0.15226536100000002,0.0723307147989142,0.0723307147989142,1.0039330709775078,8.520932222222223,NO_FOLLOW_THROUGH,NO_FOLLOW_THROUGH,False,INITIAL_STOP_OR_GAP,0,-82.76007426416481,0.0,-0.9953230392722616,22.84114936863227,0.009498376176495368,1.069791136016306,20–25,>=1%,favorable,1660132800000
train,298,ETHUSDT,LONG,2022-08-10T16:00:03+00:00,2022-08-14T16:56:11.840000+00:00,1660147203000,1660496171840,2022,1837.2073679999999,1945.1109000000001,1744.1638520368313,89.06233450493839,91.95538997040022,92.60005200000006,0.6446620295998429,1.9339749767937597,-0.9590804886680601,2.0720695042985837,2.0720695042985837,0.3644248355083892,96.9357888888889,WIN,WIN,False,RATCHETED_STOP,0,89.06233450493839,0.0,1.0888248117205341,23.6485400679611,0.39028380867075685,2.0279392870364323,20–25,>=1%,favorable,1660492800000
train,299,SOLUSDT,LONG,2022-08-11T04:00:03+00:00,2022-08-14T16:48:06.153000+00:00,1660190403000,1660495686153,2022,43.828764,45.220954,41.434424560475776,42.924893795897944,46.288368433999985,46.88052599999989,0.592157565999905,1.77646707233688,-1.58700756576516,1.9008315716941009,1.9008315716941009,0.72202126877362,84.80087583333334,WIN,WIN,False,RATCHETED_STOP,0,42.924893795897944,0.0,0.5238574565341971,22.957308250649678,0.14252326477162794,2.21360109539023,20–25,>=1%,favorable,1660492800000
train,300,ADAUSDT,LONG,2022-08-11T04:00:03+00:00,2022-08-12T00:17:03.728000+00:00,1660190403000,1660263423728,2022,0.5440087800000001,0.5226022375191476,0.5227067788749226,-82.05242874649943,-79.0949717335287,-78.30677127470756,0.7882004588211373,2.3646107732757287,-0.592846239695,0.16858603935440486,0.16858603935440486,1.0049075838068522,20.283535555555556,NO_FOLLOW_THROUGH,NO_FOLLOW_THROUGH,False,INITIAL_STOP_OR_GAP,0,-82.05242874649943,0.0,-1.0015579682238862,23.31482972594664,0.0,0.9009009009009037,20–25,0.5–1%,flat_or_adverse,1660262400000
train,301,BTCUSDT,LONG,2022-08-11T04:00:03+00:00,2022-08-14T17:00:08.252000+00:00,1660190403000,1660496408252,2022,24318.46272,24262.6465,23454.24334127731,-8.410534716306055,-5.056949532000055,-4.176659999999869,0.8802895320001864,2.6408690971991997,-0.7127160871068001,0.86382844261532,0.86382844261532,0.8776275314735504,85.00145888888889,SLOW_FAILURE,SLOW_FAILURE,False,RATCHETED_STOP,0,-8.410534716306055,0.0,-0.10278876808098683,21.13722989475689,0.2765700836540879,0.3228632417114631,20–25,0.25–0.5%,favorable,1660492800000
train,302,XRPUSDT,SHORT,2022-08-12T12:00:03+00:00,2022-08-13T06:07:15.160000+00:00,1660305603000,1660370835160,2022,0.3709258,0.3832314438550027,0.3831548128924242,-79.49981366027019,-76.98547265280014,-76.04185742375559,0.9436152290445534,2.830854812157144,0.3165138046870878,0.010287011805993094,0.010287011805993094,1.0062663244574674,18.120044444444446,NO_FOLLOW_THROUGH,NO_FOLLOW_THROUGH,False,INITIAL_STOP_OR_GAP,0,-79.49981366027019,0.0,-0.9910353858178604,20.001066716027186,-0.0,0.2156915610676794,20–25,<0.25%,flat_or_adverse,1660363200000
train,303,ADAUSDT,LONG,2022-08-13T08:00:03+00:00,2022-08-15T06:37:15.312000+00:00,1660377603000,1660545435312,2022,0.55841166,0.5513897,0.5359246361362338,-27.96105030424019,-24.752911070139977,-23.9704862000001,0.7824248701398773,2.347277486878344,-0.8608617472218676,1.6181927951183108,1.6181927951183108,0.3122672009662699,46.620086666666666,GIVEBACK_GE1R,GIVEBACK_GE1R,False,RATCHETED_STOP,0,-27.96105030424019,0.0,-0.3392595492541317,20.068414874865343,0.8938402129132378,2.0777359842378744,20–25,>=1%,favorable,1660536000000
train,304,XRPUSDT,SHORT,2022-08-15T08:00:03+00:00,2022-08-17T00:06:11.428000+00:00,1660550403000,1660694771428,2022,0.36932612000000004,0.37827563999999997,0.38414088108221783,-49.575628224863244,-47.16597240762364,-46.377968559999864,0.7880038476237772,2.364017108228227,-0.04563870901137734,0.2650140611928306,0.2650140611928306,0.6040947910217782,40.10234111111111,NO_FOLLOW_THROUGH,NO_FOLLOW_THROUGH,False,RATCHETED_STOP,0,-49.575628224863244,0.0,-0.6106020006904462,20.193835826846254,-0.3052734755067234,0.2774769897130477,20–25,0.25–0.5%,flat_or_adverse,1660694400000
train,305,XRPUSDT,LONG,2022-08-17T04:00:03+00:00,2022-08-17T12:17:19.887000+00:00,1660708803000,1660738639887,2022,0.38697738000000004,0.37204580505584567,0.372120229101666,-80.51035169542351,-77.97486735463094,-77.18212443360571,0.792742921025237,2.378238024930769,-0.15724631586179702,0.31786848180491356,0.31786848180491356,1.005009308065159,8.288024166666666,NO_FOLLOW_THROUGH,NO_FOLLOW_THROUGH,False,INITIAL_STOP_OR_GAP,0,-80.51035169542351,0.0,-0.9961738684389799,14.433620449943918,0.013532009486190457,2.24864306022229,<20,>=1%,favorable,1660737600000
train,306,ADAUSDT,LONG,2022-08-17T04:00:03+00:00,2022-08-17T12:17:09.190000+00:00,1660708803000,1660738629190,2022,0.57771552,0.5463958914303466,0.5465051924688403,-80.58479709000812,-78.74904052779378,-78.18375792769936,0.5652826000944202,1.695857182334332,-0.13989937988000004,0.14048170419302852,0.14048170419302852,1.0035020791878775,8.285052777777778,NO_FOLLOW_THROUGH,NO_FOLLOW_THROUGH,False,INITIAL_STOP_OR_GAP,0,-80.58479709000812,0.0,-0.9973568441685611,21.81279703232098,0.4710466417745067,1.246753246753244,20–25,>=1%,favorable,1660737600000
train,307,SOLUSDT,SHORT,2022-08-17T16:00:03+00:00,2022-08-24T16:01:05+00:00,1660752003000,1661356865000,2022,41.061786,36.097218000000005,43.87884051475369,133.82830476959475,137.10349571519978,137.52967199999992,0.42617628480013536,1.27851235083936,-1.99667859476568,2.6132919904262724,2.6132919904262724,0.28690037617914727,168.01722222222222,WIN,WIN,False,RATCHETED_STOP,0,133.82830476959475,0.0,1.6810221012570987,16.342165558018646,0.7538836131881872,3.4566699123661193,<20,>=1%,favorable,1661356800000
train,308,BTCUSDT,SHORT,2022-08-17T16:00:03+00:00,2022-08-21T20:52:01.880000+00:00,1660752003000,1661115121880,2022,23381.02286,21584.416019999997,24181.949873584144,168.2474156528364,170.49798911600038,171.3514400000002,0.8534508839998125,2.5603320898272,0.3097586266632001,3.2938367856946367,3.2938367856946367,0.2980011111523397,100.86635555555556,WIN,WIN,False,RATCHETED_STOP,0,168.2474156528364,0.0,2.1147729009597005,16.59629388780135,0.42335956485947973,1.1301778437250083,<20,>=1%,favorable,1661112000000
train,309,ADAUSDT,SHORT,2022-08-18T20:00:03+00:00,2022-08-21T16:47:09.333000+00:00,1660852803000,1661100429333,2022,0.52859426,0.46689336,0.5564230916002533,147.09420401343937,151.75298930346003,152.44434989999988,0.6913605965398517,2.0740634962980122,-2.584721793722648,3.39195915070832,3.39195915070832,0.10800812779982548,68.7850925,WIN,WIN,False,RATCHETED_STOP,1,167.5134563083121,-20.419252294872738,1.8461664911322977,16.07316171617168,0.6312427290699478,0.2458861358048192,<20,<0.25%,favorable,1661097600000
train,310,XRPUSDT,SHORT,2022-08-19T04:00:03+00:00,2022-08-21T07:22:13.333000+00:00,1660881603000,1661066533333,2022,0.36032792,0.34246847999999996,0.37591010335658803,85.82832284810651,89.9122166055603,90.61985700000008,0.7076403944397782,2.1229103089371595,-1.9609834485166349,2.421221669429849,2.421221669429849,0.21640613018292548,51.36953694444444,WIN,WIN,False,RATCHETED_STOP,0,85.82832284810651,0.0,1.0550502020234709,16.378631746861792,0.40618684835031144,1.9700332963374017,<20,>=1%,favorable,1661054400000
train,312,ETHUSDT,SHORT,2022-08-26T12:00:03+00:00,2022-08-29T14:06:09.649000+00:00,1661515203000,1661781969649,2022,1628.0843180000002,1510.302,1707.783331285606,72.77685390131873,77.76266813620035,78.69231900000005,0.9296508637997078,2.7889431483217195,-2.1968710865599,2.603474113994773,2.603474113994773,0.9776241735990467,74.10184694444445,WIN,WIN,False,RATCHETED_STOP,1,115.68003452405067,-42.90318062273194,0.8703198726833995,16.748252973757413,-0.0,0.7080526403055725,<20,0.5–1%,flat_or_adverse,1661774400000
train,313,BTCUSDT,SHORT,2022-08-26T12:00:03+00:00,2022-08-26T12:30:19.518000+00:00,1661515203000,1661517019518,2022,21175.36408,21801.23448139276,21796.875106371484,-83.08618596752345,-79.7984761775769,-78.70257606236446,1.0959001152124443,3.2877097899465464,0.0,0.05287771029882919,0.05287771029882919,1.0070141555600804,0.5045883333333333,NO_FOLLOW_THROUGH,NO_FOLLOW_THROUGH,False,INITIAL_STOP_OR_GAP,0,-83.08618596752345,0.0,-0.9943007381858893,21.18643241712125,-0.0,0.5458056535267192,20–25,0.5–1%,flat_or_adverse,1661515200000
train,314,SOLUSDT,SHORT,2022-08-26T12:00:03+00:00,2022-08-29T14:20:18+00:00,1661515203000,1661782818000,2022,34.213156,32.186436,36.05890812181874,40.511039231606546,47.28993794879986,48.160787999999954,0.8708500512000938,2.6125443743054397,-4.16635434288788,2.3368013228937605,2.3368013228937605,0.8434740405260618,74.3375,WIN,WIN,False,RATCHETED_STOP,1,83.2327857182909,-42.72174648668435,0.4855131562373386,29.795211452019753,0.28665567193173996,0.438468284127444,25–35,0.25–0.5%,favorable,1661774400000
train,315,BTCUSDT,SHORT,2022-08-26T16:00:03+00:00,2022-08-29T14:06:07.316000+00:00,1661529603000,1661781967316,2022,20765.446079999998,20159.031,21529.99118704631,59.883598823926384,63.49165887599988,64.34861999999985,0.856961123999973,2.5708756501655996,-1.0371844019079,1.6446983551538532,1.6446983551538532,0.0739706780918242,70.10119888888889,WIN,WIN,False,RATCHETED_STOP,0,59.883598823926384,0.0,0.7169413138991166,23.019926356575116,0.39295099757723634,1.1068796009648556,20–25,>=1%,favorable,1661774400000
train,316,ADAUSDT,SHORT,2022-08-26T16:00:03+00:00,2022-08-29T23:42:07.692000+00:00,1661529603000,1661816527692,2022,0.45120973999999997,0.4510902,0.47710832009761894,-3.539376501988043,0.375126561359917,0.9414251999998963,0.5662986386399793,1.6988958029489758,-2.215607260398984,1.0892388653613287,1.0892388653613287,0.1193215994217428,79.70130333333333,COST_FLIP,COST_FLIP,False,RATCHETED_STOP,0,-3.539376501988043,0.0,-0.04236875812209783,18.063145335942075,-0.30997755645235,1.0635940615998287,<20,>=1%,flat_or_adverse,1661803200000
train,319,SOLUSDT,SHORT,2022-09-01T16:00:03+00:00,2022-09-04T12:00:01.538000+00:00,1662048003000,1662292801538,2022,30.743850000000002,31.866372,32.700822771214575,-48.79121632450155,-47.15378165399985,-46.62776999999998,0.5260116539998734,1.5780405573324,-0.05939411316929999,0.1552653181839722,0.1552653181839722,0.8309517760897325,67.9995938888889,NO_FOLLOW_THROUGH,NO_FOLLOW_THROUGH,False,RATCHETED_STOP,0,-48.79121632450155,0.0,-0.578966954791054,21.818749476654947,-0.0,0.1626016260162625,20–25,<0.25%,flat_or_adverse,1662292800000
train,320,ETHUSDT,LONG,2022-09-02T16:00:03+00:00,2022-09-03T07:50:12.510000+00:00,1662134403000,1662191412510,2022,1635.5970539999998,1538.2993100159442,1538.6070314222286,-83.27263118080279,-81.83713246498917,-81.3032228707635,0.533909594225662,1.601738539064286,0.16623982325067,0.030342770542612515,0.030342770542612515,1.0031727119770244,15.835975,NO_FOLLOW_THROUGH,NO_FOLLOW_THROUGH,False,INITIAL_STOP_OR_GAP,0,-83.27263118080279,0.0,-0.9939508074200614,13.037471613687684,0.5054153267331682,1.4810919230957407,<20,>=1%,favorable,1662177600000
train,321,ADAUSDT,LONG,2022-09-02T16:00:03+00:00,2022-09-06T17:10:16.585000+00:00,1662134403000,1662484216585,2022,0.46519302,0.48210356000000004,0.44504382528736003,64.90100884181041,67.80431516806011,68.56397190000001,0.7596567319398986,2.278961968143372,-0.624344358106323,2.332945840783978,2.332945840783978,0.8433597591540456,97.17044027777777,WIN,WIN,False,RATCHETED_STOP,0,64.90100884181041,0.0,0.7747120635089704,11.339059821891931,0.5261529401899595,0.5376344086021511,<20,0.5–1%,favorable,1662480000000
train,322,BTCUSDT,SHORT,2022-09-04T08:00:03+00:00,2022-09-04T23:31:13.222000+00:00,1662278403000,1662334273222,2022,19614.47632,19961.4915,20171.688321764777,-53.03291548580138,-49.69257377599978,-48.55911999999979,1.133453775999996,3.4003671550944,0.06002544529279999,0.07981938626436304,0.07981938626436304,0.6227704695895786,15.519506111111111,NO_FOLLOW_THROUGH,NO_FOLLOW_THROUGH,False,RATCHETED_STOP,0,-53.03291548580138,0.0,-0.6291957720969835,21.847674101786804,-0.05531570135533353,0.051991742487961505,20–25,<0.25%,flat_or_adverse,1662321600000
train,323,XRPUSDT,SHORT,2022-09-05T08:00:03+00:00,2022-09-05T23:43:13.333000+00:00,1662364803000,1662421393333,2022,0.32553488,0.33326664,0.33449475891215175,-71.57847288165804,-68.14718445821579,-66.98586115999996,1.1613232982158337,3.4839779329513387,0.052689509509076186,0.3722014586019854,0.3722014586019854,0.8629313047427323,15.719536944444444,NO_FOLLOW_THROUGH,NO_FOLLOW_THROUGH,False,RATCHETED_STOP,0,-71.57847288165804,0.0,-0.8565858205839572,11.279771024613725,-0.0,0.45300982800982925,<20,0.25–0.5%,flat_or_adverse,1662408000000
train,324,ETHUSDT,LONG,2022-09-05T16:00:03+00:00,2022-09-06T20:09:14.937000+00:00,1662393603000,1662494954937,2022,1599.949926,1555.408856,1533.715895628527,-55.694090908604515,-54.03722612399999,-53.271612000000104,0.7656141239998888,2.2968487645934403,0.63998397998892,1.3105056949302734,1.3105056949302734,0.6724801397437512,28.153315833333334,GIVEBACK_GE1R,GIVEBACK_GE1R,False,RATCHETED_STOP,0,-55.694090908604515,0.0,-0.6673082125277344,11.3448818342805,0.0,0.3275757518926257,<20,0.25–0.5%,flat_or_adverse,1662494400000
train,325,SOLUSDT,LONG,2022-09-06T16:00:03+00:00,2022-09-06T17:12:12.558000+00:00,1662480003000,1662484332558,2022,33.766752,32.27632945251625,32.282786009718194,-83.24932122633092,-81.09329463957162,-80.37462232563684,0.718672313934789,2.1560265867592965,0.0,0.0,0.04262092286090117,1.0043508794973914,1.202655,NO_FOLLOW_THROUGH,NO_FOLLOW_THROUGH,False,INITIAL_STOP_OR_GAP,0,-83.24932122633092,0.0,-0.9948345680420505,20.6606531413036,0.20171945796660387,0.5626295528575801,20–25,0.5–1%,favorable,1662480000000
train,326,BTCUSDT,SHORT,2022-09-06T20:00:03+00:00,2022-09-09T03:25:01.566000+00:00,1662494403000,1662693901566,2022,18809.337379999997,19458.891,19471.711688166808,-79.51803134989379,-76.84219324600029,-75.93677000000018,0.9054232460001117,2.7162788504124,0.04044074651890001,0.46701295051150205,0.46701295051150205,0.9806443456385092,55.416268333333335,NO_FOLLOW_THROUGH,NO_FOLLOW_THROUGH,False,RATCHETED_STOP,0,-79.51803134989379,0.0,-0.9706896153306918,18.270371953747176,1.3207599252128124,4.290650082389841,<20,>=1%,favorable,1662681600000
train,327,SOLUSDT,SHORT,2022-09-06T20:00:03+00:00,2022-09-07T21:03:00+00:00,1662494403000,1662584580000,2022,31.003798000000003,32.836566,32.826698618398396,-82.07326402674686,-80.05347347199977,-79.49577999999985,0.5576934719999116,1.6730899554936,-0.3467005992535,0.4025441609892707,0.4025441609892707,1.0054130112755524,25.049166666666668,NO_FOLLOW_THROUGH,NO_FOLLOW_THROUGH,False,INITIAL_STOP_OR_GAP,0,-82.07326402674686,0.0,-1.003472879279031,19.446764235853845,-0.1587563471495213,0.3870967741935516,<20,0.25–0.5%,flat_or_adverse,1662580800000
train,328,XRPUSDT,SHORT,2022-09-07T00:00:03+00:00,2022-09-07T18:48:08.501000+00:00,1662508803000,1662576488501,2022,0.32083582000000005,0.3327790827026935,0.33271254019465457,-81.98054460649534,-78.87518317515827,-78.01187119556324,0.863311979595025,2.589945300209882,-0.5154161311271916,0.7439612835180607,0.7439612835180607,1.0056027680157773,18.801528055555554,SLOW_FAILURE,SLOW_FAILURE,False,INITIAL_STOP_OR_GAP,0,-81.98054460649534,0.0,-1.0018900907964299,15.800380056697605,0.44396859379601444,0.12461059190031509,<20,<0.25%,favorable,1662566400000
train,329,ETHUSDT,SHORT,2022-09-07T04:00:03+00:00,2022-09-07T20:18:11.993000+00:00,1662523203000,1662581891993,2022,1508.8881620000002,1599.2956200677636,1598.975824902783,-82.40178341787482,-80.1281300854587,-79.57717661133648,0.5509534741222097,1.652869971627995,-0.62078336078814,0.12075085144276931,0.12075085144276931,1.0035498219698045,16.302498055555557,NO_FOLLOW_THROUGH,NO_FOLLOW_THROUGH,False,INITIAL_STOP_OR_GAP,0,-82.40178341787482,0.0,-1.0050907680217065,21.540315859138797,0.5172884799475732,2.816061489530877,20–25,>=1%,favorable,1662580800000
train,330,XRPUSDT,LONG,2022-09-08T20:00:03+00:00,2022-09-11T21:52:03.125000+00:00,1662667203000,1662933123125,2022,0.34276854,0.3509298,0.3290643628070076,42.268617212345674,45.49518381104402,46.26859401999986,0.7734102089558377,2.320225074636718,-0.906341524061633,1.3960312779509916,1.3960312779509916,0.3552595629374637,73.86670138888888,WIN,WIN,False,RATCHETED_STOP,0,42.268617212345674,0.0,0.5320047677649946,15.943136763538329,0.029334896076988918,1.2255617157863967,<20,>=1%,favorable,1662926400000
train,331,SOLUSDT,LONG,2022-09-09T04:00:03+00:00,2022-09-11T06:30:14.166000+00:00,1662696003000,1662877814166,2022,34.726943999999996,34.223154,32.91796627317962,-24.10659920017419,-21.45540851999979,-20.868120000000086,0.5872885199997029,1.7618680641743998,-0.8893226160000002,0.6816313886668678,0.6816313886668678,0.2784943078793474,50.503101666666666,SLOW_FAILURE,SLOW_FAILURE,False,RATCHETED_STOP,0,-24.10659920017419,0.0,-0.303582548314598,24.851230767746607,0.47168928491687406,2.1313364055299595,20–25,>=1%,favorable,1662868800000
train,332,ADAUSDT,LONG,2022-09-09T04:00:03+00:00,2022-09-11T22:00:10+00:00,1662696003000,1662933610000,2022,0.48839766,0.50109976,0.46637079137253024,40.89500208051317,44.21376944955998,44.90262443999989,0.6888549904399071,2.0665595830050667,-1.2522077860417427,1.6208540852454851,1.6208540852454851,0.05891259542819073,66.00194444444445,WIN,WIN,False,RATCHETED_STOP,0,40.89500208051317,0.0,0.5151043413364219,20.321945930496266,0.0,1.0853983207044904,20–25,>=1%,flat_or_adverse,1662926400000
train,333,ETHUSDT,LONG,2022-09-09T04:00:03+00:00,2022-09-12T15:51:09.121000+00:00,1662696003000,1662997869121,2022,1672.114356,1707.668398,1580.687652731334,30.927402696018905,29.986279022799984,30.556382000000017,0.5701029772000332,1.7103052648341597,2.65142893805308,1.2782440996103654,1.2782440996103654,0.04051722163834742,83.85170027777778,WIN,WIN,False,RATCHETED_STOP,0,30.927402696018905,0.0,0.3896822289460403,20.849046662903202,0.0,0.3451431716085336,20–25,0.25–0.5%,flat_or_adverse,1662984000000
train,334,SOLUSDT,LONG,2022-09-12T12:00:03+00:00,2022-09-13T12:54:18.586000+00:00,1662984003000,1663073658586,2022,37.70754,35.56772951896382,35.57484448786139,-80.22366668214117,-78.32562284784828,-77.78919236632174,0.536430481526537,1.609300779283291,-0.28874305500959996,0.5731994994325972,0.5731994994325972,1.0033361391052178,24.904329444444443,SLOW_FAILURE,SLOW_FAILURE,False,INITIAL_STOP_OR_GAP,0,-80.22366668214117,0.0,-0.9993781925015943,35.6632911442271,1.2954130248463933,3.608384186786945,>=35,>=1%,favorable,1663070400000
train,335,ADAUSDT,SHORT,2022-09-13T16:00:03+00:00,2022-09-17T00:43:08.780000+00:00,1663084803000,1663375388780,2022,0.4694061,0.47879574,0.4968304679166464,-29.300687919057268,-26.46755009574009,-25.93299220000012,0.5345578957399724,1.603676799179064,-1.2294610241381143,0.5945843510253624,0.5945843510253624,0.6342498048767068,80.71827222222223,SLOW_FAILURE,SLOW_FAILURE,False,RATCHETED_STOP,0,-29.300687919057268,0.0,-0.36892887872309477,19.681984062928937,0.41711689806293273,1.427050053248133,<20,>=1%,favorable,1663372800000
train,336,ETHUSDT,SHORT,2022-09-13T16:00:03+00:00,2022-09-21T17:59:08.019000+00:00,1663084803000,1663783148019,2022,1592.03153,1384.806906,1694.2751698130178,140.1934750147767,154.84140748959993,155.5220779999999,0.6806705103999764,2.04199286855064,-12.60593960627256,3.0849012278594707,3.0849012278594707,0.6432524323300376,193.9847275,WIN,WIN,False,RATCHETED_STOP,1,143.37320440150353,-3.1797293867268137,1.7656596146058021,29.280147853239725,0.5052726435921271,0.6110465663955801,25–35,0.5–1%,favorable,1663776000000
train,337,SOLUSDT,SHORT,2022-09-14T00:00:03+00:00,2022-09-17T16:00:20+00:00,1663113603000,1663430420000,2022,32.953408,33.306659999999994,35.73947628818423,-11.059644769698686,-9.908895225999736,-9.537169999999897,0.3717252259998389,1.1151768224603997,-0.03557272123855003,0.5288484874002397,0.5288484874002397,0.6735628153691213,88.00472222222223,SLOW_FAILURE,SLOW_FAILURE,False,RATCHETED_STOP,0,-11.059644769698686,0.0,-0.13888864210447813,37.81749382659684,0.40295360847696793,0.47026699029126556,>=35,0.25–0.5%,favorable,1663430400000
train,338,XRPUSDT,SHORT,2022-09-14T00:00:03+00:00,2022-09-16T20:04:14+00:00,1663113603000,1663358654000,2022,0.33213356,0.3425685,0.34702057467328107,-58.32363828039877,-53.885526152398015,-53.188702510000155,0.6968236423978595,2.0904773098383007,-2.3476348181624522,0.7411532964901834,0.7411532964901834,0.7903827770868103,68.06972222222223,SLOW_FAILURE,SLOW_FAILURE,False,RATCHETED_STOP,0,-58.32363828039877,0.0,-0.7325247937398327,25.972492509008216,0.9034973358846203,0.2708396027685862,25–35,0.25–0.5%,favorable,1663358400000
train,339,XRPUSDT,LONG,2022-09-17T00:00:03+00:00,2022-09-19T02:17:12.753000+00:00,1663372803000,1663553832753,2022,0.35527104,0.34713056000000003,0.3387608470010407,-40.402577050350075,-38.03760328937577,-37.381189600000035,0.6564136893757322,1.9692455538707516,-0.3957282071035579,2.5819782968428715,2.5819782968428715,0.5554774556892254,50.2860425,GIVEBACK_GE1R,GIVEBACK_GE1R,False,RATCHETED_STOP,0,-40.402577050350075,0.0,-0.5062825876247427,30.68170785393742,0.0,1.5911010982821863,25–35,>=1%,flat_or_adverse,1663545600000
train,341,ADAUSDT,SHORT,2022-09-18T20:00:03+00:00,2022-09-21T00:58:13.333000+00:00,1663531203000,1663721893333,2022,0.46710656,0.45689135999999997,0.487456961392751,36.796594161903485,39.31515749688013,40.02639576000008,0.7112382631199452,2.133709986192508,-0.3848533487841395,1.720190148803141,1.720190148803141,0.0,52.96953694444444,WIN,WIN,False,RATCHETED_STOP,0,36.796594161903485,0.0,0.4531665909753105,20.20114055426128,-0.0,0.04279905842072191,20–25,<0.25%,flat_or_adverse,1663718400000
train,342,SOLUSDT,SHORT,2022-09-19T00:00:03+00:00,2022-09-19T19:40:10.211000+00:00,1663545603000,1663616410211,2022,31.063786,32.932326809242426,32.92574166091025,-80.67128429893882,-78.97574584344035,-78.43477704003251,0.5409688034078357,1.622915822397264,-0.0726226331012,0.33501657053157274,0.33501657053157274,1.00353668375162,19.668669722222223,NO_FOLLOW_THROUGH,NO_FOLLOW_THROUGH,False,INITIAL_STOP_OR_GAP,0,-80.67128429893882,0.0,-0.9984301513010315,18.998253688950406,0.37720767644815956,3.121982619890566,<20,>=1%,favorable,1663603200000
train,343,BTCUSDT,SHORT,2022-09-19T04:00:03+00:00,2022-09-19T19:37:18.068000+00:00,1663560003000,1663616238068,2022,18762.446760000003,19493.169735783926,19489.271881407643,-80.89012820980153,-78.26043070645817,-77.44099849875853,0.8194322076996343,2.458305916019075,-0.1713915873243,0.7532028597742514,0.7532028597742514,1.0053628503769014,15.620852222222222,SLOW_FAILURE,SLOW_FAILURE,False,INITIAL_STOP_OR_GAP,0,-80.89012820980153,0.0,-0.9979277189726008,32.01966244885282,0.9317192623898882,2.98195692255224,25–35,>=1%,favorable,1663603200000
train,344,XRPUSDT,LONG,2022-09-20T16:00:03+00:00,2022-09-21T18:00:12.674000+00:00,1663689603000,1663783212674,2022,0.41958389999999995,0.3836401818020952,0.38371692518713263,-78.38312341873349,-77.52814160255583,-77.18164480903768,0.3464967935181562,1.0394996423519542,0.1845178261742988,0.12591248700405772,0.12591248700405772,1.0021396670736196,26.00268722222222,NO_FOLLOW_THROUGH,NO_FOLLOW_THROUGH,False,INITIAL_STOP_OR_GAP,0,-78.38312341873349,0.0,-0.9945754783398836,32.22365055469031,0.7126274120755646,5.148986889153757,25–35,>=1%,favorable,1663776000000
train,345,ETHUSDT,SHORT,2022-09-22T00:00:03+00:00,2022-09-22T23:09:14.610000+00:00,1663804803000,1663888154610,2022,1243.95116,1345.9403672978472,1345.6712330512369,-78.12060971468766,-76.60409360141294,-76.21504314478398,0.389050456628965,1.167160515692048,-0.34935559758267,0.08209942983223824,0.08209942983223824,1.002645832219121,23.153225,NO_FOLLOW_THROUGH,NO_FOLLOW_THROUGH,False,INITIAL_STOP_OR_GAP,0,-78.12060971468766,0.0,-1.0028721574819517,30.869807091287647,0.5776437498586883,3.280045652191381,25–35,>=1%,favorable,1663876800000
train,346,XRPUSDT,LONG,2022-09-22T20:00:03+00:00,2022-09-26T05:40:05.490000+00:00,1663876803000,1664170805490,2022,0.48319661999999997,0.47120574,0.43502304810194475,-18.81972895436135,-18.972958384511973,-18.670932319999963,0.30202606451200964,0.9060804340478783,1.0593098641985024,1.569395355610991,1.569395355610991,0.564554774089689,81.66735833333334,GIVEBACK_GE1R,GIVEBACK_GE1R,False,RATCHETED_STOP,0,-18.81972895436135,0.0,-0.24299988605799833,43.31526190239326,1.3915191658127175,6.8515835230801,>=35,>=1%,favorable,1664164800000
train,347,ADAUSDT,SHORT,2022-09-25T20:00:03+00:00,2022-09-27T07:22:20+00:00,1664136003000,1664263340000,2022,0.44941010000000003,0.4625925,0.47195584858399303,-45.85966046938246,-43.93726085055994,-43.329317200000034,0.6079436505599034,1.823836151198064,-0.0985634676244564,0.5903596392204044,0.5903596392204044,0.5846956001877537,35.37138888888889,SLOW_FAILURE,SLOW_FAILURE,False,RATCHETED_STOP,0,-45.85966046938246,0.0,-0.5914158099501188,11.599400843972461,-0.0,0.11123470522803124,<20,<0.25%,flat_or_adverse,1664251200000
train,348,BTCUSDT,LONG,2022-09-27T04:00:03+00:00,2022-09-27T16:38:17.902000+00:00,1664251203000,1664296697902,2022,20096.0184,19309.70646088132,19313.569174716264,-76.81050472960541,-74.22784705280348,-73.4838699067847,0.7439771460187785,2.231940256120318,-0.3507174206816,0.3565491420850125,0.3565491420850125,1.0049366958393282,12.637472777777777,NO_FOLLOW_THROUGH,NO_FOLLOW_THROUGH,False,INITIAL_STOP_OR_GAP,0,-76.81050472960541,0.0,-0.9988555726644937,16.029901523258616,1.0166628049345594,3.884152320089197,<20,>=1%,favorable,1664294400000
train,349,SOLUSDT,LONG,2022-09-27T04:00:03+00:00,2022-09-27T16:43:11.447000+00:00,1664251203000,1664296991447,2022,34.716942,32.80764784340201,32.814210685539116,-76.74073821172689,-74.88805377482747,-74.35835470216783,0.5296990726596391,1.5891061409812637,-0.26357829591816,0.3589881528772394,0.3589881528772394,1.0034491691429206,12.719013055555555,NO_FOLLOW_THROUGH,NO_FOLLOW_THROUGH,False,INITIAL_STOP_OR_GAP,0,-76.74073821172689,0.0,-0.9991066128608169,22.856153326189816,0.09444905511547161,2.160138248847926,20–25,>=1%,favorable,1664294400000
train,350,XRPUSDT,SHORT,2022-09-28T04:00:03+00:00,2022-09-29T20:17:04.406000+00:00,1664337603000,1664482624406,2022,0.42561486000000004,0.45549108,0.47036237838001393,-51.069194481373785,-49.773214871819924,-49.47963570000001,0.2935791718199141,0.8807434530162841,-0.41523615653757306,0.2014605575094065,0.2014605575094065,0.6676620532624646,40.283723888888886,NO_FOLLOW_THROUGH,NO_FOLLOW_THROUGH,False,RATCHETED_STOP,0,-51.069194481373785,0.0,-0.6747774269934171,25.6352179744469,0.8617134317324106,2.0197275716298724,25–35,>=1%,favorable,1664481600000
train,351,ADAUSDT,SHORT,2022-09-28T04:00:03+00:00,2022-09-30T00:33:07.142000+00:00,1664337603000,1664497987142,2022,0.429914,0.44038806,0.45121371093919205,-37.76210356308285,-36.049023733986026,-35.449953930000106,0.5990698039859197,1.7972136659524713,0.0841338368556444,0.22131755747567972,0.22131755747567972,0.49174657956167195,44.55115055555556,NO_FOLLOW_THROUGH,NO_FOLLOW_THROUGH,False,RATCHETED_STOP,0,-37.76210356308285,0.0,-0.4989998642752991,15.798219007702532,0.5468161621156631,1.6046511627907019,<20,>=1%,favorable,1664496000000
train,352,BTCUSDT,SHORT,2022-09-28T04:00:03+00:00,2022-09-28T16:01:16.633000+00:00,1664337603000,1664380876633,2022,18732.252800000002,19649.018136069,19645.089118245352,-75.3043168384227,-73.52457995273366,-72.90894728327726,0.6156326694564029,1.8469067574436402,0.0671698717546,0.19023432408320262,0.19023432408320262,1.0043041865722435,12.020453611111112,NO_FOLLOW_THROUGH,NO_FOLLOW_THROUGH,False,INITIAL_STOP_OR_GAP,0,-75.3043168384227,0.0,-0.9959150177094632,20.089888012736512,0.06435012676525248,0.3186379163108493,20–25,0.25–0.5%,favorable,1664380800000
train,353,ETHUSDT,SHORT,2022-09-28T04:00:03+00:00,2022-09-30T14:48:12.562000+00:00,1664337603000,1664549292562,2022,1286.0527379999999,1356.031152,1361.4012281379503,-69.7154598835947,-68.38290616080015,-67.86654000000004,0.5163661608001036,1.5491066263847997,0.21655290359024001,0.4784798996501902,0.4784798996501902,0.9287301427259053,58.80265611111111,NO_FOLLOW_THROUGH,NO_FOLLOW_THROUGH,False,RATCHETED_STOP,0,-69.7154598835947,0.0,-0.9216585016421225,14.752560631181352,-0.06991495718188555,0.1438222512458223,<20,<0.25%,flat_or_adverse,1664539200000
train,354,SOLUSDT,LONG,2022-09-29T16:00:03+00:00,2022-09-30T22:30:16.923000+00:00,1664467203000,1664577016923,2022,34.096818000000006,32.613476,32.125687592051406,-56.25709979195152,-54.547083700200275,-54.05645700000022,0.4906267002000533,1.47188658737484,-0.23812950437640001,0.5545964871688479,0.5545964871688479,0.7525336700293489,30.5038675,SLOW_FAILURE,SLOW_FAILURE,False,RATCHETED_STOP,0,-56.25709979195152,0.0,-0.7552228412533192,14.631419526516202,0.0,0.43988269794720986,<20,0.25–0.5%,flat_or_adverse,1664568000000
train,355,XRPUSDT,LONG,2022-09-30T00:00:03+00:00,2022-10-02T10:06:07.360000+00:00,1664496003000,1664705167360,2022,0.48749748,0.46630672,0.4451745436224351,-37.92586015881464,-36.423718754315956,-36.095831100000034,0.3278876543159228,0.9836672944477319,-0.5184741100509551,0.2670542492413505,0.2670542492413505,0.5315670869171005,58.10121111111111,NO_FOLLOW_THROUGH,NO_FOLLOW_THROUGH,False,RATCHETED_STOP,0,-37.92586015881464,0.0,-0.5119067680848942,20.327542713038586,-0.27471579931018414,1.2053754616331596,20–25,>=1%,flat_or_adverse,1664697600000
train,356,ADAUSDT,SHORT,2022-10-02T12:00:03+00:00,2022-10-04T06:33:11.428000+00:00,1664712003000,1664865191428,2022,0.42371524,0.42938586,0.4372305478723039,-31.400413295880274,-29.25464125245208,-28.374415300000024,0.8802259524520544,2.6406812622858356,0.49490921885763817,0.6448421362164903,0.6448421362164903,0.41957016840293077,42.55234111111111,SLOW_FAILURE,SLOW_FAILURE,False,RATCHETED_STOP,0,-31.400413295880274,0.0,-0.428834000346656,21.429882042784392,1.4628055940981946,0.7548950224109414,20–25,0.5–1%,favorable,1664856000000
train,357,ETHUSDT,SHORT,2022-10-02T12:00:03+00:00,2022-10-03T14:27:07.477000+00:00,1664712003000,1664807227477,2022,1296.94056,1317.96354,1348.0538347502265,-31.12938859654675,-28.93182507599995,-28.212100000000003,0.7197250759999463,2.1591786134519997,-0.03838490709479999,0.7133285859333126,0.7133285859333126,0.41130176265817886,26.45124361111111,SLOW_FAILURE,SLOW_FAILURE,False,RATCHETED_STOP,0,-31.12938859654675,0.0,-0.4252773738258584,10.998600481666307,-0.0,0.292938637064443,<20,0.25–0.5%,flat_or_adverse,1664798400000
train,358,SOLUSDT,SHORT,2022-10-03T00:00:03+00:00,2022-10-03T15:07:12+00:00,1664755203000,1664809632000,2022,32.033592,32.996598,33.48833966012657,-48.794632755976195,-47.0460210198,-46.410635000000134,0.6353860197998671,1.9061636286762,0.15755189249999998,0.23618666619481138,0.23618666619481138,0.6619745997159486,15.119166666666667,NO_FOLLOW_THROUGH,NO_FOLLOW_THROUGH,False,RATCHETED_STOP,0,-48.794632755976195,0.0,-0.663212603348792,24.06987464653404,-0.013808915512444387,0.031210986267159836,20–25,<0.25%,flat_or_adverse,1664798400000
train,359,XRPUSDT,SHORT,2022-10-03T08:00:03+00:00,2022-10-04T09:31:08.888000+00:00,1664784003000,1664875868888,2022,0.44101178,0.46909379999999995,0.47105881134348415,-68.36741274478541,-66.87801863948984,-66.44453354999995,0.43348508948989206,1.3004632418140258,-0.18893086348155,0.08692306305216363,0.08692306305216363,0.9346021468470187,25.51830222222222,NO_FOLLOW_THROUGH,NO_FOLLOW_THROUGH,False,RATCHETED_STOP,0,-68.36741274478541,0.0,-0.9334940263440918,20.761116618308897,-0.0,0.20403536613013193,20–25,<0.25%,flat_or_adverse,1664870400000
train,360,BTCUSDT,LONG,2022-10-03T20:00:03+00:00,2022-10-07T12:28:16.270000+00:00,1664827203000,1665145696270,2022,19541.70756,19796.04,18945.58788963866,24.019538927506623,29.27366384400022,30.179220000000083,0.9055561559998608,2.7166648464936,-2.53746007,1.6075504427141802,1.6075504427141802,0.10334763817247782,88.47035277777778,WIN,WIN,False,RATCHETED_STOP,0,24.019538927506623,0.0,0.33262450484522926,9.326463233247193,0.0,0.24465520506507554,<20,<0.25%,flat_or_adverse,1665144000000
train,361,ETHUSDT,LONG,2022-10-04T08:00:03+00:00,2022-10-07T12:28:09.629000+00:00,1664870403000,1665145689629,2022,1349.8599179999999,1343.7312,1301.792969911979,-11.439747339173755,-8.825966791799907,-8.050158999999882,0.775807791800025,2.3274243414190794,-0.28635620595476996,0.6954900057058436,0.6954900057058436,0.7196196009086826,76.46850805555556,SLOW_FAILURE,SLOW_FAILURE,False,RATCHETED_STOP,0,-11.439747339173755,0.0,-0.15815718630840891,13.617755792054213,0.0,1.4182084929497014,<20,>=1%,flat_or_adverse,1665144000000
train,362,SOLUSDT,LONG,2022-10-04T08:00:03+00:00,2022-10-07T07:00:12.727000+00:00,1664870403000,1665126012727,2022,33.70674,33.14337,32.38710232881424,-32.01639364094084,-29.590107858000323,-28.887870000000227,0.7022378580000961,2.1067170405444,-0.31956874239612,0.5859638724205084,0.5859638724205084,0.42691263844702715,71.00270194444444,SLOW_FAILURE,SLOW_FAILURE,False,RATCHETED_STOP,0,-32.01639364094084,0.0,-0.4437815789221559,22.101748095281106,0.0,0.786116879264336,20–25,0.5–1%,flat_or_adverse,1665115200000
train,363,XRPUSDT,LONG,2022-10-04T12:00:03+00:00,2022-10-07T12:30:15.555000+00:00,1664884803000,1665145815555,2022,0.47149428,0.48160366000000004,0.44385147634680994,24.099973083855424,25.675573841074147,26.159706190000083,0.48413234892593593,1.4523939076132573,-0.1232068496054651,1.244653777947358,1.244653777947358,0.14449619691666157,72.5034875,WIN,WIN,False,RATCHETED_STOP,0,24.099973083855424,0.0,0.3341530920810645,15.902473803978841,-0.1669780950118998,0.5091217649554547,<20,0.5–1%,flat_or_adverse,1665144000000
train,364,ADAUSDT,SHORT,2022-10-07T16:00:03+00:00,2022-10-16T19:32:15.882000+00:00,1665158403000,1665948735882,2022,0.42381522,0.36977393999999997,0.43482181894131683,343.3780641259995,351.25467822003225,352.48976628000025,1.235088059967989,3.705221881132046,-4.171392212900716,6.969929622131005,6.969929622131005,0.28026641258093704,219.53691166666667,WIN,WIN,False,RATCHETED_STOP,1,326.05670970038426,17.321354425615247,4.781314782632915,15.837344875030555,-0.4536456302377375,0.3067484662576611,<20,0.25–0.5%,flat_or_adverse,1665936000000
train,365,SOLUSDT,SHORT,2022-10-07T16:00:03+00:00,2022-10-10T00:48:10.526000+00:00,1665158403000,1665362890526,2022,32.863426,33.116622,34.047278635830764,-16.638227987409852,-14.720081171600153,-13.952904000000116,0.7671771716000375,2.3015331891484796,0.3833863733387799,0.46747879191199204,0.46747879191199204,0.23362198269374812,56.80209055555556,NO_FOLLOW_THROUGH,NO_FOLLOW_THROUGH,False,RATCHETED_STOP,0,-16.638227987409852,0.0,-0.2314636121451311,17.024500859738488,-0.35675496625624287,0.06084575600852792,<20,<0.25%,flat_or_adverse,1665360000000
train,366,XRPUSDT,LONG,2022-10-07T20:00:03+00:00,2022-10-10T22:06:13.142000+00:00,1665172803000,1665439573142,2022,0.51820362,0.50799838,0.48866223624573035,-26.587740975631693,-24.12039089720001,-23.635300000000022,0.48509089719998855,1.4552755278360001,-1.01207455059568,1.062793139995085,1.062793139995085,0.42325776287283046,74.10281722222223,GIVEBACK_GE1R,GIVEBACK_GE1R,False,RATCHETED_STOP,0,-26.587740975631693,0.0,-0.3703976661590693,33.322724520267975,1.182155013216741,2.3547577687705052,25–35,>=1%,favorable,1665432000000
train,367,ETHUSDT,SHORT,2022-10-09T00:00:03+00:00,2022-10-10T00:48:11.307000+00:00,1665273603000,1665362891307,2022,1314.48705,1330.356018,1349.5107869169763,-33.84643742413049,-30.801666887999993,-29.77493999999984,1.0267268880001517,3.0801842369928,0.035413700862299974,0.23061645361106103,0.23061645361106103,0.4530917999303544,24.8023075,NO_FOLLOW_THROUGH,NO_FOLLOW_THROUGH,False,RATCHETED_STOP,0,-33.84643742413049,0.0,-0.4696761957816511,18.97779208427188,0.3816422110803918,0.11256978566104464,<20,<0.25%,favorable,1665360000000
train,368,SOLUSDT,SHORT,2022-10-11T00:00:03+00:00,2022-10-14T01:43:16+00:00,1665446403000,1665711796000,2022,31.923614,31.536306,32.853873534316115,-6.891914294554557,-3.2827282291999147,-2.135896000000102,1.1468322291998128,3.4404969439075193,-0.16868912144712,5.163735304826952,5.163735304826952,0.0,73.72027777777778,GIVEBACK_GE1R,GIVEBACK_GE1R,False,RATCHETED_STOP,1,25.7149338039457,-32.60684809850026,-0.09520325103075365,22.020538913926085,0.995807289447918,0.9708737864077742,20–25,0.5–1%,favorable,1665705600000
train,369,ETHUSDT,SHORT,2022-10-11T00:00:03+00:00,2022-10-14T01:31:07.725000+00:00,1665446403000,1665711067725,2022,1289.312086,1306.86132,1323.019301705422,-38.75997893159722,-35.50385530540014,-34.45339299999994,1.0504623054001954,3.1513910506071596,-0.10473257558992,3.361656655069626,3.361656655069626,0.5206373066636019,73.51797916666666,GIVEBACK_GE1R,GIVEBACK_GE1R,False,RATCHETED_STOP,0,-38.75997893159722,0.0,-0.5356065079398572,23.77285203367176,0.6168688211641657,0.42960389590247555,20–25,0.25–0.5%,favorable,1665705600000
train,371,XRPUSDT,SHORT,2022-10-13T04:00:03+00:00,2022-10-14T01:41:04+00:00,1665633603000,1665711664000,2022,0.47260546000000003,0.49599918,0.4998213794562257,-64.1090126824743,-62.17068941571587,-61.65586296,0.5148264557158697,1.5444867658515553,-0.39383650090687233,1.2053776119070545,1.2053776119070545,0.8595601569745472,21.683611111111112,GIVEBACK_GE1R,GIVEBACK_GE1R,False,RATCHETED_STOP,0,-64.1090126824743,0.0,-0.8623981255609133,22.59492246514098,0.4129583459453765,0.6981171990691706,20–25,0.5–1%,favorable,1665705600000
train,373,BTCUSDT,LONG,2022-10-14T04:00:03+00:00,2022-10-14T18:40:09.119000+00:00,1665720003000,1665772809119,2022,19810.16124,19186.950956777397,19190.789114600317,-71.97675769707078,-68.98937835274234,-68.12598501374502,0.8633933389973123,2.590188192109954,-0.39719115221850004,0.05382670390354591,0.05382670390354591,1.0061968526924638,14.66836638888889,NO_FOLLOW_THROUGH,NO_FOLLOW_THROUGH,False,INITIAL_STOP_OR_GAP,0,-71.97675769707078,0.0,-0.9986609134919399,44.2912029698796,0.64645485472059,0.5467957165144388,>=35,0.5–1%,favorable,1665763200000
train,374,ETHUSDT,SHORT,2022-10-16T00:00:03+00:00,2022-10-16T19:45:02.882000+00:00,1665878403000,1665949502882,2022,1273.865176,1301.580264,1319.3247809569734,-44.92490910314809,-42.53988857119988,-41.74928000000007,0.7906085711998116,2.3718307235136,-0.013189808434610002,0.0,0.0,0.6096640748689235,19.74996722222222,NO_FOLLOW_THROUGH,NO_FOLLOW_THROUGH,False,RATCHETED_STOP,0,-44.92490910314809,0.0,-0.6162170703543046,35.76478626406002,-0.0,0.1483365119728656,>=35,<0.25%,flat_or_adverse,1665936000000
train,375,ETHUSDT,LONG,2022-10-17T16:00:03+00:00,2022-10-18T18:44:12.233000+00:00,1666022403000,1666118652233,2022,1328.7957059999999,1294.741,1288.6108308294952,-61.262127373637924,-58.11435578899982,-57.21894499999995,0.8954107889998753,2.6862392332733993,-0.46153235136469994,0.32858865291914446,0.32858865291914446,0.8474508345616488,26.735898055555555,NO_FOLLOW_THROUGH,NO_FOLLOW_THROUGH,False,RATCHETED_STOP,0,-61.262127373637924,0.0,-0.8484632226338225,27.482237769352448,0.0,0.23183518625849078,25–35,<0.25%,flat_or_adverse,1666108800000
train,376,ADAUSDT,SHORT,2022-10-18T20:00:03+00:00,2022-10-22T11:47:15.384000+00:00,1666123203000,1666439235384,2022,0.36182762,0.35267052000000004,0.37472409059545436,43.50439521894337,48.755738162949854,49.51658984999986,0.7608516870500068,2.282549119159218,-2.968793824847259,2.522211000230182,2.522211000230182,0.2847585293060249,87.78677333333333,WIN,WIN,False,RATCHETED_STOP,0,43.50439521894337,0.0,0.6063506660752558,28.794348113031344,0.6082302633424017,0.11052777010224135,25–35,<0.25%,favorable,1666425600000
train,377,SOLUSDT,SHORT,2022-10-20T00:00:03+00:00,2022-10-23T02:18:08.235000+00:00,1666224003000,1666491488235,2022,28.834232,28.25565,30.029496120954047,31.867889637302326,33.658082118800046,34.32230599999999,0.6642238811999448,1.99266752492328,0.20247504342556,1.6851773300049047,1.6851773300049047,0.5151731648302971,74.30145416666667,WIN,WIN,False,RATCHETED_STOP,0,31.867889637302326,0.0,0.44128331164325113,26.151466964295388,0.7061813697435793,2.288488210818308,25–35,>=1%,favorable,1666483200000
train,378,XRPUSDT,SHORT,2022-10-20T00:00:03+00:00,2022-10-22T11:36:04.444000+00:00,1666224003000,1666438564444,2022,0.45000998000000003,0.4625925,0.47003549183346954,-46.655901436569195,-43.76879534604395,-43.133892280000076,0.6349030660438757,1.9047143741990735,-0.9823917163261662,1.4886001540383749,1.4886001540383749,0.7235780099154414,59.60040111111111,GIVEBACK_GE1R,GIVEBACK_GE1R,False,RATCHETED_STOP,0,-46.655901436569195,0.0,-0.646524715849838,23.656679320806386,0.31943313661552725,0.2444444444444422,20–25,<0.25%,favorable,1666425600000
train,379,ETHUSDT,LONG,2022-10-22T16:00:03+00:00,2022-10-28T00:22:05.616000+00:00,1666454403000,1666916525616,2022,1315.843116,1500.159908,1282.7154544049629,409.2360711347643,415.3537057026001,416.7469890000002,1.3932832974000675,4.17979988256132,-1.93783468527456,8.426700544472498,8.426700544472498,0.5319758519460399,128.36739333333333,WIN,WIN,False,RATCHETED_STOP,1,371.86973639548575,37.36633473927853,5.677550137101023,23.11284322760196,-0.15335675296119305,0.4708949664786759,20–25,0.25–0.5%,flat_or_adverse,1666915200000
train,380,BTCUSDT,LONG,2022-10-23T20:00:03+00:00,2022-10-24T14:24:11.863000+00:00,1666555203000,1666621451863,2022,19496.19846,19171.79115063091,19175.626275886087,-72.0918302430845,-66.53593915160026,-64.94978081576348,1.5861583358367852,4.75848280148424,-0.7974082900000001,0.6045488336291037,0.6045488336291037,1.0119633750064034,18.402461944444443,SLOW_FAILURE,SLOW_FAILURE,False,INITIAL_STOP_OR_GAP,0,-72.0918302430845,0.0,-0.9992321644604809,30.160978156453417,0.5591114692017511,0.6528252326571654,25–35,0.5–1%,favorable,1666612800000
train,382,ADAUSDT,LONG,2022-10-25T16:00:03+00:00,2022-10-27T20:07:10+00:00,1666713603000,1666901230000,2022,0.37337466,0.39632071999999996,0.35916025830832055,110.08982166338564,112.76759728486968,113.52412994999978,0.756532665130095,2.2695843724944056,-0.4081912489896395,3.223866962112394,3.223866962112394,0.0,52.118611111111115,WIN,WIN,False,RATCHETED_STOP,0,110.08982166338564,0.0,1.5123875481213478,21.08326315641188,0.7779491478598266,2.2769890168765086,20–25,>=1%,favorable,1666900800000
train,383,SOLUSDT,LONG,2022-10-25T16:00:03+00:00,2022-10-27T20:23:08+00:00,1666713603000,1666902188000,2022,29.70594,30.583882,28.40402737862446,44.61580142888405,47.34565617600005,47.99592000000003,0.6502638239999783,1.9507857124895998,-0.7790690346264,2.03090434533649,2.03090434533649,0.0,52.38472222222222,WIN,WIN,False,RATCHETED_STOP,0,44.61580142888405,0.0,0.6130841960115658,18.924446108872466,0.1929053097855191,0.5387205387205392,<20,0.5–1%,favorable,1666900800000
train,384,BTCUSDT,LONG,2022-10-25T16:00:03+00:00,2022-10-28T00:22:06.666000+00:00,1666713603000,1666916526666,2022,19744.248059999998,20165.966,19364.33379746099,69.89417141119961,74.5597317920004,75.97096000000013,1.4112282079997271,4.2336755074848,-0.4318848733160001,3.3843213239934213,3.3843213239934213,0.08514568467056487,56.367685,WIN,WIN,False,RATCHETED_STOP,0,69.89417141119961,0.0,0.9606905547207224,20.339068157610768,0.2923135091873009,0.25480869085069263,20–25,0.25–0.5%,favorable,1666915200000
train,385,SOLUSDT,LONG,2022-10-29T04:00:03+00:00,2022-10-30T22:31:06.666000+00:00,1667016003000,1667169066666,2022,32.876574,31.973604,31.23174686410243,-42.87843317361706,-40.44122709299984,-39.86034099999987,0.5808860929999682,1.7426630622409198,-0.6945430183763001,0.5918105184158536,0.5918105184158536,0.5489756219927958,42.517685,SLOW_FAILURE,SLOW_FAILURE,False,RATCHETED_STOP,0,-42.87843317361706,0.0,-0.5640220973965389,34.730257028201166,0.3882898725088618,1.034063260340643,25–35,>=1%,favorable,1667160000000
train,386,ETHUSDT,LONG,2022-10-29T04:00:03+00:00,2022-10-31T01:43:06.392000+00:00,1667016003000,1667180586392,2022,1589.1577679999998,1574.2850799999999,1509.72050225385,-16.35062806086023,-13.816727151999931,-13.22896000000001,0.5877671519999215,1.7633030434751997,-0.7705978653851,0.954743737559676,0.954743737559676,0.1968568259885982,45.71760888888889,SLOW_FAILURE,SLOW_FAILURE,False,RATCHETED_STOP,0,-16.35062806086023,0.0,-0.21468971770793943,46.21525055778542,0.15053179480755036,0.05286875959819228,>=35,<0.25%,favorable,1667174400000
train,387,ADAUSDT,LONG,2022-10-29T20:00:03+00:00,2022-10-30T16:58:20+00:00,1667073603000,1667149100000,2022,0.41818362000000003,0.40061986,0.39519988532367306,-58.485023792583384,-56.686028996552125,-56.15750298000009,0.5285260165520356,1.5855847885563574,-0.2134100074748974,0.23566143954745364,0.23566143954745364,0.7641821595726366,20.97138888888889,NO_FOLLOW_THROUGH,NO_FOLLOW_THROUGH,False,RATCHETED_STOP,0,-58.485023792583384,0.0,-0.7661310221001996,37.71331568984572,1.0652120802343978,1.2195121951219496,>=35,>=1%,favorable,1667145600000
train,388,SOLUSDT,LONG,2022-10-31T12:00:03+00:00,2022-10-31T20:03:17.758000+00:00,1667217603000,1667246597758,2022,34.026804000000006,32.303709116801926,32.31017115103213,-75.02501305551988,-73.25358815042333,-72.68961189040142,0.5639762600219029,1.6919375028191863,-0.07948740227736,0.07176607395930029,0.07176607395930029,1.003764365941202,8.054099444444445,NO_FOLLOW_THROUGH,NO_FOLLOW_THROUGH,False,INITIAL_STOP_OR_GAP,0,-75.02501305551988,0.0,-0.9964356038120505,42.61234137627945,0.3158210836868109,0.8230452674897151,>=35,0.5–1%,favorable,1667246400000
train,389,XRPUSDT,LONG,2022-11-04T12:00:03+00:00,2022-11-06T14:04:04.285000+00:00,1667563203000,1667743444285,2022,0.48879774000000004,0.48670264,0.4679056736518073,-10.191072641815753,-7.222993641010056,-6.550373690000043,0.672619951010013,2.0178606390748426,-0.9502183617308536,1.0148474376175847,1.0148474376175847,0.27750917038905454,50.06702361111111,GIVEBACK_GE1R,GIVEBACK_GE1R,False,RATCHETED_STOP,0,-10.191072641815753,0.0,-0.13638464969640626,14.344915854768635,1.9239672689173433,4.623567921440264,<20,>=1%,favorable,1667736000000
train,390,ETHUSDT,LONG,2022-11-04T16:00:03+00:00,2022-11-06T18:17:15.135000+00:00,1667577603000,1667758635135,2022,1625.064948,1606.5786200000002,1544.7963781413,-18.984248036378215,-16.669121957599756,-16.086327999999924,0.5827939575998329,1.74838380315936,-0.5667422756191,0.5199426384881146,0.5199426384881146,0.23751448460537877,50.28670416666667,SLOW_FAILURE,SLOW_FAILURE,False,RATCHETED_STOP,0,-18.984248036378215,0.0,-0.2540627188126218,21.08711073589675,0.5562670162555348,1.5227051712889452,20–25,>=1%,favorable,1667750400000
train,391,SOLUSDT,LONG,2022-11-04T16:00:03+00:00,2022-11-06T21:54:12+00:00,1667577603000,1667771652000,2022,33.076614,33.683262,31.21433130617179,21.267030085336557,23.665277815199996,24.1861379999999,0.5208601847999041,1.5625776520634396,-0.8356700778,3.067947749788327,3.067947749788327,0.21297196248153832,53.9025,WIN,WIN,False,RATCHETED_STOP,0,21.267030085336557,0.0,0.2846535988422367,21.392089836745935,0.0,0.8769277290595681,20–25,0.5–1%,flat_or_adverse,1667764800000
train,392,BTCUSDT,LONG,2022-11-04T16:00:03+00:00,2022-11-06T21:53:06.123000+00:00,1667577603000,1667771586123,2022,20833.36584,21129.57324,20277.043539895432,33.181419555308764,37.49985684000037,38.56235999999981,1.0625031599994443,3.187504852516799,-1.1309324321748,1.1510129287998074,1.1510129287998074,0.3116284210922567,53.88420083333333,WIN,WIN,False,RATCHETED_STOP,0,33.181419555308764,0.0,0.4444907891876245,23.710311171449355,0.829868065125443,0.7311815567493832,20–25,0.5–1%,favorable,1667764800000
train,393,SOLUSDT,SHORT,2022-11-07T08:00:03+00:00,2022-11-22T22:50:10+00:00,1667808003000,1669157410000,2022,30.743850000000002,12.173434199999999,33.361321665208656,397.5830297413488,546.86044844298,547.1760452999999,0.3155968570199583,0.9467249099345638,-148.33069379169666,8.14558960977344,8.14558960977344,0.8161119863850428,374.8352777777778,WIN,WIN,False,RATCHETED_STOP,1,382.2348160636613,15.348213677687484,5.30675836142119,32.889165850919305,-0.14552018047521775,1.4959349593495963,25–35,>=1%,flat_or_adverse,1669147200000
train,394,XRPUSDT,SHORT,2022-11-08T04:00:03+00:00,2022-11-10T20:54:04.102000+00:00,1667880003000,1668113644102,2022,0.43961205999999997,0.39597918,0.4642171974656588,124.66041986760308,130.71772935294396,131.21839644000002,0.5006670870560583,1.501985514960427,-4.555323970380447,5.227040904750181,5.227040904750181,0.6985508625582384,64.9003061111111,WIN,WIN,False,RATCHETED_STOP,0,124.66041986760308,0.0,1.64414939179836,25.822603915869,0.5383975888145128,3.5990448032749556,25–35,>=1%,favorable,1668110400000
train,395,ETHUSDT,SHORT,2022-11-08T04:00:03+00:00,2022-11-08T16:34:19.401000+00:00,1667880003000,1667925259401,2022,1506.068726,1580.4398108321266,1580.1237860749115,-75.61618403853147,-73.7240563940871,-73.11212813605992,0.6119282580271772,1.835793547537012,-0.05633409690737,1.128062362186933,1.128062362186933,1.0042674296245975,12.5712225,GIVEBACK_GE1R,GIVEBACK_GE1R,False,INITIAL_STOP_OR_GAP,0,-75.61618403853147,0.0,-0.99758121841866,22.36835179350348,0.2611391363751532,2.560459913567063,20–25,>=1%,favorable,1667923200000
train,396,ADAUSDT,SHORT,2022-11-08T04:00:03+00:00,2022-11-08T16:10:07.950000+00:00,1667880003000,1667923807950,2022,0.3874225,0.41136052877622437,0.41127827312160004,-76.07726317344118,-74.12631797943766,-73.63161983347091,0.4946981459667512,1.4841032736944624,-0.46684192030905886,0.667448500572094,0.667448500572094,1.0034480397765795,12.168041666666667,SLOW_FAILURE,SLOW_FAILURE,False,INITIAL_STOP_OR_GAP,0,-76.07726317344118,0.0,-1.0037755631497638,24.000795576393784,0.07990487746034272,2.2645161290322666,20–25,>=1%,favorable,1667923200000
train,397,ETHUSDT,SHORT,2022-11-08T20:00:03+00:00,2022-11-10T15:03:18.418000+00:00,1667937603000,1668092598418,2022,1312.497448,1343.958738,1443.9999623366125,-20.41933544065898,-18.01158852499998,-17.707425000000036,0.30416352499994304,0.9124926998910001,-1.4952542157679998,1.835382762204739,1.835382762204739,0.23924477914899178,43.05428277777778,GIVEBACK_GE1R,GIVEBACK_GE1R,False,RATCHETED_STOP,0,-20.41933544065898,0.0,-0.2669632584054608,31.804478570983434,1.7890731340589425,8.36094670048828,25–35,>=1%,favorable,1668081600000
train,398,BTCUSDT,SHORT,2022-11-08T20:00:03+00:00,2022-11-14T13:13:10.007000+00:00,1667937603000,1668431590007,2022,18234.3524,16953.39,19389.130627627757,77.68472320333503,82.62207480000002,83.07600000000001,0.45392519999998626,1.36176563088,-3.5755859657850007,2.4002465007449665,2.4002465007449665,0.42228679787439954,137.21861305555555,WIN,WIN,False,RATCHETED_STOP,0,77.68472320333503,0.0,1.0172820360717783,38.78247021950767,2.1761214061016587,5.2747011733742735,>=35,>=1%,favorable,1668427200000
train,400,ADAUSDT,SHORT,2022-11-13T08:00:03+00:00,2022-11-15T11:05:15+00:00,1668326403000,1668510315000,2022,0.33453308000000004,0.34186836,0.36285407662633823,-20.41990190903971,-19.79523307340785,-19.430161919999957,0.365071153407893,1.0952157918434304,0.4705469562115712,0.7285435704198173,0.7285435704198173,0.2590050094910227,51.086666666666666,SLOW_FAILURE,SLOW_FAILURE,False,RATCHETED_STOP,0,-20.41990190903971,0.0,-0.2622224332289354,39.73331847855637,1.2928855910673938,0.35853002688974567,>=35,0.25–0.5%,favorable,1668499200000
train,401,XRPUSDT,SHORT,2022-11-13T08:00:03+00:00,2022-11-14T20:31:14.545000+00:00,1668326403000,1668457874545,2022,0.35872824000000003,0.36797358,0.39288325970288274,-21.8092165658954,-20.72820667717798,-20.402351969999994,0.32585470717798515,0.9775665698162365,-0.1034433189011838,1.1104733749223659,1.1104733749223659,0.27068759088491107,36.51987361111111,GIVEBACK_GE1R,GIVEBACK_GE1R,False,RATCHETED_STOP,0,-21.8092165658954,0.0,-0.28009743554796823,42.38010659331808,1.3643061258036608,0.11148272017837554,>=35,<0.25%,favorable,1668456000000
train,402,ETHUSDT,SHORT,2022-11-16T16:00:03+00:00,2022-11-19T22:27:09.541000+00:00,1668614403000,1668896829541,2022,1191.51165,1229.465844,1273.1765197215334,-36.73036839765714,-35.14558364400013,-34.69722000000003,0.44836364400010353,1.3450950956663998,-0.2396896579906001,0.1287169138436548,0.1287169138436548,0.5325221254658173,78.45181694444445,NO_FOLLOW_THROUGH,NO_FOLLOW_THROUGH,False,RATCHETED_STOP,0,-36.73036839765714,0.0,-0.4746322020058458,37.42658628227058,0.03682042397310612,1.4567424687421247,>=35,>=1%,favorable,1668888000000
train,403,ETHUSDT,SHORT,2022-11-20T12:00:03+00:00,2022-11-23T00:23:14.794000+00:00,1668945603000,1669162994794,2022,1166.546644,1147.259406,1214.6760300498204,27.42729665037372,29.874002938200178,30.590774999999997,0.7167720617998192,2.150312514507,-0.29639377331945993,1.9743996713698926,1.9743996713698926,0.5080753777886857,60.386609444444446,WIN,WIN,False,RATCHETED_STOP,0,27.42729665037372,0.0,0.35418125696165265,24.92646828219397,0.7061128023517143,2.504328150979622,20–25,>=1%,favorable,1669161600000
train,404,ADAUSDT,SHORT,2022-11-20T12:00:03+00:00,2022-11-23T02:27:17.647000+00:00,1668945603000,1669170437647,2022,0.31923614,0.31696338,0.331738759893456,12.204768382114342,13.521682891247911,14.27869151999975,0.7570086287518389,2.271024172813018,0.9541096636794482,1.9544815573246432,1.9544815573246432,0.11708426013704376,62.45406861111111,WIN,WIN,False,RATCHETED_STOP,0,12.204768382114342,0.0,0.15763827345784165,18.63522806380533,0.048627253077374505,0.3130870381966189,<20,0.25–0.5%,favorable,1669161600000
train,405,BTCUSDT,SHORT,2022-11-20T12:00:03+00:00,2022-11-23T02:18:04.609000+00:00,1668945603000,1669169884609,2022,16514.296479999997,16312.2618,16915.672113442302,33.571840364896865,36.54807361199946,37.73573999999974,1.1876663880002738,3.5629946357111995,0.5867613886086,2.6685637860325144,2.6685637860325144,0.2755611222620535,62.300446944444445,WIN,WIN,False,RATCHETED_STOP,0,33.571840364896865,0.0,0.43380776065794074,12.760343967255634,0.19187682266219794,0.1428787649462603,<20,<0.25%,favorable,1669161600000
train,406,XRPUSDT,LONG,2022-11-23T00:00:03+00:00,2022-11-28T01:10:10+00:00,1669161603000,1669597810000,2022,0.37577513999999995,0.39222154,0.3553517209980446,59.52626853322828,61.4095435326401,61.98307366000001,0.5735301273599092,1.7205829441111606,-0.16269205530065814,2.145814077251421,2.145814077251421,0.38069727694738825,121.1686111111111,WIN,WIN,False,RATCHETED_STOP,0,59.52626853322828,0.0,0.7582539359933721,15.310255932046653,0.0,0.21299254526090722,<20,<0.25%,flat_or_adverse,1669593600000
train,407,ADAUSDT,SHORT,2022-11-25T04:00:03+00:00,2022-11-26T00:32:04.615000+00:00,1669348803000,1669422724615,2022,0.30933812,0.31746348,0.32254350311419355,-48.257761588391965,-46.589827008760146,-45.87102800000004,0.7187990087601079,2.15640253080336,0.488467951171543,0.07861339508462817,0.07861339508462817,0.6153066465195269,20.533781944444446,NO_FOLLOW_THROUGH,NO_FOLLOW_THROUGH,False,RATCHETED_STOP,0,-48.257761588391965,0.0,-0.6143103693579963,14.936283630617785,0.6010574145540313,0.25856496444730687,<20,0.25–0.5%,favorable,1669420800000
train,408,ETHUSDT,LONG,2022-11-26T04:00:03+00:00,2022-11-27T23:43:04.655000+00:00,1669435203000,1669592584655,2022,1215.4130340000002,1194.840984,1166.8438258561575,-33.80570767806393,-32.018338620000335,-31.268076000000228,0.7502626200001075,2.25079161216912,0.46342255410552013,0.4650470300669977,0.4650470300669977,0.4235615688663075,43.717126388888886,NO_FOLLOW_THROUGH,NO_FOLLOW_THROUGH,False,RATCHETED_STOP,0,-33.80570767806393,0.0,-0.42998982219627385,16.89146580498647,0.2543135312846996,0.4855287737518281,<20,0.25–0.5%,favorable,1669579200000
train,409,ADAUSDT,SHORT,2022-11-28T04:00:03+00:00,2022-11-30T00:40:03.428000+00:00,1669608003000,1669768803428,2022,0.30433912,0.31276254,0.31635740845303123,-54.02847632461008,-52.48410539477774,-51.715107969999835,0.7689974247779077,2.306998480146956,0.762627550314617,0.2279126525132776,0.2279126525132776,0.7008834937619951,44.666785555555556,NO_FOLLOW_THROUGH,NO_FOLLOW_THROUGH,False,RATCHETED_STOP,0,-54.02847632461008,0.0,-0.6934124844055064,12.525648723301211,0.6774043081171682,2.03679369250985,<20,>=1%,favorable,1669766400000
train,410,XRPUSDT,LONG,2022-11-30T00:00:03+00:00,2022-12-02T01:47:00.465000+00:00,1669766403000,1669945620465,2022,0.39787955999999997,0.39162166,0.3795564128206539,-28.018376765298076,-25.640173891309928,-24.993218289999973,0.6469556013099549,1.9408698031161944,-0.4373330708719535,0.7488036779765536,0.7488036779765536,0.3415297568014905,49.782629166666666,SLOW_FAILURE,SLOW_FAILURE,False,RATCHETED_STOP,0,-28.018376765298076,0.0,-0.3606765564866399,15.938382971953137,-0.2700678731038354,0.05028916268543575,<20,<0.25%,flat_or_adverse,1669939200000
train,411,ETHUSDT,LONG,2022-11-30T04:00:03+00:00,2022-12-03T11:07:07.489000+00:00,1669780803000,1670065627489,2022,1264.8129119999999,1264.177114,1214.7365989129737,-4.0201720971912245,-0.9466396421996949,-0.19355699999982395,0.7530826421998709,2.2592479498268396,-0.81428450516469,0.9620733842021193,0.9620733842021193,0.22850947473137,79.1179136111111,SLOW_FAILURE,SLOW_FAILURE,False,RATCHETED_STOP,0,-4.0201720971912245,0.0,-0.051825234650641046,21.55880929420984,0.9031900476123397,2.8318150186626134,20–25,>=1%,favorable,1670054400000
train,412,BTCUSDT,LONG,2022-11-30T04:00:03+00:00,2022-12-02T13:30:17.700000+00:00,1669780803000,1669987817700,2022,16840.16736,16847.82976,16420.465679520075,-3.077256238134214,1.330192640000186,2.4998400000002525,1.1696473600000665,3.5089417800192,-0.8985070981152,1.2111760892134813,1.2111760892134813,0.33396902256793365,57.504083333333334,COST_FLIP,COST_FLIP,False,RATCHETED_STOP,0,-3.077256238134214,0.0,-0.039687207447456824,25.047513293573363,0.9203950302759377,1.7444035945286231,25–35,>=1%,favorable,1669982400000
train,413,SOLUSDT,LONG,2022-12-01T00:00:03+00:00,2022-12-02T02:15:07.807000+00:00,1669852803000,1669947307807,2022,14.1658326,13.294410696670584,13.297070110692722,-76.63683601589499,-76.71588868617617,-76.23239758413301,0.4834911020431605,1.4504824540172303,1.5295351242984212,0.01630756412065678,0.01630756412065678,1.0030611519890313,26.251335277777777,NO_FOLLOW_THROUGH,NO_FOLLOW_THROUGH,False,INITIAL_STOP_OR_GAP,0,-76.63683601589499,0.0,-0.9765501107027921,15.54166763870367,-0.6116102663808691,1.4969637056912972,<20,>=1%,flat_or_adverse,1669939200000
train,414,ADAUSDT,LONG,2022-12-03T12:00:03+00:00,2022-12-05T19:18:10.909000+00:00,1670068803000,1670267890909,2022,0.32346468,0.31783642,0.3133929271068032,-44.88079502703673,-40.752284407691974,-39.823598100000034,0.9286863076919403,2.7860637019077714,-1.3424469174369864,0.5396597849090841,0.5396597849090841,0.7212925175028005,55.30219694444445,SLOW_FAILURE,SLOW_FAILURE,False,RATCHETED_STOP,0,-44.88079502703673,0.0,-0.5853500108851858,18.25197210152476,0.9193497537381308,0.6493506493506637,<20,0.5–1%,favorable,1670256000000
train,415,SOLUSDT,LONG,2022-12-05T04:00:03+00:00,2022-12-07T07:50:13+00:00,1670212803000,1670399413000,2022,13.901779799999998,13.5752844,13.373692842308733,-48.267485322370355,-45.472222390979844,-44.70685769999996,0.7653646909798866,2.2960994377629236,-0.49916349362758494,0.8923155422359251,0.8923155422359251,0.6182606770434153,51.83611111111111,SLOW_FAILURE,SLOW_FAILURE,False,RATCHETED_STOP,0,-48.267485322370355,0.0,-0.6297418060724475,12.717489245941621,0.053403810322357394,1.0720967045618013,<20,>=1%,favorable,1670385600000
train,416,ETHUSDT,LONG,2022-12-05T04:00:03+00:00,2022-12-05T19:18:16.609000+00:00,1670212803000,1670267896609,2022,1290.5880659999998,1250.791657910377,1251.0418662836337,-76.16021192110443,-73.2811058562316,-72.3451694253168,0.9359364309148077,2.8078179741651406,-0.07128809070768002,0.3639271055935154,0.3639271055935154,1.0063269890672513,15.303780277777777,NO_FOLLOW_THROUGH,NO_FOLLOW_THROUGH,False,INITIAL_STOP_OR_GAP,0,-76.16021192110443,0.0,-0.9939633804062468,20.553909152959513,0.0,0.1821225413456848,20–25,<0.25%,flat_or_adverse,1670256000000
train,417,XRPUSDT,SHORT,2022-12-05T20:00:03+00:00,2022-12-08T18:48:08+00:00,1670270403000,1670525288000,2022,0.38422313999999996,0.39237846,0.39731634190816123,-49.26354334873535,-44.92337062827612,-44.06779440000004,0.8555762282760782,2.566733972963328,-1.7734387474958995,0.9793738834812455,0.9793738834812455,0.6228667408631833,70.8013888888889,SLOW_FAILURE,SLOW_FAILURE,False,RATCHETED_STOP,0,-49.26354334873535,0.0,-0.6524113737324997,19.395753742801332,0.9290556169326695,0.3121748178980174,<20,0.25–0.5%,favorable,1670515200000
train,418,ADAUSDT,SHORT,2022-12-07T08:00:03+00:00,2022-12-09T01:29:13.333000+00:00,1670400003000,1670549353333,2022,0.30813836,0.31566311999999996,0.3174225035714835,-60.73454867913896,-58.24309543115572,-57.27742894000014,0.9656664911555808,2.897006346759473,0.40555309877623547,0.19801072504377865,0.19801072504377865,0.8104958677192879,41.48620361111111,NO_FOLLOW_THROUGH,NO_FOLLOW_THROUGH,False,RATCHETED_STOP,0,-60.73454867913896,0.0,-0.8025481002056307,18.191832903027784,0.7015617971371545,0.9244242620823755,<20,0.5–1%,favorable,1670544000000
train,419,ETHUSDT,SHORT,2022-12-07T08:00:03+00:00,2022-12-08T18:35:16.230000+00:00,1670400003000,1670524516230,2022,1223.475256,1266.5602763643858,1266.3070149613936,-75.26319344097278,-72.77059939544772,-71.9294682697938,0.8411311256539165,2.5234020084980684,0.030807962972999994,0.15071190529014683,0.15071190529014683,1.0059129349140306,34.58700833333333,NO_FOLLOW_THROUGH,NO_FOLLOW_THROUGH,False,INITIAL_STOP_OR_GAP,0,-75.26319344097278,0.0,-0.9948979344317255,17.235699114714162,0.4136034434534194,0.6447500674168217,<20,0.5–1%,favorable,1670515200000
train,420,BTCUSDT,LONG,2022-12-08T20:00:03+00:00,2022-12-11T23:00:06.792000+00:00,1670529603000,1670799606792,2022,17245.34838,17077.5838,16923.920586038843,-40.324020768884814,-35.582867417999815,-34.12689000000031,1.455977417999506,4.367936349226801,-0.37321700165820004,0.3734948322935316,0.3734948322935316,0.6015297483059755,75.00105333333333,NO_FOLLOW_THROUGH,NO_FOLLOW_THROUGH,False,RATCHETED_STOP,0,-40.324020768884814,0.0,-0.5447188569497271,15.805096256133934,0.0,0.6490004001879227,<20,0.5–1%,flat_or_adverse,1670788800000
train,421,ETHUSDT,LONG,2022-12-08T20:00:03+00:00,2022-12-11T22:38:09.943000+00:00,1670529603000,1670798289943,2022,1283.936736,1258.328284,1241.925825912491,-46.3109866937284,-43.01195597920029,-42.15796000000023,0.8539959792000573,2.5619929965551993,-0.73703771797292,0.32594542635417384,0.32594542635417384,0.7125943222282417,74.63526194444445,NO_FOLLOW_THROUGH,NO_FOLLOW_THROUGH,False,RATCHETED_STOP,0,-46.3109866937284,0.0,-0.6257233116517065,17.660807021569806,0.0,0.4191075657484816,<20,0.25–0.5%,flat_or_adverse,1670788800000
train,422,SOLUSDT,LONG,2022-12-09T12:00:03+00:00,2022-12-11T22:38:00.472000+00:00,1670587203000,1670798280472,2022,13.8547704,13.517296,13.355708588797036,-49.651773957769336,-47.89807906639995,-47.12109200000011,0.7769870663998404,2.33096685373104,0.57727196236166,0.11467437242303134,0.11467437242303134,0.7108746693016706,58.63263111111111,NO_FOLLOW_THROUGH,NO_FOLLOW_THROUGH,False,RATCHETED_STOP,0,-49.651773957769336,0.0,-0.6711638648053749,16.130616544638094,0.0,0.4692463182211919,<20,0.25–0.5%,flat_or_adverse,1670788800000
train,423,ADAUSDT,SHORT,2022-12-12T00:00:03+00:00,2022-12-13T13:30:16.956000+00:00,1670803203000,1670938216956,2022,0.30703858,0.31316262,0.3138520032721664,-65.10931266659951,-61.194423157295965,-59.95495440000005,1.239468757295917,3.7184134664825277,-0.1964760428210184,1.2238458799505438,1.2238458799505438,0.8988198377484343,37.50387666666666,GIVEBACK_GE1R,GIVEBACK_GE1R,False,RATCHETED_STOP,0,-65.10931266659951,0.0,-0.8920060325464519,13.171626002425063,0.5479855164247981,1.0420058612829817,<20,>=1%,favorable,1670932800000
train,424,SOLUSDT,SHORT,2022-12-12T00:00:03+00:00,2022-12-13T13:30:13.460000+00:00,1670803203000,1670938213460,2022,13.4043186,13.7257446,13.772229700188596,-64.32155387929598,-60.23034672480013,-59.21359680000014,1.0167499247999885,3.0502568800316165,-1.040950274464224,1.7703151649029472,1.7703151649029472,0.8736512701987876,37.50290555555556,GIVEBACK_GE1R,GIVEBACK_GE1R,False,RATCHETED_STOP,0,-64.32155387929598,0.0,-0.88160299012551,9.474466883116722,0.1365263384543874,0.8503655079814934,<20,0.5–1%,favorable,1670932800000
train,425,XRPUSDT,SHORT,2022-12-12T00:00:03+00:00,2022-12-12T23:11:10+00:00,1670803203000,1670886670000,2022,0.38042390000000004,0.3875775,0.388925708345678,-61.17465956419391,-57.267684108159855,-56.038049200000046,1.2296349081598095,3.6889114490459036,-0.2180640069881508,1.2848913496801373,1.2848913496801373,0.8414209905868574,23.185277777777777,GIVEBACK_GE1R,GIVEBACK_GE1R,False,RATCHETED_STOP,0,-61.17465956419391,0.0,-0.8387741160843062,18.761326357029805,-0.6125604919426874,0.6371518654755677,<20,0.5–1%,flat_or_adverse,1670875200000
train,426,ETHUSDT,SHORT,2022-12-12T04:00:03+00:00,2022-12-12T21:07:16.878000+00:00,1670817603000,1670879236878,2022,1242.8513799999998,1273.7886151325556,1273.5339083508854,-73.90222636220437,-70.32652290332578,-69.182360463233,1.144162440092785,3.4324956221611953,-0.1432078367174,0.14181947296641997,0.14181947296641997,1.0083013622201318,17.120521666666665,NO_FOLLOW_THROUGH,NO_FOLLOW_THROUGH,False,INITIAL_STOP_OR_GAP,0,-73.90222636220437,0.0,-0.9950759805688046,14.95808724265137,-0.11569848158241408,0.41790348400382404,<20,0.25–0.5%,flat_or_adverse,1670875200000
train,427,BTCUSDT,LONG,2022-12-13T12:00:03+00:00,2022-12-15T13:13:06.206000+00:00,1670932803000,1671109986206,2022,17440.38738,17556.488,17175.503037514052,20.732239212003464,28.514312272000264,30.233359999999646,1.7190477279993814,5.157139555996799,-2.6249335040000004,3.62276082834495,3.62276082834495,0.18909150888243986,49.217557222222226,WIN,WIN,False,RATCHETED_STOP,0,20.732239212003464,0.0,0.2883122851033308,14.25115255647846,0.5644918279826251,0.9852725270691828,<20,0.5–1%,favorable,1671105600000
train,428,ETHUSDT,LONG,2022-12-13T12:00:03+00:00,2022-12-15T13:13:03.762000+00:00,1670932803000,1671109983762,2022,1286.497248,1279.7440000000001,1254.0996854997816,-18.944673288571657,-14.085249353599496,-13.014767999999545,1.0704813535999502,3.2114456225721604,-1.6479783124000003,2.0959216298924526,2.0959216298924526,0.20844926219230991,49.216878333333334,GIVEBACK_GE1R,GIVEBACK_GE1R,False,RATCHETED_STOP,0,-18.944673288571657,0.0,-0.2636155036880479,13.623855921043967,0.0,0.10417962433137815,<20,<0.25%,flat_or_adverse,1671105600000
train,429,SOLUSDT,LONG,2022-12-14T16:00:03+00:00,2022-12-15T01:45:07.020000+00:00,1671033603000,1671068707020,2022,14.481895799999998,13.899669263189343,13.90244975313997,-72.629227308249,-70.3994559172309,-69.71311185888285,0.6863440583480411,2.059040540618093,-0.1707308504,0.8251056376876005,0.8251056376876005,1.0047985312277035,9.751116666666666,SLOW_FAILURE,SLOW_FAILURE,False,INITIAL_STOP_OR_GAP,0,-72.629227308249,0.0,-0.9967647709371165,21.674737029999807,0.6769973731735888,2.2859116022099535,20–25,>=1%,favorable,1671062400000
train,430,ETHUSDT,SHORT,2022-12-16T12:00:03+00:00,2022-12-20T02:43:11.859000+00:00,1671192003000,1671504191859,2022,1211.8575799999999,1195.499052,1258.0807209702918,22.24981568781842,23.93743402239997,24.641971999999882,0.7045379775999123,2.11361097576336,0.4259926411818101,1.3815067228131837,1.3815067228131837,0.1437033455660071,86.7191275,WIN,WIN,False,RATCHETED_STOP,0,22.24981568781842,0.0,0.3157093993253218,22.63704179587176,1.002159144693972,3.630063526111707,20–25,>=1%,favorable,1671494400000
train,431,ADAUSDT,SHORT,2022-12-16T12:00:03+00:00,2022-12-22T20:22:07.586000+00:00,1671192003000,1671740527586,2022,0.28604278000000005,0.25495098,0.2967822107286279,188.00637444976283,194.42729224019047,195.34576467000008,0.9184724298096003,2.7553938479382403,-3.665523942489401,3.709952697380131,3.709952697380131,0.0611969122579301,152.36794055555555,WIN,WIN,False,RATCHETED_STOP,1,189.73672620571185,-1.730351755949004,2.678515069582107,22.43398485027864,1.214964197019271,3.2517482517482628,20–25,>=1%,favorable,1671739200000
train,432,XRPUSDT,SHORT,2022-12-16T12:00:03+00:00,2022-12-20T20:06:20+00:00,1671192003000,1671566780000,2022,0.36472704,0.34946987999999996,0.3787962224723569,69.21251816261751,73.34500834717223,74.03167618000012,0.6866678328278937,2.059994614682858,-2.0724955698718506,2.383012663733226,2.383012663733226,0.04783220356422494,104.10472222222222,WIN,WIN,False,RATCHETED_STOP,0,69.21251816261751,0.0,0.9825819350209856,25.164723526967492,1.0074680387313588,2.1649767059468394,25–35,>=1%,favorable,1671566400000
train,433,BTCUSDT,SHORT,2022-12-16T12:00:03+00:00,2022-12-18T22:36:03.511000+00:00,1671192003000,1671402963511,2022,17015.296260000003,16798.359,17463.258515514262,29.86604818908236,32.12840820600036,33.12997000000011,1.0015617939997483,3.0046814064036003,0.7423213894855999,1.1032095983905343,1.1032095983905343,0.13751993441786228,58.600141944444445,WIN,WIN,False,RATCHETED_STOP,0,29.86604818908236,0.0,0.42438341116838946,34.2426916278338,-0.06589326185762202,0.1404345833382385,25–35,<0.25%,flat_or_adverse,1671393600000
train,435,SOLUSDT,SHORT,2022-12-19T20:00:03+00:00,2022-12-29T22:38:19.033000+00:00,1671480003000,1672353499033,2022,12.0015992,10.7901576,12.596229455455237,127.15217517082664,143.12149614335982,143.8742471999999,0.7527510566400852,2.258235905010336,-13.711085067522841,7.104581647574802,7.104581647574802,0.7961263249842097,242.63778694444446,WIN,WIN,False,RATCHETED_STOP,1,130.63166154790488,-3.4794863770782425,1.7288518883570572,30.609072207762285,0.5326775282213606,0.9914188119636739,25–35,0.5–1%,favorable,1672344000000
train,436,ETHUSDT,SHORT,2022-12-22T16:00:03+00:00,2022-12-22T20:21:16.753000+00:00,1671724803000,1671740476753,2022,1185.9127700000001,1220.0629621456367,1219.8189983459674,-72.98504093788651,-70.02496899462773,-69.03828110840603,0.9866878862217021,2.960071943258777,0.0,0.11539974190215439,0.11539974190215439,1.0071952502997361,4.3538202777777775,NO_FOLLOW_THROUGH,NO_FOLLOW_THROUGH,False,INITIAL_STOP_OR_GAP,0,-72.98504093788651,0.0,-0.9941371629514179,17.974227355999407,-0.0,1.341314336298095,<20,>=1%,flat_or_adverse,1671739200000
train,437,BTCUSDT,SHORT,2022-12-22T16:00:03+00:00,2022-12-23T13:30:15.098000+00:00,1671724803000,1671802215098,2022,16628.1737,16898.379,16941.188759378594,-61.98238402992031,-58.36434480000031,-56.916,1.4483448000003136,4.34504122992,0.7270019999999999,0.2302563338105308,0.2302563338105308,0.8632341860369904,21.503360555555556,NO_FOLLOW_THROUGH,NO_FOLLOW_THROUGH,False,RATCHETED_STOP,0,-61.98238402992031,0.0,-0.8449307037636276,15.145447961040938,-0.0,0.3769954604214937,<20,0.25–0.5%,flat_or_adverse,1671796800000
train,438,ADAUSDT,SHORT,2022-12-25T16:00:03+00:00,2022-12-26T02:07:11.111000+00:00,1671984003000,1672020431111,2022,0.25634872000000003,0.260052,0.26275151245336964,-42.01112609514928,-39.019305680711746,-37.93110443999992,1.0882012407118253,3.2646082738685327,0.27278785943100003,0.3355910746207676,0.3355910746207676,0.578385138511095,10.118919722222222,NO_FOLLOW_THROUGH,NO_FOLLOW_THROUGH,False,RATCHETED_STOP,0,-42.01112609514928,0.0,-0.5852428382360526,26.348628404881943,-0.0,0.03901677721421947,25–35,<0.25%,flat_or_adverse,1672012800000
train,439,XRPUSDT,LONG,2022-12-26T20:00:03+00:00,2022-12-28T05:30:14.599000+00:00,1672084803000,1672205414599,2022,0.36617321999999997,0.3571846555867632,0.3572561068081248,-70.3108344550993,-68.21939454286864,-67.12140128439786,1.0979932584707797,3.2939878299815146,1.2025479177508696,0.7431530650567557,0.7431530650567557,1.008012819824548,33.50322194444445,SLOW_FAILURE,SLOW_FAILURE,False,INITIAL_STOP_OR_GAP,0,-70.3108344550993,0.0,-0.9748649104499728,19.87481992253316,1.7269195390024872,0.6693989071038272,<20,0.5–1%,favorable,1672200000000
train,441,ETHUSDT,SHORT,2022-12-28T04:00:03+00:00,2022-12-31T14:26:07.157000+00:00,1672200003000,1672496767157,2022,1196.770598,1204.670886,1223.0686102854843,-21.429734454070918,-20.184445811200117,-18.957358000000184,1.227087811199933,3.6812657084829596,2.4359770656121604,0.7327777396558942,0.7327777396558942,0.6083882624403194,82.43448805555556,SLOW_FAILURE,SLOW_FAILURE,False,RATCHETED_STOP,0,-21.429734454070918,0.0,-0.2973007443938662,15.761349961752122,0.14653638832933108,0.2506265664160401,<20,0.25–0.5%,favorable,1672488000000
train,442,ADAUSDT,SHORT,2022-12-28T08:00:03+00:00,2022-12-31T09:30:12.727000+00:00,1672214403000,1672479012727,2022,0.25134972,0.24634926,0.2589010659089988,39.763224013308324,45.749392056882115,46.660087170000196,0.9106951131180807,2.7320797401435395,-3.2540883034302537,1.6486756334607693,1.6486756334607693,0.4701519494384716,73.50270194444444,WIN,WIN,False,RATCHETED_STOP,0,39.763224013308324,0.0,0.5464464847999511,21.35655642186553,0.6132461780507038,0.5568814638027098,20–25,0.5–1%,favorable,1672473600000
train,443,BTCUSDT,SHORT,2022-12-29T00:00:03+00:00,2022-12-30T21:00:18.509000+00:00,1672272003000,1672434018509,2022,16535.592220000002,16662.3318,16761.951988152618,-40.434263361053326,-36.84319590599932,-34.91306999999958,1.9301259059997449,5.790381907568401,2.1993144525144004,0.9524317053313407,0.9524317053313407,0.5599032948052317,45.004308055555555,SLOW_FAILURE,SLOW_FAILURE,False,RATCHETED_STOP,0,-40.434263361053326,0.0,-0.5501722970822474,22.11064577885051,0.383042110131543,0.012092629542293972,20–25,<0.25%,favorable,1672430400000
train,444,XRPUSDT,SHORT,2022-12-30T00:00:03+00:00,2023-01-02T08:05:20+00:00,1672358403000,1672646720000,2023,0.34183162,0.34386876,0.35422266916538825,-13.394508930887957,-11.34605677742596,-10.582241710000073,0.7638150674258881,2.291446472147005,0.24299431868500931,3.6342055784740346,3.6342055784740346,0.3283321650731671,80.08805555555556,GIVEBACK_GE1R,GIVEBACK_GE1R,False,RATCHETED_STOP,0,-13.394508930887957,0.0,-0.18588153607418145,24.49792090189831,0.5727063299579858,0.02923976608186812,20–25,<0.25%,favorable,1672646400000
train,445,SOLUSDT,LONG,2023-01-02T08:00:03+00:00,2023-01-06T13:01:08.863000+00:00,1672646403000,1673010068863,2023,11.086216799999999,12.810437400000001,10.09983476917777,153.41008640275078,123.46281606300018,123.80504500000008,0.3422289369999021,1.0266719543946,30.973942294145203,3.156772024125795,3.156772024125795,0.2577265116925214,101.01829527777778,WIN,WIN,False,RATCHETED_STOP,0,153.41008640275078,0.0,2.13365873331458,19.462843946435292,1.1971538080284463,1.4481638545520232,<20,>=1%,favorable,1673006400000
train,446,ETHUSDT,LONG,2023-01-02T08:00:03+00:00,2023-01-06T11:06:04.539000+00:00,1672646403000,1673003164539,2023,1213.0725659999998,1241.971556,1192.2801050204832,83.03038179502107,91.38727607700045,92.93999700000032,1.5527209229998675,4.658151616200359,-3.6987426657790206,2.9783599960104357,2.9783599960104357,0.4820288473727792,99.1004275,WIN,WIN,False,RATCHETED_STOP,0,83.03038179502107,0.0,1.1549681581004525,15.224198583876971,0.571083737852489,0.31496842070545805,<20,0.25–0.5%,favorable,1672992000000
train,447,ADAUSDT,LONG,2023-01-04T04:00:03+00:00,2023-01-16T15:14:13.333000+00:00,1672804803000,1673882053333,2023,0.26465292,0.33853228,0.2567050174150926,783.362567367652,797.5298900235139,798.93492525,1.4050352264860635,4.215009807266969,-9.952312848595051,13.330193578515564,13.330193578515564,0.38411643416431995,299.23620361111114,WIN,WIN,False,RATCHETED_STOP,1,640.5880988719099,142.77446849574207,10.60922770915939,20.517806932406412,1.6086165945797382,3.0234315948601687,20–25,>=1%,favorable,1673870400000
train,448,ETHUSDT,LONG,2023-01-06T16:00:03+00:00,2023-01-18T15:53:18.958000+00:00,1673020803000,1674057198958,2023,1262.732496,1539.692,1235.6116741619487,765.2049130160582,789.4064337587998,791.1667939999999,1.7603602412000896,5.28098578358472,-18.920534959156896,14.092032545406823,14.092032545406823,0.2371792432549051,287.8877661111111,WIN,WIN,False,RATCHETED_STOP,1,682.2740289241043,82.93088409195386,10.349412745915291,28.611114207990397,0.4298741972096714,0.19643875546543457,25–35,<0.25%,favorable,1674043200000
train,450,SOLUSDT,LONG,2023-01-08T16:00:03+00:00,2023-01-11T15:34:13.076000+00:00,1673193603000,1673451253076,2023,13.8617718,15.5638866,13.07220599420715,156.2262162923528,157.53378854664004,158.0784744,0.5446858533599652,1.6340385906630719,0.326466336375828,4.607884704868448,4.607884704868448,0.5278493533309672,71.56946555555555,WIN,WIN,False,RATCHETED_STOP,0,156.2262162923528,0.0,2.079455423346979,29.200305781150863,-0.11297369533857715,0.5772005772005777,25–35,0.5–1%,flat_or_adverse,1673438400000
train,451,XRPUSDT,LONG,2023-01-09T04:00:03+00:00,2023-01-16T08:09:17.614000+00:00,1673236803000,1673856557614,2023,0.35147027999999997,0.3789242,0.3402288591616775,167.84912271835765,177.63292563724013,178.8751290000001,1.2422033627599625,3.726588623264519,-6.0572142956179995,5.153238263486694,5.153238263486694,0.8691321266696711,172.15405944444444,WIN,WIN,False,RATCHETED_STOP,1,179.62414194155275,-11.775019223195114,2.0737573385206356,25.13379020404083,0.15217783256013478,1.1952191235059708,25–35,>=1%,favorable,1673856000000
train,452,BTCUSDT,LONG,2023-01-11T20:00:03+00:00,2023-01-18T15:55:11.483000+00:00,1673467203000,1674057311483,2023,17544.20814,20823.634439999998,17311.44978044313,1039.2691794999814,1063.9062978059997,1066.5330699999995,2.6267721939998836,7.880188598031598,-16.7569297079866,17.734236776108062,17.734236776108062,0.18391665967012583,163.91902305555556,WIN,WIN,False,RATCHETED_STOP,1,997.5004905647787,41.76868893520278,12.807725365410993,43.33719512408228,0.22212503264641184,0.23146300582647428,>=35,<0.25%,favorable,1674043200000
train,456,SOLUSDT,LONG,2023-01-20T20:00:03+00:00,2023-01-22T20:06:03.684000+00:00,1674244803000,1674417963684,2023,23.280655199999998,24.2621466,21.299512473969692,44.011197601619344,46.31383099008014,46.76251519999998,0.4486842099198398,1.3460470182581759,-0.9565863702026242,1.7193838461227022,1.7193838461227022,0.0023497549867728226,48.10019,WIN,WIN,False,RATCHETED_STOP,0,44.011197601619344,0.0,0.4620973850828464,26.356266819601313,-0.445459659149726,5.692803437164321,25–35,>=1%,flat_or_adverse,1674417600000
train,457,ETHUSDT,LONG,2023-01-20T20:00:03+00:00,2023-01-23T14:59:09.299000+00:00,1674244803000,1674485949299,2023,1600.9101179999998,1603.069322,1542.878235787186,-1.6975870103664517,3.3934050064004286,4.400480000000286,1.0070749935998573,3.0212244527424,-2.06976756402448,1.4049153481014953,1.4049153481014953,0.0,66.98508305555555,COST_FLIP,COST_FLIP,False,RATCHETED_STOP,0,-1.6975870103664517,0.0,-0.017826461378318097,22.69789283878617,0.0,1.9124197952005138,20–25,>=1%,flat_or_adverse,1674475200000
train,458,XRPUSDT,LONG,2023-01-20T20:00:03+00:00,2023-01-24T22:28:08.571000+00:00,1674244803000,1674599288571,2023,0.40228044,0.40381922,0.38358966428818464,2.887032048203776,7.577083516299812,8.370944499999899,0.7938609837000872,2.38158194658666,-2.3084695215093753,1.654268419713268,1.654268419713268,0.4965251385544886,98.46821416666667,WIN,WIN,False,RATCHETED_STOP,0,2.887032048203776,0.0,0.030324581502429778,9.619206119628789,-0.1773208205967486,1.3674788662357047,<20,>=1%,flat_or_adverse,1674590400000
train,459,BTCUSDT,LONG,2023-01-20T20:00:03+00:00,2023-01-22T20:05:18.687000+00:00,1674244803000,1674417918687,2023,21498.39882,22506.697760000003,20860.863044608326,137.09998061056382,142.7751299040006,144.0213600000003,1.2462300959996924,3.7386730054368,-1.9364762880000004,2.967051031509392,2.967051031509392,0.0,48.08769083333333,WIN,WIN,False,RATCHETED_STOP,0,137.09998061056382,0.0,1.4409470801471442,37.81579154109247,0.0,1.1361204417936035,>=35,>=1%,flat_or_adverse,1674417600000
train,460,ADAUSDT,LONG,2023-01-28T00:00:03+00:00,2023-01-30T09:15:19.259000+00:00,1674864003000,1675070119259,2023,0.38997798,0.37652468,0.37065796223540914,-68.6359670161391,-65.09640602619001,-64.35463419000017,0.7417718361898409,2.2253232311261026,-1.314237758823,0.47732978884221505,0.47732978884221505,0.6963399394309462,57.25451638888889,NO_FOLLOW_THROUGH,NO_FOLLOW_THROUGH,False,RATCHETED_STOP,0,-68.6359670161391,0.0,-0.7112326523962963,18.247224850356634,0.10857180745683483,1.4358974358974343,<20,>=1%,favorable,1675065600000
train,461,SOLUSDT,LONG,2023-01-29T20:00:03+00:00,2023-01-30T09:03:10.947000+00:00,1675022403000,1675069390947,2023,26.3522694,24.724810401870993,24.72975635314162,-97.33575851743876,-94.64308783129451,-94.04902531503757,0.5940625162569404,1.7821988346540152,-0.9104718514902501,0.3184754668078188,0.3184754668078188,1.0030483275806037,13.0522075,NO_FOLLOW_THROUGH,NO_FOLLOW_THROUGH,False,INITIAL_STOP_OR_GAP,0,-97.33575851743876,0.0,-1.0054574054724066,15.1463668719171,1.0394472413027271,3.9702421619980237,<20,>=1%,favorable,1675065600000
train,462,ETHUSDT,LONG,2023-01-29T20:00:03+00:00,2023-01-30T09:15:11.945000+00:00,1675022403000,1675070111945,2023,1655.270988,1593.2787597233414,1593.5974792191853,-96.70515370542773,-93.27970588788816,-92.30209101889197,0.9776148689961843,2.9328556832395862,-0.49259213430000004,0.016198397330536907,0.023332740887408266,1.0051678508673245,13.252484722222222,NO_FOLLOW_THROUGH,NO_FOLLOW_THROUGH,False,INITIAL_STOP_OR_GAP,0,-96.70515370542773,0.0,-0.9991726736729597,21.63134669228122,0.5465289796222642,1.6272591589976653,20–25,>=1%,favorable,1675065600000
train,463,BTCUSDT,LONG,2023-01-29T20:00:03+00:00,2023-01-30T09:15:09.751000+00:00,1675022403000,1675070109751,2023,23901.2793,23251.2176864014,23255.868860173436,-96.65750834834714,-91.98371832420166,-90.64930628545885,1.334412038742812,4.003246994145478,-0.6705430299999999,0.0,0.013666807128763753,1.007206536313986,13.251875277777778,NO_FOLLOW_THROUGH,NO_FOLLOW_THROUGH,False,INITIAL_STOP_OR_GAP,0,-96.65750834834714,0.0,-0.9991800586891393,25.75594869069734,0.22162181791014118,0.9064050952855158,25–35,0.5–1%,favorable,1675065600000
train,464,SOLUSDT,SHORT,2023-02-01T16:00:03+00:00,2023-02-01T19:52:12.416000+00:00,1675267203000,1675281132416,2023,22.8084374,24.349504829942592,24.34463590276204,-93.71556204471528,-92.02592032622293,-91.4627100785672,0.5632102476557321,1.6896417184923496,0.0,0.23332752854239838,0.23332752854239838,1.0031694648652494,3.869282222222222,NO_FOLLOW_THROUGH,NO_FOLLOW_THROUGH,False,INITIAL_STOP_OR_GAP,0,-93.71556204471528,0.0,-0.9978827339898898,14.875952687406906,0.13719787940492437,1.4508635048654315,<20,>=1%,favorable,1675267200000
train,465,ETHUSDT,LONG,2023-02-01T20:00:03+00:00,2023-02-05T12:55:07.910000+00:00,1675281603000,1675601707910,2023,1617.9335219999998,1641.6716000000001,1557.9519476989321,29.72774548345443,35.36261479660047,36.33378300000015,0.9711682033996851,2.9135002501460394,-2.7213690630000005,1.6516151693977263,1.6516151693977263,0.08208390755612732,88.91803055555556,WIN,WIN,False,RATCHETED_STOP,0,29.72774548345443,0.0,0.31892983017311766,17.43065411071085,0.0,0.7375123639960335,<20,0.5–1%,flat_or_adverse,1675598400000
train,466,BTCUSDT,LONG,2023-02-01T20:00:03+00:00,2023-02-03T13:30:17.874000+00:00,1675281603000,1675431017874,2023,23384.47596,23315.336,22729.1548190163,-14.65927701517206,-9.299324620000059,-8.043099999999903,1.2562246200001557,3.768674825172,-1.5912775700000004,1.3686786277848972,1.3686786277848972,0.10550546240003009,41.504131666666666,GIVEBACK_GE1R,GIVEBACK_GE1R,False,RATCHETED_STOP,0,-14.65927701517206,0.0,-0.15733390437251005,16.300033098028443,0.0,0.2134311951719274,<20,<0.25%,flat_or_adverse,1675425600000
train,467,SOLUSDT,LONG,2023-02-02T00:00:03+00:00,2023-02-03T14:26:16.428000+00:00,1675296003000,1675434376428,2023,25.0190028,23.9952,23.261911029718735,-55.63308119783225,-53.42121106175993,-52.90970879999997,0.5115022617599578,1.534513134445056,-0.677357001627264,0.6567654686671687,0.6567654686671687,0.5826689404140314,38.437063333333334,SLOW_FAILURE,SLOW_FAILURE,False,RATCHETED_STOP,0,-55.63308119783225,0.0,-0.5932777955074956,13.90976014715776,-0.26299405451400376,2.067090480188715,<20,>=1%,flat_or_adverse,1675425600000
train,468,XRPUSDT,LONG,2023-02-02T00:00:03+00:00,2023-02-03T14:26:10+00:00,1675296003000,1675434370000,2023,0.41338266,0.40581881999999997,0.39679727906019524,-44.68706619977313,-41.11932457075224,-40.2286407200001,0.89068385075214,2.672056379692887,-0.8956852493280001,0.37486868842900056,0.37486868842900056,0.4560546439935481,38.43527777777778,NO_FOLLOW_THROUGH,NO_FOLLOW_THROUGH,False,RATCHETED_STOP,0,-44.68706619977313,0.0,-0.4766173511026712,12.62895480014728,0.0,0.29646660212971343,<20,0.25–0.5%,flat_or_adverse,1675425600000
train,469,XRPUSDT,LONG,2023-02-04T20:00:03+00:00,2023-02-05T12:51:14.285000+00:00,1675540803000,1675601474285,2023,0.4165833,0.40711856,0.40458633659011684,-73.61262455848882,-69.38779872233378,-68.1800586299998,1.207740092333978,3.623228458609035,-0.601597377546,0.026398346746569566,0.026398346746569566,0.7889279709066108,16.853134722222222,NO_FOLLOW_THROUGH,NO_FOLLOW_THROUGH,False,RATCHETED_STOP,0,-73.61262455848882,0.0,-0.7929106282328581,13.333810198136904,0.7824424306966135,0.6721075372059588,<20,0.5–1%,favorable,1675598400000
train,470,SOLUSDT,SHORT,2023-02-05T16:00:03+00:00,2023-02-07T18:00:08.188000+00:00,1675612803000,1675792808188,2023,23.6122766,23.721743399999998,24.82872398646238,-9.808137018730529,-8.031360182399728,-7.336799999999843,0.6945601823998855,2.0836814276159994,0.3069045912852,0.9382046545547813,0.9382046545547813,0.08998893106124647,50.00144111111111,SLOW_FAILURE,SLOW_FAILURE,False,RATCHETED_STOP,0,-9.808137018730529,0.0,-0.10658686486305277,9.750027990733022,-0.0,1.7063256838005008,<20,>=1%,flat_or_adverse,1675785600000
train,471,XRPUSDT,SHORT,2023-02-05T16:00:03+00:00,2023-02-07T22:53:12+00:00,1675612803000,1675810392000,2023,0.39982002,0.40368072,0.412257352824671,-28.979526311394185,-27.161498901329963,-26.03091303000026,1.1305858713297035,3.3917607376995633,1.573733327635342,0.7976002684693265,0.7976002684693265,0.310412212523718,54.88583333333333,SLOW_FAILURE,SLOW_FAILURE,False,RATCHETED_STOP,0,-28.979526311394185,0.0,-0.31498798758793756,14.863139503852567,-0.0,0.27499999999999747,<20,0.25–0.5%,flat_or_adverse,1675800000000
train,472,BTCUSDT,SHORT,2023-02-05T20:00:03+00:00,2023-02-07T17:46:11.516000+00:00,1675627203000,1675791971516,2023,22885.02208,23164.031880000002,23410.401369466952,-48.06468034190216,-45.78550818000056,-44.27418000000048,1.5113281800000848,4.5339898529016,2.254817691,0.5425072623041167,0.5425072623041167,0.5310635679664594,45.76903222222222,SLOW_FAILURE,SLOW_FAILURE,False,RATCHETED_STOP,0,-48.06468034190216,0.0,-0.5211764394710383,13.525979611484583,0.011518495346134177,0.48275410122545276,<20,0.25–0.5%,favorable,1675785600000
train,473,ADAUSDT,LONG,2023-02-08T00:00:03+00:00,2023-02-09T03:01:07.777000+00:00,1675814403000,1675911667777,2023,0.39907980000000004,0.38272343999999997,0.382019138536924,-87.47096005179628,-84.43669565848836,-83.62951596000025,0.8071796984881132,2.421549131005915,-0.612715262302,0.2708101330068205,0.2708101330068205,0.9587178102912196,27.017993611111113,NO_FOLLOW_THROUGH,NO_FOLLOW_THROUGH,False,RATCHETED_STOP,0,-87.47096005179628,0.0,-0.9573394468541875,13.731295362889147,0.0,0.3509651541739677,<20,0.25–0.5%,flat_or_adverse,1675900800000
train,474,ETHUSDT,LONG,2023-02-08T04:00:03+00:00,2023-02-09T03:01:11.077000+00:00,1675828803000,1675911671077,2023,1680.676068,1625.0665021834272,1625.3915804995272,-91.52259951260474,-87.61287094401034,-86.57123492299475,1.0416360210155915,3.1249184515943935,-0.7848101170000001,0.04420646930984039,0.04420646930984039,1.005880100020773,23.018910277777778,NO_FOLLOW_THROUGH,NO_FOLLOW_THROUGH,False,INITIAL_STOP_OR_GAP,0,-91.52259951260474,0.0,-1.002028099201303,16.997014024342672,0.03658641836216134,0.07736575553611223,<20,<0.25%,favorable,1675900800000
train,475,SOLUSDT,SHORT,2023-02-09T04:00:03+00:00,2023-02-12T06:56:16.170000+00:00,1675915203000,1676184976170,2023,22.325533999999998,20.994197999999997,23.62352629840174,86.29047728993599,89.86584566800002,90.45066999999999,0.5848243319999682,1.7544621419195998,-1.8209062361444301,2.0535822926547045,2.0535822926547045,0.5080661886915839,74.93699166666667,WIN,WIN,False,RATCHETED_STOP,0,86.29047728993599,0.0,0.9585029353984573,25.430399667154717,0.6401106811845007,0.9852216748768582,25–35,0.5–1%,favorable,1676174400000
train,476,BTCUSDT,SHORT,2023-02-09T04:00:03+00:00,2023-02-12T09:53:01.151000+00:00,1675915203000,1676195581151,2023,22507.09768,21896.27838,23075.56740447469,89.72613931769878,90.95099376999988,92.27332999999958,1.3223362299996921,3.9669976172003993,2.7421431648993,1.938709543447408,1.938709543447408,0.5856113451030815,77.88281972222222,WIN,WIN,False,RATCHETED_STOP,0,89.72613931769878,0.0,0.9968769886738088,17.349348143826912,0.59205549354579,0.6720979406172947,<20,0.5–1%,favorable,1676188800000
train,477,ADAUSDT,SHORT,2023-02-09T04:00:03+00:00,2023-02-11T21:45:16.363000+00:00,1675915203000,1676151916363,2023,0.38182362000000003,0.36567311999999996,0.39904695499802323,80.04763463905469,81.37305712170034,82.12630142000017,0.7532442982998333,2.2597230397438293,0.9343005570981867,1.6386849587051149,1.6386849587051149,0.515369410222744,65.75371194444445,WIN,WIN,False,RATCHETED_STOP,0,80.04763463905469,0.0,0.8908383908793637,14.297805803353294,0.16814562340611908,0.2619172341540076,<20,0.25–0.5%,favorable,1676145600000
train,478,ETHUSDT,SHORT,2023-02-09T04:00:03+00:00,2023-02-12T16:34:11.316000+00:00,1675915203000,1676219651316,2023,1618.6462060000001,1543.1285639999999,1673.0639032989056,117.91030353435693,119.1592873118004,120.15708500000015,0.9977976881997535,2.9933786457497997,1.7443948683063304,2.4324110091049804,2.4324110091049804,0.5577926944110215,84.56897666666667,WIN,WIN,False,RATCHETED_STOP,0,117.91030353435693,0.0,1.310810909898426,15.990709317600563,-0.0,0.2501590517427719,<20,0.25–0.5%,flat_or_adverse,1676217600000
train,479,XRPUSDT,SHORT,2023-02-13T00:00:03+00:00,2023-02-14T18:50:20+00:00,1676246403000,1676400620000,2023,0.37432512,0.3780756,0.3855812478383455,-32.908361333675195,-29.368199273400002,-28.18986299999994,1.1783362734000633,3.53501220298356,-0.005149857291637444,1.2282305423809152,1.2282305423809152,0.33319451003599015,42.838055555555556,GIVEBACK_GE1R,GIVEBACK_GE1R,False,RATCHETED_STOP,0,-32.908361333675195,0.0,-0.3544969270679132,27.128151351243112,0.06260481925813506,1.3354700854700867,25–35,>=1%,favorable,1676390400000
train,480,ADAUSDT,SHORT,2023-02-13T12:00:03+00:00,2023-02-14T14:50:18.482000+00:00,1676289603000,1676386218482,2023,0.3514297,0.36702295234999593,0.3669495624375084,-92.42370560332897,-90.50269711284503,-89.66872583243868,0.8339712804063453,2.5019246014665626,0.580916110982608,0.446505246286999,0.446505246286999,1.0047287733884895,26.837633888888888,NO_FOLLOW_THROUGH,NO_FOLLOW_THROUGH,False,INITIAL_STOP_OR_GAP,0,-92.42370560332897,0.0,-0.990180694961822,34.079454707910635,0.8273851487105688,1.3083048919226372,25–35,>=1%,favorable,1676376000000
train,481,ETHUSDT,SHORT,2023-02-13T12:00:03+00:00,2023-02-14T14:50:05.065000+00:00,1676289603000,1676386205065,2023,1485.3528700000002,1537.509151548511,1537.2017112062697,-92.5207504142872,-89.7557449168323,-88.71533981486937,1.0404051019629321,3.1212259517297,0.35622045427479,0.4889765983224041,0.4889765983224041,1.0059295508846229,26.833906944444443,NO_FOLLOW_THROUGH,NO_FOLLOW_THROUGH,False,INITIAL_STOP_OR_GAP,0,-92.5207504142872,0.0,-0.9914725646932024,45.82996527293544,0.6646404705791175,0.36078727013273065,>=35,0.25–0.5%,favorable,1676376000000
train,482,BTCUSDT,SHORT,2023-02-13T12:00:03+00:00,2023-02-14T14:50:09.786000+00:00,1676289603000,1676386209786,2023,21591.580820000003,22022.9037,22079.031106968378,-80.5907748082337,-77.0773986559993,-75.51861999999974,1.5587786559995607,4.676345030234399,1.162968878,0.5202188341648365,0.5202188341648365,0.8848551155494137,26.835218333333334,SLOW_FAILURE,SLOW_FAILURE,False,RATCHETED_STOP,0,-80.5907748082337,0.0,-0.8639585848925255,41.175782161022006,0.39306100820461437,0.018985085131893297,>=35,<0.25%,favorable,1676376000000
train,483,BTCUSDT,LONG,2023-02-15T16:00:03+00:00,2023-02-19T17:09:13.139000+00:00,1676476803000,1676826553139,2023,22802.5596,24425.71388,22245.76257147895,238.38961803724186,247.69334312799984,249.1347599999998,1.4414168719999623,4.3242207198288005,-4.979504370929201,4.4674096171221915,4.4674096171221915,0.1301364703623998,97.1528163888889,WIN,WIN,False,RATCHETED_STOP,0,238.38961803724186,0.0,2.6331298313532874,29.423715345873575,1.0951638776674903,0.09255157228013977,25–35,<0.25%,favorable,1676822400000
train,484,ETHUSDT,LONG,2023-02-15T20:00:03+00:00,2023-02-19T17:58:07.603000+00:00,1676491203000,1676829487603,2023,1628.615658,1678.794174,1569.710244323072,68.30739230158231,74.34950715720025,75.32962800000021,0.9801208427999626,2.94035348884464,-3.101761366773301,1.9672952750247727,1.9672952750247727,0.08752434926060566,93.96794527777777,WIN,WIN,False,RATCHETED_STOP,0,68.30739230158231,0.0,0.7494682416182532,32.49429438968354,1.0363586483414986,2.045077688386658,25–35,>=1%,favorable,1676822400000
train,485,SOLUSDT,LONG,2023-02-15T20:00:03+00:00,2023-02-21T21:25:04.299000+00:00,1676491203000,1677014704299,2023,22.9965984,24.6990592,21.6914736840653,110.17025120591677,115.59828004256005,116.24599839999998,0.6477183574399277,1.9431411228001918,-3.4848877138430883,3.1823790855308656,3.1823790855308656,0.7452149117438537,145.4170275,WIN,WIN,False,RATCHETED_STOP,0,110.17025120591677,0.0,1.2091041106516327,24.397712119801152,0.3762909561768173,1.0699839067461123,20–25,>=1%,favorable,1677009600000
train,486,ADAUSDT,LONG,2023-02-15T20:00:03+00:00,2023-02-19T20:19:07.058000+00:00,1676491203000,1676837947058,2023,0.39777954,0.39752048,0.38074909108901367,-5.706380049319059,-1.3358655059378848,-0.5156587299999432,0.8202067759379416,2.460620389693047,-1.9098941536881278,1.4221856468137735,1.4221856468137735,0.7210344286390751,96.31779388888889,GIVEBACK_GE1R,GIVEBACK_GE1R,False,RATCHETED_STOP,0,-5.706380049319059,0.0,-0.06263802577652464,30.920382984338204,0.30858869556938917,0.5784708249497043,25–35,0.5–1%,favorable,1676836800000
train,487,XRPUSDT,LONG,2023-02-20T16:00:03+00:00,2023-02-21T13:56:18.862000+00:00,1676908803000,1676987778862,2023,0.40278054,0.3881303744629741,0.3882080160661873,-94.552565083514,-91.10512067164257,-90.12143526465151,0.9836854069910572,2.951067035545441,-0.4963773763260001,0.3924824571211761,0.3924824571211761,1.0053279448066692,21.937739444444443,NO_FOLLOW_THROUGH,NO_FOLLOW_THROUGH,False,INITIAL_STOP_OR_GAP,0,-94.552565083514,0.0,-0.9991824450056987,15.927066066579012,0.3105164910858519,1.1671219269927942,<20,>=1%,favorable,1676980800000
train,488,SOLUSDT,SHORT,2023-02-24T16:00:03+00:00,2023-02-26T19:47:18.750000+00:00,1677254403000,1677440838750,2023,23.030393,23.331665400000002,24.541378424947485,-19.727741393161935,-18.09526390672012,-17.538337600000098,0.5569263067200225,1.670781024760512,0.03830353831869596,1.0790262917702642,1.0790262917702642,0.206227667623484,51.787708333333335,GIVEBACK_GE1R,GIVEBACK_GE1R,False,RATCHETED_STOP,0,-19.727741393161935,0.0,-0.21220098461122622,17.429018759750313,0.4919082666932286,1.7364879531148192,<20,>=1%,favorable,1677427200000
train,489,ADAUSDT,SHORT,2023-02-24T16:00:03+00:00,2023-02-26T19:47:20+00:00,1677254403000,1677440840000,2023,0.37182562,0.36747348,0.3879911150405818,22.43606519144348,24.136865294282025,24.956893350000023,0.820028055717998,2.460081172326798,0.7592810694882528,1.3068340899530972,1.3068340899530972,0.0,51.78805555555556,WIN,WIN,False,RATCHETED_STOP,0,22.43606519144348,0.0,0.24137033282083967,27.166316445165297,0.36270141170774783,1.6129032258064528,25–35,>=1%,favorable,1677427200000
train,490,XRPUSDT,SHORT,2023-02-24T16:00:03+00:00,2023-02-26T18:53:20+00:00,1677254403000,1677437600000,2023,0.38112376,0.37927584,0.3948129088625422,10.001919467876283,12.00993717159202,12.998330200000012,0.9883930284079927,2.9651775254243757,0.9571598217086376,0.9440879144329686,0.9440879144329686,0.0,50.88805555555555,WIN,WIN,False,RATCHETED_STOP,0,10.001919467876283,0.0,0.10762712296731726,12.619793424877958,-0.17020761579882115,0.3409388932599065,<20,0.25–0.5%,flat_or_adverse,1677427200000
train,491,ETHUSDT,SHORT,2023-02-24T16:00:03+00:00,2023-02-26T18:39:03.733000+00:00,1677254403000,1677436743733,2023,1601.859564,1615.393014,1662.7450257878627,-21.935879182431417,-19.815677489999857,-18.87353799999981,0.942139490000045,2.8264207348245596,0.7062190423929998,0.7518964734061726,0.7518964734061726,0.3457382991253974,50.65020361111111,SLOW_FAILURE,SLOW_FAILURE,False,RATCHETED_STOP,0,-21.935879182431417,0.0,-0.2361205109037919,23.53467540846218,-0.0,0.004369047173222505,20–25,<0.25%,flat_or_adverse,1677427200000
train,492,SOLUSDT,SHORT,2023-02-28T08:00:03+00:00,2023-03-05T01:18:15.862000+00:00,1677571203000,1677979095862,2023,22.075584,21.624324,23.234500232350808,34.61083894556596,35.10292876199983,35.78280199999979,0.6798732379999635,2.03961542006376,1.547525603629896,1.6399666748516855,1.6399666748516855,0.714819567519213,113.30357277777777,WIN,WIN,False,RATCHETED_STOP,0,34.61083894556596,0.0,0.372567553303119,22.251172694876377,0.22501077258206034,1.0417138457357689,20–25,>=1%,favorable,1677974400000
train,493,ADAUSDT,SHORT,2023-02-28T20:00:03+00:00,2023-03-11T01:56:07.272000+00:00,1677614403000,1678499767272,2023,0.35432912,0.32206440000000003,0.3679178238451328,221.97512840436005,223.1199968895138,224.40446162999996,1.28446474048617,3.8533672929226044,2.708498807768849,4.218880671281554,4.218880671281554,0.7411214575558807,245.93452,WIN,WIN,False,RATCHETED_STOP,1,211.35153368547577,10.623594718884265,2.3915488815288275,34.70815651718611,0.00739764041502842,0.7618510158013488,25–35,0.5–1%,favorable,1678492800000
train,494,ETHUSDT,SHORT,2023-03-01T00:00:03+00:00,2023-03-01T04:49:09.888000+00:00,1677628803000,1677646149888,2023,1604.409054,1651.467572557643,1651.1373450886254,-92.57885091947486,-88.88883570353202,-87.65883413790439,1.2300015656276315,3.6900152159428394,0.0,0.2435153037892689,0.2435153037892689,1.0070669708077145,4.81858,NO_FOLLOW_THROUGH,NO_FOLLOW_THROUGH,False,INITIAL_STOP_OR_GAP,0,-92.57885091947486,0.0,-0.9942529859940521,16.23130376989831,-0.0,0.12400917293982808,<20,<0.25%,flat_or_adverse,1677643200000
train,495,BTCUSDT,SHORT,2023-03-03T04:00:03+00:00,2023-03-05T01:18:04.793000+00:00,1677816003000,1677979084793,2023,22301.938720000002,22499.69904,23101.119267220616,-25.219202263946325,-22.287588063999728,-21.277759999999915,1.0098280639998123,3.0294867453311998,0.0978725453846,0.22753146411333594,0.22753146411333594,0.24745387095289964,45.30049805555556,NO_FOLLOW_THROUGH,NO_FOLLOW_THROUGH,False,RATCHETED_STOP,0,-25.219202263946325,0.0,-0.2680352277641578,14.804239042832064,1.4156677453664277,3.930279786428053,<20,>=1%,favorable,1677974400000
train,496,ETHUSDT,SHORT,2023-03-03T04:00:03+00:00,2023-03-05T01:16:08.795000+00:00,1677816003000,1677978968795,2023,1564.217094,1580.316,1626.6853464584692,-25.644912173907898,-23.309605997399917,-22.39901300000004,0.9105929973998776,2.73178168008156,0.39647550357357997,0.29162163632016747,0.29162163632016747,0.25771340427208217,45.268276388888886,NO_FOLLOW_THROUGH,NO_FOLLOW_THROUGH,False,RATCHETED_STOP,0,-25.644912173907898,0.0,-0.27261082557301397,12.37008339307397,0.9360417617312204,2.693940033108973,<20,>=1%,favorable,1677974400000
train,497,XRPUSDT,SHORT,2023-03-06T00:00:03+00:00,2023-03-07T12:07:20+00:00,1678060803000,1678190840000,2023,0.36652668,0.37397478,0.3767873839392421,-66.73434029224725,-63.81697129896012,-62.54801768000025,1.2689536189598698,3.8068683626421214,0.889499369354989,0.7530360534474893,0.7530360534474893,0.7258858694396901,36.12138888888889,SLOW_FAILURE,SLOW_FAILURE,False,RATCHETED_STOP,0,-66.73434029224725,0.0,-0.7180309601825916,26.114885135060774,0.009816062749415563,0.08183306055647094,25–35,<0.25%,favorable,1678190400000
train,498,SOLUSDT,SHORT,2023-03-07T12:00:03+00:00,2023-03-11T01:41:16.781000+00:00,1678190403000,1678498876781,2023,20.2979396,18.6807354,21.12741571595607,139.30235081157056,145.00559247531996,146.00543800000003,0.9998455246800511,2.9995190533874396,-2.703722610361975,5.189950038571089,5.189950038571089,0.4123812529619808,85.6871613888889,WIN,WIN,False,RATCHETED_STOP,1,169.78990603475177,-30.487555223181204,1.494911597322259,31.1630166275651,0.5088131538733688,0.6108374384236392,25–35,0.5–1%,favorable,1678492800000
train,500,XRPUSDT,LONG,2023-03-07T16:00:03+00:00,2023-03-09T20:22:17.894000+00:00,1678204803000,1678393337894,2023,0.3785757,0.37202557999999997,0.3667718174647299,-53.8802444402839,-48.95100197082036,-47.829110400000125,1.1218915708202317,3.365680451953247,-1.5635620175102998,1.9759854378681567,1.9759854378681567,0.5549123333300071,52.37080388888889,GIVEBACK_GE1R,GIVEBACK_GE1R,False,RATCHETED_STOP,0,-53.8802444402839,0.0,-0.5809775048648103,26.511598835304238,1.0233757480075223,1.1892177589852018,25–35,>=1%,favorable,1678392000000
train,501,BTCUSDT,SHORT,2023-03-09T00:00:03+00:00,2023-03-12T17:26:12.421000+00:00,1678320003000,1678641972421,2023,21690.96094,20678.6349,22243.484937785848,161.1475803977204,164.806679312,166.18623999999988,1.3795606879998843,4.138662121651199,0.4795632073716002,3.926274602901184,3.926274602901184,0.23897434415360208,89.43595027777778,WIN,WIN,False,RATCHETED_STOP,0,161.1475803977204,0.0,1.6856270724775884,31.521520981595852,0.4734667605505231,0.4821298524111035,25–35,0.25–0.5%,favorable,1678636800000
train,502,ETHUSDT,SHORT,2023-03-10T00:00:03+00:00,2023-03-11T23:52:18.724000+00:00,1678406403000,1678578738724,2023,1436.132716,1475.7450900000001,1488.3790904695093,-74.07447542721549,-70.97349049580008,-69.93005099999995,1.0434394958001292,3.1303268790061205,0.029341947590710002,1.3134445537469412,1.3134445537469412,0.758184168800415,47.87103444444445,GIVEBACK_GE1R,GIVEBACK_GE1R,False,RATCHETED_STOP,0,-74.07447542721549,0.0,-0.7579748915763037,42.36764618646747,2.2556206996882593,3.033931579900024,>=35,>=1%,favorable,1678564800000
train,504,XRPUSDT,SHORT,2023-03-12T16:00:03+00:00,2023-03-12T22:23:14.247000+00:00,1678636803000,1678659794247,2023,0.35202958,0.3672282815884181,0.36715485061829445,-94.59158524340639,-91.97989135954916,-91.10933037597003,0.870560983579125,2.6116938838572272,0.0,0.3325282652408622,0.3325282652408622,1.004854853309852,6.3864575,NO_FOLLOW_THROUGH,NO_FOLLOW_THROUGH,False,INITIAL_STOP_OR_GAP,0,-94.59158524340639,0.0,-0.9962863515137146,32.60884441524307,0.43839691055982377,1.334848054529958,25–35,>=1%,favorable,1678651200000
train,505,BTCUSDT,LONG,2023-03-13T16:00:03+00:00,2023-03-15T17:03:11.370000+00:00,1678723203000,1678899791370,2023,24013.8018,23946.2098,22738.173810834287,-8.85617735671624,-4.82606880000004,-4.1412,0.6848688000000394,2.0546068969439997,-1.9755016597722,1.9410817425066202,1.9410817425066202,0.1856354689699731,49.052325,GIVEBACK_GE1R,GIVEBACK_GE1R,False,RATCHETED_STOP,0,-8.85617735671624,0.0,-0.09439221538940373,38.90628286940881,1.510198653727734,5.1122495730767685,>=35,>=1%,favorable,1678896000000
train,506,ETHUSDT,LONG,2023-03-13T16:00:03+00:00,2023-03-15T14:30:12.831000+00:00,1678723203000,1678890612831,2023,1666.6432619999998,1649.67,1577.697343049166,-20.814674852044543,-17.380620287999744,-16.701439999999945,0.6791802879997988,2.0375428681727996,-1.3965116958720003,1.26376498580148,1.26376498580148,0.21398690602680526,46.50273083333333,GIVEBACK_GE1R,GIVEBACK_GE1R,False,RATCHETED_STOP,0,-20.814674852044543,0.0,-0.22187823956684335,36.61434610862306,0.8593421757346472,2.5469603312728832,>=35,>=1%,favorable,1678881600000
train,507,ADAUSDT,LONG,2023-03-13T16:00:03+00:00,2023-03-15T11:00:11.428000+00:00,1678723203000,1678878011428,2023,0.34616922,0.33633272,0.3261096877800847,-47.45987070842041,-44.75781409320012,-44.13671496000019,0.6210991331999267,1.8633026960057952,-0.8387539192144944,1.0932847166907955,1.0932847166907955,0.490365373038672,43.002341111111114,GIVEBACK_GE1R,GIVEBACK_GE1R,False,RATCHETED_STOP,0,-47.45987070842041,0.0,-0.5059977499208075,34.43929487435399,0.43020838821277607,1.0690551863623337,25–35,>=1%,favorable,1678867200000
train,508,SOLUSDT,LONG,2023-03-13T16:00:03+00:00,2023-03-15T15:27:17.358000+00:00,1678723203000,1678894037358,2023,20.7211434,19.7540484,18.89678234589895,-50.6627276647953,-48.824468041500026,-48.41578629999998,0.40868174150004677,1.2260510343943558,-0.612208588900912,0.7843056048491746,0.7843056048491746,0.5301006606263771,47.453988333333335,SLOW_FAILURE,SLOW_FAILURE,False,RATCHETED_STOP,0,-50.6627276647953,0.0,-0.5402414269364983,33.893067230468915,0.3944583211696198,0.08205821306173414,25–35,<0.25%,favorable,1678881600000
train,509,XRPUSDT,SHORT,2023-03-15T16:00:03+00:00,2023-03-17T09:57:05+00:00,1678896003000,1679047025000,2023,0.36022794,0.36987396,0.3797649564996658,-46.473513528895985,-44.6768091170279,-44.00049830000004,0.6763108170278613,2.0289377311437957,0.23223331927571383,0.25223605662022774,0.25223605662022774,0.4937304526596984,41.95055555555555,NO_FOLLOW_THROUGH,NO_FOLLOW_THROUGH,False,RATCHETED_STOP,0,-46.473513528895985,0.0,-0.49886890331354333,18.41816776687622,-0.0,0.8879023307436128,<20,0.5–1%,flat_or_adverse,1679040000000
train,510,BTCUSDT,LONG,2023-03-17T04:00:03+00:00,2023-03-22T19:08:15.585000+00:00,1679025603000,1679512095585,2023,25775.05398,27282.542400000002,24374.9093994437,45.28887545813485,50.69428290000025,51.768899999999945,1.074617099999692,3.223845087732,-2.1815623541333995,2.2183037831464185,2.2183037831464185,0.09731422161121765,135.13682916666667,WIN,WIN,False,RATCHETED_STOP,1,92.55541559730908,-47.26654013917423,0.4894142510010878,45.24985948013333,0.3446618205228471,2.2114948059557915,>=35,>=1%,favorable,1679500800000
train,511,ETHUSDT,LONG,2023-03-17T04:00:03+00:00,2023-03-20T03:25:17.846000+00:00,1679025603000,1679282717846,2023,1708.071546,1744.651,1621.5707201867515,34.211717874377854,37.940209688800174,38.65644399999998,0.7162343111998055,2.1486982948267195,-1.5797935195956,1.5962674656783702,1.5962674656783702,0.15099909020752272,71.42079055555556,WIN,WIN,False,RATCHETED_STOP,0,34.211717874377854,0.0,0.36964367282340144,30.899470792344026,0.7414175250589483,0.0749533005803009,25–35,<0.25%,favorable,1679270400000
train,512,ADAUSDT,LONG,2023-03-17T12:00:03+00:00,2023-03-20T04:02:05.333000+00:00,1679054403000,1679284925333,2023,0.34596918,0.33493300000000004,0.32564598890367663,-52.45786402124433,-49.39961697212377,-48.79005461999984,0.6095623521239304,1.8286929111785541,-1.2295541379419999,0.5673725127785677,0.5673725127785677,0.7513180350285799,64.03398138888889,SLOW_FAILURE,SLOW_FAILURE,False,RATCHETED_STOP,0,-52.45786402124433,0.0,-0.5613620855721952,20.997886099586076,0.6813465211592146,3.0644694998554494,20–25,>=1%,favorable,1679284800000
train,513,SOLUSDT,LONG,2023-03-17T12:00:03+00:00,2023-03-22T19:36:17.009000+00:00,1679054403000,1679513777009,2023,20.668132800000002,21.5116968,19.07353580110705,44.951605563804826,48.42217637159983,48.90641879999981,0.48424242839998044,1.452721416429744,-2.017849391365262,2.0330322973457617,2.0330322973457617,0.5444214435388386,127.60389138888888,WIN,WIN,False,RATCHETED_STOP,0,44.951605563804826,0.0,0.48112026041475264,20.147224182580974,0.5505635973456888,1.9263346401432635,20–25,>=1%,favorable,1679500800000
train,514,XRPUSDT,LONG,2023-03-21T16:00:03+00:00,2023-04-01T06:28:07.500000+00:00,1679414403000,1680330487500,2023,0.42888576,0.52499498,0.4058011981928253,432.76886503416773,439.55892005517796,440.56102927,1.0021092148220205,3.0062747771424876,-3.783780243867758,6.788703260171608,6.788703260171608,0.9090820166002723,254.46791666666667,WIN,WIN,False,RATCHETED_STOP,1,375.83909403562535,56.9297709985424,4.588062882787083,21.756879012212263,1.593156229799309,7.3676847750058325,20–25,>=1%,favorable,1680321600000
train,515,ADAUSDT,LONG,2023-03-21T20:00:03+00:00,2023-03-25T13:04:13.043000+00:00,1679428803000,1679749453043,2023,0.36247248,0.354929,0.3418697984560477,-37.80107355216542,-34.04105937416796,-33.39358484000008,0.6474745341678769,1.9424276097341804,-1.8175865682632815,1.1953550778068103,1.1953550778068103,0.663626235780624,89.0694563888889,GIVEBACK_GE1R,GIVEBACK_GE1R,False,RATCHETED_STOP,0,-37.80107355216542,0.0,-0.3954510889058762,16.065560673151285,0.6999441473563457,2.070107645597573,<20,>=1%,favorable,1679745600000
train,517,ETHUSDT,LONG,2023-03-23T16:00:03+00:00,2023-03-24T11:47:09.701000+00:00,1679587203000,1679658429701,2023,1837.807488,1750.4941105495795,1750.8442794054606,-94.07807027122183,-91.44330020382525,-90.69169817866116,0.7516020251640896,2.2548169584965843,-0.3799531089,0.03291635677044117,0.041310711254342505,1.0040266321992983,19.785194722222222,NO_FOLLOW_THROUGH,NO_FOLLOW_THROUGH,False,INITIAL_STOP_OR_GAP,0,-94.07807027122183,0.0,-0.9991707886848694,22.343215652576788,0.20832438226904154,0.981800766283523,20–25,0.5–1%,favorable,1679644800000
train,518,SOLUSDT,SHORT,2023-03-25T20:00:03+00:00,2023-03-26T13:38:06.074000+00:00,1679774403000,1679837886074,2023,20.1279736,20.9701932,21.477817238792742,-58.29517141742537,-56.46829752119999,-55.91719799999997,0.5510995212000225,1.65330527366376,-0.17356862256161998,0.019241932364277663,0.019241932364277663,0.6239386368877919,17.634187222222224,NO_FOLLOW_THROUGH,NO_FOLLOW_THROUGH,False,RATCHETED_STOP,0,-58.29517141742537,0.0,-0.6291149157357455,19.01547637773442,0.13830875648722435,0.6308051457805715,<20,0.5–1%,favorable,1679832000000
train,520,SOLUSDT,SHORT,2023-03-27T16:00:03+00:00,2023-03-29T04:32:12.366000+00:00,1679932803000,1680064332366,2023,19.761047,20.9021796,20.909246729394095,-91.601591287409,-89.25014879793991,-88.61408269999993,0.6360660979399881,1.9082089275099239,-0.44323356195916197,0.16987201355893802,0.16987201355893802,0.9938450347851727,36.535935,NO_FOLLOW_THROUGH,NO_FOLLOW_THROUGH,False,RATCHETED_STOP,0,-91.601591287409,0.0,-0.9926939688967716,17.634282327884307,0.6790493518923508,1.7050341512775093,<20,>=1%,favorable,1680062400000
train,521,ADAUSDT,SHORT,2023-03-27T16:00:03+00:00,2023-03-28T13:46:08.750000+00:00,1679932803000,1680011168750,2023,0.34293140000000005,0.3570714,0.36063572868699995,-73.27172803182039,-71.47035992599965,-70.76273259999978,0.7076273259998658,2.122890469527912,0.3215223637071768,0.2672453773112714,0.2672453773112714,0.7986747337323661,21.76826388888889,NO_FOLLOW_THROUGH,NO_FOLLOW_THROUGH,False,RATCHETED_STOP,0,-73.27172803182039,0.0,-0.7941913820380063,13.813433399748847,0.7071277288404205,0.8160886039055579,<20,0.5–1%,favorable,1680004800000
train,522,ETHUSDT,SHORT,2023-03-27T16:00:03+00:00,2023-03-28T18:56:14.294000+00:00,1679932803000,1680029774294,2023,1710.0479220000002,1780.1459579999998,1779.9793952932212,-91.44415486673802,-88.97543709479955,-88.08941999999983,0.8860170947997119,2.6580618551303994,0.18934408319193,0.21518096632834588,0.21518096632834588,1.0023817989087729,26.936470555555555,NO_FOLLOW_THROUGH,NO_FOLLOW_THROUGH,False,RATCHETED_STOP,0,-91.44415486673802,0.0,-0.9914051087343286,15.888120403656568,0.3736201455760136,0.09529990236144281,<20,<0.25%,favorable,1680019200000
train,523,ADAUSDT,LONG,2023-03-29T00:00:03+00:00,2023-04-02T15:01:14.814000+00:00,1680048003000,1680447674814,2023,0.36797358,0.38052388,0.35046316605051825,26.327352917951437,31.69706976421581,32.66380299999995,0.9667332357841403,2.9001957876956403,-2.469521058568739,2.3486834816499096,2.3486834816499096,0.07844360527186123,111.01994833333333,WIN,WIN,False,RATCHETED_STOP,1,59.783641422029234,-33.4562885040778,0.2835924651906433,15.87487691874959,0.11469972162345705,1.0600706713780959,<20,>=1%,favorable,1680436800000
train,525,ETHUSDT,LONG,2023-03-31T16:00:03+00:00,2023-04-02T13:13:17.881000+00:00,1680278403000,1680441197881,2023,1830.275982,1805.1389000000001,1765.8254765250877,-39.25775967895075,-35.292463127999945,-34.27164000000011,1.020823127999833,3.0624734965967995,-0.902823054354,0.19431993446311838,0.19431993446311838,0.39002148726024566,45.220800277777776,NO_FOLLOW_THROUGH,NO_FOLLOW_THROUGH,False,RATCHETED_STOP,0,-39.25775967895075,0.0,-0.4149867060636004,21.785790123861602,0.2827515758480042,0.001639424889747185,20–25,<0.25%,favorable,1680436800000
train,526,SOLUSDT,SHORT,2023-04-02T20:00:03+00:00,2023-04-04T11:19:16.562000+00:00,1680465603000,1680607156562,2023,20.330933,20.9931978,21.18341485646836,-71.97413308453531,-69.4909156521599,-68.62369679999999,0.8672188521599082,2.601664791323616,0.11844735894820799,0.4621013303813606,0.4621013303813606,0.7768667391275796,39.320433888888886,NO_FOLLOW_THROUGH,NO_FOLLOW_THROUGH,False,RATCHETED_STOP,0,-71.97413308453531,0.0,-0.7750527129477603,13.327684538549248,-0.0,0.31964593066141,<20,0.25–0.5%,flat_or_adverse,1680595200000
train,527,XRPUSDT,SHORT,2023-04-04T00:00:03+00:00,2023-04-05T06:33:09.333000+00:00,1680566403000,1680676389333,2023,0.49560086,0.51650328,0.5257736091612012,-64.53405011380829,-62.611374328734094,-62.005042889999984,0.6063314387341094,1.8190017568071464,-0.10367402826704908,0.2850539058953147,0.2850539058953147,0.6927582199529305,30.551759166666667,NO_FOLLOW_THROUGH,NO_FOLLOW_THROUGH,False,RATCHETED_STOP,0,-64.53405011380829,0.0,-0.6957467806565396,19.578735648995043,0.8080174171894907,0.21182166633045207,<20,<0.25%,favorable,1680667200000
train,528,ETHUSDT,LONG,2023-04-04T12:00:03+00:00,2023-04-06T10:37:00.625000+00:00,1680609603000,1680777420625,2023,1864.552836,1855.87875,1804.7863745673424,-17.36814368818521,-12.751773828599983,-11.657893000000094,1.0938808285998896,3.28164388474716,-1.33472597483807,1.3460252133321353,1.3460252133321353,0.27679129069134933,46.61600694444444,GIVEBACK_GE1R,GIVEBACK_GE1R,False,RATCHETED_STOP,0,-17.36814368818521,0.0,-0.18827582262882372,17.720583320926576,0.5118394403195345,1.29708504543553,<20,>=1%,favorable,1680768000000
train,529,SOLUSDT,SHORT,2023-04-07T08:00:03+00:00,2023-04-10T16:51:15.111000+00:00,1680854403000,1681145475111,2023,20.267945599999997,20.4430878,21.03845951830417,-21.457545668779645,-20.004164114740384,-19.07418890000018,0.9299752147402032,2.7899279331226676,1.3365463790834091,0.5800616827061098,0.5800616827061098,0.5944790731465776,80.85336416666667,SLOW_FAILURE,SLOW_FAILURE,False,RATCHETED_STOP,0,-21.457545668779645,0.0,-0.23397309528106786,15.992042529676946,-0.0,0.3650535247397665,<20,0.25–0.5%,flat_or_adverse,1681142400000
train,530,ADAUSDT,LONG,2023-04-09T20:00:03+00:00,2023-04-17T00:39:04+00:00,1681070403000,1681691944000,2023,0.39047808,0.4424115,0.3789448485557438,385.99086536985567,397.1956974854581,398.6585807899999,1.462883304541819,4.388602074596305,-6.816230041006109,6.236059715581146,6.236059715581146,0.5356764086336651,172.65027777777777,WIN,WIN,False,RATCHETED_STOP,1,381.5352196047692,4.455645765086442,4.209823103501803,12.93436821045866,-0.008729696895473302,0.10245901639344555,<20,<0.25%,flat_or_adverse,1681689600000
train,531,BTCUSDT,LONG,2023-04-10T00:00:03+00:00,2023-04-17T00:29:09.430000+00:00,1681084803000,1681691349430,2023,28315.06188,30095.979600000002,27781.916464394642,238.89485460877765,254.2082448960004,256.62407999999976,2.415835103999349,7.247474517110399,-8.065915770112403,5.146697391900858,5.146697391900858,0.30284773210826743,168.48511944444445,WIN,WIN,False,RATCHETED_STOP,1,269.212028541151,-30.317173932373382,2.608917945205113,15.727228373161156,-0.3827607619416706,0.06640903728091344,<20,<0.25%,flat_or_adverse,1681689600000
train,532,ETHUSDT,LONG,2023-04-10T20:00:03+00:00,2023-04-17T01:00:15.859000+00:00,1681156803000,1681693215859,2023,1888.517628,2071.98552,1843.286473435366,289.4043936689045,303.0034949388004,305.45821399999994,2.454719061199569,7.36412052861432,-6.23498074128157,5.694799844914887,5.694799844914887,0.8431716671194467,149.00357194444445,WIN,WIN,False,RATCHETED_STOP,1,341.136290804878,-51.73189713597348,3.1288395910050557,12.465811913706938,-0.09452991380488053,0.6581874225428204,<20,0.5–1%,flat_or_adverse,1681689600000
train,533,SOLUSDT,LONG,2023-04-11T00:00:03+00:00,2023-04-19T08:10:05.008000+00:00,1681171203000,1681891805008,2023,20.8961784,23.9952,20.260930362320934,404.6816681294828,420.72436872552004,422.1904276000001,1.466058874480023,4.398125960588687,-11.644574635448546,8.139846632021166,8.139846632021166,0.12149333082866198,200.16722444444446,WIN,WIN,False,RATCHETED_STOP,1,419.8649067024338,-15.183238572951026,4.321039127023547,21.463964682869143,0.1423893739469589,0.4499114535969042,20–25,0.25–0.5%,favorable,1681891200000
train,538,XRPUSDT,LONG,2023-04-19T00:00:03+00:00,2023-04-19T08:10:03.904000+00:00,1681862403000,1681891803904,2023,0.5328065399999999,0.5168982486583223,0.51700164898812,-102.04066686426216,-97.84586443692385,-96.55460111969995,1.291263317223894,3.8738015382243143,-0.32100088911400004,0.31594396925904744,0.31594396925904744,1.0065422994514728,8.166917777777778,NO_FOLLOW_THROUGH,NO_FOLLOW_THROUGH,False,INITIAL_STOP_OR_GAP,0,-102.04066686426216,0.0,-0.9959731209191238,18.13166188394232,-0.496867473156719,1.107565233715019,<20,>=1%,flat_or_adverse,1681891200000
train,539,XRPUSDT,SHORT,2023-04-19T12:00:03+00:00,2023-04-24T00:51:13.076000+00:00,1681905603000,1682297473076,2023,0.4969006,0.47599517999999996,0.5220799862446053,77.2242584713726,81.02836264900024,81.78254500000003,0.754182350999784,2.2625372390945997,-1.54156693853305,2.283637871130384,2.283637871130384,0.1906082997169279,108.85279888888888,WIN,WIN,False,RATCHETED_STOP,0,77.2242584713726,0.0,0.7670604689780246,22.60002000034238,1.873499830693744,2.0317843492255077,20–25,>=1%,favorable,1682294400000
train,540,ETHUSDT,SHORT,2023-04-20T00:00:03+00:00,2023-04-24T01:02:11.224000+00:00,1681948803000,1682298131224,2023,1932.443434,1886.8772999999999,2010.240419257922,54.93828582015138,56.79818603100018,57.7503449999999,0.9521589689997256,2.8564699769585995,0.9965697661098,1.4195078849633798,1.4195078849633798,0.6526803812726084,97.03561777777777,WIN,WIN,False,RATCHETED_STOP,0,54.93828582015138,0.0,0.5448712841454046,25.636988185933255,0.3549909723191136,0.8096935581504887,25–35,0.5–1%,favorable,1682294400000
train,541,BTCUSDT,SHORT,2023-04-20T00:00:03+00:00,2023-04-24T01:02:06.873000+00:00,1681948803000,1682298126873,2023,28789.241,27893.5776,29655.432420683937,97.18812802022414,98.88123936000014,100.1328,1.251560639999866,3.7546699040639995,2.061558564288,1.950193640415181,1.950193640415181,0.3333662665141582,97.03440916666666,WIN,WIN,False,RATCHETED_STOP,0,97.18812802022414,0.0,0.9650021238553795,27.18569785069755,0.28210026050983616,0.017016784105634137,25–35,<0.25%,favorable,1682294400000
train,542,ADAUSDT,SHORT,2023-04-20T20:00:03+00:00,2023-04-25T23:44:08.888000+00:00,1682020803000,1682466248888,2023,0.39772044,0.3940788,0.4181959514936829,17.561713771668522,17.595577827720007,18.360737399999856,0.765159572279849,2.295476513551512,2.2616124575000254,1.0949880303071873,1.0949880303071873,0.4580867248612471,123.73496888888889,WIN,WIN,False,RATCHETED_STOP,0,17.561713771668522,0.0,0.17216060822326243,34.41292973661482,0.6030608576319466,1.0558069381598887,25–35,>=1%,favorable,1682452800000
train,543,SOLUSDT,SHORT,2023-04-25T04:00:03+00:00,2023-04-26T00:14:04.615000+00:00,1682395203000,1682468044615,2023,20.868825400000002,21.9833958,22.00563141379318,-100.37511481906064,-98.20000529127982,-97.44490419999983,0.7551010912799967,2.265314967228504,0.09020543944768501,0.13619333300621644,0.13619333300621644,0.9804402743094358,20.233781944444445,NO_FOLLOW_THROUGH,NO_FOLLOW_THROUGH,False,RATCHETED_STOP,0,-100.37511481906064,0.0,-0.9735614972116069,34.32474320038484,0.6966079082670356,0.12935371053512898,25–35,<0.25%,favorable,1682467200000
train,544,BTCUSDT,LONG,2023-04-26T16:00:03+00:00,2023-04-26T19:32:13.310000+00:00,1682524803000,1682537533310,2023,29809.060619999997,28871.78813982111,28877.56365255162,-101.04077480227353,-97.38261069058629,-96.16322649988652,1.2193841906997704,3.6581641116872476,0.0,0.09655359399222938,0.09655359399222938,1.0062002485594028,3.5361972222222224,NO_FOLLOW_THROUGH,NO_FOLLOW_THROUGH,False,INITIAL_STOP_OR_GAP,0,-101.04077480227353,0.0,-0.9931469224872863,33.548165703572806,1.7021159849006915,2.2031339126933482,25–35,>=1%,favorable,1682524800000
train,545,XRPUSDT,SHORT,2023-04-26T20:00:03+00:00,2023-04-28T04:10:08.673000+00:00,1682539203000,1682655008673,2023,0.44791040000000004,0.4712254114959001,0.47113118525884834,-101.87612170244373,-98.39012723408214,-97.6143743739276,0.7757528601545403,2.3272702941892813,-1.158724174172301,0.7368570790895237,0.7368570790895237,1.004057840249646,32.1682425,SLOW_FAILURE,SLOW_FAILURE,False,INITIAL_STOP_OR_GAP,0,-101.87612170244373,0.0,-1.008506677522592,21.31620815942116,0.21709694676174135,0.5132782860968588,20–25,0.5–1%,favorable,1682654400000
train,546,BTCUSDT,LONG,2023-04-30T16:00:03+00:00,2023-05-01T01:38:14.539000+00:00,1682870403000,1682905094539,2023,29650.32888,28994.59992,28839.444700172342,-80.78209168814404,-76.58914252800004,-75.2192,1.3699425280000384,4.109836610304,-0.08311254984,0.2585709836447438,0.2585709836447438,0.8086592096782127,9.636538611111112,NO_FOLLOW_THROUGH,NO_FOLLOW_THROUGH,False,RATCHETED_STOP,0,-80.78209168814404,0.0,-0.8057877076898061,15.539151045910472,0.0,0.6756802342448076,<20,0.5–1%,flat_or_adverse,1682899200000
train,547,ETHUSDT,SHORT,2023-05-01T00:00:03+00:00,2023-05-03T17:41:14.064000+00:00,1682899203000,1683135674064,2023,1868.0363180000002,1882.97652,1928.4904493331635,-25.601063168179742,-23.512889907599643,-22.332221999999728,1.180667907599915,3.54200640266664,1.4538331420865402,1.0380815440742914,1.0380815440742914,0.28986740217019397,65.68640666666667,GIVEBACK_GE1R,GIVEBACK_GE1R,False,RATCHETED_STOP,0,-25.601063168179742,0.0,-0.25640401496812515,10.476401770489378,0.11268224647353033,0.6791871163181435,<20,0.5–1%,favorable,1683129600000
train,548,ADAUSDT,SHORT,2023-05-01T00:00:03+00:00,2023-05-03T22:20:11.111000+00:00,1682899203000,1683152411111,2023,0.39522094,0.3945789,0.4101840963906941,1.5809417439698972,4.109249125632067,5.120240639999792,1.010991514367725,3.032973928675123,0.5046665470129537,1.1575726101995634,1.1575726101995634,0.1656776107440648,70.33558638888888,WIN,WIN,False,RATCHETED_STOP,0,1.5809417439698972,0.0,0.015838567617724945,13.74213716230224,-0.0,0.3035669112066731,<20,0.25–0.5%,flat_or_adverse,1683144000000
train,549,BTCUSDT,SHORT,2023-05-01T04:00:03+00:00,2023-05-03T21:21:09.574000+00:00,1682913603000,1683148869574,2023,28539.89088,28893.777599999998,29456.220327312058,-39.733171795719855,-36.80421887999985,-35.60960000000015,1.1946188799997017,3.583860913151999,0.654907997432,0.9711473123671689,0.9711473123671689,0.38620031369512614,65.35182611111111,SLOW_FAILURE,SLOW_FAILURE,False,RATCHETED_STOP,0,-39.733171795719855,0.0,-0.39714386746670693,16.60173299693567,0.10783857668745539,0.008670337985546573,<20,<0.25%,favorable,1683144000000
train,550,SOLUSDT,SHORT,2023-05-03T12:00:03+00:00,2023-05-04T00:00:14.959000+00:00,1683115203000,1683158414959,2023,21.3877216,22.310746437323107,22.306285180287052,-99.93148870548241,-97.2501737678139,-96.32936088059792,0.9208128872159875,2.762450221171664,0.081135283503159,0.1825911712584847,0.1825911712584847,1.0048567754391715,12.003321944444444,NO_FOLLOW_THROUGH,NO_FOLLOW_THROUGH,False,INITIAL_STOP_OR_GAP,0,-99.93148870548241,0.0,-0.9954763183194915,20.640689575438405,0.197090683047572,0.5282101622025875,20–25,0.5–1%,favorable,1683158400000
train,551,BTCUSDT,LONG,2023-05-04T00:00:03+00:00,2023-05-06T14:07:09.337000+00:00,1683158403000,1683382029337,2023,29024.203680000002,28612.57634,28084.95222987745,-46.22415775951257,-41.121571266000274,-39.969990000000216,1.1515812660000577,3.4547485943988,-1.6478378991135,0.868560085686909,0.868560085686909,0.43825041733637365,62.118426944444444,SLOW_FAILURE,SLOW_FAILURE,False,RATCHETED_STOP,0,-46.22415775951257,0.0,-0.46942162267431303,16.73302287655315,0.0,0.36003018774294426,<20,0.25–0.5%,flat_or_adverse,1683374400000
train,552,ETHUSDT,LONG,2023-05-04T00:00:03+00:00,2023-05-06T14:06:11.574000+00:00,1683158403000,1683381971574,2023,1905.120948,1868.306264,1847.2450638920657,-64.99512899296312,-59.49252934399991,-58.27295999999991,1.219569344,3.6587150247552,-1.8438846242079998,2.0481596752618647,2.0481596752618647,0.6807835181665659,62.102381666666666,GIVEBACK_GE1R,GIVEBACK_GE1R,False,RATCHETED_STOP,0,-64.99512899296312,0.0,-0.6601619525195945,14.300970465490577,0.0,0.3538540693217977,<20,0.25–0.5%,flat_or_adverse,1683374400000
train,553,SOLUSDT,LONG,2023-05-05T20:00:03+00:00,2023-05-06T13:35:13.600000+00:00,1683316803000,1683380113600,2023,22.8655722,21.927210561439463,21.931596880815626,-99.69451910635695,-96.46451480566171,-95.54357005527294,0.9209447503887702,2.7628457163952427,-0.4671585843,0.39340204441469684,0.39340204441469684,1.0046963975236451,17.586277777777777,NO_FOLLOW_THROUGH,NO_FOLLOW_THROUGH,False,INITIAL_STOP_OR_GAP,0,-99.69451910635695,0.0,-0.9991977556269752,14.856562080658364,0.06455756254902302,0.4582039280871475,<20,0.25–0.5%,favorable,1683374400000
train,554,ADAUSDT,SHORT,2023-05-06T16:00:03+00:00,2023-05-10T13:02:06.666000+00:00,1683388803000,1683723726666,2023,0.37572484,0.37067412,0.3885695429044702,34.80385339291033,36.37538897976006,37.450506600000274,1.0751176202402135,3.225348366659208,1.6538127798094693,1.8626230733350548,1.8626230733350548,0.5819644140931028,93.03435166666667,WIN,WIN,False,RATCHETED_STOP,0,34.80385339291033,0.0,0.3594051589951222,13.979649926455112,0.3915566937207716,1.3837147418839761,<20,>=1%,favorable,1683720000000
train,555,XRPUSDT,SHORT,2023-05-08T00:00:03+00:00,2023-05-10T20:18:16.521000+00:00,1683504003000,1683749896521,2023,0.44851028,0.4335867,0.4599256649041571,112.46445691069961,119.07529406781394,120.48294983000002,1.4076557621860815,4.22295282860402,-2.3878843285103133,3.6626255138163617,3.6626255138163617,0.20934204322184366,68.30375583333333,WIN,WIN,False,RATCHETED_STOP,0,112.46445691069961,0.0,1.1617117973446902,25.971691938000454,0.3830508069421971,0.4903053264987821,25–35,0.25–0.5%,favorable,1683748800000
train,556,SOLUSDT,SHORT,2023-05-08T04:00:03+00:00,2023-05-10T12:30:10.398000+00:00,1683518403000,1683721810398,2023,21.2867418,20.9851962,22.32301011254384,24.497314114892802,27.515915381760067,28.287375999999885,0.7714606182398178,2.31437846023488,-0.7042228066323839,1.3980373446367553,1.3980373446367553,0.13052430375678115,56.502055,WIN,WIN,False,RATCHETED_STOP,0,24.497314114892802,0.0,0.25082509197843933,15.46200577836213,0.6007693068740807,1.0286036353388812,<20,>=1%,favorable,1683720000000
train,557,BTCUSDT,SHORT,2023-05-08T04:00:03+00:00,2023-05-10T12:30:10.389000+00:00,1683518403000,1683721810389,2023,28182.46238,27854.26974,29000.26857948093,34.10347479623383,37.11858758400013,38.386139999999756,1.2675524159996243,3.8026526416632,0.7875398538969001,1.140199695957118,1.140199695957118,0.08136110981089575,56.5020525,WIN,WIN,False,RATCHETED_STOP,0,34.10347479623383,0.0,0.3494431197585849,14.505254817035164,0.09848959078427351,0.51440329218107,<20,0.5–1%,favorable,1683720000000
train,558,BTCUSDT,SHORT,2023-05-12T04:00:03+00:00,2023-05-14T15:06:02.722000+00:00,1683864003000,1684076762722,2023,26569.38506,27056.9103,27488.15123130047,-52.58370117915081,-49.873832051999905,-48.77663999999993,1.0971920519999756,3.2915820091967998,0.5817128820459,0.8907435706319209,0.8907435706319209,0.5306303771610678,59.09992277777778,SLOW_FAILURE,SLOW_FAILURE,False,RATCHETED_STOP,0,-52.58370117915081,0.0,-0.5347205582555845,36.973307621717524,0.31992073803190596,0.3454400409410392,>=35,0.25–0.5%,favorable,1684065600000
train,559,ETHUSDT,SHORT,2023-05-12T04:00:03+00:00,2023-05-14T15:45:07.003000+00:00,1683864003000,1684079107003,2023,1762.467436,1820.364,1828.4033024016599,-85.61577230455985,-82.81524514560017,-81.79027200000009,1.024973145600086,3.074929251632639,0.27440209267296,0.4109665570318165,0.4109665570318165,0.8780739096884388,59.751111944444446,NO_FOLLOW_THROUGH,NO_FOLLOW_THROUGH,False,RATCHETED_STOP,0,-85.61577230455985,0.0,-0.8705362238338638,25.508449784610555,0.5364170255493239,0.31767281968664624,25–35,0.25–0.5%,favorable,1684065600000
train,560,XRPUSDT,LONG,2023-05-17T00:00:03+00:00,2023-05-21T15:42:18.333000+00:00,1684281603000,1684683738333,2023,0.44248848,0.46130772,0.4288391945666087,120.93901339305003,127.59789488476773,128.82348079999974,1.225585915232017,3.6767422868783033,-2.9821392048393798,2.4332057646587133,2.4332057646587133,0.3801283243228985,111.70425916666667,WIN,WIN,False,RATCHETED_STOP,0,120.93901339305003,0.0,1.2423764649826041,20.052008946722317,-0.09586451235402378,0.8250452079566098,20–25,0.5–1%,flat_or_adverse,1684670400000
train,561,BTCUSDT,SHORT,2023-05-17T08:00:03+00:00,2023-05-17T19:11:11.595000+00:00,1684310403000,1684350671595,2023,26826.43364,27290.15694,27464.29584939292,-70.98274721548401,-66.49792122000021,-64.94586000000021,1.5520612199999988,4.6561914535032,0.17136545801939998,0.46864924053818097,0.46864924053818097,0.7269960395386088,11.185720833333333,NO_FOLLOW_THROUGH,NO_FOLLOW_THROUGH,False,RATCHETED_STOP,0,-70.98274721548401,0.0,-0.727099742823137,17.43073800034009,-1.2745181689186227,0.00037269071515078994,<20,<0.25%,flat_or_adverse,1684339200000
train,562,ETHUSDT,SHORT,2023-05-17T12:00:03+00:00,2023-05-17T19:16:13.484000+00:00,1684324803000,1684350973484,2023,1789.052118,1833.468076341265,1833.101456050055,-96.7991045130744,-92.42516771233828,-90.91755089455938,1.5076168177788958,4.522861363442843,0.14892456270672,0.18279770721753247,0.18279770721753247,1.0083229466647916,7.269578888888889,NO_FOLLOW_THROUGH,NO_FOLLOW_THROUGH,False,INITIAL_STOP_OR_GAP,0,-96.7991045130744,0.0,-0.9916030043237887,14.633967731350262,-0.9654061414587977,0.2808188173755519,<20,0.25–0.5%,flat_or_adverse,1684339200000
train,563,ADAUSDT,LONG,2023-05-17T20:00:03+00:00,2023-05-20T00:38:16.363000+00:00,1684353603000,1684543096363,2023,0.37777553999999997,0.3654269,0.36493695567724604,-92.81659480273058,-88.46921089859175,-87.40431115999992,1.0648997385918335,3.1947097042933383,-1.152674199845475,0.18105267228571065,0.18105267228571065,0.9618381349191575,52.63704527777778,NO_FOLLOW_THROUGH,NO_FOLLOW_THROUGH,False,RATCHETED_STOP,0,-92.81659480273058,0.0,-0.9637304810501744,16.690026290352304,0.2606008409897436,0.13241525423728825,<20,<0.25%,favorable,1684540800000
train,564,SOLUSDT,SHORT,2023-05-18T20:00:03+00:00,2023-05-27T06:50:12.093000+00:00,1684440003000,1685170212093,2023,20.3249342,19.618923,21.05478927001596,90.84956977038598,89.25040584800033,90.26031000000027,1.0099041519999474,3.0297016247627995,4.628865547148452,2.4593022282639683,2.4593022282639683,0.3576953983402337,202.83585916666667,WIN,WIN,False,RATCHETED_STOP,0,90.84956977038598,0.0,0.9426612170546611,12.959394012681154,0.4946339314056105,0.4082837325987427,<20,0.25–0.5%,favorable,1685160000000
train,565,ADAUSDT,SHORT,2023-05-20T04:00:03+00:00,2023-05-22T09:00:13.333000+00:00,1684555203000,1684746013333,2023,0.364927,0.3675735,0.3761457522869592,-25.60517315137906,-21.634768842549967,-20.43715175000002,1.1976170925499474,3.5928537301082097,-0.3775505787208809,0.8046349334669871,0.8046349334669871,0.23589967335996195,53.00287027777778,SLOW_FAILURE,SLOW_FAILURE,False,RATCHETED_STOP,0,-25.60517315137906,0.0,-0.2653801049317139,15.258839896202176,-0.0,0.13698630136986314,<20,<0.25%,flat_or_adverse,1684742400000
train,566,BTCUSDT,SHORT,2023-05-22T00:00:03+00:00,2023-05-23T01:30:18.281000+00:00,1684713603000,1684805418281,2023,26727.45344,27103.219559999998,27199.175474911845,-76.32368108721836,-70.98222006799936,-68.94850000000001,2.0337200679993543,6.101168477819999,0.7597074586010001,0.4821768396774347,0.4821768396774347,0.7965837764399128,25.50424472222222,NO_FOLLOW_THROUGH,NO_FOLLOW_THROUGH,False,RATCHETED_STOP,0,-76.32368108721836,0.0,-0.7853329552149899,14.499266211670959,-0.0,0.06434043571941857,<20,<0.25%,flat_or_adverse,1684800000000
train,567,ETHUSDT,LONG,2023-05-23T04:00:03+00:00,2023-05-24T03:26:15.830000+00:00,1684814403000,1684898775830,2023,1865.332992,1829.2238685980708,1829.5897865553818,-96.01254305638734,-89.31591673467214,-87.4882229552632,1.8276937794089463,5.483091836813596,-1.2135344849015999,0.0849674214223855,0.0849674214223855,1.0102374130344292,23.43689722222222,NO_FOLLOW_THROUGH,NO_FOLLOW_THROUGH,False,INITIAL_STOP_OR_GAP,0,-96.01254305638734,0.0,-1.0022912154471482,12.950090105432134,1.8379413942675513,1.9818225689696796,<20,>=1%,favorable,1684886400000
train,568,BTCUSDT,LONG,2023-05-23T04:00:03+00:00,2023-05-24T03:32:12.742000+00:00,1684814403000,1684899132742,2023,27360.17094,26827.616727599117,26832.98332426397,-96.07645446624169,-89.25608599838792,-87.43971485335895,1.8163711450289668,5.449123927853766,-1.37124454,0.3173994513630297,0.3173994513630297,1.01017967134406,23.536039444444445,NO_FOLLOW_THROUGH,NO_FOLLOW_THROUGH,False,INITIAL_STOP_OR_GAP,0,-96.07645446624169,0.0,-1.0040013839832356,13.797090059763637,0.23618876798015592,0.9387817771051278,<20,0.5–1%,favorable,1684886400000
train,569,BTCUSDT,SHORT,2023-05-24T16:00:03+00:00,2023-05-26T14:19:14.824000+00:00,1684944003000,1685110754824,2023,26301.63862,26649.3288,26879.538815964832,-56.41292158061566,-53.37044262999966,-51.74484999999978,1.625592629999879,4.876784099381999,1.8343051487659998,0.7815166410282498,0.7815166410282498,0.6016439904809401,46.31995111111111,SLOW_FAILURE,SLOW_FAILURE,False,RATCHETED_STOP,0,-56.41292158061566,0.0,-0.5927759274131091,18.808739498581435,0.7683726421141244,0.9868133455481206,<20,0.5–1%,favorable,1685102400000
train,570,XRPUSDT,LONG,2023-05-26T04:00:03+00:00,2023-06-05T15:26:14.489000+00:00,1685073603000,1685978774489,2023,0.46439285999999996,0.51459706,0.44956010815941666,322.3645454267473,337.55297049498466,339.11275314000045,1.5597826450157868,4.6793072415176225,-10.509117826719697,5.555755323467968,5.555755323467968,0.29615947514073643,251.43652472222223,WIN,WIN,False,RATCHETED_STOP,1,293.4440975018537,28.920447924893637,3.397751461545516,26.004416442249713,-0.11455609099190728,0.9689922480620163,25–35,0.5–1%,flat_or_adverse,1685966400000
train,571,ETHUSDT,LONG,2023-05-26T16:00:03+00:00,2023-05-31T04:47:19.987000+00:00,1685116803000,1685508439987,2023,1830.205968,1871.6256,1789.6575396476403,82.21788558949602,89.9717246304002,91.57995200000018,1.6082273695999731,4.82467111920576,-2.9291679216984203,2.461107274807424,2.461107274807424,0.4827799447585906,108.78805194444445,WIN,WIN,False,RATCHETED_STOP,0,82.21788558949602,0.0,0.87058131839427,16.80051402961907,0.0,0.5421209388747628,<20,0.5–1%,flat_or_adverse,1685505600000
train,572,SOLUSDT,LONG,2023-05-28T00:00:03+00:00,2023-05-29T16:28:11.428000+00:00,1685232003000,1685377691428,2023,20.419082999999997,20.2749442,19.833387793258773,-27.35151613399836,-22.04262778431951,-20.797990399999883,1.2446373843196277,3.733914648718847,-1.5749737009600002,1.3111205131294341,1.3111205131294341,0.24609865052844987,40.469007777777776,GIVEBACK_GE1R,GIVEBACK_GE1R,False,RATCHETED_STOP,0,-27.35151613399836,0.0,-0.28923678154079424,27.1284167831778,0.6705498878456688,0.11266225814352039,25–35,<0.25%,favorable,1685376000000
train,573,ADAUSDT,LONG,2023-05-28T04:00:03+00:00,2023-05-30T14:59:02.222000+00:00,1685246403000,1685458742222,2023,0.3725745,0.3754249,0.3631000699711944,20.164788447288196,26.89770382656029,28.309399200000023,1.4116953734397342,4.235082723192095,-2.49783265608,1.4486887293768227,1.4486887293768227,0.6411467477759997,58.98311722222222,WIN,WIN,False,RATCHETED_STOP,0,20.164788447288196,0.0,0.2121930305337948,17.546211883193283,0.20212916417223875,1.1677852348993343,<20,>=1%,favorable,1685448000000
train,575,SOLUSDT,LONG,2023-05-30T12:00:03+00:00,2023-05-31T05:58:11.812000+00:00,1685448003000,1685512691812,2023,21.279255,20.56465208750688,20.568765840675013,-97.72970202392999,-93.87709877305622,-92.7776990168596,1.0993997561966182,3.2982104019137655,-0.5543928489600001,0.15587148452091354,0.15587148452091354,1.0057900294665194,17.969114444444443,NO_FOLLOW_THROUGH,NO_FOLLOW_THROUGH,False,INITIAL_STOP_OR_GAP,0,-97.72970202392999,0.0,-0.9991852501343339,39.57951254825745,0.27328046576572584,0.4136310223266624,>=35,0.25–0.5%,favorable,1685505600000
train,576,SOLUSDT,LONG,2023-06-02T08:00:03+00:00,2023-06-05T15:19:20+00:00,1685692803000,1685978360000,2023,20.991197399999997,20.945809999999998,20.266221974468795,-11.451805849194404,-5.783975090179896,-4.715120899999877,1.0688541901800193,3.2065631363545073,-2.4612676226600003,1.8011680865502708,1.8011680865502708,0.06260543240723375,79.32138888888889,GIVEBACK_GE1R,GIVEBACK_GE1R,False,RATCHETED_STOP,0,-11.451805849194404,0.0,-0.1184655736312095,19.390695167885724,0.0,0.08099866590432371,<20,<0.25%,flat_or_adverse,1685966400000
train,577,ETHUSDT,LONG,2023-06-02T20:00:03+00:00,2023-06-05T00:47:10.476000+00:00,1685736003000,1685926030476,2023,1907.691462,1878.1243,1861.8174157577944,-64.82532383103432,-58.9746613252001,-57.46442599999989,1.5102353252002132,4.5307128713311196,-1.3199496345030999,0.14907204749051095,0.14907204749051095,0.6445291929098963,52.78541,NO_FOLLOW_THROUGH,NO_FOLLOW_THROUGH,False,RATCHETED_STOP,0,-64.82532383103432,0.0,-0.664272142024578,17.154615260279886,-0.24619397175528085,0.28836424073695416,<20,0.25–0.5%,flat_or_adverse,1685923200000
train,578,ADAUSDT,LONG,2023-06-02T20:00:03+00:00,2023-06-05T11:00:10+00:00,1685736003000,1685962810000,2023,0.3785757,0.37262545999999996,0.3677399403203273,-57.14906965536456,-50.73096080832044,-49.450034400000234,1.2809264083202052,3.8427851589641273,-2.57532368808,0.3160184519802327,0.3160184519802327,0.5491299342087086,63.00194444444445,NO_FOLLOW_THROUGH,NO_FOLLOW_THROUGH,False,RATCHETED_STOP,0,-57.14906965536456,0.0,-0.5858525494524971,19.33042050827351,-0.2788088625258581,0.1585204755614239,<20,<0.25%,flat_or_adverse,1685952000000
train,579,BTCUSDT,SHORT,2023-06-05T04:00:03+00:00,2023-06-06T19:52:10.697000+00:00,1685937603000,1686081130697,2023,26830.43284,27130.425,27334.338234054936,-58.51222528288634,-53.30860683199964,-51.390840000000125,1.917766831999515,5.753306662900799,0.5496882120141001,2.99427800893021,2.99427800893021,0.5953342900062177,39.86880472222222,GIVEBACK_GE1R,GIVEBACK_GE1R,False,RATCHETED_STOP,0,-58.51222528288634,0.0,-0.6021485003229121,12.578761539275789,-0.22490249009999486,0.23885914018161697,<20,<0.25%,flat_or_adverse,1686067200000
train,580,ADAUSDT,SHORT,2023-06-05T16:00:03+00:00,2023-06-12T07:06:10+00:00,1685980803000,1686553570000,2023,0.3559288,0.28055610000000003,0.36600081317110955,766.1438496914697,775.4277670017696,776.9109180499996,1.4831510482300274,4.4493599153798336,-4.834557394920141,13.823333789848702,13.823333789848702,0.7914207283668476,159.10194444444446,WIN,WIN,False,RATCHETED_STOP,1,678.0752971020123,88.06855258945731,7.924627979930383,17.79422501289222,0.47470848290668627,3.847233923055318,<20,>=1%,favorable,1686542400000
train,581,ETHUSDT,SHORT,2023-06-05T16:00:03+00:00,2023-06-06T16:51:19.734000+00:00,1685980803000,1686070279734,2023,1818.6362000000001,1858.8907060219112,1858.519002221467,-95.72911796159015,-90.91077639988399,-89.24971461696099,1.6610617829229994,4.98319605873593,0.16485449702976004,1.0941106835395098,1.0941106835395098,1.0093199018058012,24.854648333333333,GIVEBACK_GE1R,GIVEBACK_GE1R,False,INITIAL_STOP_OR_GAP,0,-95.72911796159015,0.0,-0.9905452360475928,16.073948553858113,0.4816901849918263,1.377168146458119,<20,>=1%,favorable,1686067200000
train,582,SOLUSDT,SHORT,2023-06-05T16:00:03+00:00,2023-06-09T11:46:08.709000+00:00,1685980803000,1686311168709,2023,19.936012,19.3118616,20.821668000578203,63.516737202346434,65.71167758272014,66.53809760000016,0.8264200172800145,2.4792520672682885,0.284311686894586,1.9465932584146426,1.9465932584146426,0.86036564930688,91.7682525,WIN,WIN,False,RATCHETED_STOP,0,63.516737202346434,0.0,0.6575116108809383,26.04009586465875,0.4979198515905025,0.10030090270812222,25–35,<0.25%,favorable,1686297600000
train,583,ETHUSDT,LONG,2023-06-06T20:00:03+00:00,2023-06-07T10:02:17.535000+00:00,1686081603000,1686132137535,2023,1891.5082260000001,1841.5366352241956,1841.9050162274411,-93.85234673607445,-89.18429805757836,-87.851828538886,1.3324695186923634,3.997419098296093,-0.6706295802,0.11474608248332836,0.11474608248332836,1.007426555759892,14.037370833333334,NO_FOLLOW_THROUGH,NO_FOLLOW_THROUGH,False,INITIAL_STOP_OR_GAP,0,-93.85234673607445,0.0,-0.9991936244408772,27.074089646897555,0.0,0.05922385029057326,25–35,<0.25%,flat_or_adverse,1686124800000
train,585,XRPUSDT,LONG,2023-06-09T12:00:03+00:00,2023-06-10T04:20:12.727000+00:00,1686312003000,1686370812727,2023,0.52890576,0.51659666,0.5088931420873746,-60.42929065917098,-57.076622161319825,-56.10703692,0.9695852413198267,2.9087624568044306,-0.44390604104672643,0.6542992054897139,0.6542992054897139,0.6150669569439227,16.33603527777778,SLOW_FAILURE,SLOW_FAILURE,False,RATCHETED_STOP,0,-60.42929065917098,0.0,-0.6247766862714926,14.893745819780682,-0.2913568793958946,0.2080181543116681,<20,<0.25%,flat_or_adverse,1686369600000
train,586,SOLUSDT,SHORT,2023-06-09T20:00:03+00:00,2023-06-16T17:06:03.589000+00:00,1686340803000,1686935163589,2023,17.3795234,15.097018799999999,18.53411838659379,165.3327042618788,169.54709005162016,170.28125070000004,0.7341606483798664,2.2024615113899157,-2.0119242783514424,4.139567082393315,4.139567082393315,0.31567485068963863,165.1001636111111,WIN,WIN,False,RATCHETED_STOP,1,186.31058938459853,-20.977885122719716,1.6800632741886563,42.409667310581156,1.2776464789802793,4.775054654240008,>=35,>=1%,favorable,1686931200000
train,587,ETHUSDT,SHORT,2023-06-10T08:00:03+00:00,2023-06-16T16:19:16.925000+00:00,1686384003000,1686932356925,2023,1731.05372,1687.3374,1783.0715306326392,81.13060338793228,83.79981380800044,85.11036000000017,1.3105461919997339,3.9316283627568,1.2624179426886404,2.0291842104898077,2.0291842104898077,0.9094246648342592,152.32053472222222,WIN,WIN,False,RATCHETED_STOP,0,81.13060338793228,0.0,0.7725094343052473,19.246604489197324,1.0065516712961473,5.1842140220975965,<20,>=1%,favorable,1686931200000
train,588,XRPUSDT,SHORT,2023-06-10T08:00:03+00:00,2023-06-11T17:09:16.905000+00:00,1686384003000,1686503356905,2023,0.48920214,0.5169629959736418,0.516859624048832,-105.36345493405386,-102.48089046282752,-101.73803055736789,0.7428599054596248,2.2285919249420876,-0.6539725462842554,0.34718053106517066,0.34718053106517066,1.003737575139781,33.1538625,NO_FOLLOW_THROUGH,NO_FOLLOW_THROUGH,False,INITIAL_STOP_OR_GAP,0,-105.36345493405386,0.0,-1.0035689253494704,17.72054793651178,0.42090559651490206,4.0057224606580615,<20,>=1%,favorable,1686499200000
train,589,XRPUSDT,LONG,2023-06-13T12:00:03+00:00,2023-06-13T12:43:11.039000+00:00,1686657603000,1686660191039,2023,0.56141226,0.5346890207280923,0.5347959799240771,-98.96449284588972,-96.58746855826253,-95.79513096085884,0.7923375974036873,2.3770242876271994,0.0,0.0,0.05589586507792167,1.0040185629126122,0.7188997222222222,NO_FOLLOW_THROUGH,NO_FOLLOW_THROUGH,False,INITIAL_STOP_OR_GAP,0,-98.96449284588972,0.0,-0.995142944309638,18.361510501663144,0.9021193011999135,5.236907730673313,<20,>=1%,favorable,1686657600000
train,590,XRPUSDT,SHORT,2023-06-13T16:00:03+00:00,2023-06-17T06:16:12.727000+00:00,1686672003000,1686982572727,2023,0.5074984800000001,0.48429684,0.5405751621136914,64.93156954993847,68.16868976055623,68.7514908600001,0.5828010994438699,1.748395048153097,-1.488725162464664,1.6264775232015032,1.6264775232015032,0.5079566306635488,86.2693686111111,WIN,WIN,False,RATCHETED_STOP,0,64.93156954993847,0.0,0.6521312158980259,18.498240990426698,-0.7278205310182584,0.07880220646177225,<20,<0.25%,flat_or_adverse,1686974400000
train,591,BTCUSDT,SHORT,2023-06-15T00:00:03+00:00,2023-06-16T15:58:10.083000+00:00,1686787203000,1686931090083,2023,25110.87682,25785.705048289205,25780.548938501506,-100.16372896711195,-96.43295382252714,-94.97833331186503,1.4546205106621102,4.363872929387116,0.6330977848023,0.4985675986437996,0.4985675986437996,1.0076994541735378,39.96863416666667,NO_FOLLOW_THROUGH,NO_FOLLOW_THROUGH,False,INITIAL_STOP_OR_GAP,0,-100.16372896711195,0.0,-0.9874428324293597,11.146358034360071,0.7570914069832024,2.3574707655309926,<20,>=1%,favorable,1686916800000
train,593,BTCUSDT,LONG,2023-06-17T08:00:03+00:00,2023-06-26T01:13:04.027000+00:00,1686988803000,1687741984027,2023,26593.01754,30215.9556,25857.280236120827,419.77817269365926,433.08732486600013,434.9043299999999,1.8170051339998032,5.4509632134804,-7.858188958860502,6.669476230344637,6.669476230344637,0.49218319920810744,209.21695194444445,WIN,WIN,False,RATCHETED_STOP,1,451.789206100376,-32.011033406716784,4.2170622928024235,15.88442203221406,0.5108721117147885,0.22830191517849335,<20,<0.25%,favorable,1687737600000
train,594,ADAUSDT,SHORT,2023-06-19T00:00:03+00:00,2023-06-20T17:46:18.947000+00:00,1687132803000,1687283178947,2023,0.26064786,0.26485295999999997,0.2727725693592386,-37.0474314250666,-33.282763909169695,-32.45091246999994,0.8318514391697533,2.495558211619496,-1.26910930427741,0.721490284081279,0.721490284081279,0.3468206845548694,41.771096388888886,SLOW_FAILURE,SLOW_FAILURE,False,RATCHETED_STOP,0,-37.0474314250666,0.0,-0.3732132447244407,21.198161823857504,0.16566481752863046,0.3835826620636751,20–25,0.25–0.5%,favorable,1687276800000
train,595,ETHUSDT,LONG,2023-06-20T20:00:03+00:00,2023-06-23T13:49:16.735000+00:00,1687291203000,1687528156735,2023,1782.176364,1861.3976460000001,1734.7887501024052,151.92001900291143,158.56931805120038,160.02792000000008,1.4586019487996964,4.375786643049599,-2.2735124052393596,3.197536730324609,3.197536730324609,0.18836913838476677,65.82048194444444,WIN,WIN,False,RATCHETED_STOP,0,151.92001900291143,0.0,1.5107614585371365,14.469699435375897,0.3614617948069764,1.6174473291353748,<20,>=1%,favorable,1687521600000
train,596,SOLUSDT,LONG,2023-06-20T20:00:03+00:00,2023-06-23T02:11:15.882000+00:00,1687291203000,1687486275882,2023,16.347268800000002,16.5076978,15.623087658078216,18.29705070186202,21.492977945099604,22.373307299999738,0.8803293549001339,2.6409853799031238,-0.554941863334458,1.919038096341498,1.919038096341498,0.11498338630999022,54.18691166666667,WIN,WIN,False,RATCHETED_STOP,0,18.29705070186202,0.0,0.18201666147273926,18.201791139456308,0.25072296107053993,0.17742428877332467,<20,<0.25%,favorable,1687478400000
train,597,ADAUSDT,LONG,2023-06-21T04:00:03+00:00,2023-06-24T15:32:08.837000+00:00,1687320003000,1687620728837,2023,0.28085615999999997,0.2864427,0.26811918510885363,40.70803122042091,43.23284815673422,44.11088696999987,0.8780388132656469,2.6341111464915627,0.10929421017824978,1.8798686661966946,1.8798686661966946,0.4440740480639283,83.53495472222222,WIN,WIN,False,RATCHETED_STOP,0,40.70803122042091,0.0,0.39891901515303624,20.67244036222373,0.6597346890336182,2.475952974706096,20–25,>=1%,favorable,1687608000000
train,599,BTCUSDT,LONG,2023-06-27T12:00:03+00:00,2023-06-28T12:55:09.321000+00:00,1687867203000,1687956909321,2023,30726.24402,30080.08278,29922.771697825207,-84.30226934043971,-78.76705515599971,-77.2846,1.4824551559997161,4.447374742151999,-1.087839442288,0.33884923286850155,0.33884923286850155,0.8042109506037572,24.9184225,NO_FOLLOW_THROUGH,NO_FOLLOW_THROUGH,False,RATCHETED_STOP,0,-84.30226934043971,0.0,-0.8110969232350465,32.82358528953216,0.12303589341105932,0.17187444051288658,25–35,<0.25%,favorable,1687953600000
train,600,XRPUSDT,SHORT,2023-06-28T20:00:03+00:00,2023-06-30T03:31:20+00:00,1687982403000,1688095880000,2023,0.45900818000000004,0.47739546,0.4783740012530175,-98.43299609598272,-94.56792867430374,-93.60472575999997,0.9632029143037784,2.889619975479091,-0.9754474461998845,0.1346795452629556,0.1346795452629556,0.9494707071684334,31.52138888888889,NO_FOLLOW_THROUGH,NO_FOLLOW_THROUGH,False,RATCHETED_STOP,0,-98.43299609598272,0.0,-0.9521671548845819,30.237031502754558,1.4475458226730198,2.3959921585711195,25–35,>=1%,favorable,1688083200000
train,601,ADAUSDT,SHORT,2023-06-28T20:00:03+00:00,2023-06-30T02:32:10+00:00,1687982403000,1688092330000,2023,0.26714656,0.27815562,0.2820738505676442,-76.45333957859829,-74.1022757009961,-73.36818994000014,0.734085760995967,2.2022660871707926,-0.14879779043138297,0.09020793116459742,0.09020793116459742,0.7375122732495595,30.53527777777778,NO_FOLLOW_THROUGH,NO_FOLLOW_THROUGH,False,RATCHETED_STOP,0,-76.45333957859829,0.0,-0.7397297910526219,25.402939232346775,0.8874635347429584,1.4221556886227642,25–35,>=1%,favorable,1688083200000
train,602,SOLUSDT,LONG,2023-06-29T12:00:03+00:00,2023-07-05T10:37:00.480000+00:00,1688040003000,1688553420480,2023,18.048609000000003,18.846230000000002,16.904300972645643,64.98899496956608,69.62409780369995,70.26820849999997,0.644110696300018,1.93232365671498,-2.702779177418894,1.7385100448866644,1.7385100448866644,0.9242345371334983,142.61596666666668,WIN,WIN,False,RATCHETED_STOP,0,64.98899496956608,0.0,0.6346145448288392,22.549592873995227,0.7958241414888824,6.12946131678121,20–25,>=1%,favorable,1688544000000
train,603,ADAUSDT,LONG,2023-06-30T12:00:03+00:00,2023-06-30T13:41:12.815000+00:00,1688126403000,1688132472815,2023,0.29485896,0.2797981851664023,0.27985415599760183,-102.11255047644691,-99.82715460631505,-99.06535994555222,0.7617946607628312,2.285395870131862,0.0,0.26265188131548545,0.26265188131548545,1.003730194089211,1.6860597222222222,NO_FOLLOW_THROUGH,NO_FOLLOW_THROUGH,False,INITIAL_STOP_OR_GAP,0,-102.11255047644691,0.0,-0.995411827075209,26.021019803512463,0.33454116068638956,0.23744911804612565,25–35,<0.25%,favorable,1688126400000
train,604,ETHUSDT,LONG,2023-07-03T00:00:03+00:00,2023-07-04T19:38:10.395000+00:00,1688342403000,1688499490395,2023,1938.077538,1932.653392,1881.6546762506086,-14.980651829974512,-9.312173852800111,-7.983120000000157,1.3290538527999542,3.9871625163744,-1.6813154608,0.7075582620626407,0.7075582620626407,0.09613383355300258,43.6353875,SLOW_FAILURE,SLOW_FAILURE,False,RATCHETED_STOP,0,-14.980651829974512,0.0,-0.14659543977638026,10.092267723519111,0.29784783745773924,0.4138948954683144,<20,0.25–0.5%,favorable,1688486400000
train,605,ADAUSDT,LONG,2023-07-03T04:00:03+00:00,2023-07-04T19:14:08.387000+00:00,1688356803000,1688498048387,2023,0.29505899999999996,0.29004198000000003,0.2816586513035661,-40.702704272160084,-37.023667518365464,-36.1601051699997,0.8635623483657611,2.59069138431062,-1.088345369484,0.5030466111522893,0.5030466111522893,0.37439473506648907,39.23482972222222,SLOW_FAILURE,SLOW_FAILURE,False,RATCHETED_STOP,0,-40.702704272160084,0.0,-0.3975911488451369,13.539252358203262,0.5846485372265872,0.3728813559322,<20,0.25–0.5%,favorable,1688486400000
train,606,BTCUSDT,LONG,2023-07-03T16:00:03+00:00,2023-07-05T10:16:05.088000+00:00,1688400003000,1688552165088,2023,31074.2136,30593.88,30423.906964909616,-77.94684141120773,-70.27280567999973,-68.4684,1.8044056799997321,5.413225256207999,-2.2608104750000004,0.49359238039358055,0.49359238039358055,0.7386263250001117,42.267246666666665,NO_FOLLOW_THROUGH,NO_FOLLOW_THROUGH,False,RATCHETED_STOP,0,-77.94684141120773,0.0,-0.7610977027106711,16.523619574991606,0.0,0.8626239217200978,<20,0.5–1%,flat_or_adverse,1688544000000
train,607,BTCUSDT,SHORT,2023-07-05T12:00:03+00:00,2023-07-06T08:45:17.025000+00:00,1688558403000,1688633117025,2023,30388.921000000002,31025.993819261643,31019.789861289384,-98.6879049044472,-94.4778990965013,-92.65633642921566,1.8215626672856473,5.4646991206179,1.2546933126720001,0.33782139692934277,0.33782139692934277,1.0098339898399469,20.753895833333335,NO_FOLLOW_THROUGH,NO_FOLLOW_THROUGH,False,INITIAL_STOP_OR_GAP,0,-98.6879049044472,0.0,-0.9793523802507469,14.988243734363367,-0.3866900136654171,0.016450074025333113,<20,<0.25%,flat_or_adverse,1688630400000
train,608,SOLUSDT,LONG,2023-07-06T12:00:03+00:00,2023-07-06T14:29:16.630000+00:00,1688644803000,1688653756630,2023,19.8919776,18.807997450220935,18.81175980218137,-99.6094815681365,-97.52049097090362,-96.8241646447927,0.6963263261109205,2.0889905972328817,0.0,0.012055346640555003,0.018535521299900142,1.003482956833366,2.4871194444444447,NO_FOLLOW_THROUGH,NO_FOLLOW_THROUGH,False,INITIAL_STOP_OR_GAP,0,-99.6094815681365,0.0,-0.9956433171903307,15.491173592230087,0.3709748540346016,0.13574660633484675,<20,<0.25%,favorable,1688644800000
train,609,SOLUSDT,LONG,2023-07-06T20:00:03+00:00,2023-07-06T23:57:13.334000+00:00,1688673603000,1688687833334,2023,20.8881768,19.59540353640456,19.599323401084778,-98.90698421037575,-97.08287666692125,-96.47484467809689,0.608031988824365,1.8241075434545027,0.0,0.07124409966043023,0.07124409966043023,1.003041358065639,3.9528705555555557,NO_FOLLOW_THROUGH,NO_FOLLOW_THROUGH,False,INITIAL_STOP_OR_GAP,0,-98.90698421037575,0.0,-0.9960590103872645,15.407330677234825,0.7778005766331438,2.5616471151544173,<20,>=1%,favorable,1688673600000
train,610,SOLUSDT,LONG,2023-07-07T16:00:03+00:00,2023-07-09T15:47:17.557000+00:00,1688745603000,1688917637557,2023,21.2182428,21.110777,19.548004756039283,-7.624017980949885,-6.214951399019997,-5.725358100000011,0.48959329901998583,1.4687805841029717,0.05971400217308398,0.748250948132155,0.748250948132155,0.11869134505516143,47.787376944444446,SLOW_FAILURE,SLOW_FAILURE,False,RATCHETED_STOP,0,-7.624017980949885,0.0,-0.07735691537319742,18.530985406101497,0.4564577603189413,1.0983830669872274,<20,>=1%,favorable,1688904000000
train,611,SOLUSDT,LONG,2023-07-11T08:00:03+00:00,2023-07-13T00:52:19.318000+00:00,1689062403000,1689209539318,2023,22.10442,21.7136564,20.787083396235,-30.61726908899521,-28.454076755759974,-27.815941200000104,0.6381355557598702,1.9144100051929438,-0.24878232804229197,0.7246287678272757,0.7246287678272757,0.2966315510274154,40.87119944444444,SLOW_FAILURE,SLOW_FAILURE,False,RATCHETED_STOP,0,-30.61726908899521,0.0,-0.31083748347339196,24.44113613325752,0.34731832828707443,1.1809954751131346,20–25,>=1%,favorable,1689206400000
train,612,XRPUSDT,SHORT,2023-07-12T20:00:03+00:00,2023-07-13T15:23:08.571000+00:00,1689192003000,1689261788571,2023,0.46790640000000006,0.47709539999999995,0.4781722837239436,-87.16134130136928,-82.04112780209903,-80.35370009999957,1.6874277020994555,5.062292748744012,-0.05792075052623785,0.03958743454810085,0.03958743454810085,0.8951007285001684,19.384880833333334,NO_FOLLOW_THROUGH,NO_FOLLOW_THROUGH,False,RATCHETED_STOP,0,-87.16134130136928,0.0,-0.8863278749657253,16.454175959253558,-0.0,0.14957264957264493,<20,<0.25%,flat_or_adverse,1689249600000
train,613,XRPUSDT,LONG,2023-07-13T16:00:03+00:00,2023-07-21T09:46:03.600000+00:00,1689264003000,1689932763600,2023,0.59201838,0.7708458,0.5583273594348629,494.91376618466495,503.7652645650842,504.7317754200001,0.9665108549158795,2.899471996934949,-5.952026383484326,11.070653656183852,11.070653656183852,0.29736053796977746,185.76683333333332,WIN,WIN,False,RATCHETED_STOP,1,496.3218114076173,-1.4080452229523504,5.070006675807405,22.56913377725825,4.956416808417356,19.41206284845413,20–25,>=1%,favorable,1689926400000
train,614,ADAUSDT,LONG,2023-07-13T16:00:03+00:00,2023-07-16T19:41:10.625000+00:00,1689264003000,1689536470625,2023,0.31136226,0.31623674,0.29989737321754284,35.53809960666432,39.76755110036812,40.79158300000004,1.0240318996319218,3.0720908039060397,-1.1573606897977546,5.943167280488109,5.943167280488109,0.12754247187485968,75.6854513888889,WIN,WIN,False,RATCHETED_STOP,0,35.53809960666432,0.0,0.36412553194236225,16.632288544522194,1.6224331772800011,5.107613234821723,<20,>=1%,favorable,1689523200000
train,615,SOLUSDT,LONG,2023-07-13T16:00:03+00:00,2023-07-17T17:16:14.390000+00:00,1689264003000,1689614174390,2023,24.0988188,26.3737242,22.486373108786122,130.23286775974202,134.44326929136008,135.03984400000002,0.5965747086399347,1.78970792113872,-2.420693610479344,5.87938015627872,5.87938015627872,0.0023683278269833515,97.26983055555556,WIN,WIN,False,RATCHETED_STOP,0,130.23286775974202,0.0,1.3347404050875047,34.2920393342583,1.6844704544319062,4.295675271851914,25–35,>=1%,favorable,1689609600000
train,616,ETHUSDT,LONG,2023-07-13T16:00:03+00:00,2023-07-17T09:56:12.468000+00:00,1689264003000,1689587772468,2023,1932.966516,1911.707582,1891.5596288439388,-54.512954137697776,-46.6059610081999,-44.92022700000002,1.68573400819988,5.057207415027239,-2.8497857144706393,2.3743268512182456,2.3743268512182456,0.8734420402985036,89.93596333333333,GIVEBACK_GE1R,GIVEBACK_GE1R,False,RATCHETED_STOP,0,-54.512954137697776,0.0,-0.5587831466065681,21.75193105653754,1.0683726339956248,1.5783808400091082,20–25,>=1%,favorable,1689580800000
train,618,BTCUSDT,SHORT,2023-07-17T20:00:03+00:00,2023-07-20T06:29:12.329000+00:00,1689624003000,1689834552329,2023,29863.926020000003,30184.5357,30452.103547129936,-54.654241040057734,-51.00900008799964,-49.09825999999977,1.9107400879998693,5.732226155791199,2.0869852037330996,0.7887516924758621,0.7887516924758621,0.7123257191488099,58.48592472222222,SLOW_FAILURE,SLOW_FAILURE,False,RATCHETED_STOP,0,-54.654241040057734,0.0,-0.5401619869025276,23.142694354027167,0.42363596857614205,0.13391362571141616,20–25,<0.25%,favorable,1689825600000
train,619,SOLUSDT,SHORT,2023-07-18T12:00:03+00:00,2023-07-19T20:48:07.910000+00:00,1689681603000,1689799687910,2023,25.013996199999998,26.908380599999997,27.355308733441824,-81.66682134192074,-80.78015014635999,-80.3373396,0.4428105463599792,1.3284412795607519,0.441770084,0.11232853207059079,0.11232853207059079,0.8091121424166199,32.801363888888886,NO_FOLLOW_THROUGH,NO_FOLLOW_THROUGH,False,RATCHETED_STOP,0,-81.66682134192074,0.0,-0.8042454692426398,29.220743676748494,1.3057752946080614,1.9266128387560928,25–35,>=1%,favorable,1689796800000
train,620,ADAUSDT,SHORT,2023-07-18T12:00:03+00:00,2023-07-19T02:53:20+00:00,1689681603000,1689735200000,2023,0.30333932,0.31886375999999994,0.3200731216622876,-93.16758451880015,-91.33250361980753,-90.60040527999982,0.7320983398077061,2.1963058914726337,0.36122499248000006,0.289194296530134,0.289194296530134,0.9277294133936621,14.888055555555555,NO_FOLLOW_THROUGH,NO_FOLLOW_THROUGH,False,RATCHETED_STOP,0,-93.16758451880015,0.0,-0.9196950394183652,20.013381736281314,0.9181355927695375,0.26376524892844294,20–25,0.25–0.5%,favorable,1689724800000
train,621,SOLUSDT,SHORT,2023-07-23T00:00:03+00:00,2023-07-26T10:22:07.341000+00:00,1690070403000,1690366927341,2023,24.5070976,23.6917374,25.961150662172845,53.79584657075638,54.84332852454004,55.491727499999946,0.6483989754599051,1.9451902673726997,0.8977083135890429,1.2428003124587437,1.2428003124587437,0.5102306231461362,82.3678725,WIN,WIN,False,RATCHETED_STOP,0,53.79584657075638,0.0,0.5355965033861345,15.299670811312653,0.5527375592534934,2.1091710182767605,<20,>=1%,favorable,1690358400000
train,622,ETHUSDT,SHORT,2023-07-23T00:00:03+00:00,2023-07-23T18:36:06.441000+00:00,1690070403000,1690137366441,2023,1865.22688,1897.2293699999998,1901.1561694433044,-87.9850415633425,-82.58562569399962,-80.64375,1.94187569399962,5.825636759249999,0.4262208899071199,0.23788057410616592,0.23788057410616592,0.890707567442963,18.600955833333334,NO_FOLLOW_THROUGH,NO_FOLLOW_THROUGH,False,RATCHETED_STOP,0,-87.9850415633425,0.0,-0.8761655130539391,18.490436594233298,1.114012015922008,0.8254716981132124,<20,0.5–1%,favorable,1690128000000
train,623,XRPUSDT,SHORT,2023-07-24T12:00:03+00:00,2023-07-26T18:14:10.769000+00:00,1690200003000,1690395250769,2023,0.69256146,0.7161432,0.7371772309962361,-52.943301746736914,-51.687742936830034,-51.07020984999997,0.6175330868300648,1.8526053889151817,0.5970465790083025,0.42723592071530103,0.42723592071530103,0.5285516639842313,54.23549138888889,NO_FOLLOW_THROUGH,NO_FOLLOW_THROUGH,False,RATCHETED_STOP,0,-52.943301746736914,0.0,-0.5282704592537756,22.73911981054922,1.1511507990309184,3.118233001299273,20–25,>=1%,favorable,1690387200000
train,624,BTCUSDT,SHORT,2023-07-24T12:00:03+00:00,2023-07-26T18:14:12.905000+00:00,1690200003000,1690395252905,2023,29253.84806,29420.48292,29817.110006199528,-30.301121888895118,-27.361444011999723,-25.434579999999645,1.9268640120000775,5.7805950881495995,2.8409172112542005,0.7524883632913811,0.7524883632913811,0.2958390161528333,54.23608472222222,SLOW_FAILURE,SLOW_FAILURE,False,RATCHETED_STOP,0,-30.301121888895118,0.0,-0.3024873636248812,22.184649563549584,1.0123585114596252,1.1708977566337277,20–25,>=1%,favorable,1690387200000
train,625,ADAUSDT,SHORT,2023-08-01T04:00:03+00:00,2023-08-02T00:06:19.626000+00:00,1690862403000,1690934779626,2023,0.30123974000000003,0.3117548618216752,0.3116925233170118,-98.2507324712537,-95.7395290942631,-94.62327734718973,1.1162517470733775,3.3487665960135957,0.837563219023,0.22383894595730666,0.22383894595730666,1.0059638187048192,20.104618333333335,NO_FOLLOW_THROUGH,NO_FOLLOW_THROUGH,False,INITIAL_STOP_OR_GAP,0,-98.2507324712537,0.0,-0.9868457810261809,19.522881835604835,1.1546762642674917,1.1616329239960181,<20,>=1%,favorable,1690934400000
train,626,ETHUSDT,SHORT,2023-08-01T04:00:03+00:00,2023-08-01T19:01:09.563000+00:00,1690862403000,1690916469563,2023,1825.2648740000002,1855.1594035729454,1854.7884458837686,-97.7486246174445,-91.707448370924,-89.44936443763673,2.258083933287267,6.774262533786314,0.7330862872658002,0.4885883746312829,0.4885883746312829,1.0125647970590135,15.018489722222222,NO_FOLLOW_THROUGH,NO_FOLLOW_THROUGH,False,INITIAL_STOP_OR_GAP,0,-97.7486246174445,0.0,-0.9821174647425329,18.224268352234112,1.2715795743042813,1.0922316801963199,<20,>=1%,favorable,1690905600000
train,627,BTCUSDT,SHORT,2023-08-01T04:00:03+00:00,2023-08-01T18:55:18.694000+00:00,1690862403000,1690916118694,2023,28814.33598,29233.37420193623,29227.52869619699,-97.21178240616312,-90.7217750491936,-88.20831272664876,2.5134623225448394,7.540397552633515,1.050390195664,0.639740173623915,0.639740173623915,1.0141471654995282,14.92102611111111,SLOW_FAILURE,SLOW_FAILURE,False,INITIAL_STOP_OR_GAP,0,-97.21178240616312,0.0,-0.9776168303546369,16.289795357252277,0.844319517036852,0.6450359297851203,<20,0.5–1%,favorable,1690905600000
train,628,SOLUSDT,SHORT,2023-08-01T04:00:03+00:00,2023-08-04T13:41:20+00:00,1690862403000,1691156480000,2023,23.386321799999997,23.3906772,24.556918691341345,-2.1265203427973844,-0.3584045593801195,0.4114484999999181,0.7698530593800377,2.3095591287661796,0.541443345348915,0.8408717016769929,0.8408717016769929,0.7600209829538761,81.68805555555555,COST_FLIP,COST_FLIP,False,RATCHETED_STOP,0,-2.1265203427973844,0.0,-0.021392016917765336,26.71951974147521,0.7669771738519463,0.025651988029073227,25–35,<0.25%,favorable,1691150400000
train,629,BTCUSDT,LONG,2023-08-02T00:00:03+00:00,2023-08-02T15:20:06.080000+00:00,1690934403000,1690989606080,2023,29707.14024,29183.499661844853,29189.337529350723,-96.42752812771725,-89.85672321142331,-87.835599963416,2.0211232480073136,6.063380284293945,-0.5074246320000001,0.6812628685502097,0.6812628685502097,1.0112743085074818,15.334188888888889,SLOW_FAILURE,SLOW_FAILURE,False,INITIAL_STOP_OR_GAP,0,-96.42752812771725,0.0,-0.9939820493294241,19.335863504862697,0.12620577538739275,0.2565552906953279,<20,0.25–0.5%,favorable,1690977600000
train,630,XRPUSDT,SHORT,2023-08-03T08:00:03+00:00,2023-08-08T16:08:20+00:00,1691049603000,1691510900000,2023,0.6698660000000001,0.6313262399999999,0.695482245353725,105.2545217235749,105.82453849061669,107.20970068000022,1.3851621893835286,4.155473702987918,3.5854569359461523,2.922598490379992,2.922598490379992,0.2941102373109639,128.13805555555555,WIN,WIN,False,RATCHETED_STOP,1,140.5327422656463,-35.2782205420714,1.0845396908451141,22.60180356770568,0.32179267902706765,0.7462686567164185,20–25,0.5–1%,favorable,1691510400000
train,631,ADAUSDT,SHORT,2023-08-03T08:00:03+00:00,2023-08-07T02:52:11.111000+00:00,1691049603000,1691376731111,2023,0.294941,0.29575914000000003,0.3050847873509459,-9.047789211122847,-7.4775634029822085,-6.39779791000031,1.079765492981898,3.2392972466817493,1.6690714385411098,0.634969935504357,0.634969935504357,0.32128039431900285,90.86891972222222,SLOW_FAILURE,SLOW_FAILURE,False,RATCHETED_STOP,0,-9.047789211122847,0.0,-0.09325275001589181,37.37625595414015,-0.0,0.406641816333458,>=35,0.25–0.5%,flat_or_adverse,1691366400000
train,633,BTCUSDT,SHORT,2023-08-07T16:00:03+00:00,2023-08-07T21:01:19.047000+00:00,1691424003000,1691442079047,2023,28847.429360000002,29205.639959203592,29199.79999920375,-96.60983194743866,-88.04816528424251,-85.19427980428186,2.8538854799606526,8.561666663196146,0.0,0.46862406122469474,0.46862406122469474,1.0165733445131457,5.021124166666667,NO_FOLLOW_THROUGH,NO_FOLLOW_THROUGH,False,INITIAL_STOP_OR_GAP,0,-96.60983194743866,0.0,-0.9862390957078646,14.929707611146274,0.025966532085042734,0.4342672563181875,<20,0.25–0.5%,favorable,1691438400000
train,634,ETHUSDT,SHORT,2023-08-07T16:00:03+00:00,2023-08-08T12:43:18.195000+00:00,1691424003000,1691498598195,2023,1817.056516,1842.171691347362,1841.8033306812258,-95.59079003654053,-88.90018617705675,-86.30967561233476,2.5905105647219955,7.771542051328473,1.0809381918447,0.6892408667423411,0.6892408667423411,1.0148851749560965,20.7208875,SLOW_FAILURE,SLOW_FAILURE,False,INITIAL_STOP_OR_GAP,0,-95.59079003654053,0.0,-0.9765398849990156,18.424128454305073,-0.0,0.4176272827815362,<20,0.25–0.5%,flat_or_adverse,1691496000000
train,635,ADAUSDT,SHORT,2023-08-07T16:00:03+00:00,2023-08-08T13:04:11.428000+00:00,1691424003000,1691499851428,2023,0.28904218000000004,0.29615921999999995,0.29697463176821987,-86.46370238356411,-82.93076414643893,-81.56696449999943,1.363799646439503,4.09140872735574,0.5584704902305586,1.0138328268467753,1.0138328268467753,0.8972055813201734,21.069007777777777,GIVEBACK_GE1R,GIVEBACK_GE1R,False,RATCHETED_STOP,0,-86.46370238356411,0.0,-0.8838957472404787,34.240437849603786,0.6817043119218367,0.38035961272475444,25–35,0.25–0.5%,favorable,1691496000000
train,636,BTCUSDT,LONG,2023-08-08T12:00:03+00:00,2023-08-10T17:32:05.780000+00:00,1691496003000,1691688725780,2023,29433.98562,29356.1276,29040.94358540288,-28.572398091403727,-16.965262557999928,-14.403189999999684,2.562072558000244,7.686219402382799,-3.9209161310210003,2.076150406753426,2.076150406753426,0.24777405831369834,53.534105555555556,GIVEBACK_GE1R,GIVEBACK_GE1R,False,RATCHETED_STOP,0,-28.572398091403727,0.0,-0.2979217180613777,15.740007193149554,0.2043629740185024,0.3330161750713606,<20,0.25–0.5%,favorable,1691683200000
train,637,SOLUSDT,LONG,2023-08-08T20:00:03+00:00,2023-08-13T16:52:17.058000+00:00,1691524803000,1691945537058,2023,24.5759142,24.3781234,23.630008420515864,-25.073471531858267,-19.252422436839993,-18.299412400000232,0.9530100368397605,2.859032306449488,-2.962016788568787,0.7654946356231086,0.7654946356231086,0.5623331747587871,116.87057166666666,SLOW_FAILURE,SLOW_FAILURE,False,RATCHETED_STOP,0,-25.073471531858267,0.0,-0.2614560892304553,17.999476334661153,1.1859829825595314,2.2099222660860476,<20,>=1%,favorable,1691942400000
train,638,ETHUSDT,LONG,2023-08-08T20:00:03+00:00,2023-08-10T17:32:17.218000+00:00,1691524803000,1691688737218,2023,1858.681662,1844.810964,1830.8520345476786,-52.73324179045456,-43.17116045519984,-40.865811999999636,2.3053484552002033,6.91605026949744,-2.6460310657572803,0.6941644487730518,0.6941644487730518,0.4984147927874239,45.537282777777776,SLOW_FAILURE,SLOW_FAILURE,False,RATCHETED_STOP,0,-52.73324179045456,0.0,-0.5500329959538884,20.924166273818376,0.7345773682694661,0.5246702649181246,20–25,0.5–1%,favorable,1691683200000
train,639,ADAUSDT,SHORT,2023-08-14T00:00:03+00:00,2023-08-20T00:23:02.500000+00:00,1691971203000,1692490982500,2023,0.28914216000000004,0.26985396,0.2948286210815849,254.32931797091328,264.9330236181146,266.86964519000054,1.9366215718859365,5.809832691300576,-4.7938729559007385,10.066394402201025,10.066394402201025,0.6080829448033873,144.38319444444446,WIN,WIN,False,RATCHETED_STOP,1,286.5989401281153,-32.26962215720203,2.6925732950719152,19.529485342486257,0.5607184783065813,0.034566194262007945,<20,<0.25%,favorable,1692489600000
train,640,XRPUSDT,SHORT,2023-08-15T20:00:03+00:00,2023-08-20T07:51:02.380000+00:00,1692129603000,1692517862380,2023,0.6018796,0.5249049600000001,0.6229566504761165,330.49233204998006,333.0242986953114,333.9992997599997,0.9750010646882856,2.9249631141480283,0.39299646881670025,9.189122558655356,9.189122558655356,0.7078979109011064,107.84982777777778,WIN,WIN,False,RATCHETED_STOP,0,330.49233204998006,0.0,3.465934905071907,16.223025905614914,2.5219773453188736,3.15562198970271,<20,>=1%,favorable,1692504000000
train,641,SOLUSDT,SHORT,2023-08-16T08:00:03+00:00,2023-08-23T16:21:09.250000+00:00,1692172803000,1692807669250,2023,23.4343122,21.267252600000003,24.327399882380373,224.42938156828208,230.16782408109958,231.6318260999997,1.4640020189001222,4.391978260880868,-1.3464642519366259,4.7412054645229995,4.7412054645229995,0.20903636191959732,176.3517361111111,WIN,WIN,False,RATCHETED_STOP,1,218.50761640002116,5.921765168260925,2.3493907941620114,32.572274089183814,0.1585338640057334,0.1663964502090685,25–35,<0.25%,favorable,1692806400000
train,642,BTCUSDT,SHORT,2023-08-17T00:00:03+00:00,2023-08-20T20:39:18.763000+00:00,1692230403000,1692563958763,2023,28708.657120000003,26274.65388,29081.87694363502,556.7690877753047,562.9849494120004,565.5285,2.5435505879995617,7.63058390058,1.4147222638841999,11.059587027822447,11.059587027822447,0.18016963661007732,92.65437861111111,WIN,WIN,False,RATCHETED_STOP,0,556.7690877753047,0.0,5.742833219054692,19.2604943329626,0.9385622852642265,0.785668514752175,<20,0.5–1%,favorable,1692561600000
train,645,ADAUSDT,SHORT,2023-08-21T16:00:03+00:00,2023-08-23T16:14:13.333000+00:00,1692633603000,1692807253333,2023,0.26124774,0.26325264,0.2717312038605626,-22.88101912701469,-19.30034628119977,-18.290517200000124,1.0098290811996442,3.0294894384620634,-0.5511834073528558,1.139674840197221,1.139674840197221,0.41515476734484913,48.23620361111111,GIVEBACK_GE1R,GIVEBACK_GE1R,False,RATCHETED_STOP,0,-22.88101912701469,0.0,-0.21803102856660872,45.985940265635804,0.028486771690310827,1.1868300153139326,>=35,>=1%,favorable,1692806400000
train,646,XRPUSDT,SHORT,2023-08-21T16:00:03+00:00,2023-08-23T16:18:12.903000+00:00,1692633603000,1692807492903,2023,0.51029792,0.52550508,0.5445376844036324,-47.66779484896812,-45.71152311507599,-45.08881650000004,0.6227066150759484,1.8681252558859798,-0.08814647800615025,0.2394268810777878,0.2394268810777878,0.4936389106172396,48.302750833333334,NO_FOLLOW_THROUGH,NO_FOLLOW_THROUGH,False,RATCHETED_STOP,0,-47.66779484896812,0.0,-0.4523578568445796,50.28205458121631,0.16064170506275655,0.156770527140902,>=35,<0.25%,favorable,1692806400000
train,647,ETHUSDT,SHORT,2023-08-21T16:00:03+00:00,2023-08-23T16:18:14.932000+00:00,1692633603000,1692807494932,2023,1656.258682,1668.9037139999998,1700.2572491609965,-33.383371464415276,-28.558804771999778,-27.056830000000044,1.501974771999734,4.5059275628196,-0.3186391295959,1.8468483690085555,1.8468483690085555,0.4591358151750905,48.303314444444446,GIVEBACK_GE1R,GIVEBACK_GE1R,False,RATCHETED_STOP,0,-33.383371464415276,0.0,-0.31686309657437883,62.99446776686123,0.5230464579023859,0.10020584453607001,>=35,<0.25%,favorable,1692806400000
train,648,ADAUSDT,LONG,2023-08-23T20:00:03+00:00,2023-08-25T14:56:20+00:00,1692820803000,1692975380000,2023,0.26825364,0.25934812,0.25847454915564194,-93.89583861539799,-90.248603799744,-89.17926335999974,1.0693404397442663,3.208032020743603,-0.4392027949103928,0.3115177114606242,0.3115177114606242,0.9106695235516633,42.93805555555556,NO_FOLLOW_THROUGH,NO_FOLLOW_THROUGH,False,RATCHETED_STOP,0,-93.89583861539799,0.0,-0.9076362938901805,44.41791085809138,0.0,1.3231457323891158,>=35,>=1%,flat_or_adverse,1692964800000
train,649,XRPUSDT,LONG,2023-08-23T20:00:03+00:00,2023-08-24T17:36:16+00:00,1692820803000,1692898576000,2023,0.53250648,0.5127974200000001,0.5065870475028013,-78.73940887365036,-76.48571188262179,-75.67440464999984,0.8113072326219424,2.4339307787945574,0.18023378776598548,0.01518243117562724,0.01518243117562724,0.7603970496703587,21.60361111111111,NO_FOLLOW_THROUGH,NO_FOLLOW_THROUGH,False,RATCHETED_STOP,0,-78.73940887365036,0.0,-0.7578896392385133,43.00685962466724,0.0,1.3148009015777622,>=35,>=1%,flat_or_adverse,1692892800000
train,650,ETHUSDT,LONG,2023-08-23T20:00:03+00:00,2023-08-24T17:38:09.851000+00:00,1692820803000,1692898689851,2023,1686.7072739999999,1637.924115243737,1638.2517655968563,-103.09944208665854,-99.05420385459155,-97.704074955583,1.3501288990085527,4.050398421515644,0.005160189448650002,0.1183090672025283,0.1183090672025283,1.0067618804118867,21.635236388888888,NO_FOLLOW_THROUGH,NO_FOLLOW_THROUGH,False,INITIAL_STOP_OR_GAP,0,-103.09944208665854,0.0,-0.9925940881786757,57.621153667950615,0.1602303179996959,0.5381381310151282,>=35,0.5–1%,favorable,1692892800000
train,651,XRPUSDT,SHORT,2023-08-25T08:00:03+00:00,2023-08-25T19:09:05.332000+00:00,1692950403000,1692990545332,2023,0.5093981,0.5308260759986851,0.5307199320122827,-101.59672310539888,-98.76475985993498,-97.80585387839959,0.9589059815353949,2.876729681309505,0.0447664358456028,0.08433140261887864,0.08433140261887864,1.0049781832227767,11.150647777777777,NO_FOLLOW_THROUGH,NO_FOLLOW_THROUGH,False,INITIAL_STOP_OR_GAP,0,-101.59672310539888,0.0,-0.9957324144567747,33.38503432752504,0.4948177964906868,0.15701668302257565,25–35,<0.25%,favorable,1692979200000
train,652,BTCUSDT,SHORT,2023-08-28T08:00:03+00:00,2023-08-28T12:25:14.093000+00:00,1693209603000,1693225514093,2023,25917.91538,26178.83472,26248.826265554944,-79.2969436622841,-70.8135088760001,-67.9857,2.8278088760001054,8.483434786283997,0.0,0.1946608069177669,0.1946608069177669,0.7884882347174291,4.419748055555556,NO_FOLLOW_THROUGH,NO_FOLLOW_THROUGH,False,RATCHETED_STOP,0,-79.2969436622841,0.0,-0.7846225442083206,28.796275521683434,0.7295298910146343,0.12575704972417756,25–35,<0.25%,favorable,1693224000000
train,653,ADAUSDT,LONG,2023-08-28T16:00:03+00:00,2023-08-31T15:41:03.703000+00:00,1693238403000,1693496463703,2023,0.2655531,0.259948,0.25871151206497767,-83.08640130286224,-77.51967756141964,-76.06612310000007,1.4535544614195715,4.360672512194772,-1.2060512292478385,2.1554791285382926,2.1554791285382926,0.8262847826688826,71.68352861111111,GIVEBACK_GE1R,GIVEBACK_GE1R,False,RATCHETED_STOP,0,-83.08640130286224,0.0,-0.8267566533022236,14.7292369772784,-0.14951062328507359,0.1130369253956377,<20,<0.25%,flat_or_adverse,1693483200000
train,654,ETHUSDT,LONG,2023-08-29T16:00:03+00:00,2023-08-31T15:41:09.085000+00:00,1693324803000,1693496469085,2023,1716.003132,1687.6624,1676.2091665050505,-73.53598783643181,-67.49061918480028,-65.8695240000002,1.6210951848000832,4.86329345874288,-1.1820751928886601,0.7827032971607972,0.7827032971607972,0.712186675730946,47.68502361111111,SLOW_FAILURE,SLOW_FAILURE,False,RATCHETED_STOP,0,-73.53598783643181,0.0,-0.7258961295022044,15.81834344687311,1.5260833675765861,3.017515227464808,<20,>=1%,favorable,1693483200000
train,655,BTCUSDT,LONG,2023-08-29T16:00:03+00:00,2023-08-31T15:41:07.760000+00:00,1693324803000,1693496467760,2023,27416.88228,26944.61,26845.857978946588,-84.20027609421037,-77.73601728800017,-75.94644000000024,1.7895772879999328,5.3687409775727994,-1.0955178286374,1.3153866107175327,1.3153866107175327,0.8270616138906219,47.68465555555556,GIVEBACK_GE1R,GIVEBACK_GE1R,False,RATCHETED_STOP,0,-84.20027609421037,0.0,-0.8319272067605267,24.109600816381462,2.457819133246538,1.846312118315745,20–25,>=1%,favorable,1693483200000
train,656,XRPUSDT,LONG,2023-08-29T16:00:03+00:00,2023-08-31T14:08:06.976000+00:00,1693324803000,1693490886976,2023,0.53500698,0.51999598,0.5173702705141123,-86.42285747475586,-82.15789897559999,-81.0030580800002,1.15484089559979,3.464532407166969,-0.8004260919888913,0.5212434897425705,0.5212434897425705,0.8511224847249029,46.13443777777778,SLOW_FAILURE,SLOW_FAILURE,False,RATCHETED_STOP,0,-86.42285747475586,0.0,-0.8538628384396453,16.043209273432126,1.0671422075173205,1.7576664173522951,<20,>=1%,favorable,1693483200000
train,657,XRPUSDT,SHORT,2023-09-01T20:00:03+00:00,2023-09-03T16:05:04.255000+00:00,1693598403000,1693757104255,2023,0.49180162,0.50540106,0.5103841189447595,-72.60535854086713,-68.83661047461581,-67.82710025999984,1.0095102146159718,3.0285387831000308,-0.7402092831512922,0.010849993889377957,0.026994216520132897,0.7318412900453919,44.08368194444444,NO_FOLLOW_THROUGH,NO_FOLLOW_THROUGH,False,RATCHETED_STOP,0,-72.60535854086713,0.0,-0.740550139857469,28.347425449900687,0.3949336196015842,0.345598698922541,25–35,0.25–0.5%,favorable,1693756800000
train,658,ETHUSDT,SHORT,2023-09-01T20:00:03+00:00,2023-09-03T20:51:08.095000+00:00,1693598403000,1693774268095,2023,1618.336268,1645.318998,1661.2905264036017,-62.35106501369851,-58.06953323299988,-56.66479299999984,1.404740233000041,4.214227498775159,-0.06730428192346999,0.06882363029580389,0.06882363029580389,0.6281735735364825,48.851415277777775,NO_FOLLOW_THROUGH,NO_FOLLOW_THROUGH,False,RATCHETED_STOP,0,-62.35106501369851,0.0,-0.6361420528855706,23.040183834071115,0.3934300796480501,0.14580141353234194,20–25,<0.25%,favorable,1693771200000
train,659,XRPUSDT,SHORT,2023-09-06T16:00:03+00:00,2023-09-07T21:09:11.111000+00:00,1694016003000,1694120951111,2023,0.49710055999999997,0.5049009600000001,0.5095067775766801,-60.89319669202023,-57.332164640240705,-55.85924456000038,1.4729200802403284,4.418766943829347,0.8577348920498219,0.5159155044992155,0.5159155044992155,0.6287492502680649,29.152253055555555,SLOW_FAILURE,SLOW_FAILURE,False,RATCHETED_STOP,0,-60.89319669202023,0.0,-0.6275689476182885,17.43964015832803,-0.11375845474390546,0.3016894609814967,<20,0.25–0.5%,flat_or_adverse,1694116800000
train,660,SOLUSDT,SHORT,2023-09-10T04:00:03+00:00,2023-09-12T10:22:04.698000+00:00,1694318403000,1694514124698,2023,19.1881616,18.6027198,19.73133281820022,89.73357955127813,98.52054641538028,99.79247129999999,1.2719248846197075,3.815762678763444,-4.971204185338713,3.4393604399550104,3.4393604399550104,0.0,54.36713833333334,WIN,WIN,False,RATCHETED_STOP,0,89.73357955127813,0.0,0.9291731746309828,16.196591309170874,0.40791139084424743,0.7763651521467325,<20,0.5–1%,favorable,1694505600000
train,661,ADAUSDT,SHORT,2023-09-10T04:00:03+00:00,2023-09-12T10:21:09.230000+00:00,1694318403000,1694514069230,2023,0.2504499,0.25015002,0.2555223663582464,-1.0538225314586236,5.289481960560531,7.055464800000202,1.7659828394396708,5.297947671664223,-1.045356820354932,2.75012173857427,2.75012173857427,0.06901967904249531,54.351730555555555,COST_FLIP,COST_FLIP,False,RATCHETED_STOP,0,-1.0538225314586236,0.0,-0.010915952031581222,11.327225056611585,0.44693950833514096,0.7182761372705602,<20,0.5–1%,favorable,1694505600000
train,662,XRPUSDT,SHORT,2023-09-11T08:00:03+00:00,2023-09-13T07:39:09.302000+00:00,1694419203000,1694590749302,2023,0.48520294,0.48709739999999996,0.49752471717681257,-20.39540313909261,-14.211591204125483,-12.752818769999845,1.4587724341256383,4.376318832716252,-1.8074931022508773,2.3132166400182634,2.3132166400182634,0.15374892540379467,47.65175055555556,GIVEBACK_GE1R,GIVEBACK_GE1R,False,RATCHETED_STOP,0,-20.39540313909261,0.0,-0.20757099316678015,33.17163798367156,1.2433825486638632,1.1951370286420713,25–35,>=1%,favorable,1694577600000
train,663,ETHUSDT,SHORT,2023-09-11T12:00:03+00:00,2023-09-12T10:21:16.874000+00:00,1694433603000,1694514076874,2023,1585.5528259999999,1616.0219758846201,1615.6988361173967,-99.74689702268654,-93.45802344109573,-91.49398902289121,1.9640344182045197,5.892114233892416,-0.39675934769839005,1.8889009118702274,1.8889009118702274,1.0107191554028225,22.35385388888889,GIVEBACK_GE1R,GIVEBACK_GE1R,False,INITIAL_STOP_OR_GAP,0,-99.74689702268654,0.0,-0.9949989576886874,24.331006088180576,1.223908327265752,0.261057092051007,20–25,0.25–0.5%,favorable,1694505600000
train,664,BTCUSDT,LONG,2023-09-14T16:00:03+00:00,2023-09-17T21:00:09.488000+00:00,1694707203000,1694984409488,2023,26685.336,26394.72,26011.8331913577,-43.29758111677976,-39.08785199999976,-37.660000000000004,1.4278519999997528,4.2835605192,0.07383140241999994,0.30387995027456266,0.30387995027456266,0.7108151500734999,77.00180222222222,NO_FOLLOW_THROUGH,NO_FOLLOW_THROUGH,False,RATCHETED_STOP,0,-43.29758111677976,0.0,-0.4494769548855321,28.6287720090273,0.31433981943628925,0.5367336459282108,25–35,0.5–1%,favorable,1694980800000
train,665,ADAUSDT,LONG,2023-09-15T04:00:03+00:00,2023-09-15T18:01:14.079000+00:00,1694750403000,1694800874079,2023,0.2540508,0.2460395858481378,0.24608880360885954,-95.75939395343917,-92.11481654446634,-90.96478890752785,1.1500276369384892,3.450093826590152,-0.19448358238268462,0.06897767507293535,0.06897767507293535,1.0061815854094733,14.019744166666667,NO_FOLLOW_THROUGH,NO_FOLLOW_THROUGH,False,INITIAL_STOP_OR_GAP,0,-95.75939395343917,0.0,-0.9951848978568317,20.43399269512384,0.29444913235169046,0.5120126033871695,20–25,0.5–1%,favorable,1694793600000
train,666,BTCUSDT,LONG,2023-09-18T04:00:03+00:00,2023-09-21T09:37:06.989000+00:00,1695009603000,1695289026989,2023,26651.52924,26734.652000000002,26221.543228480758,10.883103561994007,16.757548416000407,18.910079999999855,2.1525315839994477,6.4575924827904005,0.5831476287839998,1.9267388654640576,1.9267388654640576,0.23588962729654345,77.61777472222222,WIN,WIN,False,RATCHETED_STOP,0,10.883103561994007,0.0,0.11422005525186903,27.82721576183911,0.6023688238500247,0.11971688270748344,25–35,<0.25%,favorable,1695283200000
train,667,SOLUSDT,LONG,2023-09-18T12:00:03+00:00,2023-09-21T06:21:20+00:00,1695038403000,1695277280000,2023,19.5829158,19.7720448,18.798651849797643,20.750584186277177,22.273438636500142,23.200394499999902,0.9269558634997601,2.78086480645266,1.258010356229695,1.2292853697422275,1.2292853697422275,0.11337484016325981,66.35472222222222,WIN,WIN,False,RATCHETED_STOP,0,20.750584186277177,0.0,0.21603582183307027,20.042954273134644,1.1661461615101147,1.4249961693651356,20–25,>=1%,favorable,1695268800000
train,668,ADAUSDT,LONG,2023-09-18T12:00:03+00:00,2023-09-20T19:19:17.777000+00:00,1695038403000,1695237557777,2023,0.25395078,0.25034992,0.24674761436074913,-50.419568402331144,-45.440811512379796,-44.168015500000045,1.2727960123797502,3.8183933373018593,-1.1603635526494902,0.5482617223849869,0.5482617223849869,0.5068299387850329,55.320771388888886,SLOW_FAILURE,SLOW_FAILURE,False,RATCHETED_STOP,0,-50.419568402331144,0.0,-0.5250539240292234,12.159255387627377,-0.013981349027268443,1.102796376526201,<20,>=1%,flat_or_adverse,1695225600000
train,669,ETHUSDT,LONG,2023-09-18T12:00:03+00:00,2023-09-20T09:46:10.255000+00:00,1695038403000,1695203170255,2023,1655.5010340000001,1624.694996,1622.9482862160648,-89.75765828105993,-84.00498502220047,-82.21603500000025,1.7889500222002255,5.3668599325242,-0.38581332633525,0.40362079684357827,0.40362079684357827,0.9463421706969665,45.768681944444445,NO_FOLLOW_THROUGH,NO_FOLLOW_THROUGH,False,RATCHETED_STOP,0,-89.75765828105993,0.0,-0.9350622448639805,17.146499580506013,0.28095369469331527,0.979965683075958,<20,0.5–1%,favorable,1695196800000
train,670,ETHUSDT,SHORT,2023-09-21T16:00:03+00:00,2023-09-24T17:48:15.309000+00:00,1695312003000,1695577695309,2023,1582.6834000000001,1597.91952,1620.5222078852998,-39.23558639981093,-35.657091635999535,-34.168379999999786,1.4887116359997492,4.4661390082056,0.8876442443942099,0.19089924877909153,0.19089924877909153,0.5178968655514403,73.80341916666667,NO_FOLLOW_THROUGH,NO_FOLLOW_THROUGH,False,RATCHETED_STOP,0,-39.23558639981093,0.0,-0.4152771334180423,20.730267963173265,0.8816112341022398,0.1775110549589353,20–25,<0.25%,favorable,1695571200000
train,671,ADAUSDT,SHORT,2023-09-22T00:00:03+00:00,2023-09-26T00:08:20+00:00,1695340803000,1695686900000,2023,0.24475104,0.24624924,0.2516257483238438,-19.48073155330892,-19.472541076560066,-18.19620712000016,1.2763339565599061,3.8290040532248546,3.8208135764760005,0.6765436118749375,0.6765436118749375,0.2980431901224813,96.13805555555555,SLOW_FAILURE,SLOW_FAILURE,False,RATCHETED_STOP,0,-19.48073155330892,0.0,-0.20627115695689757,15.547574266108034,-0.0,0.2450980392156933,<20,<0.25%,flat_or_adverse,1695686400000
train,672,ETHUSDT,SHORT,2023-09-24T20:00:03+00:00,2023-09-27T09:40:04.280000+00:00,1695585603000,1695807604280,2023,1584.9129540000001,1599.71988,1607.739428952588,-59.96330293003199,-55.02401770859991,-52.65713700000027,2.3668807085996377,7.100648444656438,2.1613632232243503,1.0037885414892953,1.0037885414892953,0.6486733510432491,61.66702222222222,GIVEBACK_GE1R,GIVEBACK_GE1R,False,RATCHETED_STOP,0,-59.96330293003199,0.0,-0.636222330669188,42.11716470007669,0.3856161797033212,0.08200702737141957,>=35,<0.25%,favorable,1695801600000
train,673,BTCUSDT,SHORT,2023-09-25T00:00:03+00:00,2023-09-27T10:35:16.480000+00:00,1695600003000,1695810916480,2023,26227.153520000003,26445.288,26598.42773411378,-55.46391900427371,-49.86554212799931,-47.45735999999967,2.4081821279996447,7.2245520788832005,1.6261752026088,0.7060913740690536,0.7060913740690536,0.5875293023531949,58.58707777777778,SLOW_FAILURE,SLOW_FAILURE,False,RATCHETED_STOP,0,-55.46391900427371,0.0,-0.5871302188509637,21.69799351070231,0.7625105258096191,0.25083484545828544,20–25,0.25–0.5%,favorable,1695801600000
train,674,SOLUSDT,SHORT,2023-09-27T00:00:03+00:00,2023-09-28T14:55:04.477000+00:00,1695772803000,1695912904477,2023,19.012196799999998,19.4778948,19.54716418454054,-81.51023328951293,-77.22628021180054,-75.94972780000033,1.2765524118002105,3.829666349367336,-0.45428672834504913,0.5536726323126887,0.5536726323126887,0.8705166211206836,38.917076944444446,SLOW_FAILURE,SLOW_FAILURE,False,RATCHETED_STOP,0,-81.51023328951293,0.0,-0.869372005000057,26.625942533113253,0.602450257968338,0.5048380311316791,25–35,0.5–1%,favorable,1695902400000
train,675,ETHUSDT,LONG,2023-09-27T12:00:03+00:00,2023-09-27T14:32:08.984000+00:00,1695816003000,1695825128984,2023,1629.235782,1599.132368542871,1599.45225899467,-91.67088671150245,-86.12887624219152,-84.28154279034976,1.847333451841763,5.542010469310925,0.0,0.052519575999120625,0.052519575999120625,1.0107405175587099,2.5349955555555557,NO_FOLLOW_THROUGH,NO_FOLLOW_THROUGH,False,INITIAL_STOP_OR_GAP,0,-91.67088671150245,0.0,-0.9891984357568665,36.11172617780199,1.1212672415723826,0.726866432154012,>=35,0.5–1%,favorable,1695816000000
train,676,ETHUSDT,LONG,2023-09-28T16:00:03+00:00,2023-10-02T18:39:04.680000+00:00,1695916803000,1696271944680,2023,1652.340402,1666.3566620000001,1615.933256074937,-22.501795954299432,-15.019115917599635,-12.973225999999883,2.0458899175997516,6.13767130958712,-1.3450087271126803,3.5064434400532782,3.5064434400532782,0.28319720587881253,98.65046666666667,GIVEBACK_GE1R,GIVEBACK_GE1R,False,RATCHETED_STOP,1,27.100743015673004,-49.602538969972436,-0.24491742637287692,37.78675152348254,0.568906966021438,0.8450260892725292,>=35,0.5–1%,favorable,1696262400000
train,677,BTCUSDT,LONG,2023-09-28T16:00:03+00:00,2023-10-03T20:06:04.053000+00:00,1695916803000,1696363564053,2023,27017.70246,27206.85754,26483.830764526974,24.524529400036368,30.09457322800007,31.819999999999997,1.7254267719999277,5.176276497599999,-0.39376733036370004,2.988166545496514,2.988166545496514,0.7355746021561499,124.1002925,WIN,WIN,False,RATCHETED_STOP,0,24.524529400036368,0.0,0.2671033985596666,28.52690168361367,0.4259472167732055,0.4492397907619809,25–35,0.25–0.5%,favorable,1696363200000
train,678,SOLUSDT,LONG,2023-09-28T20:00:03+00:00,2023-10-04T02:03:11.325000+00:00,1695931203000,1696384991325,2023,19.7049402,22.821434800000002,19.092389716849222,442.7819715079051,442.8078491816205,444.1738277,1.3659785183795399,4.097882254280676,4.072004580565295,8.366754971179226,8.366754971179226,0.23335252184400615,126.0523125,WIN,WIN,False,RATCHETED_STOP,1,445.40723913219324,-2.62526762428817,4.813937982656667,22.935660880850328,0.0,0.22588832487309302,20–25,<0.25%,flat_or_adverse,1696377600000
train,679,ADAUSDT,LONG,2023-09-29T08:00:03+00:00,2023-10-03T22:46:20+00:00,1695974403000,1696373180000,2023,0.25215042,0.25704858,0.24653252791499067,67.1687047061838,75.15058994582462,76.71308200000007,1.5624920541754506,4.6874669569581595,-3.2944182826826522,3.0704719384034544,3.0704719384034544,0.8455876204307862,110.7713888888889,WIN,WIN,False,RATCHETED_STOP,0,67.1687047061838,0.0,0.7270678116740501,26.822137678202036,0.35289101913533577,0.3965107057890567,25–35,0.25–0.5%,favorable,1696363200000
train,682,XRPUSDT,LONG,2023-10-04T00:00:03+00:00,2023-10-04T00:40:14.179000+00:00,1696377603000,1696380014179,2023,0.53880774,0.5185349832237779,0.518638710965971,-96.06976187736014,-93.15462700682824,-92.18291907063451,0.9717079361937238,2.9151348705319076,0.0,0.09382008409068081,0.09382008409068081,1.0051429219531653,0.6697719444444444,NO_FOLLOW_THROUGH,NO_FOLLOW_THROUGH,False,INITIAL_STOP_OR_GAP,0,-96.06976187736014,0.0,-0.9941059249571763,28.86269645866121,-0.09518423368155204,2.4693650204233157,25–35,>=1%,flat_or_adverse,1696377600000
train,683,ADAUSDT,LONG,2023-10-06T20:00:03+00:00,2023-10-07T11:28:20+00:00,1696622403000,1696678100000,2023,0.2655531,0.2584483,0.2575760076190556,-84.47678339892396,-80.32873238903963,-79.14383610000007,1.184896289039557,3.5546983643803314,-0.5933526455040001,0.1939177743127604,0.1939177743127604,0.8906503348227278,15.471388888888889,NO_FOLLOW_THROUGH,NO_FOLLOW_THROUGH,False,RATCHETED_STOP,0,-84.47678339892396,0.0,-0.8892764806195167,21.72591238036645,-0.11503078686425935,0.07535795026376543,20–25,<0.25%,flat_or_adverse,1696665600000
train,684,ETHUSDT,SHORT,2023-10-08T12:00:03+00:00,2023-10-13T21:01:08.990000+00:00,1696766403000,1697230868990,2023,1616.9265500000001,1566.583254,1648.3004410739895,100.702214394927,103.88127342440086,106.26715600000009,2.3858825755992186,7.157634974741281,3.9785759452674103,3.264706623684211,3.264706623684211,0.6959114490615712,129.01833055555556,WIN,WIN,False,RATCHETED_STOP,1,138.3987803537336,-37.6965659588066,1.0672065642447084,26.82599350912879,-0.0,0.3339001391250636,25–35,0.25–0.5%,flat_or_adverse,1697227200000
train,685,XRPUSDT,SHORT,2023-10-08T12:00:03+00:00,2023-10-13T20:54:04.545000+00:00,1696766403000,1697230444545,2023,0.5184962799999999,0.48669732,0.5296306102425548,237.88195547391132,242.07813348957944,244.04229865999983,1.9641651704203706,5.89246622618416,1.6962882105160189,4.2208448084629815,4.2208448084629815,0.2518085900923247,128.90042916666667,WIN,WIN,False,RATCHETED_STOP,1,247.23883407104537,-9.35687859713407,2.522228274473708,13.769259346717702,0.018297240095648492,0.11567379988431344,<20,<0.25%,favorable,1697227200000
train,686,ADAUSDT,SHORT,2023-10-09T12:00:03+00:00,2023-10-13T21:00:06.666000+00:00,1696852803000,1697230806666,2023,0.25054988,0.24784956,0.25725687825600724,35.36561355480687,36.50918753204808,37.85689291999996,1.3477053879518763,4.043111621028849,2.8995376437876366,1.319499373967104,1.319499373967104,0.469676579560539,105.00101833333333,WIN,WIN,False,RATCHETED_STOP,0,35.36561355480687,0.0,0.36800548594742233,22.96459402426532,0.871279265888036,1.3168395849960197,20–25,>=1%,favorable,1697227200000
train,687,BTCUSDT,SHORT,2023-10-11T04:00:03+00:00,2023-10-13T13:01:06.666000+00:00,1696996803000,1697202066666,2023,26995.299860000003,26944.3878,27500.858398977343,5.164599223295625,9.067437886000425,10.98877000000013,1.9213321139997053,5.763995023347601,1.8611563606428,0.9302579696336253,0.9302579696336253,0.642260223033342,57.017685,WIN,WIN,False,RATCHETED_STOP,0,5.164599223295625,0.0,0.052844204750418705,21.853282274525338,0.3119011903408366,0.9233093956823315,20–25,0.5–1%,favorable,1697198400000
train,690,BTCUSDT,LONG,2023-10-16T08:00:03+00:00,2023-10-19T01:44:15.829000+00:00,1697443203000,1697679855829,2023,27842.76744,28111.3766,27353.243880742983,42.520344854259996,48.88686711999999,50.923599999999865,2.0367328799998745,6.110192529167999,-0.25632973657200003,5.877618156656179,5.877618156656179,0.4399531665582671,65.73689694444444,WIN,WIN,False,RATCHETED_STOP,0,42.520344854259996,0.0,0.4374471495348502,26.95361143962319,1.912983353576158,1.256232667078588,25–35,>=1%,favorable,1697673600000
train,691,SOLUSDT,LONG,2023-10-16T12:00:03+00:00,2023-10-18T23:49:13.548000+00:00,1697457603000,1697672953548,2023,23.1366264,23.375324,22.407758031192955,27.000563977462775,30.23580112223978,31.41413519999969,1.17833407775991,3.5349984635837757,0.2997613188067681,2.6223851682964145,2.6223851682964145,0.3356249365031255,59.81959666666667,WIN,WIN,False,RATCHETED_STOP,0,27.000563977462775,0.0,0.27831379059574685,23.93919379100493,1.0881558785894585,0.0453936275993273,20–25,<0.25%,favorable,1697659200000
train,692,ADAUSDT,SHORT,2023-10-18T20:00:03+00:00,2023-10-20T00:00:03+00:00,1697659203000,1697760003000,2023,0.2439512,0.24694938,0.2491912393173832,-57.833481558119075,-51.81483038782781,-50.118074340000234,1.6967560478275772,5.090274157652921,-0.928377012638346,1.0975490166497592,1.0975490166497592,0.572167462571108,28.0,GIVEBACK_GE1R,GIVEBACK_GE1R,False,RATCHETED_STOP,0,-57.833481558119075,0.0,-0.5943560664955304,25.309066259748757,0.09449582035673673,0.08200082000820243,25–35,<0.25%,favorable,1697760000000
train,693,SOLUSDT,LONG,2023-10-19T16:00:03+00:00,2023-11-03T05:25:16.703000+00:00,1697731203000,1698989116703,2023,24.7529496,37.9834018,23.727006576746984,1338.025464198759,1348.5290773066602,1349.9348778999997,1.405800593339535,4.217239787834652,-6.2863733200666765,21.489546593039965,21.489546593039965,0.09937160026367114,349.42047305555553,WIN,WIN,False,RATCHETED_STOP,1,1203.0107704654483,135.01469373331062,13.715204359703876,38.468224826447745,0.0,1.2768192654248616,>=35,>=1%,flat_or_adverse,1698984000000
train,694,XRPUSDT,LONG,2023-10-20T00:00:03+00:00,2023-10-22T07:40:18.095000+00:00,1697760003000,1697960418095,2023,0.5194038599999999,0.5103979,0.5037293590692452,-58.07138260513403,-53.13331237462388,-51.918190720000176,1.215121654623701,3.6453711940548854,-1.2926990364552646,0.9950007383902801,0.9950007383902801,0.7084027778015712,55.670859722222225,SLOW_FAILURE,SLOW_FAILURE,False,RATCHETED_STOP,0,-58.07138260513403,0.0,-0.5963419545767041,23.065416306913857,0.8477493032369522,4.0053918736761105,20–25,>=1%,favorable,1697947200000
train,695,BTCUSDT,LONG,2023-10-20T04:00:03+00:00,2023-10-27T17:07:02.869000+00:00,1697774403000,1698426422869,2023,29228.744580000002,33743.25,28445.289123518636,589.4538488177403,602.4829698599998,604.3492999999999,1.8663301400000734,5.598917898083999,-7.430203144175399,8.61970564392976,8.61970564392976,0.1515651962311996,181.11663027777777,WIN,WIN,False,RATCHETED_STOP,1,521.5728113142351,67.88103750350527,6.022018064874422,57.236290073601516,0.27073576250485526,0.9903226247998064,>=35,0.5–1%,favorable,1698422400000
train,696,ETHUSDT,LONG,2023-10-20T04:00:03+00:00,2023-10-26T16:33:17.878000+00:00,1697774403000,1698337997878,2023,1586.4372239999998,1758.808168,1551.037290673701,506.51270865391774,520.7841704188006,523.0549180000006,2.27074758119997,6.81217997700984,-7.4592817878731,8.084839408083804,8.084839408083804,0.23523275943046845,156.55413277777777,WIN,WIN,False,RATCHETED_STOP,1,433.3077988543673,73.20490979955042,5.176003399103598,18.283134058019737,0.0,0.07628726885271571,<20,<0.25%,flat_or_adverse,1698336000000
train,698,ADAUSDT,LONG,2023-10-23T00:00:03+00:00,2023-10-31T13:53:16.129000+00:00,1698019203000,1698760396129,2023,0.26395278,0.29184162,0.2565903447323114,339.42921259839727,355.26614037175847,357.0293317499996,1.7631913782411548,5.28953129120619,-10.547396482155,5.588805674201599,5.588805674201599,0.3467303829757693,205.88698027777778,WIN,WIN,False,RATCHETED_STOP,1,351.03574665050144,-11.606534052104177,3.333441444231901,35.2612263164094,0.1368053572129963,0.22735884804852025,>=35,<0.25%,favorable,1698753600000
train,702,XRPUSDT,LONG,2023-10-29T12:00:03+00:00,2023-11-09T12:34:12.983000+00:00,1698580803000,1699533252983,2023,0.5556111,0.67266544,0.5376713367025041,792.6304406243776,817.9492243766396,820.0519219199997,2.1026975433601933,6.307994223849369,-19.010789528412584,9.904751643228328,9.904751643228328,0.3462197297144377,264.5694397222222,WIN,WIN,False,RATCHETED_STOP,1,684.3443033106049,108.28613731377263,6.992505275425754,22.66939859252603,0.0,0.07199424046075521,20–25,<0.25%,flat_or_adverse,1699531200000
train,703,ETHUSDT,LONG,2023-10-30T12:00:03+00:00,2023-11-03T00:53:11.600000+00:00,1698667203000,1698972791600,2023,1816.6532579999998,1782.373454,1766.3664056249402,-85.29479172407795,-75.09676662279954,-73.51989199999989,1.5768746227996502,4.730632690787039,-5.467392410491381,1.185334519556504,1.185334519556504,0.7897344161412659,84.88572222222223,GIVEBACK_GE1R,GIVEBACK_GE1R,False,RATCHETED_STOP,0,-85.29479172407795,0.0,-0.731949397692659,21.649942737671342,0.0,0.1756327458720829,20–25,<0.25%,flat_or_adverse,1698969600000
train,704,ADAUSDT,LONG,2023-11-02T00:00:03+00:00,2023-11-07T16:51:11.428000+00:00,1698883203000,1699375871428,2023,0.3075615,0.3369326,0.2939729325610825,251.30951726689366,261.5288584603484,263.0337957400003,1.504937279651938,4.514780274900511,-5.704560918554204,5.036476457701707,5.036476457701707,0.6889247186711333,136.85234111111112,WIN,WIN,False,RATCHETED_STOP,1,248.44811623250374,2.8614010343899303,2.0409262463758084,29.852825529342635,0.30309599759991196,1.7235772357723487,25–35,>=1%,favorable,1699372800000
train,705,ETHUSDT,LONG,2023-11-05T00:00:03+00:00,2023-11-07T16:48:13.809000+00:00,1699142403000,1699375693809,2023,1856.451216,1856.668592,1808.2213200566193,-8.312177564743543,0.5133551616001379,2.267136000000086,1.753780838399948,5.26134224314368,-3.5641904832,1.251273361046567,1.251273361046567,0.21234165655307555,64.8030025,COST_FLIP,COST_FLIP,False,RATCHETED_STOP,0,-8.312177564743543,0.0,-0.06874429504249166,14.89780279682783,0.0,0.43586483341234855,<20,0.25–0.5%,flat_or_adverse,1699372800000
train,707,BTCUSDT,LONG,2023-11-05T04:00:03+00:00,2023-11-05T21:50:09.599000+00:00,1699156803000,1699221009599,2023,35299.45848,34564.68568,34427.23822351904,-103.05631678422385,-96.62262319999985,-94.78520000000039,1.8374231999994635,5.512280974224,-0.9214126100000002,0.029283337333906916,0.03272283553141923,0.8424165737270237,17.83516638888889,NO_FOLLOW_THROUGH,NO_FOLLOW_THROUGH,False,RATCHETED_STOP,0,-103.05631678422385,0.0,-0.84386641672574,19.85410158728529,0.068450244431962,0.06262024645741837,<20,<0.25%,favorable,1699214400000
train,709,SOLUSDT,LONG,2023-11-07T20:00:03+00:00,2023-11-09T16:12:13.779000+00:00,1699387203000,1699546333779,2023,43.9067796,42.261546,40.72127078870446,-66.64723422865671,-63.2106975287999,-62.548574,0.6621235287998957,1.9863780922288796,-1.450158607627935,1.5988718605768335,1.5988718605768335,0.5164743522812243,44.20299416666667,GIVEBACK_GE1R,GIVEBACK_GE1R,False,RATCHETED_STOP,0,-66.64723422865671,0.0,-0.532803147129825,27.917391164496646,0.6653589961273816,3.5719980864295917,25–35,>=1%,favorable,1699545600000
train,710,BTCUSDT,LONG,2023-11-07T20:00:03+00:00,2023-11-13T14:46:13.937000+00:00,1699387203000,1699886773937,2023,35480.5947,36580.6824,34612.04764703458,130.2362517165362,148.6218482699995,150.56895,1.9471017300004974,5.841287121726,-12.5443094317373,3.4762714232825926,3.4762714232825926,0.46928338379409545,138.76970472222223,WIN,WIN,False,RATCHETED_STOP,0,130.2362517165362,0.0,1.041805067397585,13.687730838257249,0.21663608319822844,0.4890988740859348,<20,0.25–0.5%,favorable,1699876800000
train,711,ADAUSDT,LONG,2023-11-09T04:00:03+00:00,2023-11-09T16:12:18.502000+00:00,1699502403000,1699546338502,2023,0.36617321999999997,0.34853028,0.3482255341474546,-123.79773758349627,-120.11545203802159,-119.14229774999973,0.9731542880218598,2.91947716114173,-0.7628083843329613,1.1715593961668314,1.1715593961668314,0.9830203261273264,12.20430611111111,GIVEBACK_GE1R,GIVEBACK_GE1R,False,RATCHETED_STOP,0,-123.79773758349627,0.0,-0.9811284435453861,33.171693937625676,0.1687814432730417,1.5027322404371597,25–35,>=1%,favorable,1699545600000
train,712,ETHUSDT,LONG,2023-11-09T16:00:03+00:00,2023-11-12T00:49:06.619000+00:00,1699545603000,1699750146619,2023,2039.9579099999999,2020.5958,1970.7611433574932,-43.74863894987361,-33.90886324299966,-32.48661499999992,1.4222482429997356,4.2667486273938,-5.57302707948015,1.4399818782687348,1.4399818782687348,0.9676450685322703,56.81767194444444,GIVEBACK_GE1R,GIVEBACK_GE1R,False,RATCHETED_STOP,0,-43.74863894987361,0.0,-0.34474777960105385,20.94857096271185,2.1924782963152443,5.33742571927278,20–25,>=1%,favorable,1699747200000
train,713,SOLUSDT,LONG,2023-11-10T12:00:03+00:00,2023-11-13T14:46:13.494000+00:00,1699617603000,1699886773494,2023,50.745146999999996,54.469104,46.152820386239426,94.26422516809129,99.48960760770015,100.05179449999993,0.5621868922997777,1.68654867068466,-3.5388337689242073,2.8941436700462333,2.8941436700462333,0.45709880340611125,74.76958166666667,WIN,WIN,False,RATCHETED_STOP,0,94.26422516809129,0.0,0.7549702582037826,31.14357445363868,0.5019445316139372,3.4197299694490972,25–35,>=1%,favorable,1699876800000
train,714,ADAUSDT,LONG,2023-11-11T20:00:03+00:00,2023-11-13T11:16:15.384000+00:00,1699732803000,1699874175384,2023,0.3910782,0.37052588,0.3671256019936934,-109.86670312227378,-105.84275448883206,-105.05831904000014,0.7844354488319141,2.353318953494284,-1.6706296799474327,0.03430943064229036,0.03430943064229036,0.8580413696497006,39.27010666666666,NO_FOLLOW_THROUGH,NO_FOLLOW_THROUGH,False,RATCHETED_STOP,0,-109.86670312227378,0.0,-0.8679876833487552,22.72152171169647,0.2890125228781611,0.05115089514067352,20–25,<0.25%,favorable,1699862400000
train,715,ETHUSDT,LONG,2023-11-13T16:00:03+00:00,2023-11-14T00:18:16.071000+00:00,1699891203000,1699921096071,2023,2107.091334,2034.9075703091332,2035.3146332357803,-122.96410116016744,-118.25866005474734,-116.90149736982123,1.3571626849261094,4.071502082957792,-0.63393902246232,0.17984479451631027,0.17984479451631027,1.0056712404208192,8.303630833333333,NO_FOLLOW_THROUGH,NO_FOLLOW_THROUGH,False,INITIAL_STOP_OR_GAP,0,-122.96410116016744,0.0,-0.998773959157026,19.032745216008287,0.31812603633596515,1.3723079552089246,<20,>=1%,favorable,1699920000000
train,716,BTCUSDT,SHORT,2023-11-14T16:00:03+00:00,2023-11-15T18:11:03.275000+00:00,1699977603000,1700071863275,2023,36161.56624,36787.25598,37107.52450543705,-80.1640484095046,-76.1464413580002,-74.37086999999983,1.7755713580003771,5.3267229985044,1.309115947,1.8132578388196723,1.8132578388196723,0.6614348252572425,26.183409722222223,GIVEBACK_GE1R,GIVEBACK_GE1R,False,RATCHETED_STOP,0,-80.1640484095046,0.0,-0.6561975672109064,17.311649113706007,0.51702953767066,0.1429412724261706,<20,<0.25%,favorable,1700064000000
train,717,XRPUSDT,SHORT,2023-11-14T20:00:03+00:00,2023-11-19T12:30:07.666000+00:00,1699992003000,1700397007666,2023,0.62217554,0.6163232399999999,0.6734270737593693,14.064656828236087,13.770206154490076,14.353033429999986,0.58282727550991,1.7484801041659883,2.042930777912,0.7234035214257803,0.7234035214257803,0.6150930067383005,112.50129611111112,WIN,WIN,False,RATCHETED_STOP,0,14.064656828236087,0.0,0.11440731638141126,31.950199842463213,0.9289186407891269,2.763496143958868,25–35,>=1%,favorable,1700395200000
train,718,SOLUSDT,LONG,2023-11-15T12:00:03+00:00,2023-11-17T14:44:15.580000+00:00,1700049603000,1700232255580,2023,63.0546084,56.38872,55.709805927194104,-111.42739006249771,-108.99194146188,-108.60134940000005,0.390592061879957,1.1717892178019278,-1.263659382815774,0.7217881787329719,0.7217881787329719,0.9075653735659234,50.736827777777776,SLOW_FAILURE,SLOW_FAILURE,False,RATCHETED_STOP,0,-111.42739006249771,0.0,-0.9152730323968613,24.949645760669423,0.07021903086932622,5.15512975065034,20–25,>=1%,favorable,1700222400000
train,719,BTCUSDT,LONG,2023-11-15T20:00:03+00:00,2023-11-16T15:46:14.893000+00:00,1700078403000,1700149574893,2023,37534.90548,36300.49636086297,36307.75791244546,-121.47655716659231,-116.40477993462208,-115.01224885639354,1.3925310782285436,4.177607036156026,-0.8941701958142001,0.3790045568250912,0.3790045568250912,1.0059174232785695,19.769970277777777,NO_FOLLOW_THROUGH,NO_FOLLOW_THROUGH,False,INITIAL_STOP_OR_GAP,0,-121.47655716659231,0.0,-1.0007684337226443,25.064812118235608,0.3117307969933391,1.9918779345225088,25–35,>=1%,favorable,1700136000000
train,720,ADAUSDT,LONG,2023-11-15T20:00:03+00:00,2023-11-17T15:25:08.695000+00:00,1700078403000,1700234708695,2023,0.3760752,0.35862826000000003,0.3517257559041153,-88.3130718210252,-84.88131890197384,-84.16643932999992,0.714879571973924,2.1446488158947195,-1.2871041031566435,1.3932474132226134,1.3932474132226134,0.7165231342159751,43.41824861111111,GIVEBACK_GE1R,GIVEBACK_GE1R,False,RATCHETED_STOP,0,-88.3130718210252,0.0,-0.727513943936165,19.587736038980772,0.0,0.6914893617021254,<20,0.5–1%,flat_or_adverse,1700222400000
train,721,ETHUSDT,SHORT,2023-11-16T20:00:03+00:00,2023-11-19T16:10:01.545000+00:00,1700164803000,1700410201545,2023,1965.676786,1972.4544119999998,2054.0529010891046,-9.703561054906132,-8.910544902199772,-7.875053000000012,1.0354919021997606,3.1064766516063598,2.3134604989,0.7000396649889317,0.7000396649889317,0.3007963630580238,68.1662625,SLOW_FAILURE,SLOW_FAILURE,False,RATCHETED_STOP,0,-9.703561054906132,0.0,-0.08064599114073974,16.84257877300433,-0.0,0.09053594226044713,<20,<0.25%,flat_or_adverse,1700409600000
train,722,ADAUSDT,SHORT,2023-11-17T16:00:03+00:00,2023-11-18T22:00:20+00:00,1700236803000,1700344820000,2023,0.35552888000000005,0.37617522,0.3824685911096957,-91.64638774626636,-90.2049392635817,-89.56557214999984,0.639367113581855,1.9181120886146579,0.47666360593000007,0.2646234761379589,0.2646234761379589,0.7663905494728656,30.004722222222224,NO_FOLLOW_THROUGH,NO_FOLLOW_THROUGH,False,RATCHETED_STOP,0,-91.64638774626636,0.0,-0.7625358981114703,14.58613536576598,-0.0,0.8436445444319312,<20,0.5–1%,flat_or_adverse,1700337600000
train,723,ADAUSDT,LONG,2023-11-19T00:00:03+00:00,2023-11-21T12:02:14.736000+00:00,1700352003000,1700568134736,2023,0.37737546,0.37802438,0.35393031283716075,-0.3566398749749473,3.2031979955119865,3.948958879999839,0.7457608844878525,2.237282179588934,-1.3225556908979998,0.9479377478690387,0.9479377478690387,0.3615016762800989,60.036593333333336,COST_FLIP,COST_FLIP,False,RATCHETED_STOP,0,-0.3566398749749473,0.0,-0.003004285439176733,15.935285426874927,0.0,0.3180492976411435,<20,0.25–0.5%,flat_or_adverse,1700568000000
train,724,SOLUSDT,LONG,2023-11-19T08:00:03+00:00,2023-11-20T19:13:17.132000+00:00,1700380803000,1700507597132,2023,60.469091399999996,56.5646848,54.419524227780485,-77.17515972042217,-75.3566091426399,-74.90485240000001,0.45175674263988697,1.355279216502288,-0.46327136128,0.2780213116276442,0.2780213116276442,0.6454026360645427,35.22059222222222,NO_FOLLOW_THROUGH,NO_FOLLOW_THROUGH,False,RATCHETED_STOP,0,-77.17515972042217,0.0,-0.6505732779987486,20.77906123908097,0.33982407972549256,1.275328756926641,20–25,>=1%,favorable,1700496000000
train,725,BTCUSDT,LONG,2023-11-19T20:00:03+00:00,2023-11-21T14:49:20+00:00,1700424003000,1700578160000,2023,36969.3924,36592.68,36086.01172134183,-55.381635973439586,-47.46576239999958,-45.612,1.8537623999995816,5.56129267344,-2.3545809,0.9229402676527056,0.9229402676527056,0.4264440111733167,42.82138888888889,SLOW_FAILURE,SLOW_FAILURE,False,RATCHETED_STOP,0,-55.381635973439586,0.0,-0.46633634753044795,11.378218622897183,0.11200058545171002,0.16746974587345742,<20,<0.25%,favorable,1700568000000
train,726,ETHUSDT,LONG,2023-11-20T00:00:03+00:00,2023-11-21T15:03:06.005000+00:00,1700438403000,1700578986005,2023,2012.85249,1975.7747660000002,1952.0618989232269,-74.98920963709668,-69.02759877079956,-67.54247599999995,1.485122770799606,4.45537641749712,-1.5062344488,0.9203317324114096,0.9203317324114096,0.6099253740299034,39.05083472222222,SLOW_FAILURE,SLOW_FAILURE,False,RATCHETED_STOP,0,-74.98920963709668,0.0,-0.6292647635456254,17.737755001615945,0.0,0.29131013784125803,<20,0.25–0.5%,flat_or_adverse,1700568000000
train,727,XRPUSDT,SHORT,2023-11-21T16:00:03+00:00,2023-11-23T09:24:06.666000+00:00,1700582403000,1700731446666,2023,0.6042791200000001,0.6165232799999999,0.6301679793065875,-55.21767525883881,-53.328924625279285,-52.26549599999956,1.0634286252797267,3.1902921476995196,1.30154151414,1.246834386086166,1.246834386086166,0.47295092669008754,41.40101833333333,GIVEBACK_GE1R,GIVEBACK_GE1R,False,RATCHETED_STOP,0,-55.21767525883881,0.0,-0.47207142824224385,25.575713413172398,-0.0,0.21508934480475975,25–35,<0.25%,flat_or_adverse,1700726400000
train,728,BTCUSDT,SHORT,2023-11-22T00:00:03+00:00,2023-11-22T18:16:07.763000+00:00,1700611203000,1700676967763,2023,35729.8526,36930.41219039044,36923.02758487347,-116.51264713473228,-113.09271341477941,-111.72379849508063,1.3689149196987813,4.106758165952868,0.6868244460000001,0.009598424493630657,0.09986179857151202,1.0061890381633787,18.26798972222222,NO_FOLLOW_THROUGH,NO_FOLLOW_THROUGH,False,INITIAL_STOP_OR_GAP,0,-116.51264713473228,0.0,-0.98922045192871,16.856296033044195,0.12503925025978613,1.3297143017041082,<20,>=1%,favorable,1700668800000
train,729,SOLUSDT,SHORT,2023-11-22T00:00:03+00:00,2023-11-22T19:15:06.738000+00:00,1700611203000,1700680506738,2023,51.6736632,57.18864509638832,57.17720965445743,-117.3949909519409,-116.24920039759014,-115.7902676643773,0.45893273321284767,1.376812094470746,0.23102154012000004,0.0,0.03537050184110636,1.0020778314538674,19.251038333333334,NO_FOLLOW_THROUGH,NO_FOLLOW_THROUGH,False,INITIAL_STOP_OR_GAP,0,-117.3949909519409,0.0,-0.9969773977453449,18.039396127579995,0.5264585305955254,1.2905847296931126,<20,>=1%,favorable,1700668800000
train,730,ADAUSDT,SHORT,2023-11-22T00:00:03+00:00,2023-11-22T19:16:19.559000+00:00,1700611203000,1700680579559,2023,0.35672864000000004,0.37946485547339354,0.37938897767785795,-116.9523370834745,-115.08980873045583,-114.34449692841427,0.7453118020415559,2.2359491274646794,0.37342077444599997,0.0,0.049806848249346336,1.0033484847672736,19.27126638888889,NO_FOLLOW_THROUGH,NO_FOLLOW_THROUGH,False,INITIAL_STOP_OR_GAP,0,-116.9523370834745,0.0,-0.9945356908607363,15.954157122895387,-0.0,0.9812167087188122,<20,0.5–1%,flat_or_adverse,1700668800000
train,731,ADAUSDT,LONG,2023-11-24T04:00:03+00:00,2023-11-26T16:21:15.714000+00:00,1700798403000,1701015675714,2023,0.39497898,0.3844231,0.37603768691209466,-65.91301790142295,-61.37295351946778,-60.466651439999794,0.9063020794679844,2.7189134944021727,-1.8211508875529998,0.09086074493504084,0.09086074493504084,0.6113088449802588,60.35353166666667,NO_FOLLOW_THROUGH,NO_FOLLOW_THROUGH,False,RATCHETED_STOP,0,-65.91301790142295,0.0,-0.5791958806625651,13.699659017539064,0.0,1.8734177215189916,<20,>=1%,flat_or_adverse,1701014400000
train,732,ETHUSDT,LONG,2023-11-24T12:00:03+00:00,2023-11-26T16:21:05.752000+00:00,1700827203000,1701015665752,2023,2098.36959,2059.588,2028.557087068317,-66.40829172005998,-60.26271270099937,-58.97050499999972,1.2922077009996542,3.8766301794605997,-2.2689488396,0.5246969878138602,0.5246969878138602,0.5815518466617626,52.350764444444444,SLOW_FAILURE,SLOW_FAILURE,False,RATCHETED_STOP,0,-66.40829172005998,0.0,-0.5840725748896245,16.799171950190996,0.5216043916095884,0.19733831604636368,<20,<0.25%,favorable,1701014400000
train,733,BTCUSDT,LONG,2023-11-24T16:00:03+00:00,2023-11-26T12:24:04.422000+00:00,1700841603000,1701001444422,2023,38224.94346,37553.287840000005,37161.5380127856,-74.55644330041378,-68.03871430599978,-66.50345,1.5352643059997746,4.605800898414,-1.9119280960000002,0.11872850598116114,0.11872850598116114,0.6337596462058754,44.400395,NO_FOLLOW_THROUGH,NO_FOLLOW_THROUGH,False,RATCHETED_STOP,0,-74.55644330041378,0.0,-0.6544719471945734,17.327358181472754,0.516214834972382,0.045267457408040106,<20,<0.25%,favorable,1701000000000
train,734,SOLUSDT,SHORT,2023-11-27T12:00:03+00:00,2023-11-28T17:24:19.057000+00:00,1701086403000,1701192259057,2023,55.013995,58.121621999999995,58.2097165409848,-107.91454815224589,-106.34486051619977,-105.57055100000002,0.7743095161997502,2.3229412170661194,0.7532535810200001,0.5012936763903181,0.5012936763903181,0.9724335991559334,29.404460277777776,SLOW_FAILURE,SLOW_FAILURE,False,RATCHETED_STOP,0,-107.91454815224589,0.0,-0.9603357431508321,13.292255715225068,-0.09108851126247013,0.8614109693599328,<20,0.5–1%,flat_or_adverse,1701187200000
train,735,ETHUSDT,SHORT,2023-11-27T20:00:03+00:00,2023-11-28T16:43:12.290000+00:00,1701115203000,1701189792290,2023,1994.241072,2053.1179066905675,2052.707365217524,-110.82746314162173,-107.50321246150706,-106.025202150677,1.478010310830058,4.434043655514665,1.1097929754,0.12385036918724435,0.12385036918724435,1.007021848837175,20.719247222222222,NO_FOLLOW_THROUGH,NO_FOLLOW_THROUGH,False,INITIAL_STOP_OR_GAP,0,-110.82746314162173,0.0,-0.9844359338529588,19.126538313980948,0.7353528068656631,0.16845144988568864,<20,<0.25%,favorable,1701187200000
train,736,BTCUSDT,LONG,2023-11-28T20:00:03+00:00,2023-11-30T14:03:07.203000+00:00,1701201603000,1701352987203,2023,38112.32094,37544.28964,37273.01865210798,-77.7170226581686,-69.8110467699994,-67.95140999999929,1.8596367700001082,5.578918464169201,-2.327057424,0.4619063543526054,0.4619063543526054,0.6767898863074198,42.0511675,NO_FOLLOW_THROUGH,NO_FOLLOW_THROUGH,False,RATCHETED_STOP,0,-77.7170226581686,0.0,-0.7024019422441308,16.393722914396534,0.0,1.4076892796221006,<20,>=1%,flat_or_adverse,1701345600000
train,737,SOLUSDT,LONG,2023-11-29T08:00:03+00:00,2023-12-04T11:12:04.600000+00:00,1701244803000,1701688324600,2023,59.3828742,61.38772,56.38726865922731,64.02329204703292,71.78811501433994,72.65301169999987,0.8648966856599287,2.5946813386185954,-5.17014162868841,2.0827594671862775,2.0827594671862775,0.278032000096105,123.20044444444444,WIN,WIN,False,RATCHETED_STOP,0,64.02329204703292,0.0,0.5785235966011275,16.480527131163953,0.0,0.8337403782991772,<20,0.5–1%,flat_or_adverse,1701676800000
train,738,ETHUSDT,LONG,2023-12-01T04:00:03+00:00,2023-12-09T23:34:09.582000+00:00,1701403203000,1702164849582,2023,2092.528422,2332.893328,2038.4965375983302,445.33784646193857,468.3236730542005,470.556575,2.2329019457994708,6.698649370610998,-16.28717722165096,5.831771027224493,5.831771027224493,0.4113945357662333,211.568495,WIN,WIN,False,RATCHETED_STOP,1,443.25307503594104,2.084771425997537,4.030333283562379,14.409535281189793,-0.02220005847911395,0.721762822044831,<20,0.5–1%,flat_or_adverse,1702152000000
train,739,BTCUSDT,LONG,2023-12-01T12:00:03+00:00,2023-12-10T23:18:19.461000+00:00,1701432003000,1702250299461,2023,38585.715599999996,43546.289000000004,37737.561182089565,616.3072026840465,644.568550470001,646.91135,2.342799529998956,7.028320960637998,-21.2330268253166,7.302425441889376,7.302425441889376,0.44345179610880336,227.3045725,WIN,WIN,False,RATCHETED_STOP,1,577.4743788346594,38.832823849387076,5.579418248986513,23.980039202167905,0.4093099850567105,0.6044896054746153,20–25,0.5–1%,favorable,1702238400000
train,740,ADAUSDT,LONG,2023-12-02T04:00:03+00:00,2023-12-11T02:11:08.208000+00:00,1701489603000,1702260668208,2023,0.38647728000000003,0.56878622,0.3751752741314723,1929.6663040917656,1960.915044371182,1963.0518144499995,2.1367700788175057,6.410074670236266,-24.838665609180037,23.183735971120328,23.183735971120328,0.09531759340170515,214.18478,WIN,WIN,False,RATCHETED_STOP,1,1664.7274616521793,264.93884243958627,17.44178477950663,16.31659232698893,0.0,0.12943308309603946,<20,<0.25%,flat_or_adverse,1702252800000
train,743,SOLUSDT,LONG,2023-12-06T04:00:03+00:00,2023-12-10T09:34:10.572000+00:00,1701835203000,1702200850572,2023,64.4368848,71.4577056,60.67177054279961,208.96589977377883,219.4813894391999,220.33105199999963,0.849662560799743,2.5489612426737596,-7.966528422747301,3.57017457685204,3.57017457685204,0.7917116444207136,101.56877,WIN,WIN,False,RATCHETED_STOP,0,208.96589977377883,0.0,1.7280455972849045,23.00535321363379,0.0,0.01397016593452702,20–25,<0.25%,flat_or_adverse,1702195200000
train,745,SOLUSDT,SHORT,2023-12-13T04:00:03+00:00,2023-12-13T20:11:17.504000+00:00,1702440003000,1702498277504,2023,65.5048964,71.427617633506,71.4133349665127,-134.14601032345922,-132.60321342484238,-131.99006503175633,0.6131483930860497,1.8394610180668574,0.29666411945000004,0.3156326970326294,0.3156326970326294,1.0024173335869557,16.187362222222223,NO_FOLLOW_THROUGH,NO_FOLLOW_THROUGH,False,INITIAL_STOP_OR_GAP,0,-134.14601032345922,0.0,-0.9964052431272571,31.825453540546814,-0.0,0.4151594242715716,25–35,0.25–0.5%,flat_or_adverse,1702497600000
train,746,ADAUSDT,LONG,2023-12-13T16:00:03+00:00,2023-12-15T22:22:18.888000+00:00,1702483203000,1702678938888,2023,0.62682534,0.6078784,0.5667947276987676,-44.42372053104698,-41.682328231775934,-41.13907248000011,0.5432557517758241,1.6297721920166974,-1.1116201072543537,0.9107796489838157,0.9107796489838157,0.32692220265088223,54.37108,SLOW_FAILURE,SLOW_FAILURE,False,RATCHETED_STOP,0,-44.42372053104698,0.0,-0.33085182131280366,23.204994641408952,0.0,3.1439514842004543,20–25,>=1%,flat_or_adverse,1702670400000
train,747,SOLUSDT,LONG,2023-12-14T12:00:03+00:00,2023-12-14T13:30:15.048000+00:00,1702555203000,1702560615048,2023,73.5417054,67.99825902584321,68.01186139812283,-133.66253913858634,-131.64576449347538,-130.97351151737902,0.6722529760963596,2.0167746451109547,0.0,0.057197743714404344,0.057197743714404344,1.0024598112125773,1.5033466666666666,NO_FOLLOW_THROUGH,NO_FOLLOW_THROUGH,False,INITIAL_STOP_OR_GAP,0,-133.66253913858634,0.0,-0.9966108293338082,24.601081794105063,-0.15931372143334022,1.1656216422071997,20–25,>=1%,flat_or_adverse,1702555200000
train,748,SOLUSDT,LONG,2023-12-15T00:00:03+00:00,2023-12-17T23:32:03.648000+00:00,1702598403000,1702855923648,2023,75.7661502,71.3747222,69.59197591050915,-96.2903358138699,-92.69074908160009,-92.06960640000018,0.6211426815999062,1.8634390931527673,-1.7361476391170558,0.6337446298949029,0.6337446298949029,0.7363171149441095,71.53351333333333,SLOW_FAILURE,SLOW_FAILURE,False,RATCHETED_STOP,0,-96.2903358138699,0.0,-0.7246507355136252,20.89311990301839,0.20961113014687327,1.5828173885493235,20–25,>=1%,favorable,1702843200000
train,749,BTCUSDT,SHORT,2023-12-18T00:00:03+00:00,2023-12-18T21:10:04.723000+00:00,1702857603000,1702933804723,2023,41388.32068,42484.4952,42594.32154146066,-117.45585890028325,-113.34444536800005,-111.60996000000016,1.7344853679998948,5.203469497195199,1.092055964912,0.6919735355655169,0.6919735355655169,0.9089334469233752,21.167145277777777,SLOW_FAILURE,SLOW_FAILURE,False,RATCHETED_STOP,0,-117.45585890028325,0.0,-0.8928760735136441,31.586298829146546,-0.409075962519826,0.24035848441293345,25–35,<0.25%,flat_or_adverse,1702929600000
train,750,XRPUSDT,SHORT,2023-12-18T00:00:03+00:00,2023-12-20T13:01:09.610000+00:00,1702857603000,1703077269610,2023,0.61067784,0.6171234,0.6306053241066063,-42.51733503361781,-40.55242314934775,-39.007475459999895,1.5449476893478575,4.634847748941055,2.6699358646710003,1.6097285451787522,1.6097285451787522,0.32345076606349704,61.018502777777776,GIVEBACK_GE1R,GIVEBACK_GE1R,False,RATCHETED_STOP,0,-42.51733503361781,0.0,-0.3232724318281482,33.67397803490867,-0.3566884900730399,0.22924512854101145,25–35,<0.25%,flat_or_adverse,1703073600000
train,751,ETHUSDT,SHORT,2023-12-18T00:00:03+00:00,2023-12-19T02:00:07.745000+00:00,1702857603000,1702951207745,2023,2197.490414,2251.690248,2268.2836034854304,-99.46061810306598,-95.89576629620002,-94.32138299999991,1.5743832962001107,4.723161207165959,1.1583094003,1.1431949116610391,1.1431949116610391,0.7656080252063587,26.001318055555554,GIVEBACK_GE1R,GIVEBACK_GE1R,False,RATCHETED_STOP,0,-99.46061810306598,0.0,-0.7564970549311538,29.682279507707243,-0.6349354942316611,0.09417952346071821,25–35,<0.25%,flat_or_adverse,1702944000000
train,752,BTCUSDT,LONG,2023-12-19T00:00:03+00:00,2023-12-23T04:06:07.319000+00:00,1702944003000,1703304367319,2023,42680.33436,43377.52276,41364.374945067524,50.66699324564192,65.53570959999992,67.15359999999946,1.6178903999995384,4.853663141567999,-10.01505321279,1.370608864934142,1.370608864934142,0.6420671871885607,100.10119972222222,WIN,WIN,False,RATCHETED_STOP,0,50.66699324564192,0.0,0.3893887409973317,30.804766686522587,0.0,0.3934692079293635,25–35,0.25–0.5%,flat_or_adverse,1703304000000
train,753,SOLUSDT,LONG,2023-12-20T12:00:03+00:00,2023-12-26T17:31:07.654000+00:00,1703073603000,1703611867654,2023,77.1364242,107.97840000000001,71.91792354116157,761.7553377986943,776.8369470087005,777.9615435000002,1.1245964912996982,3.3736961185147796,-11.707913091491356,9.543272877747468,9.543272877747468,0.14322585142038968,149.51795944444444,WIN,WIN,False,RATCHETED_STOP,1,737.4439815304968,24.311356268197535,5.860697817159258,10.475977343862834,0.23644404493713195,0.9543568464730345,<20,0.5–1%,favorable,1703606400000
train,754,ADAUSDT,LONG,2023-12-21T12:00:03+00:00,2023-12-24T22:15:07.067000+00:00,1703160003000,1703456107067,2023,0.61082214,0.59648068,0.5738209903463718,-56.88446124286621,-49.939948177826096,-49.09913421,0.8408139678260937,2.522447795374105,-4.4220652696660085,1.1182857934778414,1.1182857934778414,0.47085401840457713,82.25112972222222,GIVEBACK_GE1R,GIVEBACK_GE1R,False,RATCHETED_STOP,0,-56.88446124286621,0.0,-0.43013176813780296,13.425070206722497,-0.1920008152328518,0.03274394237065782,<20,<0.25%,flat_or_adverse,1703448000000
train,755,ETHUSDT,LONG,2023-12-22T12:00:03+00:00,2023-12-24T22:14:13.211000+00:00,1703246403000,1703456053211,2023,2315.523012,2266.006708,2226.835563575926,-80.67380588032366,-71.53125275840033,-70.20755999999987,1.3236927584004547,3.9710867001072003,-5.171466421816141,0.3430811071991588,0.3430811071991588,0.5696748852037734,58.23616972222222,NO_FOLLOW_THROUGH,NO_FOLLOW_THROUGH,False,RATCHETED_STOP,0,-80.67380588032366,0.0,-0.6044344735694851,22.836156009302385,0.5934863641215959,0.5507416654427963,20–25,0.5–1%,favorable,1703448000000
train,757,XRPUSDT,LONG,2023-12-25T12:00:03+00:00,2023-12-26T05:34:16.557000+00:00,1703505603000,1703568856557,2023,0.64292856,0.6214362308037689,0.6215605429123513,-138.4359512196259,-130.1015409009561,-128.57080634552176,1.5307345554343499,4.592219094801448,-3.742191223868356,0.25137756011552653,0.25137756011552653,1.0058176717134082,17.5704325,NO_FOLLOW_THROUGH,NO_FOLLOW_THROUGH,False,INITIAL_STOP_OR_GAP,0,-138.4359512196259,0.0,-1.021094286584435,16.00201044091045,0.7947223966227484,1.9293605103469855,<20,>=1%,favorable,1703563200000
train,758,ETHUSDT,SHORT,2023-12-26T20:00:03+00:00,2023-12-27T10:45:17.046000+00:00,1703620803000,1703673917046,2023,2213.2672580000003,2281.4453910065704,2280.9891931679367,-129.8787553642578,-127.85445282722087,-126.16867094783166,1.6857818793892108,5.057360778409213,3.0330582413722498,0.03347893107865243,0.03347893107865243,1.0067363379014849,14.753901666666666,NO_FOLLOW_THROUGH,NO_FOLLOW_THROUGH,False,INITIAL_STOP_OR_GAP,0,-129.8787553642578,0.0,-0.9718567856238267,18.50211126214568,0.5972727284706115,0.14274743641867957,<20,<0.25%,favorable,1703664000000
train,759,ETHUSDT,LONG,2023-12-27T16:00:03+00:00,2023-12-29T16:15:11.787000+00:00,1703692803000,1703866511787,2023,2345.479002,2310.607786,2271.3940128415666,-75.24944861077884,-59.4345005504,-57.84733600000009,1.5871645503999119,4.76150059288032,-11.053447467498518,1.485334603541255,1.485334603541255,0.4706920578125027,48.25244083333333,GIVEBACK_GE1R,GIVEBACK_GE1R,False,RATCHETED_STOP,0,-75.24944861077884,0.0,-0.5672068823482592,20.942310297881853,0.3538633523168871,2.175257248369952,20–25,>=1%,favorable,1703865600000
train,760,ADAUSDT,LONG,2023-12-27T20:00:03+00:00,2023-12-29T15:52:18+00:00,1703707203000,1703865138000,2023,0.6377275199999999,0.5978804,0.5975298974137905,-135.4094138781042,-128.2614160771357,-127.46597687999989,0.7954391971358064,2.386332887325225,-4.761664913643281,1.0317147465887226,1.0317147465887226,0.9912805145265047,43.87083333333333,GIVEBACK_GE1R,GIVEBACK_GE1R,False,RATCHETED_STOP,0,-135.4094138781042,0.0,-1.0206174550848894,16.466449021820814,0.09732942389177303,1.3958594730238252,<20,>=1%,favorable,1703851200000
train,761,XRPUSDT,SHORT,2024-01-01T00:00:03+00:00,2024-01-01T20:46:20+00:00,1704067203000,1704141980000,2024,0.61557686,0.62952588,0.6351191269914278,-91.87317261815676,-89.08076283692786,-87.49047967999958,1.5902831569282796,4.7708599696415614,1.9784501884126722,0.3518967376208969,0.3518967376208969,0.7137871980829401,20.77138888888889,NO_FOLLOW_THROUGH,NO_FOLLOW_THROUGH,False,RATCHETED_STOP,0,-91.87317261815676,0.0,-0.7008401630631316,12.575674605415463,0.31927284901823155,0.06496670456390384,<20,<0.25%,favorable,1704139200000
train,762,BTCUSDT,LONG,2024-01-01T20:00:03+00:00,2024-01-03T12:01:01.983000+00:00,1704139203000,1704283261983,2024,43564.911239999994,43417.3148,42541.38636664869,-34.200506497184875,-17.623014935999272,-15.545879999999654,2.0771349359996183,6.231406673505599,-10.34608488768,2.3302694659393643,2.3302694659393643,0.14420405780342377,40.01638416666667,GIVEBACK_GE1R,GIVEBACK_GE1R,False,RATCHETED_STOP,0,-34.200506497184875,0.0,-0.26200958190527124,16.47546091227631,-0.2530513894969562,1.183987583857171,<20,>=1%,flat_or_adverse,1704283200000
train,763,ETHUSDT,LONG,2024-01-01T20:00:03+00:00,2024-01-03T11:55:15.055000+00:00,1704139203000,1704282915055,2024,2340.177942,2307.898328,2272.132903044147,-73.25625749609424,-58.66819844499924,-56.97862499999983,1.6895734449994109,5.068727172435,-9.51933187866,1.3860240136123534,1.3860240136123534,0.47438600220278243,39.92001527777778,GIVEBACK_GE1R,GIVEBACK_GE1R,False,RATCHETED_STOP,0,-73.25625749609424,0.0,-0.561449172904572,16.241959726451068,-0.5737150861234576,0.5906714934756747,<20,0.5–1%,flat_or_adverse,1704268800000
train,764,SOLUSDT,LONG,2024-01-02T00:00:03+00:00,2024-01-03T11:11:07.495000+00:00,1704153603000,1704280267495,2024,110.0760108,105.8978162,102.6411879293824,-77.77866868794062,-71.95101792876021,-71.20718100000009,0.7438369287601176,2.23151933114172,-3.5961314280386945,0.9447419692752556,0.9447419692752556,0.5619763473467836,35.184581944444446,SLOW_FAILURE,SLOW_FAILURE,False,RATCHETED_STOP,0,-77.77866868794062,0.0,-0.5934357036596447,15.275983449050699,0.16473547915701933,0.6715312548274738,<20,0.5–1%,favorable,1704268800000
train,765,ADAUSDT,LONG,2024-01-02T04:00:03+00:00,2024-01-02T21:24:15.535000+00:00,1704168003000,1704230655535,2024,0.6311262,0.6030356230711068,0.6031562543219712,-135.0274866552525,-128.6992338730514,-127.56835667666702,1.1308771963843895,3.3926468973568,-2.9356058848442697,0.14922445856870742,0.14922445856870742,1.0043128882784755,17.403481944444444,NO_FOLLOW_THROUGH,NO_FOLLOW_THROUGH,False,INITIAL_STOP_OR_GAP,0,-135.0274866552525,0.0,-1.0169796967017237,19.48810711914913,-0.9445568245063036,0.5269413629159923,<20,0.5–1%,flat_or_adverse,1704225600000
train,766,SOLUSDT,SHORT,2024-01-03T12:00:03+00:00,2024-01-08T18:00:11.923000+00:00,1704283203000,1704736811923,2024,103.47930000000001,96.78335279999999,111.49135718698767,40.68764369791978,40.754540200860404,41.63049490000007,0.875954699139669,2.6278591017606123,2.5609625988200007,2.4924060742392147,2.4924060742392147,0.601680677944893,126.00247861111112,WIN,WIN,False,RATCHETED_STOP,1,105.58740168571117,-64.89975798779139,0.31718461425502675,14.36872163960989,-0.0,2.3381868423849523,<20,>=1%,flat_or_adverse,1704729600000
train,767,ADAUSDT,SHORT,2024-01-03T12:00:03+00:00,2024-01-08T18:36:05.714000+00:00,1704283203000,1704738965714,2024,0.59558086,0.53050608,0.6243403169022987,281.70564842059986,281.1660845003261,282.4262726900002,1.2601881896740526,3.780530677869277,4.320094598143,4.578697728797331,4.578697728797331,0.0,126.60075388888889,WIN,WIN,False,RATCHETED_STOP,1,281.6847940997006,0.020854320899274192,2.196349638572387,15.88603745374525,-0.0,1.0407923451401684,<20,>=1%,flat_or_adverse,1704729600000
train,768,XRPUSDT,SHORT,2024-01-03T12:00:03+00:00,2024-01-08T00:33:16.250000+00:00,1704283203000,1704673996250,2024,0.61877622,0.57381474,0.6386394395839807,208.97200471271913,210.40133432900427,212.51937346000025,2.1180391309959674,6.3540918906631845,4.924762274378,6.926179284195813,6.926179284195813,0.0,108.55368055555556,WIN,WIN,False,RATCHETED_STOP,1,277.0081030868266,-68.03609837410751,1.6296166394643676,11.14593714148173,-0.0,0.22624434389139575,<20,<0.25%,flat_or_adverse,1704672000000
train,769,ETHUSDT,SHORT,2024-01-03T16:00:03+00:00,2024-01-08T12:08:07.441000+00:00,1704297603000,1704715687441,2024,2240.781754,2258.431596,2349.2163767605493,-20.135202398297775,-20.646785171599774,-19.59415,1.0526351715997748,3.1579078660979993,3.6694906393999993,0.6949049305625913,0.6949049305625913,0.5050807998930569,116.13456694444444,SLOW_FAILURE,SLOW_FAILURE,False,RATCHETED_STOP,0,-20.135202398297775,0.0,-0.15365592248872392,21.99836836438391,1.7335146112618058,2.543038437854202,20–25,>=1%,favorable,1704715200000
train,773,BTCUSDT,LONG,2024-01-08T12:00:03+00:00,2024-01-10T12:57:12.757000+00:00,1704715203000,1704891432757,2024,44646.12744,44408.31656,43204.52868824868,-28.26311527503976,-21.07004396799976,-19.492,1.5780439679997578,4.734134243039999,-2.458937064,2.3958626183631875,2.3958626183631875,0.20541599362530583,48.952710277777776,GIVEBACK_GE1R,GIVEBACK_GE1R,False,RATCHETED_STOP,0,-28.26311527503976,0.0,-0.2108327313960775,13.528537552253763,0.2652387863727685,0.3367146684827804,<20,0.25–0.5%,favorable,1704888000000
train,774,ETHUSDT,LONG,2024-01-08T16:00:03+00:00,2024-01-12T17:25:16.029000+00:00,1704729603000,1705080316029,2024,2270.393988,2565.1768620000003,2195.527997579344,490.1073879484367,500.06966745360074,501.71029999999996,1.6406325463992175,4.921837433964,-5.040442071199999,6.004008087976667,6.004008087976667,0.6405310038718085,97.42028583333334,WIN,WIN,False,RATCHETED_STOP,0,490.1073879484367,0.0,3.6804503128880843,30.861239781630392,0.0,0.3788646395939941,25–35,0.25–0.5%,flat_or_adverse,1705075200000
train,775,SOLUSDT,LONG,2024-01-09T08:00:03+00:00,2024-01-10T12:28:03.896000+00:00,1704787203000,1704889683896,2024,101.92138019999999,95.23794860000001,93.38462108983452,-104.9544217954112,-102.68023304343966,-102.07442959999987,0.6058034434397825,1.817422579251552,-0.45676617272000003,0.7120523985222531,0.7120523985222531,0.7829003388465575,28.466915555555556,SLOW_FAILURE,SLOW_FAILURE,False,RATCHETED_STOP,0,-104.9544217954112,0.0,-0.7852401014125697,30.837774746917116,-0.32341485083092375,1.565260058881255,25–35,>=1%,flat_or_adverse,1704888000000
train,776,SOLUSDT,SHORT,2024-01-10T16:00:03+00:00,2024-01-10T22:22:03.846000+00:00,1704902403000,1704925323846,2024,94.78104,103.7794396086821,103.75868787110788,-132.89355621225727,-131.1570733363067,-130.57825093412006,0.5788224021866313,1.736482875950584,0.0,0.24004505756295155,0.24004505756295155,1.0023114893647143,6.366901666666666,NO_FOLLOW_THROUGH,NO_FOLLOW_THROUGH,False,INITIAL_STOP_OR_GAP,0,-132.89355621225727,0.0,-0.9987116600575953,21.49081079387175,-0.0,0.47888779890932537,20–25,0.25–0.5%,flat_or_adverse,1704916800000
train,777,XRPUSDT,LONG,2024-01-11T00:00:03+00:00,2024-01-12T16:53:09.230000+00:00,1704931203000,1705078389230,2024,0.60122022,0.5829833799999999,0.5653421053739117,-69.89443544887432,-66.23080112799211,-65.37066840000006,0.8601327279920525,2.5804060284562076,-1.083228292426,0.6516446096361987,0.6516446096361987,0.5082998421198915,40.88506388888889,SLOW_FAILURE,SLOW_FAILURE,False,RATCHETED_STOP,0,-69.89443544887432,0.0,-0.5224103466328374,29.876925881246525,0.9312628818953206,2.9446015637996905,25–35,>=1%,favorable,1705075200000
train,778,ADAUSDT,LONG,2024-01-11T00:00:03+00:00,2024-01-12T16:52:10+00:00,1704931203000,1705078330000,2024,0.56631324,0.56028792,0.5183029897179114,-19.115368698009046,-16.477164234216,-15.860992040000076,0.6161721942159257,1.848518485967045,-0.789685977826,1.0661631568102128,1.0661631568102128,0.12550069963388408,40.868611111111115,GIVEBACK_GE1R,GIVEBACK_GE1R,False,RATCHETED_STOP,0,-19.115368698009046,0.0,-0.14289803892765532,39.253883799756366,0.943691469129187,1.042034616743203,>=35,>=1%,favorable,1705075200000
train,779,BTCUSDT,SHORT,2024-01-13T00:00:03+00:00,2024-01-15T18:27:19.028000+00:00,1705104003000,1705343239028,2024,42780.4422,43104.71922,45362.91857647346,-17.11578759128527,-16.24627870200007,-15.385709999999927,0.8605687020001422,2.5817079522851993,1.7121990630000001,0.41314693513556044,0.41314693513556044,0.1908856957960521,66.45445222222222,NO_FOLLOW_THROUGH,NO_FOLLOW_THROUGH,False,RATCHETED_STOP,0,-17.11578759128527,0.0,-0.12887293153428256,16.768685066436735,0.7955653540020668,0.8240454884327443,<20,0.5–1%,favorable,1705334400000
train,780,SOLUSDT,SHORT,2024-01-13T00:00:03+00:00,2024-01-14T14:47:10.632000+00:00,1705104003000,1705243630632,2024,92.12957039999999,98.8957752,101.69689633872584,-93.55760753402828,-92.50958188704016,-91.98723440000012,0.5223474870400366,1.5670534995881278,0.5190278526000001,0.27484904526522197,0.27484904526522197,0.7072200574470153,38.785453333333336,NO_FOLLOW_THROUGH,NO_FOLLOW_THROUGH,False,RATCHETED_STOP,0,-93.55760753402828,0.0,-0.7043794029442794,17.513760676225704,0.11651425796484015,0.6011741343200849,<20,0.5–1%,favorable,1705233600000
train,781,SOLUSDT,SHORT,2024-01-15T16:00:03+00:00,2024-01-16T21:56:01.525000+00:00,1705334403000,1705442161525,2024,93.5022958,98.329662,100.58676650415222,-89.87827749244657,-88.30218253040002,-87.60038800000004,0.7017945303999795,2.1053941032465597,0.5292991412000001,0.03194251334363908,0.03194251334363908,0.6814011097781335,29.93292361111111,NO_FOLLOW_THROUGH,NO_FOLLOW_THROUGH,False,RATCHETED_STOP,0,-89.87827749244657,0.0,-0.6792201763930558,11.632257481485366,-0.0,0.08233356857209873,<20,<0.25%,flat_or_adverse,1705435200000
train,782,ETHUSDT,LONG,2024-01-16T16:00:03+00:00,2024-01-18T12:24:14.603000+00:00,1705420803000,1705580654603,2024,2559.9418859999996,2505.2588480000004,2469.263178959272,-81.84652622526583,-75.86177861739891,-74.45639099999947,1.405387617399441,4.216171786966919,-1.7685758209000002,0.5939444413980297,0.5939444413980297,0.6030416597739835,44.40322305555556,SLOW_FAILURE,SLOW_FAILURE,False,RATCHETED_STOP,0,-81.84652622526583,0.0,-0.6224978284173268,13.238410846090522,0.0,0.17308541354910414,<20,<0.25%,flat_or_adverse,1705579200000
train,783,SOLUSDT,LONG,2024-01-17T12:00:03+00:00,2024-01-18T16:32:12.154000+00:00,1705492803000,1705595532154,2024,102.0684096,96.610674,95.2848842977466,-106.02658543922003,-103.02021718559986,-102.27016800000013,0.7500491855997353,2.25015982922016,-0.7562084244000001,0.23094045208021996,0.23094045208021996,0.8045574176876744,28.53587611111111,NO_FOLLOW_THROUGH,NO_FOLLOW_THROUGH,False,RATCHETED_STOP,0,-106.02658543922003,0.0,-0.8085703987710413,10.851502632363554,0.7596677659958107,0.8515350168053225,<20,0.5–1%,favorable,1705593600000
train,784,ADAUSDT,SHORT,2024-01-18T12:00:03+00:00,2024-01-20T12:50:20+00:00,1705579203000,1705755020000,2024,0.51719654,0.5178035400000001,0.5396436111508174,-5.184555593814794,-3.4020789403001355,-2.2418971600003754,1.16018178029976,3.4805456099276593,1.698068956413,2.0580208299610594,2.0580208299610594,0.28081436360442086,48.838055555555556,GIVEBACK_GE1R,GIVEBACK_GE1R,False,RATCHETED_STOP,0,-5.184555593814794,0.0,-0.039744211274426317,32.54700384117343,0.34308204451847346,0.1353441608662092,25–35,<0.25%,favorable,1705752000000
train,785,SOLUSDT,SHORT,2024-01-18T20:00:03+00:00,2024-01-24T10:42:08.562000+00:00,1705608003000,1706092928562,2024,92.3655232,87.71653979999999,99.1964367786643,87.86832583319827,87.0419864015201,87.71631800000004,0.6743315984799381,2.02298426948184,2.84932370116,1.962478817163029,1.962478817163029,0.45886641133775047,134.701545,WIN,WIN,False,RATCHETED_STOP,0,87.86832583319827,0.0,0.672492001027754,14.968248317315588,0.2408476152796546,3.2432915146726167,<20,>=1%,favorable,1706083200000
train,786,BTCUSDT,SHORT,2024-01-18T20:00:03+00:00,2024-01-26T09:45:00.817000+00:00,1705608003000,1706262300817,2024,41005.99716,40308.06,42337.819536784344,69.36463693675373,65.18733074400012,66.70627999999972,1.5189492559996012,4.5568397632463995,8.734145955999999,1.8478418765886946,1.8478418765886946,0.894265527266219,181.74939361111112,WIN,WIN,False,RATCHETED_STOP,0,69.36463693675373,0.0,0.5314477416123343,36.48394885863723,0.6862243830328021,2.8911937816658693,>=35,>=1%,favorable,1706256000000
train,787,XRPUSDT,SHORT,2024-01-18T20:00:03+00:00,2024-01-20T23:30:11.666000+00:00,1705608003000,1705793411666,2024,0.54659066,0.5529105599999999,0.5645286014766875,-46.17790180431023,-43.87497925265954,-42.34835573999996,1.526623512659583,4.579875619782689,2.276953068132,1.3987480131211478,1.3987480131211478,0.4074793091224716,51.502407222222224,GIVEBACK_GE1R,GIVEBACK_GE1R,False,RATCHETED_STOP,0,-46.17790180431023,0.0,-0.3535747770738581,31.368616795398633,1.0769212618895432,1.9937808670203074,25–35,>=1%,favorable,1705780800000
train,788,ADAUSDT,SHORT,2024-01-22T00:00:03+00:00,2024-01-25T11:32:13.246000+00:00,1705881603000,1706182333246,2024,0.50319934,0.48049608,0.5235061072200364,138.3772490362723,139.06067547063802,140.26573576999985,1.2050602993618327,3.6151640661977074,2.931737631832,2.7478199457047725,2.7478199457047725,0.16253990427108628,83.53617944444444,WIN,WIN,False,RATCHETED_STOP,0,138.3772490362723,0.0,1.0700930543327938,39.142378081576965,0.29841679119370146,0.2582439411998568,>=35,0.25–0.5%,favorable,1706169600000
train,789,ETHUSDT,SHORT,2024-01-22T04:00:03+00:00,2024-01-26T11:04:15.866000+00:00,1705896003000,1706267055866,2024,2437.41242,2244.768864,2492.73070633883,423.5319483044312,423.237892532,425.29525999999987,2.0573674679998817,6.1720513685688,6.466107141,4.879262136696737,4.879262136696737,0.02960286929298098,103.07024055555556,WIN,WIN,False,RATCHETED_STOP,0,423.5319483044312,0.0,3.2553771532001328,29.0333542870526,0.46095721284243235,0.5369353257503413,25–35,0.5–1%,favorable,1706256000000
train,790,BTCUSDT,LONG,2024-01-26T20:00:03+00:00,2024-01-31T10:50:08.667000+00:00,1706299203000,1706698208667,2024,42054.50922,42487.20086,40780.715904871024,33.392316126701324,43.52877898399972,45.22975999999985,1.700981016000128,5.102937620428799,-5.0335252368696,1.4393942551145766,1.4393942551145766,0.5451506235371395,110.8349075,WIN,WIN,False,RATCHETED_STOP,0,33.392316126701324,0.0,0.24751054425154984,30.497501561312443,0.3910584207174171,0.24140227370023307,25–35,<0.25%,favorable,1706688000000
train,791,SOLUSDT,LONG,2024-01-28T00:00:03+00:00,2024-01-31T10:41:05.804000+00:00,1706400003000,1706697665804,2024,94.2558474,98.4803,89.5536226650504,112.10625709257415,117.45034341150017,118.52205750000014,1.0717140884999736,3.2151280428530993,-2.128958276072925,2.60390629758602,2.60390629758602,0.23411203463285607,82.68411222222223,WIN,WIN,False,RATCHETED_STOP,0,112.10625709257415,0.0,0.8308692025144946,21.48595042441474,0.4542759576866818,0.4647806617288168,20–25,0.25–0.5%,favorable,1706688000000
train,792,ADAUSDT,LONG,2024-01-29T20:00:03+00:00,2024-01-31T10:45:17.108000+00:00,1706558403000,1706697917108,2024,0.5208041400000001,0.4993446911066253,0.49944458002262987,-137.71575334982276,-132.3358526087727,-131.07764972152873,1.258202887243982,3.774624391049049,-1.6052763500009999,0.7488852774564217,0.7488852774564217,1.004676543716742,38.75391888888889,SLOW_FAILURE,SLOW_FAILURE,False,INITIAL_STOP_OR_GAP,0,-137.71575334982276,0.0,-1.006263351122336,21.44784399518824,1.1238364792372157,3.878648233486942,20–25,>=1%,favorable,1706688000000
train,793,ETHUSDT,LONG,2024-01-30T20:00:03+00:00,2024-01-31T09:57:19.738000+00:00,1706644803000,1706695039738,2024,2374.22475,2310.631918208875,2311.094137036282,-138.05706602368747,-131.28740123277714,-129.35302908859566,1.9343721441814807,5.803131954910332,-0.9665328359999998,0.29486883028838606,0.29486883028838606,1.0073216274277688,13.954649444444444,NO_FOLLOW_THROUGH,NO_FOLLOW_THROUGH,False,INITIAL_STOP_OR_GAP,0,-138.05706602368747,0.0,-0.9991415014145999,20.100675220850466,1.446632377443852,0.6321221695629324,20–25,0.5–1%,favorable,1706688000000
train,794,ETHUSDT,SHORT,2024-02-04T20:00:03+00:00,2024-02-05T08:00:12.625000+00:00,1707076803000,1707120012625,2024,2278.354238,2313.2325539999997,2331.080123637153,-88.33893447790483,-82.88483014239955,-80.70254400000007,2.1822861423994766,6.54686811150528,1.092763776,0.20358573156780035,0.20358573156780035,0.6615027055216098,12.002673611111112,NO_FOLLOW_THROUGH,NO_FOLLOW_THROUGH,False,RATCHETED_STOP,0,-88.33893447790483,0.0,-0.659439456827835,12.467687912862084,0.024492862069881605,0.059241186227956086,<20,<0.25%,favorable,1707120000000
train,795,ETHUSDT,LONG,2024-02-05T12:00:03+00:00,2024-02-12T06:47:18.402000+00:00,1707134403000,1707720438402,2024,2329.035714,2479.094082,2275.1862037078745,345.2291100212953,364.5038867868,367.37527200000017,2.871385213200142,8.61411155456736,-10.660665210937369,3.902807748109307,3.902807748109307,0.8734659562331825,162.78761166666666,WIN,WIN,False,RATCHETED_STOP,1,331.4588019207318,13.770308100563525,2.589868126871817,14.100181821434122,-0.06894769073307097,0.6394509911705034,<20,0.5–1%,flat_or_adverse,1707710400000
train,796,ADAUSDT,SHORT,2024-02-07T08:00:03+00:00,2024-02-07T20:49:12.420000+00:00,1707292803000,1707338952420,2024,0.48310336000000004,0.5004210816550618,0.5003210174515715,-132.83205368354533,-128.80167699788532,-127.33867673799404,1.4630002598912881,4.389016060316005,0.35863937465600004,0.5403383140922516,0.5403383140922516,1.0058117199608452,12.819283333333333,SLOW_FAILURE,SLOW_FAILURE,False,INITIAL_STOP_OR_GAP,0,-132.83205368354533,0.0,-0.9927180671412944,16.891784421899818,0.3583804562421605,0.7448789571694583,<20,0.5–1%,favorable,1707336000000
train,797,BTCUSDT,LONG,2024-02-07T20:00:03+00:00,2024-02-17T13:33:04.583000+00:00,1707336003000,1708176784583,2024,43604.919239999996,51324.63302,42689.03119763503,1121.7709490092989,1153.5275435860008,1156.8423900000007,3.3148464139998026,9.944400420913198,-21.8121941557887,10.10394320260422,10.10394320260422,0.0,233.55043972222222,WIN,WIN,False,RATCHETED_STOP,1,1025.3945165858922,96.37643242340675,8.356063842712155,11.204180422894455,0.14133437250376787,0.4984390805599484,<20,0.25–0.5%,favorable,1708171200000
train,798,SOLUSDT,LONG,2024-02-08T00:00:03+00:00,2024-02-12T02:36:13.374000+00:00,1707350403000,1707705373374,2024,101.15622719999999,107.1125732,96.76531776818996,168.87920133757405,176.04516674140032,177.27628820000015,1.23112145859983,3.6933431026454153,-3.472622301180857,2.2051861807608626,2.2051861807608626,0.14945131758945845,98.60288166666666,WIN,WIN,False,RATCHETED_STOP,0,168.87920133757405,0.0,1.2550391649053552,24.329123356950408,0.3567765153838688,1.4250753942749894,20–25,>=1%,favorable,1707696000000
train,799,XRPUSDT,LONG,2024-02-08T00:00:03+00:00,2024-02-12T02:47:18.125000+00:00,1707350403000,1707706038125,2024,0.51370272,0.51819634,0.5004667862806347,31.085200967020665,43.00264339573483,44.97764029000036,1.97499689426553,5.9249852854811635,-5.9924571432330005,1.6997123495023763,1.6997123495023763,0.27974754773685145,98.78753472222222,WIN,WIN,False,RATCHETED_STOP,0,31.085200967020665,0.0,0.23106582436029818,17.656343579660135,-0.34264271458285966,0.32126168224297696,<20,0.25–0.5%,flat_or_adverse,1707696000000
train,802,ETHUSDT,LONG,2024-02-12T16:00:03+00:00,2024-02-16T15:13:10.942000+00:00,1707753603000,1708096390942,2024,2557.841466,2755.69875,2491.6338903973124,379.49834737662087,394.67076583620053,397.25793100000027,2.587165163799705,7.761447820448279,-7.4109706391313495,4.7296480976610376,4.7296480976610376,0.33653952432439566,95.21887277777778,WIN,WIN,False,RATCHETED_STOP,1,389.3604213404721,-9.862073963851204,2.6521863797976337,44.547852854513316,0.3959138548279605,0.7089425299042403,>=35,0.5–1%,favorable,1708084800000
train,803,SOLUSDT,LONG,2024-02-13T00:00:03+00:00,2024-02-16T07:54:06.754000+00:00,1707782403000,1708070046754,2024,111.7593474,111.57768,106.46704674494663,-12.502845958740025,-4.802359552259865,-3.621581300000012,1.1807782522598536,3.5423351913697556,-4.158151215110405,1.337348926547076,1.337348926547076,0.6534676741575106,79.90104277777777,GIVEBACK_GE1R,GIVEBACK_GE1R,False,RATCHETED_STOP,0,-12.502845958740025,0.0,-0.08644807293749819,32.11148786524285,0.4960195799637196,0.25864306362261513,25–35,0.25–0.5%,favorable,1708056000000
train,804,ADAUSDT,LONG,2024-02-14T12:00:03+00:00,2024-02-17T10:12:06.153000+00:00,1707912003000,1708164726153,2024,0.5741147999999999,0.5823835,0.5487804671637769,33.855310535619395,46.92027510280074,48.23277400000036,1.3124988971996245,3.9374909036671197,-9.127473663514223,1.601984163639448,1.601984163639448,0.328202840538649,70.20087583333333,WIN,WIN,False,RATCHETED_STOP,0,33.855310535619395,0.0,0.2272615318878292,23.887784282911205,0.5075431049069706,1.3588850174215885,20–25,>=1%,favorable,1708156800000
train,806,ADAUSDT,LONG,2024-02-18T04:00:03+00:00,2024-02-20T15:28:10+00:00,1708228803000,1708442890000,2024,0.6216243,0.61357726,0.5911368247671059,-46.63921379564495,-37.78219504627202,-36.62230104000014,1.1598940062718839,3.479686413492125,-5.377332335880802,0.6781702926220724,0.6781702926220724,0.26394576587692486,59.46861111111111,SLOW_FAILURE,SLOW_FAILURE,False,RATCHETED_STOP,0,-46.63921379564495,0.0,-0.3155272397993489,32.1714343481802,0.5353040411434317,1.0782104924364224,25–35,>=1%,favorable,1708430400000
train,807,SOLUSDT,LONG,2024-02-18T12:00:03+00:00,2024-02-20T08:08:05.075000+00:00,1708257603000,1708416485075,2024,111.8563668,109.0251906,106.47745021784993,-84.77585708301628,-75.51822772356005,-74.33988060000016,1.1783471235598881,3.535050291465672,-5.722579067990565,0.5885261746771002,0.5885261746771002,0.5263469244708605,44.13390972222222,SLOW_FAILURE,SLOW_FAILURE,False,RATCHETED_STOP,0,-84.77585708301628,0.0,-0.5718440465412092,20.554140820379125,0.0,0.5999964232702099,20–25,0.5–1%,flat_or_adverse,1708416000000
train,808,ETHUSDT,LONG,2024-02-18T20:00:03+00:00,2024-02-21T14:36:03.972000+00:00,1708286403000,1708526163972,2024,2829.5958060000003,2873.02528,2742.919536055343,-14.906139026766049,-1.5104928368006085,0.9242959999995719,2.4347888368001804,7.30436639948448,-6.091279790480959,2.390898848465892,2.390898848465892,0.14139747831586957,66.60027,COST_FLIP,COST_FLIP,False,RATCHETED_STOP,1,58.958022332715466,-73.86416135948151,-0.10078811897765419,26.062264042778367,1.1523570476147251,0.14245165304009502,25–35,<0.25%,favorable,1708516800000
train,809,BTCUSDT,LONG,2024-02-19T00:00:03+00:00,2024-02-20T00:42:12.019000+00:00,1708300803000,1708389732019,2024,52186.33518,51552.98734000001,50884.20675673392,-76.85110789817746,-67.76821887999945,-65.54819999999984,2.220018879999614,6.660064505784001,-2.4228245123939995,0.26615256514462915,0.26615256514462915,0.48639429773861353,24.702505277777778,NO_FOLLOW_THROUGH,NO_FOLLOW_THROUGH,False,RATCHETED_STOP,0,-76.85110789817746,0.0,-0.5183464825364881,32.723482599466266,1.1084675153828765,0.1282201169505489,25–35,<0.25%,favorable,1708387200000
train,810,SOLUSDT,SHORT,2024-02-20T16:00:03+00:00,2024-02-24T17:08:20+00:00,1708444803000,1708794500000,2024,106.6276702,103.22064,112.6041250060543,85.52079076065164,81.67503146949986,82.68115249999995,1.006121030500097,3.0183531697617,6.864112460913475,1.359948408171087,1.359948408171087,0.5296333533374078,97.13805555555555,WIN,WIN,False,RATCHETED_STOP,0,85.52079076065164,0.0,0.5803513426348047,17.74364996763431,0.49125899759084657,0.7740417072987822,<20,0.5–1%,favorable,1708790400000
train,812,ETHUSDT,LONG,2024-02-25T04:00:03+00:00,2024-02-28T17:31:18.660000+00:00,1708833603000,1709141478660,2024,3027.90546,3167.656342,2929.8367874549963,117.29929054413716,142.05661308080053,144.35554799999966,2.2989349191991195,6.896787434934239,-17.860535101729138,4.8350255764133685,4.8350255764133685,0.1621869613122472,85.52101666666667,WIN,WIN,False,RATCHETED_STOP,1,176.75002314707547,-59.4507326029383,0.7991777038183585,20.8568713734307,0.11482433167436182,0.5945912020321806,20–25,0.5–1%,favorable,1709136000000
train,813,XRPUSDT,SHORT,2024-02-26T08:00:03+00:00,2024-02-26T17:17:07.924000+00:00,1708934403000,1708967827924,2024,0.5373924999999999,0.54940986,0.5513536571322256,-123.96544796399664,-119.48285536629687,-117.32174898000032,2.1611063862965523,6.483333237497877,2.0007406397981073,0.5868066609672127,0.5868066609672127,0.86077105831444,9.284701111111112,SLOW_FAILURE,SLOW_FAILURE,False,RATCHETED_STOP,0,-123.96544796399664,0.0,-0.8412538430316695,20.633435742517605,-0.0,0.07440476190477437,20–25,<0.25%,flat_or_adverse,1708963200000
train,814,SOLUSDT,SHORT,2024-02-26T12:00:03+00:00,2024-02-26T16:01:07.885000+00:00,1708948803000,1708963267885,2024,101.0337892,105.22104,105.43600202793483,-137.98221493400047,-135.29761039944003,-133.9647228,1.3328875994400278,3.998678874086736,1.314074339526312,0.15532851925307442,0.15532851925307442,0.9511695512377865,4.018023611111111,NO_FOLLOW_THROUGH,NO_FOLLOW_THROUGH,False,RATCHETED_STOP,0,-137.98221493400047,0.0,-0.9356835422663446,23.158114150089997,-0.0,0.9183208977378404,20–25,0.5–1%,flat_or_adverse,1708963200000
train,815,ADAUSDT,SHORT,2024-02-26T12:00:03+00:00,2024-02-26T15:32:19.726000+00:00,1708948803000,1708961539726,2024,0.57998398,0.6045017506322728,0.6043808744573814,-146.87146038138582,-142.7340583810971,-141.35493003519838,1.379128345898721,4.137402000288723,0.0,0.16739753525327677,0.16739753525327677,1.0049545721937103,3.5379794444444443,NO_FOLLOW_THROUGH,NO_FOLLOW_THROUGH,False,INITIAL_STOP_OR_GAP,0,-146.87146038138582,0.0,-0.9961931982592308,22.135446572669316,-0.0,0.1551456645405985,20–25,<0.25%,flat_or_adverse,1708948800000
train,816,BTCUSDT,LONG,2024-02-26T16:00:03+00:00,2024-03-05T19:36:04.506000+00:00,1708963203000,1709667364506,2024,52882.774439999994,62286.5402,51730.81885408502,1011.1856984210916,1120.665199696001,1123.6600800000003,2.994880303999059,8.9845060727904,-100.4949952021192,14.295017760533186,14.295017760533186,0.09164801255435631,195.60041833333332,WIN,WIN,False,RATCHETED_STOP,1,1004.8737643667027,6.311934054388871,6.953534031081557,14.45752026282302,0.6611585331048531,1.555256722329089,<20,>=1%,favorable,1709654400000
train,817,XRPUSDT,LONG,2024-02-27T20:00:03+00:00,2024-02-28T17:31:03.267000+00:00,1709064003000,1709141463267,2024,0.5943188399999999,0.571781626946586,0.5718960061478155,-154.92430970128078,-144.48966306347617,-142.99445761257485,1.4952054509013237,4.485633512039368,-5.949013125765255,0.5923051514162793,0.5923051514162793,1.0051010145275836,21.516740833333333,SLOW_FAILURE,SLOW_FAILURE,False,INITIAL_STOP_OR_GAP,0,-154.92430970128078,0.0,-1.033843302447681,25.485118506516212,1.6185442050982495,3.9044092898014138,25–35,>=1%,favorable,1709136000000
train,820,SOLUSDT,LONG,2024-02-29T00:00:03+00:00,2024-03-03T07:26:13.069000+00:00,1709164803000,1709450773069,2024,119.4448842,127.17456,111.32403610263191,122.94943363783241,141.17093397329992,142.07176649999994,0.9008325267000146,2.70248053148802,-15.519019803979486,2.2843815790634325,2.2843815790634325,0.25451580613481306,79.43613027777778,WIN,WIN,False,RATCHETED_STOP,0,122.94943363783241,0.0,0.8099143308643335,16.810595698088843,0.5266040009616554,1.8002930709650338,<20,>=1%,favorable,1709438400000
train,821,ADAUSDT,LONG,2024-02-29T08:00:03+00:00,2024-03-05T16:08:17.829000+00:00,1709193603000,1709654897829,2024,0.68473692,0.72395518,0.6382289098809028,97.76977625312276,125.9179144307862,126.82249594999993,0.9045815192137354,2.713729338942486,-25.434408838720962,2.4783489920303103,2.4783489920303103,0.9619186003752499,128.1374525,WIN,WIN,False,RATCHETED_STOP,0,97.76977625312276,0.0,0.6396843446564116,20.08689555034906,0.7849718414320648,3.169734151329235,20–25,>=1%,favorable,1709654400000
train,822,ETHUSDT,LONG,2024-02-29T12:00:03+00:00,2024-02-29T21:09:10.179000+00:00,1709208003000,1709240950179,2024,3521.2541100000003,3347.7636882787283,3348.433374953719,-155.2586303524249,-149.44464927070374,-148.26126081486657,1.1833884558371608,3.550183158862378,-2.26379792285876,0.020286281036017085,0.020286281036017085,1.003875036608376,9.151994166666666,NO_FOLLOW_THROUGH,NO_FOLLOW_THROUGH,False,INITIAL_STOP_OR_GAP,0,-155.2586303524249,0.0,-1.0100032967189883,46.29337606608716,0.4913528834141348,0.5249179815653809,>=35,0.5–1%,favorable,1709236800000
train,823,XRPUSDT,LONG,2024-03-02T04:00:03+00:00,2024-03-03T07:27:09.806000+00:00,1709352003000,1709450829806,2024,0.6321264,0.5936423143598797,0.5937610665731943,-159.5252974701575,-149.91133822428375,-148.95636954683343,0.9549686774503243,2.8649239071162453,-6.749035338757516,0.5310419115441608,0.5310419115441608,1.0030952999155123,27.451890555555554,SLOW_FAILURE,SLOW_FAILURE,False,INITIAL_STOP_OR_GAP,0,-159.5252974701575,0.0,-1.0400076749444354,21.596890374956082,0.3434810264199167,0.7912644405760412,20–25,0.5–1%,favorable,1709438400000
train,824,ETHUSDT,LONG,2024-03-04T00:00:03+00:00,2024-03-05T19:53:15.434000+00:00,1709510403000,1709668395434,2024,3492.478356,3419.5359559999997,3372.2497600027696,-106.196526522819,-87.87370928000044,-86.2083320000005,1.6653772799999444,4.996142184999839,-13.326675057818711,2.790115290107247,2.790115290107247,0.606697594652778,43.886787222222225,GIVEBACK_GE1R,GIVEBACK_GE1R,False,RATCHETED_STOP,0,-106.196526522819,0.0,-0.7006378420205351,19.41973505367262,0.0,0.061286969072987994,<20,<0.25%,flat_or_adverse,1709654400000
train,825,XRPUSDT,LONG,2024-03-04T12:00:03+00:00,2024-03-05T16:08:06.709000+00:00,1709553603000,1709654886709,2024,0.6608321399999999,0.6181088475254404,0.6182324940242452,-161.74973568898568,-151.7484054011585,-150.83988007296944,0.9085253281890573,2.7255940853538267,-7.275736202473341,0.21286233235743454,0.21286233235743454,1.0029025240931622,28.134363611111112,NO_FOLLOW_THROUGH,NO_FOLLOW_THROUGH,False,INITIAL_STOP_OR_GAP,0,-161.74973568898568,0.0,-1.0431109246544092,19.166158009658492,1.7943130459204155,2.209777508702883,<20,>=1%,favorable,1709654400000
train,826,ADAUSDT,SHORT,2024-03-05T20:00:03+00:00,2024-03-06T05:27:10.313000+00:00,1709668803000,1709702830313,2024,0.63507296,0.7186844112892421,0.7185407031486124,-148.0746171383854,-146.77027069907595,-146.2950035283864,0.4752671706895626,1.425819067469455,0.12147262816,0.10870019552158998,0.10870019552158998,1.0017217206936315,9.452031388888889,NO_FOLLOW_THROUGH,NO_FOLLOW_THROUGH,False,INITIAL_STOP_OR_GAP,0,-148.0746171383854,0.0,-0.9984688889360237,23.548517056598737,1.2421807612003994,0.6453643947741213,20–25,0.5–1%,favorable,1709697600000
train,827,XRPUSDT,SHORT,2024-03-05T20:00:03+00:00,2024-03-07T03:36:19.195000+00:00,1709668803000,1709782579195,2024,0.5678864,0.6266885487776397,0.6265632361304136,-146.03980991397773,-145.88492052000078,-145.29219128686367,0.5927292331371063,1.7782051344750724,1.6233157404981071,0.1599677252389349,0.1599677252389349,1.002135640833591,31.60449861111111,NO_FOLLOW_THROUGH,NO_FOLLOW_THROUGH,False,INITIAL_STOP_OR_GAP,0,-146.03980991397773,0.0,-0.9879018461951125,17.140464310546776,0.9598520861955706,0.5460630614761303,<20,0.5–1%,favorable,1709769600000
train,828,ETHUSDT,LONG,2024-03-06T12:00:03+00:00,2024-03-10T14:43:10.453000+00:00,1709726403000,1710081790453,2024,3883.836612,3870.685708,3623.31999014205,-20.375762582100744,-7.213270844000045,-6.36259999999995,0.8506708440000947,2.5520132955119994,-10.6104784425887,0.458678556277131,0.458678556277131,0.6096985707369091,98.71873694444444,NO_FOLLOW_THROUGH,NO_FOLLOW_THROUGH,False,RATCHETED_STOP,0,-20.375762582100744,0.0,-0.13927210399474457,25.720700262247448,0.287930691671194,1.42001045564464,25–35,>=1%,favorable,1710072000000
train,829,SOLUSDT,LONG,2024-03-07T16:00:03+00:00,2024-03-10T14:32:16.878000+00:00,1709827203000,1710081136878,2024,146.0932128,143.45630300000002,131.52993286334296,-33.68858613183934,-25.99518419035984,-25.424297799999795,0.5708863903600445,1.7126622219957357,-5.98073971948376,0.4673938308956575,0.4673938308956575,0.3153968625184831,70.53718833333333,NO_FOLLOW_THROUGH,NO_FOLLOW_THROUGH,False,RATCHETED_STOP,0,-33.68858613183934,0.0,-0.230946099954625,17.204442648780276,0.4359236568164456,0.927016294673431,<20,0.5–1%,favorable,1710072000000
train,830,XRPUSDT,LONG,2024-03-07T20:00:03+00:00,2024-03-08T15:32:11.235000+00:00,1709841603000,1709911931235,2024,0.6333266399999999,0.60677862,0.5869870269661536,-86.4399116709329,-81.97018689319168,-81.20439547999997,0.7657914131917067,2.2973839841034573,-2.1723407936377575,0.14185185351459265,0.14185185351459265,0.5729012018423474,19.535620833333333,NO_FOLLOW_THROUGH,NO_FOLLOW_THROUGH,False,RATCHETED_STOP,0,-86.4399116709329,0.0,-0.5912125124466496,24.974522580724432,0.0,0.3316487681617168,20–25,0.25–0.5%,flat_or_adverse,1709899200000
train,831,BTCUSDT,LONG,2024-03-11T08:00:03+00:00,2024-03-14T15:39:17.412000+00:00,1710144003000,1710430757412,2024,71238.14477999999,70609.67524000001,68547.35969473969,-52.24821322176929,-32.49187521799878,-31.02516999999955,1.4667052179992304,4.400119377020399,-15.356218626750103,0.9823360603859984,0.9823360603859984,0.9804368228630863,79.65400333333334,SLOW_FAILURE,SLOW_FAILURE,False,RATCHETED_STOP,0,-52.24821322176929,0.0,-0.3603165808630658,20.996253396569887,0.8222488637892387,1.7185266722640467,20–25,>=1%,favorable,1710417600000
train,832,ETHUSDT,LONG,2024-03-11T08:00:03+00:00,2024-03-12T17:22:19.464000+00:00,1710144003000,1710264139464,2024,4014.172674,3831.859837209656,3832.626362482152,-151.05513754721648,-140.63612230007146,-139.4256419812677,1.210480318803775,3.6314576874882767,-6.787557559656721,0.4652659990379176,0.4652659990379176,1.004222202401623,33.37124,NO_FOLLOW_THROUGH,NO_FOLLOW_THROUGH,False,INITIAL_STOP_OR_GAP,0,-151.05513754721648,0.0,-1.0417647624092754,12.538962053686229,0.09886931703604401,1.0597079262564815,<20,>=1%,favorable,1710259200000
train,833,XRPUSDT,LONG,2024-03-11T16:00:03+00:00,2024-03-14T13:49:12.666000+00:00,1710172803000,1710424152666,2024,0.69393876,0.66866624,0.6531228294622186,-101.8384258730427,-87.58724045271207,-86.64276500000007,0.9444754527119983,2.8334367552677993,-11.417748665062836,1.2632626359522097,1.2632626359522097,0.9172585190810406,69.81935166666666,GIVEBACK_GE1R,GIVEBACK_GE1R,False,RATCHETED_STOP,0,-101.8384258730427,0.0,-0.7008636631089276,32.51955217613721,1.3924085699221678,8.966411993657205,25–35,>=1%,favorable,1710417600000
train,834,ADAUSDT,LONG,2024-03-11T16:00:03+00:00,2024-03-12T17:21:06.654000+00:00,1710172803000,1710264066654,2024,0.75945186,0.7136599972774463,0.7138027578290121,-149.62231914017394,-141.95461874758303,-141.0412960394389,0.9133227081441362,2.739985049387861,-4.927715343203051,0.653860395505652,0.653860395505652,1.0031273463173729,25.351015,SLOW_FAILURE,SLOW_FAILURE,False,INITIAL_STOP_OR_GAP,0,-149.62231914017394,0.0,-1.0298968354547164,29.19791213780969,0.14286580218580844,1.6067430528117987,25–35,>=1%,favorable,1710259200000
train,835,SOLUSDT,LONG,2024-03-13T16:00:03+00:00,2024-03-19T07:16:09.865000+00:00,1710345603000,1710832569865,2024,157.3974732,180.4019124,146.5590676533683,254.08677907953293,269.3492673220797,270.37649199999964,1.0272246779199428,3.08164158858096,-12.180846653965789,4.8925579110185184,4.8925579110185184,0.06084596088997188,135.26857361111112,WIN,WIN,False,RATCHETED_STOP,1,281.9324001677209,-27.845621088187986,1.7805616407196254,13.130735924476173,0.3972437395738713,1.3097273149001205,<20,>=1%,favorable,1710820800000
train,836,ADAUSDT,LONG,2024-03-14T08:00:03+00:00,2024-03-14T16:30:18.085000+00:00,1710403203000,1710433818085,2024,0.7841568,0.737182297720758,0.7373297636734928,-144.798820448952,-140.71516552521692,-139.8037171473664,0.9114483778505189,2.734361909997637,-1.3492930137374592,0.5881901175199661,0.5881901175199661,1.0031491626270455,8.504190277777777,SLOW_FAILURE,SLOW_FAILURE,False,INITIAL_STOP_OR_GAP,0,-144.798820448952,0.0,-1.0053252870322016,19.123115045420086,0.1157054350918948,1.224489795918374,<20,>=1%,favorable,1710432000000
train,838,ADAUSDT,SHORT,2024-03-16T20:00:03+00:00,2024-03-20T20:24:18.666000+00:00,1710619203000,1710966258666,2024,0.6667666200000001,0.6385276799999999,0.7293650045359746,63.74974018554662,63.19168516110634,63.775872150000176,0.5841869888938334,1.7525533135773417,2.3106083380176203,1.56020991154927,1.56020991154927,0.5245084237138893,96.40435166666667,WIN,WIN,False,RATCHETED_STOP,0,63.74974018554662,0.0,0.44747078835151094,28.951938810502035,0.12486991809162341,0.179937022042282,25–35,<0.25%,favorable,1710964800000
train,839,ETHUSDT,SHORT,2024-03-17T00:00:03+00:00,2024-03-20T20:21:10.945000+00:00,1710633603000,1710966070945,2024,3524.8648860000003,3431.376138,3743.810835214039,61.56290614624854,59.43079710360014,60.31521600000007,0.8844188963999287,2.6532494513740805,4.785358494022471,2.146031418652403,2.146031418652403,0.7220280373648642,92.35220694444445,WIN,WIN,False,RATCHETED_STOP,0,61.56290614624854,0.0,0.43120594285059716,43.30709153200308,0.445216643673229,1.1464780263105667,>=35,>=1%,favorable,1710964800000
train,840,BTCUSDT,SHORT,2024-03-17T00:00:03+00:00,2024-03-18T05:35:08.990000+00:00,1710633603000,1710740108990,2024,65337.9298,68986.19447999999,69089.08139618499,-136.40003247144074,-134.98579315999973,-133.99179999999978,0.9939931599999454,2.9819955590159997,1.5677562475749998,0.20743757751389483,0.20743757751389483,0.9725719119724087,29.58499722222222,NO_FOLLOW_THROUGH,NO_FOLLOW_THROUGH,False,RATCHETED_STOP,0,-136.40003247144074,0.0,-0.9561155540134577,28.71347351282214,0.2220390387558388,0.3504154488837202,25–35,0.25–0.5%,favorable,1710734400000
train,841,BTCUSDT,SHORT,2024-03-19T08:00:03+00:00,2024-03-20T20:05:03.208000+00:00,1710835203000,1710965103208,2024,64729.15158,66075.61248,68354.41123519411,-52.92227261035883,-51.56945246999993,-50.567489999999836,1.0019624700000946,3.0058934780987996,1.6530733377399,1.0838262507267522,1.0838262507267522,0.37141088585774723,36.08339111111111,GIVEBACK_GE1R,GIVEBACK_GE1R,False,RATCHETED_STOP,0,-52.92227261035883,0.0,-0.3705676972743697,32.659103306974615,0.4291712145109999,0.23323308944257293,25–35,<0.25%,favorable,1710964800000
train,842,SOLUSDT,LONG,2024-03-21T00:00:03+00:00,2024-03-22T12:03:07.101000+00:00,1710979203000,1711108987101,2024,191.9453814,171.6316668,170.36071499908405,-134.03835075153097,-131.73647055246,-131.2649091000001,0.4715614524598948,1.414700109169092,-0.88718008990188,0.18474311930207896,0.18474311930207896,0.9411178390571735,36.051139166666665,NO_FOLLOW_THROUGH,NO_FOLLOW_THROUGH,False,RATCHETED_STOP,0,-134.03835075153097,0.0,-0.9441290110405072,27.558059509879765,0.0,1.4355238750286559,25–35,>=1%,flat_or_adverse,1711108800000
train,843,ETHUSDT,SHORT,2024-03-22T16:00:03+00:00,2024-03-24T22:06:12.194000+00:00,1711123203000,1711317972194,2024,3350.539758,3438.6875999999997,3579.6354592691996,-53.727854280328344,-52.994482610399906,-52.17814799999997,0.8163346103999345,2.4490100925777596,1.7156384226493198,0.43841834413984876,0.43841834413984876,0.3847642775995235,54.10255388888889,NO_FOLLOW_THROUGH,NO_FOLLOW_THROUGH,False,RATCHETED_STOP,0,-53.727854280328344,0.0,-0.38116948641927756,42.15472209769336,0.23412451559077008,0.630220129445779,>=35,0.5–1%,favorable,1711310400000
train,844,BTCUSDT,SHORT,2024-03-22T16:00:03+00:00,2024-03-24T18:34:12.766000+00:00,1711123203000,1711305252766,2024,63907.216,66063.20999999999,67550.4475499684,-82.25308816289889,-81.06537439999968,-80.08800000000001,0.9773743999996753,2.9321328105599997,1.7444190476608,0.44279809775307605,0.44279809775307605,0.5917806679124441,50.56937944444444,NO_FOLLOW_THROUGH,NO_FOLLOW_THROUGH,False,RATCHETED_STOP,0,-82.25308816289889,0.0,-0.5840587385323681,23.227725448993002,0.0989134246005336,0.28473091364205255,20–25,0.25–0.5%,favorable,1711296000000
train,845,SOLUSDT,LONG,2024-03-25T00:00:03+00:00,2024-03-27T07:52:13.316000+00:00,1711324803000,1711525933316,2024,184.05480359999999,186.26274,171.22998769480563,18.031274200623866,23.552278372440238,24.342322200000112,0.7900438275598738,2.370128561601336,-3.1508756102150337,0.9944155529620241,0.9944155529620241,0.22782421374302733,55.86953222222222,WIN,WIN,False,RATCHETED_STOP,0,18.031274200623866,0.0,0.12884550415202775,20.86779735378377,0.24216099930892715,1.5737505366293627,20–25,>=1%,favorable,1711512000000
train,846,BTCUSDT,LONG,2024-03-25T16:00:03+00:00,2024-03-27T14:03:06.747000+00:00,1711382403000,1711548186747,2024,69858.46889999999,69306.136,66936.72022583957,-33.50802864160682,-25.57301326999972,-24.28435,1.28866326999972,3.8659927241219987,-4.069022647485101,0.6946289110863385,0.6946289110863385,0.18904189292007098,46.05104083333333,SLOW_FAILURE,SLOW_FAILURE,False,RATCHETED_STOP,0,-33.50802864160682,0.0,-0.23857267818765915,18.555350475836857,0.6238909930599887,2.9559908711625607,<20,>=1%,favorable,1711540800000
train,847,XRPUSDT,LONG,2024-03-25T16:00:03+00:00,2024-03-26T14:32:17.826000+00:00,1711382403000,1711463537826,2024,0.6427285199999999,0.6265746600000001,0.6157881137492799,-86.61794621464786,-81.20311191029926,-79.92699449999957,1.2761174102996904,3.8283618221393394,-1.5864724822092597,0.7747277381699553,0.7747277381699553,0.5996145659298703,22.537451666666666,SLOW_FAILURE,SLOW_FAILURE,False,RATCHETED_STOP,0,-86.61794621464786,0.0,-0.6160814422690373,11.002833694195013,0.052411124652872725,0.6692607003891006,<20,0.5–1%,favorable,1711454400000
train,848,ETHUSDT,LONG,2024-03-25T16:00:03+00:00,2024-03-27T09:03:14.710000+00:00,1711382403000,1711530194710,2024,3585.196896,3544.9208740000004,3416.397114986495,-39.63052602530134,-32.43428051659964,-31.28590499999993,1.1483755165997138,3.4451303041086003,-3.7511152045931,0.5879930850861659,0.5879930850861659,0.23860233560834584,41.05325277777778,SLOW_FAILURE,SLOW_FAILURE,False,RATCHETED_STOP,0,-39.63052602530134,0.0,-0.28195959634457457,28.667069433481593,0.004640567657659343,0.31120274070437554,25–35,0.25–0.5%,favorable,1711526400000
train,849,XRPUSDT,SHORT,2024-03-27T08:00:03+00:00,2024-03-28T16:48:15.744000+00:00,1711526403000,1711644495744,2024,0.6208758,0.6356270999999999,0.6470721014117872,-74.45882813206103,-75.51507475436955,-74.22861604999979,1.286458704369764,3.8593850205439253,4.91563164285245,0.6594747757874933,0.6594747757874933,0.5631062098469546,32.80354,SLOW_FAILURE,SLOW_FAILURE,False,RATCHETED_STOP,0,-74.45882813206103,0.0,-0.5349440690057014,15.589109288580683,-0.15342069811801226,0.2818035426731126,<20,0.25–0.5%,flat_or_adverse,1711641600000
train,850,SOLUSDT,LONG,2024-03-30T00:00:03+00:00,2024-04-01T05:50:17.135000+00:00,1711756803000,1711950617135,2024,192.23844,193.4613,181.95234686139574,4.161853156813056,15.967127591999963,16.97436000000015,1.0072324080001867,3.0216951870767996,-8.783579248110108,1.216842957898629,1.216842957898629,0.1339128453766767,53.83725972222222,WIN,WIN,False,RATCHETED_STOP,0,4.161853156813056,0.0,0.03008777453180693,12.589175900792828,0.0,0.5306971904266296,<20,0.5–1%,flat_or_adverse,1711944000000
train,851,ETHUSDT,LONG,2024-03-31T08:00:03+00:00,2024-04-01T05:50:13.168000+00:00,1711872003000,1711950613168,2024,3630.906036,3510.3926438187027,3511.0948627912608,-142.59980018094456,-133.08293898580644,-131.50571701961056,1.5772219661958786,4.731681679274276,-4.78517951586384,0.2518459939243727,0.2518459939243727,1.0058610474611964,21.836157777777778,NO_FOLLOW_THROUGH,NO_FOLLOW_THROUGH,False,INITIAL_STOP_OR_GAP,0,-142.59980018094456,0.0,-1.0279474235323984,11.791321978267174,0.0,1.6583245412749341,<20,>=1%,flat_or_adverse,1711944000000
train,852,BTCUSDT,LONG,2024-03-31T20:00:03+00:00,2024-04-01T05:48:15.333000+00:00,1711915203000,1711950495333,2024,71149.32702,69563.28456,69541.23985583248,-138.84749902520434,-127.99362652199974,-125.72253000000069,2.2710965219990555,6.813304652703599,-4.040567850501,0.21527003492948799,0.21527003492948799,0.9862913499599173,9.803425833333334,NO_FOLLOW_THROUGH,NO_FOLLOW_THROUGH,False,RATCHETED_STOP,0,-138.84749902520434,0.0,-0.9991944683156426,31.045943428609252,0.0,0.43733684214966423,25–35,0.25–0.5%,flat_or_adverse,1711944000000
train,853,XRPUSDT,SHORT,2024-04-01T08:00:03+00:00,2024-04-04T13:00:10.639000+00:00,1711958403000,1712235610639,2024,0.61567684,0.59481894,0.6376969885962908,124.76818920092225,123.52751291229993,124.96131070000006,1.4337977877001293,4.301378367742716,5.542054656365042,2.410376104770732,2.410376104770732,0.15091451292748181,77.00212194444444,WIN,WIN,False,RATCHETED_STOP,0,124.76818920092225,0.0,0.9157652232755454,15.59780141841387,0.31367930068225036,0.00812083807048798,<20,<0.25%,favorable,1712232000000
train,854,ADAUSDT,SHORT,2024-04-01T16:00:03+00:00,2024-04-04T17:53:11.111000+00:00,1711987203000,1712253191111,2024,0.6091781399999999,0.5952190199999999,0.6360359788659291,67.98766573017987,68.66657660301597,69.85149405999995,1.1849174569839818,3.5547439887727124,2.8758331159366173,1.8571166596458133,1.8571166596458133,0.5369702332340348,73.88558638888888,WIN,WIN,False,RATCHETED_STOP,0,67.98766573017987,0.0,0.49658109823812885,14.829218704841809,1.1300504536179021,0.968165408598606,<20,0.5–1%,favorable,1712246400000
train,855,ETHUSDT,SHORT,2024-04-02T04:00:03+00:00,2024-04-04T13:16:09.336000+00:00,1712030403000,1712236569336,2024,3367.1264400000005,3370.674,3510.941955847395,-4.783553976104759,-3.2708503199995587,-2.0283999999998326,1.242450319999726,3.7273512034080003,2.2146475473028002,1.1403946162111667,1.1403946162111667,0.16579268140511483,57.26842666666667,GIVEBACK_GE1R,GIVEBACK_GE1R,False,RATCHETED_STOP,0,-4.783553976104759,0.0,-0.03477302241056085,20.51525866489634,0.8623511030031552,0.05686187759998229,20–25,<0.25%,favorable,1712232000000
train,856,SOLUSDT,SHORT,2024-04-02T12:00:03+00:00,2024-04-03T06:22:18.441000+00:00,1712059203000,1712125338441,2024,179.9829962,191.2576686322788,191.21942474732936,-137.72231731301474,-135.62190722063852,-134.72878924315003,0.8931179774884868,2.679370099920599,0.57896000754436,0.3534927653630709,0.3534927653630709,1.0034035623319602,18.370955833333333,NO_FOLLOW_THROUGH,NO_FOLLOW_THROUGH,False,INITIAL_STOP_OR_GAP,0,-137.72231731301474,0.0,-0.9934820681572133,27.23942340263539,0.5303059181757502,0.6010309736479545,25–35,0.5–1%,favorable,1712116800000
train,857,SOLUSDT,SHORT,2024-04-05T04:00:03+00:00,2024-04-07T01:22:05.192000+00:00,1712289603000,1712452925192,2024,179.4900948,180.036,190.91713349143276,-7.647662502739982,-6.366783166559918,-5.528167199999879,0.838615966560039,2.515848563060064,1.23496922688,0.9967669759042261,0.9967669759042261,0.08837855784606315,45.36727555555556,SLOW_FAILURE,SLOW_FAILURE,False,RATCHETED_STOP,0,-7.647662502739982,0.0,-0.05597735894750565,31.042132352315527,-0.0,0.4484055145522946,25–35,0.25–0.5%,flat_or_adverse,1712448000000
train,858,BTCUSDT,LONG,2024-04-07T00:00:03+00:00,2024-04-09T14:42:18.141000+00:00,1712448003000,1712673738141,2024,68915.2803,68887.11981999999,66666.99215382284,-11.204958025443041,-1.6304917920003428,-0.03474000000033702,1.5957517920000057,4.7872553801688,-4.7872108532738995,1.7680650528532222,1.7680650528532222,0.04211217328213946,62.70420583333333,GIVEBACK_GE1R,GIVEBACK_GE1R,False,RATCHETED_STOP,0,-11.204958025443041,0.0,-0.08205142066850381,22.837656748582155,0.16929144889881306,0.45818965016779234,20–25,0.25–0.5%,favorable,1712664000000
train,859,ETHUSDT,LONG,2024-04-08T00:00:03+00:00,2024-04-10T12:37:08.892000+00:00,1712534403000,1712752628892,2024,3456.6911999999998,3451.6095400000004,3342.7159142806795,-15.740258484047043,-5.812910873999284,-4.232429999999791,1.5804808739994929,4.7414431298916,-5.18590448015616,2.4445545211102795,2.4445545211102795,0.43308687219752656,60.61830333333333,GIVEBACK_GE1R,GIVEBACK_GE1R,False,RATCHETED_STOP,0,-15.740258484047043,0.0,-0.1151420931255798,22.917204596384835,0.13869015053388675,0.35315495704559124,20–25,0.25–0.5%,favorable,1712750400000
train,860,XRPUSDT,LONG,2024-04-08T12:00:03+00:00,2024-04-10T12:36:18+00:00,1712577603000,1712752578000,2024,0.6082216199999999,0.60097978,0.5882663028336543,-57.71401912419408,-48.291841430343624,-46.67914370000004,1.6126977303435837,4.838098792529244,-4.584078901321213,1.7879134519681459,1.7879134519681459,0.5422925584089643,48.604166666666664,GIVEBACK_GE1R,GIVEBACK_GE1R,False,RATCHETED_STOP,0,-57.71401912419408,0.0,-0.4135413699067015,16.257165781246005,0.0,0.33717105263157837,<20,0.25–0.5%,flat_or_adverse,1712750400000
train,861,SOLUSDT,SHORT,2024-04-09T16:00:03+00:00,2024-04-11T18:41:06+00:00,1712678403000,1712860866000,2024,172.495494,176.1932316,181.34292488333784,-54.688082606109674,-55.81697929823974,-54.76429719999979,1.0526820982399485,3.158052866435664,4.286949558565724,1.1534980193199122,1.1534980193199122,0.6052046148316349,50.68416666666667,GIVEBACK_GE1R,GIVEBACK_GE1R,False,RATCHETED_STOP,0,-54.688082606109674,0.0,-0.39710432181603067,25.49360199261313,0.13399251929552827,0.5048426641318325,25–35,0.5–1%,favorable,1712851200000
train,862,ADAUSDT,SHORT,2024-04-10T04:00:03+00:00,2024-04-19T07:01:08.750000+00:00,1712721603000,1713510068750,2024,0.5827834199999999,0.46069212,0.6090394249098257,572.3991659588146,569.6422764750478,570.9757661999998,1.3334897249520878,4.000400657764056,6.757290141530882,7.140592052899812,7.140592052899812,0.4652870854479561,219.0182638888889,WIN,WIN,False,RATCHETED_STOP,1,618.2093919381018,-45.810225979287175,4.181371753505721,20.975986432014516,-0.46494921447121973,0.686341798215512,20–25,0.5–1%,flat_or_adverse,1713499200000
train,863,SOLUSDT,SHORT,2024-04-12T16:00:03+00:00,2024-04-15T06:15:08.937000+00:00,1712937603000,1713161708937,2024,167.42750780000003,153.1196178,176.10798214258904,216.4312794072143,217.80614789200064,218.7820816000002,0.9759337079995589,2.9277748701502078,1.552906385363888,6.279669249473516,6.279669249473516,0.059385257032651274,62.25164916666667,WIN,WIN,False,RATCHETED_STOP,0,216.4312794072143,0.0,1.5888471422857313,27.467744325677266,-0.0,1.6188940642541407,25–35,>=1%,flat_or_adverse,1713153600000
train,864,XRPUSDT,SHORT,2024-04-12T20:00:03+00:00,2024-04-19T19:10:17.500000+00:00,1712952003000,1713553817500,2024,0.53629272,0.5056010999999999,0.5725553369822912,116.69616430862716,116.89370603456412,117.68735298000014,0.7936469454360235,2.380926713825642,2.183384987888689,3.4854825855983704,3.4854825855983704,0.3559390103120054,167.17069444444445,WIN,WIN,False,RATCHETED_STOP,0,116.69616430862716,0.0,0.8254091527156072,18.751560765871194,2.683742811369421,10.348685437255266,<20,>=1%,favorable,1713542400000
train,865,ETHUSDT,SHORT,2024-04-12T20:00:03+00:00,2024-04-19T06:53:17.322000+00:00,1712952003000,1713509597322,2024,3206.288614,3094.208718,3386.15177683295,85.93611597349664,85.64024853360014,86.60309399999976,0.9628454663996138,2.88852600682872,3.1843934467252195,2.305522751121294,2.305522751121294,0.5511489091964289,154.88731166666668,WIN,WIN,False,RATCHETED_STOP,0,85.93611597349664,0.0,0.6079525701487133,22.77925235914146,1.927145034242357,7.0196883048849665,20–25,>=1%,favorable,1713499200000
train,866,SOLUSDT,SHORT,2024-04-16T16:00:03+00:00,2024-04-18T22:35:08.740000+00:00,1713283203000,1713479708740,2024,127.53848719999999,142.65052440000002,144.67772723145023,-127.3842871578018,-126.34116460316027,-125.88939740000018,0.4517672031600881,1.355316716207688,0.31219416156615704,0.0668925342019955,0.0668925342019955,0.881721544961718,54.58492777777778,NO_FOLLOW_THROUGH,NO_FOLLOW_THROUGH,False,RATCHETED_STOP,0,-127.3842871578018,0.0,-0.8785413809636002,52.06079969728028,0.13569348219318195,1.6131940144074426,>=35,>=1%,favorable,1713470400000
train,868,SOLUSDT,LONG,2024-04-20T20:00:03+00:00,2024-04-24T14:36:18.864000+00:00,1713643203000,1713969378864,2024,151.1722284,152.9454048,138.0378567921584,16.641215435321687,18.823686027120118,19.469377200000032,0.6456911728799142,1.937071182314736,-0.24539940948369596,0.6711224459902851,0.6711224459902851,0.35237532012850936,90.60440666666666,WIN,WIN,False,RATCHETED_STOP,0,16.641215435321687,0.0,0.11719201721176296,30.124419874680047,0.32875098597992003,1.5111616890076829,25–35,>=1%,favorable,1713960000000
train,869,XRPUSDT,LONG,2024-04-21T08:00:03+00:00,2024-04-24T13:02:05.454000+00:00,1713686403000,1713963725454,2024,0.53340666,0.54009196,0.5074962750522727,30.750421577034253,35.46349152263003,36.60240999000009,1.1389184673700612,3.416751009820801,-1.2963189357749756,1.4624769209893076,1.4624769209893076,0.5946133193729862,77.034015,WIN,WIN,False,RATCHETED_STOP,0,30.750421577034253,0.0,0.21659185958356028,30.544589484522636,0.21618512439043508,0.6561679790026148,25–35,0.5–1%,favorable,1713960000000
train,870,BTCUSDT,LONG,2024-04-22T20:00:03+00:00,2024-04-24T14:22:13.817000+00:00,1713816003000,1713968533817,2024,66508.89912,65736.85,64199.131791365035,-50.694994419795364,-45.62810299199977,-44.06496000000034,1.5631429919994275,4.689434263795199,-0.37745716400039997,0.30873277631016993,0.30873277631016993,0.3342540655193455,42.36967138888889,NO_FOLLOW_THROUGH,NO_FOLLOW_THROUGH,False,RATCHETED_STOP,0,-50.694994419795364,0.0,-0.35501608618778896,19.804252751230848,0.16137824099045192,0.07007982483052384,<20,<0.25%,favorable,1713960000000
train,871,ETHUSDT,LONG,2024-04-24T12:00:03+00:00,2024-04-24T15:42:14.545000+00:00,1713960003000,1713973334545,2024,3280.80603,3173.755298957421,3174.3901769928193,-142.0485929158446,-137.0891661731269,-135.4360293429957,1.6531368301311886,4.959426742717723,0.0,0.11815880477085902,0.11815880477085902,1.0059660099266925,3.7032069444444446,NO_FOLLOW_THROUGH,NO_FOLLOW_THROUGH,False,INITIAL_STOP_OR_GAP,0,-142.0485929158446,0.0,-0.9933580453345452,17.34771134948983,0.28905116452327073,0.18749142569699834,<20,<0.25%,favorable,1713960000000
train,872,SOLUSDT,SHORT,2024-04-27T00:00:03+00:00,2024-05-02T11:12:06.061000+00:00,1714176003000,1714648326061,2024,139.1741596,135.9701886,147.77338065997017,50.461302377890725,51.17606759169993,52.05502929999978,0.8789617082998475,2.6368788782964834,1.9221136644872794,2.4315178612320163,2.4315178612320163,0.6401557026630385,131.2008502777778,WIN,WIN,False,RATCHETED_STOP,0,50.461302377890725,0.0,0.3581112824667556,27.32438010097082,0.3391518957472314,1.3218200887918303,25–35,>=1%,favorable,1714636800000
train,873,ADAUSDT,SHORT,2024-04-27T04:00:03+00:00,2024-04-28T03:00:20+00:00,1714190403000,1714273220000,2024,0.45850828,0.47579514,0.4821956366370152,-102.6938383072,-99.9507316088301,-98.87032755000003,1.0804040588300694,3.241224040929306,0.4981173425594166,0.3549691140657178,0.3549691140657178,0.7297927018579432,23.004722222222224,NO_FOLLOW_THROUGH,NO_FOLLOW_THROUGH,False,RATCHETED_STOP,0,-102.6938383072,0.0,-0.7272966979865285,26.61277561143492,0.7765142706171178,0.3925845147219124,25–35,0.25–0.5%,favorable,1714262400000
train,874,ETHUSDT,LONG,2024-04-27T20:00:03+00:00,2024-04-29T12:33:08.264000+00:00,1714248003000,1714393988264,2024,3236.4771659999997,3144.17104,3123.8088473138628,-116.07825932934199,-109.7889062643994,-108.2710819999997,1.5178242643997066,4.55348578572984,-1.7358672792127599,1.1468426573396553,1.1468426573396553,0.8192731290962023,40.55146222222222,GIVEBACK_GE1R,GIVEBACK_GE1R,False,RATCHETED_STOP,0,-116.07825932934199,0.0,-0.828143491162013,21.630189329174602,0.0,2.120939604367353,20–25,>=1%,flat_or_adverse,1714392000000
train,875,XRPUSDT,SHORT,2024-04-29T00:00:03+00:00,2024-05-01T18:54:13.750000+00:00,1714348803000,1714589653750,2024,0.5097980200000001,0.51970392,0.526916954187044,-81.1203113876886,-77.5803659058793,-75.96781203999946,1.6125538658798462,4.837670713777444,1.2977252319681467,1.9042085005894325,1.9042085005894325,0.578651678414476,66.9029861111111,GIVEBACK_GE1R,GIVEBACK_GE1R,False,RATCHETED_STOP,0,-81.1203113876886,0.0,-0.5775369342552983,22.177297037224683,0.8168324276610499,0.07844675426553362,20–25,<0.25%,favorable,1714579200000
train,876,BTCUSDT,SHORT,2024-04-29T04:00:03+00:00,2024-04-29T22:57:15.942000+00:00,1714363203000,1714431435942,2024,62247.44802,63897.778873131414,63885.00187275687,-138.835259443325,-133.34673293301796,-131.3082313187548,2.0385016142631684,6.1155205997790105,0.6269940894719999,0.31830893324361326,0.31830893324361326,1.0078024917183859,18.953595,NO_FOLLOW_THROUGH,NO_FOLLOW_THROUGH,False,INITIAL_STOP_OR_GAP,0,-138.835259443325,0.0,-0.9891249398915983,26.179221209353077,1.063194885788248,0.6265670198635053,25–35,0.5–1%,favorable,1714420800000
train,877,ADAUSDT,SHORT,2024-04-30T12:00:03+00:00,2024-05-01T18:44:19.255000+00:00,1714478403000,1714589059255,2024,0.4314137,0.45324598548238826,0.45315535441150595,-139.2429351056633,-136.44948969172236,-135.34368909416358,1.1058005975587832,3.3174180339191897,0.5239726199782522,0.6123591033143373,0.6123591033143373,1.0041685452802682,30.73784861111111,SLOW_FAILURE,SLOW_FAILURE,False,INITIAL_STOP_OR_GAP,0,-139.2429351056633,0.0,-0.9931939801944684,24.99829160585267,0.6141668128476072,3.3603707995365037,20–25,>=1%,favorable,1714579200000
train,878,ETHUSDT,SHORT,2024-04-30T12:00:03+00:00,2024-05-02T21:40:11.111000+00:00,1714478403000,1714686011111,2024,3005.338812,3015.542988,3141.365974923336,-12.721685785088829,-10.155195955200188,-8.9568,1.1983959552001888,3.5951889404159996,1.02869911052736,1.4033874404010689,1.4033874404010689,0.23400611551341344,57.66891972222222,GIVEBACK_GE1R,GIVEBACK_GE1R,False,RATCHETED_STOP,0,-12.721685785088829,0.0,-0.09076565062925399,17.61929884270825,0.4476654008236655,2.3832890320133977,<20,>=1%,favorable,1714680000000
train,879,SOLUSDT,LONG,2024-05-04T12:00:03+00:00,2024-05-08T00:32:10.618000+00:00,1714824003000,1715128330618,2024,146.4832908,147.495495,137.17139528152228,10.65252108388133,14.511161852040194,15.35407019999997,0.8429083479597761,2.5287232013915757,-1.329917566767288,1.3649969734709733,1.3649969734709733,0.3579605026050491,84.53544944444444,WIN,WIN,False,RATCHETED_STOP,0,10.65252108388133,0.0,0.0778367498455795,26.885727858562035,0.4437439736477214,0.05258198008713462,25–35,<0.25%,favorable,1715126400000
train,880,ETHUSDT,LONG,2024-05-06T08:00:03+00:00,2024-05-06T14:58:18.015000+00:00,1714982403000,1715007498015,2024,3179.73582,3071.768319409585,3072.3827959687783,-136.18473334728012,-131.61238321971595,-130.08827171405918,1.5241115056567764,4.57235012756417,0.0,0.39322767458998403,0.39322767458998403,1.00572388681864,6.9708375,NO_FOLLOW_THROUGH,NO_FOLLOW_THROUGH,False,INITIAL_STOP_OR_GAP,0,-136.18473334728012,0.0,-0.9935770685985901,26.365007747567546,0.43329471025564475,0.25007077474756434,25–35,0.25–0.5%,favorable,1714996800000
train,881,XRPUSDT,LONG,2024-05-06T16:00:03+00:00,2024-05-06T23:30:11.669000+00:00,1715011203000,1715038211669,2024,0.55931184,0.5393752248450163,0.5394831214693102,-135.7530196535093,-131.40796226335453,-129.95961499835417,1.4483472650003648,4.345057390154787,0.0,0.5390242432186126,0.5390242432186126,1.0054414320384293,7.502408055555556,FAST_REVERSAL,FAST_REVERSAL,False,INITIAL_STOP_OR_GAP,0,-135.7530196535093,0.0,-0.9938336016404871,23.44245370160571,1.1665132472262327,2.0922746781115955,20–25,>=1%,favorable,1715025600000
train,882,ADAUSDT,SHORT,2024-05-08T00:00:03+00:00,2024-05-08T15:01:07.946000+00:00,1715126403000,1715180467946,2024,0.44111175999999996,0.45964682727438944,0.4595549162911312,-134.4183273982755,-130.54739616687294,-129.27854499772928,1.2688511691436588,3.8065690208560365,-0.06436221054650129,0.28800710226341286,0.28800710226341286,1.00498347364233,15.018040555555556,NO_FOLLOW_THROUGH,NO_FOLLOW_THROUGH,False,INITIAL_STOP_OR_GAP,0,-134.4183273982755,0.0,-0.9966434394906273,14.158542838110455,0.2438374647173281,0.8614826569938847,<20,0.5–1%,favorable,1715169600000
train,883,ETHUSDT,SHORT,2024-05-08T00:00:03+00:00,2024-05-09T22:38:08.393000+00:00,1715126403000,1715294288393,2024,3003.94909,3035.5969979999995,3121.0411336867146,-37.47443383703588,-35.0279045743994,-33.690991999999554,1.3369125743998467,4.01074176611904,1.56421250348256,0.6260808821147766,0.6260808821147766,0.28670530416072093,46.63483138888889,SLOW_FAILURE,SLOW_FAILURE,False,RATCHETED_STOP,0,-37.47443383703588,0.0,-0.277758948307414,17.88017610688829,-0.3405409385635012,0.23372884458571289,<20,<0.25%,flat_or_adverse,1715284800000
train,884,SOLUSDT,LONG,2024-05-09T20:00:03+00:00,2024-05-11T11:17:11.081000+00:00,1715284803000,1715426231081,2024,150.80715539999997,143.17136,142.2960320266136,-120.0780074383322,-116.67419013245966,-115.77580229999997,0.8983878324596901,2.6951773904762755,-0.708639915396267,0.5748764746260838,0.5748764746260838,0.8971548249290482,39.285578055555554,SLOW_FAILURE,SLOW_FAILURE,False,RATCHETED_STOP,0,-120.0780074383322,0.0,-0.8978733218623377,24.41803405967783,0.0,0.5889648677150453,20–25,0.5–1%,flat_or_adverse,1715414400000
train,885,BTCUSDT,LONG,2024-05-10T00:00:03+00:00,2024-05-10T14:52:11.668000+00:00,1715299203000,1715352731668,2024,63062.61,61027.637029699676,61039.84499869942,-132.9183131805381,-127.99979983189043,-126.4387495818067,1.5610502500837242,4.683165922900865,-0.2353474257468,0.1897847746788027,0.1897847746788027,1.0060352878321956,14.869074444444445,NO_FOLLOW_THROUGH,NO_FOLLOW_THROUGH,False,INITIAL_STOP_OR_GAP,0,-132.9183131805381,0.0,-0.9950573911543902,18.604299495968302,0.0,0.08754942498108186,<20,<0.25%,flat_or_adverse,1715342400000
train,886,XRPUSDT,SHORT,2024-05-10T16:00:03+00:00,2024-05-13T11:02:13.333000+00:00,1715356803000,1715598133333,2024,0.5008998,0.50850168,0.5193903996298,-54.46188205853114,-52.06701314957966,-50.684290899999745,1.3827222495799134,4.148172830854908,1.753303921903428,0.8003958928486126,0.8003958928486126,0.41112133474289914,67.0362036111111,SLOW_FAILURE,SLOW_FAILURE,False,RATCHETED_STOP,0,-54.46188205853114,0.0,-0.41216665342168884,18.52703974992836,0.6489854324543757,1.477340786584141,<20,>=1%,favorable,1715587200000
train,887,ETHUSDT,SHORT,2024-05-10T16:00:03+00:00,2024-05-12T16:15:16.601000+00:00,1715356803000,1715530516601,2024,2916.436596,2947.18932,3022.843542947508,-39.22019709736891,-36.57421465319993,-35.17949399999991,1.394720653200018,4.18416618113928,1.5381837369703,0.3706205011168549,0.3706205011168549,0.28901049115872746,48.25377805555556,NO_FOLLOW_THROUGH,NO_FOLLOW_THROUGH,False,RATCHETED_STOP,0,-39.22019709736891,0.0,-0.2968991067994945,14.567048435788777,0.24231302804708005,0.46657045008106435,<20,0.25–0.5%,favorable,1715529600000
train,888,ADAUSDT,SHORT,2024-05-12T00:00:03+00:00,2024-05-13T08:00:20+00:00,1715472003000,1715587220000,2024,0.43861226,0.44548908,0.4551553174387076,-56.650136628627315,-52.42450339784404,-51.0765401400003,1.3479632578437446,4.043895902716816,-0.1817373280664556,0.8470175511338057,0.8470175511338057,0.41569220354089803,32.00472222222222,SLOW_FAILURE,SLOW_FAILURE,False,RATCHETED_STOP,0,-56.650136628627315,0.0,-0.43091855831548226,16.838435556898244,-0.0,0.18231540565177012,<20,<0.25%,flat_or_adverse,1715587200000
train,889,SOLUSDT,LONG,2024-05-13T20:00:03+00:00,2024-05-15T00:46:07.806000+00:00,1715630403000,1715733967806,2024,148.749744,141.7336476,140.9584569648477,-117.53986887676201,-114.1055821917597,-113.16073719999999,0.9448449917597088,2.834548554568464,-0.5997381304338599,0.1007864293097058,0.1007864293097058,0.9005054451652402,28.768001666666667,NO_FOLLOW_THROUGH,NO_FOLLOW_THROUGH,False,RATCHETED_STOP,0,-117.53986887676201,0.0,-0.9001127154758727,15.386610484248317,0.0,0.29114724116137564,<20,0.25–0.5%,flat_or_adverse,1715731200000
train,890,BTCUSDT,LONG,2024-05-15T16:00:03+00:00,2024-05-19T17:12:19.626000+00:00,1715788803000,1716138739626,2024,64698.33708,66489.89936,62813.75869098777,110.06864940455388,116.80986065599988,118.5205599999997,1.7106993439998206,5.132083809532799,-1.6091274419131998,1.6192814996671416,1.6192814996671416,0.06969043090260413,97.20461833333333,WIN,WIN,False,RATCHETED_STOP,0,110.06864940455388,0.0,0.8491389249170498,16.853267520504932,0.8713810995926186,2.3550873070471767,<20,>=1%,favorable,1716134400000
train,891,SOLUSDT,LONG,2024-05-15T16:00:03+00:00,2024-05-19T15:02:03.429000+00:00,1715788803000,1716130923429,2024,151.5923124,167.241545,143.58915700673404,217.01691325996262,222.61126447978006,223.8829688999999,1.271704420219816,3.815086394703732,-1.7792648251137273,3.0372629801057056,3.0372629801057056,0.09287741690301907,95.0334525,WIN,WIN,False,RATCHETED_STOP,1,241.39121182404318,-24.374298564080565,1.6737653313076566,18.081121183844367,0.408888021845338,1.3374064739182745,<20,>=1%,favorable,1716120000000
train,892,ADAUSDT,LONG,2024-05-16T04:00:03+00:00,2024-05-19T09:15:15+00:00,1715832003000,1716110115000,2024,0.45789156,0.47530492,0.44181512429533376,128.23760289122296,136.33249875439233,137.79373872000002,1.4612399656076889,4.383703361575353,-3.711192501594,2.034557945608946,2.034557945608946,0.5966222971436406,77.25333333333333,WIN,WIN,False,RATCHETED_STOP,0,128.23760289122296,0.0,0.9744399727041795,27.02610422257173,0.35033115699268946,0.4041065967671391,25–35,0.25–0.5%,favorable,1716105600000
train,893,ETHUSDT,LONG,2024-05-17T16:00:03+00:00,2024-05-19T12:27:06.576000+00:00,1715961603000,1716121626576,2024,3110.47197,3078.564164,3010.2623397228763,-46.68095683570921,-40.76222216500021,-39.180925000000094,1.581297165000116,4.743896196711,-1.174838473998,0.3581295520276231,0.3581295520276231,0.44378938308639065,44.45099333333334,NO_FOLLOW_THROUGH,NO_FOLLOW_THROUGH,False,RATCHETED_STOP,0,-46.68095683570921,0.0,-0.34739159691176924,20.647202741788313,0.7726860916891747,1.602971204398923,20–25,>=1%,favorable,1716120000000
train,895,SOLUSDT,LONG,2024-05-20T08:00:03+00:00,2024-05-23T10:34:11.505000+00:00,1716192003000,1716460451505,2024,177.965586,174.3031324,169.41511341924135,-60.555712341432844,-55.03569024719988,-53.97698400000019,1.0587062471996873,3.1761252188380795,-2.34389687539488,1.285240540356772,1.285240540356772,0.4283334710927798,74.56902916666667,GIVEBACK_GE1R,GIVEBACK_GE1R,False,RATCHETED_STOP,0,-60.555712341432844,0.0,-0.456105789371513,34.63811056230568,1.8255087548817388,1.3685157084246626,25–35,>=1%,favorable,1716451200000
train,896,ETHUSDT,LONG,2024-05-20T20:00:03+00:00,2024-05-23T20:00:10.302000+00:00,1716235203000,1716494410302,2024,3438.977658,3654.2690000000002,3310.91462176575,140.06059441661358,149.55708325320052,151.352266,1.7951827467994832,5.385530078128079,-4.110958758458881,4.012963905212771,4.012963905212771,0.14662824302909952,72.00202833333333,WIN,WIN,False,RATCHETED_STOP,1,207.35632435314992,-67.29572993653635,1.0469541882701507,31.631785716365325,2.4592664951613843,8.729630135910586,25–35,>=1%,favorable,1716494400000
train,897,BTCUSDT,LONG,2024-05-20T20:00:03+00:00,2024-05-22T21:09:05.936000+00:00,1716235203000,1716412145936,2024,70010.4993,69151.76688000001,68215.92825591408,-69.3206340914133,-60.197142641998994,-58.24608999999959,1.9510526419994036,5.853164915530799,-3.2703265338835,1.182622837359459,1.182622837359459,0.6188104414476628,49.15081555555555,GIVEBACK_GE1R,GIVEBACK_GE1R,False,RATCHETED_STOP,0,-69.3206340914133,0.0,-0.5186658918923289,35.5218471334223,1.3311078975964032,3.2093079072637942,>=35,>=1%,favorable,1716408000000
train,898,XRPUSDT,LONG,2024-05-20T20:00:03+00:00,2024-05-22T12:43:04.615000+00:00,1716235203000,1716381784615,2024,0.53380674,0.5283943,0.5201078398942134,-58.054085100166716,-49.72444241855166,-47.77274215999984,1.9517002585518242,5.855106508385058,-2.4745361732299997,1.729573894037797,1.729573894037797,0.3951003334722976,40.71711527777778,GIVEBACK_GE1R,GIVEBACK_GE1R,False,RATCHETED_STOP,0,-58.054085100166716,0.0,-0.4342138789102644,17.909857775004866,0.4016897229879458,1.9670288497564752,<20,>=1%,favorable,1716379200000
train,900,ETHUSDT,LONG,2024-05-26T08:00:03+00:00,2024-05-28T16:41:18.258000+00:00,1716710403000,1716914478258,2024,3788.337516,3822.2354,3630.0924416206735,21.3791442013957,27.31491492719998,28.541436000000058,1.2265210728000788,3.67955979342768,-2.2562109323765998,1.2111750381599184,1.2111750381599184,0.06134482250442894,56.68757166666666,WIN,WIN,False,RATCHETED_STOP,0,21.3791442013957,0.0,0.1614762054146832,20.187554720735847,0.0,0.1256739131582637,20–25,<0.25%,flat_or_adverse,1716912000000
train,901,SOLUSDT,SHORT,2024-05-26T12:00:03+00:00,2024-05-27T13:52:10.939000+00:00,1716724803000,1716817930939,2024,164.0611812,168.66972719999998,172.1890552250215,-75.17802837965121,-72.80166201659983,-71.75042820000003,1.0512338165998045,3.1537100598513836,0.7773436968,0.3763814732588565,0.3763814732588565,0.5670050970047854,25.868871944444443,NO_FOLLOW_THROUGH,NO_FOLLOW_THROUGH,False,RATCHETED_STOP,0,-75.17802837965121,0.0,-0.5671949459791223,15.855981955035963,0.031624243798701,0.28946823162333435,<20,0.25–0.5%,favorable,1716811200000
train,902,BTCUSDT,LONG,2024-05-27T16:00:03+00:00,2024-05-28T01:49:18.330000+00:00,1716825603000,1716860958330,2024,70435.48427999999,68692.83265843368,68706.57397322833,-132.1646903206879,-125.64518191493124,-123.63895653023731,2.006225384693934,6.018690990756641,-0.500817415,0.18191557929184593,0.18191557929184593,1.0079479627953105,9.820925,NO_FOLLOW_THROUGH,NO_FOLLOW_THROUGH,False,INITIAL_STOP_OR_GAP,0,-132.1646903206879,0.0,-0.9953669162247218,13.684904027722867,0.26333497360822516,1.1803213507238515,<20,>=1%,favorable,1716854400000
train,903,ADAUSDT,SHORT,2024-05-30T00:00:03+00:00,2024-05-31T12:33:18.333000+00:00,1717027203000,1717158798333,2024,0.45110976,0.45619122,0.4654290139518831,-47.44257663283775,-44.261615751125845,-42.68102419000013,1.5805915611257149,4.741779805100903,1.5608189233890002,0.5523863203054565,0.5523863203054565,0.35486904674469766,36.55425916666667,SLOW_FAILURE,SLOW_FAILURE,False,RATCHETED_STOP,0,-47.44257663283775,0.0,-0.36211953200531943,20.613969070049897,0.11324215585382716,0.17726567693330889,20–25,<0.25%,favorable,1717156800000
train,904,XRPUSDT,SHORT,2024-05-30T08:00:03+00:00,2024-06-03T07:48:17.500000+00:00,1717056003000,1717400897500,2024,0.51609676,0.5225044799999999,0.5317681439106517,-49.517282129812926,-51.00718128439917,-49.35367399999987,1.6535072843992964,4.960527775640879,6.4504269302271195,0.5038967869731465,0.5038967869731465,0.6765988288241074,95.80402777777778,SLOW_FAILURE,SLOW_FAILURE,False,RATCHETED_STOP,0,-49.517282129812926,0.0,-0.37706860511213214,25.88907568465914,0.49782539938871423,0.7944196861073421,25–35,0.5–1%,favorable,1717387200000
train,905,SOLUSDT,SHORT,2024-05-30T08:00:03+00:00,2024-06-04T14:32:15.027000+00:00,1717056003000,1717511535027,2024,165.0599814,167.438481,173.10223970145407,-36.06340575899174,-37.59099692819997,-36.54000400000019,1.0509929281997827,3.1529831694004797,4.68057433860871,0.460440495840638,0.460440495840638,0.9543362464013802,126.53667416666667,NO_FOLLOW_THROUGH,NO_FOLLOW_THROUGH,False,RATCHETED_STOP,0,-36.06340575899174,0.0,-0.27471066949744,16.790363808102516,-0.0,0.6166184113293037,<20,0.5–1%,flat_or_adverse,1717502400000
train,906,ADAUSDT,SHORT,2024-06-02T20:00:03+00:00,2024-06-03T06:30:05+00:00,1717358403000,1717396205000,2024,0.44501098,0.45469092,0.4562365876356326,-111.73436682905714,-106.29692540267598,-104.32097630000008,1.975949102675898,5.927859826545155,0.490418400164,0.23259141818854903,0.23259141818854903,0.8623087777692958,10.500555555555556,NO_FOLLOW_THROUGH,NO_FOLLOW_THROUGH,False,RATCHETED_STOP,0,-111.73436682905714,0.0,-0.8523555536744238,16.21502925804236,0.2873411591321892,0.04493372275892563,<20,<0.25%,favorable,1717387200000
train,907,BTCUSDT,LONG,2024-06-03T08:00:03+00:00,2024-06-06T20:01:03.471000+00:00,1717401603000,1717704063471,2024,68963.79,70409.51528,67543.74304622172,108.31037993912614,122.16378616000114,124.5192000000005,2.3554138399993576,7.066226577696,-6.787179643179,2.0144474747041703,2.0144474747041703,0.288082023563758,84.0167975,WIN,WIN,False,RATCHETED_STOP,0,108.31037993912614,0.0,0.8375515175290663,12.691835856547879,0.0,0.1477884666982754,<20,<0.25%,flat_or_adverse,1717704000000
train,908,XRPUSDT,LONG,2024-06-04T16:00:03+00:00,2024-06-06T06:33:20+00:00,1717516803000,1717655600000,2024,0.53000598,0.5223955,0.518828129538696,-92.1885109041991,-82.31700118226372,-80.04039282000079,2.276608362262934,6.829834691639137,-3.0416750302962434,0.3036379858318521,0.3036379858318521,0.680853624437566,38.554722222222225,NO_FOLLOW_THROUGH,NO_FOLLOW_THROUGH,False,RATCHETED_STOP,0,-92.1885109041991,0.0,-0.7087338302816771,23.625460553500627,0.3522440055300864,0.7171164370636016,20–25,0.5–1%,favorable,1717646400000
train,909,SOLUSDT,LONG,2024-06-05T00:00:03+00:00,2024-06-06T17:02:18.144000+00:00,1717545603000,1717693338144,2024,171.9233778,171.16576,166.37640781555947,-25.452301524691386,-16.882603531639806,-15.353538200000475,1.5290653316393303,4.587197837344584,-3.9825001557069957,0.6959875771509847,0.6959875771509847,0.1365822786359292,41.03754,SLOW_FAILURE,SLOW_FAILURE,False,RATCHETED_STOP,0,-25.452301524691386,0.0,-0.196183316246034,13.488755604744918,0.17490408719305417,0.4098599087778064,<20,0.25–0.5%,favorable,1717689600000
train,910,ETHUSDT,LONG,2024-06-05T20:00:03+00:00,2024-06-06T20:01:06.374000+00:00,1717617603000,1717704066374,2024,3880.7860020000003,3781.050839068106,3781.8072005082076,-132.0347546250522,-123.71149610072149,-121.8107524896195,1.900743611101987,5.702245450596528,-2.6210130737341597,0.11390315734359048,0.11390315734359048,1.0076416508252448,24.01760388888889,NO_FOLLOW_THROUGH,NO_FOLLOW_THROUGH,False,INITIAL_STOP_OR_GAP,0,-132.0347546250522,0.0,-1.0119523503690375,11.574575667789203,0.28281096112675463,0.902061855670103,<20,0.5–1%,favorable,1717704000000
train,911,ADAUSDT,LONG,2024-06-07T12:00:03+00:00,2024-06-07T17:58:17.583000+00:00,1717761603000,1717783097583,2024,0.48449687999999996,0.4696477254043305,0.46974167373907827,-127.88598074699233,-122.49773257794149,-120.92349896298253,1.5742336149589562,4.722715355698086,-0.6655328133527553,0.41362485159992485,0.41362485159992485,1.0063671312407616,5.9707175,NO_FOLLOW_THROUGH,NO_FOLLOW_THROUGH,False,INITIAL_STOP_OR_GAP,0,-127.88598074699233,0.0,-0.9981916672001383,15.034080944145757,1.998856151349746,3.9438364650010334,<20,>=1%,favorable,1717776000000
train,912,XRPUSDT,SHORT,2024-06-07T20:00:03+00:00,2024-06-10T01:42:13.333000+00:00,1717790403000,1717983733333,2024,0.49280142,0.5006000999999999,0.5134705275909657,-47.68968573626692,-46.21528182851935,-45.037896399999646,1.177385428519706,3.532161690107567,2.05775778236,0.1548891255178974,0.1548891255178974,0.4837451232955186,53.70287027777778,NO_FOLLOW_THROUGH,NO_FOLLOW_THROUGH,False,RATCHETED_STOP,0,-47.68968573626692,0.0,-0.3750412307902895,20.495084278384436,3.1411012595678027,4.705882352941177,20–25,>=1%,favorable,1717977600000
train,913,SOLUSDT,SHORT,2024-06-07T20:00:03+00:00,2024-06-10T15:55:11.700000+00:00,1717790403000,1718034911700,2024,161.982597,163.1106156,169.34178668247458,-19.934724521893557,-18.823246378199837,-17.738281000000278,1.0849653781995592,3.25489826319372,2.1434201195000004,0.7444565551893468,0.7444565551893468,0.24953875076399534,67.91908333333333,SLOW_FAILURE,SLOW_FAILURE,False,RATCHETED_STOP,0,-19.934724521893557,0.0,-0.15680878028820913,23.04722201463131,1.3217253920007976,2.2581242477548398,20–25,>=1%,favorable,1718020800000
train,914,ETHUSDT,SHORT,2024-06-07T20:00:03+00:00,2024-06-09T12:53:09.889000+00:00,1717790403000,1717937589889,2024,3688.152222,3712.022256,3809.152588746054,-26.50495357033023,-23.905839051000033,-22.42358500000033,1.4822540509997033,4.4467648438302,1.8476503245000002,0.24092672430640324,0.24092672430640324,0.19727241033985152,40.88524694444445,NO_FOLLOW_THROUGH,NO_FOLLOW_THROUGH,False,RATCHETED_STOP,0,-26.50495357033023,0.0,-0.20854973655512293,16.80313033041008,1.3740021908657416,1.9224305246836628,<20,>=1%,favorable,1717934400000
train,915,ETHUSDT,SHORT,2024-06-10T08:00:03+00:00,2024-06-15T06:07:09.678000+00:00,1718006403000,1718431629678,2024,3648.430168,3541.4081399999995,3726.2346669711287,100.07719510640486,100.84515605060083,103.65836700000014,2.8132109493993056,8.439620409195959,7.671659465,3.6936189012236773,3.6936189012236773,0.8619017265940367,118.11852166666667,WIN,WIN,False,RATCHETED_STOP,1,163.63079530310446,-63.553600196699605,0.787167571109472,35.8333950795312,0.13065252690318818,0.26965109778689195,>=35,0.25–0.5%,favorable,1718424000000
train,916,BTCUSDT,SHORT,2024-06-11T04:00:03+00:00,2024-06-12T14:17:11.479000+00:00,1718078403000,1718201831479,2024,68458.50556,69734.63190447581,69720.68776692243,-123.22668764329063,-118.04168686401222,-115.48511844032542,2.556568423686798,7.669719129278407,2.48471835,1.947821436965558,1.947821436965558,1.011047642310993,34.28568861111111,GIVEBACK_GE1R,GIVEBACK_GE1R,False,INITIAL_STOP_OR_GAP,0,-123.22668764329063,0.0,-0.9711781344152928,20.968053316291,0.4190204468997402,1.0645180605879956,20–25,>=1%,favorable,1718193600000
train,917,XRPUSDT,SHORT,2024-06-11T04:00:03+00:00,2024-06-12T14:03:17.777000+00:00,1718078403000,1718200997777,2024,0.48780242,0.49819961999999995,0.5032782040156393,-84.30216256475423,-81.18460543995953,-79.64480585999989,1.5397995799596345,4.619408297256703,1.501851172462,1.1503404274710456,1.1503404274710456,0.6718367217772561,34.05410472222222,GIVEBACK_GE1R,GIVEBACK_GE1R,False,RATCHETED_STOP,0,-84.30216256475423,0.0,-0.664141443695648,50.39426673132958,-0.0,0.9016393442622981,>=35,0.5–1%,flat_or_adverse,1718193600000
train,918,SOLUSDT,SHORT,2024-06-11T04:00:03+00:00,2024-06-12T13:06:16.229000+00:00,1718078403000,1718197576229,2024,156.038786,160.74814320000002,162.26463973958036,-94.82912707185672,-92.28409275548054,-91.04255140000029,1.2415413554802512,3.724634991546168,1.1796006751700001,1.7536207011403138,1.7536207011403138,0.7564195043742614,33.10367472222222,GIVEBACK_GE1R,GIVEBACK_GE1R,False,RATCHETED_STOP,0,-94.82912707185672,0.0,-0.7473123700242026,38.4879912594048,0.1358203606629113,0.8880061506919499,>=35,0.5–1%,favorable,1718193600000
train,919,BTCUSDT,SHORT,2024-06-13T16:00:03+00:00,2024-06-16T10:50:06.474000+00:00,1718294403000,1718535006474,2024,66451.00714,66662.12976,68583.39038113467,-13.440982305909696,-11.928428029999697,-10.42425,1.5041780299996965,4.512535340909999,2.9999810650000005,0.6558892008810688,0.6558892008810688,0.4293284820194206,66.83429833333334,SLOW_FAILURE,SLOW_FAILURE,False,RATCHETED_STOP,0,-13.440982305909696,0.0,-0.10626389265565792,22.727288122717656,-0.0,0.6854797455480014,20–25,0.5–1%,flat_or_adverse,1718524800000
train,920,XRPUSDT,SHORT,2024-06-14T00:00:03+00:00,2024-06-15T13:54:20+00:00,1718323203000,1718459660000,2024,0.47680462,0.4830966,0.49335810415076,-48.593874344654154,-45.78889031715981,-44.391786199999956,1.3971041171598557,4.191317678494344,1.3863336510000002,1.1118275664736772,1.1118275664736772,0.3801000407343919,37.90472222222222,GIVEBACK_GE1R,GIVEBACK_GE1R,False,RATCHETED_STOP,0,-48.593874344654154,0.0,-0.3856131589410154,42.3601615831189,-0.0,0.2516778523489889,>=35,0.25–0.5%,flat_or_adverse,1718452800000
train,921,SOLUSDT,SHORT,2024-06-14T16:00:03+00:00,2024-06-16T13:28:06.888000+00:00,1718380803000,1718544486888,2024,143.70525320000002,145.769148,151.38307363886156,-34.62426332398036,-33.00105868355977,-32.075338200000004,0.9257204835597648,2.7771652997205836,1.1539606593,0.547714450147204,0.547714450147204,0.268812590296266,45.46774666666666,SLOW_FAILURE,SLOW_FAILURE,False,RATCHETED_STOP,0,-34.62426332398036,0.0,-0.27383399289015653,31.70722685789261,0.2988206529656686,1.3984262486694017,25–35,>=1%,favorable,1718539200000
train,923,XRPUSDT,LONG,2024-06-15T20:00:03+00:00,2024-06-18T01:42:14.333000+00:00,1718481603000,1718674934333,2024,0.4940988,0.48370324000000003,0.47757332379877443,-81.3703641104947,-74.77362162107579,-73.36698941999991,1.4066322010758796,4.21990540726673,-2.376837082152185,1.6278623183037197,1.6278623183037197,0.6290626589767505,53.70314805555556,GIVEBACK_GE1R,GIVEBACK_GE1R,False,RATCHETED_STOP,0,-81.3703641104947,0.0,-0.6533069763130138,39.73574712712273,0.3812018776971496,0.7387168589354355,>=35,0.5–1%,favorable,1718668800000
train,924,ADAUSDT,SHORT,2024-06-17T12:00:03+00:00,2024-06-17T19:23:10.927000+00:00,1718625603000,1718652190927,2024,0.40431912,0.4176659645877674,0.41758244809814776,-123.4168750513152,-119.36397032625102,-117.89373385352827,1.4702364727227462,4.410723565416179,0.35781884035199996,1.1474586082301104,1.1474586082301104,1.0062967973800854,7.385535277777778,GIVEBACK_GE1R,GIVEBACK_GE1R,False,INITIAL_STOP_OR_GAP,0,-123.4168750513152,0.0,-0.9920768396515172,39.928271011474536,0.788927816940257,0.3461918892185985,>=35,0.25–0.5%,favorable,1718640000000
train,925,ETHUSDT,SHORT,2024-06-17T12:00:03+00:00,2024-06-19T04:08:15.786000+00:00,1718625603000,1718770095786,2024,3525.2848019999997,3577.255308,3631.596784521124,-60.92592744938377,-57.72883806480013,-56.150940000000205,1.5778980647999248,4.7337009325128,1.5366115479291602,1.7254386349492743,1.7254386349492743,0.48884899676923566,40.136885,GIVEBACK_GE1R,GIVEBACK_GE1R,False,RATCHETED_STOP,0,-60.92592744938377,0.0,-0.48992851980763324,17.377368324289673,-0.0,0.24361952246036278,<20,<0.25%,flat_or_adverse,1718769600000
train,926,BTCUSDT,SHORT,2024-06-17T12:00:03+00:00,2024-06-17T18:10:15.077000+00:00,1718625603000,1718647815077,2024,65778.74162,66973.69206,67072.05727018113,-112.60441355447044,-106.11159907200005,-103.75392000000078,2.3576790719992715,7.073049666470401,0.5802351840000001,0.5287507499845268,0.5287507499845268,0.9239433852305468,6.170021388888889,FAST_REVERSAL,FAST_REVERSAL,False,RATCHETED_STOP,0,-112.60441355447044,0.0,-0.9066941969992707,24.1859601826668,0.9814433624128004,0.013983505543239566,20–25,<0.25%,favorable,1718640000000
train,927,SOLUSDT,SHORT,2024-06-18T04:00:03+00:00,2024-06-25T03:33:17.587000+00:00,1718683203000,1719286397587,2024,135.49989459999998,134.82696,144.48222337005436,8.32315697816533,8.961941122419498,9.681967899999673,0.7200267775801752,2.160079170903852,1.521295026649684,1.5697370872247207,1.5697370872247207,0.70984992458269,167.55405194444444,WIN,WIN,False,RATCHETED_STOP,0,8.32315697816533,0.0,0.06793790773442088,25.920768952456573,1.4669129450173874,3.127813113350926,25–35,>=1%,favorable,1719273600000
train,928,ADAUSDT,SHORT,2024-06-18T04:00:03+00:00,2024-06-23T04:35:11.428000+00:00,1718683203000,1719117311428,2024,0.37862426,0.3905781,0.4020196762977148,-62.67513298881296,-61.007519802511965,-60.22238324000017,0.785136562511795,2.3554169142219887,0.6878037279209918,0.5524270154261958,0.5524270154261958,0.8110879395573533,120.58567444444445,SLOW_FAILURE,SLOW_FAILURE,False,RATCHETED_STOP,0,-62.67513298881296,0.0,-0.5116654634282496,37.35137387567742,2.2868535856904217,2.7191129883843654,>=35,>=1%,favorable,1719115200000
train,929,ETHUSDT,LONG,2024-06-20T08:00:03+00:00,2024-06-21T07:47:09.965000+00:00,1718870403000,1718956029965,2024,3606.741204,3482.933274,3480.2133202039654,-116.87834117778458,-112.87568978099995,-111.58296299999988,1.29272678100007,3.8781937329555594,-0.12445766382905997,0.14430649950198818,0.14430649950198818,0.9785031274179911,23.785268055555555,NO_FOLLOW_THROUGH,NO_FOLLOW_THROUGH,False,RATCHETED_STOP,0,-116.87834117778458,0.0,-0.9690063142551821,15.523544775425185,0.0,0.0924842346964127,<20,<0.25%,flat_or_adverse,1718942400000
train,930,BTCUSDT,SHORT,2024-06-21T04:00:03+00:00,2024-06-30T14:02:03.119000+00:00,1718942403000,1719756123119,2024,64460.505320000004,61810.55963999999,66032.08691953214,151.54069585177135,147.08817213600094,149.53068000000033,2.4425078639993956,7.327505648318399,11.780029364088803,3.97211657470309,3.97211657470309,0.1625080619905634,226.03336638888888,WIN,WIN,False,RATCHETED_STOP,1,196.07967401871525,-44.53897816694391,1.2585155696257904,21.191676904419435,-0.0,0.08158403310512326,20–25,<0.25%,flat_or_adverse,1719748800000
train,931,ETHUSDT,SHORT,2024-06-21T08:00:03+00:00,2024-06-27T12:07:20+00:00,1718956803000,1719490040000,2024,3472.845292,3425.685,3596.247436066664,44.864578836761204,44.137317282800026,45.42858599999997,1.2912687171999409,3.8738007001696793,4.60106225413086,2.105678908298606,2.105678908298606,0.5981639019183005,148.1213888888889,WIN,WIN,False,RATCHETED_STOP,0,44.864578836761204,0.0,0.3717264918819333,14.193841029493845,0.13252110656302477,0.29019303018525505,<20,0.25–0.5%,favorable,1719489600000
train,932,XRPUSDT,SHORT,2024-06-23T16:00:03+00:00,2024-06-28T01:25:20+00:00,1719158403000,1719537920000,2024,0.4824035,0.47759549999999995,0.4945703171754306,44.15029054869039,44.80867862960032,46.598043500000045,1.789364870399723,5.3680890194347795,4.709700938524843,1.8084844773071274,1.8084844773071274,0.03258863795543051,105.42138888888888,WIN,WIN,False,RATCHETED_STOP,0,44.15029054869039,0.0,0.3661394240056907,12.448211772802356,-0.0,0.26943005181347635,<20,0.25–0.5%,flat_or_adverse,1719532800000
train,933,ADAUSDT,SHORT,2024-06-27T08:00:03+00:00,2024-06-27T13:19:15.330000+00:00,1719475203000,1719494355330,2024,0.3784243,0.39324514965474056,0.39316651635147026,-123.34288870550101,-119.60639832653148,-118.3609062679778,1.2454920585536797,3.7364903789695387,0.0,0.05591425199222442,0.05591425199222442,1.005333886126454,5.320091666666666,NO_FOLLOW_THROUGH,NO_FOLLOW_THROUGH,False,INITIAL_STOP_OR_GAP,0,-123.34288870550101,0.0,-0.9958401632314179,12.708125863508315,-0.0,0.5546751188589516,<20,0.5–1%,flat_or_adverse,1719489600000
train,934,SOLUSDT,LONG,2024-06-27T16:00:03+00:00,2024-06-28T20:53:16.248000+00:00,1719504003000,1719607996248,2024,147.72853980000002,139.74158313169494,139.76953703910274,-121.85308426593133,-118.6821826126794,-117.82785486745297,0.8543277452264277,2.5629973750221122,-0.6079042782298201,0.3983489257695081,0.3983489257695081,1.0035122374306922,28.887013333333332,NO_FOLLOW_THROUGH,NO_FOLLOW_THROUGH,False,INITIAL_STOP_OR_GAP,0,-121.85308426593133,0.0,-1.0006077165526672,21.319399610216546,1.3711826915643741,4.954061355342361,20–25,>=1%,favorable,1719604800000
train,936,ADAUSDT,LONG,2024-06-29T04:00:03+00:00,2024-06-29T22:47:06.666000+00:00,1719633603000,1719701226666,2024,0.4005801,0.38482302,0.383759664337455,-112.81799863830793,-109.01463473002785,-107.92788396000002,1.0867507700278338,3.2602652614300753,-0.5430986468500001,0.07252487536434125,0.0844151738091898,0.9367819190966117,18.784351666666666,NO_FOLLOW_THROUGH,NO_FOLLOW_THROUGH,False,RATCHETED_STOP,0,-112.81799863830793,0.0,-0.9338801961703395,12.92560883020614,0.6730633460242986,0.8741258741258748,<20,0.5–1%,favorable,1719691200000
train,937,SOLUSDT,LONG,2024-06-30T16:00:03+00:00,2024-07-03T08:00:14.281000+00:00,1719763203000,1719993614281,2024,143.7647472,145.9018138,137.5313558480163,34.434547546676974,39.41477413044047,40.4832630000004,1.0684888695599284,3.20546175068844,-1.7747648330750523,1.7887939598805354,1.7887939598805354,0.16840707421104176,64.00313361111111,WIN,WIN,False,RATCHETED_STOP,0,34.434547546676974,0.0,0.28886262754043257,14.668542892597783,0.0,0.3930844957734902,<20,0.25–0.5%,flat_or_adverse,1719993600000
train,938,ETHUSDT,LONG,2024-06-30T20:00:03+00:00,2024-07-02T14:36:16.516000+00:00,1719777603000,1719930976516,2024,3427.9054439999995,3406.208622,3354.175997504546,-41.45839062932466,-32.67975329639914,-30.62104599999989,2.058707296399252,6.176125563725519,-2.6025117692000004,1.3055103567871749,1.3055103567871749,0.2942762089138615,42.60375444444445,GIVEBACK_GE1R,GIVEBACK_GE1R,False,RATCHETED_STOP,0,-41.45839062932466,0.0,-0.34747801345290746,16.3673553777706,0.0,0.23984453872234057,<20,<0.25%,flat_or_adverse,1719921600000
train,939,BTCUSDT,LONG,2024-07-01T00:00:03+00:00,2024-07-02T16:08:16.795000+00:00,1719792003000,1719936496795,2024,62778.65322,61827.632,61480.7420153892,-90.3878811967862,-81.3123143100002,-79.18154999999989,2.130764310000316,6.392302431786,-2.6832644550000007,0.824668726333218,0.824668726333218,0.7327321134308127,40.137165277777775,SLOW_FAILURE,SLOW_FAILURE,False,RATCHETED_STOP,0,-90.3878811967862,0.0,-0.7560073454139116,16.676964884600885,0.5280651885664194,0.6015199311729327,<20,0.5–1%,favorable,1719936000000
train,940,ADAUSDT,LONG,2024-07-01T04:00:03+00:00,2024-07-03T19:22:16.521000+00:00,1719806403000,1720034536521,2024,0.3995799,0.40191960000000004,0.3845038204437468,11.778265373573046,17.983999699380426,19.216138500000017,1.232138800619591,3.6964140959233793,-2.509320229884,1.5866260131320777,1.5866260131320777,0.27725377704486165,63.3704225,WIN,WIN,False,RATCHETED_STOP,0,11.778265373573046,0.0,0.09750560461864909,12.031238589899527,0.0,0.27541311967951676,<20,0.25–0.5%,flat_or_adverse,1720022400000
train,941,ETHUSDT,SHORT,2024-07-03T04:00:03+00:00,2024-07-06T20:28:12.523000+00:00,1719979203000,1720297692523,2024,3358.6881280000002,3065.442966,3442.5935584301683,393.05815044170816,394.20947127660025,395.9366790000003,1.7272077234000562,5.18157565779852,4.03025482290645,6.6585455212577624,6.6585455212577624,0.15972591918414486,88.46931194444444,WIN,WIN,False,RATCHETED_STOP,0,393.05815044170816,0.0,3.274987737313859,16.382929520651277,0.24617474473581044,1.0531767955801001,<20,>=1%,favorable,1720296000000
train,942,BTCUSDT,SHORT,2024-07-03T12:00:03+00:00,2024-07-06T16:20:12.454000+00:00,1720008003000,1720282812454,2024,60372.82302,57544.90668,61911.43622766888,204.57045764135924,206.43789282000023,208.15949999999998,1.7216071799997508,5.164796560859999,3.2973613822189995,4.577708669660532,4.577708669660532,0.21264407348725203,76.33595944444444,WIN,WIN,False,RATCHETED_STOP,0,204.57045764135924,0.0,1.7137465575178008,22.520069220020325,0.3425401837979947,0.35621488153495084,20–25,0.25–0.5%,favorable,1720281600000
train,943,XRPUSDT,SHORT,2024-07-03T16:00:03+00:00,2024-07-06T16:18:10+00:00,1720022403000,1720282690000,2024,0.47130572,0.4395879,0.4824100729039239,314.784014817045,319.4478986531621,321.28273528999983,1.8348366368377356,5.504471356585764,0.8405875204686819,8.114450322283934,8.114450322283934,0.044512274085358995,72.30194444444444,WIN,WIN,False,RATCHETED_STOP,0,314.784014817045,0.0,2.635653586668799,22.292617663038442,-0.10082425751750583,0.4665959703075367,20–25,0.25–0.5%,flat_or_adverse,1720281600000
train,944,ADAUSDT,SHORT,2024-07-05T00:00:03+00:00,2024-07-06T16:20:03.636000+00:00,1720137603000,1720282803636,2024,0.3619276,0.36227244000000003,0.38325608115516396,-5.1562090670967,-1.9871698458840745,-1.152517020000193,0.8346528258838815,2.5039586159540423,-0.6650806052585836,2.162723152409369,2.162723152409369,0.016168052356438985,40.33351,GIVEBACK_GE1R,GIVEBACK_GE1R,False,RATCHETED_STOP,0,-5.1562090670967,0.0,-0.040843133234009794,31.499606773448626,0.8933601578374888,3.120684893675789,25–35,>=1%,favorable,1720281600000
train,945,SOLUSDT,SHORT,2024-07-08T00:00:03+00:00,2024-07-08T08:58:10.877000+00:00,1720396803000,1720429090877,2024,131.57368,140.26015092075207,140.2321044998521,-125.20123545264806,-122.79021564156713,-122.02170278900958,0.7685128525575493,2.30555320027774,-0.10546661080318999,0.45096888008513436,0.45096888008513436,1.003239206035744,8.968854722222222,NO_FOLLOW_THROUGH,NO_FOLLOW_THROUGH,False,INITIAL_STOP_OR_GAP,0,-125.20123545264806,0.0,-0.9986570878491772,24.24385257700565,0.7019491076592198,1.4582177676122245,20–25,>=1%,favorable,1720425600000
train,946,ETHUSDT,SHORT,2024-07-08T00:00:03+00:00,2024-07-08T08:50:03.415000+00:00,1720396803000,1720428603415,2024,2929.643954,3052.446953894813,3051.836586577497,-124.76396815266162,-121.3170835960855,-120.13514687990947,1.1819367161760255,3.5458245647455713,0.09894000816944999,0.8869925437710868,0.8869925437710868,1.0049951237193335,8.83344861111111,SLOW_FAILURE,SLOW_FAILURE,False,INITIAL_STOP_OR_GAP,0,-124.76396815266162,0.0,-0.99536601498777,47.53989507870027,0.4176104069141518,0.8135852353390899,>=35,0.5–1%,favorable,1720425600000
train,947,XRPUSDT,SHORT,2024-07-08T00:00:03+00:00,2024-07-08T11:37:11.479000+00:00,1720396803000,1720438631479,2024,0.41931612,0.43938962974615736,0.43930176939227894,-125.12483835313692,-121.782948515263,-120.74102575542425,1.041922759838755,3.1257827684403447,-0.21610706943358,0.8263989663693746,0.8263989663693746,1.0043961720809715,11.619021944444444,SLOW_FAILURE,SLOW_FAILURE,False,INITIAL_STOP_OR_GAP,0,-125.12483835313692,0.0,-0.9984411237504697,37.86888145364794,0.6934056830823219,0.47687172150691504,>=35,0.25–0.5%,favorable,1720425600000
train,948,BTCUSDT,SHORT,2024-07-08T00:00:03+00:00,2024-07-08T09:02:03.931000+00:00,1720396803000,1720429323931,2024,55819.8338,57923.148771662454,57911.566458370784,-124.3841095790377,-120.73027937342485,-119.424514710483,1.3057646629418542,3.9173083197680545,0.2634781141552,0.7537931741373173,0.7537931741373173,1.0055371862390348,9.033591944444444,SLOW_FAILURE,SLOW_FAILURE,False,INITIAL_STOP_OR_GAP,0,-124.3841095790377,0.0,-0.9935472004411988,38.28659786333169,0.2529958599958301,0.3028788717358999,>=35,0.25–0.5%,favorable,1720425600000
train,949,ADAUSDT,LONG,2024-07-09T20:00:03+00:00,2024-07-16T08:18:13.333000+00:00,1720555203000,1721117893333,2024,0.38047608,0.42821434,0.35826011790697476,238.13737010938183,245.5998785107523,246.72416980000003,1.1242912892477541,3.3728442608436238,-4.089664140526804,3.2329871512766633,3.2329871512766633,0.40403741969014545,156.30287027777777,WIN,WIN,False,RATCHETED_STOP,1,247.80886259010157,-9.671492480719728,1.9600342612313821,17.653900821625264,0.6519818737954269,0.1314060446780553,<20,<0.25%,favorable,1721116800000
train,950,BTCUSDT,LONG,2024-07-10T08:00:03+00:00,2024-07-12T01:14:15.498000+00:00,1720598403000,1720746855498,2024,58959.7896,57018.594000000005,56699.91125822102,-105.00221113021517,-100.16569295999957,-98.9688,1.1968929599995732,3.590690756256,-1.2458274139596002,0.36294449344310037,0.36294449344310037,0.858982346134564,41.236805,NO_FOLLOW_THROUGH,NO_FOLLOW_THROUGH,False,RATCHETED_STOP,0,-105.00221113021517,0.0,-0.8643762070266272,21.721755491897135,0.43483893582102984,0.6087558377623681,20–25,0.5–1%,favorable,1720742400000
train,951,XRPUSDT,LONG,2024-07-11T08:00:03+00:00,2024-07-18T08:20:02.400000+00:00,1720684803000,1721290802400,2024,0.44448888000000003,0.5731853400000001,0.4285035745338535,937.1202375180484,949.2270561605106,951.0286335100002,1.8015773494895182,5.40461792503398,-6.702200717428354,12.080539868879471,12.080539868879471,0.3746490808501099,168.33316666666667,WIN,WIN,False,RATCHETED_STOP,1,927.7054079970318,9.414829521016548,7.697551560980315,17.73662721479732,-0.03165273061754467,0.2475804636506842,<20,<0.25%,flat_or_adverse,1721289600000
train,952,SOLUSDT,SHORT,2024-07-11T20:00:03+00:00,2024-07-13T09:55:15.355000+00:00,1720728003000,1720864515355,2024,136.4896966,140.5281,144.3667154672127,-62.70755837040481,-60.693164698599894,-59.86050700000006,0.8326576985998315,2.49798027906084,0.48358660725592,0.34400026782706294,0.34400026782706294,0.5126816969817649,37.92009861111111,NO_FOLLOW_THROUGH,NO_FOLLOW_THROUGH,False,RATCHETED_STOP,0,-62.70755837040481,0.0,-0.5154082505984493,11.237011686431035,-0.0,0.2398915909756712,<20,<0.25%,flat_or_adverse,1720857600000
train,953,BTCUSDT,SHORT,2024-07-12T04:00:03+00:00,2024-07-13T09:55:03.302000+00:00,1720756803000,1720864503302,2024,56876.22248,58511.7,59030.77625432037,-91.69711503762022,-88.64288158400002,-87.39208000000008,1.2508015839999445,3.7524152390495993,0.6981817854294,0.08643204092631111,0.08643204092631111,0.7590794620644313,29.916750555555556,NO_FOLLOW_THROUGH,NO_FOLLOW_THROUGH,False,RATCHETED_STOP,0,-91.69711503762022,0.0,-0.7534120253224512,16.75639054740379,-0.0,0.2503181712710704,<20,0.25–0.5%,flat_or_adverse,1720857600000
train,955,SOLUSDT,LONG,2024-07-14T00:00:03+00:00,2024-07-23T13:30:14.299000+00:00,1720915203000,1721741414299,2024,141.83136059999998,173.66526,135.63981211217248,674.2200225936855,685.9598636570402,687.4749851999998,1.5151215429596832,4.545282131881776,-7.1945589314728595,7.023871247313666,7.023871247313666,0.0,229.5031386111111,WIN,WIN,False,RATCHETED_STOP,1,617.8484836215572,56.371538972128285,5.328321062354634,11.077355748777235,0.0,0.6424043268857855,<20,0.5–1%,flat_or_adverse,1721736000000
train,956,BTCUSDT,LONG,2024-07-14T00:00:03+00:00,2024-07-18T14:46:16.126000+00:00,1720915203000,1721313976126,2024,59185.73478,63810.235400000005,57352.16026681452,285.45327735420005,292.5026418160005,294.43247999999994,1.9298381839994097,5.7894792201024,-1.2598852416981,3.7709213180476713,3.7709213180476713,0.0011097340115546984,110.77031277777778,WIN,WIN,False,RATCHETED_STOP,1,297.37774830912207,-11.924470954922,2.256643571591107,23.582087022621636,0.03842269916772826,0.3785446310879778,20–25,0.25–0.5%,favorable,1721304000000
train,960,BTCUSDT,LONG,2024-07-19T16:00:03+00:00,2024-07-21T18:08:11.832000+00:00,1721404803000,1721585291832,2024,65804.6583,66145.86818,63677.64593097148,15.908234750839371,20.609076752000572,22.203040000000353,1.5939632479997812,4.7818870796352,0.081045078474,0.9003904856814351,0.9003904856814351,0.0,50.13578666666667,WIN,WIN,False,RATCHETED_STOP,0,15.908234750839371,0.0,0.11798655691986541,26.251700511143124,1.1429360405708313,0.9388750826474501,25–35,0.5–1%,favorable,1721577600000
train,961,ETHUSDT,LONG,2024-07-19T20:00:03+00:00,2024-07-21T17:51:05.386000+00:00,1721419203000,1721584265386,2024,3521.60418,3471.845492,3401.9015222142452,-59.71001329991796,-53.858803891199884,-52.344864000000136,1.5139398911997475,4.54182595498368,-1.3093834537344002,0.140145760422679,0.140145760422679,0.4156857409887979,45.85066277777778,NO_FOLLOW_THROUGH,NO_FOLLOW_THROUGH,False,RATCHETED_STOP,0,-59.71001329991796,0.0,-0.4401283169530472,20.539891219417974,1.0353913956935463,0.9347041949501635,20–25,0.5–1%,favorable,1721577600000
train,962,XRPUSDT,LONG,2024-07-20T08:00:03+00:00,2024-07-23T16:53:18.400000+00:00,1721462403000,1721753598400,2024,0.5952190199999999,0.58508296,0.5544793095185923,-36.80391921390161,-32.76122679836565,-31.998246389999704,0.7629804083659444,2.2889450648875664,-1.753747350648398,0.6794594186581863,0.6794594186581863,0.5846634578041532,80.88761111111111,SLOW_FAILURE,SLOW_FAILURE,False,RATCHETED_STOP,0,-36.80391921390161,0.0,-0.27311762142557017,32.321241195219585,0.24125636181604396,1.2770962863384205,25–35,>=1%,favorable,1721750400000
train,963,ADAUSDT,LONG,2024-07-22T00:00:03+00:00,2024-07-22T21:21:04.874000+00:00,1721606403000,1721683264874,2024,0.44668932,0.4268490149900706,0.4269344018704447,-136.91889450915897,-133.05938449891718,-131.88770946878702,1.1716750301301602,3.515040916915864,-0.3444690933259311,0.1777116957395871,0.1777116957395871,1.0043223100097958,21.350520555555555,NO_FOLLOW_THROUGH,NO_FOLLOW_THROUGH,False,INITIAL_STOP_OR_GAP,0,-136.91889450915897,0.0,-0.9973702634981563,16.07593620547655,-0.34909138366435366,1.0969330646966555,<20,>=1%,flat_or_adverse,1721678400000
train,964,BTCUSDT,LONG,2024-07-22T00:00:03+00:00,2024-07-23T05:37:16.361000+00:00,1721606403000,1721713036361,2024,68151.62759999999,66277.2535272502,66290.51162957611,-136.8954999081601,-130.6438728706606,-128.76993941854508,1.8739334521155229,5.621815808741602,-0.6298112287579,0.16553100660881384,0.16553100660881384,1.0071237378737297,29.620378055555555,NO_FOLLOW_THROUGH,NO_FOLLOW_THROUGH,False,INITIAL_STOP_OR_GAP,0,-136.8954999081601,0.0,-0.9969082975709078,31.46346499513192,0.38024596595366944,0.6137544395197938,25–35,0.5–1%,favorable,1721707200000
train,965,ADAUSDT,SHORT,2024-07-23T16:00:03+00:00,2024-07-26T19:07:10+00:00,1721750403000,1722020830000,2024,0.4154169,0.4175835,0.4345855898106241,-15.88809035508181,-14.572488118620123,-13.451941400000011,1.120546718620112,3.3616417700929677,2.0460395336312818,1.785041144597972,1.785041144597972,0.3069119516316318,75.11861111111111,GIVEBACK_GE1R,GIVEBACK_GE1R,False,RATCHETED_STOP,0,-15.88809035508181,0.0,-0.11910239753114116,18.238771592298132,-0.02106861066681856,0.3849855630413836,<20,0.25–0.5%,flat_or_adverse,1722009600000
train,966,XRPUSDT,LONG,2024-07-24T12:00:03+00:00,2024-07-25T01:25:19.516000+00:00,1721822403000,1721870719516,2024,0.62842566,0.5937118127825611,0.5938305788983408,-132.5779360928556,-129.5201896754279,-128.60821594116808,0.9119737342598171,2.7359366357652117,-0.321809781662505,0.10910048133458392,0.10910048133458392,1.0034330347551623,13.421254444444445,NO_FOLLOW_THROUGH,NO_FOLLOW_THROUGH,False,INITIAL_STOP_OR_GAP,0,-132.5779360928556,0.0,-0.9981129123396059,19.51470923408065,0.5756532613456218,0.8752387014640277,<20,0.5–1%,favorable,1721865600000
train,967,ETHUSDT,SHORT,2024-07-25T04:00:03+00:00,2024-07-26T22:45:15.051000+00:00,1721880003000,1722033915051,2024,3165.776718,3285.1068899999996,3306.9448396163466,-111.65742837072858,-108.60238953719954,-107.42820399999997,1.1741855371995769,3.5225695029844797,0.46753066945544,0.5681645195930155,0.5681645195930155,0.845305375134932,42.7533475,SLOW_FAILURE,SLOW_FAILURE,False,RATCHETED_STOP,0,-111.65742837072858,0.0,-0.8389808248140184,27.355851477533008,1.6779698254575466,3.767369883779685,25–35,>=1%,favorable,1722024000000
train,968,SOLUSDT,LONG,2024-07-26T16:00:03+00:00,2024-07-30T00:21:15.019000+00:00,1722009603000,1722298875019,2024,181.471287,181.4077112,171.25639600492545,-5.309991699204831,-0.7954794823399411,0.11261069999982645,0.9080901823397676,2.7242705335067154,-1.790241683358174,1.2160397018421014,1.2160397018421014,0.33718294220278844,80.35333861111111,COST_FLIP,COST_FLIP,False,RATCHETED_STOP,0,-5.309991699204831,0.0,-0.04039712944414525,20.939209982520914,-0.1296837956009292,0.6498194945848387,20–25,0.5–1%,flat_or_adverse,1722297600000
train,969,BTCUSDT,LONG,2024-07-26T16:00:03+00:00,2024-07-27T20:22:18.106000+00:00,1722009603000,1722111738106,2024,67541.40557999999,66826.1321,65522.19574653506,-50.104305592970114,-44.132373715999314,-42.47427999999964,1.6580937159996765,4.9742862449136,-0.9976456320571998,0.9113933527364451,0.9113933527364451,0.3542343485781218,28.370862777777777,SLOW_FAILURE,SLOW_FAILURE,False,RATCHETED_STOP,0,-50.104305592970114,0.0,-0.38173855591443195,22.383179149995097,-0.11521562964122241,0.08529795047980959,20–25,<0.25%,flat_or_adverse,1722110400000
train,970,ADAUSDT,SHORT,2024-07-28T16:00:03+00:00,2024-07-29T02:56:08.130000+00:00,1722182403000,1722221768130,2024,0.40731852,0.42322852926700205,0.4231439004869047,-130.357688047481,-126.41647565100155,-125.09662182802845,1.3198538229731014,3.9595764805154356,0.018364084036001597,0.20969606403751417,0.20969606403751417,1.0053476616355215,10.934758333333333,NO_FOLLOW_THROUGH,NO_FOLLOW_THROUGH,False,INITIAL_STOP_OR_GAP,0,-130.357688047481,0.0,-0.995687113815023,17.322739485137458,-0.0,0.27000490918016445,<20,0.25–0.5%,flat_or_adverse,1722211200000
train,971,ADAUSDT,SHORT,2024-07-30T00:00:03+00:00,2024-08-07T02:26:18.181000+00:00,1722297603000,1722997578181,2024,0.40281942,0.33686736,0.4194905281625052,519.6858103419709,521.8499845828859,523.21709509,1.3671105071141767,4.1012687352905886,1.9370944943755992,7.667121990575108,7.667121990575108,0.2807599803429398,194.43755027777777,WIN,WIN,False,RATCHETED_STOP,1,492.87185797440696,26.813952367563886,4.004007605218843,15.936682920728737,-0.0,0.2730206006453327,<20,0.25–0.5%,flat_or_adverse,1722988800000
train,972,XRPUSDT,LONG,2024-07-30T12:00:03+00:00,2024-08-01T04:31:14.909000+00:00,1722340803000,1722486674909,2024,0.6296259,0.60647868,0.6025854752788925,-111.8467047872985,-106.9578825410756,-105.81553681999964,1.1423457210759693,3.427049861092419,-1.4617723851304896,1.0604160362029131,1.0604160362029131,0.8560227969323073,40.51997472222222,GIVEBACK_GE1R,GIVEBACK_GE1R,False,RATCHETED_STOP,0,-111.8467047872985,0.0,-0.8629984769929911,12.083530538906988,0.4512479757090571,2.7168732125834136,<20,>=1%,favorable,1722484800000
train,973,BTCUSDT,SHORT,2024-07-31T20:00:03+00:00,2024-08-07T01:55:19.983000+00:00,1722456003000,1722995719983,2024,65215.05438,57011.29998,67305.33729697288,530.7453915514543,531.5119287999999,533.4722599999998,1.960331199999942,5.880929583328799,5.114392334783299,7.810930399624866,7.810930399624866,0.20807978502253716,149.92138416666666,WIN,WIN,False,RATCHETED_STOP,1,486.94377394020836,43.80161761124598,4.078221593337035,28.82020355154082,0.17368996477479837,0.03786612867124702,25–35,<0.25%,favorable,1722988800000
train,974,SOLUSDT,SHORT,2024-08-01T00:00:03+00:00,2024-08-06T14:18:13.185000+00:00,1722470403000,1722953893185,2024,171.5976736,143.9797902,181.0351743141088,376.0775376445274,377.1736276405602,378.1912870000002,1.017659359439996,3.05293269536556,1.9568426993327344,6.615700013316084,6.615700013316084,0.133650469357248,134.30282916666667,WIN,WIN,False,RATCHETED_STOP,1,370.36402408756766,5.71351355695975,2.882357844426156,18.84059303362654,0.39167624431612574,0.3332711848606336,<20,0.25–0.5%,favorable,1722945600000
train,975,ETHUSDT,SHORT,2024-08-01T08:00:03+00:00,2024-08-08T16:08:13.184000+00:00,1722499203000,1723133293184,2024,3164.71693,2550.35997,3279.5995943668995,763.5357331706794,767.9566781702001,769.5889990000001,1.6323208297999514,4.896870138720121,0.4759251391993803,9.163409778153733,9.163409778153733,0.47424970773656333,176.13616222222223,WIN,WIN,False,RATCHETED_STOP,1,665.646293171867,97.88943999881236,5.84970694941258,20.95362075000486,0.4801767595237414,0.12004991549118367,20–25,<0.25%,favorable,1723132800000
train,980,ADAUSDT,LONG,2024-08-11T08:00:03+00:00,2024-08-11T12:49:20+00:00,1723363203000,1723380560000,2024,0.35257049999999995,0.3439312,0.33706269484417434,-81.86834705889423,-78.09092557226965,-76.83178815000007,1.259137422269589,3.777421486624578,0.0,0.24049180154930172,0.24049180154930172,0.557093664331638,4.8213888888888885,NO_FOLLOW_THROUGH,NO_FOLLOW_THROUGH,False,RATCHETED_STOP,0,-81.86834705889423,0.0,-0.5635420143939313,13.305935337073901,0.0,0.08510638297871403,<20,<0.25%,flat_or_adverse,1723377600000
train,981,BTCUSDT,LONG,2024-08-13T20:00:03+00:00,2024-08-15T01:58:07.028000+00:00,1723579203000,1723687087028,2024,60806.6589,58348.328,58178.26349156593,-133.56498672076305,-130.29153770000005,-129.0285,1.2630377000000408,3.7891285834199997,0.515679562657,0.3930310853097453,0.3930310853097453,0.9352972129351755,29.967785555555555,NO_FOLLOW_THROUGH,NO_FOLLOW_THROUGH,False,RATCHETED_STOP,0,-133.56498672076305,0.0,-0.9245723942979064,18.427399873489975,0.0,0.20742826781769103,<20,<0.25%,flat_or_adverse,1723680000000
train,982,ETHUSDT,SHORT,2024-08-15T20:00:03+00:00,2024-08-18T02:59:06.031000+00:00,1723752003000,1723949946031,2024,2547.510396,2631.256146,2684.27902334698,-88.54068641500471,-85.41229042500005,-84.35592900000005,1.0563614250000057,3.16909439771148,0.04069840770681001,0.24757429139137838,0.24757429139137838,0.6123169591191288,54.98417527777778,NO_FOLLOW_THROUGH,NO_FOLLOW_THROUGH,False,RATCHETED_STOP,0,-88.54068641500471,0.0,-0.6163749160761137,15.756816881563143,-0.0,1.1294734487400266,<20,>=1%,flat_or_adverse,1723939200000
train,983,ADAUSDT,SHORT,2024-08-15T20:00:03+00:00,2024-08-16T09:37:14.343000+00:00,1723752003000,1723801034343,2024,0.32333532000000004,0.33885864007117805,0.3387908818947991,-143.8538737342629,-139.5888763606473,-138.39796512882185,1.1909112318254529,3.5727503032331085,-0.6922470703824849,0.2093304676997058,0.2093304676997058,1.004384064250795,13.6198175,NO_FOLLOW_THROUGH,NO_FOLLOW_THROUGH,False,INITIAL_STOP_OR_GAP,0,-143.8538737342629,0.0,-1.0015476876389022,9.058236182387049,0.8240204905569065,0.12364760432766969,<20,<0.25%,favorable,1723795200000
train,984,ETHUSDT,LONG,2024-08-18T16:00:03+00:00,2024-08-19T09:47:05.309000+00:00,1723996803000,1724060825309,2024,2671.5342,2592.4814,2580.3298583739706,-122.08185949564033,-117.4961766399999,-115.9314,1.5647766399999057,4.694343831768,0.10866097612757,0.06354741338701544,0.06354741338701544,0.866765754684627,17.783974722222222,NO_FOLLOW_THROUGH,NO_FOLLOW_THROUGH,False,RATCHETED_STOP,0,-122.08185949564033,0.0,-0.8602758322216296,15.239988749066066,0.0,0.15312616997379805,<20,<0.25%,flat_or_adverse,1724054400000
train,985,XRPUSDT,LONG,2024-08-18T16:00:03+00:00,2024-08-19T00:01:14.285000+00:00,1723996803000,1724025674285,2024,0.57331464,0.56198758,0.5561551723793643,-94.46448812349921,-88.89960126920757,-87.11753748,1.7820637892075695,5.3462018217284974,-0.21868503256313998,0.12152824587006514,0.12152824587006514,0.6601055609894452,8.019801388888888,NO_FOLLOW_THROUGH,NO_FOLLOW_THROUGH,False,RATCHETED_STOP,0,-94.46448812349921,0.0,-0.6658326784291311,15.173372417091665,0.08800323672291309,0.13520586182834632,<20,<0.25%,favorable,1724025600000
train,986,ADAUSDT,SHORT,2024-08-19T08:00:03+00:00,2024-08-20T00:29:16+00:00,1724054403000,1724113756000,2024,0.33053388,0.33996797999999995,0.3418989953214957,-116.03125026436497,-111.45483004694937,-109.87056734999972,1.5842626969496507,4.752801275318081,0.176381057902468,0.2757455521874586,0.2757455521874586,0.8300927648447631,16.486944444444443,NO_FOLLOW_THROUGH,NO_FOLLOW_THROUGH,False,RATCHETED_STOP,0,-116.03125026436497,0.0,-0.8257521853947756,8.459643353501459,0.026551033208167943,0.2419842710223737,<20,<0.25%,favorable,1724112000000
train,987,XRPUSDT,LONG,2024-08-19T12:00:03+00:00,2024-08-21T13:42:04.166000+00:00,1724068803000,1724247724166,2024,0.5850169799999999,0.5869825799999999,0.5662764756961876,7.76539954910288,14.006902749840084,15.677241579999857,1.670338830159773,5.011014609211009,-1.2304885915261938,1.589232579719927,1.589232579719927,0.5878699858551184,49.70032388888889,WIN,WIN,False,RATCHETED_STOP,0,7.76539954910288,0.0,0.055381956192893995,17.11195249331022,0.27921675377712346,0.0854846982390058,<20,<0.25%,favorable,1724241600000
train,988,BTCUSDT,LONG,2024-08-20T04:00:03+00:00,2024-08-20T15:07:15.081000+00:00,1724126403000,1724166435081,2024,60600.617699999995,58743.4790113638,58755.23005737527,-139.50767142050313,-134.27112718839686,-132.54541685176778,1.7257103366290778,5.177146915338961,-0.05939731676730001,0.42559204465189965,0.42559204465189965,1.0063677927282304,11.1200225,NO_FOLLOW_THROUGH,NO_FOLLOW_THROUGH,False,INITIAL_STOP_OR_GAP,0,-139.50767142050313,0.0,-0.9934193355265513,11.855093361807207,0.34744760737598,0.5588510049745308,<20,0.5–1%,favorable,1724155200000
train,989,ADAUSDT,LONG,2024-08-20T04:00:03+00:00,2024-08-26T07:53:10+00:00,1724126403000,1724658790000,2024,0.34136826,0.37702458,0.3296627964270686,383.5241123648444,395.39233570233625,397.44419759999994,2.05186189766367,6.155537999688287,-5.712685337803576,5.111437033417411,5.111437033417411,0.5440416742423092,147.8852777777778,WIN,WIN,False,RATCHETED_STOP,1,398.9413343183681,-15.417221953523647,2.7285094747028595,8.74834567691531,0.0,0.41019630823322956,<20,0.25–0.5%,flat_or_adverse,1724644800000
train,990,SOLUSDT,SHORT,2024-08-21T16:00:03+00:00,2024-08-22T11:51:08.266000+00:00,1724256003000,1724327468266,2024,140.2489446,144.4998942,146.41003022129394,-96.55152496999705,-93.04563503472028,-91.79911080000038,1.2465242347198995,3.7395837200532953,0.23369378477652403,0.10987423996516589,0.10987423996516589,0.6899676228013902,19.851462777777776,NO_FOLLOW_THROUGH,NO_FOLLOW_THROUGH,False,RATCHETED_STOP,0,-96.55152496999705,0.0,-0.6908046826181038,11.689057659743826,-0.08005830434280742,0.395645758035891,<20,0.25–0.5%,flat_or_adverse,1724313600000
train,991,BTCUSDT,LONG,2024-08-21T20:00:03+00:00,2024-08-26T09:29:15.834000+00:00,1724270403000,1724664555834,2024,61550.40762,63509.99546,59428.253007494015,119.69057863969661,124.23786905600001,125.8236399999999,1.58577094399989,4.757297733163199,0.2100073168598,1.708166011391304,1.708166011391304,0.8825029095257401,109.48689833333333,WIN,WIN,False,RATCHETED_STOP,0,119.69057863969661,0.0,0.850145922840579,11.352795352885957,0.10142915612369598,0.24716395208821615,<20,<0.25%,favorable,1724659200000
train,993,ETHUSDT,LONG,2024-08-23T08:00:03+00:00,2024-08-26T02:20:09.223000+00:00,1724400003000,1724638809223,2024,2668.603614,2728.60417,2579.6866395582647,85.62029993939232,90.70284050519994,92.33463599999989,1.6317954947999453,4.89537540424368,-0.18716516156394003,1.6953611719973594,1.6953611719973594,0.4227945702834709,66.33506194444445,WIN,WIN,False,RATCHETED_STOP,0,85.62029993939232,0.0,0.6077948444722029,15.852955765994723,0.0,0.16941084754148059,<20,<0.25%,flat_or_adverse,1724630400000
train,994,SOLUSDT,LONG,2024-08-23T20:00:03+00:00,2024-08-27T10:16:07.988000+00:00,1724443203000,1724753767988,2024,149.6689278,155.4199098,143.73834534382743,127.38184742787013,133.89206253119985,135.31265919999962,1.4205966687997602,4.2617737688808965,-2.2484413344488483,2.1340352812778947,2.1340352812778947,0.0,86.26805222222222,WIN,WIN,False,RATCHETED_STOP,0,127.38184742787013,0.0,0.8867594870560732,10.69074473265304,0.23925493480429644,1.713445602780001,<20,>=1%,favorable,1724745600000
train,995,XRPUSDT,SHORT,2024-08-26T20:00:03+00:00,2024-09-02T19:57:10+00:00,1724702403000,1725307030000,2024,0.58098378,0.56651328,0.6009660437389197,96.166314041891,99.3142828919996,100.88939279999956,1.575109907999959,4.7253176172728635,1.577348767164264,1.9309013485218764,1.9309013485218764,0.9516549400237295,167.95194444444445,WIN,WIN,False,RATCHETED_STOP,0,96.166314041891,0.0,0.6700428779991907,15.573955406714163,0.6829894832934301,0.2494838265657177,<20,<0.25%,favorable,1725292800000
train,996,ETHUSDT,SHORT,2024-08-27T16:00:03+00:00,2024-08-29T15:31:13.160000+00:00,1724774403000,1724945473160,2024,2577.114474,2587.997496,2664.6600728954922,-21.869383207491442,-16.90459807259997,-15.300004999999858,1.604593072600112,4.813781053800599,-0.15100408109087002,2.160182537853853,2.160182537853853,0.15815216498236748,47.51948888888889,GIVEBACK_GE1R,GIVEBACK_GE1R,False,RATCHETED_STOP,0,-21.869383207491442,0.0,-0.15358852995250616,21.220852012157398,0.5651569616479465,1.034473394267641,20–25,>=1%,favorable,1724932800000
train,997,ADAUSDT,SHORT,2024-08-28T00:00:03+00:00,2024-08-29T15:34:20+00:00,1724803203000,1724945660000,2024,0.35002998,0.3670734,0.3674998692713115,-140.07577431580197,-137.00687218031982,-135.85396239999977,1.1529097803200443,3.4587456434354875,0.38984350795334405,0.5512330301837741,0.5512330301837741,0.975588324305418,39.57138888888889,SLOW_FAILURE,SLOW_FAILURE,False,RATCHETED_STOP,0,-140.07577431580197,0.0,-0.9664585035829771,26.080380904944338,1.0571507542818046,1.1000000000000059,25–35,>=1%,favorable,1724932800000
train,998,SOLUSDT,SHORT,2024-08-28T08:00:03+00:00,2024-09-03T02:09:10.417000+00:00,1724832003000,1725329350417,2024,143.89021620000003,136.16022660000002,151.3737474606431,80.90685595008816,86.65186762728005,88.11011439999997,1.4582467727199173,4.374729744946272,-1.370281932245607,2.2895897141649204,2.2895897141649204,0.613184289632494,138.15206027777776,WIN,WIN,False,RATCHETED_STOP,1,141.34705862597215,-60.44020267588399,0.5562763669582703,28.87820368612052,-0.14378169400972943,0.7518170069067063,25–35,0.5–1%,flat_or_adverse,1725321600000
train,999,ETHUSDT,SHORT,2024-08-30T16:00:03+00:00,2024-09-02T10:21:17.994000+00:00,1725033603000,1725272477994,2024,2447.540394,2528.0054999999998,2557.474620041634,-105.05329042589588,-102.48035900159957,-101.21299199999974,1.2673670015998226,3.8021131503590397,1.22918172606272,0.4576408622820227,0.4576408622820227,0.8410447713070178,66.354165,NO_FOLLOW_THROUGH,NO_FOLLOW_THROUGH,False,RATCHETED_STOP,0,-105.05329042589588,0.0,-0.72450679929587,31.830518823822388,0.39932518597290584,2.2385255142889897,25–35,>=1%,favorable,1725264000000
train,1000,ADAUSDT,SHORT,2024-08-30T16:00:03+00:00,2024-09-05T12:30:06.666000+00:00,1725033603000,1725539406666,2024,0.33963206,0.3290658,0.35844495684338207,76.8057770737382,79.13629167227197,80.13794103999992,1.0016493677279499,3.004938486631075,0.6744238880973145,1.8674455238061156,1.8674455238061156,0.5564236112676284,140.50101833333332,WIN,WIN,False,RATCHETED_STOP,0,76.8057770737382,0.0,0.5298061044055784,26.134064185770228,0.5548158945840244,2.119517221077417,25–35,>=1%,favorable,1725537600000
train,1002,ETHUSDT,SHORT,2024-09-04T00:00:03+00:00,2024-09-08T22:21:13.802000+00:00,1725408003000,1725834073802,2024,2423.5651900000003,2310.462,2517.905448981784,162.56906641012924,165.34555346100038,166.72969500000028,1.3841415389998986,4.1524046094366,1.3759175585654397,2.8997714544415563,2.8997714544415563,0.6972082831858706,118.35300055555555,WIN,WIN,False,RATCHETED_STOP,0,162.56906641012924,0.0,1.1322160878049492,28.142495365707646,-0.0,0.32796353210535334,25–35,0.25–0.5%,flat_or_adverse,1725825600000
train,1003,BTCUSDT,SHORT,2024-09-04T04:00:03+00:00,2024-09-08T22:17:06.523000+00:00,1725422403000,1725833826523,2024,56621.57342,54831.164039999996,58568.91255044981,121.64989246733504,126.58194316600033,128.1578900000003,1.5759468339999643,4.7278251230532,-0.2042255756120999,2.110969453507807,2.110969453507807,0.9646119418172991,114.28431194444444,WIN,WIN,False,RATCHETED_STOP,0,121.64989246733504,0.0,0.8443106659903501,31.545691308794954,0.8589303822506936,1.213252367440125,25–35,>=1%,favorable,1725825600000
train,1004,XRPUSDT,SHORT,2024-09-06T08:00:03+00:00,2024-09-09T08:02:20+00:00,1725609603000,1725868940000,2024,0.53459306,0.53170632,0.552990677228088,17.146211975554646,21.630213782721988,23.228161429999936,1.5979476472779481,4.793840154454626,0.3098383472872858,1.7661558884045068,1.7661558884045068,0.5656678183363638,72.03805555555556,WIN,WIN,False,RATCHETED_STOP,0,17.146211975554646,0.0,0.11885498459050474,35.29581778889223,-0.0,0.8415934168692838,>=35,0.5–1%,flat_or_adverse,1725868800000
train,1005,ADAUSDT,SHORT,2024-09-06T16:00:03+00:00,2024-09-08T01:22:12+00:00,1725638403000,1725758532000,2024,0.31713656,0.32776553999999997,0.33395054409583513,-92.71591273751925,-89.73112995208963,-88.6422652500001,1.0888647020895377,3.26660474334183,0.28182195791222003,0.8348146352462016,0.8348146352462016,0.6321511867394229,33.369166666666665,SLOW_FAILURE,SLOW_FAILURE,False,RATCHETED_STOP,0,-92.71591273751925,0.0,-0.6340444061485443,30.53668380388169,0.1313390172529968,0.03152585119799638,25–35,<0.25%,favorable,1725753600000
train,1006,ADAUSDT,LONG,2024-09-09T04:00:03+00:00,2024-09-11T04:17:13.333000+00:00,1725854403000,1726028233333,2024,0.34456889999999996,0.33713256,0.32955231627661813,-74.72894423036861,-69.08602061593734,-67.81937760999975,1.2666430059375955,3.799937156139313,-1.8429864582919635,0.2751025183955559,0.2751025183955559,0.4952085066073351,48.28620361111111,NO_FOLLOW_THROUGH,NO_FOLLOW_THROUGH,False,RATCHETED_STOP,0,-74.72894423036861,0.0,-0.5166876035332773,21.101495264029893,0.5253344659892455,1.0452961672473846,20–25,>=1%,favorable,1726027200000
train,1007,ADAUSDT,LONG,2024-09-11T20:00:03+00:00,2024-09-15T10:28:10+00:00,1726084803000,1726396090000,2024,0.34746948,0.35072984,0.33429294927191033,27.75515848856051,34.185332028508185,35.64947702000015,1.4641449914919633,4.392430696538757,-2.0377428434089158,1.3228459265716817,1.3228459265716817,0.1798257863846311,86.46861111111112,WIN,WIN,False,RATCHETED_STOP,0,27.75515848856051,0.0,0.19276155912892776,17.051662745194058,0.6179879950140829,0.5181347150258977,<20,0.5–1%,favorable,1726387200000
train,1008,BTCUSDT,LONG,2024-09-12T04:00:03+00:00,2024-09-15T22:11:18.384000+00:00,1726113603000,1726438278384,2024,58209.53958,59348.22798,56309.604125960424,77.97882949579795,82.55490900000045,84.25949999999979,1.7045909999993398,5.113762888859999,0.5376833846575,1.2566008044767378,1.2566008044767378,0.4734579683154126,90.18760666666667,WIN,WIN,False,RATCHETED_STOP,0,77.97882949579795,0.0,0.5396547411180714,20.65200496220498,0.16533425947286354,0.28299990205832914,20–25,0.25–0.5%,favorable,1726430400000
train,1009,XRPUSDT,LONG,2024-09-12T16:00:03+00:00,2024-09-15T23:09:05+00:00,1726156803000,1726441745000,2024,0.55741146,0.57358526,0.5384701082576113,64.02124761366603,71.51724875960008,73.65408799999963,2.136839240399553,6.410508882709439,-1.085492263224612,2.2431630317552984,2.2431630317552984,0.16426810727752086,79.15055555555556,WIN,WIN,False,RATCHETED_STOP,1,111.56880235379842,-47.547554740132384,0.444154808478859,24.559791000698677,2.40360592755607,2.673125224255476,20–25,>=1%,favorable,1726430400000
train,1010,ETHUSDT,LONG,2024-09-13T16:00:03+00:00,2024-09-15T18:40:03.503000+00:00,1726243203000,1726425603503,2024,2407.311366,2373.345236,2325.2618042150084,-63.03640218861346,-57.98358052299965,-56.351370999999595,1.632209523000057,4.89663533116452,-0.15618633444929003,0.6881040284888819,0.6881040284888819,0.41397088858325715,50.66680638888889,SLOW_FAILURE,SLOW_FAILURE,False,RATCHETED_STOP,0,-63.03640218861346,0.0,-0.42986582704073834,13.500273736879299,0.20792417727009033,0.6161631689816035,<20,0.5–1%,favorable,1726416000000
train,1012,ETHUSDT,SHORT,2024-09-16T00:00:03+00:00,2024-09-17T15:15:04.342000+00:00,1726444803000,1726586104342,2024,2314.38703,2371.62423,2385.2628187779374,-116.48752319020699,-111.12030008000006,-109.30082000000036,1.8194800799997068,5.458453356098399,0.09123024589148002,0.8934931249712261,0.8934931249712261,0.8075705538788595,39.25037277777778,SLOW_FAILURE,SLOW_FAILURE,False,RATCHETED_STOP,0,-116.48752319020699,0.0,-0.8045424210444906,14.898081802936327,-0.08805214885025119,0.5967989286562868,<20,0.5–1%,flat_or_adverse,1726574400000
train,1013,BTCUSDT,LONG,2024-09-17T16:00:03+00:00,2024-09-18T13:57:01.878000+00:00,1726588803000,1726667821878,2024,61123.2222,59348.06459790312,59359.93658522016,-142.94811672518586,-137.2196826420887,-135.3572019624817,1.8624806796070175,5.587458281686745,-0.1409758014104,0.06656766153829125,0.06656766153829125,1.0067328782232046,21.949688333333334,NO_FOLLOW_THROUGH,NO_FOLLOW_THROUGH,False,INITIAL_STOP_OR_GAP,0,-142.94811672518586,0.0,-0.9936495854645343,21.436055076706886,0.42912953921098457,1.9521136441745954,20–25,>=1%,favorable,1726660800000
train,1014,SOLUSDT,LONG,2024-09-17T16:00:03+00:00,2024-09-18T09:35:05.492000+00:00,1726588803000,1726652105492,2024,134.63192099999998,129.993937275893,130.0199412641458,-142.7964549745814,-138.2193357523468,-136.64208642243182,1.5772493299149914,4.73176438679691,0.154645164562304,0.05379013226606747,0.05379013226606747,1.0056383570054885,17.584025555555556,NO_FOLLOW_THROUGH,NO_FOLLOW_THROUGH,False,INITIAL_STOP_OR_GAP,0,-142.7964549745814,0.0,-0.9925796919628948,21.390627291811224,0.0,0.8320641878087561,20–25,0.5–1%,flat_or_adverse,1726646400000
train,1015,ETHUSDT,LONG,2024-09-17T16:00:03+00:00,2024-09-18T09:57:14.625000+00:00,1726588803000,1726653434625,2024,2383.156536,2300.9421107979733,2301.4023912762286,-143.21866221789224,-138.18600587956638,-136.61140474291466,1.5746011366517223,4.72381980332282,-0.30883653500304004,0.07000824263208223,0.07000824263208223,1.00563005679786,17.953229166666667,NO_FOLLOW_THROUGH,NO_FOLLOW_THROUGH,False,INITIAL_STOP_OR_GAP,0,-143.21866221789224,0.0,-0.995809527042392,25.632300531777766,0.0,0.4839088757197671,25–35,0.25–0.5%,flat_or_adverse,1726646400000
train,1016,SOLUSDT,LONG,2024-09-19T12:00:03+00:00,2024-09-22T10:40:18.181000+00:00,1726747203000,1727001618181,2024,139.3948734,144.511092,133.81102277176785,117.22311905467689,123.96188370311991,125.33765160000004,1.3757678968801343,4.127288650121808,-2.611475998321212,2.346969407408578,2.346969407408578,0.005529051913368383,70.67088361111111,WIN,WIN,False,RATCHETED_STOP,0,117.22311905467689,0.0,0.833165283192382,19.06532322544216,0.31078047094129413,0.2052121003386727,<20,<0.25%,favorable,1726992000000
train,1017,BTCUSDT,LONG,2024-09-19T12:00:03+00:00,2024-09-22T14:04:04.128000+00:00,1726747203000,1727013844128,2024,62617.020899999996,62507.69596,60579.28752556013,-14.418635303460507,-7.182648557999908,-5.538510000000191,1.6441385579997174,4.9324163386211985,-2.3035704068393996,0.7408619395140371,0.7408619395140371,0.14576043349225784,74.06698,SLOW_FAILURE,SLOW_FAILURE,False,RATCHETED_STOP,0,-14.418635303460507,0.0,-0.10265195243879272,29.00586250101882,0.46019862694050057,0.07906779864067279,25–35,<0.25%,favorable,1727006400000
train,1018,ETHUSDT,LONG,2024-09-19T20:00:03+00:00,2024-09-22T22:03:16.224000+00:00,1726776003000,1727042596224,2024,2460.281958,2527.184462,2371.1130827794564,94.56045619933069,101.73863783280021,103.25553000000014,1.5168921671999271,4.5506641109364,-2.6275175225331298,1.9403411960963979,1.9403411960963979,0.2710806650887407,74.05367333333334,WIN,WIN,False,RATCHETED_STOP,0,94.56045619933069,0.0,0.6678693083155388,22.456830899245567,0.5913602056054766,0.32360486057753046,20–25,0.25–0.5%,favorable,1727035200000
train,1019,ADAUSDT,LONG,2024-09-20T04:00:03+00:00,2024-09-22T14:07:20+00:00,1726804803000,1727014040000,2024,0.3585717,0.34983002,0.3456540122803188,-99.33553142016522,-92.30485723222374,-90.80883447999997,1.496022752223766,4.488079153732138,-2.5425950342093393,0.19572388300948781,0.19572388300948781,0.7177522944662733,58.12138888888889,NO_FOLLOW_THROUGH,NO_FOLLOW_THROUGH,False,RATCHETED_STOP,0,-99.33553142016522,0.0,-0.6972971207448663,29.282024850561804,0.27035403368096556,0.6413831567205713,25–35,0.5–1%,favorable,1727006400000
train,1020,BTCUSDT,LONG,2024-09-23T00:00:03+00:00,2024-09-26T01:36:18.929000+00:00,1727049603000,1727314578929,2024,63571.2117,62682.461,62076.08444047457,-86.31765332829872,-78.65443694999972,-76.41975,2.234686949999727,6.704070020369999,-0.9591463579289999,0.8218620135319009,0.8218620135319009,0.6934605020371952,73.60442472222222,SLOW_FAILURE,SLOW_FAILURE,False,RATCHETED_STOP,0,-86.31765332829872,0.0,-0.6107938075781608,32.07026703135704,0.0,0.018093595811096565,25–35,<0.25%,flat_or_adverse,1727308800000
train,1021,ETHUSDT,LONG,2024-09-23T04:00:03+00:00,2024-09-25T17:17:10.825000+00:00,1727064003000,1727284630825,2024,2675.905074,2589.58198,2576.8019093355665,-124.18652046755369,-118.4611818961998,-117.01602099999998,1.4451608961998232,4.335496730522519,-1.3898418408313602,0.26331072361168817,0.26331072361168817,0.8710427592528737,61.28550694444444,NO_FOLLOW_THROUGH,NO_FOLLOW_THROUGH,False,RATCHETED_STOP,0,-124.18652046755369,0.0,-0.8753253177597269,43.35700055043588,0.6711096821911837,1.5724927767000345,>=35,>=1%,favorable,1727280000000
train,1022,ADAUSDT,LONG,2024-09-23T20:00:03+00:00,2024-09-28T09:03:20+00:00,1727121603000,1727514200000,2024,0.36107219999999995,0.39452108,0.3478277797577803,326.1732091681952,338.3882828302967,340.38948192000015,2.0011990897034333,6.003556422374169,-6.211517239727306,4.117039402463238,4.117039402463238,0.2093107851684527,109.05472222222222,WIN,WIN,False,RATCHETED_STOP,1,331.31891543388855,-5.145706265693297,2.311623585069398,20.355584449455137,0.23714410731758825,0.11083402604599929,20–25,<0.25%,favorable,1727510400000
train,1023,SOLUSDT,LONG,2024-09-25T00:00:03+00:00,2024-09-30T09:52:20+00:00,1727222403000,1727689940000,2024,152.7425424,154.969,145.9177044175165,37.1508885521057,45.20399129856007,46.45349280000022,1.2495015014401503,3.7484989299008635,-4.30460381655351,1.3214170978339128,1.3214170978339128,0.9139473224139756,129.8713888888889,WIN,WIN,False,RATCHETED_STOP,0,37.1508885521057,0.0,0.25884214048810444,13.67732632956735,0.23166492845232864,2.614070930902608,<20,>=1%,favorable,1727683200000
train,1025,BTCUSDT,LONG,2024-09-26T16:00:03+00:00,2024-09-30T00:27:03.295000+00:00,1727366403000,1727656023295,2024,65213.04,65355.02638,63567.7767060179,2.6198129661021725,11.642883160000173,13.784199999999881,2.1413168399997087,6.4239488658960004,-2.5991213280019996,0.7518310318624652,0.7518310318624652,0.3716365655494016,80.45008194444445,WIN,WIN,False,RATCHETED_STOP,0,2.6198129661021725,0.0,0.018260666828690177,22.261537997030274,0.45918962360319165,0.6134969325153374,20–25,0.5–1%,favorable,1727654400000
train,1026,ETHUSDT,LONG,2024-09-27T16:00:03+00:00,2024-09-29T07:50:07.472000+00:00,1727452803000,1727596207472,2024,2682.6964319999997,2640.2318480000004,2599.4723983713407,-76.60566380702346,-70.14724630959897,-68.38865999999939,1.758586309599579,5.275767135439199,-1.1826503619853,0.540271434098292,0.540271434098292,0.5102442425402492,39.83457555555555,SLOW_FAILURE,SLOW_FAILURE,False,RATCHETED_STOP,0,-76.60566380702346,0.0,-0.5298927052745102,21.558469696118827,0.3611954810264908,0.19909252582797307,20–25,<0.25%,favorable,1727582400000
train,1027,XRPUSDT,LONG,2024-09-28T12:00:03+00:00,2024-09-30T23:41:16+00:00,1727524803000,1727739676000,2024,0.61702338,0.6101779399999999,0.5970695106146833,-54.812262494338846,-46.760943251456624,-45.084351840000345,1.676591411456279,5.02977964449022,-3.0215395983920006,2.4595039213854712,2.4595039213854712,0.4772698375487939,59.68694444444444,GIVEBACK_GE1R,GIVEBACK_GE1R,False,RATCHETED_STOP,0,-54.812262494338846,0.0,-0.38317414982864917,15.361807916370902,1.3296211391338617,0.8103727714748791,<20,0.5–1%,favorable,1727726400000
train,1028,ADAUSDT,SHORT,2024-10-01T16:00:03+00:00,2024-10-04T12:18:20+00:00,1727798403000,1728044300000,2024,0.36612676000000005,0.35347068,0.38387312550804337,94.77843690351348,97.76538303808053,98.87713280000025,1.1117497619197252,3.3352374205040634,0.3482912859370081,1.956837865435636,1.956837865435636,0.08865139170535649,68.30472222222222,WIN,WIN,False,RATCHETED_STOP,0,94.77843690351348,0.0,0.6692830262696359,30.97410431176696,1.2165363727097975,1.1469142545057294,25–35,>=1%,favorable,1728043200000
train,1029,BTCUSDT,SHORT,2024-10-01T20:00:03+00:00,2024-10-04T12:30:05.819000+00:00,1727812803000,1728045005819,2024,61727.452040000004,61628.3232,63363.9010675924,4.343688597038399,8.128564880000399,10.151600000000238,2.0230351199998395,6.069104141807999,2.2842278588459997,1.1686597063238036,1.1686597063238036,0.38348151969222516,64.50078305555556,WIN,WIN,False,RATCHETED_STOP,0,4.343688597038399,0.0,0.030527556939257044,39.76923007304382,1.0620606244010236,0.10025963844981667,>=35,<0.25%,favorable,1728043200000
train,1030,ETHUSDT,SHORT,2024-10-02T20:00:03+00:00,2024-10-04T15:55:11.629000+00:00,1727899203000,1728057311629,2024,2370.135878,2402.770458,2476.2220780409734,-45.92948103462525,-42.79372475399988,-41.54198399999978,1.251740754000103,3.7552272470380794,0.6194709664127099,0.5848628565830061,0.5848628565830061,0.3076232345714669,43.91906361111111,SLOW_FAILURE,SLOW_FAILURE,False,RATCHETED_STOP,0,-45.92948103462525,0.0,-0.318769734940765,37.31211130097761,0.6219932532197242,1.7628374131552622,>=35,>=1%,favorable,1728043200000
train,1031,SOLUSDT,SHORT,2024-10-02T20:00:03+00:00,2024-10-04T16:24:14.789000+00:00,1727899203000,1728059054789,2024,139.86002240000002,142.903575,148.39406613524136,-52.761028460654366,-50.0649184936995,-49.13465649999991,0.9302619936995882,2.79079187725878,0.09468191030391002,0.8036075994876616,0.8036075994876616,0.3566366302332875,44.40327472222222,SLOW_FAILURE,SLOW_FAILURE,False,RATCHETED_STOP,0,-52.761028460654366,0.0,-0.3662389645024563,28.72878351292474,0.4349836858980719,1.6527507720461965,25–35,>=1%,favorable,1728057600000
train,1032,BTCUSDT,LONG,2024-10-07T04:00:03+00:00,2024-10-07T23:00:15.303000+00:00,1728273603000,1728342015303,2024,63507.198899999996,62158.87116586047,62171.30542694586,-140.3140154935418,-132.81028181274297,-130.3346654458329,2.47561636691006,7.426864740892353,-0.07686893990649998,0.7043983064373183,0.7043983064373183,1.0093078238169382,19.0034175,SLOW_FAILURE,SLOW_FAILURE,False,INITIAL_STOP_OR_GAP,0,-140.3140154935418,0.0,-0.9909584871949577,33.48601530032318,0.9068275684305293,0.4758672391038001,25–35,0.25–0.5%,favorable,1728331200000
train,1033,SOLUSDT,SHORT,2024-10-08T08:00:03+00:00,2024-10-11T12:30:13.660000+00:00,1728374403000,1728649813660,2024,142.991396,142.62851999999998,149.22746658958786,4.6777828741971925,7.889831430000617,9.131850000000346,1.242018569999729,3.7260546141779995,0.514006058374575,1.213006795117108,1.213006795117108,0.3977831816307173,76.5029611111111,WIN,WIN,False,RATCHETED_STOP,0,4.6777828741971925,0.0,0.033279107437980265,17.41334965344384,-0.46105765672594384,0.23283456859180424,<20,<0.25%,flat_or_adverse,1728648000000
train,1034,XRPUSDT,SHORT,2024-10-08T08:00:03+00:00,2024-10-10T12:55:05.714000+00:00,1728374403000,1728564905714,2024,0.52699458,0.53620722,0.5468807035309892,-64.63305440885391,-62.45519876121596,-61.01364960000005,1.4415491612159101,4.324654805285951,2.146799157648,0.3215599053297221,0.3215599053297221,0.46326977631631655,52.91742055555556,NO_FOLLOW_THROUGH,NO_FOLLOW_THROUGH,False,RATCHETED_STOP,0,-64.63305440885391,0.0,-0.4599231158798123,39.97717934530012,-0.16599010165088926,0.1897533206831121,>=35,<0.25%,flat_or_adverse,1728561600000
train,1035,ADAUSDT,SHORT,2024-10-08T16:00:03+00:00,2024-10-11T07:04:20+00:00,1728403203000,1728630260000,2024,0.34463106,0.34406879999999995,0.35945349595351217,2.072483249687159,5.145008315682335,6.40540999000031,1.2604016743179747,3.7812042543048,0.708679188309624,0.9128769415794841,0.9128769415794841,0.21379346889666456,63.07138888888889,WIN,WIN,False,RATCHETED_STOP,0,2.072483249687159,0.0,0.014731929093305505,20.836590383437784,-0.19656358121069878,1.247461560777479,20–25,>=1%,flat_or_adverse,1728619200000
train,1036,BTCUSDT,SHORT,2024-10-09T20:00:03+00:00,2024-10-11T12:30:05.344000+00:00,1728504003000,1728649805344,2024,61001.39728,61309.259399999995,62554.92379827888,-31.796735688274126,-26.260638835999828,-24.174020000000123,2.0866188359997047,6.259859408882399,0.7237625566081002,1.3526626390182794,1.3526626390182794,0.19816985186778197,40.50065111111111,GIVEBACK_GE1R,GIVEBACK_GE1R,False,RATCHETED_STOP,0,-31.796735688274126,0.0,-0.22576289477392528,17.00032219122212,0.5500823442687268,0.9610956227863603,<20,0.5–1%,favorable,1728648000000
train,1037,BTCUSDT,LONG,2024-10-11T20:00:03+00:00,2024-10-13T14:48:10.312000+00:00,1728676803000,1728830890312,2024,63054.90846,62315.534400000004,61335.29108606804,-63.18952510732758,-56.78392780799958,-54.858240000000215,1.925687807999367,5.777070006988799,-0.6285272923392,0.23708270582763474,0.23708270582763474,0.4299642881075304,42.80203111111111,NO_FOLLOW_THROUGH,NO_FOLLOW_THROUGH,False,RATCHETED_STOP,0,-63.18952510732758,0.0,-0.4519516134426902,26.037338036970198,0.0,0.16695113130210779,25–35,<0.25%,flat_or_adverse,1728820800000
train,1038,XRPUSDT,SHORT,2024-10-13T12:00:03+00:00,2024-10-14T14:01:12+00:00,1728820803000,1728914472000,2024,0.5307938200000001,0.5417083199999999,0.5427949257452374,-124.49371312853691,-118.51763696269812,-116.18843881999925,2.3291981426988713,6.987608370712658,1.01153220487388,0.5161041100282105,0.5161041100282105,0.9094578642748254,26.019166666666667,SLOW_FAILURE,SLOW_FAILURE,False,RATCHETED_STOP,0,-124.49371312853691,0.0,-0.892179933985579,19.656369842731674,-0.0,0.452147701582488,<20,0.25–0.5%,flat_or_adverse,1728907200000
train,1039,ADAUSDT,SHORT,2024-10-13T16:00:03+00:00,2024-10-14T03:56:13.184000+00:00,1728835203000,1728878173184,2024,0.34513096000000004,0.35606448004584285,0.35599328138956493,-138.79428272600816,-133.74809429250809,-132.03257605641718,1.715518236090901,5.146570552182977,0.100382118682878,0.2882404126808324,0.2882404126808324,1.0065546446035296,11.936162222222222,NO_FOLLOW_THROUGH,NO_FOLLOW_THROUGH,False,INITIAL_STOP_OR_GAP,0,-138.79428272600816,0.0,-0.9939989155803887,22.21537188400233,-0.25942064317039865,1.5353418308227031,20–25,>=1%,flat_or_adverse,1728864000000
train,1040,SOLUSDT,LONG,2024-10-14T04:00:03+00:00,2024-10-17T10:34:10.526000+00:00,1728878403000,1729161250526,2024,152.460486,151.46970000000002,147.41064952707183,-33.65650874739518,-25.77480239699963,-24.19348500000018,1.5813173969994487,4.743955094218201,-3.13775125617735,1.489060891439075,1.489060891439075,0.44961574739537075,78.56875722222222,GIVEBACK_GE1R,GIVEBACK_GE1R,False,RATCHETED_STOP,0,-33.65650874739518,0.0,-0.24439270907020866,16.633408312151783,0.8248428117379575,2.3630363902355844,<20,>=1%,favorable,1729152000000
train,1041,BTCUSDT,LONG,2024-10-14T04:00:03+00:00,2024-10-21T13:15:06.037000+00:00,1728878403000,1729516506037,2024,64293.65616,68056.18604,62752.73754416809,271.09626864747224,294.22951619600025,297.2931000000001,3.063583803999851,9.190715736828,-13.942531811700002,3.421558923248899,3.421558923248899,0.3509959283008597,177.25084361111112,WIN,WIN,False,RATCHETED_STOP,1,296.03276588901616,-24.936497241543933,1.9703898120564847,20.395772241442113,0.5984841844403324,1.274081541218638,20–25,>=1%,favorable,1729512000000
train,1042,ETHUSDT,LONG,2024-10-14T04:00:03+00:00,2024-10-17T18:16:11.569000+00:00,1728878403000,1729188971569,2024,2520.544008,2581.43361,2452.3640189929088,104.73919376352681,116.03731453140037,117.98188699999972,1.9445724685993468,5.833703247973559,-5.4644175199000005,2.467234073365794,2.467234073365794,0.1652098829002177,86.26904694444444,WIN,WIN,False,RATCHETED_STOP,0,104.73919376352681,0.0,0.761097245985265,15.682393993513793,0.5162073368832442,1.194420745620141,<20,>=1%,favorable,1729180800000
train,1043,ADAUSDT,LONG,2024-10-14T16:00:03+00:00,2024-10-15T15:06:11.330000+00:00,1728921603000,1729004771330,2024,0.36327264000000004,0.3507401154068268,0.35081027746231924,-140.61354704351953,-135.21045141319436,-133.6697937234913,1.5406576897030675,4.621989109485153,-0.7811065208400001,0.6361041075503165,0.6361041075503165,1.0056299160997997,23.10231388888889,SLOW_FAILURE,SLOW_FAILURE,False,INITIAL_STOP_OR_GAP,0,-140.61354704351953,0.0,-0.9992129077679365,20.432623077800027,0.3551330537563198,1.0187224669603625,20–25,>=1%,favorable,1728993600000
train,1044,XRPUSDT,LONG,2024-10-17T08:00:03+00:00,2024-10-20T06:02:17.142000+00:00,1729152003000,1729404137142,2024,0.55441086,0.54009196,0.5376083080438119,-121.61420885090683,-112.98178698872931,-111.25457937000002,1.7272076187292953,5.181636206739524,-3.450785655438,0.27907308438782524,0.27907308438782524,0.905270820745658,70.03726166666667,NO_FOLLOW_THROUGH,NO_FOLLOW_THROUGH,False,RATCHETED_STOP,0,-121.61420885090683,0.0,-0.8712991566158826,16.037306476547556,0.6550858620263321,0.09018759018760028,<20,<0.25%,favorable,1729396800000
train,1045,ADAUSDT,SHORT,2024-10-17T12:00:03+00:00,2024-10-19T01:43:10+00:00,1729166403000,1729302190000,2024,0.34313136,0.35297058,0.35748240446783786,-93.87857117642156,-91.46512739674785,-90.17094197999988,1.2941854167479647,3.8825670707570374,1.4691232910833252,0.2809105643170899,0.2809105643170899,0.6856100280401659,37.71861111111111,NO_FOLLOW_THROUGH,NO_FOLLOW_THROUGH,False,RATCHETED_STOP,0,-93.87857117642156,0.0,-0.6777721782501321,15.301529123622531,-0.0,0.9615384615384528,<20,0.5–1%,flat_or_adverse,1729296000000
train,1047,ETHUSDT,LONG,2024-10-18T16:00:03+00:00,2024-10-22T00:31:00.314000+00:00,1729267203000,1729557060314,2024,2652.650424,2640.141866,2569.005761761404,-28.936427130898785,-19.71598911959999,-18.047489999999712,1.668499119600277,5.005499524498799,-4.2149384867999995,1.402953552077966,1.402953552077966,0.2892046348516155,80.51592055555555,GIVEBACK_GE1R,GIVEBACK_GE1R,False,RATCHETED_STOP,0,-28.936427130898785,0.0,-0.20888128949951681,38.152621872124506,0.9211418118303465,0.04034508242461537,>=35,<0.25%,favorable,1729555200000
train,1048,ADAUSDT,LONG,2024-10-19T04:00:03+00:00,2024-10-23T12:00:11.428000+00:00,1729310403000,1729684811428,2024,0.35477094000000003,0.35352928000000006,0.3420095463637966,-22.09826652195231,-12.85713103471977,-11.390271199999894,1.466859834719875,4.4005808709925445,-4.84055461624,1.4284537033858933,1.4284537033858933,0.5305799815461567,104.00234111111111,GIVEBACK_GE1R,GIVEBACK_GE1R,False,RATCHETED_STOP,0,-22.09826652195231,0.0,-0.1601099697338756,15.16771365480896,0.0,0.5074711023400122,<20,0.5–1%,flat_or_adverse,1729684800000
train,1049,SOLUSDT,LONG,2024-10-21T00:00:03+00:00,2024-10-21T13:54:18.915000+00:00,1729468803000,1729518858915,2024,167.45348399999997,161.50725976146543,161.53956767500043,-139.47926205636253,-134.62846298466053,-133.13886827031504,1.4895947143454862,4.468800119702003,-0.381998952,0.7569461172584945,0.7569461172584945,1.0054630318995925,13.904420833333333,SLOW_FAILURE,SLOW_FAILURE,False,INITIAL_STOP_OR_GAP,0,-139.47926205636253,0.0,-0.9965432285464623,41.88759160225358,1.2516086561714643,3.518098196153379,>=35,>=1%,favorable,1729512000000
train,1050,XRPUSDT,SHORT,2024-10-22T12:00:03+00:00,2024-10-24T21:22:12+00:00,1729598403000,1729804932000,2024,0.5337932200000001,0.5336067,0.549241158789046,-0.7079562989157275,1.5624411649966603,3.3507209200005605,1.7882797550039002,5.364838862925489,3.094441399013101,1.456066100931856,1.456066100931856,0.1557994262449162,57.369166666666665,COST_FLIP,COST_FLIP,False,RATCHETED_STOP,0,-0.7079562989157275,0.0,-0.005184263699634705,13.074920620469893,0.3911047452480848,0.9552350627458313,<20,0.5–1%,favorable,1729800000000
train,1051,ADAUSDT,SHORT,2024-10-23T16:00:03+00:00,2024-10-27T16:00:10+00:00,1729699203000,1730044810000,2024,0.34992999999999996,0.33986795999999997,0.36467889925237795,88.21759391722881,89.71977348713595,90.94991567999989,1.2301421928639371,3.6904156646021176,2.1882360946949673,2.5717173431694875,2.5717173431694875,0.34375446690928985,96.00194444444445,WIN,WIN,False,RATCHETED_STOP,0,88.21759391722881,0.0,0.6462674635094414,15.26868264782305,-0.0681249992119132,0.32857142857142413,<20,0.25–0.5%,flat_or_adverse,1730044800000
train,1052,SOLUSDT,LONG,2024-10-23T20:00:03+00:00,2024-10-25T17:20:11.063000+00:00,1729713603000,1729876811063,2024,173.064606,170.42590800000002,165.16838034862008,-49.09891749931993,-44.11058672639961,-42.962175999999886,1.1484107263997245,3.44523733466112,-1.5430934382591999,0.7896676558262155,0.7896676558262155,0.3881102358649586,45.33557305555556,SLOW_FAILURE,SLOW_FAILURE,False,RATCHETED_STOP,0,-49.09891749931993,0.0,-0.35936056372787223,25.554333447184415,0.26491349458508484,1.1963934805224954,25–35,>=1%,favorable,1729872000000
train,1053,ETHUSDT,SHORT,2024-10-23T20:00:03+00:00,2024-10-25T14:31:08.954000+00:00,1729713603000,1729866668954,2024,2511.2676460000002,2562.342366,2591.6946574825315,-85.50266244204609,-82.61846707199938,-80.9770559999999,1.641411071999471,4.9242429332467195,2.0400475632,0.6252581697745003,0.6252581697745003,0.6350443595817685,42.518320555555555,SLOW_FAILURE,SLOW_FAILURE,False,RATCHETED_STOP,0,-85.50266244204609,0.0,-0.6259423784379174,34.42365094106067,1.9654760489193728,0.4464978879435675,25–35,0.25–0.5%,favorable,1729857600000
train,1054,XRPUSDT,SHORT,2024-10-25T20:00:03+00:00,2024-10-27T16:00:03.333000+00:00,1729886403000,1730044803333,2024,0.51469704,0.5171034,0.5288723540112169,-24.951302304434876,-21.788017484375466,-19.91956251999982,1.8684549643756476,5.605367283475502,2.4420824634160923,2.0385467282865095,2.0385467282865095,0.24006240689322364,44.0000925,GIVEBACK_GE1R,GIVEBACK_GE1R,False,RATCHETED_STOP,0,-24.951302304434876,0.0,-0.18372943564024252,27.533038438333467,0.554278267430081,1.0295260295260238,25–35,>=1%,favorable,1730044800000
train,1055,ETHUSDT,SHORT,2024-10-26T00:00:03+00:00,2024-10-27T17:35:14.387000+00:00,1729900803000,1730050514387,2024,2439.61198,2507.60142,2541.036036488575,-90.90698097925579,-88.65143081599979,-87.3613,1.2901308159997882,3.870402931356,1.6148527681000002,0.10127755047104715,0.10127755047104715,0.6703482620778297,41.58649638888889,NO_FOLLOW_THROUGH,NO_FOLLOW_THROUGH,False,RATCHETED_STOP,0,-90.90698097925579,0.0,-0.6619290463628381,40.6294528394344,1.2275100579566005,0.5499774599401694,>=35,0.5–1%,favorable,1730044800000
train,1056,SOLUSDT,LONG,2024-10-27T12:00:03+00:00,2024-10-30T12:03:07.692000+00:00,1730030403000,1730289787692,2024,173.99479200000002,175.254942,166.4976917470669,16.19089976350304,22.01028395999968,23.23031199999972,1.2200280400000416,3.6600813323625596,-2.15930286413408,1.2465096750365365,1.2465096750365365,0.22472581973822087,72.05130333333334,WIN,WIN,False,RATCHETED_STOP,0,16.19089976350304,0.0,0.11921741697136413,16.574876297636656,0.0,0.31041618762935186,<20,0.25–0.5%,flat_or_adverse,1730289600000
train,1057,BTCUSDT,LONG,2024-10-28T08:00:03+00:00,2024-10-31T13:49:11.224000+00:00,1730102403000,1730382551224,2024,68408.97906,71429.91116,67035.58615790107,261.1912905116843,274.6027278900005,277.14500999999944,2.5422821099989505,7.626813072598799,-5.7846243057174,3.823393096014232,3.823393096014232,0.1467745025417957,77.8189511111111,WIN,WIN,False,RATCHETED_STOP,0,261.1912905116843,0.0,1.9377528594058664,16.84260448355,0.24631993999341417,0.13027229981050026,<20,<0.25%,favorable,1730376000000
train,1058,ETHUSDT,LONG,2024-10-29T04:00:03+00:00,2024-10-31T13:58:12.288000+00:00,1730174403000,1730383092288,2024,2608.1015159999997,2599.38002,2519.9539972186885,-20.380317498387335,-12.972353150399496,-11.423231999999757,1.5491211503997384,4.647364821987839,-2.7605995260000005,1.3221981243641163,1.3221981243641163,0.09894204761040613,57.96924666666666,GIVEBACK_GE1R,GIVEBACK_GE1R,False,RATCHETED_STOP,0,-20.380317498387335,0.0,-0.14841749893927023,28.339744116923065,0.7514608965252164,0.04084262359208207,25–35,<0.25%,favorable,1730376000000
train,1059,ADAUSDT,LONG,2024-10-30T04:00:03+00:00,2024-10-31T14:46:16.666000+00:00,1730260803000,1730385976666,2024,0.3590718,0.34893019999999997,0.3454201231309113,-103.91541027039877,-98.41300023464028,-97.0389290000001,1.3740712346401835,4.1222253485914795,-1.380184687167,0.17786825920983612,0.17786825920983612,0.7428830976041865,34.77046277777778,NO_FOLLOW_THROUGH,NO_FOLLOW_THROUGH,False,RATCHETED_STOP,0,-103.91541027039877,0.0,-0.7527405358279392,25.03524307692215,0.950300951127342,0.5847953216374243,25–35,0.5–1%,favorable,1730376000000
train,1060,XRPUSDT,SHORT,2024-10-31T20:00:03+00:00,2024-11-01T03:59:18.412000+00:00,1730404803000,1730433558412,2024,0.50599878,0.5193641654912313,0.5192603134285456,-134.46856351964206,-129.02145907990186,-127.04181571221932,1.9796433676825416,5.938945348065217,0.491840908325,0.2864510367875765,0.2864510367875765,1.0078310749842971,7.987614444444445,NO_FOLLOW_THROUGH,NO_FOLLOW_THROUGH,False,INITIAL_STOP_OR_GAP,0,-134.46856351964206,0.0,-0.9899454981104129,29.452433063019566,0.6078882576343108,0.2963841138115109,25–35,0.25–0.5%,favorable,1730419200000
train,1061,SOLUSDT,SHORT,2024-11-01T16:00:03+00:00,2024-11-05T14:24:13.733000+00:00,1730476803000,1730816653733,2024,163.9672,164.9859906,172.14631053808364,-17.692544838212616,-16.27191970508027,-15.221125400000048,1.0507943050802204,3.1523847417750472,1.7317596086426998,1.0926860516661951,1.0926860516661951,0.5627506779090957,94.40298138888889,GIVEBACK_GE1R,GIVEBACK_GE1R,False,RATCHETED_STOP,0,-17.692544838212616,0.0,-0.13122572312009936,19.95177020675595,0.28601904986402577,0.6280487804878057,<20,0.5–1%,favorable,1730808000000
train,1062,XRPUSDT,SHORT,2024-11-03T04:00:03+00:00,2024-11-04T10:02:15.555000+00:00,1730606403000,1730714535555,2024,0.50159966,0.51170232,0.5165118605442622,-90.54051896789177,-86.82633141198036,-85.08458970000018,1.7417417119801826,5.225235346090764,1.5110477901793682,0.6839808765799171,0.6839808765799171,0.6774761357328474,30.036820833333334,SLOW_FAILURE,SLOW_FAILURE,False,RATCHETED_STOP,0,-90.54051896789177,0.0,-0.6703776279004101,28.19259003541969,0.45909154894346366,0.8770181383296709,25–35,0.5–1%,favorable,1730707200000
train,1063,ETHUSDT,SHORT,2024-11-03T04:00:03+00:00,2024-11-06T00:49:09.197000+00:00,1730606403000,1730854149197,2024,2448.4802059999997,2486.04711,2531.381023689328,-59.629253718506334,-58.420292410400386,-56.88555800000059,1.5347344103997926,4.604210057466959,3.3952487493610097,1.115552398368018,1.115552398368018,0.5128995730698795,68.81838805555556,GIVEBACK_GE1R,GIVEBACK_GE1R,False,RATCHETED_STOP,0,-59.629253718506334,0.0,-0.44166129828928696,21.054120397718716,0.5638124585198108,0.740722592447401,20–25,0.5–1%,favorable,1730851200000
train,1064,BTCUSDT,SHORT,2024-11-03T04:00:03+00:00,2024-11-05T14:31:18.278000+00:00,1730606403000,1730817078278,2024,68353.92648000001,69509.19906,70162.05447294879,-83.66223631827648,-81.21566237399928,-79.2773099999998,1.9383523739994786,5.8150666352772005,3.3684926910000006,0.8538811887327191,0.8538811887327191,0.6389329652022685,58.52091055555555,SLOW_FAILURE,SLOW_FAILURE,False,RATCHETED_STOP,0,-83.66223631827648,0.0,-0.620640437180645,21.334868105353912,0.9124827497207582,0.6655208980875416,20–25,0.5–1%,favorable,1730808000000
train,1065,SOLUSDT,LONG,2024-11-06T04:00:03+00:00,2024-11-09T17:14:08.607000+00:00,1730865603000,1731172448607,2024,184.946982,195.650862,174.86375818942668,131.44075083871684,137.09850620399996,138.073474,0.974967796000044,2.9248868191831194,-2.7328685461,2.021478287393194,2.021478287393194,0.4578874858612768,85.23489083333334,WIN,WIN,False,RATCHETED_STOP,0,131.44075083871684,0.0,0.9887288638895042,22.115120232151007,1.0959322110296348,7.29544102536368,20–25,>=1%,favorable,1731168000000
train,1066,BTCUSDT,LONG,2024-11-06T04:00:03+00:00,2024-11-17T21:18:04.581000+00:00,1730865603000,1731878284581,2024,74381.97342000001,89382.21998000001,71543.95390704324,734.3846586342955,763.4746485440003,765.3742000000002,1.8995514559998554,5.698562523096001,-23.391427386608704,6.708596080146116,6.708596080146116,0.5850817488813019,281.30043916666665,WIN,WIN,False,RATCHETED_STOP,1,649.2366026619703,85.14805597232524,5.5312262817543445,23.992638485101484,1.4190197276699552,4.664360987587252,20–25,>=1%,favorable,1731873600000
train,1067,ADAUSDT,LONG,2024-11-06T04:00:03+00:00,2024-11-12T16:18:17.714000+00:00,1730865603000,1731428297714,2024,0.35847168,0.5568886000000001,0.34163978127921496,1552.313238773848,1571.2784251075204,1572.8753016000003,1.5968764924798933,4.790440732403807,-14.17474560126838,17.914100185717874,17.914100185717874,0.4201356078305939,156.30408722222222,WIN,WIN,False,RATCHETED_STOP,1,1497.5640311084721,54.749207665376,11.682118639900537,32.917444573801156,0.0,2.9653921295004175,25–35,>=1%,flat_or_adverse,1731427200000
train,1068,XRPUSDT,LONG,2024-11-06T04:00:03+00:00,2024-11-20T03:34:07.941000+00:00,1730865603000,1732073647941,2024,0.5341068,1.06898616,0.5158798130667483,4835.039836050164,4897.019095447421,4900.025797509999,3.006702062577915,9.019518184638297,-52.95974121261882,40.37382605775088,40.37382605775088,0.4063644763187798,335.56803916666667,WIN,WIN,False,RATCHETED_STOP,1,3676.554310449686,1158.485525600478,36.39453896758312,25.697068568166095,0.7395067197353262,2.846441947565541,25–35,>=1%,favorable,1732060800000
train,1069,ETHUSDT,LONG,2024-11-09T20:00:03+00:00,2024-11-13T05:50:07.869000+00:00,1731182403000,1731477007869,2024,3071.324142,3139.951884,2942.2326797127375,59.32761430218068,71.61304877700013,72.90934499999989,1.2962962229997572,3.8888799198785997,-8.39655455494085,2.9256455175910245,2.9256455175910245,0.041243176780756605,81.83468583333334,WIN,WIN,False,RATCHETED_STOP,0,59.32761430218068,0.0,0.4242692395146669,65.15526292176038,0.4703141613361011,0.35138567753280897,>=35,0.25–0.5%,favorable,1731470400000
train,1073,ADAUSDT,LONG,2024-11-15T16:00:03+00:00,2024-11-24T12:42:09.710000+00:00,1731686403000,1732452129710,2024,0.64792956,0.96700656,0.5704193164855565,814.7430465309355,827.8789257510718,828.9070753599998,1.0281496089279045,3.0843493579349563,-10.051529862201264,6.574233506375776,6.574233506375776,0.07004957994988491,212.70186388888888,WIN,WIN,False,RATCHETED_STOP,1,694.2157696463909,120.52727688454473,4.697271278202729,42.120065053218624,0.527263370481661,2.655140475455386,>=35,>=1%,favorable,1732449600000
train,1074,ETHUSDT,LONG,2024-11-16T12:00:03+00:00,2024-11-20T17:21:14.980000+00:00,1731758403000,1732123274980,2024,3198.019476,3065.78672,3016.352451272705,-145.66084950954274,-133.92533527679987,-132.656544,1.268791276799874,3.8063897491852794,-7.9291244835576,0.1650300820691294,0.1650300820691294,0.8973531451000125,101.35332777777778,NO_FOLLOW_THROUGH,NO_FOLLOW_THROUGH,False,RATCHETED_STOP,0,-145.66084950954274,0.0,-0.7699806464143697,20.286573829095264,0.0,0.41534005967386417,20–25,0.25–0.5%,flat_or_adverse,1732118400000
train,1075,SOLUSDT,LONG,2024-11-18T04:00:03+00:00,2024-11-19T22:30:12+00:00,1731902403000,1732055412000,2024,244.488888,234.263138,229.3602527366745,-132.92188464983874,-126.59376242500005,-125.40838699999993,1.1853754250001174,3.5561413240064392,-2.7719809008322596,0.2757097337201005,0.2757097337201005,0.6759201885704156,42.5025,NO_FOLLOW_THROUGH,NO_FOLLOW_THROUGH,False,RATCHETED_STOP,0,-132.92188464983874,0.0,-0.6918194124371821,24.910093675059727,0.16678020940036484,0.7855652387381806,20–25,0.5–1%,favorable,1732046400000
train,1077,BTCUSDT,LONG,2024-11-20T16:00:03+00:00,2024-11-23T20:28:13.495000+00:00,1732118403000,1732393693495,2024,94756.54752000001,97180.46002,91590.78061297946,126.58170550213148,138.1630124999995,140.35109999999935,2.1880874999998525,6.564245657868001,-5.017061340000001,1.5488987736670945,1.5488987736670945,0.5253853391137273,76.46958194444444,WIN,WIN,False,RATCHETED_STOP,0,126.58170550213148,0.0,0.6694238909389755,18.43444973897155,0.27427694247721124,0.7934547634730156,<20,0.5–1%,favorable,1732392000000
train,1078,ETHUSDT,SHORT,2024-11-20T20:00:03+00:00,2024-11-21T12:04:06.785000+00:00,1732132803000,1732190646785,2024,3059.13805,3162.88245,3205.6510314317566,-132.38463591717004,-128.52893716000003,-126.98724999999999,1.5416871600000377,4.62507671847,0.7693779613,0.1762168085564862,0.1762168085564862,0.7080901568324344,16.067718055555556,NO_FOLLOW_THROUGH,NO_FOLLOW_THROUGH,False,RATCHETED_STOP,0,-132.38463591717004,0.0,-0.7057544909797625,9.011628716267557,0.030842825138661354,0.2173380178119157,<20,<0.25%,favorable,1732190400000
train,1079,ETHUSDT,LONG,2024-11-21T16:00:03+00:00,2024-11-26T11:31:08.907000+00:00,1732204803000,1732620668907,2024,3279.865842,3289.342,3120.0334149235437,-7.486411075934788,10.749753635199934,12.240175999999959,1.4904223648000254,4.47126562557888,-13.764899085555841,1.6895455004936073,1.6895455004936073,0.12166393488286383,115.5183075,COST_FLIP,COST_FLIP,False,RATCHETED_STOP,0,-7.486411075934788,0.0,-0.039977205577270865,11.300768789755185,0.9230580647905879,3.3447182239570576,<20,>=1%,favorable,1732608000000
train,1080,SOLUSDT,LONG,2024-11-21T16:00:03+00:00,2024-11-24T10:47:13.613000+00:00,1732204803000,1732445233613,2024,249.079806,251.459698,234.25982478686845,19.265783964977103,29.28004926520015,30.511687999999875,1.2316387347997235,3.6949125429974394,-6.31935275722561,1.0499469450212646,1.0499469450212646,0.045196143663562754,66.7862813888889,WIN,WIN,False,RATCHETED_STOP,0,19.265783964977103,0.0,0.10289636419103758,19.56676244212257,1.4881340053744558,1.8391358470867016,<20,>=1%,favorable,1732435200000
train,1081,SOLUSDT,SHORT,2024-11-26T12:00:03+00:00,2024-11-27T16:01:11.282000+00:00,1732622403000,1732723271282,2024,227.694452,241.0482,243.2595978026766,-163.0907168477763,-160.82719941279996,-159.6981359999999,1.1290634128000647,3.3872094021763193,1.1236919671999999,0.27397443326657994,0.27397443326657994,0.8579263033760771,28.018967222222223,NO_FOLLOW_THROUGH,NO_FOLLOW_THROUGH,False,RATCHETED_STOP,0,-163.0907168477763,0.0,-0.850103782835321,25.491417595500476,0.6316969779030033,1.5588635665041988,25–35,>=1%,favorable,1732723200000
train,1082,BTCUSDT,SHORT,2024-11-26T12:00:03+00:00,2024-11-27T15:34:19.441000+00:00,1732622403000,1732721659441,2024,92401.516,95385.87336,95699.0230749096,-168.1952801696477,-165.9302692159997,-163.84208000000015,2.0881892159995346,6.2645873090496,3.9995763554015995,0.46553834916096376,0.46553834916096376,0.9050344069638784,27.57123361111111,NO_FOLLOW_THROUGH,NO_FOLLOW_THROUGH,False,RATCHETED_STOP,0,-168.1952801696477,0.0,-0.878022669872117,25.493922551817864,0.3394303652561784,0.26617615234797665,25–35,0.25–0.5%,favorable,1732708800000
train,1083,ETHUSDT,LONG,2024-11-27T16:00:03+00:00,2024-12-02T04:21:12.634000+00:00,1732723203000,1733113272634,2024,3555.781014,3653.2692,3379.7431393895536,89.13864723009485,101.60218744920004,103.10484599999982,1.5026585507997794,4.5079632798184806,-7.95557693928672,1.194169075633255,1.194169075633255,0.14077092247811976,108.35267611111111,WIN,WIN,False,RATCHETED_STOP,0,89.13864723009485,0.0,0.47064691468077996,19.445675331012733,0.14658335813758674,1.3245871389311643,<20,>=1%,favorable,1733112000000
train,1084,XRPUSDT,LONG,2024-11-27T16:00:03+00:00,2024-12-04T21:15:18.011000+00:00,1732723203000,1733346918011,2024,1.4967993,2.2855428,1.3321249833538775,968.9959655330506,982.1941489274401,983.2766196000001,1.082470672560035,3.2472940244856474,-9.950889369903729,8.618227352658748,8.618227352658748,0.40017958684847293,173.25416972222223,WIN,WIN,False,RATCHETED_STOP,1,882.6981232502862,86.2978422827644,5.117025582267552,20.934957271364112,-0.23361214364267002,0.9555629802873358,20–25,0.5–1%,flat_or_adverse,1733342400000
train,1085,ADAUSDT,LONG,2024-11-27T16:00:03+00:00,2024-12-01T02:57:20+00:00,1732723203000,1733021840000,2024,1.0350069599999998,1.03789238,0.9223862761856667,-0.6577827921435051,4.78095771583023,5.467890450000134,0.6869327341699041,2.060797546363146,-3.377942961610589,1.035271994904736,1.035271994904736,0.5701169432237835,82.95472222222222,COST_FLIP,COST_FLIP,False,RATCHETED_STOP,0,-0.6577827921435051,0.0,-0.0034739132696513446,24.888358182455047,-0.0703386882003823,0.8601527012660586,20–25,0.5–1%,flat_or_adverse,1733011200000
train,1086,BTCUSDT,LONG,2024-11-29T12:00:03+00:00,2024-12-02T08:17:12.234000+00:00,1732881603000,1733127432234,2024,97321.66043999999,95717.3527,94336.50649385729,-113.75760799260095,-97.54191059199935,-95.19455999999983,2.347350591999529,7.042063199347199,-9.1736342012544,0.46618686510229473,0.46618686510229473,0.537428812364271,68.28589833333334,NO_FOLLOW_THROUGH,NO_FOLLOW_THROUGH,False,RATCHETED_STOP,0,-113.75760799260095,0.0,-0.5956993194991382,18.159467889891665,0.0,0.05364729677232076,<20,<0.25%,flat_or_adverse,1733126400000
train,1088,SOLUSDT,SHORT,2024-12-01T04:00:03+00:00,2024-12-03T21:14:16.176000+00:00,1733025603000,1733260456176,2024,235.712848,231.236238,246.1824317589082,83.58701422122061,79.7234998290004,81.38667299999989,1.6631731709994853,4.989509746599239,8.85302413881945,1.9678765149063147,1.9678765149063147,0.36937017641313447,65.23699333333333,WIN,WIN,False,RATCHETED_STOP,0,83.58701422122061,0.0,0.43271616040824745,13.798269258653752,-0.5507351962361269,0.7592466915507382,<20,0.5–1%,flat_or_adverse,1733256000000
train,1089,ADAUSDT,LONG,2024-12-02T16:00:03+00:00,2024-12-05T01:13:05.098000+00:00,1733155203000,1733361185098,2024,1.20744144,1.139772,1.0923687194919334,-123.43642335185872,-116.63308437023994,-115.82397120000024,0.8091131702396979,2.4273534095965434,-4.375985572022224,1.0563629630315268,1.0563629630315268,0.5880580532138922,57.21724944444444,GIVEBACK_GE1R,GIVEBACK_GE1R,False,RATCHETED_STOP,0,-123.43642335185872,0.0,-0.6120841242802391,29.290535446254385,0.2888682685273803,1.1927441398161158,25–35,>=1%,favorable,1733356800000
train,1090,ETHUSDT,LONG,2024-12-04T08:00:03+00:00,2024-12-05T22:28:14.248000+00:00,1733299203000,1733437694248,2024,3718.533558,3662.447364,3573.4286458645975,-86.83196884728817,-74.57781216179998,-72.61491700000018,1.962895161799807,5.888694199190041,-6.36546248629814,1.6640817905232517,1.6640817905232517,0.3865216771411841,38.469791111111114,GIVEBACK_GE1R,GIVEBACK_GE1R,False,RATCHETED_STOP,0,-86.83196884728817,0.0,-0.43230685561447485,20.685949374956813,0.0,0.16111722286626684,20–25,<0.25%,flat_or_adverse,1733428800000
train,1091,BTCUSDT,LONG,2024-12-04T20:00:03+00:00,2024-12-05T22:28:05.248000+00:00,1733342403000,1733437685248,2024,97302.85668,94631.86984,94527.90955752351,-199.30049327246715,-181.36000643599985,-178.75353999999942,2.6064664360004315,7.8194207584247994,-10.121066078042501,2.6406064680110277,2.6406064680110277,0.9625361212707689,26.467291111111113,GIVEBACK_GE1R,GIVEBACK_GE1R,False,RATCHETED_STOP,0,-199.30049327246715,0.0,-1.0015608898699833,16.70759171949879,0.0,0.2490661305011835,<20,<0.25%,flat_or_adverse,1733428800000
train,1092,ETHUSDT,LONG,2024-12-06T16:00:03+00:00,2024-12-08T08:16:04.182000+00:00,1733500803000,1733645764182,2024,3997.089258,3960.1378139999997,3789.485519271581,-42.27289184847249,-33.49648398600024,-32.053840000000115,1.442643986000128,4.327935804460799,-4.44847205801145,0.4611706060132428,0.4611706060132428,0.1779902627299936,40.266995,NO_FOLLOW_THROUGH,NO_FOLLOW_THROUGH,False,RATCHETED_STOP,0,-42.27289184847249,0.0,-0.21791254892614156,21.326988853403737,0.41587183418566526,0.9078442951945358,20–25,0.5–1%,favorable,1733644800000
train,1093,XRPUSDT,LONG,2024-12-07T16:00:03+00:00,2024-12-09T07:12:14.477000+00:00,1733587203000,1733728334477,2024,2.54140818,2.42221546,2.285056204496694,-92.24278125443666,-88.80040004861603,-88.06080846000023,0.7395915886157951,2.2187853331450147,-1.2235958726756215,0.4189233174004361,0.4189233174004361,0.4649572907171259,39.20318805555556,NO_FOLLOW_THROUGH,NO_FOLLOW_THROUGH,False,RATCHETED_STOP,0,-92.24278125443666,0.0,-0.4754401091342561,16.93897112010627,0.0,1.4995277078085651,<20,>=1%,flat_or_adverse,1733716800000
train,1094,BTCUSDT,LONG,2024-12-09T00:00:03+00:00,2024-12-09T07:14:10.747000+00:00,1733702403000,1733728450747,2024,101220.34002,98480.39998,98121.76796530833,-169.86977274960006,-162.75243837600007,-160.38,2.3724383760000762,7.117334373599999,0.0,0.02570860983509497,0.02570860983509497,0.8842589398078865,7.235485277777777,NO_FOLLOW_THROUGH,NO_FOLLOW_THROUGH,False,RATCHETED_STOP,0,-169.86977274960006,0.0,-0.877086001780036,15.686618030066683,0.0,0.5953557312252965,<20,0.5–1%,flat_or_adverse,1733716800000
train,1095,SOLUSDT,SHORT,2024-12-09T12:00:03+00:00,2024-12-11T12:39:18.048000+00:00,1733745603000,1733920758048,2024,226.114768,226.14522,237.61001965006542,-2.6887258609753886,-0.49237229759994855,0.9701280000000368,1.4625002975999855,4.38750077638464,2.1911472130092005,2.271787412313967,2.271787412313967,0.5006616797264504,48.65418,COST_FLIP,COST_FLIP,False,RATCHETED_STOP,0,-2.6887258609753886,0.0,-0.014024669100580497,22.942988972028314,-0.0777291242460794,0.9860275910859523,20–25,0.5–1%,flat_or_adverse,1733918400000
train,1096,ADAUSDT,SHORT,2024-12-09T12:00:03+00:00,2024-12-11T15:27:13.902000+00:00,1733745603000,1733930833902,2024,1.1041791200000002,1.11062208,1.1870213715786637,-16.224703968482633,-14.596124483591492,-13.592626200000012,1.0034982835914796,3.0104964818911437,1.3819169969999998,2.5226151633694114,2.5226151633694114,0.5724238428620073,51.453028333333336,GIVEBACK_GE1R,GIVEBACK_GE1R,False,RATCHETED_STOP,0,-16.224703968482633,0.0,-0.08464638458827746,20.729762364697546,0.198736396236054,0.39837030330465906,20–25,0.25–0.5%,favorable,1733918400000
train,1097,BTCUSDT,SHORT,2024-12-09T20:00:03+00:00,2024-12-11T08:43:17.483000+00:00,1733774403000,1733906597483,2024,97107.37464000001,98468.1897,100505.70751469748,-77.20607980461565,-73.48401323999965,-71.37179999999984,2.112213239999818,6.3366482846159995,2.6145817200000003,0.902699868762298,0.902699868762298,0.40043606973643986,36.720689722222225,SLOW_FAILURE,SLOW_FAILURE,False,RATCHETED_STOP,0,-77.20607980461565,0.0,-0.4023244331515664,13.584996103138874,0.28669029731839585,0.44086699036722826,<20,0.25–0.5%,favorable,1733904000000
train,1098,BTCUSDT,LONG,2024-12-11T16:00:03+00:00,2024-12-18T05:55:14.925000+00:00,1733932803000,1734501314925,2024,100372.77054,103243.94708000001,96711.67754505792,127.83348148753242,143.27170934600073,145.30381000000042,2.0321006539996915,6.096284525542799,-9.341943332925501,2.1835089879017042,2.1835089879017042,0.3340998280267235,157.91997916666668,WIN,WIN,False,RATCHETED_STOP,0,127.83348148753242,0.0,0.6703300371672702,19.366537876045175,-0.14581069097209645,1.846288141724142,<20,>=1%,flat_or_adverse,1734494400000
train,1099,ETHUSDT,LONG,2024-12-12T04:00:03+00:00,2024-12-14T17:50:19.120000+00:00,1733976003000,1734198619120,2024,3934.546752,3844.4109639999997,3742.673286567804,-94.4688269273756,-86.95399468360048,-85.45312600000037,1.5008686836001175,4.50261630517512,-3.0122159386,0.2730614568407558,0.2730614568407558,0.5188145832242648,61.83781111111111,NO_FOLLOW_THROUGH,NO_FOLLOW_THROUGH,False,RATCHETED_STOP,0,-94.4688269273756,0.0,-0.49415261212882977,33.76949157626128,0.0,1.3476258144222926,25–35,>=1%,flat_or_adverse,1734192000000
train,1100,SOLUSDT,SHORT,2024-12-13T16:00:03+00:00,2024-12-16T00:36:16.666000+00:00,1734105603000,1734309376666,2024,220.975796,226.725336,232.70305007601254,-92.46754047851886,-90.57480343599994,-89.16424399999994,1.4105594359999998,4.23168900770928,2.33895196519036,0.5061539522829438,0.5061539522829438,0.5478012123179254,56.60379611111111,SLOW_FAILURE,SLOW_FAILURE,False,RATCHETED_STOP,0,-92.46754047851886,0.0,-0.4858685174745469,31.813582919766286,0.28502830838987414,0.9320423491086789,25–35,0.5–1%,favorable,1734307200000
train,1101,XRPUSDT,LONG,2024-12-14T08:00:03+00:00,2024-12-16T11:55:14.426000+00:00,1734163203000,1734350114426,2024,2.48779746,2.3529293200000003,2.2921540541761694,-132.51658158216236,-128.8295808732676,-127.9047881799997,0.9247926932678894,2.774393428378582,-0.9126072805161874,0.08179442559086197,0.08179442559086197,0.6893569421984159,51.91984055555555,NO_FOLLOW_THROUGH,NO_FOLLOW_THROUGH,False,RATCHETED_STOP,0,-132.51658158216236,0.0,-0.6949467081393825,13.67099581019359,0.24750706347547416,0.29751135769708636,<20,0.25–0.5%,favorable,1734336000000
train,1102,ETHUSDT,LONG,2024-12-16T00:00:03+00:00,2024-12-17T22:24:18.175000+00:00,1734307203000,1734474258175,2024,3959.2916999999998,3881.4435559999997,3821.5798371050732,-112.09399364367367,-103.22663894400007,-101.14728000000026,2.0793589439998073,6.2380889696735995,-2.6292657300000006,1.0943015135521192,1.0943015135521192,0.5652972980214334,46.40421527777778,GIVEBACK_GE1R,GIVEBACK_GE1R,False,RATCHETED_STOP,0,-112.09399364367367,0.0,-0.5868612246844114,12.357854415721556,0.7732243211048831,0.5951749400025248,<20,0.5–1%,favorable,1734465600000
train,1103,SOLUSDT,SHORT,2024-12-16T12:00:03+00:00,2024-12-17T12:30:15.066000+00:00,1734350403000,1734438615066,2024,213.99719199999998,224.68784899878446,224.64292041470154,-187.71611202466437,-184.08028473067014,-182.56956603666296,1.5107186940071813,4.532177990369921,0.8963506963756801,0.2674492424649928,0.2674492424649928,1.004220339119386,24.503351666666667,NO_FOLLOW_THROUGH,NO_FOLLOW_THROUGH,False,INITIAL_STOP_OR_GAP,0,-187.71611202466437,0.0,-0.9921449364121415,36.58786714224725,0.14510614796156734,0.4718964631126435,>=35,0.25–0.5%,favorable,1734436800000
train,1104,XRPUSDT,LONG,2024-12-16T20:00:03+00:00,2024-12-18T16:17:07.500000+00:00,1734379203000,1734538627500,2024,2.47609512,2.439512,2.308712371370743,-45.66770114373826,-40.80799112112797,-39.71133364000009,1.0966574811278775,3.289977208744037,-1.5697328138662567,1.5103401161128471,1.5103401161128471,0.218559680131848,44.28458333333333,GIVEBACK_GE1R,GIVEBACK_GE1R,False,RATCHETED_STOP,0,-45.66770114373826,0.0,-0.23893210280910832,10.584239501073894,0.3259678410366257,0.08482792050411984,<20,<0.25%,favorable,1734537600000
train,1105,ADAUSDT,SHORT,2024-12-18T04:00:03+00:00,2024-12-21T06:50:20+00:00,1734494403000,1734763820000,2024,1.03609274,0.98659728,1.111146186095504,119.63132890264944,121.44151620593983,122.43409109999986,0.9925748940600272,2.9777099900890676,1.167522686798679,3.657296956767487,3.657296956767487,0.3052126343519379,74.83805555555556,WIN,WIN,False,RATCHETED_STOP,0,119.63132890264944,0.0,0.6356006985659326,11.211621735345672,0.04682513159304002,0.46314164415282855,<20,0.25–0.5%,favorable,1734753600000
train,1106,ETHUSDT,SHORT,2024-12-18T20:00:03+00:00,2024-12-23T20:59:02.652000+00:00,1734552003000,1734987542652,2024,3768.016246,3402.760416,3927.107699173378,364.1820187093622,365.3608471910001,367.40494900000016,2.04410180900004,6.13226133840612,4.953432856768179,4.198944900402638,4.198944900402638,0.08714329854597061,120.98323666666667,WIN,WIN,False,RATCHETED_STOP,1,414.46845253880036,-50.28643382943819,1.943049931650264,17.447503718685816,0.22193765013617384,0.4005232406960216,<20,0.25–0.5%,favorable,1734984000000
train,1107,SOLUSDT,SHORT,2024-12-19T00:00:03+00:00,2024-12-23T19:13:14.328000+00:00,1734566403000,1734981194328,2024,206.418708,187.807554,218.4846023624477,278.48571462747304,284.3281830042,285.532737,1.2045539957999836,3.6136277234715597,-2.22884065325539,2.5873513443944143,2.5873513443944143,0.46173883449032654,115.21981333333333,WIN,WIN,False,RATCHETED_STOP,0,278.48571462747304,0.0,1.4705134180488661,27.4279724749494,0.543884928820944,2.445994381478244,25–35,>=1%,favorable,1734969600000
train,1108,BTCUSDT,SHORT,2024-12-19T20:00:03+00:00,2024-12-24T14:21:17.257000+00:00,1734638403000,1735050077257,2024,97152.76556,96518.2998,101205.982576626,29.645035232445398,29.248871536000298,31.034519999999866,1.7856484639995678,5.3569416678576,5.753105364302701,1.2040227651225943,1.2040227651225943,0.5754032982772308,114.35396027777777,WIN,WIN,False,RATCHETED_STOP,0,29.645035232445398,0.0,0.15279426523756043,29.77510939099428,0.6223036869108968,1.3355170877237394,25–35,>=1%,favorable,1735041600000
train,1110,ADAUSDT,SHORT,2024-12-26T08:00:03+00:00,2024-12-29T12:58:03.111000+00:00,1735200003000,1735477083111,2024,0.88512294,0.89987994,0.948005766998921,-45.703450239047456,-44.272849052100064,-43.20180432000024,1.0710447320998213,3.2131393805165183,1.782538193569125,0.5537750394173214,0.5537750394173214,0.4687616859290651,76.9666975,SLOW_FAILURE,SLOW_FAILURE,False,RATCHETED_STOP,0,-45.703450239047456,0.0,-0.23692190438823055,14.180523718588077,0.15334050615761163,0.9713124011746164,<20,0.5–1%,favorable,1735473600000
train,1111,XRPUSDT,SHORT,2024-12-26T12:00:03+00:00,2024-12-31T23:59:59.999000+00:00,1735214403000,1735689599999,2024,2.18846222,2.08401672,2.3193432298323873,149.0748754941652,150.15752486744964,151.3860086699996,1.2284838025499596,3.685433241328959,2.6027838680445203,1.4873221122704803,1.4873221122704803,0.36703399569975476,131.99916638888888,WIN,WIN,False,PERIOD_END,0,149.0748754941652,0.0,0.7716213075806314,15.115902986971623,-0.0,1.9827310521266441,<20,>=1%,flat_or_adverse,1735675200000
train,1112,SOLUSDT,SHORT,2024-12-26T12:00:03+00:00,2024-12-28T17:20:12.619000+00:00,1735214403000,1735406412619,2024,189.66206,194.328858,200.3154573389957,-86.19850885530781,-82.273315341,-80.91940500000005,1.3539103409999456,4.0617407333286,0.1365472190208,0.657260757032843,0.657260757032843,0.43805725549329166,53.33600527777778,SLOW_FAILURE,SLOW_FAILURE,False,RATCHETED_STOP,0,-86.19850885530781,0.0,-0.4462454270674056,19.86625622231893,-0.0,1.8502899314707535,<20,>=1%,flat_or_adverse,1735401600000
train,1113,BTCUSDT,SHORT,2024-12-26T12:00:03+00:00,2024-12-31T13:14:08.367000+00:00,1735214403000,1735650848367,2024,95643.46748,95050.60632,99109.90949747666,31.94294466031112,31.59949982800002,33.6323,2.0328001719999804,6.098396480123999,6.4418413124351,1.192423660675825,1.192423660675825,0.554179908481025,121.23482416666667,WIN,WIN,False,RATCHETED_STOP,0,31.94294466031112,0.0,0.16557797651696018,28.187328323188996,-0.10713012953530769,1.6343883248120743,25–35,>=1%,flat_or_adverse,1735646400000
train,1114,ADAUSDT,SHORT,2024-12-30T00:00:03+00:00,2024-12-30T01:37:18.121000+00:00,1735516803000,1735522638121,2024,0.8581283399999999,0.9041922891254892,0.9040114868281236,-193.14873899796746,-188.81452443995096,-187.3697937487372,1.4447306912137492,4.334214558016491,0.0,0.0834367358093547,0.0834367358093547,1.0039404947102448,1.6208669444444443,NO_FOLLOW_THROUGH,NO_FOLLOW_THROUGH,False,INITIAL_STOP_OR_GAP,0,-193.14873899796746,0.0,-0.9971472355881185,17.550677332189924,0.2663087545220303,0.8855744581682652,<20,0.5–1%,favorable,1735516800000
train,1115,ADAUSDT,SHORT,2024-12-30T16:00:03+00:00,2024-12-31T23:59:59.999000+00:00,1735574403000,1735689599999,2024,0.83973202,0.84486894,0.8909980792289427,-21.681178401130595,-18.90898145862796,-17.668780320000096,1.2402011386278637,3.7206055361376382,0.948408593635,0.20933967153732805,0.20933967153732805,0.8030260296808278,31.999166388888888,NO_FOLLOW_THROUGH,NO_FOLLOW_THROUGH,False,PERIOD_END,0,-21.681178401130595,0.0,-0.11195726950358909,17.945034156299428,0.6458168388706913,1.2739611858554643,<20,>=1%,favorable,1735675200000
train,1116,SOLUSDT,SHORT,2024-12-30T16:00:03+00:00,2024-12-30T20:00:16.791000+00:00,1735574403000,1735588816791,2024,187.192554,196.30717186528386,196.26791828162754,-193.00019256176535,-188.2478486188537,-186.66374143776653,1.5841071810871767,4.752343942911632,0.0,0.15234143303744682,0.15234143303744682,1.0043252901413318,4.003830833333334,NO_FOLLOW_THROUGH,NO_FOLLOW_THROUGH,False,INITIAL_STOP_OR_GAP,0,-193.00019256176535,0.0,-0.9967834583724732,15.574689092930104,0.26141131613948343,0.6729331339457332,<20,0.5–1%,favorable,1735588800000
train,1117,SOLUSDT,LONG,2024-12-31T16:00:03+00:00,2024-12-31T23:59:59.999000+00:00,1735660803000,1735689599999,2024,198.349662,189.182156,188.44766245341125,-173.90986420489088,-169.60802850600007,-168.17409000000006,1.433938506000004,4.3018356988908,0.0,0.08183579449659384,0.08183579449659384,0.9401800066944258,7.999166388888889,NO_FOLLOW_THROUGH,NO_FOLLOW_THROUGH,False,PERIOD_END,0,-173.90986420489088,0.0,-0.9198253124756037,14.695849763385478,0.10149875552591436,0.7866868381240556,<20,0.5–1%,favorable,1735675200000
