period,position_id,symbol,side,entry_utc,exit_utc,entry_ts,exit_ts,exit_year,entry_price,exit_price,initial_stop,net_pnl,gross_pnl,ideal_gross_before_slippage,slippage_drag,fees,funding_pnl,mfe_r,mfe_upper_bound_r,mae_r,hours,category,upper_category,endpoint_sensitive,exit_kind,adds,root_net_pnl,add_net_pnl,net_r,entry_adx14,kijun_slope_atr,breakout_strength_pct,adx_cohort,breakout_cohort,slope_cohort,exit_4h_bucket
oos,0,XRPUSDT,LONG,2025-01-01T16:00:03+00:00,2025-01-05T01:07:05.679000+00:00,1735747203000,1736039225679,2025,2.2279455,2.39961998,2.111714175885524,104.2321916297627,107.47922881416805,108.05866366000006,0.5794348458320115,1.738291570456361,-1.5087456139490003,2.430966885671131,2.430966885671131,0.14579116369104317,81.11741083333334,WIN,WIN,False,RATCHETED_STOP,0,104.2321916297627,0.0,1.3897625914858767,18.956090533868057,0.23146184090293181,1.0987654320987765,<20,>=1%,favorable,1736035200000
oos,1,ADAUSDT,LONG,2025-01-01T20:00:03+00:00,2025-01-07T15:15:15+00:00,1735761603000,1736262915000,2025,0.9176835,1.06088778,0.8653429444410715,157.1862758703491,162.0404708150761,162.82540819999983,0.7849373849237296,2.354792615723016,-2.499402329004,4.476767537100192,4.476767537100192,0.12769256895783665,139.25333333333333,WIN,WIN,False,RATCHETED_STOP,1,196.51715083216897,-39.33087496181987,2.084550758492848,14.060410519351283,0.44481038569725,2.7465940054495914,<20,>=1%,favorable,1736251200000
oos,2,SOLUSDT,LONG,2025-01-02T08:00:03+00:00,2025-01-05T09:52:10+00:00,1735804803000,1736070730000,2025,205.881168,213.40731,196.26191536354332,55.103642007541865,57.33113929919995,57.96993599999989,0.6387967007999436,1.91638314600768,-0.3111141456504,1.4355410468860061,1.4355410468860061,0.13110873034150378,73.86861111111111,WIN,WIN,False,RATCHETED_STOP,0,55.103642007541865,0.0,0.7271055197497989,14.609898506687802,0.8018304589591828,3.016906335017493,<20,>=1%,favorable,1736064000000
oos,3,ETHUSDT,LONG,2025-01-02T12:00:03+00:00,2025-01-07T14:34:14.868000+00:00,1735819203000,1736260454868,2025,3471.274116,3608.2782,3369.082553896084,55.67549486211902,64.13281785120029,65.59765600000011,1.4648381487998208,4.39450657468128,-4.0628164144,2.6715110169505687,2.6715110169505687,0.5017451044329927,122.56996333333333,WIN,WIN,False,RATCHETED_STOP,1,90.39850583046203,-34.72301096834301,0.7279952474745925,10.98931146802958,0.23815753502410203,1.2352437783995236,<20,>=1%,favorable,1736251200000
oos,4,BTCUSDT,LONG,2025-01-06T04:00:03+00:00,2025-01-07T15:39:01.360000+00:00,1736136003000,1736264341360,2025,99024.80099999999,97853.02548000001,97159.46688715172,-51.84303356961226,-45.69924527999926,-44.163599999999775,1.5356452799994855,4.606941139631999,-1.536847149981,2.0035547381339343,2.0035547381339343,0.6281853271909227,35.649544444444444,GIVEBACK_GE1R,GIVEBACK_GE1R,False,RATCHETED_STOP,0,-51.84303356961226,0.0,-0.6568464107567822,31.697222908608076,1.024040146905431,0.15393161961516508,25–35,<0.25%,favorable,1736251200000
oos,5,SOLUSDT,LONG,2025-01-06T16:00:03+00:00,2025-01-07T11:38:08.247000+00:00,1736179203000,1736249888247,2025,221.564304,213.943998955484,213.98679631474695,-79.60849826567298,-76.98260765121385,-76.10268358953195,0.8799240616819048,2.6397813173683113,0.013890702909199991,0.20794383396885668,0.20794383396885668,1.0056479466653974,19.634790833333334,NO_FOLLOW_THROUGH,NO_FOLLOW_THROUGH,False,INITIAL_STOP_OR_GAP,0,-79.60849826567298,0.0,-0.9934725819013918,42.11269084445427,1.848946350776908,1.1421606248024927,>=35,>=1%,favorable,1736236800000
oos,8,ETHUSDT,SHORT,2025-01-07T20:00:03+00:00,2025-01-13T00:31:16.374000+00:00,1736280003000,1736728276374,2025,3383.683128,3319.9638600000003,3519.208791421711,35.046808220781486,34.72062913319991,35.45119399999997,0.7305648668000657,2.19169034625672,2.5178694338383,1.6800000992544564,1.6800000992544564,0.22037798042031562,124.52038166666667,WIN,WIN,False,RATCHETED_STOP,0,35.046808220781486,0.0,0.4563507449928487,42.18360824967176,0.43426418125517774,0.7061896488553254,>=35,0.5–1%,favorable,1736726400000
oos,9,SOLUSDT,SHORT,2025-01-08T04:00:03+00:00,2025-01-13T00:35:16.585000+00:00,1736308803000,1736728516585,2025,198.580276,191.858364,207.2503159620046,55.694624564934436,57.50528496880003,58.173320000000096,0.6680350312000698,2.0040981128015996,0.19343770893600995,1.929665384856171,1.929665384856171,0.1095409022521295,116.58710694444444,WIN,WIN,False,RATCHETED_STOP,0,55.694624564934436,0.0,0.7243466741186853,37.38190366864561,0.9709957360649798,1.2863759943610948,>=35,>=1%,favorable,1736726400000
oos,10,BTCUSDT,SHORT,2025-01-08T12:00:03+00:00,2025-01-10T17:56:07.100000+00:00,1736337603000,1736531767100,2025,95074.78124000001,95377.77174,97762.69832676169,-10.279792410857802,-8.211042549999602,-7.178789999999842,1.0322525499997601,3.0967585114547997,1.0280086505966,1.4952028318856951,1.4952028318856951,0.3682103011564142,53.93447222222222,GIVEBACK_GE1R,GIVEBACK_GE1R,False,RATCHETED_STOP,0,-10.279792410857802,0.0,-0.13356451637898437,33.88198652397885,0.6266116038933421,0.13470895609498174,25–35,<0.25%,favorable,1736524800000
oos,11,ADAUSDT,SHORT,2025-01-08T20:00:03+00:00,2025-01-11T20:45:06+00:00,1736366403000,1736628306000,2025,0.91211754,0.97379472,0.9908914785676404,-60.18515579583167,-59.684501333124,-59.319507340000015,0.3649939931239814,1.0949890977128807,0.5943346350052143,0.41787348199855345,0.41787348199855345,0.7829642788146235,72.75083333333333,NO_FOLLOW_THROUGH,NO_FOLLOW_THROUGH,False,RATCHETED_STOP,0,-60.18515579583167,0.0,-0.7751710213081618,35.63557645483163,0.6816026526229367,5.249890398947836,>=35,>=1%,favorable,1736625600000
oos,12,XRPUSDT,LONG,2025-01-11T12:00:03+00:00,2025-01-13T11:33:10.266000+00:00,1736596803000,1736767990266,2025,2.41938378,2.3956207800000002,2.2940295255478813,-16.912011693423096,-14.288575461299855,-13.709528279999827,0.5790471813000284,1.7371431890433937,-0.88629304307985,1.471160438917861,1.471160438917861,0.3349210617820416,47.552018333333336,GIVEBACK_GE1R,GIVEBACK_GE1R,False,RATCHETED_STOP,0,-16.912011693423096,0.0,-0.21765074712128704,15.433272949541303,0.0,0.21600727603455347,<20,<0.25%,flat_or_adverse,1736755200000
oos,13,SOLUSDT,SHORT,2025-01-13T08:00:03+00:00,2025-01-15T07:15:14+00:00,1736755203000,1736925314000,2025,182.353522,190.118016,190.8488335529054,-70.12015725174953,-68.15206963560011,-67.49820600000022,0.6538636355998904,1.96159900658472,-0.006488609564700015,1.7237180659951064,1.7237180659951064,0.913974013977692,47.253055555555555,GIVEBACK_GE1R,GIVEBACK_GE1R,False,RATCHETED_STOP,0,-70.12015725174953,0.0,-0.9091437337222789,36.56335291338743,0.11467302127806939,0.9265858873841912,>=35,0.5–1%,favorable,1736913600000
oos,14,ETHUSDT,SHORT,2025-01-13T08:00:03+00:00,2025-01-15T13:30:13.415000+00:00,1736755203000,1736947813415,2025,3199.899892,3256.491168,3317.751796261712,-37.22756961568927,-35.482730052000065,-34.67310000000011,0.8096300519999531,2.428894316772,0.6840547530828001,2.5447182536314057,2.5447182536314057,0.48018974622869554,53.50289305555555,GIVEBACK_GE1R,GIVEBACK_GE1R,False,RATCHETED_STOP,0,-37.22756961568927,0.0,-0.4828272922328472,34.90797898997243,0.24782080574112397,0.6833243244087663,25–35,0.5–1%,favorable,1736942400000
oos,15,BTCUSDT,SHORT,2025-01-13T08:00:03+00:00,2025-01-14T09:24:01.261000+00:00,1736755203000,1736846641261,2025,93539.18841999999,95953.6869,96018.25919370874,-73.49764300506376,-70.74480546400027,-69.63438000000016,1.1104254640001017,3.3312847481256,0.5784472070621,1.867711268715865,1.867711268715865,0.9739530253054698,25.399516944444443,GIVEBACK_GE1R,GIVEBACK_GE1R,False,RATCHETED_STOP,0,-73.49764300506376,0.0,-0.9542435562139023,25.528041756990323,0.052837813410503524,0.11030602439773836,25–35,<0.25%,favorable,1736841600000
oos,16,ADAUSDT,SHORT,2025-01-13T12:00:03+00:00,2025-01-14T05:08:16.521000+00:00,1736769603000,1736831296521,2025,0.8935212600000001,0.963236091121876,0.963043482425391,-78.28348650715111,-77.13714610396246,-76.7262611000785,0.410885003883962,1.232664218803379,0.0863238156147384,0.29086037952398563,0.29086037952398563,1.0027704623034999,17.137089166666666,NO_FOLLOW_THROUGH,NO_FOLLOW_THROUGH,False,INITIAL_STOP_OR_GAP,0,-78.28348650715111,0.0,-0.9971672559828251,21.834647370633736,-0.0,3.860355824102045,20–25,>=1%,flat_or_adverse,1736827200000
oos,17,XRPUSDT,LONG,2025-01-14T12:00:03+00:00,2025-01-18T05:13:12.738000+00:00,1736856003000,1737177192738,2025,2.5745147999999998,3.159368,2.420692256619292,266.87294446852684,270.03431224262624,270.65719513000016,0.6228828873739367,1.8686161832585844,-1.2927515908408043,5.394431672776972,5.394431672776972,0.1821241502337124,89.21937166666666,WIN,WIN,False,RATCHETED_STOP,1,275.86828848217897,-8.995344013652145,3.545032800872891,17.729234350314606,0.0,0.42735042735041484,<20,0.25–0.5%,flat_or_adverse,1737172800000
oos,18,ADAUSDT,LONG,2025-01-15T04:00:03+00:00,2025-01-18T08:04:07+00:00,1736913603000,1737187447000,2025,1.0229045399999999,1.0573884800000002,0.9523820209953122,33.81572988149245,36.270815009344346,36.708434240000166,0.43761923065581954,1.312853286955891,-1.142231840896,2.0333286732209395,2.0333286732209395,0.4396402799783567,76.06777777777778,WIN,WIN,False,RATCHETED_STOP,0,33.81572988149245,0.0,0.44554012817012323,18.59538516507064,0.0,0.6845296303539894,<20,0.5–1%,flat_or_adverse,1737187200000
oos,19,BTCUSDT,LONG,2025-01-15T16:00:03+00:00,2025-01-19T22:48:04.775000+00:00,1736956803000,1737326884775,2025,98963.08866,102222.35144,95821.60902688075,29.84895206371931,35.95627472400011,37.298420000000085,1.3421452759999752,4.0264313521896,-2.0808913080912,2.3832436349638457,2.3832436349638457,0.5314338639662973,102.80049305555555,WIN,WIN,False,RATCHETED_STOP,1,70.7335038617169,-40.88455179799759,0.3898977935722649,19.173909924909612,0.7099770673580359,1.268806206376569,<20,>=1%,favorable,1737316800000
oos,20,SOLUSDT,LONG,2025-01-16T00:00:03+00:00,2025-01-20T02:57:13.900000+00:00,1736985603000,1737341833900,2025,205.80115199999997,230.60387,196.0005154048969,176.66332334825753,179.13090409560024,179.9202780000001,0.7893739043998753,2.36810012276664,-0.09948062457605997,9.162552567745283,9.162552567745283,0.7531298531860684,98.95302777777778,WIN,WIN,False,RATCHETED_STOP,1,187.61415830730633,-10.950834959048793,2.278455975282985,27.107372193562988,1.4345019825149998,1.5868001555209887,25–35,>=1%,favorable,1737331200000
oos,24,ADAUSDT,SHORT,2025-01-20T00:00:03+00:00,2025-01-20T08:15:16.175000+00:00,1737331203000,1737360916175,2025,0.99210154,1.090840097066394,1.0906219726718598,-79.97693485949488,-79.0625495932569,-78.72897955404216,0.3335700392147487,1.0007195651219716,0.086334298884,0.3248213505779753,0.3248213505779753,1.0022140015895056,8.253659722222222,NO_FOLLOW_THROUGH,NO_FOLLOW_THROUGH,False,INITIAL_STOP_OR_GAP,0,-79.97693485949488,0.0,-0.9977295165984086,16.09367110601419,0.3003401295813283,0.03022974607012968,<20,<0.25%,favorable,1737360000000
oos,25,BTCUSDT,LONG,2025-01-20T08:00:03+00:00,2025-01-20T17:06:07.995000+00:00,1737360003000,1737392767995,2025,107200.23576,102234.84586266731,102255.29692205171,-77.54357635985556,-75.47392643945683,-74.83724678481403,0.6366796546428048,1.9100479443987257,-0.15960197600000003,0.4247907423808616,0.4247907423808616,1.0041357557807302,9.1013875,NO_FOLLOW_THROUGH,NO_FOLLOW_THROUGH,False,INITIAL_STOP_OR_GAP,0,-77.54357635985556,0.0,-0.9970862390901482,29.688675070253016,0.9208484138674142,0.6799852209578787,25–35,0.5–1%,favorable,1737388800000
oos,26,XRPUSDT,LONG,2025-01-20T12:00:03+00:00,2025-01-20T17:42:07.426000+00:00,1737374403000,1737394927426,2025,3.32686524,3.0333274852159433,3.0339342720703573,-78.04826613803041,-76.96193008244488,-76.62842054155321,0.3335095408916686,1.000537818085533,-0.08579823750000001,0.15305571929413983,0.15305571929413983,1.002071432934191,5.7012294444444445,NO_FOLLOW_THROUGH,NO_FOLLOW_THROUGH,False,INITIAL_STOP_OR_GAP,0,-78.04826613803041,0.0,-0.9980793485215778,22.090725598619315,0.0,1.0011123470522703,20–25,>=1%,flat_or_adverse,1737388800000
oos,27,SOLUSDT,LONG,2025-01-22T20:00:03+00:00,2025-01-23T13:18:10.500000+00:00,1737576003000,1737638290500,2025,265.273044,242.15156,239.34525337707962,-68.51424652678001,-67.49161179600011,-67.19538000000011,0.2962317960000007,0.8887034514456,-0.1339312793343,0.26137807492201404,0.26137807492201404,0.891764529275411,17.302083333333332,NO_FOLLOW_THROUGH,NO_FOLLOW_THROUGH,False,RATCHETED_STOP,0,-68.51424652678001,0.0,-0.8906959139620936,30.92776350387907,0.4674316039611355,0.11688850345009702,25–35,<0.25%,favorable,1737633600000
oos,28,ETHUSDT,LONG,2025-01-24T08:00:03+00:00,2025-01-26T23:08:04.129000+00:00,1737705603000,1737932884129,2025,3381.266118,3269.346,3202.8445822749272,-48.94214316342684,-46.514001040800004,-45.961204000000066,0.5527970407999376,1.6583966377444799,-0.7697454848823602,0.2730829650243439,0.2730829650243439,0.6430620470434414,63.13364694444444,NO_FOLLOW_THROUGH,NO_FOLLOW_THROUGH,False,RATCHETED_STOP,0,-48.94214316342684,0.0,-0.6406006396241871,13.006722394303102,0.0,0.9119736849889643,<20,0.5–1%,flat_or_adverse,1737921600000
oos,29,ADAUSDT,SHORT,2025-01-27T00:00:03+00:00,2025-01-30T03:53:18.750000+00:00,1737936003000,1738209198750,2025,0.95210954,0.96809358,1.0010102938569525,-24.833190212700913,-24.105228625643967,-23.526065159999924,0.5791634656440436,1.7374932200598192,1.0095316330028725,1.9653999666578894,1.9653999666578894,0.3268669445619895,75.88770833333334,GIVEBACK_GE1R,GIVEBACK_GE1R,False,RATCHETED_STOP,0,-24.833190212700913,0.0,-0.32656483066868947,11.884240488867007,0.17039519458401034,1.6171374566838148,<20,>=1%,favorable,1738195200000
oos,30,ETHUSDT,SHORT,2025-01-27T00:00:03+00:00,2025-01-30T09:21:17.070000+00:00,1737936003000,1738228877070,2025,3229.8539,3215.49297,3353.5784476109816,7.384019022783587,8.470076514000166,9.230370000000054,0.7602934859998882,2.2808793503555993,1.19482185913902,1.6947639255816436,1.6947639255816436,0.18861333866723087,81.35390833333334,WIN,WIN,False,RATCHETED_STOP,0,7.384019022783587,0.0,0.09713170641326763,11.291461827894377,-0.0,1.2227209410308002,<20,>=1%,flat_or_adverse,1738224000000
oos,31,SOLUSDT,SHORT,2025-01-27T04:00:03+00:00,2025-01-30T03:51:08.617000+00:00,1737950403000,1738209068617,2025,235.592872,240.02799599999997,252.68332471538338,-20.58872389169108,-19.422295020799883,-19.005728000000015,0.4165670207998673,1.2497033430873596,0.08327447219615995,0.8679039839973761,0.8679039839973761,0.4784617550031107,71.85156027777778,SLOW_FAILURE,SLOW_FAILURE,False,RATCHETED_STOP,0,-20.58872389169108,0.0,-0.2691574165729723,20.567122419093717,0.5433212213366923,1.7866236632150896,20–25,>=1%,favorable,1738195200000
oos,32,BTCUSDT,SHORT,2025-01-27T04:00:03+00:00,2025-01-29T19:40:16.554000+00:00,1737950403000,1738179616554,2025,101328.83018,103817.7594,104327.11234689351,-61.79630503983177,-60.232087123999776,-59.239179999999855,0.9929071239999203,2.9787284807015997,1.4145105648696,1.216973579168009,1.216973579168009,0.8301184082946896,63.670431666666666,GIVEBACK_GE1R,GIVEBACK_GE1R,False,RATCHETED_STOP,0,-61.79630503983177,0.0,-0.8079862111023017,12.911199039040232,0.19426360906944648,0.9924103988980701,<20,0.5–1%,favorable,1738166400000
oos,33,BTCUSDT,LONG,2025-01-30T04:00:03+00:00,2025-01-31T18:37:16.860000+00:00,1738209603000,1738348636860,2025,105176.63112,103203.8551,101776.81739079038,-45.1661346429794,-41.6255740220001,-40.746210000000126,0.8793640219999759,2.6380969555452003,-0.9024636654341001,0.37454077823728993,0.37454077823728993,0.5802600310278263,38.62051666666667,NO_FOLLOW_THROUGH,NO_FOLLOW_THROUGH,False,RATCHETED_STOP,0,-45.1661346429794,0.0,-0.5999207695613826,11.117620911825725,0.0,0.25036683698553114,<20,0.25–0.5%,flat_or_adverse,1738339200000
oos,34,ETHUSDT,LONG,2025-01-31T12:00:03+00:00,2025-02-01T19:25:04.604000+00:00,1738324803000,1738437904604,2025,3334.8868439999997,3211.667538,3195.9462064803442,-66.80690362600606,-64.20958035659974,-63.52730099999992,0.6822793565998211,2.04684569307612,-0.5504775763302,0.7305505272756572,0.7305505272756572,0.8868485721649876,31.417112222222222,SLOW_FAILURE,SLOW_FAILURE,False,RATCHETED_STOP,0,-66.80690362600606,0.0,-0.8885969190531662,15.94740731036373,-0.046935864235743474,1.245418718620836,<20,>=1%,flat_or_adverse,1738425600000
oos,35,SOLUSDT,SHORT,2025-02-01T12:00:03+00:00,2025-02-03T21:37:17.777000+00:00,1738411203000,1738618637777,2025,227.934404,215.69313,240.26076064818244,70.03400970696877,71.96277746380002,72.48437099999991,0.5215935361998874,1.5647719104754798,-0.36399584635576,4.4298899957638,4.4298899957638,0.11484301812804741,57.62077138888889,WIN,WIN,False,RATCHETED_STOP,0,70.03400970696877,0.0,0.9387070529297035,12.337008865168826,-0.0,0.05263619615755968,<20,<0.25%,flat_or_adverse,1738612800000
oos,36,ADAUSDT,SHORT,2025-02-01T20:00:03+00:00,2025-02-10T13:58:05+00:00,1738440003000,1739195885000,2025,0.91341728,0.7156431,0.9631785701925238,282.076939631821,285.3463278861761,285.9952449199999,0.6489170338238339,1.9467167820426097,-1.3226714723125004,8.123127001653382,8.123127001653382,0.10013245196662127,209.96722222222223,WIN,WIN,False,RATCHETED_STOP,1,285.8864884674618,-3.8095488356407907,3.7750624797554555,13.214660962077108,-0.0,0.4049912434325785,<20,0.25–0.5%,flat_or_adverse,1739188800000
oos,37,ETHUSDT,SHORT,2025-02-02T00:00:03+00:00,2025-02-11T00:37:02.526000+00:00,1738454403000,1739234222526,2025,3115.606754,2693.528598,3259.902342859046,198.37769576921832,200.6249574304,201.3886800000001,0.7637225696000964,2.291143542158399,0.04388188097668011,7.175664635260883,7.175664635260883,0.3205451141350022,216.616535,WIN,WIN,False,RATCHETED_STOP,1,211.00831904803823,-12.630623278819924,2.634598916916665,15.521760706873732,-0.0,1.9526862673367211,<20,>=1%,flat_or_adverse,1739232000000
oos,38,XRPUSDT,SHORT,2025-02-02T00:00:03+00:00,2025-02-07T13:57:07.948000+00:00,1738454403000,1738936627948,2025,2.87612466,2.46929376,3.020390282357586,179.0851170403916,181.26726903192005,181.95883272000006,0.6915636880800022,2.0746692291800732,-0.10748276234838183,7.711640804088609,7.711640804088609,0.5349530868047573,133.95137444444444,WIN,WIN,False,RATCHETED_STOP,1,204.02797659532052,-24.94285955492892,2.378640621422706,25.085535960863712,0.922764394807941,1.0080645161290447,25–35,>=1%,favorable,1738929600000
oos,39,SOLUSDT,SHORT,2025-02-05T16:00:03+00:00,2025-02-09T03:30:07.567000+00:00,1738771203000,1739071807567,2025,201.599672,203.350662,218.9704534499457,-8.950260860208427,-7.848287378000006,-7.485274000000071,0.3630133779999358,1.0890410322328798,-0.012932449975540022,0.8312620846453136,0.8312620846453136,0.13012241311729136,83.50126861111112,SLOW_FAILURE,SLOW_FAILURE,False,RATCHETED_STOP,0,-8.950260860208427,0.0,-0.11285858897694635,33.44054528546496,0.18291500618582762,0.05752826820076071,25–35,<0.25%,favorable,1739059200000
oos,43,ADAUSDT,LONG,2025-02-11T04:00:03+00:00,2025-02-15T14:04:04.444000+00:00,1739246403000,1739628244444,2025,0.7505500799999999,0.78824232,0.6993129468230408,55.92269506164091,57.402914447328236,57.87161360000005,0.4686991526718174,1.4060905134223678,-0.0741288722649564,1.5642936095425968,1.5642936095425968,0.09075605350400422,106.06706777777778,WIN,WIN,False,RATCHETED_STOP,0,55.92269506164091,0.0,0.700260885351419,31.20082074415301,-0.13925103644170916,0.21324803411969157,25–35,<0.25%,flat_or_adverse,1739620800000
oos,44,XRPUSDT,LONG,2025-02-11T08:00:03+00:00,2025-02-12T13:32:07.248000+00:00,1739260803000,1739367127248,2025,2.49959982,2.3697259600000002,2.347950677571888,-68.59815499814547,-67.11047294618778,-66.6072446199999,0.5032283261878803,1.5096929714333545,0.022010919475663984,0.08176887650966054,0.08176887650966054,0.8564101182541488,29.534513333333333,NO_FOLLOW_THROUGH,NO_FOLLOW_THROUGH,False,RATCHETED_STOP,0,-68.59815499814547,0.0,-0.8529016184717148,24.30395326437357,0.0,1.0843903805369894,20–25,>=1%,flat_or_adverse,1739361600000
oos,45,BTCUSDT,SHORT,2025-02-11T20:00:03+00:00,2025-02-12T17:28:09.195000+00:00,1739304003000,1739381289195,2025,94969.0024,97385.44443710733,97365.97124285877,-78.66013105980431,-75.39299155774887,-74.1927027771935,1.2002887805553684,3.600875244790649,0.33373574273519996,0.40263452020885027,0.40263452020885027,1.0081240915194134,21.4683875,NO_FOLLOW_THROUGH,NO_FOLLOW_THROUGH,False,INITIAL_STOP_OR_GAP,0,-78.66013105980431,0.0,-0.9891086389079906,13.112888005195027,-0.0,0.22329136311955805,<20,<0.25%,flat_or_adverse,1739376000000
oos,46,SOLUSDT,SHORT,2025-02-11T20:00:03+00:00,2025-02-14T09:15:08.333000+00:00,1739304003000,1739524508333,2025,195.470898,198.43968,206.42510362842293,-22.88566773663107,-20.95247584320003,-20.396464000000105,0.5560118431999257,1.6680379771756797,-0.26515391625536006,0.654625104114682,0.654625104114682,0.34955542463659967,61.25148138888889,SLOW_FAILURE,SLOW_FAILURE,False,RATCHETED_STOP,0,-22.88566773663107,0.0,-0.2878059919831479,13.026872713631304,-0.0,0.0971767594108008,<20,<0.25%,flat_or_adverse,1739520000000
oos,47,XRPUSDT,LONG,2025-02-14T00:00:03+00:00,2025-02-16T18:27:08.627000+00:00,1739491203000,1739730428627,2025,2.5585115999999997,2.7061586600000003,2.417703555006739,78.72491951121015,80.98637611589832,81.56392771000014,0.5775515941018199,1.7326449946346745,-0.5288116100535115,1.9650042013809894,1.9650042013809894,0.21313838993671078,66.45156305555555,WIN,WIN,False,RATCHETED_STOP,0,78.72491951121015,0.0,0.9904936400971436,19.16462394791808,0.5367206560623586,2.431587177482401,<20,>=1%,favorable,1739721600000
oos,48,SOLUSDT,SHORT,2025-02-16T16:00:03+00:00,2025-02-20T04:21:04.705000+00:00,1739721603000,1740025264705,2025,190.17195800000002,174.274848,198.01416030966675,152.83493651576507,155.44194158000028,156.15466,0.7127184199997316,2.1381365214408,-0.4688685427944,3.749196569917296,3.749196569917296,0.12599037374769886,84.35047361111111,WIN,WIN,False,RATCHETED_STOP,0,152.83493651576507,0.0,1.9186808840984346,13.76920397944375,-0.0,0.9779179810725624,<20,0.5–1%,flat_or_adverse,1740024000000
oos,49,BTCUSDT,SHORT,2025-02-17T00:00:03+00:00,2025-02-19T23:01:12+00:00,1739750403000,1740006072000,2025,96047.7866,96756.64746000001,97785.59348297631,-32.230605291809226,-29.843042206000028,-28.219630000000123,1.6234122059999052,4.870240004355599,2.4826769185464,1.5687511809890613,1.5687511809890613,0.5479397102911439,71.01916666666666,GIVEBACK_GE1R,GIVEBACK_GE1R,False,RATCHETED_STOP,0,-32.230605291809226,0.0,-0.4047471925553332,16.932986985398088,-0.6226603385849823,0.18325751819041747,<20,<0.25%,flat_or_adverse,1739995200000
oos,50,ETHUSDT,LONG,2025-02-17T12:00:03+00:00,2025-02-18T06:06:13.082000+00:00,1739793603000,1739858773082,2025,2754.490788,2654.7292808665416,2655.260332933128,-79.80349165973838,-76.98595505488994,-76.151099075505,0.8348559793849404,2.504577076286586,-0.31295952856186005,0.9500028185547643,0.9500028185547643,1.0053517044361913,18.102800555555554,SLOW_FAILURE,SLOW_FAILURE,False,INITIAL_STOP_OR_GAP,0,-79.80349165973838,0.0,-0.9978284379460794,13.586262726396567,0.2506342702386871,1.0043828274502205,<20,>=1%,favorable,1739851200000
oos,51,XRPUSDT,SHORT,2025-02-18T20:00:03+00:00,2025-02-19T16:19:16.987000+00:00,1739908803000,1739981956987,2025,2.5096979600000004,2.6562344732265952,2.6557033325600834,-81.28049982500879,-79.5200611062942,-78.95939135971848,0.5606697465757122,1.6820187148547943,-0.078420003859806,0.10066725451456902,0.10066725451456902,1.0036378159049817,20.320551944444443,NO_FOLLOW_THROUGH,NO_FOLLOW_THROUGH,False,INITIAL_STOP_OR_GAP,0,-81.28049982500879,0.0,-0.9983981748096564,23.01751174251109,0.41373622817292877,0.5895944546251175,20–25,0.5–1%,favorable,1739980800000
oos,52,ETHUSDT,SHORT,2025-02-18T20:00:03+00:00,2025-02-20T02:48:07.492000+00:00,1739908803000,1740019687492,2025,2628.344226,2736.667224,2746.3830983477146,-73.99189980403871,-72.12145206839976,-71.40705,0.7144020683997638,2.1432147740459997,0.27276703840705996,0.09712246289704606,0.09712246289704606,0.9176891971731638,30.80124777777778,NO_FOLLOW_THROUGH,NO_FOLLOW_THROUGH,False,RATCHETED_STOP,0,-73.99189980403871,0.0,-0.9091008057282332,12.124527916923224,0.24348737533123252,0.15254108338404454,<20,<0.25%,favorable,1740009600000
oos,53,XRPUSDT,LONG,2025-02-20T00:00:03+00:00,2025-02-21T15:26:09.212000+00:00,1740009603000,1740151569212,2025,2.7361471199999996,2.63737242,2.590154230046851,-53.724795893424016,-52.0542372675897,-51.48787068999982,0.566366577589875,1.6991059113144826,0.0285472854801641,0.07365344985945059,0.07365344985945059,0.6765719894420733,39.43505888888889,NO_FOLLOW_THROUGH,NO_FOLLOW_THROUGH,False,RATCHETED_STOP,0,-53.724795893424016,0.0,-0.6779553801912177,19.643699589970314,-0.13132042276755404,1.6559438514402571,<20,>=1%,flat_or_adverse,1740139200000
oos,54,ETHUSDT,LONG,2025-02-20T04:00:03+00:00,2025-02-21T15:43:03.789000+00:00,1740024003000,1740152583789,2025,2740.908072,2704.119068,2637.7847060380864,-29.77794638016744,-26.94058762920015,-26.1431100000002,0.7974776291999497,2.3924360247732,-0.44492272619408996,1.0093922655554488,1.0093922655554488,0.3567475097116919,35.716885833333336,GIVEBACK_GE1R,GIVEBACK_GE1R,False,RATCHETED_STOP,0,-29.77794638016744,0.0,-0.37823491725623043,8.710094789236436,0.0,0.14962302296895538,<20,<0.25%,flat_or_adverse,1740139200000
oos,55,ADAUSDT,LONG,2025-02-20T20:00:03+00:00,2025-02-21T17:45:17.142000+00:00,1740081603000,1740159917142,2025,0.81056208,0.76954606,0.7652657121293943,-71.19360959424517,-69.20473502282188,-68.67152676999993,0.5332082528219502,1.5996329990492122,-0.3892415723740852,0.1686210254609969,0.1686210254609969,0.9055035078566779,21.753928333333334,NO_FOLLOW_THROUGH,NO_FOLLOW_THROUGH,False,RATCHETED_STOP,0,-71.19360959424517,0.0,-0.9055982066280738,16.112747559532146,0.0,1.3573543928924001,<20,>=1%,flat_or_adverse,1740153600000
oos,56,BTCUSDT,LONG,2025-02-20T20:00:03+00:00,2025-02-21T19:00:17.880000+00:00,1740081603000,1740164417880,2025,98389.57397999999,96346.7268,96298.08154641098,-75.45233228238399,-71.29536658199939,-69.9361099999998,1.3592565819995883,4.0777781383331995,-0.0791875620514,0.49817345894580356,0.49817345894580356,0.9767413676436055,23.004133333333332,NO_FOLLOW_THROUGH,NO_FOLLOW_THROUGH,False,RATCHETED_STOP,0,-75.45233228238399,0.0,-0.9613334528750771,16.93388387130796,0.39296913379462745,0.37613093422791505,<20,0.25–0.5%,favorable,1740153600000
oos,57,SOLUSDT,SHORT,2025-02-23T16:00:03+00:00,2025-02-28T14:05:19.111000+00:00,1740326403000,1740751519111,2025,166.656662,142.82856,174.65940004674164,177.4116907088095,179.21320574800004,179.94085999999984,0.7276542519998159,2.1829411630967996,0.38142612390625,5.140323444267817,5.140323444267817,0.3652922266011518,118.08780861111111,WIN,WIN,False,RATCHETED_STOP,1,220.51545348198127,-43.103762773171795,2.303788161991847,17.93378892970091,-0.3350314935051616,0.24596556482092305,<20,<0.25%,flat_or_adverse,1740744000000
oos,58,ADAUSDT,SHORT,2025-02-24T04:00:03+00:00,2025-03-01T21:41:03.157000+00:00,1740369603000,1740865263157,2025,0.7378524,0.6545308799999999,0.7774550735222844,130.7948093225657,131.8519800916261,132.50607491,0.654094818373899,1.9622685543930105,0.9050977853326025,3.9934778623217864,3.9934778623217864,0.25118506189746365,137.68337694444443,WIN,WIN,False,RATCHETED_STOP,1,157.33525885137627,-26.540449528810562,1.6899611591615606,11.246315665513336,0.3041433947201329,2.628726287262869,<20,>=1%,favorable,1740859200000
oos,59,XRPUSDT,SHORT,2025-02-24T04:00:03+00:00,2025-03-02T02:02:08.484000+00:00,1740369603000,1740880928484,2025,2.48810228,2.21884368,2.6064355339238134,137.8789395062669,140.29681976848008,141.01994368000004,0.7231239115199486,2.1693548121667585,-0.24852545004642537,4.538050481952766,4.538050481952766,0.1284315228057915,142.03485666666666,WIN,WIN,False,RATCHETED_STOP,1,168.33060366824748,-30.451664161980563,1.7818316925569448,18.116130234227736,0.3219369518379735,1.1935380163960803,<20,>=1%,favorable,1740873600000
oos,60,ETHUSDT,SHORT,2025-02-24T12:00:03+00:00,2025-03-02T15:38:06.416000+00:00,1740398403000,1740929886416,2025,2688.152262,2280.20595,2809.1494531348403,233.14406943574872,234.47864949540005,235.21162300000006,0.7329735046000181,2.19889228840524,0.8643122287538801,5.108814974978437,5.108814974978437,0.06279268079482073,147.63428222222223,WIN,WIN,False,RATCHETED_STOP,1,251.37274593443678,-18.22867649868807,3.00745615148912,18.3721791613774,-0.0,0.08851894416984142,<20,<0.25%,flat_or_adverse,1740916800000
oos,65,ADAUSDT,LONG,2025-03-02T16:00:03+00:00,2025-03-04T01:39:15.041000+00:00,1740931203000,1741052355041,2025,0.86497296,0.78737451475634,0.7875320211605721,-82.07581804414912,-80.82568698289857,-80.4814768113809,0.3442101715176733,1.0326401723303886,-0.217490888920158,4.007273732094807,4.007273732094807,1.002033890686148,33.65334472222222,GIVEBACK_GE1R,GIVEBACK_GE1R,False,INITIAL_STOP_OR_GAP,0,-82.07581804414912,0.0,-0.9996671733628999,31.232867135098125,2.6371041857069413,16.265756909910944,25–35,>=1%,favorable,1741046400000
oos,66,XRPUSDT,LONG,2025-03-02T16:00:03+00:00,2025-03-03T19:52:18.761000+00:00,1740931203000,1741031538761,2025,2.59781946,2.3918586363259564,2.392337103746706,-82.00702841479598,-80.65337291921375,-80.26258883233618,0.3907840868775736,1.1723618921432581,-0.181293603438969,1.9888838509143174,1.9888838509143174,1.0023285085370524,27.871044722222223,GIVEBACK_GE1R,GIVEBACK_GE1R,False,INITIAL_STOP_OR_GAP,0,-82.00702841479598,0.0,-0.998944491113644,29.368238515035532,1.6694091817248795,7.400277221623275,25–35,>=1%,favorable,1741017600000
oos,67,SOLUSDT,LONG,2025-03-02T16:00:03+00:00,2025-03-03T19:36:04.077000+00:00,1740931203000,1741030564077,2025,157.39147200000002,144.9534214426388,144.98241792622406,-81.74987135244619,-80.63712556842846,-80.24510234249689,0.3920232259315668,1.1760793072067832,0.06333352318903998,1.821938067606503,1.821938067606503,1.0023367198992648,27.600299166666666,GIVEBACK_GE1R,GIVEBACK_GE1R,False,INITIAL_STOP_OR_GAP,0,-81.74987135244619,0.0,-0.9959566829308321,24.7392494060047,0.9581500999396274,0.5370193835398785,20–25,0.5–1%,favorable,1741017600000
oos,68,BTCUSDT,LONG,2025-03-02T20:00:03+00:00,2025-03-03T18:18:12.128000+00:00,1740945603000,1741025892128,2025,93485.89344,88990.73642861808,89008.53813624533,-84.27002420680452,-82.2613733082891,-81.59351210671035,0.6678612015787451,2.003593395957427,-0.005057502557999999,0.2935006205332874,0.2935006205332874,1.0039759425865362,22.302535555555554,NO_FOLLOW_THROUGH,NO_FOLLOW_THROUGH,False,INITIAL_STOP_OR_GAP,0,-84.27002420680452,0.0,-0.9952423389392838,31.550245673535247,1.2568287276237387,0.7931650962422213,25–35,0.5–1%,favorable,1741017600000
oos,69,BTCUSDT,LONG,2025-03-06T04:00:03+00:00,2025-03-07T00:20:12.555000+00:00,1741233603000,1741306812555,2025,91581.51264,87531.4902,86490.86058844661,-63.36857450891201,-61.56034108800001,-61.015839999999955,0.5445010880000538,1.6335105859008,-0.1747228350112,0.23548797832965168,0.23548797832965168,0.7955802908910564,20.3359875,NO_FOLLOW_THROUGH,NO_FOLLOW_THROUGH,False,RATCHETED_STOP,0,-63.36857450891201,0.0,-0.7960358814164312,19.65875873302738,0.0,0.6150942736820001,<20,0.5–1%,flat_or_adverse,1741305600000
oos,70,XRPUSDT,LONG,2025-03-06T12:00:03+00:00,2025-03-07T00:26:11.253000+00:00,1741262403000,1741307171253,2025,2.61022194,2.41561678,2.3725615150495534,-64.95670551945075,-64.04117202621602,-63.71039136,0.33078066621601465,0.9923496438949633,0.0768161506602336,0.12235129178979921,0.12235129178979921,0.8188370446639404,12.435625833333333,NO_FOLLOW_THROUGH,NO_FOLLOW_THROUGH,False,RATCHETED_STOP,0,-64.95670551945075,0.0,-0.816200240722526,18.02103465174172,0.3259698653137341,2.1458405180672124,<20,>=1%,favorable,1741305600000
oos,71,ADAUSDT,SHORT,2025-03-07T04:00:03+00:00,2025-03-12T08:12:14.285000+00:00,1741320003000,1741767134285,2025,0.85192958,0.7466493000000001,0.9799075067413804,62.83922940400632,64.03124520741194,64.22569823999994,0.19445303258800095,0.5833513906802111,-0.6086644127254139,1.6083209444074151,1.6083209444074151,0.35529892660229817,124.20313472222222,WIN,WIN,False,RATCHETED_STOP,0,62.83922940400632,0.0,0.7988213667134025,27.702621865728354,-0.8770040450857013,1.5313306735508234,25–35,>=1%,flat_or_adverse,1741766400000
oos,72,BTCUSDT,SHORT,2025-03-07T04:00:03+00:00,2025-03-12T12:30:07.274000+00:00,1741320003000,1741782607274,2025,86941.00832,83758.54836,92403.48773306374,43.6988683900159,44.5544394399999,45.03239999999988,0.47796055999997833,1.4338762761119996,0.5783052261280001,1.900420584684197,1.900420584684197,0.7628205737553366,128.50118722222223,WIN,WIN,False,RATCHETED_STOP,0,43.6988683900159,0.0,0.5572258079537751,17.179813212122614,0.03140502942947551,0.6790595513952058,<20,0.5–1%,favorable,1741780800000
oos,73,ETHUSDT,SHORT,2025-03-07T04:00:03+00:00,2025-03-14T14:40:17.731000+00:00,1741320003000,1741963217731,2025,2146.77056,1922.3844,2307.4577500445844,106.90014299121653,107.50340925600001,107.89331999999992,0.38991074399990566,1.1697192848015998,0.5664530200181099,2.4536527142618225,2.4536527142618225,0.7005501805636565,178.6707586111111,WIN,WIN,False,RATCHETED_STOP,0,106.90014299121653,0.0,1.3595189137223624,25.44332994157501,-0.0,0.6175455591208947,25–35,0.5–1%,flat_or_adverse,1741953600000
oos,74,XRPUSDT,SHORT,2025-03-08T04:00:03+00:00,2025-03-12T12:30:04.788000+00:00,1741406403000,1741782604788,2025,2.3415316,2.2453489799999997,2.57435329876359,30.649940642301456,32.08800324434815,32.394055340000065,0.30605209565191416,0.9181523996693591,-0.5199102023773366,1.9170532745455595,1.9170532745455595,0.1416036399316723,104.50049666666666,WIN,WIN,False,RATCHETED_STOP,0,30.649940642301456,0.0,0.38835354647566317,17.09783071447283,0.29954384280472196,0.012809564474796965,<20,<0.25%,favorable,1741780800000
oos,75,ADAUSDT,SHORT,2025-03-13T16:00:03+00:00,2025-03-14T15:17:11.515000+00:00,1741881603000,1741965431515,2025,0.70565884,0.74184834,0.7708361216388222,-45.31738907925653,-44.027041920249985,-43.67484505000005,0.3521968702499336,1.056595851731406,-0.23375130727513654,0.23718141676519494,0.23718141676519494,0.5552471519223974,23.285698611111112,NO_FOLLOW_THROUGH,NO_FOLLOW_THROUGH,False,RATCHETED_STOP,0,-45.31738907925653,0.0,-0.5617886070044348,23.347191682908413,0.090858521437669,0.31165887519478397,20–25,0.25–0.5%,favorable,1741953600000
oos,76,BTCUSDT,SHORT,2025-03-13T20:00:03+00:00,2025-03-14T15:03:07.393000+00:00,1741896003000,1741964587393,2025,80161.4645,83944.28480762929,83927.49930776774,-80.16154549598775,-78.3043803679262,-77.62498567079213,0.6793946971340716,2.0381934064007554,0.18102827833920002,0.0,0.0,1.0044570750718846,19.051220277777777,NO_FOLLOW_THROUGH,NO_FOLLOW_THROUGH,False,INITIAL_STOP_OR_GAP,0,-80.16154549598775,0.0,-0.9944136919418958,23.062408553188266,0.3847077731777065,0.4996389279340141,20–25,0.25–0.5%,favorable,1741953600000
oos,77,ADAUSDT,SHORT,2025-03-16T12:00:03+00:00,2025-03-19T13:07:13.125000+00:00,1742126403000,1742389633125,2025,0.70505896,0.72684534,0.7491454526519212,-41.029946372526176,-38.33286545888799,-37.828983399999935,0.5038820588880526,1.5116507161420079,-1.1854301974961785,0.5502583340329045,0.5502583340329045,0.5611932025380073,73.11947916666666,SLOW_FAILURE,SLOW_FAILURE,False,RATCHETED_STOP,0,-41.029946372526176,0.0,-0.5157463590285494,18.302676219072644,-0.0,2.921571408310887,<20,>=1%,flat_or_adverse,1742385600000
oos,78,ETHUSDT,SHORT,2025-03-16T12:00:03+00:00,2025-03-17T18:33:12.907000+00:00,1742126403000,1742236392907,2025,1872.2354779999998,1947.3894,1952.8223836030693,-73.54389082812114,-71.51647217520018,-70.7895240000001,0.7269481752000786,2.1808530203428798,0.15343436742192001,0.18806377893014234,0.18806377893014234,0.9325823027648015,30.552751944444445,NO_FOLLOW_THROUGH,NO_FOLLOW_THROUGH,False,RATCHETED_STOP,0,-73.54389082812114,0.0,-0.9246489986436399,22.49276201082438,0.05946712696638348,1.5945658732998396,20–25,>=1%,favorable,1742227200000
oos,79,SOLUSDT,SHORT,2025-03-18T04:00:03+00:00,2025-03-19T13:45:12.231000+00:00,1742270403000,1742391912231,2025,124.045186,129.885972,131.0624435178611,-65.75117423165737,-63.94317289220009,-63.38718300000022,0.555989892199868,1.66797728306196,-0.14002405639531995,0.33990287429654126,0.33990287429654126,0.8323459677991558,33.752564166666666,NO_FOLLOW_THROUGH,NO_FOLLOW_THROUGH,False,RATCHETED_STOP,0,-65.75117423165737,0.0,-0.832339225552919,19.250394357410045,-0.0,0.8463646622601944,<20,0.5–1%,flat_or_adverse,1742385600000
oos,80,ETHUSDT,LONG,2025-03-19T12:00:03+00:00,2025-03-21T12:41:03.238000+00:00,1742385603000,1742560863238,2025,2027.385396,1950.7597700000001,1949.9706961255436,-77.0957757488384,-74.43413309639979,-73.66126199999994,0.7728710963998537,2.31862212855144,-0.3430205238871801,0.5464673255674395,0.5464673255674395,0.9898071829286142,48.68339944444445,SLOW_FAILURE,SLOW_FAILURE,False,RATCHETED_STOP,0,-77.0957757488384,0.0,-0.9839708971137917,15.238025625030968,0.9744310351380648,0.0905283203173196,<20,<0.25%,favorable,1742558400000
oos,81,XRPUSDT,LONG,2025-03-19T16:00:03+00:00,2025-03-20T16:33:12.944000+00:00,1742400003000,1742488392944,2025,2.55391068,2.4179089194212597,2.418392597940848,-78.02543568770143,-76.31114546794953,-75.75320682573867,0.557938642210857,1.6738250170173754,-0.040465202734526404,0.16742651353415974,0.16742651353415974,1.0035691068840316,24.55276222222222,NO_FOLLOW_THROUGH,NO_FOLLOW_THROUGH,False,INITIAL_STOP_OR_GAP,0,-78.02543568770143,0.0,-0.9960791354473431,17.385331156647943,0.8426836973696245,7.492558358138808,<20,>=1%,favorable,1742486400000
oos,82,SOLUSDT,LONG,2025-03-19T16:00:03+00:00,2025-03-21T10:21:12.682000+00:00,1742400003000,1742552472682,2025,132.286452,126.534688,125.83118638670211,-69.59867138053832,-67.56654688439993,-66.95846999999986,0.608076884400063,1.8242386882164,-0.20788580792199002,0.587667220413872,0.587667220413872,0.8910189517455841,42.352689444444444,SLOW_FAILURE,SLOW_FAILURE,False,RATCHETED_STOP,0,-69.59867138053832,0.0,-0.8886787246011767,19.644461451164386,0.0,0.6993271338928035,<20,0.5–1%,flat_or_adverse,1742544000000
oos,83,BTCUSDT,LONG,2025-03-19T16:00:03+00:00,2025-03-21T12:56:04.481000+00:00,1742400003000,1742561764481,2025,84710.23866,83596.87728,82393.03961386438,-39.110317713427456,-35.516228022000064,-34.4424299999999,1.0737980220001617,3.221398199091599,-0.3726914923357999,1.20393685844661,1.20393685844661,0.5222851537153496,44.93374472222222,GIVEBACK_GE1R,GIVEBACK_GE1R,False,RATCHETED_STOP,0,-39.110317713427456,0.0,-0.4998618091678625,12.4488522006737,0.0,0.27062353220384266,<20,0.25–0.5%,flat_or_adverse,1742558400000
oos,84,ADAUSDT,SHORT,2025-03-21T12:00:03+00:00,2025-03-24T00:32:07.500000+00:00,1742558403000,1742776327500,2025,0.70675862,0.71594316,0.741436338052005,-22.180774456721224,-19.60429776315204,-18.996950320000042,0.6073474431519976,1.8220446090900384,-0.7544320844791463,0.45443070897477655,0.45443070897477655,0.3097487552061969,60.53458333333333,NO_FOLLOW_THROUGH,NO_FOLLOW_THROUGH,False,RATCHETED_STOP,0,-22.180774456721224,0.0,-0.2901992663723171,15.808278642503009,-0.0,0.46682699108785974,<20,0.25–0.5%,flat_or_adverse,1742774400000
oos,85,ETHUSDT,LONG,2025-03-23T04:00:03+00:00,2025-03-26T13:53:10.012000+00:00,1742702403000,1742997190012,2025,2007.931506,2035.5928000000001,1946.7869861673203,29.147356761658987,32.71777854320027,33.67431600000003,0.9565374567997651,2.8696083294820802,-0.7008134520592001,1.575096088145684,1.575096088145684,0.5147068958284537,81.88528111111111,WIN,WIN,False,RATCHETED_STOP,0,29.147356761658987,0.0,0.3829046591614245,12.711385341549411,0.4377458134238112,0.07621305783724143,<20,<0.25%,favorable,1742990400000
oos,86,SOLUSDT,LONG,2025-03-23T12:00:03+00:00,2025-03-26T17:31:20+00:00,1742731203000,1743010280000,2025,133.056606,138.062382,127.72139684278683,66.15436350451922,68.66322823680035,69.40700800000003,0.743779763199683,2.2313309607590397,-0.2775337715220801,2.6903151454885967,2.6903151454885967,0.554168714454744,77.5213888888889,WIN,WIN,False,RATCHETED_STOP,0,66.15436350451922,0.0,0.8692834874239537,15.306769522527182,0.4456057220185197,0.9546001202645685,<20,0.5–1%,favorable,1743004800000
oos,87,BTCUSDT,LONG,2025-03-23T12:00:03+00:00,2025-03-26T18:58:04.610000+00:00,1742731203000,1743015484610,2025,84668.33028,86242.748,83034.06609337112,63.118181807023724,67.54252018800052,69.00894000000025,1.466419811999728,4.3992511549271995,-0.025087226049600148,2.498781869792857,2.498781869792857,0.08525566498976038,78.96711388888889,WIN,WIN,False,RATCHETED_STOP,0,63.118181807023724,0.0,0.831360358310274,8.812780868327433,0.9576898280984357,0.11990336851680124,<20,<0.25%,favorable,1743004800000
oos,88,XRPUSDT,LONG,2025-03-24T04:00:03+00:00,2025-03-26T14:22:17.087000+00:00,1742788803000,1742998937087,2025,2.44308852,2.4051188800000003,2.3521688377388834,-34.00339933599658,-30.88794902234766,-30.099155899999936,0.7887931223477231,2.3663829789427075,-0.7490673347062169,0.6578496373120251,0.6578496373120251,0.41761738553983074,58.370579722222224,SLOW_FAILURE,SLOW_FAILURE,False,RATCHETED_STOP,0,-34.00339933599658,0.0,-0.44078854032631143,16.409687942846706,0.5723384788358228,0.1023541453428842,<20,<0.25%,favorable,1742990400000
oos,89,XRPUSDT,SHORT,2025-03-26T20:00:03+00:00,2025-04-01T08:51:16.724000+00:00,1743019203000,1743497476724,2025,2.3693260400000002,2.1704339999999998,2.457385306768445,152.85780613853967,158.56540363455642,159.46730122000017,0.9018975854437539,2.7056736202558533,-3.001923875760897,3.93968803887791,3.93968803887791,0.21546806709045907,132.85381222222222,WIN,WIN,False,RATCHETED_STOP,1,161.70998102165154,-8.85217488311187,1.9854214617608223,24.07062247117047,0.008001343606794407,0.9873834339001683,20–25,0.5–1%,favorable,1743494400000
oos,90,ETHUSDT,SHORT,2025-03-28T08:00:03+00:00,2025-03-31T15:02:10.333000+00:00,1743148803000,1743433330333,2025,1908.658192,1848.4496159999999,1979.9290639285437,60.8903328587046,63.10460850560023,63.89217600000004,0.7875674943998092,2.36269481613888,0.14841916924325,2.0010726421726632,2.0010726421726632,0.21526056276372843,79.03537027777777,WIN,WIN,False,RATCHETED_STOP,0,60.8903328587046,0.0,0.7816499707164913,25.48122629164427,1.1251382876264016,2.8467187696433824,25–35,>=1%,favorable,1743422400000
oos,91,ADAUSDT,SHORT,2025-03-28T08:00:03+00:00,2025-04-01T08:15:18.400000+00:00,1743148803000,1743495318400,2025,0.7008597999999999,0.67583514,0.7365477968611513,50.123500346068575,52.94932524629384,53.53191326999998,0.582588023706144,1.7477576472884075,-1.0780672529368527,2.007952429462524,2.007952429462524,0.303749186096805,96.25427777777777,WIN,WIN,False,RATCHETED_STOP,0,50.123500346068575,0.0,0.6435625045364847,16.89455925769392,-0.24543133199723863,1.7258593638568125,<20,>=1%,flat_or_adverse,1743494400000
oos,92,SOLUSDT,SHORT,2025-03-28T16:00:03+00:00,2025-03-31T02:49:13.478000+00:00,1743177603000,1743389353478,2025,129.82403,127.055406,136.34640847295162,28.748682517381027,32.28049466559987,32.87950799999992,0.5990133344000554,1.7970360576590396,-1.7347760905598,1.1198414857846544,1.1198414857846544,0.09597265822520101,58.81957722222222,WIN,WIN,False,RATCHETED_STOP,0,28.748682517381027,0.0,0.36637044018250775,23.913948351140885,0.1613793545801815,0.3542821934688909,20–25,0.25–0.5%,favorable,1743379200000
oos,94,BTCUSDT,SHORT,2025-03-31T04:00:03+00:00,2025-03-31T14:13:18.141000+00:00,1743393603000,1743430398141,2025,81475.30168,83407.50565175615,83390.8274862589,-79.8324207027267,-76.12883648719199,-74.82956295860052,1.2992735285914705,3.897829565322715,0.194245349788,0.11761871297366007,0.11761871297366007,1.0087068341458771,10.2208725,NO_FOLLOW_THROUGH,NO_FOLLOW_THROUGH,False,INITIAL_STOP_OR_GAP,0,-79.8324207027267,0.0,-0.9903793686296053,38.8952371498829,0.4694293145602733,0.012148506285924518,>=35,<0.25%,favorable,1743422400000
oos,95,BTCUSDT,LONG,2025-04-02T16:00:03+00:00,2025-04-02T21:18:14.591000+00:00,1743609603000,1743628694591,2025,86726.8419,84294.17851195042,84311.04072009443,-77.83297320911022,-74.68276601312209,-73.63269989310095,1.0500661200211425,3.1502071959881266,0.0,0.7339834563990537,0.7339834563990537,1.0069799651909561,5.303219722222222,FAST_REVERSAL,FAST_REVERSAL,False,INITIAL_STOP_OR_GAP,0,-77.83297320911022,0.0,-0.992449542978637,28.018023247967466,0.7056613444221744,0.8909058407671594,25–35,0.5–1%,favorable,1743624000000
oos,96,SOLUSDT,SHORT,2025-04-03T00:00:03+00:00,2025-04-04T16:56:01.734000+00:00,1743638403000,1743785761734,2025,117.336528,120.994194,126.05589700654508,-33.81092162501033,-32.03127846179993,-31.613853,0.41742546179992956,1.2522801790623599,-0.5273629841480401,0.5925346198930007,0.5925346198930007,0.419487464890454,40.93298166666667,SLOW_FAILURE,SLOW_FAILURE,False,RATCHETED_STOP,0,-33.81092162501033,0.0,-0.4334610611907406,26.83184705564276,-0.03556719403260644,5.138912561786263,25–35,>=1%,flat_or_adverse,1743782400000
oos,97,ADAUSDT,SHORT,2025-04-03T00:00:03+00:00,2025-04-08T12:00:08.260000+00:00,1743638403000,1744113608260,2025,0.6393721,0.60732144,0.6817083220169505,55.81874517232991,57.650451611140014,58.09894669999999,0.44849508885997835,1.3454782947063957,-0.48622814410370896,3.0369289907002663,3.0369289907002663,0.754150901495574,132.0014611111111,WIN,WIN,False,RATCHETED_STOP,0,55.81874517232991,0.0,0.7157030991868544,23.64326708586125,-0.1611056700446204,3.643471462079748,20–25,>=1%,flat_or_adverse,1744113600000
oos,98,XRPUSDT,SHORT,2025-04-03T00:00:03+00:00,2025-04-05T10:32:17.500000+00:00,1743638403000,1743849137500,2025,2.02039584,2.1629325,2.164219135009234,-77.5812132242796,-75.58297171286411,-75.13931568000008,0.4436560328640269,1.3309771153098815,-0.6672643961056128,0.44148508762730754,0.44148508762730754,0.9910540569304064,58.53736111111111,NO_FOLLOW_THROUGH,NO_FOLLOW_THROUGH,False,RATCHETED_STOP,0,-77.5812132242796,0.0,-0.9948936168324323,26.40232658355874,0.13056914495954128,2.226620484908458,25–35,>=1%,favorable,1743840000000
oos,99,ETHUSDT,SHORT,2025-04-03T00:00:03+00:00,2025-04-09T17:57:12.216000+00:00,1743638403000,1744221432216,2025,1793.751178,1618.3236,1890.6181822268845,98.22134789862089,100.01200720260005,100.65778699999993,0.6457797973998751,1.9373273132655597,0.14666800928641002,4.230038714114349,4.230038714114349,0.5287540624259828,161.95256,WIN,WIN,False,RATCHETED_STOP,1,135.69179927637637,-37.47045137775548,1.2598227604919585,27.94397412371486,-0.31268719844988746,2.0695613399476125,25–35,>=1%,flat_or_adverse,1744214400000
oos,100,XRPUSDT,SHORT,2025-04-06T12:00:03+00:00,2025-04-09T17:24:14.772000+00:00,1743940803000,1744219454772,2025,2.08318328,1.97519496,2.1883350565514053,73.92502651516835,76.84443451784003,77.42202560000001,0.5775910821599837,1.7327639558369279,-1.1866440468347466,4.47242353314016,4.47242353314016,0.10191668035928017,77.40327,WIN,WIN,False,RATCHETED_STOP,0,73.92502651516835,0.0,0.9576056121106176,13.670894276227568,-0.0,0.05279070883524984,<20,<0.25%,flat_or_adverse,1744214400000
oos,101,SOLUSDT,SHORT,2025-04-06T16:00:03+00:00,2025-04-09T17:23:15.247000+00:00,1743955203000,1744219395247,2025,114.867022,112.5225,121.461419589417,24.647908371327137,26.826020724000138,27.346380000000007,0.5203592759998692,1.5610745464344,-0.6170378062385999,2.983899853351066,2.983899853351066,0.05049407402040422,73.38673527777777,WIN,WIN,False,RATCHETED_STOP,0,24.647908371327137,0.0,0.3178079233951448,20.527930689614575,-0.0,1.8973020017406375,20–25,>=1%,flat_or_adverse,1744214400000
oos,103,BTCUSDT,SHORT,2025-04-09T04:00:03+00:00,2025-04-09T17:19:15.445000+00:00,1744171203000,1744219155445,2025,75024.89202,78811.51833228207,78795.75918044598,-82.15808701071205,-80.27647782037982,-79.62421462545491,0.6522631949249131,1.9567991396810276,0.07518994934879998,0.01026077513571868,0.019330307035100743,1.0041791850960409,13.32012361111111,NO_FOLLOW_THROUGH,NO_FOLLOW_THROUGH,False,INITIAL_STOP_OR_GAP,0,-82.15808701071205,0.0,-0.9960097928432337,26.459372480930792,0.07010566635125742,0.015591684434964139,25–35,<0.25%,favorable,1744214400000
oos,104,BTCUSDT,LONG,2025-04-11T20:00:03+00:00,2025-04-15T22:47:17.640000+00:00,1744401603000,1744757237640,2025,83826.2619,83652.16622,79906.35186192146,-6.307171050711372,-3.360046623999972,-2.7135800000001127,0.6464666239998591,1.9394001976296,-1.0077242290818,0.6675505495229873,0.6675505495229873,0.2730322608435725,98.7874,SLOW_FAILURE,SLOW_FAILURE,False,RATCHETED_STOP,0,-6.307171050711372,0.0,-0.08061022283338179,17.871617954643572,0.19094842768814707,0.6104319916000045,<20,0.5–1%,favorable,1744747200000
oos,105,SOLUSDT,LONG,2025-04-12T08:00:03+00:00,2025-04-15T18:16:16.969000+00:00,1744444803000,1744740976969,2025,124.184832,127.59447600000001,115.81628776192328,29.839040030405453,31.205743816800133,31.666612000000075,0.46086818319994194,1.38260074960656,0.015896963211880045,1.4226091971685717,1.4226091971685717,0.03164612535535364,82.27054694444445,WIN,WIN,False,RATCHETED_STOP,0,29.839040030405453,0.0,0.38055585956409965,18.07822352913172,0.4860114742155325,1.2241282113231828,<20,>=1%,favorable,1744732800000
oos,106,XRPUSDT,LONG,2025-04-12T16:00:03+00:00,2025-04-15T20:52:10.697000+00:00,1744473603000,1744750330697,2025,2.15233038,2.1017795599999998,2.014162736238143,-30.10776947399962,-28.204875514738124,-27.730159730000047,0.47471578473807696,1.4241506818331675,-0.4787432774283277,0.685179376462196,0.685179376462196,0.5220497218894642,76.86880472222222,SLOW_FAILURE,SLOW_FAILURE,False,RATCHETED_STOP,0,-30.10776947399962,0.0,-0.38105219534957585,14.35239072162817,0.7037284211299198,3.63382899628254,<20,>=1%,favorable,1744747200000
oos,107,ADAUSDT,LONG,2025-04-12T16:00:03+00:00,2025-04-14T16:11:09.500000+00:00,1744473603000,1744647069500,2025,0.6598319399999999,0.6288742,0.615886848736354,-55.848071954091765,-54.346761457229725,-53.89429514999991,0.4524663072298125,1.3574053890054179,-0.1439051078566245,0.1926963798799849,0.1926963798799849,0.7044641189677088,48.185138888888886,NO_FOLLOW_THROUGH,NO_FOLLOW_THROUGH,False,RATCHETED_STOP,0,-55.848071954091765,0.0,-0.706941233320045,18.65424662173219,0.4838729785134315,2.25860239502803,<20,>=1%,favorable,1744646400000
oos,108,SOLUSDT,LONG,2025-04-19T04:00:03+00:00,2025-04-21T16:57:12.765000+00:00,1745035203000,1745254632765,2025,138.737742,135.4729,131.8876678284201,-36.23458240802746,-35.99814789199986,-35.39346000000009,0.6046878919997667,1.8140679232152,1.5776334071876001,0.6587166630575757,0.6587166630575757,0.4766141093107292,60.9527125,SLOW_FAILURE,SLOW_FAILURE,False,RATCHETED_STOP,0,-36.23458240802746,0.0,-0.4646860873718921,20.5860545864168,0.42214303372640516,1.7662749621512632,20–25,>=1%,favorable,1745251200000
oos,109,BTCUSDT,LONG,2025-04-21T04:00:03+00:00,2025-04-27T05:25:05.263000+00:00,1745208003000,1745731505263,2025,87184.03332,93814.2334,85567.93594042372,277.7338112324622,283.81066332799975,285.9116399999998,2.1009766720000496,6.302895706603199,0.22604361106559986,5.312530537145607,5.312530537145607,0.530310444674258,145.41729527777778,WIN,WIN,False,RATCHETED_STOP,1,289.6440040925026,-11.910192860040418,3.563052585211701,20.212551583622535,1.6399943342035759,1.7972480284879824,20–25,>=1%,favorable,1745726400000
oos,110,ADAUSDT,LONG,2025-04-21T04:00:03+00:00,2025-04-26T13:33:15.294000+00:00,1745208003000,1745674395294,2025,0.63692736,0.7013597,0.6142200221851186,188.60243004524546,194.09617926486197,195.18009310999994,1.0839138451379746,3.2517181138028266,-2.242031105813687,4.790197815646842,4.790197815646842,0.9744585728362529,129.553415,WIN,WIN,False,RATCHETED_STOP,1,206.99020196711808,-18.38777192187262,2.4186904019682585,13.981620527040459,0.881311760496286,0.34547738693467017,<20,0.25–0.5%,favorable,1745668800000
oos,111,ETHUSDT,LONG,2025-04-21T04:00:03+00:00,2025-04-21T17:01:01.214000+00:00,1745208003000,1745254861214,2025,1634.386812,1579.7986256217919,1580.1146485515021,-77.84850310345993,-74.80219179405856,-73.92131508987659,0.8808767041819721,2.6426389831038843,-0.40367232629750005,0.4350883860085663,0.4350883860085663,1.0058229285443934,13.016170555555556,NO_FOLLOW_THROUGH,NO_FOLLOW_THROUGH,False,INITIAL_STOP_OR_GAP,0,-77.84850310345993,0.0,-0.9986658175219015,11.709007006760261,0.6997822608689515,0.10831915596734402,<20,<0.25%,favorable,1745251200000
oos,112,ETHUSDT,LONG,2025-04-22T16:00:03+00:00,2025-04-28T00:07:13.397000+00:00,1745337603000,1745798833397,2025,1702.7504820000001,1776.954538,1628.2634069078047,72.64676866053382,75.69555752559981,76.40548999999986,0.7099324744000484,2.1297882545412,-0.91900061052479,2.070822593169075,2.070822593169075,0.28636487569955626,128.11955472222223,WIN,WIN,False,RATCHETED_STOP,0,72.64676866053382,0.0,0.9223413945110417,14.32500400407675,0.9161580750653603,2.608654789386815,<20,>=1%,favorable,1745798400000
oos,113,SOLUSDT,LONG,2025-04-22T16:00:03+00:00,2025-04-26T11:01:10.370000+00:00,1745337603000,1745665270370,2025,145.309056,148.71025200000003,138.7976604263906,36.67116081381141,39.71678605080032,40.40345800000009,0.6866719491997699,2.06001099918504,-0.9856142378038701,1.8323174909470956,1.8323174909470956,0.29472268706541477,91.01871388888888,WIN,WIN,False,RATCHETED_STOP,0,36.67116081381141,0.0,0.46566300664241944,24.197153199705628,0.3414530363967899,1.3905142149101741,20–25,>=1%,favorable,1745654400000
oos,116,XRPUSDT,LONG,2025-04-27T20:00:03+00:00,2025-04-29T22:24:08.125000+00:00,1745784003000,1745965448125,2025,2.28385668,2.2471504799999997,2.1983085251958188,-36.64816132639432,-33.60596131242022,-32.776299780000045,0.8296615324201753,2.488988530415973,-0.5532114835581263,0.9157803599543101,0.9157803599543101,0.7885229103352074,50.40142361111111,SLOW_FAILURE,SLOW_FAILURE,False,RATCHETED_STOP,0,-36.64816132639432,0.0,-0.44874447811911455,19.534016447650913,-0.04225774947875189,0.5736807532296961,<20,0.5–1%,flat_or_adverse,1745956800000
oos,117,ADAUSDT,LONG,2025-04-28T08:00:03+00:00,2025-04-28T15:42:13.557000+00:00,1745827203000,1745854933557,2025,0.7251449999999999,0.6882271739507493,0.6883648469201333,-81.38486152882277,-79.55738351944004,-78.94822734090828,0.6091561785317623,1.8274780093827354,0.0,0.0993742465416985,0.0993742465416985,1.0037431320387682,7.7029325,NO_FOLLOW_THROUGH,NO_FOLLOW_THROUGH,False,INITIAL_STOP_OR_GAP,0,-81.38486152882277,0.0,-0.9953997376178948,18.835234837885416,0.0,1.0208304593737016,<20,>=1%,flat_or_adverse,1745841600000
oos,118,SOLUSDT,LONG,2025-04-28T08:00:03+00:00,2025-04-29T23:10:15.333000+00:00,1745827203000,1745968215333,2025,151.07020799999998,145.190956,145.04727233381055,-78.48658406958289,-76.71541972199974,-75.94226999999991,0.7731497219998289,2.3194582790724,0.5482939314892501,0.37851840470386217,0.37851840470386217,0.9761439148360767,39.1700925,NO_FOLLOW_THROUGH,NO_FOLLOW_THROUGH,False,RATCHETED_STOP,0,-78.48658406958289,0.0,-0.9601479618440303,18.104766934273812,-0.0885883546054171,0.4369992716678783,<20,0.25–0.5%,flat_or_adverse,1745956800000
oos,119,ETHUSDT,LONG,2025-04-29T12:00:03+00:00,2025-04-30T12:39:09.006000+00:00,1745928003000,1746016749006,2025,1829.255778,1779.004128,1758.2792769068358,-57.03211906438342,-54.82455014999992,-54.037230000000214,0.787320149999708,2.3619669344676,0.15439802008409997,0.04683552934846097,0.04683552934846097,0.7080040467765424,24.651668333333333,NO_FOLLOW_THROUGH,NO_FOLLOW_THROUGH,False,RATCHETED_STOP,0,-57.03211906438342,0.0,-0.7073443121755018,28.54741877789209,0.06726071034041535,0.1197441084805104,25–35,<0.25%,favorable,1746014400000
oos,120,SOLUSDT,SHORT,2025-04-30T16:00:03+00:00,2025-05-01T01:32:16.683000+00:00,1746028803000,1746063136683,2025,142.07158,148.89003020414992,148.86025815251944,-79.19376560161676,-77.29736073934546,-76.63766654603664,0.6596941933088232,1.9790917764476068,0.08268691417629999,0.11807600566577424,0.11807600566577424,1.004385544720431,9.537134166666666,NO_FOLLOW_THROUGH,NO_FOLLOW_THROUGH,False,INITIAL_STOP_OR_GAP,0,-79.19376560161676,0.0,-0.9956870855166309,17.89048298420219,0.6331119172431124,1.7311752287121802,<20,>=1%,favorable,1746057600000
oos,121,XRPUSDT,SHORT,2025-04-30T16:00:03+00:00,2025-05-01T15:12:14.290000+00:00,1746028803000,1746112334290,2025,2.15576876,2.2513509985067826,2.250900818343114,-79.0834447031219,-77.10111638655681,-76.39012154393582,0.7109948426209911,2.1329936946769466,0.1506653781118491,0.08481641352590437,0.08481641352590437,1.0047321604463244,23.20313611111111,NO_FOLLOW_THROUGH,NO_FOLLOW_THROUGH,False,INITIAL_STOP_OR_GAP,0,-79.0834447031219,0.0,-0.9945064844937466,20.300437419483984,0.3594049247722465,0.5959282103603512,20–25,0.5–1%,favorable,1746100800000
oos,122,ADAUSDT,SHORT,2025-04-30T16:00:03+00:00,2025-05-01T15:12:12+00:00,1746028803000,1746112332000,2025,0.6757648199999999,0.7092418199999999,0.7111767459398382,-74.78696377905368,-72.93121122359996,-72.32775376000002,0.6034574635999377,1.8103810701304508,-0.04537148532327881,0.0696042345786964,0.0696042345786964,0.9453594830418004,23.2025,NO_FOLLOW_THROUGH,NO_FOLLOW_THROUGH,False,RATCHETED_STOP,0,-74.78696377905368,0.0,-0.9406924533100907,21.30998534292737,0.4989122304538956,0.22932386447700126,20–25,<0.25%,favorable,1746100800000
oos,123,SOLUSDT,LONG,2025-05-01T12:00:03+00:00,2025-05-02T20:00:10.857000+00:00,1746100803000,1746216010857,2025,151.710336,147.57048,145.19829566908993,-49.689318638985405,-47.756136859200105,-47.065656000000146,0.6904808591999583,2.07144822547872,0.13826644569342,0.33317729770521315,0.33317729770521315,0.635723335488226,32.0021825,NO_FOLLOW_THROUGH,NO_FOLLOW_THROUGH,False,RATCHETED_STOP,0,-49.689318638985405,0.0,-0.6376877597660915,18.39909498876716,0.0,0.8571240192523131,<20,0.5–1%,flat_or_adverse,1746216000000
oos,124,BTCUSDT,LONG,2025-05-01T12:00:03+00:00,2025-05-03T10:34:11.187000+00:00,1746100803000,1746268451187,2025,96149.226,96044.88718,94058.04011072111,-6.2431668703013505,-3.6205570539996508,-2.2867299999997983,1.3338270539998525,4.0014814364076,1.3788716201059001,0.8206702277394357,0.8206702277394357,0.1946866618062253,46.568940833333336,SLOW_FAILURE,SLOW_FAILURE,False,RATCHETED_STOP,0,-6.2431668703013505,0.0,-0.08014092564219953,20.123787564091838,0.3730947271096803,0.7318222530138906,20–25,0.5–1%,favorable,1746259200000
oos,125,XRPUSDT,SHORT,2025-05-03T12:00:03+00:00,2025-05-08T02:50:18+00:00,1746273603000,1746672618000,2025,2.18676256,2.17113414,2.2572488749305224,14.345193569311432,16.343373329740093,17.254825499999725,0.9114521702596328,2.73435444020094,0.736174679772279,1.5742426045307456,1.5742426045307456,0.4460077112981078,110.8375,WIN,WIN,False,RATCHETED_STOP,0,14.345193569311432,0.0,0.18541092250602165,14.265173396403393,0.13970288204488684,0.14631246856568475,<20,<0.25%,favorable,1746662400000
oos,126,ADAUSDT,SHORT,2025-05-05T00:00:03+00:00,2025-05-07T01:20:20+00:00,1746403203000,1746580820000,2025,0.6753649,0.68893776,0.7071531596998052,-34.2347831690223,-32.044579146229786,-31.400375649999948,0.6442034962298386,1.9326142567350777,-0.257589766057434,1.0464523794048388,1.0464523794048388,0.510726291823376,49.338055555555556,GIVEBACK_GE1R,GIVEBACK_GE1R,False,RATCHETED_STOP,0,-34.2347831690223,0.0,-0.4411638872064153,14.547553099959583,-0.22184782971333,0.5476613380698692,<20,0.5–1%,flat_or_adverse,1746576000000
oos,127,SOLUSDT,SHORT,2025-05-05T00:00:03+00:00,2025-05-07T00:21:15+00:00,1746403203000,1746577275000,2025,143.831228,147.69953399999997,148.57611485682648,-63.02951343786554,-60.3250715781994,-59.41580699999959,0.9092645781998101,2.7278008644968397,0.023359004830700025,0.533464353603779,0.533464353603779,0.8152577957543139,48.35333333333333,SLOW_FAILURE,SLOW_FAILURE,False,RATCHETED_STOP,0,-63.02951343786554,0.0,-0.8124046050719907,14.244373626745048,-0.21673929154542723,0.48655035796204116,<20,0.25–0.5%,flat_or_adverse,1746576000000
oos,128,ETHUSDT,SHORT,2025-05-06T12:00:03+00:00,2025-05-07T00:21:01.489000+00:00,1746532803000,1746577261489,2025,1768.7361819999999,1826.1128090359714,1825.7476595040707,-78.3276557176051,-75.48469052852414,-74.53881684355557,0.9458736849685749,2.8376299995641543,-0.005335189516799982,0.3286387727569774,0.3286387727569774,1.0064048424613201,12.349580277777777,NO_FOLLOW_THROUGH,NO_FOLLOW_THROUGH,False,INITIAL_STOP_OR_GAP,0,-78.3276557176051,0.0,-0.994922188394807,13.909444059216634,0.4291439436831987,0.617263015092424,<20,0.5–1%,favorable,1746576000000
oos,129,ETHUSDT,LONG,2025-05-08T04:00:03+00:00,2025-05-12T18:32:19.470000+00:00,1746676803000,1747074739470,2025,1900.8901019999998,2434.403022,1831.662284384924,546.7751264661986,553.0644910800002,554.1183239999999,1.0538329199997616,3.1614322658011202,-3.1279323480004395,10.457499931968757,10.457499931968757,0.13766289807068205,110.53790833333333,WIN,WIN,False,RATCHETED_STOP,1,556.4996378674925,-9.724511401294013,7.179547236040634,14.59151317493631,0.8345715642460666,2.657195474875033,<20,>=1%,favorable,1747065600000
oos,130,BTCUSDT,LONG,2025-05-08T04:00:03+00:00,2025-05-12T14:28:19.497000+00:00,1746676803000,1747060099497,2025,99117.8196,102995.59676,96893.9412874516,85.1293458459517,94.6745154039998,96.6289799999998,1.954464595999994,5.8633821925223994,-3.6817873655257,3.033115778835218,3.033115778835218,0.19682713641755048,106.47124916666667,WIN,WIN,False,RATCHETED_STOP,1,116.62724399747182,-31.49789815152012,1.1201127774124482,27.923528707110638,0.6805481388830976,1.4106252503837058,25–35,>=1%,favorable,1747051200000
oos,131,SOLUSDT,LONG,2025-05-08T04:00:03+00:00,2025-05-12T18:48:17.368000+00:00,1746676803000,1747075697368,2025,150.83016,169.096174,145.28756103061406,206.60896345088855,212.68675726319975,213.7470939999998,1.0603367368000427,3.1809845607487204,-2.8968092515624906,5.52265104675094,5.52265104675094,0.1678201878103858,110.80399111111112,WIN,WIN,False,RATCHETED_STOP,1,235.11946878065405,-28.5105053297655,2.714750086909473,13.647672257649557,0.30895390379764015,0.8753896146959304,<20,0.5–1%,favorable,1747065600000
oos,132,ADAUSDT,LONG,2025-05-08T08:00:03+00:00,2025-05-12T18:49:15+00:00,1746691203000,1747075755000,2025,0.70784154,0.7808438000000001,0.6729443014079228,113.60131487397328,118.40184496275424,119.23037757000006,0.828532607245819,2.4855835140926916,-2.3149465746882645,4.477674059731359,4.477674059731359,0.0011903520644019536,106.82,WIN,WIN,False,RATCHETED_STOP,1,150.79603273219988,-37.1947178582266,1.4870491248796212,15.767732057839916,-0.4315839015654106,0.5086901229334531,<20,0.5–1%,flat_or_adverse,1747065600000
oos,137,XRPUSDT,LONG,2025-05-12T16:00:03+00:00,2025-05-12T18:49:01.696000+00:00,1747065603000,1747075741696,2025,2.5934185800000003,2.454723358614491,2.45521440149479,-84.85866934744381,-83.04509527869898,-82.44057388674021,0.6045213919587695,1.813574068744822,0.0,0.15615606006576974,0.15615606006576974,1.0035530248478022,2.8163044444444445,NO_FOLLOW_THROUGH,NO_FOLLOW_THROUGH,False,INITIAL_STOP_OR_GAP,0,-84.85866934744381,0.0,-0.9955776217023898,47.95178767532361,1.8288041940019701,4.176790466273295,>=35,>=1%,favorable,1747065600000
oos,138,ETHUSDT,LONG,2025-05-13T20:00:03+00:00,2025-05-15T07:46:17.348000+00:00,1747166403000,1747295177348,2025,2690.558004,2515.414124667648,2515.917308129274,-82.7095723669951,-80.89895786361332,-80.41803337508841,0.48092448852490577,1.442783115738952,-0.36783138764284,0.19698728196471085,0.19698728196471085,1.0028812497517654,35.770652222222225,NO_FOLLOW_THROUGH,NO_FOLLOW_THROUGH,False,INITIAL_STOP_OR_GAP,0,-82.7095723669951,0.0,-1.0006606373305997,49.02881397502359,1.14983862597968,2.423030312042284,>=35,>=1%,favorable,1747281600000
oos,139,SOLUSDT,LONG,2025-05-13T20:00:03+00:00,2025-05-15T07:11:09.687000+00:00,1747166403000,1747293069687,2025,182.046402,172.005592,171.39182219524528,-77.6975817887835,-75.81715222899996,-75.282473,0.5346792289999627,1.6040467208967601,-0.27638283888677,0.26501260976429536,0.26501260976429536,0.9423938047297911,35.18519083333333,NO_FOLLOW_THROUGH,NO_FOLLOW_THROUGH,False,RATCHETED_STOP,0,-77.6975817887835,0.0,-0.9400676992968583,45.51258785497104,0.7545978386259282,0.3186463026041163,>=35,0.25–0.5%,favorable,1747281600000
oos,140,ADAUSDT,SHORT,2025-05-17T20:00:03+00:00,2025-05-21T03:37:20+00:00,1747512003000,1747798640000,2025,0.7342531200000001,0.75375072,0.7825246149590935,-33.4328978146067,-32.121890449919825,-31.63160063999999,0.4902898099198332,1.470873225552077,0.15986586086520083,0.5210760516390796,0.5210760516390796,0.8710498822468944,79.62138888888889,SLOW_FAILURE,SLOW_FAILURE,False,RATCHETED_STOP,0,-33.4328978146067,0.0,-0.41041221840808595,22.5681399186707,0.18115710052876918,0.02722940776037821,20–25,<0.25%,favorable,1747785600000
oos,141,BTCUSDT,LONG,2025-05-18T16:00:03+00:00,2025-05-18T20:00:08.500000+00:00,1747584003000,1747598408500,2025,105505.29684,103600.39884470058,103621.12306931445,-79.99623966078316,-75.05298101479684,-73.4052310690107,1.6477499457861455,4.943258645986321,0.0,0.26239785718920977,0.26239785718920977,1.0109991047196898,4.001527777777778,NO_FOLLOW_THROUGH,NO_FOLLOW_THROUGH,False,INITIAL_STOP_OR_GAP,0,-79.99623966078316,0.0,-0.9889814765970467,14.926879342384387,0.41656894957870927,1.3443719533351832,<20,>=1%,favorable,1747598400000
oos,142,SOLUSDT,LONG,2025-05-18T16:00:03+00:00,2025-05-18T19:31:17.540000+00:00,1747584003000,1747596677540,2025,176.23523999999998,168.12915841627608,168.16279097447097,-80.51764562780792,-78.51631682810799,-77.84921034217668,0.6671064859313134,2.0013287996999347,0.0,0.06128995035277917,0.06128995035277917,1.0041663388754167,3.5207055555555558,NO_FOLLOW_THROUGH,NO_FOLLOW_THROUGH,False,INITIAL_STOP_OR_GAP,0,-80.51764562780792,0.0,-0.9950056186140867,23.11476461530186,-0.2811921393137132,0.4001135073779706,20–25,0.25–0.5%,flat_or_adverse,1747584000000
oos,143,BTCUSDT,LONG,2025-05-19T00:00:03+00:00,2025-05-19T03:39:11.255000+00:00,1747612803000,1747625951255,2025,106428.7815,104001.05597176857,104021.86034383734,-79.1734863521492,-75.2594913751743,-73.95482934104248,1.3046620341318231,3.9139949769748945,0.0,0.28481136502739635,0.28481136502739635,1.008643561927861,3.6522930555555555,NO_FOLLOW_THROUGH,NO_FOLLOW_THROUGH,False,INITIAL_STOP_OR_GAP,0,-79.1734863521492,0.0,-0.9909887820470817,18.410349555762913,0.8825774407366612,0.3833372804198278,<20,0.25–0.5%,favorable,1747612800000
oos,144,BTCUSDT,LONG,2025-05-21T16:00:03+00:00,2025-05-23T12:15:15.862000+00:00,1747843203000,1748002515862,2025,108958.38732000001,107650.16566,106027.41854002836,-37.990368240358755,-33.35965233000026,-32.25495000000022,1.1047023300000376,3.3141108605939995,-1.3166050497644999,1.0239319847101958,1.0239319847101958,0.9802517650931095,44.25357277777778,GIVEBACK_GE1R,GIVEBACK_GE1R,False,RATCHETED_STOP,0,-37.990368240358755,0.0,-0.4797659830076393,33.127343553741,0.7347427547612776,0.9056643956209445,25–35,0.5–1%,favorable,1748001600000
oos,145,ETHUSDT,LONG,2025-05-22T04:00:03+00:00,2025-05-25T00:42:10.769000+00:00,1747886403000,1748133730769,2025,2629.115718,2496.5006,2469.478508619106,-66.95900828688484,-64.67639304860009,-64.17644300000008,0.499950048600013,1.49985784697316,-0.78275739131159,0.658895770027091,0.658895770027091,0.830728114794219,68.70215805555556,SLOW_FAILURE,SLOW_FAILURE,False,RATCHETED_STOP,0,-66.95900828688484,0.0,-0.8379657338356965,12.209611875515163,0.19978445227051872,0.4998858708057473,<20,0.25–0.5%,favorable,1748131200000
oos,146,SOLUSDT,LONG,2025-05-22T04:00:03+00:00,2025-05-23T23:43:10+00:00,1747886403000,1748043790000,2025,176.805354,173.25534199999998,166.99664040991536,-30.485548398640397,-28.109705018400074,-27.555336000000143,0.5543690183999317,1.66311036184032,-0.7127330184,1.107652486762665,1.107652486762665,0.3619243203908636,43.71861111111111,GIVEBACK_GE1R,GIVEBACK_GE1R,False,RATCHETED_STOP,0,-30.485548398640397,0.0,-0.38151131583462666,17.373924189322405,0.07666078233085889,0.48648037108270936,<20,0.25–0.5%,favorable,1748030400000
oos,147,ADAUSDT,LONG,2025-05-22T12:00:03+00:00,2025-05-23T12:16:15.524000+00:00,1747915203000,1748002575524,2025,0.80246046,0.7609665339179881,0.761118757669522,-79.97445300800987,-77.76278761364308,-77.1767943742299,0.5859932394131846,1.7579889794547867,-0.45367641491200006,0.9418949342899423,0.9418949342899423,1.003682087165087,24.270145555555555,SLOW_FAILURE,SLOW_FAILURE,False,INITIAL_STOP_OR_GAP,0,-79.97445300800987,0.0,-1.001136011399364,20.04359513295298,0.6572342623623366,0.8912989279481414,20–25,0.5–1%,favorable,1748001600000
oos,148,XRPUSDT,SHORT,2025-05-24T00:00:03+00:00,2025-05-26T07:08:14.871000+00:00,1748044803000,1748243294871,2025,2.2948409400000003,2.3564711999999997,2.4024519057071814,-44.889178157232685,-43.14482434836556,-42.49358736999982,0.6512369783657377,1.953716034328484,0.20936222546136035,0.28287953555618633,0.28287953555618633,0.59342521071473,55.136630833333335,NO_FOLLOW_THROUGH,NO_FOLLOW_THROUGH,False,RATCHETED_STOP,0,-44.889178157232685,0.0,-0.5762079566727589,20.2777916395582,-0.017731835821876242,0.20476626149085975,20–25,<0.25%,flat_or_adverse,1748232000000
oos,149,BTCUSDT,LONG,2025-05-26T04:00:03+00:00,2025-05-28T14:58:17.224000+00:00,1748232003000,1748444297224,2025,109609.01742,107416.5124,106744.80118768674,-60.42058580216991,-55.90887800999992,-54.80205000000014,1.1068280099997736,3.3204906062459996,-1.1912171859239997,0.38090091372705875,0.38090091372705875,0.7654816683408133,58.970617777777775,NO_FOLLOW_THROUGH,NO_FOLLOW_THROUGH,False,RATCHETED_STOP,0,-60.42058580216991,0.0,-0.7795242854166349,21.919198052888056,0.16152986835792255,0.13395749495834625,20–25,<0.25%,favorable,1748433600000
oos,150,ETHUSDT,LONG,2025-05-26T08:00:03+00:00,2025-05-30T00:53:05.099000+00:00,1748246403000,1748566385099,2025,2580.2159399999996,2605.4788,2474.4450001991595,13.859337793190955,17.817895158000194,18.54939000000013,0.7314948419999361,2.1944823000731994,-1.7640750647360401,1.9727919633965774,1.9727919633965774,0.6827578551913935,88.88391638888889,WIN,WIN,False,RATCHETED_STOP,0,13.859337793190955,0.0,0.17880255813032894,16.512345948092477,0.06535885634366617,0.14381461482104718,<20,<0.25%,favorable,1748563200000
oos,151,SOLUSDT,LONG,2025-05-26T08:00:03+00:00,2025-05-28T14:38:11.111000+00:00,1748246403000,1748443091111,2025,178.11561600000002,171.025788,169.9541598839109,-67.20730519592048,-65.05129884840011,-64.4106060000001,0.6406928484000076,1.9220862744727198,-0.23392007304766,0.1536961030185721,0.1536961030185721,0.8686964555287452,54.63558638888889,NO_FOLLOW_THROUGH,NO_FOLLOW_THROUGH,False,RATCHETED_STOP,0,-67.20730519592048,0.0,-0.8672063531154207,16.034671717906672,0.4571307402477315,0.1235469197506592,<20,<0.25%,favorable,1748433600000
oos,152,SOLUSDT,SHORT,2025-05-28T16:00:03+00:00,2025-06-02T00:16:18.775000+00:00,1748448003000,1748823378775,2025,169.57607800000002,157.951584,176.63956428803183,92.14755814031099,95.44179035780033,96.3956590000003,0.9538686421999607,2.86159435912092,-0.43263785836842006,2.70349190489064,2.70349190489064,0.8075222018430978,104.27104861111111,WIN,WIN,False,RATCHETED_STOP,1,119.1028227209723,-26.9552645806613,1.201056383648172,14.211545337966527,0.035513561602815616,0.8608490566037783,<20,0.5–1%,favorable,1748822400000
oos,153,XRPUSDT,SHORT,2025-05-28T16:00:03+00:00,2025-06-02T22:00:05.454000+00:00,1748448003000,1748901605454,2025,2.2510497000000003,2.18753742,2.323088347271671,62.68152551963293,64.4052626568003,65.30546400000001,0.9002013431997113,2.7005961929443196,0.97685905577694,2.404954931297433,2.404954931297433,0.8446896534650702,126.00068166666667,WIN,WIN,False,RATCHETED_STOP,0,62.68152551963293,0.0,0.8171889942681615,27.55307917527969,0.1927688028280783,0.5729513657561686,25–35,0.5–1%,favorable,1748894400000
oos,154,ADAUSDT,SHORT,2025-05-28T16:00:03+00:00,2025-06-02T22:09:08.750000+00:00,1748448003000,1748902148750,2025,0.74115174,0.6896379,0.7729055737280098,117.85751817094045,119.91841906161582,120.5845673199999,0.6661482583840836,1.9984303050039214,-0.06247058567145083,2.7635006453597013,2.7635006453597013,0.7510356136608364,126.15159722222222,WIN,WIN,False,RATCHETED_STOP,0,117.85751817094045,0.0,1.5370075190489696,16.73462976215612,-0.0,0.17539125742040998,<20,<0.25%,flat_or_adverse,1748894400000
oos,156,ETHUSDT,LONG,2025-06-04T16:00:03+00:00,2025-06-05T14:18:13.057000+00:00,1749052803000,1749133093057,2025,2667.453384,2568.925819738972,2569.4397076805085,-78.3911726078394,-75.75784416030419,-74.95259676445708,0.805247395847104,2.4157511818529374,-0.21757726568226,0.0,0.008535706764767847,1.0052430228191949,22.30279361111111,NO_FOLLOW_THROUGH,NO_FOLLOW_THROUGH,False,INITIAL_STOP_OR_GAP,0,-78.3911726078394,0.0,-0.9967810650044675,22.414067678464342,0.2530001645954693,0.44733418075599996,20–25,0.25–0.5%,favorable,1749124800000
oos,157,ADAUSDT,SHORT,2025-06-04T20:00:03+00:00,2025-06-08T13:31:16.842000+00:00,1749067203000,1749389476842,2025,0.6729653800000001,0.67083414,0.7027444712701223,3.607934524609145,5.413406717232228,6.096064320000175,0.6826576027679465,2.0479720767762815,0.24249988415319834,1.839054775151817,1.839054775151817,0.565316780397873,89.52051166666666,WIN,WIN,False,RATCHETED_STOP,0,3.607934524609145,0.0,0.046034457844884406,22.218174958865614,-0.0,0.029713266973700487,20–25,<0.25%,flat_or_adverse,1749384000000
oos,158,SOLUSDT,SHORT,2025-06-05T00:00:03+00:00,2025-06-08T17:03:13.913000+00:00,1749081603000,1749402193913,2025,153.14936400000002,152.83056000000002,159.80410817621063,1.377680804388001,3.6231436992000012,4.318623999999948,0.695480300799947,2.0864403841651202,-0.15902251064688,1.7610540224663194,1.7610540224663194,0.21648255167343183,89.05303138888888,WIN,WIN,False,RATCHETED_STOP,0,1.377680804388001,0.0,0.017569174960044752,24.57796555685213,-0.0,0.53531792662227,20–25,0.5–1%,flat_or_adverse,1749398400000
oos,159,BTCUSDT,SHORT,2025-06-05T20:00:03+00:00,2025-06-06T12:30:14.092000+00:00,1749153603000,1749213014092,2025,101852.6254,104169.56354533149,104148.73379857177,-78.80039422400704,-74.60540827967382,-73.27862831401116,1.3267799656626664,3.980348690423804,-0.2146372539094,0.6739775007846289,0.6739775007846289,1.0090717610600055,16.50308111111111,SLOW_FAILURE,SLOW_FAILURE,False,INITIAL_STOP_OR_GAP,0,-78.80039422400704,0.0,-0.9951789193658268,15.342168916120823,0.9230023744784233,1.9162112789564307,<20,>=1%,favorable,1749211200000
oos,160,XRPUSDT,SHORT,2025-06-05T20:00:03+00:00,2025-06-07T13:16:16.800000+00:00,1749153603000,1749302176800,2025,2.1286741800000004,2.1899379,2.2075784594566734,-61.15628165846137,-58.947510285215486,-58.11644511999958,0.8310651652159038,2.4932024696214143,0.2844310963755328,0.9007645781624299,0.9007645781624299,0.7764308909713812,41.2705,SLOW_FAILURE,SLOW_FAILURE,False,RATCHETED_STOP,0,-61.15628165846137,0.0,-0.7721924183438461,19.78845236057493,0.14889576712116975,1.8835133865664748,<20,>=1%,favorable,1749297600000
oos,161,XRPUSDT,LONG,2025-06-08T12:00:03+00:00,2025-06-11T22:06:18.214000+00:00,1749384003000,1749679578214,2025,2.2413481799999997,2.25694852,2.176504432855301,12.70551265406139,17.66013869207024,18.678585750000206,1.018447057929965,3.0553389323597093,-1.8992871056491394,1.4828233134867657,1.4828233134867657,0.3138032716491948,82.10422611111112,WIN,WIN,False,RATCHETED_STOP,0,12.70551265406139,0.0,0.1640159993916387,16.741484911852492,-0.2815124090789165,0.8122099250267858,<20,0.5–1%,flat_or_adverse,1749672000000
oos,162,BTCUSDT,LONG,2025-06-09T12:00:03+00:00,2025-06-11T22:21:12.128000+00:00,1749470403000,1749680472128,2025,107729.34156,108260.34360000001,105873.47919447448,13.182007293108256,20.178077520000254,21.819599999999888,1.641522479999633,4.924564821647999,-2.0715054052440003,1.575687127623792,1.575687127623792,0.5005983079660774,58.352535555555555,WIN,WIN,False,RATCHETED_STOP,0,13.182007293108256,0.0,0.1710333869597117,14.052621191510044,0.7044185260588692,0.7816046919492361,<20,0.5–1%,favorable,1749672000000
oos,163,ETHUSDT,LONG,2025-06-10T00:00:03+00:00,2025-06-12T11:29:08.577000+00:00,1749513603000,1749727748577,2025,2679.665826,2726.5045900000005,2588.123163285703,34.15204791693232,38.30005732280044,39.18418400000006,0.8841266771996175,2.65237532949792,-1.4956340763702003,2.177500283360978,2.177500283360978,0.26944623707288845,59.4848825,WIN,WIN,False,RATCHETED_STOP,0,34.15204791693232,0.0,0.4358335763545619,14.836987462645043,0.5846357073601594,1.9476544537012093,<20,>=1%,favorable,1749715200000
oos,164,SOLUSDT,LONG,2025-06-10T20:00:03+00:00,2025-06-12T12:09:14.285000+00:00,1749585603000,1749730154285,2025,163.562706,157.29853400000002,156.15044397293474,-66.68584550255575,-64.05679645479972,-63.40057999999988,0.6562164547998464,1.9686569724695997,-0.66039207528643,0.6391158303230765,0.6391158303230765,0.8451093575924428,40.15313472222222,SLOW_FAILURE,SLOW_FAILURE,False,RATCHETED_STOP,0,-66.68584550255575,0.0,-0.8497916433009208,25.263607302438476,0.8821668913582209,0.9722986607961862,25–35,0.5–1%,favorable,1749729600000
oos,165,ADAUSDT,SHORT,2025-06-13T00:00:03+00:00,2025-06-16T01:57:15.555000+00:00,1749772803000,1750039035555,2025,0.66076782,0.6376274999999999,0.692147213580933,52.68199226430532,54.93397192012825,55.55043936000021,0.6164674398719612,1.8493956535632767,-0.40258400225964963,1.5318275630797191,1.5318275630797191,0.0010255137632615612,73.9534875,WIN,WIN,False,RATCHETED_STOP,0,52.68199226430532,0.0,0.6841556665616865,18.328799522359077,-0.1536136970283037,0.24965955515205465,<20,<0.25%,flat_or_adverse,1750032000000
oos,166,SOLUSDT,SHORT,2025-06-13T04:00:03+00:00,2025-06-15T14:16:10+00:00,1749787203000,1749996970000,2025,144.62107,148.899774,153.25976678607213,-38.82655284299534,-37.368061384000036,-36.855369999999986,0.5126913840000498,1.5380785746444,0.07958711564909998,0.31845891436257523,0.31845891436257523,0.4952950781764223,58.26861111111111,NO_FOLLOW_THROUGH,NO_FOLLOW_THROUGH,False,RATCHETED_STOP,0,-38.82655284299534,0.0,-0.5012016115017379,25.86320530230943,0.7976960504452537,3.938545555094718,25–35,>=1%,favorable,1749988800000
oos,167,XRPUSDT,SHORT,2025-06-13T04:00:03+00:00,2025-06-16T02:05:07.058000+00:00,1749787203000,1750039507058,2025,2.12347522,2.1784356,2.208257010275575,-50.35991205568301,-48.275614933055834,-47.51988192000003,0.7557330130558029,2.2672047415538303,0.18290761892665924,0.380685756871756,0.380685756871756,0.6482568936248726,70.08446055555555,NO_FOLLOW_THROUGH,NO_FOLLOW_THROUGH,False,RATCHETED_STOP,0,-50.35991205568301,0.0,-0.6501895408954248,21.922198260565445,1.3533512449357419,2.1423862887277356,20–25,>=1%,favorable,1750032000000
oos,168,ETHUSDT,SHORT,2025-06-13T04:00:03+00:00,2025-06-16T02:00:10.142000+00:00,1749787203000,1750039210142,2025,2512.4974,2560.271952,2659.3397547178456,-25.689027308119208,-24.517900086399926,-23.99723200000011,0.5206680863998159,1.56200713886784,0.3908799171485601,0.17581712067753183,0.17581712067753183,0.4937444658886877,70.00198388888889,NO_FOLLOW_THROUGH,NO_FOLLOW_THROUGH,False,RATCHETED_STOP,0,-25.689027308119208,0.0,-0.33180287334981295,33.535155144869016,0.2872083534719381,0.32341822522881236,25–35,0.25–0.5%,favorable,1750032000000
oos,169,XRPUSDT,LONG,2025-06-16T16:00:03+00:00,2025-06-17T00:01:11.721000+00:00,1750089603000,1750118471721,2025,2.2896578400000003,2.219636851456166,2.220080867629692,-76.23328164076304,-73.17215709547021,-72.22971450819566,0.9424425872745559,2.8273364293888235,-0.23378811590400006,0.6746795441192819,0.6746795441192819,1.0063816541364115,8.019089166666667,SLOW_FAILURE,SLOW_FAILURE,False,INITIAL_STOP_OR_GAP,0,-76.23328164076304,0.0,-0.9960385326008172,24.391206353146565,-0.03182910323892291,0.9501135767953842,20–25,0.5–1%,flat_or_adverse,1750118400000
oos,170,BTCUSDT,LONG,2025-06-16T20:00:03+00:00,2025-06-17T00:05:14.603000+00:00,1750104003000,1750118714603,2025,108615.91884,106451.00200674242,106472.29646603562,-75.99523864972788,-71.65874718082587,-70.23500697422078,1.423740206605089,4.271229048016304,-0.0652624208857,0.13252388268117724,0.13252388268117724,1.009933866874986,4.086556388888889,NO_FOLLOW_THROUGH,NO_FOLLOW_THROUGH,False,INITIAL_STOP_OR_GAP,0,-75.99523864972788,0.0,-0.9907313751222695,21.796499207039922,0.04708036835838165,0.3719811923657038,20–25,0.25–0.5%,favorable,1750118400000
oos,171,ADAUSDT,SHORT,2025-06-17T16:00:03+00:00,2025-06-23T20:09:18.571000+00:00,1750176003000,1750709358571,2025,0.61127772,0.55791156,0.6399220579387136,114.05339618568343,114.50182655084416,115.22825374000027,0.7264271891561123,2.179267740077551,1.7308373749168267,3.5601353474528903,3.5601353474528903,0.37083349675342625,148.1543252777778,WIN,WIN,False,RATCHETED_STOP,1,135.77535337282876,-21.721957187145332,1.5127495223531515,32.0076168287229,0.7012116742408553,1.1449133137062308,25–35,>=1%,favorable,1750708800000
oos,172,BTCUSDT,SHORT,2025-06-17T16:00:03+00:00,2025-06-20T07:34:20+00:00,1750176003000,1750404860000,2025,104178.36016,105321.06,106672.30794287451,-35.42003939557913,-32.338405472000034,-31.15264000000008,1.1857654719999537,3.557300154316799,0.4756662307377,0.3521966923411692,0.3521966923411692,0.5299388580127714,63.57138888888889,NO_FOLLOW_THROUGH,NO_FOLLOW_THROUGH,False,RATCHETED_STOP,0,-35.42003939557913,0.0,-0.4704111477307217,19.270504305616935,-0.5879241964303425,0.19261184346904495,<20,<0.25%,flat_or_adverse,1750392000000
oos,173,XRPUSDT,SHORT,2025-06-18T12:00:03+00:00,2025-06-23T20:20:19.473000+00:00,1750248003000,1750710019473,2025,2.1400718999999997,2.08931778,2.224934322858416,41.85726866918324,43.29861891965973,44.0202437999997,0.7216248803399665,2.1648693585907437,0.7235191081142506,2.746467660826208,2.746467660826208,0.5188173813214857,128.33790916666666,WIN,WIN,False,RATCHETED_STOP,0,41.85726866918324,0.0,0.5557425599750436,21.436480081972494,-0.0,0.01401541695866335,20–25,<0.25%,flat_or_adverse,1750708800000
oos,174,SOLUSDT,SHORT,2025-06-19T16:00:03+00:00,2025-06-20T08:05:11.212000+00:00,1750348803000,1750406711212,2025,143.041386,147.869568,149.54589609590099,-56.11383141859857,-54.30980522699998,-53.65534500000012,0.6544602269998592,1.9633871196413994,0.1593609280428,0.003287872519938952,0.003287872519938952,0.7422821901748781,16.085614444444445,NO_FOLLOW_THROUGH,NO_FOLLOW_THROUGH,False,RATCHETED_STOP,0,-56.11383141859857,0.0,-0.7408707066613082,31.386184649097192,-0.14847130015104443,0.34945485043332397,25–35,0.25–0.5%,flat_or_adverse,1750406400000
oos,175,SOLUSDT,SHORT,2025-06-20T16:00:03+00:00,2025-06-23T18:02:03.478000+00:00,1750435203000,1750701723478,2025,142.74144600000002,137.547504,149.25693764201776,56.06569389137333,57.97841636340023,58.604175,0.6257586365997696,1.8772688772989998,-0.035453594727900016,2.595574812948857,2.595574812948857,0.0274045321228695,74.03346611111111,WIN,WIN,False,RATCHETED_STOP,0,56.06569389137333,0.0,0.7447632632224813,31.030609333492702,0.08773364181820381,0.04903334267303278,25–35,<0.25%,favorable,1750694400000
oos,176,ETHUSDT,SHORT,2025-06-20T20:00:03+00:00,2025-06-23T19:36:15.714000+00:00,1750449603000,1750707375714,2025,2413.137276,2317.4634,2520.7611979857097,63.012206960078935,64.91472486599989,65.55666999999993,0.6419451340000393,1.9258275351995997,0.023309629278650008,2.80734311132164,2.80734311132164,0.3235593291668356,71.60353166666667,WIN,WIN,False,RATCHETED_STOP,0,63.012206960078935,0.0,0.8330261368729108,29.03571297573091,0.8221860652682689,2.898550724637683,25–35,>=1%,favorable,1750694400000
oos,178,BTCUSDT,LONG,2025-06-25T12:00:03+00:00,2025-06-27T13:51:15.504000+00:00,1750852803000,1751032275504,2025,107157.72726,106323.93096,104519.45568641565,-26.53375249532285,-22.76263899000005,-21.59703000000016,1.165608989999889,3.496829561643599,-0.2742839436792,0.4139728263516747,0.4139728263516747,0.3160388446543459,49.85347333333333,NO_FOLLOW_THROUGH,NO_FOLLOW_THROUGH,False,RATCHETED_STOP,0,-26.53375249532285,0.0,-0.3459173739340558,22.521948657287908,0.36249768282954814,0.359728682062017,20–25,0.25–0.5%,favorable,1751025600000
oos,179,ADAUSDT,SHORT,2025-06-26T16:00:03+00:00,2025-06-28T16:01:10+00:00,1750953603000,1751126470000,2025,0.5540891600000001,0.565113,0.5807262343355828,-32.52317777069198,-30.745753229775712,-30.12145811999978,0.6242951097759324,1.8728889439029741,0.09546440298670733,0.3562388226444285,0.3562388226444285,0.41385325809876483,48.01861111111111,NO_FOLLOW_THROUGH,NO_FOLLOW_THROUGH,False,RATCHETED_STOP,0,-32.52317777069198,0.0,-0.4236773347255236,26.33929790337604,-0.0,1.4796102490075758,25–35,>=1%,flat_or_adverse,1751126400000
oos,180,SOLUSDT,LONG,2025-06-28T08:00:03+00:00,2025-07-01T07:21:11.794000+00:00,1751097603000,1751354471794,2025,146.549304,149.33012800000003,139.94675908467966,28.16535633753099,31.06931230480027,31.73046800000004,0.6611556951997706,1.9834632779438404,-0.92049268932544,2.0371987123918527,2.0371987123918527,0.15135133691877498,71.35244277777778,WIN,WIN,False,RATCHETED_STOP,0,28.16535633753099,0.0,0.36871433341590915,16.003757348823616,0.973644520632644,1.0374010374010443,<20,>=1%,favorable,1751342400000
oos,181,XRPUSDT,LONG,2025-06-28T16:00:03+00:00,2025-06-30T06:51:10.952000+00:00,1751126403000,1751266270952,2025,2.20324056,2.17346522,2.1261305120237313,-31.421794956243094,-28.235415988345615,-27.405346909999718,0.8300690783458968,2.4902105236796293,-0.6961684442178486,0.20567280680309263,0.20567280680309263,0.3861408568849975,38.85220888888889,NO_FOLLOW_THROUGH,NO_FOLLOW_THROUGH,False,RATCHETED_STOP,0,-31.421794956243094,0.0,-0.4109307914381347,19.415509432955503,0.14458869392788004,0.1316446502337783,<20,<0.25%,favorable,1751256000000
oos,182,BTCUSDT,LONG,2025-06-29T12:00:03+00:00,2025-06-30T14:09:19.901000+00:00,1751198403000,1751292559901,2025,108469.98966,107075.28066,106916.60433739137,-68.1848636536795,-61.78560870000011,-59.87588000000026,1.909728699999853,5.729193285105599,-0.6700616685737999,0.20208143815394802,0.20208143815394802,0.8978512798471893,26.15469472222222,NO_FOLLOW_THROUGH,NO_FOLLOW_THROUGH,False,RATCHETED_STOP,0,-68.1848636536795,0.0,-0.8912666964531917,17.249836920080835,0.6750688307356012,0.7269823501152242,<20,0.5–1%,favorable,1751284800000
oos,183,ETHUSDT,LONG,2025-06-29T12:00:03+00:00,2025-06-29T21:04:11.359000+00:00,1751198403000,1751231051359,2025,2461.302162,2416.036696,2390.9488536643053,-49.68687182314583,-46.66869544599982,-45.66298999999996,1.0057054459998653,3.0171218175587997,-0.0010545595871999998,0.0,0.011909006410929951,0.6434020953785594,9.068988611111111,NO_FOLLOW_THROUGH,NO_FOLLOW_THROUGH,False,RATCHETED_STOP,0,-49.68687182314583,0.0,-0.6487008925482488,15.54847810115358,0.0,0.49292512252014,<20,0.25–0.5%,flat_or_adverse,1751227200000
oos,184,ETHUSDT,LONG,2025-06-30T00:00:03+00:00,2025-07-01T13:43:19.077000+00:00,1751241603000,1751377399077,2025,2499.74985,2420.403431988302,2420.887609510204,-76.3027626283886,-73.14152812318322,-72.23445155349383,0.9070765696893943,2.7212383772020896,-0.43999612800329996,0.30027234647313444,0.30027234647313444,1.0061395354594906,37.7211325,NO_FOLLOW_THROUGH,NO_FOLLOW_THROUGH,False,INITIAL_STOP_OR_GAP,0,-76.3027626283886,0.0,-0.998962037288265,15.140044440110854,0.05627699681487006,1.4120236070821233,<20,>=1%,favorable,1751371200000
oos,185,XRPUSDT,LONG,2025-06-30T20:00:03+00:00,2025-06-30T23:08:13.195000+00:00,1751313603000,1751324893195,2025,2.31976386,2.245361208616457,2.245810370690595,-75.6910145459152,-73.00345000215455,-72.10759803853814,0.8958519636164084,2.687564543760641,0.0,0.0,0.07215535128673377,1.0060735751393564,3.1361652777777778,NO_FOLLOW_THROUGH,NO_FOLLOW_THROUGH,False,INITIAL_STOP_OR_GAP,0,-75.6910145459152,0.0,-0.9932610016173062,22.08170398121752,1.4688723872077942,4.3161434977578415,20–25,>=1%,favorable,1751313600000
oos,186,ADAUSDT,LONG,2025-06-30T20:00:03+00:00,2025-07-01T02:54:06.536000+00:00,1751313603000,1751338446536,2025,0.58951788,0.5648928501268956,0.565005851297155,-75.94004551593245,-73.69601886457909,-73.00505429858298,0.6909645659961114,2.072902458595366,-0.17112419275799998,0.0,0.03598722940046165,1.0046100292892628,6.900982222222222,NO_FOLLOW_THROUGH,NO_FOLLOW_THROUGH,False,INITIAL_STOP_OR_GAP,0,-75.94004551593245,0.0,-0.9968414776294465,15.501519259003315,0.19266915428173917,0.6447234475738082,<20,0.5–1%,favorable,1751328000000
oos,187,BTCUSDT,LONG,2025-07-02T16:00:03+00:00,2025-07-04T08:16:09.147000+00:00,1751472003000,1751616969147,2025,108717.13908,108458.90388000001,106838.79858843605,-14.876547304907817,-9.270643679999317,-7.711319999999582,1.5593236799997348,4.6779719653584,-0.9279316595500999,0.9406499662523305,0.9406499662523305,0.13748050535021458,40.26837416666667,SLOW_FAILURE,SLOW_FAILURE,False,RATCHETED_STOP,0,-14.876547304907817,0.0,-0.20191538500499923,19.43898441715387,0.0,0.8237706690169756,<20,0.5–1%,flat_or_adverse,1751616000000
oos,188,ETHUSDT,LONG,2025-07-02T20:00:03+00:00,2025-07-04T13:49:05.588000+00:00,1751486403000,1751636945588,2025,2604.160728,2525.264846,2511.233309328765,-63.036759991443304,-60.06343496659985,-59.28243099999992,0.7810039665999327,2.3430190136917197,-0.6303060111517299,0.33186407672750967,0.33186407672750967,0.849005418724941,41.81738555555555,NO_FOLLOW_THROUGH,NO_FOLLOW_THROUGH,False,RATCHETED_STOP,0,-63.036759991443304,0.0,-0.8527963260737815,16.373208653533585,0.8975651410748705,3.866879188831075,<20,>=1%,favorable,1751630400000
oos,189,ADAUSDT,LONG,2025-07-02T20:00:03+00:00,2025-07-04T08:05:18.750000+00:00,1751486403000,1751616318750,2025,0.5956191000000001,0.5772845200000001,0.5686816276058873,-51.15423683301392,-48.578452443487976,-47.95692016000002,0.6215322834879586,1.8646026052944193,-0.71118178423152,0.5746975727159634,0.5746975727159634,0.6806347578478451,36.08770833333333,SLOW_FAILURE,SLOW_FAILURE,False,RATCHETED_STOP,0,-51.15423683301392,0.0,-0.6922343993989873,16.279658218418522,0.3430484096797566,2.8379513014273763,<20,>=1%,favorable,1751616000000
oos,190,XRPUSDT,LONG,2025-07-02T20:00:03+00:00,2025-07-04T08:15:14+00:00,1751486403000,1751616914000,2025,2.2642527599999998,2.20745842,2.1822784744566905,-52.30549153363213,-49.02042729117776,-48.24850302999986,0.7719242611779009,2.3157785733543634,-0.9692856691000001,0.6032042813459572,0.6032042813459572,0.692831168012971,36.253055555555555,SLOW_FAILURE,SLOW_FAILURE,False,RATCHETED_STOP,0,-52.30549153363213,0.0,-0.707972277291292,22.51216952301033,0.15578707482912216,0.46823924374943554,20–25,0.25–0.5%,favorable,1751616000000
oos,191,XRPUSDT,LONG,2025-07-06T12:00:03+00:00,2025-07-23T12:42:05.222000+00:00,1751803203000,1753274525222,2025,2.26155222,3.41941598,2.2003645256452042,1496.1342656163747,1522.92987106896,1524.4780455600003,1.5481744910401574,4.644340535754533,-22.1512649168307,22.930227961597186,22.930227961597186,0.2623439266549522,408.7006172222222,WIN,WIN,False,RATCHETED_STOP,1,1270.1257177817242,226.00854783465053,20.679265594335916,14.948023397078893,0.36551949640361725,1.1764185573393364,<20,>=1%,favorable,1753272000000
oos,192,ETHUSDT,LONG,2025-07-06T16:00:03+00:00,2025-07-22T04:48:15.644000+00:00,1751817603000,1753159695644,2025,2558.201538,3679.264,2491.2989191301567,1209.5785049513493,1227.1498374802004,1228.5744009999999,1.4245635197994488,4.27354313047188,-13.29778939837923,19.42552450044395,19.42552450044395,0.7896781754206362,372.8035122222222,WIN,WIN,False,RATCHETED_STOP,1,1127.9413537466755,81.6371512046738,16.696725688136837,12.280561371898733,0.9472657949836999,1.127188986937429,<20,>=1%,favorable,1753156800000
oos,193,BTCUSDT,LONG,2025-07-06T16:00:03+00:00,2025-07-07T18:27:02.952000+00:00,1751817603000,1751912822952,2025,108878.57136,107721.85132,107543.10433447719,-62.15635367670791,-55.406889916000004,-53.33186000000042,2.075029915999586,6.2250961478232,-0.5243676128847,0.6036305087236505,0.6036305087236505,0.8661539505606022,26.449986666666668,SLOW_FAILURE,SLOW_FAILURE,False,RATCHETED_STOP,0,-62.15635367670791,0.0,-0.8595421983044379,14.362956275237963,1.5346781244023198,0.4489384218532945,<20,0.25–0.5%,favorable,1751904000000
oos,194,SOLUSDT,LONG,2025-07-06T16:00:03+00:00,2025-07-12T12:49:08.571000+00:00,1751817603000,1752324548571,2025,151.51029599999998,159.108172,146.82009008468765,106.85800884631773,111.4661594332002,112.37756199999995,0.911402566799751,2.7341942150925598,-1.87395637178992,3.55415184343563,3.55415184343563,0.8337152079472381,140.81821416666668,WIN,WIN,False,RATCHETED_STOP,0,106.85800884631773,0.0,1.476652725327738,13.36219718667727,0.09442242618343917,0.39774227620807506,<20,0.25–0.5%,favorable,1752321600000
oos,195,ADAUSDT,LONG,2025-07-09T08:00:03+00:00,2025-07-15T01:22:15.238000+00:00,1752048003000,1752542535238,2025,0.5961192,0.7209557799999999,0.5757721320625047,430.00916986828634,437.47417505751594,438.50009394,1.0259188824840617,3.077704027440727,-4.387301161788891,8.904516393053493,8.904516393053493,0.1975321462702483,137.3700661111111,WIN,WIN,False,RATCHETED_STOP,1,421.24476159490746,8.764408273378855,5.88816846981113,17.831090528221225,0.5415377343416982,0.6712535660345702,<20,0.5–1%,favorable,1752537600000
oos,199,BTCUSDT,LONG,2025-07-13T16:00:03+00:00,2025-07-15T03:02:19.265000+00:00,1752422403000,1752548539265,2025,118634.32212,117617.77174000001,116559.2152548943,-45.275155266321875,-38.222294287999475,-36.44568000000011,1.7766142879993652,5.329847237481601,-1.7230137408408002,2.248403664628784,2.248403664628784,0.4898785682289216,35.03785138888889,GIVEBACK_GE1R,GIVEBACK_GE1R,False,RATCHETED_STOP,0,-45.275155266321875,0.0,-0.5316415252028652,49.57184755137102,0.45223110984585685,0.36565028757970336,>=35,0.25–0.5%,favorable,1752537600000
oos,200,SOLUSDT,LONG,2025-07-16T12:00:03+00:00,2025-07-23T12:56:18.969000+00:00,1752667203000,1753275378969,2025,166.70333399999998,193.61127000000002,159.7070143529975,382.30216676499094,391.9142715924005,393.2297120000002,1.3154404075997093,3.94627403523456,-5.665830792175,5.6796527324226656,5.6796527324226656,0.19486445285330706,168.93776916666667,WIN,WIN,False,RATCHETED_STOP,1,314.1833568015955,68.11880996339544,4.406139513827762,22.992123519617365,0.0,0.8220328813152553,20–25,0.5–1%,flat_or_adverse,1753272000000
oos,201,ADAUSDT,LONG,2025-07-16T20:00:03+00:00,2025-07-23T12:41:18.235000+00:00,1752696003000,1753274478235,2025,0.76385274,0.85272942,0.7183006016295959,152.5992484011431,158.9778290513758,159.8463937599999,0.8685647086240795,2.605674944304749,-3.7729057059280007,3.7440011841640963,3.7440011841640963,0.5214407237450903,160.68756527777776,WIN,WIN,False,RATCHETED_STOP,1,166.76645996640454,-14.167211565261459,1.6866138886971493,37.2176405120699,0.05714361273162171,0.37968054464519685,>=35,0.25–0.5%,favorable,1753272000000
oos,204,BTCUSDT,SHORT,2025-07-25T04:00:03+00:00,2025-07-26T10:43:17.886000+00:00,1753416003000,1753526597886,2025,115361.62306,118241.70049186258,118218.05688048647,-97.53587271659319,-94.46653976509253,-92.93410567995646,1.5324340851360745,4.597313407500655,1.527980456,0.24307339278098372,0.24307339278098372,1.0082773181043188,30.720801666666667,NO_FOLLOW_THROUGH,NO_FOLLOW_THROUGH,False,INITIAL_STOP_OR_GAP,0,-97.53587271659319,0.0,-0.9778502182352944,13.839341190311403,0.19940306975943686,1.4435201924693515,<20,>=1%,favorable,1753516800000
oos,205,ETHUSDT,LONG,2025-07-27T12:00:03+00:00,2025-07-29T00:42:07.683000+00:00,1753617603000,1753749727683,2025,3814.932834,3746.570536,3661.5606757904793,-46.376653429112174,-42.49400443680001,-41.55395999999995,0.9400444368000649,2.8201382968752,-1.0625106954369603,0.8207302255474533,0.8207302255474533,0.44572821298250653,36.701300833333335,SLOW_FAILURE,SLOW_FAILURE,False,RATCHETED_STOP,0,-46.376653429112174,0.0,-0.46783523585245324,17.80165609216202,0.2935792817698803,0.10172619921554561,<20,<0.25%,favorable,1753747200000
oos,206,BTCUSDT,LONG,2025-07-27T16:00:03+00:00,2025-07-28T17:15:02.964000+00:00,1753632003000,1753722902964,2025,118604.61618,117777.23984000001,116654.96023346309,-46.52457368723504,-38.30752454199944,-36.1186299999996,2.1888945419998436,6.5666879602356,-1.6503611850000004,0.6192804541460912,0.6192804541460912,0.4243704339063631,25.24999,SLOW_FAILURE,SLOW_FAILURE,False,RATCHETED_STOP,0,-46.52457368723504,0.0,-0.46968282919166404,11.802166886100833,-0.41275500371944224,0.1253997274432261,<20,<0.25%,flat_or_adverse,1753718400000
oos,207,ADAUSDT,SHORT,2025-07-28T16:00:03+00:00,2025-07-31T09:58:18.095000+00:00,1753718403000,1753955898095,2025,0.8051389400000001,0.7895578799999999,0.8491933642300155,32.865990216343114,33.969490461104314,34.664836560000055,0.6953460988957403,2.0860341369076125,0.982533892146416,1.739642302436086,1.739642302436086,0.09899255469167198,65.97085972222222,WIN,WIN,False,RATCHETED_STOP,0,32.865990216343114,0.0,0.33246644826281085,14.682070533127542,-0.5571620365095518,1.0553762105785884,<20,>=1%,flat_or_adverse,1753948800000
oos,208,SOLUSDT,SHORT,2025-07-29T00:00:03+00:00,2025-07-31T09:57:05+00:00,1753747203000,1753955825000,2025,182.993394,182.516496,191.56526648900007,3.2040571912433027,5.3186526348000625,6.1339300000001264,0.815277365200064,2.4458313595283996,0.33123591597164004,1.5158174618992384,1.5158174618992384,0.4090828467758809,57.95055555555555,WIN,WIN,False,RATCHETED_STOP,0,3.2040571912433027,0.0,0.032408725793735466,13.964438499198947,-0.0,0.1802983117521786,<20,<0.25%,flat_or_adverse,1753948800000
oos,209,XRPUSDT,SHORT,2025-07-30T12:00:03+00:00,2025-07-31T08:38:18.666000+00:00,1753876803000,1753951098666,2025,3.04929002,3.1626323999999997,3.196514821445962,-76.30428011491068,-74.29604343237983,-73.48166209999991,0.8143813323799236,2.4431528149394515,0.43491613240860394,0.3347942705026607,0.3347942705026607,0.7698592824497804,20.637685,NO_FOLLOW_THROUGH,NO_FOLLOW_THROUGH,False,RATCHETED_STOP,0,-76.30428011491068,0.0,-0.7653073085530969,24.74367737869004,-0.12004243381688111,0.055739532443687824,20–25,<0.25%,flat_or_adverse,1753948800000
oos,210,BTCUSDT,SHORT,2025-07-30T20:00:03+00:00,2025-08-03T18:26:03.307000+00:00,1753905603000,1754245563307,2025,116841.82696,114222.84,119123.02678464536,74.96612140818681,79.2590307180004,81.69640999999989,2.4373792819994904,7.3121280424308,3.0192187326172,2.1882462492193326,2.1882462492193326,0.9066163418285892,94.43341861111111,WIN,WIN,False,RATCHETED_STOP,1,102.72278441123439,-27.756663003047585,0.7536835179871297,13.270697942010662,0.5416713134582157,0.04945869257914495,<20,<0.25%,favorable,1754236800000
oos,211,XRPUSDT,SHORT,2025-08-01T04:00:03+00:00,2025-08-04T00:55:02.500000+00:00,1754020803000,1754268902500,2025,2.99600068,3.0014001599999998,3.1441898968414135,-4.934820724861494,-3.4761036918519364,-2.703896579999988,0.7722071118519485,2.316621660023589,0.8579046270140311,1.8179506292168488,1.8179506292168488,0.41568017776840827,68.91652777777777,GIVEBACK_GE1R,GIVEBACK_GE1R,False,RATCHETED_STOP,0,-4.934820724861494,0.0,-0.05010579273377411,29.70569796352015,0.4881850522071894,0.11680293675954735,25–35,<0.25%,favorable,1754265600000
oos,212,ETHUSDT,SHORT,2025-08-01T20:00:03+00:00,2025-08-04T00:44:07.544000+00:00,1754078403000,1754268247544,2025,3516.8664860000004,3523.7046,3682.6621392981524,-5.747545076256013,-3.9524298919998135,-3.1385399999999053,0.8138898919999082,2.4416700526247994,0.6465548683685999,0.9852881106975372,0.9852881106975372,0.21124506766782586,52.73459555555556,SLOW_FAILURE,SLOW_FAILURE,False,RATCHETED_STOP,0,-5.747545076256013,0.0,-0.05800779658806204,27.138699018134968,0.9187596735061342,1.264509306140319,25–35,>=1%,favorable,1754265600000
oos,213,SOLUSDT,SHORT,2025-08-02T00:00:03+00:00,2025-08-04T13:35:17.849000+00:00,1754092803000,1754314517849,2025,162.577478,164.89297200000001,171.73480232611135,-27.158043112387713,-24.458331572600013,-23.766525,0.6918065726000115,2.075422569783,-0.6242889700047001,0.7488517121149129,0.7488517121149129,0.28529316063979504,61.58745805555556,SLOW_FAILURE,SLOW_FAILURE,False,RATCHETED_STOP,0,-27.158043112387713,0.0,-0.273012203898302,40.46807452383998,1.5726368075871975,1.1130926757271837,>=35,>=1%,favorable,1754308800000
oos,215,BTCUSDT,SHORT,2025-08-05T16:00:03+00:00,2025-08-06T14:58:04.667000+00:00,1754409603000,1754492284667,2025,112849.12566,115048.87771459059,115025.87254008258,-96.74404403950932,-91.72966067642746,-89.82899492144365,1.9006657549838053,5.702008044432256,0.6876246813504001,0.04319549547094448,0.04319549547094448,1.010568603413889,22.96712972222222,NO_FOLLOW_THROUGH,NO_FOLLOW_THROUGH,False,INITIAL_STOP_OR_GAP,0,-96.74404403950932,0.0,-0.98417497208838,21.054679964810678,0.451145438195288,0.6894547619511667,20–25,0.5–1%,favorable,1754481600000
oos,216,XRPUSDT,SHORT,2025-08-06T04:00:03+00:00,2025-08-07T10:03:09.302000+00:00,1754452803000,1754560989302,2025,2.9124174,3.01740336,3.053785814614921,-72.61265589716393,-70.59182460228003,-69.79439340000008,0.7974312022799523,2.3923019821672082,0.37147068728331,0.08359293009113712,0.08359293009113712,0.7426408528805776,30.051750555555557,NO_FOLLOW_THROUGH,NO_FOLLOW_THROUGH,False,RATCHETED_STOP,0,-72.61265589716393,0.0,-0.7395238098437338,18.84798918735964,-0.0,0.06522709327474382,<20,<0.25%,flat_or_adverse,1754553600000
oos,217,ADAUSDT,SHORT,2025-08-06T04:00:03+00:00,2025-08-07T10:03:17+00:00,1754452803000,1754560997000,2025,0.71265744,0.74794956,0.7482118582809559,-96.12595556700539,-94.4156498893801,-93.63415250000008,0.7814973893800214,2.3445034042382997,0.634197726613012,0.06911771078859705,0.06911771078859705,0.9926226248765145,30.05388888888889,NO_FOLLOW_THROUGH,NO_FOLLOW_THROUGH,False,RATCHETED_STOP,0,-96.12595556700539,0.0,-0.9792000835786545,22.357362634263133,-0.0,0.014027212792816523,20–25,<0.25%,flat_or_adverse,1754553600000
oos,218,BTCUSDT,LONG,2025-08-07T20:00:03+00:00,2025-08-14T12:34:12.347000+00:00,1754596803000,1755174852347,2025,117430.9815,118805.2342,115203.59320500931,-3.2158038581130057,12.288136890000594,14.695049999999995,2.406913109999401,7.220737566594,-8.2832031815196,3.1941527734524477,3.1941527734524477,0.7097915992265762,160.56926305555555,COST_FLIP,COST_FLIP,False,RATCHETED_STOP,1,41.15865604062287,-44.37445989873588,-0.033369488901267605,19.845867553021055,1.149542735420958,0.5323335116295708,<20,0.5–1%,favorable,1755172800000
oos,219,XRPUSDT,LONG,2025-08-07T20:00:03+00:00,2025-08-10T07:38:18.648000+00:00,1754596803000,1754811498648,2025,3.10082004,3.204359,2.9678451467296947,68.22121308088629,72.3478690077922,73.22902096,0.8811519522078015,2.6434470691414846,-1.4832088577644305,2.109270051676999,2.109270051676999,0.005414856761993175,59.63768,WIN,WIN,False,RATCHETED_STOP,0,68.22121308088629,0.0,0.7078141136721454,15.173411255296346,0.9882435068970478,0.4096642043804946,<20,0.25–0.5%,favorable,1754798400000
oos,220,ETHUSDT,LONG,2025-08-07T20:00:03+00:00,2025-08-14T12:34:19.076000+00:00,1754596803000,1755174859076,2025,3866.243094,4500.54971,3714.6909663611,409.63893044205673,419.0563765510002,420.30636499999997,1.2499884489997264,3.7499149102362,-5.667531198707319,6.12170162474094,6.12170162474094,0.11377665407037164,160.57113222222222,WIN,WIN,False,RATCHETED_STOP,1,379.46079743863845,30.178133003418257,4.2517286947509945,21.452104332841976,1.5868527984137908,0.024317807878971164,20–25,<0.25%,favorable,1755172800000
oos,221,ADAUSDT,LONG,2025-08-08T00:00:03+00:00,2025-08-11T12:32:14.117000+00:00,1754611203000,1754915534117,2025,0.78725742,0.7837432200000001,0.7501775647039854,-13.207037603054196,-8.952791382479775,-8.152334079999951,0.800457302479824,2.4013728857200896,-1.8528733348543311,1.2686829445382528,1.2686829445382528,0.3170837616851149,84.53642138888888,GIVEBACK_GE1R,GIVEBACK_GE1R,False,RATCHETED_STOP,0,-13.207037603054196,0.0,-0.13521577173416874,19.215682616847744,0.4929252324254123,1.6897471731673201,<20,>=1%,favorable,1754913600000
oos,223,SOLUSDT,LONG,2025-08-12T20:00:03+00:00,2025-08-14T13:04:10.610000+00:00,1755028803000,1755176650610,2025,190.658124,189.532086,181.48881909380586,-15.778352082774497,-11.953343785199937,-11.14617000000012,0.8071737851998169,2.4215226931403997,-1.40348560443416,2.1203216818394233,2.1203216818394233,0.1228051647883716,41.068780555555556,GIVEBACK_GE1R,GIVEBACK_GE1R,False,RATCHETED_STOP,0,-15.778352082774497,0.0,-0.1568828580646351,28.51868130440057,0.47581558184562495,2.019831068674268,25–35,>=1%,favorable,1755172800000
oos,224,ADAUSDT,LONG,2025-08-12T20:00:03+00:00,2025-08-18T11:48:14.594000+00:00,1755028803000,1755517694594,2025,0.8486697,0.90401916,0.8015406853197498,109.99147699633978,114.78540937642215,115.51236998999994,0.7269606135777877,2.180867979249601,-2.613064400832772,3.633224695269419,3.633224695269419,0.32611969726667606,135.80322055555555,WIN,WIN,False,RATCHETED_STOP,0,109.99147699633978,0.0,1.093859240144944,14.1916958310846,0.305168782291794,1.732673267326738,<20,>=1%,favorable,1755504000000
oos,226,ETHUSDT,LONG,2025-08-17T12:00:03+00:00,2025-08-18T02:09:05.340000+00:00,1755432003000,1755482945340,2025,4550.499918,4369.126,4366.620055107838,-99.42638790857876,-96.43651220060012,-95.48800300000006,0.9485092006000571,2.84553906036036,-0.14433664761828,0.07662656355287228,0.07662656355287228,0.9863718361937672,14.15065,NO_FOLLOW_THROUGH,NO_FOLLOW_THROUGH,False,RATCHETED_STOP,0,-99.42638790857876,0.0,-0.9782198566293513,25.5858691947563,0.0,1.3249574686014918,25–35,>=1%,flat_or_adverse,1755475200000
oos,227,SOLUSDT,LONG,2025-08-17T12:00:03+00:00,2025-08-18T02:11:15.952000+00:00,1755432003000,1755483075952,2025,193.498692,185.05298200000001,184.43228172459348,-94.29725065533705,-91.5438952609999,-90.72326700000005,0.8206282609998539,2.46189566979204,-0.2914597245451,0.2483130513194263,0.2483130513194263,0.931538474815083,14.186931111111111,NO_FOLLOW_THROUGH,NO_FOLLOW_THROUGH,False,RATCHETED_STOP,0,-94.29725065533705,0.0,-0.9278714881604839,18.334895177501632,0.282463400186819,0.010338054378171316,<20,<0.25%,favorable,1755475200000
oos,228,XRPUSDT,SHORT,2025-08-18T04:00:03+00:00,2025-08-22T14:13:09.411000+00:00,1755489603000,1755871989411,2025,2.98760236,2.9885976,3.102368370058677,-2.6607092337388023,-0.8276119258479607,0.16631403999998168,0.9939259658479425,2.981777877586315,1.1486805696954732,1.7984624532513724,1.7984624532513724,0.93753925874907,106.2184475,COST_FLIP,COST_FLIP,False,RATCHETED_STOP,0,-2.6607092337388023,0.0,-0.026764727028610543,18.28723113996392,0.14189569310374162,2.911451710059574,<20,>=1%,favorable,1755864000000
oos,229,BTCUSDT,SHORT,2025-08-18T04:00:03+00:00,2025-08-22T14:06:19.359000+00:00,1755489603000,1755871579359,2025,115241.74704,114799.95539999999,117323.70921668119,16.577866309876654,19.350473832000453,21.365640000000127,2.0151661679996735,6.0454959401232,3.2728884179994,1.7367496299879708,1.7367496299879708,0.8150738658975399,106.10454416666667,WIN,WIN,False,RATCHETED_STOP,0,16.577866309876654,0.0,0.16700433299738265,23.997966746517385,0.8674917449995848,1.583135889589982,20–25,>=1%,favorable,1755864000000
oos,230,SOLUSDT,SHORT,2025-08-18T04:00:03+00:00,2025-08-20T17:44:19.065000+00:00,1755489603000,1755711859065,2025,182.533486,185.827158,192.0549837725033,-35.23980900170902,-33.338218616799864,-32.59251799999999,0.7457006167998728,2.2371057615021597,0.335515376593,0.7313435518631906,0.7313435518631906,0.34591952639128204,61.73779583333334,SLOW_FAILURE,SLOW_FAILURE,False,RATCHETED_STOP,0,-35.23980900170902,0.0,-0.3547687062709811,16.280375386471935,0.16008452846457485,0.27114373356704896,<20,0.25–0.5%,favorable,1755705600000
oos,231,ADAUSDT,SHORT,2025-08-19T16:00:03+00:00,2025-08-22T14:09:09.411000+00:00,1755619203000,1755871749411,2025,0.87002596,0.89237844,0.9416386387112992,-31.866788016913752,-30.70690716083201,-30.222684800000025,0.48422236083198555,1.4526707092181756,0.2927898531364352,0.6804096827104429,0.6804096827104429,0.31213020378852546,70.15178083333333,SLOW_FAILURE,SLOW_FAILURE,False,RATCHETED_STOP,0,-31.866788016913752,0.0,-0.3177437299043438,14.447894433842182,0.19764885137577953,0.7468688957830704,<20,0.5–1%,favorable,1755864000000
oos,232,ETHUSDT,LONG,2025-08-22T16:00:03+00:00,2025-08-25T00:40:11.058000+00:00,1755878403000,1756082411058,2025,4614.852786,4688.01221,4382.839728671364,26.59141993582811,30.17094645759979,30.938247999999803,0.7673015424000127,2.30190091461024,-1.27762560716144,1.4775772447772824,1.4775772447772824,0.0,56.668905,WIN,WIN,False,RATCHETED_STOP,0,26.59141993582811,0.0,0.26934225477886736,18.118698046050575,0.5792108825284584,2.9677520031730062,<20,>=1%,favorable,1756080000000
oos,233,SOLUSDT,LONG,2025-08-22T16:00:03+00:00,2025-08-25T07:47:12.307000+00:00,1755878403000,1756108032307,2025,193.498692,200.60987,183.34861254850293,63.5378849881966,67.12098690639996,67.86497199999998,0.743985093600017,2.23194713700336,-1.3511547812000002,1.9863202151611055,1.9863202151611055,0.0,63.785918611111114,WIN,WIN,False,RATCHETED_STOP,0,63.5378849881966,0.0,0.6435728017177119,13.980118811966818,0.20294241853837533,0.894287929697591,<20,0.5–1%,favorable,1756094400000
oos,234,BTCUSDT,SHORT,2025-08-24T16:00:03+00:00,2025-08-27T14:30:11.275000+00:00,1756051203000,1756305011275,2025,114349.82546,112352.466,116298.75477613334,90.11976063634424,93.67615867399964,95.80262999999985,2.126471326000214,6.379402481684398,2.823004444029,2.9709263502113736,2.9709263502113736,0.2898897026809124,70.50229861111112,WIN,WIN,False,RATCHETED_STOP,0,90.11976063634424,0.0,0.9013274351069112,21.081994177402002,-0.0,0.12013366837861006,20–25,<0.25%,flat_or_adverse,1756296000000
oos,235,ADAUSDT,SHORT,2025-08-25T08:00:03+00:00,2025-08-27T14:30:16.666000+00:00,1756108803000,1756305016666,2025,0.8715256600000001,0.87637524,0.9322819739862303,-9.680488810519632,-7.833906296113853,-7.269202349999917,0.5647039461139363,1.6941127106462819,-0.1524698037594954,0.7509616203896231,0.7509616203896231,0.12466753664016803,54.503796111111114,SLOW_FAILURE,SLOW_FAILURE,False,RATCHETED_STOP,0,-9.680488810519632,0.0,-0.09642211062324164,13.356923879733811,-0.0,1.7324460761817349,<20,>=1%,flat_or_adverse,1756296000000
oos,236,XRPUSDT,SHORT,2025-08-25T08:00:03+00:00,2025-08-26T19:52:04.642000+00:00,1756108803000,1756237924642,2025,2.9368125199999997,3.05351058,3.0710221261018975,-86.78608388239509,-84.33181804958237,-83.46604035000028,0.8657776995820825,2.5973431146708417,0.1430772818581049,0.8688835574963432,0.8688835574963432,0.8695209187291573,35.86712277777778,SLOW_FAILURE,SLOW_FAILURE,False,RATCHETED_STOP,0,-86.78608388239509,0.0,-0.8645565875371106,15.95669458885124,-0.0,0.5744876421325048,<20,0.5–1%,flat_or_adverse,1756224000000
oos,237,SOLUSDT,LONG,2025-08-27T04:00:03+00:00,2025-08-29T18:01:16.666000+00:00,1756267203000,1756490476666,2025,201.94038,201.619668,190.22437336639442,-5.93308746444052,-2.6588307648001206,-1.9896960000000754,0.6691347648000452,2.0074045331635197,-1.26685216647688,1.3664741324129006,1.3664741324129006,0.10330994491998864,62.02046277777778,GIVEBACK_GE1R,GIVEBACK_GE1R,False,RATCHETED_STOP,0,-5.93308746444052,0.0,-0.0594443849830705,22.433848315419027,0.682890207791776,0.5101282749739989,20–25,0.5–1%,favorable,1756483200000
oos,238,ETHUSDT,LONG,2025-08-27T16:00:03+00:00,2025-08-28T16:59:10.531000+00:00,1756310403000,1756400350531,2025,4656.241062,4464.107,4447.0400948445895,-91.22244630283728,-88.47773555100004,-87.63775500000018,0.8399805509998544,2.5199521695306,-0.22475858230665,0.0,0.0,0.9184186125548268,24.98542527777778,NO_FOLLOW_THROUGH,NO_FOLLOW_THROUGH,False,RATCHETED_STOP,0,-91.22244630283728,0.0,-0.9143479099648206,17.41465666278598,0.0,0.24445203434357987,<20,<0.25%,flat_or_adverse,1756396800000
oos,239,ETHUSDT,SHORT,2025-08-28T20:00:03+00:00,2025-08-31T00:56:06.257000+00:00,1756411203000,1756601766257,2025,4435.292764000001,4457.131248,4639.014896068211,-12.493067159063436,-10.270639025199516,-9.43421799999976,0.8364210251997566,2.5092642077061593,0.28683607384224,0.8851407658527002,0.8851407658527002,0.3895857322631271,52.934238055555554,SLOW_FAILURE,SLOW_FAILURE,False,RATCHETED_STOP,0,-12.493067159063436,0.0,-0.126004243100846,13.301654796488148,-0.0,0.649658039123744,<20,0.5–1%,flat_or_adverse,1756598400000
oos,240,XRPUSDT,SHORT,2025-08-28T20:00:03+00:00,2025-09-02T14:00:19.285000+00:00,1756411203000,1756821619285,2025,2.94151158,2.83866762,3.052108407172142,87.2704485118761,88.42888776857997,89.42289200000008,0.9940042314201065,2.9820019635129595,1.823562706809081,2.224399978645744,2.224399978645744,0.3281144760465659,114.00452361111111,WIN,WIN,False,RATCHETED_STOP,0,87.2704485118761,0.0,0.8802586543483134,15.942557921038295,-0.0,0.3330954080418834,<20,0.25–0.5%,flat_or_adverse,1756814400000
oos,241,ADAUSDT,SHORT,2025-08-28T20:00:03+00:00,2025-09-01T07:34:07.777000+00:00,1756411203000,1756712047777,2025,0.84243148,0.83786754,0.887123981823234,8.716383784471539,9.825201654236096,10.548668060000034,0.7234664057639382,2.170397951451833,1.0615800816872756,1.0814225659408974,1.0814225659408974,0.529585926820851,83.5679936111111,WIN,WIN,False,RATCHETED_STOP,0,8.716383784471539,0.0,0.08794188761864935,8.457446835929368,-0.0,0.10679957280171021,<20,<0.25%,flat_or_adverse,1756699200000
oos,242,BTCUSDT,SHORT,2025-09-01T04:00:03+00:00,2025-09-01T08:00:03.250000+00:00,1756699203000,1756713603250,2025,107597.57618,109461.78798,109581.47848534171,-92.23314053006354,-86.68584869999954,-84.66719999999945,2.0186487000000852,6.055956260064,0.5086644300000001,0.1946044313575746,0.1946044313575746,0.9396691535568841,4.000069444444445,NO_FOLLOW_THROUGH,NO_FOLLOW_THROUGH,False,RATCHETED_STOP,0,-92.23314053006354,0.0,-0.919969687947918,32.08143798113919,-0.0,0.37344672088875874,25–35,0.25–0.5%,flat_or_adverse,1756713600000
oos,243,SOLUSDT,LONG,2025-09-03T00:00:03+00:00,2025-09-04T14:09:13.333000+00:00,1756857603000,1756994953333,2025,209.581908,204.779036,199.2633373805591,-47.11299804774251,-44.441454903200075,-43.67463199999999,0.7668229032000866,2.30047395055584,-0.37106919398659,0.3264107136752328,0.3264107136752328,0.46545904245216574,38.15287027777778,NO_FOLLOW_THROUGH,NO_FOLLOW_THROUGH,False,RATCHETED_STOP,0,-47.11299804774251,0.0,-0.4779085514339149,12.658349245674092,-0.8047359640235011,1.2169514173904663,<20,>=1%,flat_or_adverse,1756987200000
oos,244,ADAUSDT,SHORT,2025-09-04T16:00:03+00:00,2025-09-05T12:30:01.490000+00:00,1757001603000,1757075401490,2025,0.80743848,0.838932184930619,0.8387644320442103,-97.46495688852953,-94.84311918318227,-93.85151569676297,0.9916034864192937,2.974821721439941,0.35298401609268,0.16722492560184193,0.16722492560184193,1.0053550770355535,20.499580555555557,NO_FOLLOW_THROUGH,NO_FOLLOW_THROUGH,False,INITIAL_STOP_OR_GAP,0,-97.46495688852953,0.0,-0.9922270016400492,11.16538485153391,-0.0,0.7057075646898648,<20,0.5–1%,flat_or_adverse,1757073600000
oos,245,XRPUSDT,SHORT,2025-09-04T16:00:03+00:00,2025-09-05T12:30:10.918000+00:00,1757001603000,1757075410918,2025,2.8084382000000003,2.86667322,2.896024309729389,-65.37268110225686,-62.10767794750968,-60.897178549999694,1.2104993975099845,3.6315055001914263,0.3665023454442415,0.364649144695187,0.364649144695187,0.6648887612422353,20.502199444444443,NO_FOLLOW_THROUGH,NO_FOLLOW_THROUGH,False,RATCHETED_STOP,0,-65.37268110225686,0.0,-0.6656895788717018,14.110333018465607,-0.0,0.0035599857600486628,<20,<0.25%,flat_or_adverse,1757073600000
oos,246,ETHUSDT,SHORT,2025-09-04T20:00:03+00:00,2025-09-05T12:20:05.198000+00:00,1757016003000,1757074805198,2025,4272.9752340000005,4438.0813658636935,4437.193927078278,-98.26834811231382,-95.03508950074169,-94.03227642625671,1.0028130744849761,3.008450507328925,-0.2248081042432,0.0,0.015620840428792377,1.0054040058947047,16.33394388888889,NO_FOLLOW_THROUGH,NO_FOLLOW_THROUGH,False,INITIAL_STOP_OR_GAP,0,-98.26834811231382,0.0,-0.9980583807744081,16.801847211082734,-0.0,0.16776521293547175,<20,<0.25%,flat_or_adverse,1757073600000
oos,247,BTCUSDT,LONG,2025-09-05T08:00:03+00:00,2025-09-05T14:50:19.976000+00:00,1757059203000,1757083819976,2025,112922.58,110418.17757680721,110440.2656299332,-95.77416966192115,-90.9098079618983,-89.2883576334248,1.6214503284735002,4.864361700022861,0.0,0.16988984356105244,0.16988984356105244,1.0088981691410004,6.838048888888889,NO_FOLLOW_THROUGH,NO_FOLLOW_THROUGH,False,INITIAL_STOP_OR_GAP,0,-95.77416966192115,0.0,-0.9907684160548931,16.39209934401226,0.16578351980215394,0.3178916582004876,<20,0.25–0.5%,favorable,1757073600000
oos,248,SOLUSDT,SHORT,2025-09-06T20:00:03+00:00,2025-09-07T22:19:10+00:00,1757188803000,1757283550000,2025,199.60007199999998,205.49108999999999,206.864879379717,-77.03506859440323,-74.21975757840003,-73.19902800000003,1.020729578400008,3.0621975190833592,0.24688650308016002,0.0,0.0,0.810898031026595,26.31861111111111,NO_FOLLOW_THROUGH,NO_FOLLOW_THROUGH,False,RATCHETED_STOP,0,-77.03506859440323,0.0,-0.8062159318208607,12.516762080397353,-0.08038942433750514,0.5760080140245457,<20,0.5–1%,flat_or_adverse,1757275200000
oos,249,XRPUSDT,LONG,2025-09-07T16:00:03+00:00,2025-09-14T12:39:05+00:00,1757260803000,1757853545000,2025,2.89967982,3.0523894,2.825872635234451,159.60437038954353,172.43028444903442,174.29108217000024,1.8607977209658113,5.58237224796814,-7.243541811522768,3.8725251600900292,3.8725251600900292,0.6880064611772403,164.65055555555554,WIN,WIN,False,RATCHETED_STOP,1,173.92030643790284,-14.315936048359317,1.6798163845405736,13.431894746004158,0.5803841246516565,0.37425407885204315,<20,0.25–0.5%,favorable,1757851200000
oos,250,SOLUSDT,LONG,2025-09-08T00:00:03+00:00,2025-09-15T08:02:15.283000+00:00,1757289603000,1757923335283,2025,206.321256,235.49289199999998,199.66994451070585,442.8744418697774,451.3534586183997,452.93445199999985,1.5809933816001518,4.742925792665759,-3.73609095595658,6.499281242440724,6.499281242440724,0.11896240332054765,176.03674527777778,WIN,WIN,False,RATCHETED_STOP,1,388.92285342794503,53.95158844183236,4.675351566526046,11.498050151332665,-0.1616300651452815,0.40719375636240407,<20,0.25–0.5%,flat_or_adverse,1757923200000
oos,251,ADAUSDT,LONG,2025-09-08T12:00:03+00:00,2025-09-14T12:38:20+00:00,1757332803000,1757853500000,2025,0.8526705,0.9006198400000001,0.8267071546618917,142.07121145792658,152.61303035164627,154.19620279000006,1.5831724383537615,4.749498811517665,-5.792320082202029,3.9104937625652507,3.9104937625652507,0.09130179370686481,144.63805555555555,WIN,WIN,False,RATCHETED_STOP,1,159.372201742039,-17.300990284112423,1.4793747423888595,17.660746941745316,0.27244938845358346,0.49272641952136226,<20,0.25–0.5%,favorable,1757851200000
oos,252,BTCUSDT,LONG,2025-09-08T12:00:03+00:00,2025-09-15T00:08:09.120000+00:00,1757332803000,1757894889120,2025,112044.4044,115008.9936,110327.52896987331,110.53775609563644,126.22090266000014,129.21810000000002,2.997197339999879,8.991576513827999,-6.691570050535699,2.656742312203406,2.656742312203406,0.7743744110205483,156.13503333333333,WIN,WIN,False,RATCHETED_STOP,1,136.87907419523052,-26.34131809959408,1.152094872736498,9.764462050354117,0.0,0.3939404759779355,<20,0.25–0.5%,flat_or_adverse,1757894400000
oos,257,BTCUSDT,LONG,2025-09-17T08:00:03+00:00,2025-09-17T14:30:12.579000+00:00,1758096003000,1758119412579,2025,117143.9241,115417.19660312231,115440.28466005433,-100.03175947445665,-92.55259383264423,-90.05954222108807,2.4930516115561687,7.479165641812414,0.0,0.0,0.007440482829163778,1.0135521967798249,6.502660833333334,NO_FOLLOW_THROUGH,NO_FOLLOW_THROUGH,False,INITIAL_STOP_OR_GAP,0,-100.03175947445665,0.0,-0.986882794979281,24.214678246974852,0.25972861312771095,0.03295750957347844,20–25,<0.25%,favorable,1758110400000
oos,258,SOLUSDT,LONG,2025-09-18T00:00:03+00:00,2025-09-19T15:07:17.419000+00:00,1758153603000,1758294437419,2025,244.788948,235.82282600000002,234.8171743632814,-90.60946217604689,-87.06732090539984,-86.13390900000003,0.933411905399808,2.8002460522690797,-0.7418952183779699,0.8725681425379047,0.8725681425379047,0.8991501739454294,39.120671944444446,SLOW_FAILURE,SLOW_FAILURE,False,RATCHETED_STOP,0,-90.60946217604689,0.0,-0.9003663334583495,20.839352960391157,0.0,1.5852911133809993,20–25,>=1%,flat_or_adverse,1758283200000
oos,259,ADAUSDT,LONG,2025-09-18T00:00:03+00:00,2025-09-19T18:11:20+00:00,1758153603000,1758305480000,2025,0.91358268,0.8906218400000001,0.877521688195837,-65.69155321691936,-61.56637437792765,-60.59883091999988,0.9675434579277749,2.9026376456437104,-1.2225411933480002,0.6882040331773415,0.6882040331773415,0.6367223653939877,42.18805555555556,SLOW_FAILURE,SLOW_FAILURE,False,RATCHETED_STOP,0,-65.69155321691936,0.0,-0.6529190858271613,21.83429443584851,-0.3177407025789135,0.30380994088022467,20–25,0.25–0.5%,flat_or_adverse,1758297600000
oos,260,ETHUSDT,LONG,2025-09-18T00:00:03+00:00,2025-09-19T14:58:16.966000+00:00,1758153603000,1758293896966,2025,4589.227662,4483.0232160000005,4447.153026234063,-75.49294418460195,-71.48621260259982,-70.26490900000023,1.2213036025995905,3.66391923958908,-0.34281234241305997,0.37566408467116597,0.37566408467116597,0.7475257312992,38.97054611111111,NO_FOLLOW_THROUGH,NO_FOLLOW_THROUGH,False,RATCHETED_STOP,0,-75.49294418460195,0.0,-0.7506294463732534,22.673405101829673,-0.5726654836683777,0.24039404572499062,20–25,<0.25%,flat_or_adverse,1758283200000
oos,261,XRPUSDT,LONG,2025-09-18T00:00:03+00:00,2025-09-19T15:03:00.555000+00:00,1758153603000,1758294180555,2025,3.0837166199999997,3.0038991000000004,2.9888003774242438,-85.14100180433901,-80.3800738809593,-79.15397279999978,1.2261010809595234,3.678312741356736,-1.082615182022976,0.580336710611318,0.580336710611318,0.8409258292783155,39.04932083333333,SLOW_FAILURE,SLOW_FAILURE,False,RATCHETED_STOP,0,-85.14100180433901,0.0,-0.8467197553522612,15.785431173306284,-0.4670931665847637,0.08838793383068005,<20,<0.25%,flat_or_adverse,1758283200000
oos,262,ETHUSDT,SHORT,2025-09-19T16:00:03+00:00,2025-09-28T16:07:06.964000+00:00,1758297603000,1759075626964,2025,4471.395542,4039.4277239999997,4602.626155371011,310.2411254493185,313.43588321340053,315.17284500000017,1.7369617865996085,5.210847539058599,2.01608977497653,4.948506490357176,4.948506490357176,0.26940709253599887,216.11776777777777,WIN,WIN,False,RATCHETED_STOP,1,304.7985831142692,5.442542335049262,3.1535688523649545,17.36302963567148,0.19488069083898338,0.260045748374996,<20,0.25–0.5%,favorable,1759075200000
oos,263,ADAUSDT,SHORT,2025-09-21T12:00:03+00:00,2025-09-24T14:52:09.411000+00:00,1758456003000,1758725529411,2025,0.88152366,0.8291658,0.9125207313706948,110.06645462251501,114.04098166908051,115.57452980000038,1.5335481309198755,4.600630523816424,0.626103477250933,3.333336196970025,3.333336196970025,0.2508733779073028,74.8684475,WIN,WIN,False,RATCHETED_STOP,1,156.20625990547026,-46.139805282955244,1.1196770718229887,11.996978978525224,-0.0,0.34025178632187847,<20,0.25–0.5%,flat_or_adverse,1758715200000
oos,264,XRPUSDT,SHORT,2025-09-22T04:00:03+00:00,2025-09-24T14:31:09.142000+00:00,1758513603000,1758724269142,2025,2.9019195,2.89647918,2.978255283692579,3.222168698733246,6.69811436755193,8.125910759999652,1.4277963924477222,4.2833882022347085,0.8074425334160248,3.032909191479317,3.032909191479317,0.04559460624674995,58.51837277777778,WIN,WIN,False,RATCHETED_STOP,0,3.222168698733246,0.0,0.03231830165382808,24.619556626783382,1.1102991873155852,1.6536897953558893,20–25,>=1%,favorable,1758715200000
oos,265,SOLUSDT,SHORT,2025-09-22T08:00:03+00:00,2025-09-28T17:06:18.632000+00:00,1758528003000,1759079178632,2025,221.775636,205.34106,231.60157818219002,133.05141730996567,136.56504721679994,137.59665599999977,1.0316087831998573,3.09480983800128,-0.41882006883296996,3.1605758943187907,3.1605758943187907,0.21721723580550237,153.10434222222221,WIN,WIN,False,RATCHETED_STOP,1,161.80115054141487,-28.749733231449206,1.3038498664239369,18.391388970631578,1.9649539269364953,3.863667102475088,<20,>=1%,favorable,1759075200000
oos,268,ADAUSDT,SHORT,2025-09-25T12:00:03+00:00,2025-09-28T20:26:15.555000+00:00,1758801603000,1759091175555,2025,0.7807438200000001,0.79325862,0.8147134690246068,-37.19284993022269,-36.68524521371982,-35.76245657999996,0.9227886337198541,2.7683701926547895,2.2607654761519203,0.7961171450552873,0.7961171450552873,0.5580328482719531,80.43682083333333,SLOW_FAILURE,SLOW_FAILURE,False,RATCHETED_STOP,0,-37.19284993022269,0.0,-0.3602607161691473,56.314854391960864,0.020763214829338034,0.5889884763124119,>=35,0.5–1%,favorable,1759089600000
oos,269,BTCUSDT,SHORT,2025-09-25T20:00:03+00:00,2025-09-28T14:51:03.448000+00:00,1758830403000,1759071063448,2025,109298.63590000001,109771.84997999998,111581.62206369084,-24.027902760154987,-20.064276991998987,-18.206559999999754,1.857716991999233,5.573153160787199,1.6095273926312004,0.3209112309360557,0.3209112309360557,0.4167191703264426,66.85012444444445,NO_FOLLOW_THROUGH,NO_FOLLOW_THROUGH,False,RATCHETED_STOP,0,-24.027902760154987,0.0,-0.23056435350594404,43.62217500558437,1.0768989605211043,1.1292484026326262,>=35,>=1%,favorable,1759060800000
oos,271,ADAUSDT,SHORT,2025-09-30T16:00:03+00:00,2025-09-30T21:03:07.343000+00:00,1759248003000,1759266187343,2025,0.7826434400000001,0.8117662193124625,0.8116038985327559,-101.52544123058996,-98.29652690960398,-97.22022602475106,1.0763008848529267,3.2289143209859734,0.0,0.1085424803079242,0.1085424803079242,1.0056049105549547,5.051206388888889,NO_FOLLOW_THROUGH,NO_FOLLOW_THROUGH,False,INITIAL_STOP_OR_GAP,0,-101.52544123058996,0.0,-0.9955891733782898,26.408183488264168,-0.013935389283218422,0.12773023374632786,25–35,<0.25%,flat_or_adverse,1759262400000
oos,272,BTCUSDT,LONG,2025-10-01T12:00:03+00:00,2025-10-07T15:05:17.110000+00:00,1759320003000,1759849517110,2025,116760.14736,122401.21486,114771.29037972458,244.6419057091119,264.03797824999936,266.8738499999997,2.835871750000331,8.507583225138,-10.888489315749501,4.750644583147236,4.750644583147236,0.22558050400279314,147.0872527777778,WIN,WIN,False,RATCHETED_STOP,1,246.26341692371204,-1.6215112146001434,2.4181555451407064,42.412113031727564,1.0268074901191127,1.6591169194290087,>=35,>=1%,favorable,1759838400000
oos,273,ETHUSDT,LONG,2025-10-01T12:00:03+00:00,2025-10-07T16:22:11.784000+00:00,1759320003000,1759854131784,2025,4296.739176,4472.0454119999995,4154.873381821791,68.8449368345814,78.63107709899963,80.37429899999958,1.7432219009999557,5.229656058084119,-4.5564842063341,3.223192924332392,3.223192924332392,0.1445674492488105,148.36910666666665,WIN,WIN,False,RATCHETED_STOP,1,112.01529713689963,-43.17036030231822,0.6806653322578206,23.916588461648953,0.7391851627011637,1.1408605454528575,20–25,>=1%,favorable,1759852800000
oos,274,XRPUSDT,LONG,2025-10-01T12:00:03+00:00,2025-10-04T10:38:14.400000+00:00,1759320003000,1759574294400,2025,2.94318852,2.9853028200000002,2.8464361457335685,36.23175387104305,41.97509960421016,43.156880509999894,1.1817809057897364,3.545337538544339,-2.198008194622771,1.6104150537012631,1.6104150537012631,0.25207154020675715,70.6365,WIN,WIN,False,RATCHETED_STOP,0,36.23175387104305,0.0,0.3582828606631977,21.567690058875822,0.5547253473999045,0.9854895164304862,20–25,0.5–1%,favorable,1759564800000
oos,275,SOLUSDT,LONG,2025-10-02T00:00:03+00:00,2025-10-04T14:59:07.472000+00:00,1759363203000,1759589947472,2025,221.964384,226.9546,213.11166800964202,52.28816623125583,55.28211186960004,56.27674800000013,0.9946361304000959,2.9839016379902397,-0.010044000353969967,1.6848632686562506,1.6848632686562506,0.2919311997374373,62.98457555555556,WIN,WIN,False,RATCHETED_STOP,0,52.28816623125583,0.0,0.5126010241317834,23.34683884594529,0.545557954082686,0.4596458023523096,20–25,0.25–0.5%,favorable,1759579200000
oos,278,XRPUSDT,SHORT,2025-10-07T16:00:03+00:00,2025-10-12T16:05:07.027000+00:00,1759852803000,1760285107027,2025,2.8829233000000003,2.51490288,2.9802803028226554,356.92402176107834,359.58513828579606,360.8072271799999,1.222088894203882,3.666223385744739,1.0051068610270204,17.499750922935572,17.499750922935572,0.41575540358130975,120.08445194444444,WIN,WIN,False,RATCHETED_STOP,1,374.98407208209846,-18.06005032102013,3.415188080287694,21.003830585631516,0.7263874770966628,0.4976590948500038,20–25,0.25–0.5%,favorable,1760284800000
oos,279,ADAUSDT,SHORT,2025-10-08T04:00:03+00:00,2025-10-08T17:20:12.882000+00:00,1759896003000,1759944012882,2025,0.81223752,0.8494924243601621,0.8493225598481925,-103.96641711621436,-101.41777810037323,-100.51304776897949,0.9047303313937363,2.71420305574712,0.165564039905991,0.13314047983261604,0.13314047983261604,1.004580405270292,13.336078333333333,NO_FOLLOW_THROUGH,NO_FOLLOW_THROUGH,False,INITIAL_STOP_OR_GAP,0,-103.96641711621436,0.0,-0.9949590224413268,20.486447266614796,0.7312602406499159,0.529295913343177,20–25,0.5–1%,favorable,1759939200000
oos,280,ETHUSDT,SHORT,2025-10-10T16:00:03+00:00,2025-10-12T14:56:11.703000+00:00,1760112003000,1760280971703,2025,4099.669902,4022.9844359999997,4288.303586002497,38.270331515565395,41.06506704299995,41.93500499999997,0.869937957000019,2.6098088387993994,-0.18492668863514994,3.709146145874658,3.709146145874658,0.19302012889446793,46.93575083333333,WIN,WIN,False,RATCHETED_STOP,0,38.270331515565395,0.0,0.36613240084296433,30.819280617375323,1.0387939244084357,3.952464101763711,25–35,>=1%,favorable,1760270400000
oos,281,SOLUSDT,SHORT,2025-10-10T16:00:03+00:00,2025-10-12T16:01:02.162000+00:00,1760112003000,1760284862162,2025,210.527886,191.648322,221.6570734678832,153.5851089500247,172.0758981215999,172.80902399999982,0.7331258783999317,2.1993568981171197,-16.291432273458078,6.222187037448749,6.222187037448749,0.20865081181363804,48.01643388888889,WIN,WIN,False,RATCHETED_STOP,0,153.5851089500247,0.0,1.4696295406616111,22.55399889619365,0.6707547820769132,2.654573083863603,20–25,>=1%,favorable,1760284800000
oos,282,ADAUSDT,SHORT,2025-10-10T16:00:03+00:00,2025-10-12T16:02:08+00:00,1760112003000,1760284928000,2025,0.78244348,0.68353668,0.8202290866539267,260.8744446693004,264.7291735722399,265.5139385599999,0.7847649877599565,2.3542631016073727,-1.5004658013321548,13.44806991334075,13.44806991334075,0.17881200272585537,48.03472222222222,WIN,WIN,False,RATCHETED_STOP,0,260.8744446693004,0.0,2.4967422303177833,16.42775527274645,0.4689695798434399,1.4309441676249008,<20,>=1%,favorable,1760284800000
oos,284,BTCUSDT,SHORT,2025-10-14T12:00:03+00:00,2025-10-19T09:48:12.392000+00:00,1760443203000,1760867292392,2025,111219.15172,107526.501,115141.02459923085,94.22736495988325,98.59377422399976,99.76187999999985,1.1681057760000897,3.5043053565744002,-0.8621039075421001,1.9758803914928866,1.9758803914928866,0.6009751852187134,117.80260888888888,WIN,WIN,False,RATCHETED_STOP,0,94.22736495988325,0.0,0.8607967571243544,44.970367073600684,-0.0,0.05447612130016866,>=35,<0.25%,flat_or_adverse,1760860800000
oos,285,ETHUSDT,SHORT,2025-10-16T20:00:03+00:00,2025-10-19T08:19:06.176000+00:00,1760644803000,1760861946176,2025,3865.196806,3926.7852,4103.1642926827035,-29.369761096988647,-27.770206854599948,-27.06752700000009,0.7026798545998574,2.10804281190324,0.50848856951454,0.8160644494217576,0.8160644494217576,0.348212250148637,60.317548888888886,SLOW_FAILURE,SLOW_FAILURE,False,RATCHETED_STOP,0,-29.369761096988647,0.0,-0.2667842859382319,22.482399137958474,-0.4166626392322411,0.04623677886792613,20–25,<0.25%,flat_or_adverse,1760860800000
oos,286,SOLUSDT,SHORT,2025-10-17T08:00:03+00:00,2025-10-19T09:49:18.518000+00:00,1760688003000,1760867358518,2025,177.66446,188.247642,192.27249412205043,-80.37417914224022,-78.86798890040016,-78.32262200000015,0.5453669004000119,1.63611009991464,0.12991985807458,0.2508523713309641,0.2508523713309641,0.724476812661944,49.820977222222226,NO_FOLLOW_THROUGH,NO_FOLLOW_THROUGH,False,RATCHETED_STOP,0,-80.37417914224022,0.0,-0.7242197302011101,25.14081345886217,0.05215304900003694,2.380416432189093,25–35,>=1%,favorable,1760860800000
oos,287,ADAUSDT,LONG,2025-10-19T12:00:03+00:00,2025-10-21T08:37:12.307000+00:00,1760875203000,1761035832307,2025,0.64242846,0.63777242,0.6049529955547077,-15.412007067186057,-13.229878784175922,-12.502355359999884,0.727523424176038,2.182571772810643,0.0004434898005076099,0.8824851269896542,0.8824851269896542,0.12617482051230275,44.61925194444444,SLOW_FAILURE,SLOW_FAILURE,False,RATCHETED_STOP,0,-15.412007067186057,0.0,-0.1408709749056991,40.23814438552938,0.0,0.2647150420429827,>=35,0.25–0.5%,flat_or_adverse,1761033600000
oos,288,XRPUSDT,LONG,2025-10-20T08:00:03+00:00,2025-10-22T05:25:15.263000+00:00,1760947203000,1761110715263,2025,2.46979386,2.39981994,2.3529214397332012,-66.8552770863099,-63.68446114603182,-62.798079899999955,0.886381246031867,2.659151273865588,-0.511664666412492,0.6982497651174528,0.6982497651174528,0.5987205522078007,45.420073055555555,SLOW_FAILURE,SLOW_FAILURE,False,RATCHETED_STOP,0,-66.8552770863099,0.0,-0.6079738281562052,23.915226454232208,-0.2955870902779468,0.010124326732266693,20–25,<0.25%,flat_or_adverse,1761105600000
oos,289,ETHUSDT,SHORT,2025-10-21T08:00:03+00:00,2025-10-21T15:21:10.912000+00:00,1761033603000,1761060070912,2025,3889.7518940000004,4049.0553294117144,4048.245680275659,-108.64498181564292,-105.49073492963699,-104.43932347854138,1.0514114510956034,3.154246886005942,0.0,0.25068423774606,0.25068423774606,1.005108396708039,7.352197777777778,NO_FOLLOW_THROUGH,NO_FOLLOW_THROUGH,False,INITIAL_STOP_OR_GAP,0,-108.64498181564292,0.0,-0.9960497822176577,22.60800540062733,0.027516127953387592,0.41742492006210574,20–25,0.25–0.5%,favorable,1761048000000
oos,290,SOLUSDT,LONG,2025-10-21T16:00:03+00:00,2025-10-21T23:35:15.328000+00:00,1761062403000,1761089715328,2025,196.20923399999998,185.94098040103563,185.97817603624287,-108.31470593580084,-105.94886745947404,-105.1602588404423,0.7886086190317485,2.365838476326795,0.0,0.14473244167372903,0.14473244167372903,1.0036355609888052,7.586757777777778,NO_FOLLOW_THROUGH,NO_FOLLOW_THROUGH,False,INITIAL_STOP_OR_GAP,0,-108.31470593580084,0.0,-0.9955003278114698,20.75212518386686,0.26367833924173295,0.8869405647874448,20–25,0.5–1%,favorable,1761076800000
oos,291,ADAUSDT,LONG,2025-10-21T16:00:03+00:00,2025-10-21T23:31:08.291000+00:00,1761062403000,1761089468291,2025,0.68033604,0.6447004185159517,0.6448293843928303,-108.29459385568032,-105.93129298771117,-105.14353023746254,0.787762750248632,2.363300867969151,0.0,0.09755804766080167,0.09755804766080167,1.0036321606378655,7.518136388888889,NO_FOLLOW_THROUGH,NO_FOLLOW_THROUGH,False,INITIAL_STOP_OR_GAP,0,-108.29459385568032,0.0,-0.9955035102344585,25.684370366462975,0.2742389362890771,0.6909732431637808,25–35,0.5–1%,favorable,1761076800000
oos,292,BTCUSDT,LONG,2025-10-21T16:00:03+00:00,2025-10-21T22:24:15.501000+00:00,1761062403000,1761085455501,2025,113377.87104,109867.32565641418,109889.3035171176,-107.87697804746861,-103.9121433541403,-102.59053589331891,1.321607460821383,3.964834693328316,0.0,0.16113460791939838,0.16113460791939838,1.006299967123831,6.4034725,NO_FOLLOW_THROUGH,NO_FOLLOW_THROUGH,False,INITIAL_STOP_OR_GAP,0,-107.87697804746861,0.0,-0.9930572728801261,27.660702841248252,0.5280019207261744,0.45136879472665936,25–35,0.25–0.5%,favorable,1761076800000
oos,293,XRPUSDT,LONG,2025-10-24T08:00:03+00:00,2025-10-28T20:19:06.090000+00:00,1761292803000,1761682746090,2025,2.43988788,2.5994800000000002,2.3460710637669937,166.7335401618619,172.3616919712561,173.45021628000006,1.0885243087439562,3.2655521122060462,-2.3625996971881675,2.7395101466849643,2.7395101466849643,0.08407746411271932,108.317525,WIN,WIN,False,RATCHETED_STOP,0,166.7335401618619,0.0,1.5798191651491302,11.688029136536727,0.0,0.6025824964131968,<20,0.5–1%,flat_or_adverse,1761681600000
oos,294,ETHUSDT,LONG,2025-10-26T12:00:03+00:00,2025-10-28T19:20:08.060000+00:00,1761480003000,1761679208060,2025,4043.8886159999997,4063.477142,3917.700123705908,10.282537650801869,15.823611302800368,17.13343800000003,1.3098266971996626,3.9294780355874392,-1.6115956164110599,1.6571351333103386,1.6571351333103386,0.03874058490695367,55.334738888888886,WIN,WIN,False,RATCHETED_STOP,0,10.282537650801869,0.0,0.09595346812161742,18.696150193423332,-0.43396118745862644,1.5103584396054506,<20,>=1%,flat_or_adverse,1761667200000
oos,295,ADAUSDT,LONG,2025-10-26T12:00:03+00:00,2025-10-28T05:45:11.111000+00:00,1761480003000,1761630311111,2025,0.67323462,0.659868,0.649429749919809,-61.8939736163943,-57.55171205062798,-56.40374514,1.1479669106279786,3.4439075003334163,-0.8983540654329013,0.8429107124889202,0.8429107124889202,0.5615077904215438,41.752253055555556,SLOW_FAILURE,SLOW_FAILURE,False,RATCHETED_STOP,0,-61.8939736163943,0.0,-0.5777309580945057,12.67357297917874,-0.4478195187667554,1.4039518645074962,<20,>=1%,flat_or_adverse,1761624000000
oos,296,SOLUSDT,LONG,2025-10-26T12:00:03+00:00,2025-10-28T14:45:17.966000+00:00,1761480003000,1761662717966,2025,197.719536,196.70065200000002,190.52559905322101,-19.039704810156557,-14.529999058799795,-13.405057999999968,1.124941058799827,3.37482478500696,-1.1348809663498,1.0537295581099135,1.0537295581099135,0.14163093276153613,50.754157222222226,GIVEBACK_GE1R,GIVEBACK_GE1R,False,RATCHETED_STOP,0,-19.039704810156557,0.0,-0.17777175661801167,18.387221085136662,0.020936851680177365,1.2696646264353235,<20,>=1%,favorable,1761652800000
oos,297,ADAUSDT,SHORT,2025-10-30T16:00:03+00:00,2025-11-07T16:21:08.421000+00:00,1761840003000,1762532468421,2025,0.6026794400000001,0.54970992,0.6363230734303892,162.32584507361028,162.63776252265632,163.34542896000008,0.7076664373437609,2.122979710580524,1.811062261534476,3.36703942023333,3.36703942023333,0.511851968534564,192.35150583333333,WIN,WIN,False,RATCHETED_STOP,0,162.32584507361028,0.0,1.5276252007532907,27.52811210544255,0.6513384341660565,2.8704164592666306,25–35,>=1%,favorable,1762531200000
oos,298,ETHUSDT,SHORT,2025-10-30T16:00:03+00:00,2025-11-01T16:07:14.967000+00:00,1761840003000,1762013234967,2025,3770.8556780000004,3905.68098,3936.6357689254473,-85.41206515067968,-83.36248422659983,-82.41320699999997,0.949277226599861,2.84784156938484,0.7982606453049899,0.5619231928271388,0.5619231928271388,0.813278007312905,48.11999083333333,SLOW_FAILURE,SLOW_FAILURE,False,RATCHETED_STOP,0,-85.41206515067968,0.0,-0.80401248436101,25.737033407810628,0.48592411065345537,1.7072284780239704,25–35,>=1%,favorable,1762012800000
oos,299,SOLUSDT,SHORT,2025-10-30T16:00:03+00:00,2025-11-03T00:05:14.375000+00:00,1761840003000,1762128314375,2025,184.903012,188.307654,195.14025251492495,-37.11131201958424,-34.33240992800024,-33.57972000000012,0.752689928000116,2.2580738135663996,-0.5208282780176,0.6254626909141171,0.6254626909141171,0.5232843745528887,80.08649305555555,SLOW_FAILURE,SLOW_FAILURE,False,RATCHETED_STOP,0,-37.11131201958424,0.0,-0.34939595182779926,17.86554710663662,0.44944911750635996,1.2543930792105937,<20,>=1%,favorable,1762128000000
oos,300,XRPUSDT,SHORT,2025-10-30T16:00:03+00:00,2025-11-02T11:43:18.817000+00:00,1761840003000,1762083798817,2025,2.4520095000000004,2.55391068,2.575586642006475,-87.04933993057108,-84.87485829781166,-84.04096205999981,0.8338962378118424,2.5016987983514474,0.32721716559201114,0.6191233973997524,0.6191233973997524,0.824595700673031,67.72106027777778,SLOW_FAILURE,SLOW_FAILURE,False,RATCHETED_STOP,0,-87.04933993057108,0.0,-0.8196986724574629,28.00818817997356,0.6818921161564343,0.5117435981079783,25–35,0.5–1%,favorable,1762070400000
oos,301,ETHUSDT,SHORT,2025-11-03T04:00:03+00:00,2025-11-07T20:33:15.471000+00:00,1762142403000,1762547595471,2025,3733.993052,3455.691,3869.230308661298,205.88440665236263,207.5298401764,208.60211799999985,1.0722778235998476,3.2168084385458395,1.5713749145084501,5.020754404243346,5.020754404243346,0.2224013466594352,112.55346416666667,WIN,WIN,False,RATCHETED_STOP,0,205.88440665236263,0.0,1.9551892382013065,25.452598960956827,0.48669033291844094,2.739421591386792,25–35,>=1%,favorable,1762545600000
oos,302,SOLUSDT,SHORT,2025-11-03T04:00:03+00:00,2025-11-07T18:40:20+00:00,1762142403000,1762540820000,2025,177.384516,162.902574,185.94072784258088,168.84500210127038,172.47124005480003,173.2817699999998,0.810529945199761,2.4315690417875997,-1.1946689117420402,3.7066071508619456,3.7066071508619456,0.14439614431371334,110.67138888888888,WIN,WIN,False,RATCHETED_STOP,0,168.84500210127038,0.0,1.603779776922951,24.490609400288378,0.6525264159024986,2.5307180701161136,20–25,>=1%,favorable,1762531200000
oos,303,XRPUSDT,SHORT,2025-11-03T04:00:03+00:00,2025-11-05T20:49:11.272000+00:00,1762142403000,1762375751272,2025,2.4280143,2.3644727999999997,2.5242316427463116,63.75778027284831,66.81383641680038,67.82169840000023,1.0078619831998452,3.0235778109961915,-0.03247833295588484,3.767660690399775,3.767660690399775,0.24928665992409532,64.81896444444445,WIN,WIN,False,RATCHETED_STOP,0,63.75778027284831,0.0,0.605732350710129,22.927383105833098,0.480509878242663,1.8982911262095954,20–25,>=1%,favorable,1762372800000
oos,304,XRPUSDT,LONG,2025-11-10T04:00:03+00:00,2025-11-11T20:08:07.058000+00:00,1762747203000,1762891687058,2025,2.46089208,2.40811828,2.3343131595351636,-47.34857660157929,-44.152413440379796,-43.337698180000054,0.8147152603797423,2.444150981663781,-0.7520121795357101,0.9401875096024429,0.9401875096024429,0.41692408029866546,40.134460555555556,SLOW_FAILURE,SLOW_FAILURE,False,RATCHETED_STOP,0,-47.34857660157929,0.0,-0.4336166344221447,16.7515914771013,0.4798280278652368,2.6824906519265097,<20,>=1%,favorable,1762891200000
oos,305,ADAUSDT,LONG,2025-11-10T04:00:03+00:00,2025-11-11T14:03:15.384000+00:00,1762747203000,1762869795384,2025,0.58821762,0.57258546,0.5545683393490768,-51.46040497209345,-49.33760435846402,-48.604870159999905,0.7327341984641151,2.198208427976419,0.0754078143469852,0.5522370654152507,0.5522370654152507,0.4645614912891494,34.05344,SLOW_FAILURE,SLOW_FAILURE,False,RATCHETED_STOP,0,-51.46040497209345,0.0,-0.471365927813172,20.67118820628292,0.0,0.3911564625850288,20–25,0.25–0.5%,flat_or_adverse,1762862400000
oos,306,ETHUSDT,LONG,2025-11-10T04:00:03+00:00,2025-11-11T14:47:04.520000+00:00,1762747203000,1762872424520,2025,3627.165288,3504.84889,3461.188133718865,-80.83147153676413,-77.71983928919995,-76.81350599999992,0.9063332892000346,2.7190090852207196,-0.39262316234345995,0.12275612320409336,0.12275612320409336,0.7369471933035935,34.78375555555556,NO_FOLLOW_THROUGH,NO_FOLLOW_THROUGH,False,RATCHETED_STOP,0,-80.83147153676413,0.0,-0.7405580582569217,27.15275734818071,0.5736955665181334,0.056529112492926345,25–35,<0.25%,favorable,1762862400000
oos,307,SOLUSDT,SHORT,2025-11-11T16:00:03+00:00,2025-11-20T02:06:08.361000+00:00,1762876803000,1763604368361,2025,160.787836,142.77855,169.43917853660383,173.9075105919266,176.17241682380006,177.30073099999984,1.1283141761997868,3.3849212525122794,1.12001502063886,3.7090007549968527,3.7090007549968527,0.04417395316195755,202.10148916666665,WIN,WIN,False,RATCHETED_STOP,1,216.775105382585,-42.86759479065837,1.6099642654687254,19.229590309102853,-0.0,0.9763074435669381,<20,0.5–1%,flat_or_adverse,1763596800000
oos,308,BTCUSDT,SHORT,2025-11-11T16:00:03+00:00,2025-11-23T01:38:07.241000+00:00,1762876803000,1763861887241,2025,103396.51656,85617.01998,106309.64077012787,796.1095634066527,792.7994751480004,794.8553400000003,2.055864851999843,6.1674991733592,9.4775874320114,7.825452989867337,7.825452989867337,0.6523866827898083,273.6345113888889,WIN,WIN,False,RATCHETED_STOP,1,625.5986283418553,170.5109350647974,7.38851852789428,21.586610224563298,-0.0,0.16124010319366605,20–25,<0.25%,flat_or_adverse,1763856000000
oos,309,ADAUSDT,SHORT,2025-11-12T20:00:03+00:00,2025-11-23T13:55:12.727000+00:00,1762977603000,1763906112727,2025,0.54329132,0.41548308,0.5758172319217528,471.4887325176404,470.51534667231607,471.34861238,0.8332657076839283,2.4997405612185144,3.4731264065428364,4.789760249452354,4.789760249452354,0.8672679206615719,257.9193686111111,WIN,WIN,False,RATCHETED_STOP,1,418.38288622665175,53.10584629098864,4.322620491635078,15.16623475640124,0.2683757830094613,0.9477364740522817,<20,0.5–1%,favorable,1763899200000
oos,310,XRPUSDT,LONG,2025-11-13T04:00:03+00:00,2025-11-13T17:52:15.305000+00:00,1763006403000,1763056335305,2025,2.48289648,2.353528268598713,2.3539990684123953,-108.15024011664619,-105.48984091911397,-104.70109851814587,0.7887424009681041,2.366239767036934,-0.29415943049528404,0.3367291822652386,0.3367291822652386,1.0036525156547647,13.870084722222222,NO_FOLLOW_THROUGH,NO_FOLLOW_THROUGH,False,INITIAL_STOP_OR_GAP,0,-108.15024011664619,0.0,-0.998199479736476,17.11471849195797,0.0,0.5075733161456633,<20,0.5–1%,flat_or_adverse,1763049600000
oos,311,ETHUSDT,SHORT,2025-11-13T20:00:03+00:00,2025-11-23T01:53:05.169000+00:00,1763064003000,1763862785169,2025,3195.580756,2806.501188,3394.294659044224,195.93010984044565,195.4225155263998,196.26460399999985,0.842088473600052,2.5262418690475195,3.0338361830933804,2.8965298712486343,2.8965298712486343,0.3774232343637723,221.88393583333334,WIN,WIN,False,RATCHETED_STOP,1,211.72545880842716,-15.795348967981516,1.7745203794521172,16.378559234354412,0.9257582896656952,5.280283333802636,<20,>=1%,favorable,1763856000000
oos,315,XRPUSDT,SHORT,2025-11-20T20:00:03+00:00,2025-11-23T01:43:20+00:00,1763668803000,1763862200000,2025,2.00539884,1.99799952,2.1272783617900752,5.09058999341388,6.9836868768237785,7.739391239999777,0.7557043631759983,2.267112160801051,0.3740152773911526,1.5203443308479447,1.5203443308479447,0.3774314119744615,53.72138888888889,WIN,WIN,False,RATCHETED_STOP,0,5.09058999341388,0.0,0.043118035550625274,41.603746261809036,0.42641338948507307,0.9671951341110822,>=35,0.5–1%,favorable,1763856000000
oos,317,SOLUSDT,LONG,2025-11-26T20:00:03+00:00,2025-11-28T17:01:05.652000+00:00,1764187203000,1764349265652,2025,143.97878999999998,138.4723,136.24286467113177,-84.85488581338579,-82.50098642499978,-81.65462499999983,0.8463614249999551,2.5390940735549994,0.18519468516899995,0.03118049745127434,0.03118049745127434,0.7118075428483492,45.017403333333334,NO_FOLLOW_THROUGH,NO_FOLLOW_THROUGH,False,RATCHETED_STOP,0,-84.85488581338579,0.0,-0.7109456133967562,17.871488395905743,0.5300673335829093,2.3065166041406093,<20,>=1%,favorable,1764345600000
oos,318,ETHUSDT,LONG,2025-11-26T20:00:03+00:00,2025-11-29T10:20:06.846000+00:00,1764187203000,1764411606846,2025,3031.686216,2988.522176,2889.5229530326164,-38.207348398673695,-35.03625126800009,-34.05893200000003,0.9773192680000662,2.93196189107184,-0.23913523960175997,0.47349633509357253,0.47349633509357253,0.33676925388934204,62.334401666666665,NO_FOLLOW_THROUGH,NO_FOLLOW_THROUGH,False,RATCHETED_STOP,0,-38.207348398673695,0.0,-0.3201789484187895,18.770875800150463,0.45112554527019594,1.5598400570093744,<20,>=1%,favorable,1764403200000
oos,319,BTCUSDT,LONG,2025-11-27T00:00:03+00:00,2025-11-29T18:13:14.679000+00:00,1764201603000,1764439994679,2025,90456.0876,90136.969,87282.045338416,-15.853054754587058,-11.456357740000058,-10.1597,1.2966577400000574,3.8899744391640003,-0.506722575423,0.826678469835669,0.826678469835669,0.136005624507524,66.21991083333333,SLOW_FAILURE,SLOW_FAILURE,False,RATCHETED_STOP,0,-15.853054754587058,0.0,-0.13305803131337415,20.034918895244825,0.6961539756403634,0.08337194169272544,20–25,<0.25%,favorable,1764432000000
oos,320,SOLUSDT,LONG,2025-11-30T16:00:03+00:00,2025-11-30T23:53:03.177000+00:00,1764518403000,1764546783177,2025,138.307656,134.58307800000003,133.35571408770278,-88.92648317443562,-85.18184377559953,-83.93363399999971,1.2482097755998183,3.7446393988360804,0.0,0.29934599925715144,0.29934599925715144,0.7521449293964214,7.8833825,NO_FOLLOW_THROUGH,NO_FOLLOW_THROUGH,False,RATCHETED_STOP,0,-88.92648317443562,0.0,-0.7516211945399319,14.291421557906414,0.0,0.0506182659628268,<20,<0.25%,flat_or_adverse,1764532800000
oos,321,ADAUSDT,SHORT,2025-12-01T04:00:03+00:00,2025-12-02T14:48:17.134000+00:00,1764561603000,1764686897134,2025,0.38572284,0.4062379390046786,0.406156707663146,-117.7828380440283,-114.65117876294258,-113.76598907858326,0.8851896843593181,2.655582704997839,-0.47607657608787246,0.7449808450827718,0.7449808450827718,1.003975328746946,34.80392611111111,SLOW_FAILURE,SLOW_FAILURE,False,INITIAL_STOP_OR_GAP,0,-117.7828380440283,0.0,-1.0011608930137996,15.731263434054446,1.3032720044645174,6.530189168178284,<20,>=1%,favorable,1764676800000
oos,322,SOLUSDT,SHORT,2025-12-01T04:00:03+00:00,2025-12-02T14:45:15.502000+00:00,1764561603000,1764686715502,2025,126.864622,132.8289240459058,132.80236357319117,-117.54619048802775,-114.24381996850744,-113.24895929904761,0.9948606694598254,2.984595598254544,-0.31777492126575996,0.6424365144523918,0.6424365144523918,1.004473160777922,34.75347277777778,SLOW_FAILURE,SLOW_FAILURE,False,INITIAL_STOP_OR_GAP,0,-117.54619048802775,0.0,-0.9993458770294229,16.27542427086652,1.4613445017449425,4.736385846008358,<20,>=1%,favorable,1764676800000
oos,323,ETHUSDT,SHORT,2025-12-01T04:00:03+00:00,2025-12-02T15:04:17.086000+00:00,1764561603000,1764687857086,2025,2824.245038,2934.275422605984,2933.6886848690106,-116.58903555321716,-113.54035387491508,-112.35191491633205,1.1884389585830348,3.565330357979589,0.51664867967752,0.9701343206068164,0.9701343206068164,1.0053610945336635,35.07057944444445,SLOW_FAILURE,SLOW_FAILURE,False,INITIAL_STOP_OR_GAP,0,-116.58903555321716,0.0,-0.9914215671633276,20.51538108252123,0.6850114875547402,2.4723874256584586,20–25,>=1%,favorable,1764676800000
oos,324,BTCUSDT,SHORT,2025-12-01T04:00:03+00:00,2025-12-02T14:27:13.498000+00:00,1764561603000,1764685633498,2025,86301.83618000001,88759.01751241472,88741.26925856301,-116.59010099178475,-112.04746875811068,-110.45091819047317,1.5965505676375074,4.789664957024467,0.2470327233504,1.0313200235367879,1.0313200235367879,1.0072755649694485,34.45291611111111,GIVEBACK_GE1R,GIVEBACK_GE1R,False,INITIAL_STOP_OR_GAP,0,-116.59010099178475,0.0,-0.9919629767680873,19.214764176969684,0.055696177771575775,1.0198773853325862,<20,>=1%,favorable,1764676800000
oos,325,ETHUSDT,LONG,2025-12-03T16:00:03+00:00,2025-12-05T16:07:18.987000+00:00,1764777603000,1764950838987,2025,3085.456968,3064.197038,2956.2157114916895,-22.383769109585863,-18.083696458000144,-17.03751800000017,1.046178457999975,3.1385374185021595,-1.16153523308356,1.1901233101220239,1.1901233101220239,0.17592654709711933,48.1211075,GIVEBACK_GE1R,GIVEBACK_GE1R,False,RATCHETED_STOP,0,-22.383769109585863,0.0,-0.19612211351274986,27.0371752520324,0.6744449357587311,0.01620829605425241,25–35,<0.25%,favorable,1764950400000
oos,326,ADAUSDT,LONG,2025-12-04T00:00:03+00:00,2025-12-05T09:26:06.666000+00:00,1764806403000,1764926766666,2025,0.44988996,0.43131372,0.4267827102837152,-92.74237876237112,-89.46650813270385,-88.61770463999987,0.8488034927039791,2.546421112236557,-0.7294495174307114,0.25143797169013204,0.25143797169013204,0.8039139329899754,33.434351666666664,NO_FOLLOW_THROUGH,NO_FOLLOW_THROUGH,False,RATCHETED_STOP,0,-92.74237876237112,0.0,-0.8081739541755892,25.084107319422507,0.3041192115267811,0.6224988883948354,25–35,0.5–1%,favorable,1764921600000
oos,327,SOLUSDT,LONG,2025-12-04T00:00:03+00:00,2025-12-04T19:23:19.583000+00:00,1764806403000,1764876199583,2025,144.648924,137.682458,137.57470150771604,-112.45308850913355,-109.40556194359995,-108.51878599999993,0.8867759436000142,2.6603408530543193,-0.3871857124792799,0.31396750701898324,0.31396750701898324,0.9847677264319171,19.38793972222222,NO_FOLLOW_THROUGH,NO_FOLLOW_THROUGH,False,RATCHETED_STOP,0,-112.45308850913355,0.0,-0.9801329873861135,27.75303791168374,0.25832830248331773,0.27658691743880903,25–35,0.25–0.5%,favorable,1764864000000
oos,328,XRPUSDT,SHORT,2025-12-05T12:00:03+00:00,2025-12-07T17:18:18.571000+00:00,1764936003000,1765127898571,2025,2.06738644,2.07311454,2.1510607338873737,-11.917335538028112,-7.431337360370306,-6.357003730000164,1.074333630370142,3.223001653950448,-1.2629965237073568,0.9523407524329807,0.9523407524329807,0.3754266518494098,53.30432527777778,SLOW_FAILURE,SLOW_FAILURE,False,RATCHETED_STOP,0,-11.917335538028112,0.0,-0.1056070306132578,21.746492160830645,-0.0,0.004836057645795867,20–25,<0.25%,flat_or_adverse,1765123200000
oos,329,SOLUSDT,SHORT,2025-12-05T20:00:03+00:00,2025-12-07T17:29:13.571000+00:00,1764964803000,1765128553571,2025,132.383518,134.096814,139.06877329038758,-30.672003125434404,-27.996798606399764,-27.125893999999946,0.8709046063998187,2.6127170743072794,-0.06248744472736,0.7230117310478643,0.7230117310478643,0.2562798166381853,45.486269722222225,SLOW_FAILURE,SLOW_FAILURE,False,RATCHETED_STOP,0,-30.672003125434404,0.0,-0.2721457783868403,20.86782259256289,-0.0,1.1763595166162961,20–25,>=1%,flat_or_adverse,1765123200000
oos,330,ADAUSDT,LONG,2025-12-07T20:00:03+00:00,2025-12-07T22:07:04.526000+00:00,1765137603000,1765145224526,2025,0.43178634,0.4124516979686159,0.4125342048095778,-111.5338893227529,-108.6864438930285,-107.73729972594572,0.9491441670827783,2.8474454297243987,0.0,0.05265182225108812,0.05265182225108812,1.0042855943065963,2.1170905555555555,NO_FOLLOW_THROUGH,NO_FOLLOW_THROUGH,False,INITIAL_STOP_OR_GAP,0,-111.5338893227529,0.0,-0.9948950251073287,20.428590755159284,-0.18783462748256335,2.455408848737549,20–25,>=1%,flat_or_adverse,1765137600000
oos,331,ETHUSDT,LONG,2025-12-07T20:00:03+00:00,2025-12-11T14:30:20+00:00,1765137603000,1765463420000,2025,3137.3973539999997,3164.367,3008.334271625577,17.83373263188673,22.543927091400388,23.597457000000013,1.053529908599625,3.1605868941051596,-1.5496075654084995,2.3920290784964373,2.3920290784964373,0.9870936882664046,90.50472222222223,WIN,WIN,False,RATCHETED_STOP,0,17.83373263188673,0.0,0.15911622724524302,20.408196944736893,-0.5781101640467384,2.173892252221236,20–25,>=1%,flat_or_adverse,1765454400000
oos,332,BTCUSDT,LONG,2025-12-07T20:00:03+00:00,2025-12-07T22:07:14.757000+00:00,1765137603000,1765145234757,2025,91398.07596,88954.01752399027,88971.81188636755,-111.02373160635528,-106.31654196642313,-104.74748294301178,1.5690590234113557,4.707189639932146,0.0,0.03096284564257016,0.03096284564257016,1.0073340583865766,2.1199325,NO_FOLLOW_THROUGH,NO_FOLLOW_THROUGH,False,INITIAL_STOP_OR_GAP,0,-111.02373160635528,0.0,-0.9921355509263827,28.154398271119533,-0.11973147687708403,1.228281554874873,25–35,>=1%,flat_or_adverse,1765137600000
oos,333,SOLUSDT,LONG,2025-12-07T20:00:03+00:00,2025-12-07T22:07:11.474000+00:00,1765137603000,1765145231474,2025,135.687132,129.97516748819444,130.0011677217388,-111.4096790273725,-108.38509780796144,-107.37690836323412,1.0081894447273214,3.0245812194110626,0.0,0.11306226499836795,0.11306226499836795,1.0045727043421213,2.1190205555555557,NO_FOLLOW_THROUGH,NO_FOLLOW_THROUGH,False,INITIAL_STOP_OR_GAP,0,-111.4096790273725,0.0,-0.994629602587665,21.99296148003275,-0.5213089653377119,0.9693351024620357,20–25,0.5–1%,flat_or_adverse,1765137600000
oos,334,ADAUSDT,LONG,2025-12-09T16:00:03+00:00,2025-12-11T01:03:15.687000+00:00,1765296003000,1765414995687,2025,0.46679334,0.4417781548704673,0.4418665281761025,-109.52040205705848,-107.41805167428122,-106.63775406090943,0.7802976133717863,2.3409056366459415,0.23855525386867943,0.6782520010758653,0.6782520010758653,1.0035453112198844,33.05352416666667,SLOW_FAILURE,SLOW_FAILURE,False,INITIAL_STOP_OR_GAP,0,-109.52040205705848,0.0,-0.9934209997647823,17.573300899051493,1.0389203806441771,4.928219412899082,<20,>=1%,favorable,1765411200000
oos,335,BTCUSDT,LONG,2025-12-09T16:00:03+00:00,2025-12-11T02:18:14.618000+00:00,1765296003000,1765419494618,2025,92695.43538,89922.85904523125,89940.84721467418,-109.60310767462494,-105.08064308773548,-103.6964005638482,1.3842425238872806,4.1527400152297576,-0.3697245716597,0.6750789985261032,0.6750789985261032,1.0065302572883186,34.30322722222222,SLOW_FAILURE,SLOW_FAILURE,False,INITIAL_STOP_OR_GAP,0,-109.60310767462494,0.0,-0.9962112778596236,20.287028197995394,0.06951620269174108,0.4470369639036139,20–25,0.25–0.5%,favorable,1765411200000
oos,336,SOLUSDT,LONG,2025-12-09T20:00:03+00:00,2025-12-11T00:34:17.730000+00:00,1765310403000,1765413257730,2025,142.108416,135.17360325148826,135.20064338016428,-111.3125385782436,-108.38280148394037,-107.51608874008869,0.8667127438516786,2.600151133486595,-0.32958596081664,0.06682096030123306,0.06682096030123306,1.0039144497313612,28.570758333333334,NO_FOLLOW_THROUGH,NO_FOLLOW_THROUGH,False,INITIAL_STOP_OR_GAP,0,-111.3125385782436,0.0,-0.9981954465376162,17.842912159869766,0.6076149603797999,1.9566441441441447,<20,>=1%,favorable,1765411200000
oos,337,ADAUSDT,SHORT,2025-12-12T16:00:03+00:00,2025-12-17T14:55:08.421000+00:00,1765555203000,1765983308421,2025,0.40801838,0.3915783,0.4334189412077668,66.44307807439057,67.6807219129761,68.33908252000002,0.6583606070239227,1.9750736203820978,0.7374297817965776,1.2644752112870281,1.2644752112870281,0.30241930235979086,118.9181725,WIN,WIN,False,RATCHETED_STOP,0,66.44307807439057,0.0,0.619475930715631,19.28524603484249,0.09479069366707367,0.1470227885322199,<20,<0.25%,favorable,1765972800000
oos,338,BTCUSDT,SHORT,2025-12-15T00:00:03+00:00,2025-12-17T14:52:10.259000+00:00,1765756803000,1765983130259,2025,88101.17624,88161.52878,90142.4306475177,-6.889209914448433,-2.975380221999634,-1.2374299999995695,1.7379502220000647,5.2138508144915985,1.3000211220428,1.4834879125539593,1.4834879125539593,0.916702863253349,62.86868305555556,GIVEBACK_GE1R,GIVEBACK_GE1R,False,RATCHETED_STOP,0,-6.889209914448433,0.0,-0.06403607510779868,17.57598124499492,0.44894556282512393,0.33364049442343746,<20,0.25–0.5%,favorable,1765972800000
oos,339,XRPUSDT,SHORT,2025-12-15T00:00:03+00:00,2025-12-17T14:54:11.632000+00:00,1765756803000,1765983251632,2025,1.97670458,1.94848962,2.03780614119329,41.66489988168857,47.228742215896204,48.54281290000023,1.3140706841040242,3.942206227174452,-1.62163610703318,2.0638520119163206,2.0638520119163206,0.5989277407206213,62.90239777777778,WIN,WIN,False,RATCHETED_STOP,0,41.66489988168857,0.0,0.3873233665498989,17.774051784924517,0.33220328742434624,0.18209408194232804,<20,<0.25%,favorable,1765972800000
oos,340,SOLUSDT,SHORT,2025-12-15T16:00:03+00:00,2025-12-17T14:52:16.062000+00:00,1765814403000,1765983136062,2025,126.754644,130.12601999999998,132.7240173956502,-62.36081468855514,-59.512203427199715,-58.60530399999988,0.9068994271998321,2.7207053142364797,-0.12790594711894,0.540198072104142,0.540198072104142,0.5647788765327788,46.870295,SLOW_FAILURE,SLOW_FAILURE,False,RATCHETED_STOP,0,-62.36081468855514,0.0,-0.5723666222139367,13.566755303469705,0.6510748105872026,0.7493295472472021,<20,0.5–1%,favorable,1765972800000
oos,341,SOLUSDT,SHORT,2025-12-17T20:00:03+00:00,2025-12-22T00:10:19.696000+00:00,1766001603000,1766362219696,2025,122.295536,126.895374,129.15559303891405,-71.56966293897146,-70.11349069880008,-69.35383000000017,0.7596606987999053,2.2789904188595997,0.8228181786882199,0.8142113058704534,0.8142113058704534,0.9773189875781734,100.17130444444444,SLOW_FAILURE,SLOW_FAILURE,False,RATCHETED_STOP,0,-71.56966293897146,0.0,-0.6654692186586958,19.063398327852877,0.3345217845966632,2.003106859619003,<20,>=1%,favorable,1766361600000
oos,342,ADAUSDT,SHORT,2025-12-17T20:00:03+00:00,2025-12-19T16:33:15.294000+00:00,1766001603000,1766161995294,2025,0.36852628,0.37947588,0.38944853722869943,-56.511587948786314,-54.73236287624002,-53.98457652000016,0.7477863562398568,2.2433655468691818,0.4641404743228904,1.062327059506361,1.062327059506361,0.5233469735273226,44.553415,GIVEBACK_GE1R,GIVEBACK_GE1R,False,RATCHETED_STOP,0,-56.511587948786314,0.0,-0.5255485131545579,34.07375535293447,0.6283414445962642,1.9804666304937681,25–35,>=1%,favorable,1766160000000
oos,343,ETHUSDT,SHORT,2025-12-17T20:00:03+00:00,2025-12-18T13:48:18.749000+00:00,1766001603000,1766065698749,2025,2818.456196,2960.907996061569,2960.315932874994,-107.2822831992884,-104.63084714522242,-103.78186269668305,0.8489844485393689,2.546965799441533,-0.10447025462445,0.09852123166079066,0.09852123166079066,1.0041735815927593,17.80437472222222,NO_FOLLOW_THROUGH,NO_FOLLOW_THROUGH,False,INITIAL_STOP_OR_GAP,0,-107.2822831992884,0.0,-0.9978983630892119,34.436433230554606,0.5695443804981366,1.8087910294748786,25–35,>=1%,favorable,1766059200000
oos,344,XRPUSDT,SHORT,2025-12-18T08:00:03+00:00,2025-12-18T13:43:07.826000+00:00,1766044803000,1766065387826,2025,1.83993194,1.9159180877766655,1.9155349807805095,-107.17183825700127,-104.08500457408036,-103.05606413534947,1.028940438730885,3.0868336829209055,0.0,0.042748809659428934,0.042748809659428934,1.0050673490404731,5.718007222222222,NO_FOLLOW_THROUGH,NO_FOLLOW_THROUGH,False,INITIAL_STOP_OR_GAP,0,-107.17183825700127,0.0,-0.9960880191777595,29.384593419946835,0.4559049479930998,0.3097321088952909,25–35,0.25–0.5%,favorable,1766059200000
oos,345,XRPUSDT,SHORT,2025-12-18T20:00:03+00:00,2025-12-19T15:16:12.528000+00:00,1766088003000,1766157372528,2025,1.8048389599999999,1.8967213517328696,1.8963420833162064,-107.0931311148122,-104.39845493465529,-103.55730296399844,0.8411519706568527,2.5234683388467545,-0.1712078413101476,0.3774620881589358,0.3774620881589358,1.0041448685347343,19.269313333333333,NO_FOLLOW_THROUGH,NO_FOLLOW_THROUGH,False,INITIAL_STOP_OR_GAP,0,-107.0931311148122,0.0,-0.9985501186015043,26.247250157673843,0.467402087487996,1.113450033237315,25–35,>=1%,favorable,1766145600000
oos,346,BTCUSDT,SHORT,2025-12-18T20:00:03+00:00,2025-12-19T03:32:15.802000+00:00,1766088003000,1766115135802,2025,84430.1106,87536.02519886427,87518.52149456536,-106.38611763636955,-103.11636468229378,-101.97451361956985,1.14185106272393,3.425565425113376,0.15581247103760001,0.0,0.006964941108660808,1.0056675438911689,7.536889444444444,NO_FOLLOW_THROUGH,NO_FOLLOW_THROUGH,False,INITIAL_STOP_OR_GAP,0,-106.38611763636955,0.0,-0.994075401457854,20.31457281388455,0.23437895560027436,0.9642734496192913,20–25,0.5–1%,favorable,1766102400000
oos,347,ADAUSDT,SHORT,2025-12-21T16:00:03+00:00,2025-12-22T12:33:15.454000+00:00,1766332803000,1766406795454,2025,0.36072784,0.37637526,0.3772164056451518,-97.60370093901938,-94.83257840089581,-93.93912640000009,0.8934520008957207,2.6803672753831678,-0.09075526274039677,0.11691981228014624,0.11691981228014624,0.9489861238840301,20.553459444444446,NO_FOLLOW_THROUGH,NO_FOLLOW_THROUGH,False,RATCHETED_STOP,0,-97.60370093901938,0.0,-0.9436839996003958,16.257449394738554,-0.0,1.5802606043803666,<20,>=1%,flat_or_adverse,1766404800000
oos,348,BTCUSDT,LONG,2025-12-22T12:00:03+00:00,2025-12-23T03:07:05.582000+00:00,1766404803000,1766459225582,2025,89923.18104,87853.44134557244,87871.01554868217,-102.24423603566157,-96.8638176992095,-95.19983232167408,1.6639853775354254,4.991967556586874,-0.3884507798652,0.3293199124823113,0.3293199124823113,1.008563735811797,15.117383888888888,NO_FOLLOW_THROUGH,NO_FOLLOW_THROUGH,False,INITIAL_STOP_OR_GAP,0,-102.24423603566157,0.0,-0.9948376762444854,18.714511764100262,0.3131967701293115,0.10144018366011877,<20,<0.25%,favorable,1766448000000
oos,349,XRPUSDT,SHORT,2025-12-23T08:00:03+00:00,2025-12-28T07:07:20+00:00,1766476803000,1766905640000,2025,1.87972398,1.87927578,1.9403405536553466,-2.6026725375959177,0.7176889899001934,1.921523400000144,1.2038344100999505,3.611502999717192,0.29114147222108105,0.9291844887216291,0.9291844887216291,0.4103831427596017,119.12138888888889,COST_FLIP,COST_FLIP,False,RATCHETED_STOP,0,-2.6026725375959177,0.0,-0.02554660702331395,20.97813836657537,-0.0,0.15424711451518017,20–25,<0.25%,flat_or_adverse,1766894400000
oos,350,SOLUSDT,SHORT,2025-12-23T16:00:03+00:00,2025-12-25T16:25:06.400000+00:00,1766505603000,1766679906400,2025,123.265342,124.27485,127.92664782642868,-23.432519225918814,-21.160902892799932,-20.12313599999987,1.037766892800061,3.1133030931763197,0.8416867600574401,0.5911094664455955,0.5911094664455955,0.5008592199127861,48.417611111111114,SLOW_FAILURE,SLOW_FAILURE,False,RATCHETED_STOP,0,-23.432519225918814,0.0,-0.23008570150506044,10.121548309771708,-1.1470634743792436,0.24334847501622092,<20,<0.25%,flat_or_adverse,1766678400000
oos,351,ETHUSDT,SHORT,2025-12-23T16:00:03+00:00,2025-12-26T02:15:15.548000+00:00,1766505603000,1766715315548,2025,2926.804522,2970.5839979999996,3029.607452232984,-43.7733183836746,-41.46791966719972,-40.35071999999992,1.117199667199806,3.3516038436863997,1.04620512721152,0.389624322081322,0.389624322081322,0.5927406724876487,58.25348555555556,NO_FOLLOW_THROUGH,NO_FOLLOW_THROUGH,False,RATCHETED_STOP,0,-43.7733183836746,0.0,-0.4299486779414305,20.49402319955036,-1.1860988251170512,0.08907251852332873,20–25,<0.25%,flat_or_adverse,1766707200000
oos,352,ADAUSDT,SHORT,2025-12-25T12:00:03+00:00,2025-12-27T20:05:03.076000+00:00,1766664003000,1766865903076,2025,0.35062986,0.35897177999999996,0.3655182091755799,-57.62767099702415,-55.27389976775965,-54.3335320999999,0.9403676677597517,2.8211095233038517,0.467338294039356,0.7878549771817233,0.7878549771817233,0.6226439137527083,56.083354444444446,SLOW_FAILURE,SLOW_FAILURE,False,RATCHETED_STOP,0,-57.62767099702415,0.0,-0.5629457885695719,14.83206940884739,0.1687113449660226,0.34217279726261157,<20,0.25–0.5%,favorable,1766865600000
oos,353,SOLUSDT,SHORT,2025-12-26T00:00:03+00:00,2025-12-26T02:32:17.948000+00:00,1766707203000,1766716337948,2025,119.92601,124.14327774691053,124.11845405609931,-102.27661903181607,-98.84432145208882,-97.70022616685556,1.1440952852332629,3.432297579727253,0.0,0.18509728206653936,0.18509728206653936,1.0059210547544704,2.5374855555555555,NO_FOLLOW_THROUGH,NO_FOLLOW_THROUGH,False,INITIAL_STOP_OR_GAP,0,-102.27661903181607,0.0,-0.99529771415663,12.01854997409194,0.22310429417813168,0.4668611921634033,<20,0.25–0.5%,favorable,1766707200000
oos,354,BTCUSDT,LONG,2025-12-26T04:00:03+00:00,2025-12-26T15:10:13.756000+00:00,1766721603000,1766761813756,2025,88813.95924,86807.43504000001,86728.59106270797,-95.46300292605713,-90.49424141999934,-88.91013999999974,1.5841014199995982,4.7523149292168,-0.21644657684100002,0.3565992653468374,0.3565992653468374,0.9621918190990989,11.169654444444445,NO_FOLLOW_THROUGH,NO_FOLLOW_THROUGH,False,RATCHETED_STOP,0,-95.46300292605713,0.0,-0.9502690536204689,10.540076873220228,0.0,0.22771244715426683,<20,<0.25%,flat_or_adverse,1766750400000
oos,355,ETHUSDT,LONG,2025-12-29T04:00:03+00:00,2025-12-29T09:42:06.894000+00:00,1766980803000,1767001326894,2025,3042.90846,2970.0814088841244,2970.675543992923,-98.9087621921695,-93.92504782414495,-92.37406091232752,1.5509869118174322,4.652971820339912,-0.33074254768464,0.18124064102184695,0.18124064102184695,1.0082252682245358,5.701081666666667,NO_FOLLOW_THROUGH,NO_FOLLOW_THROUGH,False,INITIAL_STOP_OR_GAP,0,-98.9087621921695,0.0,-0.9946787685762776,18.384275149844793,0.7821350851790759,2.705518850869421,<20,>=1%,favorable,1766995200000
oos,356,SOLUSDT,LONG,2025-12-29T04:00:03+00:00,2025-12-29T12:05:10.187000+00:00,1766980803000,1767009910187,2025,128.555706,124.612281236296,124.6372086780316,-99.01155426203702,-95.04245194241166,-93.82211004642147,1.2203418959901882,3.661036946625352,-0.30806537300000003,0.14400775441044703,0.14400775441044703,1.0063614798447986,8.085329722222221,NO_FOLLOW_THROUGH,NO_FOLLOW_THROUGH,False,INITIAL_STOP_OR_GAP,0,-99.01155426203702,0.0,-0.996101317020595,13.481067564337902,1.3109125827085601,2.2720199190787547,<20,>=1%,favorable,1767009600000
oos,357,BTCUSDT,LONG,2025-12-29T04:00:03+00:00,2025-12-29T09:36:06.290000+00:00,1766980803000,1767000966290,2025,90109.5183,88550.95390251343,88568.66763604064,-98.64094796959563,-91.7994430119588,-89.6948262372062,2.1046167747526,6.313861087636823,-0.52764387,0.17125715435779504,0.17125715435779504,1.0114960741761279,5.600913888888889,NO_FOLLOW_THROUGH,NO_FOLLOW_THROUGH,False,INITIAL_STOP_OR_GAP,0,-98.64094796959563,0.0,-0.9938832320187883,10.659947056386601,0.5671952480898483,2.234725545999852,<20,>=1%,favorable,1766995200000
oos,358,XRPUSDT,LONG,2025-12-29T04:00:03+00:00,2025-12-29T09:45:10.350000+00:00,1766980803000,1767001510350,2025,1.91448282,1.8684861928993528,1.8688599648923312,-98.84276511447692,-93.82519406647067,-92.28187676159514,1.5433173048755293,4.629962988452254,-0.38760805955399996,0.05517366228088183,0.05517366228088183,1.0081926480071512,5.752041666666667,NO_FOLLOW_THROUGH,NO_FOLLOW_THROUGH,False,INITIAL_STOP_OR_GAP,0,-98.84276511447692,0.0,-0.9952840861637837,17.874468345715005,0.5946060814493144,1.7083746930672237,<20,>=1%,favorable,1766995200000
oos,359,SOLUSDT,LONG,2025-12-31T12:00:03+00:00,2026-01-07T15:17:08.421000+00:00,1767182403000,1767799028421,2026,126.705336,136.09277600000001,123.14870374609144,226.61206607528555,236.82097886800045,238.6028199999999,1.7818411319994518,5.3454947636616,-4.863418029053281,4.708011063443076,4.708011063443076,0.9237210274943611,171.28483916666667,WIN,WIN,False,RATCHETED_STOP,1,232.39182080388431,-5.779754728598761,2.348920769755285,12.971620004067834,0.2965015984870281,0.1578656563264684,<20,<0.25%,favorable,1767787200000
oos,360,ADAUSDT,SHORT,2025-12-31T16:00:03+00:00,2026-01-01T17:30:20+00:00,1767196803000,1767288620000,2026,0.34203158,0.35357069999999996,0.35585770915720644,-80.57366467019965,-77.24591329985572,-76.31460731999977,0.9313059798559493,2.7939270973208776,-0.5338242730230606,1.0437903361027112,1.0437903361027112,0.8345878928800224,25.504722222222224,GIVEBACK_GE1R,GIVEBACK_GE1R,False,RATCHETED_STOP,0,-80.57366467019965,0.0,-0.8373969914249216,19.67545574473113,0.5742235069609548,1.6954106986261244,<20,>=1%,favorable,1767283200000
oos,361,XRPUSDT,SHORT,2025-12-31T20:00:03+00:00,2026-01-01T17:21:09.152000+00:00,1767211203000,1767288069152,2026,1.8269345399999999,1.8695840835383364,1.8692102414900384,-97.02626864180677,-91.0346616660238,-89.45663512101966,1.5780265450041355,4.7340903698088255,-1.257516605974145,0.38638128816972583,0.38638128816972583,1.0088429531650946,21.35170888888889,NO_FOLLOW_THROUGH,NO_FOLLOW_THROUGH,False,INITIAL_STOP_OR_GAP,0,-97.02626864180677,0.0,-1.0057037312259403,12.108377709894643,0.37133802250813475,0.8318739054290774,<20,0.5–1%,favorable,1767283200000
oos,362,ADAUSDT,LONG,2026-01-02T04:00:03+00:00,2026-01-07T14:31:14.634000+00:00,1767326403000,1767796274634,2026,0.36227244000000003,0.40091980000000005,0.3473437404292075,206.04451975218842,213.17432296727227,214.4498481600001,1.2755251927278088,3.8265498442022206,-3.3032533708816443,5.02572643010305,5.02572643010305,0.48044640231307445,130.51989833333334,WIN,WIN,False,RATCHETED_STOP,1,231.48226793159387,-25.437748179405446,2.1629229593753676,22.639218399681816,0.0,0.24157923799006478,20–25,<0.25%,flat_or_adverse,1767787200000
oos,363,BTCUSDT,LONG,2026-01-02T12:00:03+00:00,2026-01-06T18:00:04.194000+00:00,1767355203000,1767722404194,2026,89476.19166,91458.2047,87997.43255974678,68.80326472069117,80.17370853800037,82.84288999999983,2.6691814619994645,8.0075344448532,-3.3629093724560004,3.5733395243993344,3.5733395243993344,0.7269552287562759,102.00033166666667,WIN,WIN,False,RATCHETED_STOP,1,106.66538165205571,-37.86211693136455,0.7226720295531746,15.159840625604662,0.0,0.41393587850428964,<20,0.25–0.5%,flat_or_adverse,1767715200000
oos,364,ETHUSDT,LONG,2026-01-02T12:00:03+00:00,2026-01-07T14:31:07.374000+00:00,1767355203000,1767796267374,2026,3047.299338,3180.073858,2980.487984758188,162.44211281768943,173.6334603500006,175.945508,2.312047649999404,6.93612183653904,-4.255225695772119,3.9020413350473526,3.9020413350473526,0.44392661667326466,122.51788166666667,WIN,WIN,False,RATCHETED_STOP,1,167.83099651131857,-5.388883693629132,1.7058041297243627,28.988147412300027,0.19588589703291384,0.27176945547640874,25–35,0.25–0.5%,favorable,1767787200000
oos,369,SOLUSDT,LONG,2026-01-09T04:00:03+00:00,2026-01-15T15:25:05.161000+00:00,1767931203000,1768490705161,2026,140.75814599999998,142.881418,134.76917179389628,29.02237766494565,34.20973380960023,35.12372400000011,0.913990190399879,2.741966356353119,-2.44538978830146,1.3427765295439271,1.3427765295439271,0.9848340962946261,155.41726694444444,WIN,WIN,False,RATCHETED_STOP,0,29.02237766494565,0.0,0.2898708821309835,22.45020934227862,0.0,0.5187237973424216,20–25,0.5–1%,flat_or_adverse,1768478400000
oos,370,XRPUSDT,SHORT,2026-01-12T00:00:03+00:00,2026-01-13T16:33:19.666000+00:00,1768176003000,1768321999666,2026,2.0726853800000002,2.1083215799999997,2.141142333099296,-53.15209787568639,-49.63221420501924,-48.46759907999961,1.1646151250196297,3.493851191171889,-0.026032479495260205,0.5724090574577918,0.5724090574577918,0.5205636299399665,40.554629444444444,SLOW_FAILURE,SLOW_FAILURE,False,RATCHETED_STOP,0,-53.15209787568639,0.0,-0.5317231112376415,14.310521545254513,1.321236293717421,0.28942163909120555,<20,0.25–0.5%,favorable,1768320000000
oos,371,BTCUSDT,LONG,2026-01-13T16:00:03+00:00,2026-01-16T15:00:09.913000+00:00,1768320003000,1768575609913,2026,93426.58158,95060.984,91499.32221079718,72.20505229993273,78.77819664399993,80.59522000000028,1.8170233560003481,5.451060396573599,-1.1220839474936,2.3377851948716435,2.3377851948716435,0.21625609228320475,71.00192027777777,WIN,WIN,False,RATCHETED_STOP,0,72.20505229993273,0.0,0.7213366913327892,16.163352836445306,0.48203432168424665,0.7829102249381351,<20,0.5–1%,favorable,1768564800000
oos,372,ADAUSDT,LONG,2026-01-13T16:00:03+00:00,2026-01-15T15:25:17.272000+00:00,1768320003000,1768490717272,2026,0.40618122,0.39872024,0.38795418189535996,-42.916874151966375,-39.55612387834003,-38.70265090000015,0.8534729783398802,2.560423579338108,-0.800326694288241,1.1476785136403862,1.1476785136403862,0.40933584256350836,47.42063111111111,GIVEBACK_GE1R,GIVEBACK_GE1R,False,RATCHETED_STOP,0,-42.916874151966375,0.0,-0.4288238281520914,10.999289582159019,0.06062002791258601,0.6402363949766046,<20,0.5–1%,favorable,1768478400000
oos,373,ETHUSDT,LONG,2026-01-13T20:00:03+00:00,2026-01-15T18:41:10.178000+00:00,1768334403000,1768502470178,2026,3215.102892,3274.704928,3131.9676424435415,61.728702603252366,67.83307717160025,69.3102900000001,1.4772128283998427,4.431630167965199,-1.6727444003826901,2.2693996710970783,2.2693996710970783,0.3173490443675529,46.68532722222222,WIN,WIN,False,RATCHETED_STOP,0,61.728702603252366,0.0,0.6143944490870948,15.513479362287999,0.5664241588635477,0.8203580705875,<20,0.5–1%,favorable,1768492800000
oos,374,ADAUSDT,SHORT,2026-01-15T20:00:03+00:00,2026-01-17T14:33:10.769000+00:00,1768507203000,1768660390769,2026,0.39212156,0.39857970000000004,0.41290563901669125,-32.42745014221019,-30.396262754260263,-29.65195170000013,0.7443110542601339,2.232936721014204,0.201749333064281,0.6698184696478433,0.6698184696478433,0.31072533908351946,42.55215805555556,SLOW_FAILURE,SLOW_FAILURE,False,RATCHETED_STOP,0,-32.42745014221019,0.0,-0.3217758970636146,16.91260247008661,-0.0,0.22947475777664758,<20,<0.25%,flat_or_adverse,1768651200000
oos,375,XRPUSDT,SHORT,2026-01-15T20:00:03+00:00,2026-01-21T21:07:19.534000+00:00,1768507203000,1769029639534,2026,2.06398712,1.98409674,2.1498498273238438,51.20176287055104,54.86533485068418,56.06717795999999,1.20184310931581,3.605522599886645,-0.05804938024649368,2.6016780388424436,2.6016780388424436,0.2493851017210298,145.12125944444443,WIN,WIN,False,RATCHETED_STOP,1,87.48008529274401,-36.278322422192964,0.5081701775406916,17.175616288920867,-0.0,0.13078860685913218,<20,<0.25%,flat_or_adverse,1769025600000
oos,376,ETHUSDT,LONG,2026-01-17T16:00:03+00:00,2026-01-18T23:48:17.676000+00:00,1768665603000,1768780097676,2026,3328.795626,3284.013066,3240.673539307545,-52.549629367078595,-48.02481734400011,-46.60650400000004,1.418313344000076,4.25494562478048,-0.26986639829799997,0.44466007865602314,0.44466007865602314,0.5081876936969353,31.804076666666667,NO_FOLLOW_THROUGH,NO_FOLLOW_THROUGH,False,RATCHETED_STOP,0,-52.549629367078595,0.0,-0.5243751457560005,17.164804242739454,0.4350736320533702,0.08383085997241584,<20,<0.25%,favorable,1768766400000
oos,377,ADAUSDT,SHORT,2026-01-19T00:00:03+00:00,2026-01-21T21:07:15.555000+00:00,1768780803000,1769029635555,2026,0.37522494,0.36867372,0.39179358319299895,36.42529119430747,38.381913006216145,39.25357676000023,0.8716637537840839,2.6149865509227883,0.658364739014112,2.059609806457745,2.059609806457745,0.0,69.12015416666667,WIN,WIN,False,RATCHETED_STOP,0,36.42529119430747,0.0,0.36212084119705057,16.528646679554644,0.43309628629767843,3.649440596696854,<20,>=1%,favorable,1769025600000
oos,378,SOLUSDT,SHORT,2026-01-19T00:00:03+00:00,2026-01-27T16:06:05.252000+00:00,1768780803000,1769529965252,2026,137.762442,125.56510800000001,141.9394762369457,274.9205966976846,279.6584933835996,281.1408659999997,1.4823726164000757,4.447084112296079,-0.29081257361891977,4.9706181041938855,4.9706181041938855,0.0,208.10062555555555,WIN,WIN,False,RATCHETED_STOP,1,275.1916896042926,-0.2710929066080432,2.7337499238481717,16.58188682260582,0.6073055624617518,2.075622323826122,<20,>=1%,favorable,1769529600000
oos,379,BTCUSDT,SHORT,2026-01-19T04:00:03+00:00,2026-01-23T16:41:13.761000+00:00,1768795203000,1769186473761,2026,92638.16866,90345.76554,94358.86330798842,122.94607589305515,124.93597004000014,126.9305,1.994529959999852,5.9835746483399985,3.993680501395,3.1572531862937216,3.1572531862937216,0.4305420144510088,108.6863225,WIN,WIN,False,RATCHETED_STOP,0,122.94607589305515,0.0,1.2070588733620977,19.71293892552489,1.4301547760415976,0.8972377574829977,<20,0.5–1%,favorable,1769184000000
oos,382,BTCUSDT,SHORT,2026-01-25T12:00:03+00:00,2026-01-27T04:12:12.104000+00:00,1769342403000,1769487132104,2026,88513.19382,88964.88942,90075.32973978054,-32.671198163439385,-27.372753360000388,-25.221720000000705,2.1510333599996834,6.4531031066064,1.1546583031674,1.594927681036885,1.594927681036885,0.28915255982556426,40.20252888888889,GIVEBACK_GE1R,GIVEBACK_GE1R,False,RATCHETED_STOP,0,-32.671198163439385,0.0,-0.3164351918178201,39.51170362948421,-0.0,0.07793880109792051,>=35,<0.25%,flat_or_adverse,1769486400000
oos,383,ADAUSDT,SHORT,2026-01-25T16:00:03+00:00,2026-01-27T20:17:15+00:00,1769356803000,1769545035000,2026,0.3519296,0.3585717,0.36406688872250376,-56.60150063502306,-54.20297594358987,-53.04336635000005,1.1596095935898205,3.4788351459739615,1.0803104545407716,1.6008188026355152,1.6008188026355152,0.5472474250105681,52.28666666666667,GIVEBACK_GE1R,GIVEBACK_GE1R,False,RATCHETED_STOP,0,-56.60150063502306,0.0,-0.5461269926136407,26.421796224988153,-0.0,0.42613636363636404,25–35,0.25–0.5%,flat_or_adverse,1769544000000
oos,384,ETHUSDT,SHORT,2026-01-25T20:00:03+00:00,2026-01-26T07:18:03.585000+00:00,1769371203000,1769411883585,2026,2810.3478179999997,2901.600297386189,2901.0200933675155,-107.08888786804255,-102.79591802854237,-101.50902017850642,1.286897850035956,3.8607057311895248,-0.43226410831065004,0.2889286487386999,0.2889286487386999,1.0063989131884241,11.3001625,NO_FOLLOW_THROUGH,NO_FOLLOW_THROUGH,False,INITIAL_STOP_OR_GAP,0,-107.08888786804255,0.0,-0.998891858955128,33.21372626435463,0.7734124255260024,3.829734248817108,25–35,>=1%,favorable,1769400000000
oos,385,SOLUSDT,SHORT,2026-01-29T04:00:03+00:00,2026-02-13T15:11:02.857000+00:00,1769659203000,1770995462857,2026,122.965402,82.20643799999999,127.14926826674672,1063.1871543377117,1087.0830472436003,1088.237766,1.1547187563997454,3.4640256806680796,-20.43186722522048,13.307165776905183,13.307165776905183,0.23055182419825748,371.18329361111114,WIN,WIN,False,RATCHETED_STOP,1,930.512130560335,132.67502377737665,10.407591047587662,20.98126075998703,-0.0,0.056915196357433445,20–25,<0.25%,flat_or_adverse,1770984000000
oos,386,ADAUSDT,SHORT,2026-01-29T12:00:03+00:00,2026-02-02T14:30:08.235000+00:00,1769688003000,1770042608235,2026,0.34633072,0.29915981999999997,0.36012808173127975,326.4055915748053,330.68014725435216,331.7614880800001,1.081340825647925,3.2439826655654294,-1.030573013981418,5.619242396481598,5.619242396481598,0.048507824396796156,98.50145416666666,WIN,WIN,False,RATCHETED_STOP,1,331.45327280707903,-5.047681232273717,3.201357533456664,15.662544488255488,-0.0,0.02887669650591654,<20,<0.25%,flat_or_adverse,1770033600000
oos,387,XRPUSDT,SHORT,2026-01-29T16:00:03+00:00,2026-02-13T15:30:11.764000+00:00,1769702403000,1770996611764,2026,1.7996400000000001,1.4077815,1.868229091210274,567.7956238791711,579.4691320451002,580.5754075,1.106275454899876,3.3187566956511,-8.354751470278023,9.946771242506406,9.946771242506406,0.6103011318763425,359.5024344444444,WIN,WIN,False,RATCHETED_STOP,1,558.8076936697789,8.987930209392138,5.472290112246611,15.573145228306695,0.366412618965616,3.5611111111111136,<20,>=1%,favorable,1770984000000
oos,388,ETHUSDT,SHORT,2026-01-29T16:00:03+00:00,2026-02-07T04:14:16.434000+00:00,1769702403000,1770437656434,2026,2822.095468,2107.761468,2932.6984622480354,610.6378498509652,616.2838366149998,617.3214649999998,1.0376283849999695,3.1128110764242,-2.533175687610501,9.819584681083725,9.819584681083725,0.3325817013371996,204.237065,WIN,WIN,False,RATCHETED_STOP,1,638.4942571538966,-27.856407302931423,5.887275836859525,20.989484909696298,-0.0,3.5271819035303684,20–25,>=1%,flat_or_adverse,1770436800000
oos,392,BTCUSDT,SHORT,2026-02-05T04:00:03+00:00,2026-02-08T23:05:10.167000+00:00,1770264003000,1770591910167,2026,71184.7602,71704.338,74947.42860707398,-20.084946063774876,-15.951038459999973,-15.0737,0.8773384599999723,2.6320171888440003,-1.5018904149309003,3.025714458015005,3.025714458015005,0.2018885848595735,91.08532416666667,GIVEBACK_GE1R,GIVEBACK_GE1R,False,RATCHETED_STOP,0,-20.084946063774876,0.0,-0.1687661462209546,63.70571959561453,1.5951325511338175,0.8976262273714986,>=35,0.5–1%,favorable,1770580800000
oos,394,ADAUSDT,SHORT,2026-02-09T12:00:03+00:00,2026-02-12T09:33:06.666000+00:00,1770638403000,1770888786666,2026,0.26154768,0.265053,0.27922263635070876,-26.103776758476823,-23.487095202479853,-22.781407600000094,0.7056876024797596,2.117065541208912,-0.49961601478805784,0.642020255939415,0.642020255939415,0.6762291098682534,69.55101833333333,SLOW_FAILURE,SLOW_FAILURE,False,RATCHETED_STOP,0,-26.103776758476823,0.0,-0.21531820040964908,32.51424778176353,0.3858673506433979,1.949541284403667,25–35,>=1%,favorable,1770883200000
oos,395,ETHUSDT,SHORT,2026-02-10T08:00:03+00:00,2026-02-13T14:49:16.701000+00:00,1770710403000,1770994156701,2026,2005.658788,2001.30018,2151.1879696017795,0.44745611637183336,3.5317800624000033,4.181147999999882,0.6493679375998789,1.9481033110622399,-1.13622063496593,0.7688409071533718,0.7688409071533718,0.27789074022735677,78.8204725,WIN,WIN,False,RATCHETED_STOP,0,0.44745611637183336,0.0,0.0037126326908483863,24.59412361863853,-0.0,0.09720595199521674,20–25,<0.25%,flat_or_adverse,1770984000000
oos,396,ADAUSDT,LONG,2026-02-14T04:00:03+00:00,2026-02-16T05:39:20+00:00,1771041603000,1771220360000,2026,0.27725544,0.27714456,0.2643674593752208,-4.2827431947351675,-1.0069685619843214,0.0,1.0069685619843214,3.0209056859519996,-0.25486894679884675,1.896694347367457,1.896694347367457,0.2836317113149476,49.65472222222222,GIVEBACK_GE1R,GIVEBACK_GE1R,False,RATCHETED_STOP,0,-4.2827431947351675,0.0,-0.03537344943427082,18.73082898001117,0.33771735953715326,0.8661133164922458,<20,0.5–1%,favorable,1771214400000
oos,397,XRPUSDT,LONG,2026-02-14T12:00:03+00:00,2026-02-17T14:40:14.698000+00:00,1771070403000,1771339214698,2026,1.47069408,1.4439111599999999,1.4041346905856082,-47.5616713760999,-47.19537249364807,-46.16818328,1.0271892136480716,3.081573181125993,2.715274298674164,2.983890353372998,2.983890353372998,0.4023913115135784,74.6699161111111,GIVEBACK_GE1R,GIVEBACK_GE1R,False,RATCHETED_STOP,0,-47.5616713760999,0.0,-0.39166756561673666,17.684595006929868,0.13602294132161566,2.856559885737607,<20,>=1%,favorable,1771329600000
oos,398,BTCUSDT,LONG,2026-02-14T12:00:03+00:00,2026-02-15T17:45:03.912000+00:00,1771070403000,1771177503912,2026,70478.89296,68675.36218000001,67894.95803600953,-84.86025679678438,-81.15888509999938,-79.90649999999987,1.2523850999995148,3.75716488878,0.05579319199499999,0.17787098108887892,0.17787098108887892,0.6979784062110685,29.750253333333333,NO_FOLLOW_THROUGH,NO_FOLLOW_THROUGH,False,RATCHETED_STOP,0,-84.86025679678438,0.0,-0.6992927200948411,20.304493556178667,-0.2051877148045286,1.2904315346101924,20–25,>=1%,flat_or_adverse,1771171200000
oos,399,ETHUSDT,LONG,2026-02-14T12:00:03+00:00,2026-02-15T12:51:15.758000+00:00,1771070403000,1771159875758,2026,2098.639644,2033.9431299999999,2004.1220911568557,-83.24480165402797,-80.22367735999997,-79.19879999999986,1.0248773600001044,3.0746415838559993,0.053517289828000025,0.04327615217448842,0.04327615217448842,0.6844920552203312,24.85354388888889,NO_FOLLOW_THROUGH,NO_FOLLOW_THROUGH,False,RATCHETED_STOP,0,-83.24480165402797,0.0,-0.6859018796727334,18.899332693040694,-0.4355038332287633,1.1702776639246522,<20,>=1%,flat_or_adverse,1771156800000
oos,400,ETHUSDT,SHORT,2026-02-15T16:00:03+00:00,2026-02-18T08:16:07.500000+00:00,1771171203000,1771402567500,2026,2009.84795,2022.4044,2102.4936856962854,-19.306651863459276,-15.855029414999764,-14.836725,1.0183044149997649,3.0549150254069994,-0.39670742305251006,0.8960795591515692,0.8960795591515692,0.14519880379706712,64.26791666666666,SLOW_FAILURE,SLOW_FAILURE,False,RATCHETED_STOP,0,-19.306651863459276,0.0,-0.15950070206399472,21.45034646468937,-0.0,1.1988558636985402,20–25,>=1%,flat_or_adverse,1771401600000
oos,401,BTCUSDT,SHORT,2026-02-15T20:00:03+00:00,2026-02-20T09:02:08.336000+00:00,1771185603000,1771578128336,2026,68250.04725999999,68013.49998,70580.82404544049,8.216141256953946,11.638126175999945,12.978960000000143,1.3408338240001978,4.022499914524799,0.6005149954788002,1.138825166176669,1.138825166176669,0.7983830762448227,109.03481555555555,WIN,WIN,False,RATCHETED_STOP,0,8.216141256953946,0.0,0.06844111665988963,22.953156994351385,-0.013291766094259387,0.6233190162839346,20–25,0.5–1%,flat_or_adverse,1771574400000
oos,402,ETHUSDT,SHORT,2026-02-18T20:00:03+00:00,2026-02-21T11:10:16.645000+00:00,1771444803000,1771672216645,2026,1939.442034,1981.126146,2031.8084138132688,-56.06760646984438,-52.40526560640018,-51.41948000000012,0.9857856064000572,2.9573629895376,-0.7049778739065998,0.3674717366710522,0.3674717366710522,0.5139095642371508,63.170456944444446,NO_FOLLOW_THROUGH,NO_FOLLOW_THROUGH,False,RATCHETED_STOP,0,-56.06760646984438,0.0,-0.46713569584687936,12.819135104140235,0.10305645686253359,0.009794723221745035,<20,<0.25%,favorable,1771660800000
oos,403,XRPUSDT,SHORT,2026-02-19T16:00:03+00:00,2026-02-20T16:24:18.095000+00:00,1771516803000,1771604658095,2026,1.39632068,1.43868768,1.4633088119447528,-76.72240675675144,-73.47929118399969,-72.49591359999972,0.9833775839999674,2.950141451509632,-0.29297412124211203,0.29439065439627915,0.29439065439627915,0.6324553136508009,24.404193055555556,NO_FOLLOW_THROUGH,NO_FOLLOW_THROUGH,False,RATCHETED_STOP,0,-76.72240675675144,0.0,-0.6390565525730778,21.524146070570335,0.35827350695127647,0.5370184734354747,20–25,0.5–1%,favorable,1771603200000
oos,404,ADAUSDT,SHORT,2026-02-19T16:00:03+00:00,2026-02-20T15:01:04.615000+00:00,1771516803000,1771599664615,2026,0.269946,0.27985596,0.282506685314338,-94.64429703816238,-91.55178202958395,-90.53593191999977,1.0158501095841785,3.04756119306383,-0.04495381551459801,0.24250269183346224,0.24250269183346224,0.7889665055685955,23.017115277777776,NO_FOLLOW_THROUGH,NO_FOLLOW_THROUGH,False,RATCHETED_STOP,0,-94.64429703816238,0.0,-0.7885033039613396,15.912958363950946,0.23187598689120853,0.40740740740740367,<20,0.25–0.5%,favorable,1771588800000
oos,405,ADAUSDT,LONG,2026-02-20T16:00:03+00:00,2026-02-22T05:48:03.752000+00:00,1771603203000,1771739283752,2026,0.28885776,0.27512620322450215,0.27518123947239664,-116.60966181642914,-114.54062876520199,-113.59974832699514,0.9408804382068467,2.8226549465896023,0.7536218953624517,0.3540549652396518,0.3540549652396518,1.004024141065954,37.80020888888889,NO_FOLLOW_THROUGH,NO_FOLLOW_THROUGH,False,INITIAL_STOP_OR_GAP,0,-116.60966181642914,0.0,-0.9887477019406673,16.774869003876407,0.0,1.6360803324099844,<20,>=1%,flat_or_adverse,1771732800000
oos,406,SOLUSDT,LONG,2026-02-21T16:00:03+00:00,2026-02-22T13:39:07.142000+00:00,1771689603000,1771767547142,2026,86.53730399999999,83.893218,83.11581363212083,-89.97577268836842,-87.04780606619958,-85.92563699999998,1.1221690661996035,3.3665175096764397,0.4385508875076,0.038783099097912326,0.038783099097912326,0.7727877958747397,21.651150555555557,NO_FOLLOW_THROUGH,NO_FOLLOW_THROUGH,False,RATCHETED_STOP,0,-89.97577268836842,0.0,-0.7677139407938652,15.881546896418588,-0.27906815236789634,0.9824318076745195,<20,0.5–1%,flat_or_adverse,1771761600000
oos,407,XRPUSDT,SHORT,2026-02-22T16:00:03+00:00,2026-02-25T12:52:10.476000+00:00,1771776003000,1772023930476,2026,1.3920215400000002,1.39997994,1.441144072842084,-23.533513598130224,-17.99122699391932,-16.728875119999664,1.2623518739196555,3.787057629225014,-1.755228974985891,1.6391976419224183,1.6391976419224183,0.6652437915824232,68.86874333333333,GIVEBACK_GE1R,GIVEBACK_GE1R,False,RATCHETED_STOP,0,-23.533513598130224,0.0,-0.20272778421658724,18.27659732362508,-0.0,1.5513897866838928,<20,>=1%,flat_or_adverse,1772020800000
oos,408,ADAUSDT,SHORT,2026-02-22T16:00:03+00:00,2026-02-25T12:01:03.636000+00:00,1771776003000,1772020863636,2026,0.27154568,0.2715543,0.2823307813200582,-3.7873991675385152,-0.08916219231615233,1.034364179999886,1.1235263723160382,3.370578992824298,-0.3276579823980648,1.6824765444022862,1.6824765444022862,0.34810243210396935,68.01684333333333,COST_FLIP,COST_FLIP,False,RATCHETED_STOP,0,-3.7873991675385152,0.0,-0.03263557160751408,17.25981163205046,-0.0,1.141384388807066,<20,>=1%,flat_or_adverse,1772020800000
oos,409,SOLUSDT,SHORT,2026-02-22T16:00:03+00:00,2026-02-25T01:12:06.511000+00:00,1771776003000,1771981926511,2026,83.423312,81.076212,86.44388235346105,79.4917587758384,86.33807349999991,87.54829999999983,1.2102264999999193,3.6306689942039996,-3.215645729957499,2.5999434149916287,2.5999434149916287,0.07835871120458995,57.20097527777778,WIN,WIN,False,RATCHETED_STOP,0,79.4917587758384,0.0,0.6851459502448505,12.848638894964997,-0.0,0.5093480345158334,<20,0.5–1%,flat_or_adverse,1771977600000
oos,410,ETHUSDT,SHORT,2026-02-22T16:00:03+00:00,2026-02-25T02:07:07.620000+00:00,1771776003000,1771985227620,2026,1952.419438,1935.657054,2010.2312887351582,25.83714478724118,31.905521705599778,33.38563599999993,1.480114294400149,4.44033887692368,-1.62803804143492,2.7056639081937135,2.7056639081937135,0.13112470719415983,58.11795,WIN,WIN,False,RATCHETED_STOP,0,25.83714478724118,0.0,0.22276271064027545,19.230245276304224,-0.0,0.11573066504165747,<20,<0.25%,flat_or_adverse,1771977600000
oos,411,ADAUSDT,LONG,2026-02-25T16:00:03+00:00,2026-02-27T11:44:11.250000+00:00,1772035203000,1772192651250,2026,0.29045808,0.28174364,0.27593128990427523,-71.15402168076226,-67.81887180630792,-66.92825901999997,0.8906127863079547,2.6718463903150824,-0.6633034841392471,1.579283506461059,1.579283506461059,0.5998875142117353,43.735625,GIVEBACK_GE1R,GIVEBACK_GE1R,False,RATCHETED_STOP,0,-71.15402168076226,0.0,-0.6098775106125498,23.782786904336184,0.4285109010396141,3.2455234159779676,20–25,>=1%,favorable,1772179200000
oos,412,SOLUSDT,LONG,2026-02-25T16:00:03+00:00,2026-02-27T11:19:14.375000+00:00,1772035203000,1772191154375,2026,85.937184,84.23315,81.90745856243646,-50.467226777491156,-47.697956500800196,-46.74530400000005,0.9526525008001485,2.85796311183648,0.08869283514552,1.526857374114333,1.526857374114333,0.422866030552767,43.31982638888889,GIVEBACK_GE1R,GIVEBACK_GE1R,False,RATCHETED_STOP,0,-50.467226777491156,0.0,-0.4326542561863759,28.424412757747188,0.0,2.391759776536304,25–35,>=1%,flat_or_adverse,1772179200000
oos,413,ETHUSDT,LONG,2026-02-25T16:00:03+00:00,2026-02-27T11:17:13.482000+00:00,1772035203000,1772191033482,2026,2013.2525699999999,1973.095302,1923.4184755591702,-53.600345118249194,-50.325088257599916,-49.32595199999988,0.9991362576000355,2.9974146919142397,-0.27784216873504003,1.5216653638117035,1.5216653638117035,0.44701589357535104,43.286245,GIVEBACK_GE1R,GIVEBACK_GE1R,False,RATCHETED_STOP,0,-53.600345118249194,0.0,-0.45962759300716205,29.054050916893008,0.3498375077528999,0.6192681060779149,25–35,0.5–1%,favorable,1772179200000
oos,414,BTCUSDT,LONG,2026-02-25T20:00:03+00:00,2026-02-26T16:58:13.910000+00:00,1772049603000,1772125093910,2026,69019.00104,66482.80203824157,66496.10125849326,-117.81344049238697,-114.12895507912944,-112.9094433678031,1.2195117113263336,3.6585486831125222,-0.025936730145000017,0.38844149386493515,0.38844149386493515,1.0052714025143512,20.969697222222223,NO_FOLLOW_THROUGH,NO_FOLLOW_THROUGH,False,INITIAL_STOP_OR_GAP,0,-117.81344049238697,0.0,-0.9942074382157434,27.30105957475983,0.3364953264027297,1.3724328021656382,25–35,>=1%,favorable,1772121600000
oos,415,BTCUSDT,SHORT,2026-02-27T12:00:03+00:00,2026-03-01T02:03:15.480000+00:00,1772193603000,1772330595480,2026,66080.7812,68141.42556,68623.121882695,-92.64577885166906,-89.01983635200025,-87.86016000000014,1.159676352000119,3.4790395992192,-0.1469029004496,1.2198527211988301,1.2198527211988301,0.8105303801438678,38.053466666666665,GIVEBACK_GE1R,GIVEBACK_GE1R,False,RATCHETED_STOP,0,-92.64577885166906,0.0,-0.8098646443378491,26.188368981072376,-0.0,0.5328387859127945,25–35,0.5–1%,flat_or_adverse,1772323200000
oos,416,XRPUSDT,SHORT,2026-02-27T12:00:03+00:00,2026-03-01T02:04:20+00:00,1772193603000,1772330660000,2026,1.38132368,1.42568508,1.4484967890101872,-78.00613719263517,-73.17028760276017,-72.2443069200001,0.9259806827600698,2.77795071759683,-2.057898872278173,1.6676863949085743,1.6676863949085743,0.6604041506143836,38.07138888888889,GIVEBACK_GE1R,GIVEBACK_GE1R,False,RATCHETED_STOP,0,-78.00613719263517,0.0,-0.6816238213220912,21.661409695214864,-0.0,0.007237461098645799,20–25,<0.25%,flat_or_adverse,1772323200000
oos,417,SOLUSDT,SHORT,2026-02-27T20:00:03+00:00,2026-03-01T01:49:18.872000+00:00,1772222403000,1772329758872,2026,81.50369599999999,86.10369211864669,86.08647482368195,-115.64587033074174,-112.28038526082358,-111.46217067628817,0.8182145845354114,2.4546571290662533,-0.9108279408519201,0.9696509849082723,0.9696509849082723,1.0037569552507675,29.821075555555556,SLOW_FAILURE,SLOW_FAILURE,False,INITIAL_STOP_OR_GAP,0,-115.64587033074174,0.0,-1.0052387868314632,26.03613509370958,-0.0,0.08586849852797766,25–35,<0.25%,flat_or_adverse,1772323200000
oos,418,ADAUSDT,SHORT,2026-02-28T08:00:03+00:00,2026-02-28T20:47:15.834000+00:00,1772265603000,1772311635834,2026,0.26474704,0.2809270590161559,0.28087088483918804,-116.41591375440031,-114.05854100544921,-113.2892165079716,0.7693244974776121,2.307987087138764,-0.0493856618123177,0.3502291206794049,0.3502291206794049,1.0034839194700833,12.786898333333333,NO_FOLLOW_THROUGH,NO_FOLLOW_THROUGH,False,INITIAL_STOP_OR_GAP,0,-116.41591375440031,0.0,-0.9980050739923152,26.511142108274527,-0.0,2.2847432024169185,25–35,>=1%,flat_or_adverse,1772308800000
oos,419,BTCUSDT,LONG,2026-03-02T16:00:03+00:00,2026-03-06T04:40:18.697000+00:00,1772467203000,1772772018697,2026,69102.91782,70325.53208,65936.05599102407,38.35577656700007,41.568884840000074,42.517,0.9481151599999293,2.84434037796,-0.36876789503999996,1.561035007832534,1.561035007832534,0.9545467984555306,84.67102694444445,WIN,WIN,False,RATCHETED_STOP,0,38.35577656700007,0.0,0.34420636934639776,15.62645900350103,-0.13035022626705636,1.3028104288520268,<20,>=1%,flat_or_adverse,1772769600000
oos,420,ADAUSDT,SHORT,2026-03-03T12:00:03+00:00,2026-03-04T16:00:04.705000+00:00,1772539203000,1772640004705,2026,0.26444710000000005,0.28125624,0.2814195002640307,-109.66910877146063,-107.15590245400165,-106.46015030999996,0.6957521440016876,2.087269207224037,-0.42593711023494263,0.36807404390759346,0.36807404390759346,0.9903808382143403,28.00047361111111,NO_FOLLOW_THROUGH,NO_FOLLOW_THROUGH,False,RATCHETED_STOP,0,-109.66910877146063,0.0,-0.9889547119393656,13.32952852858295,-0.0,1.1342155009451804,<20,>=1%,flat_or_adverse,1772640000000
oos,421,ETHUSDT,LONG,2026-03-04T16:00:03+00:00,2026-03-06T09:17:19.836000+00:00,1772640003000,1772788639836,2026,2149.719858,2052.88934,2019.3480848089407,-82.90960070375303,-80.83411642639979,-80.13245199999982,0.7016644263999723,2.10500289509424,0.029518617740999994,0.3816020966984262,0.3816020966984262,0.7427260949967681,41.28801,NO_FOLLOW_THROUGH,NO_FOLLOW_THROUGH,False,RATCHETED_STOP,0,-82.90960070375303,0.0,-0.7422146327160573,14.057764840298818,0.6589360370264962,2.6194574977899863,<20,>=1%,favorable,1772784000000
oos,422,XRPUSDT,LONG,2026-03-04T16:00:03+00:00,2026-03-06T12:07:16.363000+00:00,1772640003000,1772798836363,2026,1.46249244,1.3903218800000001,1.38487950331128,-103.34053305838457,-100.81794208639968,-100.02090399999985,0.7970380863998372,2.39112626170848,-0.13146471027640003,0.12378812617969664,0.12378812617969664,0.9298779698216065,44.120378611111114,NO_FOLLOW_THROUGH,NO_FOLLOW_THROUGH,False,RATCHETED_STOP,0,-103.34053305838457,0.0,-0.9252489265256426,11.839067768112447,0.3978274658174292,2.4892292963140252,<20,>=1%,favorable,1772798400000
oos,423,SOLUSDT,LONG,2026-03-04T20:00:03+00:00,2026-03-06T04:40:14.285000+00:00,1772654403000,1772772014285,2026,93.148626,87.822432,87.08032052335713,-97.63320839810392,-95.78520765719975,-95.13430199999985,0.6509056571998997,1.9527283877162398,0.10472764681205997,0.09580499897998568,0.09580499897998568,0.8777069678678354,32.66980138888889,NO_FOLLOW_THROUGH,NO_FOLLOW_THROUGH,False,RATCHETED_STOP,0,-97.63320839810392,0.0,-0.8731950204676988,18.69013946490832,0.8779342241625177,0.021473051320588386,<20,<0.25%,favorable,1772769600000
oos,424,ADAUSDT,SHORT,2026-03-06T16:00:03+00:00,2026-03-09T05:43:20+00:00,1772812803000,1773035000000,2026,0.25634872000000003,0.25885176,0.27179315122580083,-21.007824692539433,-17.1747684036477,-16.467752879999708,0.7070155236479927,2.121048547074346,-1.712007741817387,0.6959608834311534,0.6959608834311534,0.29468744646269773,61.72138888888889,SLOW_FAILURE,SLOW_FAILURE,False,RATCHETED_STOP,0,-21.007824692539433,0.0,-0.19310921214450802,10.609168016340485,0.1754026813869267,3.315132605304215,<20,>=1%,favorable,1773028800000
oos,425,XRPUSDT,SHORT,2026-03-06T16:00:03+00:00,2026-03-09T13:44:08.571000+00:00,1772812803000,1773063848571,2026,1.35482898,1.3707741,1.4201852125384806,-30.833271904893497,-25.684684713648057,-24.80659566000013,0.8780890536479262,2.634270137735479,-2.51431705350996,0.5221993171027017,0.5221993171027017,0.2963913195056767,69.73488083333334,SLOW_FAILURE,SLOW_FAILURE,False,RATCHETED_STOP,0,-30.833271904893497,0.0,-0.28347532957169264,16.636284200738555,-0.0,1.5847538927016391,<20,>=1%,flat_or_adverse,1773057600000
oos,426,SOLUSDT,SHORT,2026-03-07T20:00:03+00:00,2026-03-09T13:26:10.256000+00:00,1772913603000,1773062770256,2026,82.453506,84.596916,86.53058554049684,-59.464822713156906,-55.46716397999971,-54.60257999999999,0.8645839799997219,2.5937584923095995,-1.4039002408475998,0.5576310144106102,0.5576310144106102,0.5257218993914426,41.43534888888889,SLOW_FAILURE,SLOW_FAILURE,False,RATCHETED_STOP,0,-59.464822713156906,0.0,-0.5459463449093475,19.336660493374637,0.04432858222166222,0.9579240936098051,<20,0.5–1%,favorable,1773057600000
oos,427,ETHUSDT,SHORT,2026-03-07T20:00:03+00:00,2026-03-09T03:10:19.557000+00:00,1772913603000,1773025819557,2026,1953.619198,1994.228766,2043.661975374216,-51.22394228381767,-47.46446307839983,-46.54161599999993,0.9228470783999043,2.7685468201939196,-0.9909323852239201,0.5218541605476463,0.5218541605476463,0.45100305859322154,31.171265833333333,SLOW_FAILURE,SLOW_FAILURE,False,RATCHETED_STOP,0,-51.22394228381767,0.0,-0.4703957353029877,17.960143803200232,-0.0,0.012282434583242107,<20,<0.25%,flat_or_adverse,1773014400000
oos,428,XRPUSDT,LONG,2026-03-10T16:00:03+00:00,2026-03-11T05:42:12.512000+00:00,1773158403000,1773207732512,2026,1.4307861000000002,1.3753469482575604,1.375622072672095,-106.77060960196087,-103.7972879333398,-102.74652199771911,1.0507659356206887,3.1523101364440085,0.17898846782295,0.09814185552150713,0.09814185552150713,1.004987388119781,13.702642222222222,NO_FOLLOW_THROUGH,NO_FOLLOW_THROUGH,False,INITIAL_STOP_OR_GAP,0,-106.77060960196087,0.0,-0.9925843576070696,18.75641724057821,0.4052727272265946,0.8109619686800777,<20,0.5–1%,favorable,1773201600000
oos,429,BTCUSDT,LONG,2026-03-10T16:00:03+00:00,2026-03-18T11:31:04.854000+00:00,1773158403000,1773833464854,2026,71311.15938,73107.3756,68661.4206148678,68.14736174845217,69.87281095800007,70.99639000000022,1.123579042000145,3.3707286064331994,1.6452793968853001,1.7691331242482435,1.7691331242482435,0.8975448490603772,187.51718166666666,WIN,WIN,False,RATCHETED_STOP,0,68.14736174845217,0.0,0.63385085298571,20.64622108510517,0.08260356777144454,0.03436334539089358,20–25,<0.25%,favorable,1773820800000
oos,430,SOLUSDT,LONG,2026-03-13T04:00:03+00:00,2026-03-18T11:30:06.969000+00:00,1773374403000,1773833406969,2026,89.677932,93.051386,85.4785479495132,79.99528372673247,82.93501720839988,83.83348599999991,0.898468791600024,2.6953963147816795,-0.2443371668857401,1.8983898362608376,1.8983898362608376,0.7781931732633928,127.5011025,WIN,WIN,False,RATCHETED_STOP,0,79.99528372673247,0.0,0.7492461724818714,15.135041374603706,0.5667887545724917,1.784519295114872,<20,>=1%,favorable,1773820800000
oos,431,ETHUSDT,LONG,2026-03-13T04:00:03+00:00,2026-03-18T11:36:16.286000+00:00,1773374403000,1773833776286,2026,2118.203556,2268.166276,2027.5694390361195,166.43882887441927,170.25267601599998,171.24865199999965,0.9959759839996707,2.9879074021617598,-0.8259397394189301,2.952270656607546,2.952270656607546,0.6411885275294211,127.60369055555556,WIN,WIN,False,RATCHETED_STOP,0,166.43882887441927,0.0,1.5592249963448084,15.782110712172024,0.5923466487242257,1.0954919561614254,<20,>=1%,favorable,1773820800000
oos,432,ADAUSDT,LONG,2026-03-13T04:00:03+00:00,2026-03-14T08:38:12+00:00,1773374403000,1773477492000,2026,0.27165432,0.259948,0.2596204594209405,-103.05212612207428,-100.19587372947994,-99.2858674,0.9100063294799412,2.7300309027440877,-0.12622148985025894,0.8098548205684483,0.8098548205684483,0.9727817538762664,28.635833333333334,SLOW_FAILURE,SLOW_FAILURE,False,RATCHETED_STOP,0,-103.05212612207428,0.0,-0.9656350935854371,25.551916576816208,0.0,0.5891016200294515,25–35,0.5–1%,flat_or_adverse,1773475200000
oos,433,XRPUSDT,LONG,2026-03-16T00:00:03+00:00,2026-03-18T11:31:12.233000+00:00,1773619203000,1773833472233,2026,1.4484896399999998,1.49060182,1.4043859600989363,92.75492198240671,97.38810948818639,98.7474947899999,1.3593853018135178,4.078144055742625,-0.5550434500370499,3.5804350193506784,3.5804350193506784,0.30359462135668414,59.51923138888889,WIN,WIN,False,RATCHETED_STOP,0,92.75492198240671,0.0,0.8640160255040914,38.11585493583232,0.2716024367273858,1.2843529899185162,>=35,>=1%,favorable,1773820800000
oos,434,BTCUSDT,SHORT,2026-03-19T16:00:03+00:00,2026-03-23T11:06:13.239000+00:00,1773936003000,1774263973239,2026,69358.92544,70634.32403999999,71695.50679383962,-60.96259997028537,-56.75523769999937,-55.50929999999974,1.2459376999996294,3.737819761115999,-0.46954250916999984,0.8811700207299225,0.8811700207299225,0.8487932837180905,91.10284416666667,SLOW_FAILURE,SLOW_FAILURE,False,RATCHETED_STOP,0,-60.96259997028537,0.0,-0.5597200927379254,35.13549826427858,0.7344562640872797,0.06976807879757993,>=35,<0.25%,favorable,1774252800000
oos,435,ADAUSDT,SHORT,2026-03-22T00:00:03+00:00,2026-03-23T15:02:13.043000+00:00,1774137603000,1774278133043,2026,0.25704858,0.26625324,0.2674213511835015,-98.65736881088944,-93.19121143705776,-92.13159682999998,1.0596146070577817,3.1788548769656195,-2.2873024968660625,0.9205428164835651,0.9205428164835651,0.8873867780521884,39.03612305555556,SLOW_FAILURE,SLOW_FAILURE,False,RATCHETED_STOP,0,-98.65736881088944,0.0,-0.9036088454316192,28.01576808931215,0.6200738533371715,1.7113963438350897,25–35,>=1%,favorable,1774267200000
oos,436,ETHUSDT,SHORT,2026-03-22T00:00:03+00:00,2026-03-23T11:07:17.012000+00:00,1774137603000,1774264037012,2026,2082.953326,2156.551224,2163.0944583280398,-99.901104354912,-96.23661142479999,-95.12790000000001,1.1087114247999779,3.3261456897479995,-0.33834724036400005,0.7658155583425228,0.7658155583425228,0.9183536077172373,35.12055888888889,SLOW_FAILURE,SLOW_FAILURE,False,RATCHETED_STOP,0,-99.901104354912,0.0,-0.9152608645531977,26.633654864314142,0.4504263905091956,1.4798139552743836,25–35,>=1%,favorable,1774252800000
oos,437,XRPUSDT,SHORT,2026-03-22T00:00:03+00:00,2026-03-23T11:13:12.835000+00:00,1774137603000,1774264392835,2026,1.40781838,1.4422884,1.454299994987476,-80.97573668520256,-77.18535151204823,-75.90896136000009,1.2763901520481369,3.829179565219363,0.03879439206502558,1.0115478993720095,1.0115478993720095,0.741583957641912,35.21939861111111,GIVEBACK_GE1R,GIVEBACK_GE1R,False,RATCHETED_STOP,0,-80.97573668520256,0.0,-0.7420418325471557,20.001916692709703,0.718614796581683,1.1149776294297313,20–25,>=1%,favorable,1774252800000
oos,438,ETHUSDT,SHORT,2026-03-26T12:00:03+00:00,2026-03-30T04:28:15.241000+00:00,1774526403000,1774844895241,2026,2066.9265320000004,2049.7698720000003,2153.928574863,15.992914608165561,20.23113347200012,21.20201600000002,0.9708825279999012,2.91264503975808,-1.32557382407648,1.498660579790265,1.498660579790265,0.3070441465617611,88.47006694444444,WIN,WIN,False,RATCHETED_STOP,0,15.992914608165561,0.0,0.15017875924513718,15.718461640102054,-0.0,1.6770423686590954,<20,>=1%,flat_or_adverse,1774843200000
oos,439,SOLUSDT,SHORT,2026-03-26T12:00:03+00:00,2026-03-30T08:05:07.272000+00:00,1774526403000,1774857907272,2026,87.49249800000001,84.26685,91.24003816179737,79.41795896136905,88.34275716480018,89.28357600000014,0.9408188351999627,2.8224457915708796,-6.102352411860239,2.3275262234458918,2.3275262234458918,0.1861226217427531,92.08452,WIN,WIN,False,RATCHETED_STOP,0,79.41795896136905,0.0,0.7459181890135198,15.589157636703277,-0.0,0.959890298251616,<20,0.5–1%,flat_or_adverse,1774857600000
oos,440,XRPUSDT,SHORT,2026-03-26T12:00:03+00:00,2026-03-30T04:11:20+00:00,1774526403000,1774843880000,2026,1.37012592,1.3579715399999999,1.418610880566372,19.58170516868298,25.529744043594274,26.675795010000325,1.146050966406051,3.438149698122598,-2.5098891767886964,1.5762809561405964,1.5762809561405964,0.24696482909599496,88.18805555555555,WIN,WIN,False,RATCHETED_STOP,0,19.58170516868298,0.0,0.18396049555697702,18.14375768024324,-0.0,0.5910251732944177,<20,0.5–1%,flat_or_adverse,1774843200000
oos,441,ADAUSDT,SHORT,2026-03-26T12:00:03+00:00,2026-03-30T11:26:12.413000+00:00,1774526403000,1774869972413,2026,0.25714855999999997,0.25175033999999996,0.2679316288137387,46.4233790700973,51.094180370744084,52.05752860000005,0.9633482292559634,2.890038440864567,-1.7807628597822194,2.2951314164357126,2.2951314164357126,0.23661538696193948,95.43594805555556,WIN,WIN,False,RATCHETED_STOP,0,46.4233790700973,0.0,0.438138017315287,21.978201477931215,-0.0,0.2722676001555731,20–25,0.25–0.5%,flat_or_adverse,1774857600000
oos,442,ETHUSDT,LONG,2026-04-01T08:00:03+00:00,2026-04-02T04:37:10.867000+00:00,1775030403000,1775104630867,2026,2130.556026,2043.207686077678,2043.61640935955,-106.9975764229909,-104.12795602140018,-103.1328514024805,0.995104618919683,2.9853262327006798,0.11570583110996002,0.4214876418370401,0.4214876418370401,1.0047012317015647,20.618851944444444,NO_FOLLOW_THROUGH,NO_FOLLOW_THROUGH,False,INITIAL_STOP_OR_GAP,0,-106.9975764229909,0.0,-0.9934368738955098,20.739052118320313,0.3869912201325943,0.2638336627341942,20–25,0.25–0.5%,favorable,1775102400000
oos,443,SOLUSDT,SHORT,2026-04-02T04:00:03+00:00,2026-04-04T15:04:12.982000+00:00,1775102403000,1775315052982,2026,78.924212,80.91618,83.04221744826299,-53.44147913199479,-50.221497215999996,-49.4155200000002,0.8059772159997962,2.4179375778624,-0.8020443381324001,0.5571172813692413,0.5571172813692413,0.48372155525928906,59.06943944444444,SLOW_FAILURE,SLOW_FAILURE,False,RATCHETED_STOP,0,-53.44147913199479,0.0,-0.49942090333188427,28.922962767152608,-0.25839683375361777,1.203445654927797,25–35,>=1%,flat_or_adverse,1775304000000
oos,444,XRPUSDT,SHORT,2026-04-02T12:00:03+00:00,2026-04-05T23:15:08.771000+00:00,1775131203000,1775430908771,2026,1.2987402,1.3222644000000001,1.3432190518820502,-60.14233157142667,-54.0671414749205,-52.8623398000003,1.2048016749201977,3.6144113682407757,-2.4607787282654012,0.488776105499553,0.488776105499553,0.8287039444665842,83.25160305555555,NO_FOLLOW_THROUGH,NO_FOLLOW_THROUGH,False,RATCHETED_STOP,0,-60.14233157142667,0.0,-0.5620542741013803,19.59118929328651,-0.0,0.37718420444924383,<20,0.25–0.5%,flat_or_adverse,1775419200000
oos,445,ETHUSDT,SHORT,2026-04-02T12:00:03+00:00,2026-04-05T22:57:13.570000+00:00,1775131203000,1775429833570,2026,2031.623594,2083.776672,2119.6115595843567,-64.18981684587558,-61.144268647200064,-60.17929200000019,0.964976647199876,2.8949371631150393,-0.15061103556048006,0.18267945955165554,0.18267945955165554,0.5954951413186845,82.95293611111111,NO_FOLLOW_THROUGH,NO_FOLLOW_THROUGH,False,RATCHETED_STOP,0,-64.18981684587558,0.0,-0.6000837806259395,20.331476435560866,-0.0,0.2554083581031896,20–25,0.25–0.5%,flat_or_adverse,1775419200000
oos,446,ADAUSDT,SHORT,2026-04-05T08:00:03+00:00,2026-04-05T23:17:11.111000+00:00,1775376003000,1775431031111,2026,0.24175164,0.24994998000000002,0.2505359099963674,-98.64026497371114,-95.1440377938723,-94.00277448000028,1.1412633138720167,3.4238012219489375,-0.0724259578899008,0.25632636530196967,0.25632636530196967,0.9332978156853483,15.28558638888889,NO_FOLLOW_THROUGH,NO_FOLLOW_THROUGH,False,RATCHETED_STOP,0,-98.64026497371114,0.0,-0.9267838234236484,17.190184309984478,-0.045788017523793745,0.3825475599669301,<20,0.25–0.5%,flat_or_adverse,1775419200000
oos,447,ETHUSDT,LONG,2026-04-06T00:00:03+00:00,2026-04-12T10:53:08.515000+00:00,1775433603000,1775991188515,2026,2109.781872,2205.078896,2047.3689447614363,105.27337382421352,111.04440204639998,112.75291999999976,1.7085179535997739,5.125540330449599,-0.6454878917368797,3.528245473222052,3.528245473222052,0.8295055894768381,154.88486527777778,WIN,WIN,False,RATCHETED_STOP,1,147.11603769959476,-41.842663875381234,1.004253208166734,12.380510634344125,0.0,1.232133121577727,<20,>=1%,flat_or_adverse,1775980800000
oos,448,BTCUSDT,LONG,2026-04-06T00:00:03+00:00,2026-04-12T01:49:06.330000+00:00,1775433603000,1775958546330,2026,69011.69957999999,71380.721,67547.90433554031,99.61713625895479,107.14800723400148,109.65917000000053,2.511162765999039,7.533475138899598,0.002604163852900021,3.2529825725439347,3.2529825725439347,0.8885802744086034,145.81759166666666,WIN,WIN,False,RATCHETED_STOP,1,151.8094486450338,-52.192312386079,0.9515873213337127,16.903742514807053,-0.10027616189747361,0.7809657975097878,<20,0.5–1%,flat_or_adverse,1775952000000
oos,449,ADAUSDT,LONG,2026-04-06T04:00:03+00:00,2026-04-06T22:59:17.068000+00:00,1775448003000,1775516357068,2026,0.25695138,0.24714113915584263,0.24719057727129687,-104.93612327573445,-101.28743360783272,-100.24652051122726,1.0409130966054647,3.122751319399725,-0.5259383485019999,0.31233291817639824,0.31233291817639824,1.0050649641047311,18.98724111111111,NO_FOLLOW_THROUGH,NO_FOLLOW_THROUGH,False,INITIAL_STOP_OR_GAP,0,-104.93612327573445,0.0,-0.9991851511779892,17.590458159796068,0.7415476904425254,0.8952899961074443,<20,0.5–1%,favorable,1775505600000
oos,450,SOLUSDT,SHORT,2026-04-07T16:00:03+00:00,2026-04-07T19:45:12.907000+00:00,1775577603000,1775591112907,2026,78.80423599999999,81.56906597818242,81.55275542709701,-102.67979333701449,-99.22643012099373,-98.07531297199948,1.1511171489942456,3.4533632160207555,0.0,0.07430764286636604,0.07430764286636604,1.00593430445665,3.7527519444444444,NO_FOLLOW_THROUGH,NO_FOLLOW_THROUGH,False,INITIAL_STOP_OR_GAP,0,-102.67979333701449,0.0,-0.9952855297864677,15.903778173921578,0.054889654051230315,0.012687135244868203,<20,<0.25%,favorable,1775577600000
oos,451,XRPUSDT,LONG,2026-04-08T00:00:03+00:00,2026-04-09T01:08:04.636000+00:00,1775606403000,1775696884636,2026,1.3783756200000001,1.3323148365313018,1.3325813528018622,-106.11353966902986,-101.88221544068163,-100.68305988673885,1.1991555539427878,3.5974787437951434,-0.63384548455308,0.24073712004825132,0.24073712004825132,1.0058198610190063,25.133787777777776,NO_FOLLOW_THROUGH,NO_FOLLOW_THROUGH,False,INITIAL_STOP_OR_GAP,0,-106.11353966902986,0.0,-0.9994602059035456,17.761031182798796,0.8564764122167621,1.5239477503628382,<20,>=1%,favorable,1775692800000
oos,452,SOLUSDT,LONG,2026-04-08T00:00:03+00:00,2026-04-09T01:06:14.337000+00:00,1775606403000,1775696774337,2026,85.547106,81.93608089388663,81.95247138816426,-106.14710871483305,-102.7116370157782,-101.75886608219476,0.9527709335834373,2.8583250118146126,-0.5771466872402401,0.09539050196395027,0.09539050196395027,1.004559710804448,25.103149166666668,NO_FOLLOW_THROUGH,NO_FOLLOW_THROUGH,False,INITIAL_STOP_OR_GAP,0,-106.14710871483305,0.0,-1.0000792543542518,17.744789732616887,1.075949606998349,1.4788403086275432,<20,>=1%,favorable,1775692800000
oos,454,SOLUSDT,LONG,2026-04-11T20:00:03+00:00,2026-04-12T01:39:19.998000+00:00,1775937603000,1775957959998,2026,86.00719799999999,83.18337700816085,83.20001701156316,-105.95682621972456,-101.98398941286571,-100.76190961718929,1.2220797956764216,3.6662514784588396,-0.3065853284,0.047307957893360786,0.047307957893360786,1.0059276560616712,5.654721666666667,NO_FOLLOW_THROUGH,NO_FOLLOW_THROUGH,False,INITIAL_STOP_OR_GAP,0,-105.95682621972456,0.0,-0.9962754019601441,31.089914834534955,0.0,0.3837655541341997,25–35,0.25–0.5%,flat_or_adverse,1775952000000
oos,455,XRPUSDT,LONG,2026-04-11T20:00:03+00:00,2026-04-12T01:43:03.137000+00:00,1775937603000,1775958183137,2026,1.37097414,1.3353758944789142,1.335643023083531,-105.74697154808145,-100.86226046857176,-99.328657500696,1.5336029678757654,4.600820823066482,-0.2838902564432,0.034696327401659975,0.040357059850985734,1.0075607178014865,5.7167047222222225,NO_FOLLOW_THROUGH,NO_FOLLOW_THROUGH,False,INITIAL_STOP_OR_GAP,0,-105.74697154808145,0.0,-0.9946055763099778,20.341254746080203,0.0,0.3793682060261248,20–25,0.25–0.5%,flat_or_adverse,1775952000000
oos,457,ADAUSDT,SHORT,2026-04-12T04:00:03+00:00,2026-04-13T22:16:10+00:00,1775966403000,1776118570000,2026,0.24355128,0.24394878,0.25407635402277146,-8.259896035206634,-3.7052946599999537,-2.7964487999999506,0.9088458600000031,2.7265379155738554,-1.8280634596328238,0.8029663242002194,0.8029663242002194,0.03776695528601384,42.26861111111111,SLOW_FAILURE,SLOW_FAILURE,False,RATCHETED_STOP,0,-8.259896035206634,0.0,-0.08118483814520697,17.074923621237627,-0.23129511529126956,1.0668855149774277,<20,>=1%,flat_or_adverse,1776110400000
oos,458,SOLUSDT,SHORT,2026-04-12T16:00:03+00:00,2026-04-13T20:36:14+00:00,1776009603000,1776112574000,2026,81.52369200000001,84.246846,84.31138241311437,-98.2733787772817,-95.16824136119979,-94.00958199999992,1.1586593611998666,3.4759893647498403,0.37085194866792004,0.10535316210809051,0.10535316210809051,0.9768495049483386,28.603055555555557,NO_FOLLOW_THROUGH,NO_FOLLOW_THROUGH,False,RATCHETED_STOP,0,-98.2733787772817,0.0,-0.9636329927044004,25.09270472598325,0.3911084516475758,0.3433476394849799,25–35,0.25–0.5%,favorable,1776110400000
oos,459,XRPUSDT,SHORT,2026-04-12T16:00:03+00:00,2026-04-13T22:07:05.714000+00:00,1776009603000,1776118025714,2026,1.3227354,1.35537102,1.3571586724827474,-95.44847350408924,-91.05933906421194,-89.56486146000005,1.4944776042118946,4.483443560419375,0.09430912054208401,0.12013384265173042,0.12013384265173042,0.9480684910580967,30.117420555555555,NO_FOLLOW_THROUGH,NO_FOLLOW_THROUGH,False,RATCHETED_STOP,0,-95.44847350408924,0.0,-0.9362072251182003,16.852198096490568,0.044041646096436696,0.06802206938252006,<20,<0.25%,favorable,1776110400000
oos,460,BTCUSDT,LONG,2026-04-13T20:00:03+00:00,2026-04-16T13:54:13.160000+00:00,1776110403000,1776347653160,2026,73286.75442,73434.3102,71443.39147449764,4.422930934016496,7.5548559360004965,9.057279999999702,1.5024240639992055,4.5072711051264,1.3753461031424001,1.4767821967139105,1.4767821967139105,0.18089460939506952,65.90282222222223,WIN,WIN,False,RATCHETED_STOP,0,4.422930934016496,0.0,0.04406019146303095,31.98705034371442,0.016513483822308172,0.2426568330144351,25–35,<0.25%,favorable,1776340800000
oos,461,ETHUSDT,LONG,2026-04-14T00:00:03+00:00,2026-04-16T13:54:03.825000+00:00,1776124803000,1776347643825,2026,2369.27376,2306.3386400000004,2276.8436510963934,-68.92227122108227,-65.73573283999963,-64.759,0.9767328399996273,2.9302062910799993,-0.25633209000265,0.5098581031549685,0.5098581031549685,0.7321614223193832,61.90022916666667,SLOW_FAILURE,SLOW_FAILURE,False,RATCHETED_STOP,0,-68.92227122108227,0.0,-0.6857747802339897,25.862500607512477,0.9010797077954749,4.2257683215130175,25–35,>=1%,favorable,1776340800000
oos,462,SOLUSDT,LONG,2026-04-14T00:00:03+00:00,2026-04-14T20:23:19.268000+00:00,1776124803000,1776198199268,2026,86.50729799999999,83.48914727425355,83.50584844394234,-100.39790203240386,-96.58414318968433,-95.49613236055659,1.0880108291277395,3.264043946919549,-0.5497148958,0.3773849864356183,0.3773849864356183,1.0055643679418433,20.38785222222222,NO_FOLLOW_THROUGH,NO_FOLLOW_THROUGH,False,INITIAL_STOP_OR_GAP,0,-100.39790203240386,0.0,-0.9991927541509997,22.23158230360972,0.19037112495083608,2.6242774566473943,20–25,>=1%,favorable,1776196800000
oos,463,XRPUSDT,LONG,2026-04-14T00:00:03+00:00,2026-04-19T06:12:20+00:00,1776124803000,1776579140000,2026,1.37547504,1.4223154800000002,1.3377197515622534,78.66716176454551,85.7754032573886,87.4756217800003,1.7002185226116922,5.100645070761386,-2.0075964220816904,3.541886859651324,3.541886859651324,0.7171191406640443,126.20472222222222,WIN,WIN,False,RATCHETED_STOP,1,111.6263143242828,-32.959152559737284,0.7831457922623422,15.66271476155463,0.24546262053948736,1.4616055846422342,<20,>=1%,favorable,1776571200000
oos,464,SOLUSDT,LONG,2026-04-16T16:00:03+00:00,2026-04-18T18:30:11.111000+00:00,1776355203000,1776537011111,2026,86.59731599999999,86.202756,83.62467328254388,-15.94393407733315,-12.66182495999995,-11.552759999999981,1.1090649599999693,3.3271962663311996,0.04508714899800004,1.3835110340873726,1.3835110340873726,0.34222612560401444,50.502253055555556,GIVEBACK_GE1R,GIVEBACK_GE1R,False,RATCHETED_STOP,0,-15.94393407733315,0.0,-0.15969250354400746,29.091693766784008,0.0,0.8779022756150987,25–35,0.5–1%,flat_or_adverse,1776528000000
oos,465,ADAUSDT,LONG,2026-04-16T16:00:03+00:00,2026-04-18T11:37:16.666000+00:00,1776355203000,1776512236666,2026,0.25335066,0.25054988,0.24304317233260306,-30.03920081741928,-26.095046509920024,-25.156072800000334,0.93897370991969,2.8169241484887366,-1.12723015901052,1.411531157686489,1.411531157686489,0.27172285724473844,43.620462777777774,GIVEBACK_GE1R,GIVEBACK_GE1R,False,RATCHETED_STOP,0,-30.03920081741928,0.0,-0.3009569127918823,18.194399523070715,-0.038998412859311535,0.15791551519937283,<20,<0.25%,flat_or_adverse,1776499200000
oos,466,BTCUSDT,LONG,2026-04-17T12:00:03+00:00,2026-04-19T06:15:06.229000+00:00,1776427203000,1776579306229,2026,75557.20842000001,75298.9372,73579.64121366678,-15.305669813184464,-12.397018560000463,-10.94880000000028,1.4482185600001838,4.344656993856001,1.436005740672,1.3869523984904784,1.3869523984904784,0.1306004767741327,42.25089694444444,GIVEBACK_GE1R,GIVEBACK_GE1R,False,RATCHETED_STOP,0,-15.305669813184464,0.0,-0.1519534861750989,33.43808496660979,0.2038665046806117,0.05586281575066267,25–35,<0.25%,favorable,1776571200000
oos,468,ADAUSDT,SHORT,2026-04-20T00:00:03+00:00,2026-04-20T21:03:12+00:00,1776643203000,1776718992000,2026,0.24225154,0.25095018,0.252283849424005,-85.24479827296686,-82.65408410147234,-81.71681128000023,0.9372728214721064,2.8118282704333533,0.22111409893882394,0.015105195981832194,0.05497637450059909,0.8670625707761949,21.0525,NO_FOLLOW_THROUGH,NO_FOLLOW_THROUGH,False,RATCHETED_STOP,0,-85.24479827296686,0.0,-0.8609756731558763,17.336808642811338,-0.2704367709621295,0.7428807263722756,<20,0.5–1%,flat_or_adverse,1776715200000
oos,469,BTCUSDT,LONG,2026-04-20T20:00:03+00:00,2026-04-25T16:38:06.540000+00:00,1776715203000,1777135086540,2026,76267.7505,77191.35864,74269.40020850727,40.85560459742131,42.855417696000515,44.27952000000013,1.424102303999618,4.2723015984576,2.2724884998784,1.5894358028828959,1.5894358028828959,0.7455402120151394,116.63431666666666,WIN,WIN,False,RATCHETED_STOP,0,40.85560459742131,0.0,0.41526012451103,19.27432451112645,0.0,0.06885020163273335,<20,<0.25%,flat_or_adverse,1777132800000
oos,470,ETHUSDT,LONG,2026-04-22T04:00:03+00:00,2026-04-23T17:17:16.487000+00:00,1776830403000,1776964636487,2026,2363.162538,2303.43922,2281.3299509120748,-72.67662949930411,-68.8968196447998,-67.82014399999996,1.076675644799849,3.23003507281728,-0.5497747816870402,0.7312180163106344,0.7312180163106344,0.729823168560343,37.287079722222224,SLOW_FAILURE,SLOW_FAILURE,False,RATCHETED_STOP,0,-72.67662949930411,0.0,-0.7358622637785598,14.85876505715999,-0.2729841027504633,0.6708455193021475,<20,0.5–1%,flat_or_adverse,1776960000000
oos,471,SOLUSDT,LONG,2026-04-22T04:00:03+00:00,2026-04-23T17:16:09.090000+00:00,1776830403000,1776964569090,2026,87.237444,85.112974,84.27302773233875,-71.60378944533728,-67.58024048800007,-66.4837360000001,1.0965044879999652,3.2895214420483194,-0.73402751528888,0.6923980354551744,0.6923980354551744,0.7166571116127644,37.26835833333333,SLOW_FAILURE,SLOW_FAILURE,False,RATCHETED_STOP,0,-71.60378944533728,0.0,-0.7251798009319538,12.930756298415771,-0.4358229780015202,0.38986354775827226,<20,0.25–0.5%,flat_or_adverse,1776960000000
oos,472,XRPUSDT,LONG,2026-04-22T08:00:03+00:00,2026-04-23T03:39:14.934000+00:00,1776844803000,1776915554934,2026,1.45399074,1.41054706091662,1.4108292267619724,-98.56415858398015,-94.83878958387261,-93.58811979565147,1.2506697882211455,3.752020595236984,0.02665159512944701,0.19019861409231317,0.19019861409231317,1.006537440978873,19.653315,NO_FOLLOW_THROUGH,NO_FOLLOW_THROUGH,False,INITIAL_STOP_OR_GAP,0,-98.56415858398015,0.0,-0.9925759331204002,18.9646185211935,-0.6391300629888219,0.2614019398775556,<20,0.25–0.5%,flat_or_adverse,1776902400000
oos,473,XRPUSDT,LONG,2026-04-24T16:00:03+00:00,2026-04-25T16:37:05+00:00,1777046403000,1777135025000,2026,1.44738942,1.42281538,1.4112562444946746,-66.46788691159482,-62.08257680591963,-60.632352000000054,1.450224805919575,4.3506816936422394,-0.03462841203294001,0.014130504525537433,0.08055145885450977,0.6800963285493161,24.61722222222222,NO_FOLLOW_THROUGH,NO_FOLLOW_THROUGH,False,RATCHETED_STOP,0,-66.46788691159482,0.0,-0.6842797149082489,13.535511175493777,0.49938963559050265,0.12438670444337113,<20,<0.25%,favorable,1777132800000
oos,474,ETHUSDT,LONG,2026-04-26T16:00:03+00:00,2026-04-27T13:47:12.740000+00:00,1777219203000,1777297632740,2026,2347.4694,2304.608986,2298.0669675646145,-82.13337204955121,-77.68878641639957,-76.0023179999997,1.6864684163998618,5.0594143694781595,0.61482873632652,1.1440853661188528,1.1440853661188528,0.867576997469869,21.78603888888889,GIVEBACK_GE1R,GIVEBACK_GE1R,False,RATCHETED_STOP,0,-82.13337204955121,0.0,-0.852404849977828,14.874888365337956,0.0,0.16297400937366077,<20,<0.25%,flat_or_adverse,1777291200000
oos,475,SOLUSDT,LONG,2026-04-26T20:00:03+00:00,2026-04-27T06:31:14.285000+00:00,1777233603000,1777271474285,2026,86.85736800000001,85.46290400000001,85.00010371929363,-72.40934452977021,-67.46054271359996,-65.79326399999998,1.667278713599984,5.001844035991681,0.053042219821439994,0.658297266953837,0.658297266953837,0.7508161409692551,10.519801388888888,SLOW_FAILURE,SLOW_FAILURE,False,RATCHETED_STOP,0,-72.40934452977021,0.0,-0.7497909493089739,8.966940436502432,0.0,0.08060801473975977,<20,<0.25%,flat_or_adverse,1777262400000
oos,476,BTCUSDT,LONG,2026-04-26T20:00:03+00:00,2026-04-27T15:04:17.897000+00:00,1777233603000,1777302257897,2026,78198.83664,77251.84654,76823.80102996607,-66.46952219463701,-60.8914634299997,-58.89236999999962,1.9990934300000802,5.9972873570843985,0.4192285924470999,0.9135496934286758,0.9135496934286758,0.688702236574535,19.07080472222222,SLOW_FAILURE,SLOW_FAILURE,False,RATCHETED_STOP,0,-66.46952219463701,0.0,-0.6890897856541733,11.071875386667774,0.31339683865821033,0.00038371463910091873,<20,<0.25%,favorable,1777291200000
oos,477,XRPUSDT,LONG,2026-04-27T04:00:03+00:00,2026-04-27T06:04:16.399000+00:00,1777262403000,1777269856399,2026,1.4422884,1.414477107885441,1.4147600598974204,-96.56905405537114,-90.96285200540807,-89.0941215525187,1.8687304528893662,5.606202049963075,0.0,0.0,0.0,1.0102785714984992,2.070388611111111,NO_FOLLOW_THROUGH,NO_FOLLOW_THROUGH,False,INITIAL_STOP_OR_GAP,0,-96.56905405537114,0.0,-0.9895880779183486,10.591068691388955,-0.43846817476464406,0.402247035161941,<20,0.25–0.5%,flat_or_adverse,1777262400000
oos,478,ADAUSDT,SHORT,2026-04-27T08:00:03+00:00,2026-04-29T03:18:13.333000+00:00,1777276803000,1777432693333,2026,0.24675064,0.24874974,0.25416933557911053,-27.84708147601478,-23.960615069010043,-22.772832090000154,1.1877829790098886,3.56335166976985,-0.32311473723488615,0.532524883636439,0.532524883636439,0.2694678570757158,43.30287027777778,SLOW_FAILURE,SLOW_FAILURE,False,RATCHETED_STOP,0,-27.84708147601478,0.0,-0.297351966349493,9.262256340584822,-0.0,0.48642075395217127,<20,0.25–0.5%,flat_or_adverse,1777420800000
oos,479,SOLUSDT,SHORT,2026-04-27T08:00:03+00:00,2026-04-29T09:49:02.909000+00:00,1777276803000,1777456142909,2026,85.19295799999999,85.05700800000001,87.41708161064001,0.6703656560930745,5.426933669999194,6.786161999999501,1.359228330000307,4.0776841756605595,-0.6788838382455599,1.0264528415050826,1.0264528415050826,0.2774315227121977,49.81664138888889,WIN,WIN,False,RATCHETED_STOP,0,0.6703656560930745,0.0,0.00711450842751365,9.501159015382184,0.5482352778287733,0.3168642178148225,<20,0.25–0.5%,favorable,1777449600000
oos,480,BTCUSDT,SHORT,2026-04-28T12:00:03+00:00,2026-04-29T09:49:04.290000+00:00,1777377603000,1777456144290,2026,76183.66021999999,77465.49,77847.44966001202,-72.53780855747398,-67.80879536200078,-66.18319000000031,1.6256053620004707,4.8768240279828,0.14781083250960003,0.3294047953544067,0.3294047953544067,0.7704278853883988,21.817025,NO_FOLLOW_THROUGH,NO_FOLLOW_THROUGH,False,RATCHETED_STOP,0,-72.53780855747398,0.0,-0.7678993902782625,11.858376789237207,0.18924578554653454,0.16443828511735475,<20,<0.25%,favorable,1777449600000
oos,481,XRPUSDT,SHORT,2026-04-28T12:00:03+00:00,2026-04-29T09:49:11.733000+00:00,1777377603000,1777456151733,2026,1.38042386,1.40168028,1.4106511665961539,-66.84367705188446,-61.943839424795506,-60.322362659999825,1.6214767647956805,4.864437533071519,-0.03540009401743077,0.45071366040047967,0.45071366040047967,0.7032191218355046,21.8190925,NO_FOLLOW_THROUGH,NO_FOLLOW_THROUGH,False,RATCHETED_STOP,0,-66.84367705188446,0.0,-0.7071723091229187,15.692287726139467,0.15744778298229956,0.14484356894553893,<20,<0.25%,favorable,1777449600000
oos,482,BTCUSDT,LONG,2026-04-29T12:00:03+00:00,2026-04-29T15:38:07.968000+00:00,1777464003000,1777477087968,2026,77568.0105,75983.02956411082,75998.22920995281,-91.73800232804226,-86.69845719313814,-85.01861221558111,1.6798449775570248,5.039545134904118,0.0,0.0,0.0,1.0096826519326982,3.6347133333333335,NO_FOLLOW_THROUGH,NO_FOLLOW_THROUGH,False,INITIAL_STOP_OR_GAP,0,-91.73800232804226,0.0,-0.990094666205487,12.469042328512245,0.0,0.13216853099513232,<20,<0.25%,flat_or_adverse,1777464000000
oos,483,BTCUSDT,LONG,2026-05-01T16:00:03+00:00,2026-05-07T10:28:04.267000+00:00,1777651203000,1778149684267,2026,78411.07908,80635.06976,76775.03243713758,81.72123242659497,86.03800396600016,88.22375000000008,2.185746033999905,6.557227515149999,2.2404559757448004,2.700180303093896,2.700180303093896,0.4238137604603165,138.46701861111111,WIN,WIN,False,RATCHETED_STOP,1,113.16540506121375,-31.444172634618777,0.8887521815378522,15.101560031965878,-0.35491947208822167,0.28691096671486893,<20,0.25–0.5%,flat_or_adverse,1778140800000
oos,484,ETHUSDT,LONG,2026-05-04T04:00:03+00:00,2026-05-04T10:07:03.652000+00:00,1777867203000,1777889223652,2026,2384.5468140000003,2327.226908445971,2327.692446935358,-92.24080065382773,-87.60774364877861,-86.16745210399905,1.440291544779555,4.320884974431852,-0.31217203061728,0.2521035188678348,0.2521035188678348,1.0081882626335088,6.116847777777778,NO_FOLLOW_THROUGH,NO_FOLLOW_THROUGH,False,INITIAL_STOP_OR_GAP,0,-92.24080065382773,0.0,-0.994751500585446,22.141777816743144,0.9819542964832236,1.1463541491896216,20–25,>=1%,favorable,1777881600000
oos,485,XRPUSDT,LONG,2026-05-04T04:00:03+00:00,2026-05-04T10:22:15.941000+00:00,1777867203000,1777890135941,2026,1.4127825,1.3857286053812528,1.3860058065425613,-92.1575737192932,-86.36304669791602,-84.57633546050802,1.7867112374079994,5.36014386138395,-0.43438315999323285,0.28448247398835835,0.28448247398835835,1.0103523297881865,6.370261388888889,NO_FOLLOW_THROUGH,NO_FOLLOW_THROUGH,False,INITIAL_STOP_OR_GAP,0,-92.1575737192932,0.0,-0.9942118869876856,16.309963505369886,0.6516584804053703,0.63013310676863,<20,0.5–1%,favorable,1777881600000
oos,486,ADAUSDT,LONG,2026-05-04T04:00:03+00:00,2026-05-04T10:07:19.137000+00:00,1777867203000,1777889239137,2026,0.25365072,0.2475806650091496,0.24763019104735906,-92.20824941210161,-87.50987892203028,-86.06466653444132,1.4452123875889669,4.335647490527319,-0.362722999544,0.22411319846043423,0.22411319846043423,1.008226193844269,6.121149166666667,NO_FOLLOW_THROUGH,NO_FOLLOW_THROUGH,False,INITIAL_STOP_OR_GAP,0,-92.20824941210161,0.0,-0.9952669575063711,9.602410733779026,0.5695324635968423,0.3154574132491985,<20,0.25–0.5%,favorable,1777881600000
oos,487,ADAUSDT,LONG,2026-05-05T12:00:03+00:00,2026-05-07T17:26:16.363000+00:00,1777982403000,1778174776363,2026,0.2585517,0.25974803999999996,0.2513579726255894,8.374104312393072,14.299971055829552,15.539029349999616,1.2390582941700643,3.717173017826478,-2.20869372561,2.1057650938907244,2.1057650938907244,0.4103157996367416,53.43704527777778,WIN,WIN,False,RATCHETED_STOP,0,8.374104312393072,0.0,0.09209180881607798,11.750558425429329,0.8961040982467695,0.11605415860735878,<20,<0.25%,favorable,1778169600000
oos,488,SOLUSDT,LONG,2026-05-05T20:00:03+00:00,2026-05-12T16:51:17.142000+00:00,1778011203000,1778604677142,2026,86.47729199999999,93.54128800000001,84.42613272528841,293.1933919884884,302.4340158856009,304.2619640000005,1.827948114399561,5.483807831764319,-3.7568160653482203,5.793166891767035,5.793166891767035,0.20344202673323158,164.85392833333333,WIN,WIN,False,RATCHETED_STOP,1,286.0507726003039,7.142619388184451,3.2174049998636356,22.432134981103932,0.3963075342621417,0.4510234763501799,20–25,0.25–0.5%,favorable,1778601600000
oos,489,XRPUSDT,LONG,2026-05-06T08:00:03+00:00,2026-05-07T13:41:11.428000+00:00,1778054403000,1778161271428,2026,1.4306860799999999,1.4019195599999998,1.3996286862146214,-83.79335301053054,-79.31067930961204,-77.74875642,1.5619228896120347,4.68577799868677,0.20310429776827427,0.8408277970926996,0.8408277970926996,0.9262374106079395,29.685674444444444,SLOW_FAILURE,SLOW_FAILURE,False,RATCHETED_STOP,0,-83.79335301053054,0.0,-0.911412706455393,22.58245149965457,0.5979595193216393,0.4614093959731501,20–25,0.25–0.5%,favorable,1778155200000
oos,491,ETHUSDT,SHORT,2026-05-07T16:00:03+00:00,2026-05-09T17:05:05.876000+00:00,1778169603000,1778346305876,2026,2293.011306,2324.9749020000004,2363.6678587753645,-42.04619187630794,-39.008372558400616,-37.88121600000051,1.1271565584001095,3.3814742209459197,0.3436549030385999,0.4186633063467819,0.4186633063467819,0.45237978282949937,49.08413222222222,NO_FOLLOW_THROUGH,NO_FOLLOW_THROUGH,False,RATCHETED_STOP,0,-42.04619187630794,0.0,-0.4635401788427647,26.061100076218928,0.17020886562337298,0.12502943151394993,25–35,<0.25%,favorable,1778342400000
oos,493,ADAUSDT,LONG,2026-05-08T20:00:03+00:00,2026-05-12T10:33:15+00:00,1778270403000,1778581995000,2026,0.27175434,0.27384522,0.26233957904276833,15.032464240689835,19.45024434777616,20.46532443999981,1.015080092223652,3.045237820833067,-1.3725422862532592,1.789281754101317,1.789281754101317,0.37752843817769327,86.55333333333333,WIN,WIN,False,RATCHETED_STOP,0,15.032464240689835,0.0,0.16406541740759473,30.887212352384115,0.1403823871510809,0.5154639175257777,25–35,0.5–1%,favorable,1778572800000
oos,494,XRPUSDT,LONG,2026-05-09T04:00:03+00:00,2026-05-12T13:55:20+00:00,1778299203000,1778594120000,2026,1.42848564,1.4353128800000001,1.3938510796997485,11.113673954892118,17.069128182344585,18.501114440000183,1.4319862576555984,4.295956552834267,-1.6594976746182009,2.290035135783852,2.290035135783852,0.5279593516267993,81.92138888888888,WIN,WIN,False,RATCHETED_STOP,0,11.113673954892118,0.0,0.12040046774366571,21.392783306388168,0.0,0.11903094804647897,20–25,<0.25%,flat_or_adverse,1778587200000
oos,495,BTCUSDT,LONG,2026-05-09T20:00:03+00:00,2026-05-12T15:24:15.638000+00:00,1778356803000,1778599455638,2026,80913.27942,80209.05498,79449.53510380385,-47.32237418798782,-40.49290530000032,-38.64,1.852905300000316,5.5587205368,-1.2707483511875002,1.0570292658903488,1.0570292658903488,0.48111164785259686,67.40351055555556,GIVEBACK_GE1R,GIVEBACK_GE1R,False,RATCHETED_STOP,0,-47.32237418798782,0.0,-0.5165672471522024,23.35998655365964,0.0,0.315339648367232,20–25,0.25–0.5%,flat_or_adverse,1778587200000
oos,496,ETHUSDT,SHORT,2026-05-12T12:00:03+00:00,2026-05-20T15:15:19.989000+00:00,1778587203000,1779290119989,2026,2285.4528179999998,2147.4193979999995,2339.6671531363577,207.6747782653396,209.67131296860072,211.63940500000032,1.9680920313996264,5.904250697471399,3.90771599421026,3.895516148428548,3.895516148428548,0.6866667626997108,195.25471916666666,WIN,WIN,False,RATCHETED_STOP,1,220.3597505118254,-12.684972246485824,2.23964140677125,16.47483141399521,-0.04780759117733944,0.178922179788362,<20,<0.25%,flat_or_adverse,1779278400000
oos,497,BTCUSDT,SHORT,2026-05-13T16:00:03+00:00,2026-05-14T14:46:19.349000+00:00,1778688003000,1778769979349,2026,78778.94106,80452.15814757935,80436.07093339268,-91.16300760442844,-86.50532342785253,-84.85887725640166,1.6464461714508758,4.939348697419111,0.2816645208432,0.03930956833614352,0.03930956833614352,1.0097078777258028,22.771208055555554,NO_FOLLOW_THROUGH,NO_FOLLOW_THROUGH,False,INITIAL_STOP_OR_GAP,0,-91.16300760442844,0.0,-0.9888578096131054,20.340710664280827,0.6384297288815796,0.8247382120878577,20–25,0.5–1%,favorable,1778760000000
oos,498,ADAUSDT,SHORT,2026-05-13T16:00:03+00:00,2026-05-14T17:06:00.252000+00:00,1778688003000,1778778360252,2026,0.26184762,0.27275832893809304,0.27270378818045693,-91.26553702665349,-88.9075036544852,-88.03624426114865,0.871259393336544,2.613788744358,0.25575537218970784,0.0,0.013597799660635118,1.0050239418484963,25.099236666666666,NO_FOLLOW_THROUGH,NO_FOLLOW_THROUGH,False,INITIAL_STOP_OR_GAP,0,-91.26553702665349,0.0,-0.9933448089331647,22.950452808915298,0.5135829775230694,0.03819709702064343,20–25,<0.25%,favorable,1778774400000
oos,499,XRPUSDT,LONG,2026-05-14T16:00:03+00:00,2026-05-15T14:00:18.936000+00:00,1778774403000,1778853618936,2026,1.4723944199999999,1.4271430601295425,1.4274285458387101,-89.8821305722248,-86.40129938715201,-85.2940485346353,1.1072508525167137,3.3217627928370423,-0.15906839223574035,1.6991903621385887,1.6991903621385887,1.0063489416027724,22.004426666666667,GIVEBACK_GE1R,GIVEBACK_GE1R,False,INITIAL_STOP_OR_GAP,0,-89.8821305722248,0.0,-0.9947737885916113,21.3392036871848,0.0,0.2105978260869484,20–25,<0.25%,flat_or_adverse,1778846400000
oos,500,BTCUSDT,LONG,2026-05-14T20:00:03+00:00,2026-05-15T13:38:01.274000+00:00,1778788803000,1778852281274,2026,81390.07476,79525.99928865553,79541.90767018957,-89.56923884748589,-85.37465658757704,-83.90066870531791,1.4739878822591237,4.421973714857053,0.2273914549482,0.12646326259600954,0.12646326259600954,1.0086076532916044,17.63285388888889,NO_FOLLOW_THROUGH,NO_FOLLOW_THROUGH,False,INITIAL_STOP_OR_GAP,0,-89.56923884748589,0.0,-0.9885103752617488,24.221138443991446,0.0,0.12719097202167287,20–25,<0.25%,flat_or_adverse,1778846400000
oos,501,SOLUSDT,SHORT,2026-05-16T08:00:03+00:00,2026-05-20T14:53:04.117000+00:00,1778918403000,1779288784117,2026,87.392518,85.957188,90.45379444513426,36.029083971162954,40.401381773999816,41.37726599999997,0.9758842260001543,2.92764771272808,-1.4446500901087802,1.3335999127059996,1.3335999127059996,0.06124308057770973,102.88364361111111,WIN,WIN,False,RATCHETED_STOP,0,36.029083971162954,0.0,0.39986087824457456,30.4668901896894,0.8504201740292293,1.2010981468771416,25–35,>=1%,favorable,1779278400000
oos,502,XRPUSDT,SHORT,2026-05-16T08:00:03+00:00,2026-05-23T21:00:19.574000+00:00,1778918403000,1779570019574,2026,1.41551684,1.3757750999999998,1.4665520962901548,23.12081770142182,27.952379810784407,29.221336979999982,1.2689571692155752,3.806868001087562,-1.0246941082750196,2.359483399385409,2.359483399385409,0.25243647110840856,181.00460388888888,WIN,WIN,False,RATCHETED_STOP,1,63.306472103957674,-40.18565440253585,0.2566743866919665,21.995756852247972,0.13819763667630672,0.7486404407091013,20–25,0.5–1%,favorable,1779566400000
oos,503,ADAUSDT,SHORT,2026-05-16T08:00:03+00:00,2026-05-21T04:00:20+00:00,1778918403000,1779336020000,2026,0.25514896,0.25235046,0.26561265035928044,20.84081581481974,23.180257588799847,24.020992319999653,0.8407347311998059,2.5222013110809214,0.182759537100816,0.9699216673588454,0.9699216673588454,0.28202669408911524,116.00472222222223,WIN,WIN,False,RATCHETED_STOP,0,20.84081581481974,0.0,0.23142761174401486,19.93023122478255,0.5282036571119568,0.5485893416927948,<20,0.5–1%,favorable,1779336000000
oos,505,ADAUSDT,SHORT,2026-05-21T12:00:03+00:00,2026-05-21T17:29:12+00:00,1779364803000,1779384552000,2026,0.24635072000000002,0.25265052,0.25414422243606566,-74.05524284625947,-70.51516201235962,-69.39807683999982,1.1170851723598076,3.3512638448492207,-0.18881698905064082,0.032170388353221564,0.032170388353221564,0.8083400309014686,5.485833333333333,NO_FOLLOW_THROUGH,NO_FOLLOW_THROUGH,False,RATCHETED_STOP,0,-74.05524284625947,0.0,-0.8080534229134144,38.242010162642984,-0.0,0.1217532467532446,>=35,<0.25%,flat_or_adverse,1779379200000
oos,506,ETHUSDT,SHORT,2026-05-22T20:00:03+00:00,2026-05-23T20:38:19.347000+00:00,1779480003000,1779568699347,2026,2064.18708,2123.9371379037984,2123.512435416715,-90.37084650974018,-87.19923450480321,-85.97680824715417,1.2224262576490474,3.6672890901652813,0.49567708522832,0.9639568039382981,0.9639568039382981,1.0071588696620546,24.637874166666666,SLOW_FAILURE,SLOW_FAILURE,False,INITIAL_STOP_OR_GAP,0,-90.37084650974018,0.0,-0.9887467885463284,34.22264519329386,0.30333154407211305,1.884626562045932,25–35,>=1%,favorable,1779566400000
oos,507,BTCUSDT,SHORT,2026-05-22T20:00:03+00:00,2026-05-23T21:00:10.752000+00:00,1779480003000,1779570010752,2026,75811.93458,77359.19428201421,77343.72553690683,-90.05519090192085,-85.40873555118455,-83.71772963725668,1.6910059139278673,5.0730277879099095,0.42657243717359994,1.0499700189167667,1.0499700189167667,1.0100984700540474,25.002153333333332,GIVEBACK_GE1R,GIVEBACK_GE1R,False,INITIAL_STOP_OR_GAP,0,-90.05519090192085,0.0,-0.9869000273656408,29.090742467469987,0.2599191365351712,0.924339714956782,25–35,0.5–1%,favorable,1779566400000
oos,508,SOLUSDT,SHORT,2026-05-22T20:00:03+00:00,2026-05-23T21:00:10.342000+00:00,1779480003000,1779570010342,2026,84.493098,87.30049420323418,87.28303759571504,-91.87156297146238,-87.65392795547909,-86.58116633221279,1.0727616232663024,3.2182952595392877,-0.9993397564439999,1.1229985067820132,1.1229985067820132,1.006256984038632,25.002039444444446,GIVEBACK_GE1R,GIVEBACK_GE1R,False,INITIAL_STOP_OR_GAP,0,-91.87156297146238,0.0,-1.00593165193583,24.36438899511104,-0.0,0.8874689385871495,20–25,0.5–1%,flat_or_adverse,1779566400000
oos,510,BTCUSDT,SHORT,2026-05-26T20:00:03+00:00,2026-06-07T08:02:14.094000+00:00,1779825603000,1780819334094,2026,76013.19432,62392.475999999995,77676.23909179527,913.8165255545888,912.666938328,914.6763599999996,2.0094216719995757,6.028155254836798,7.1777424814256,10.182043566824964,10.182043566824964,0.08695236740012972,276.036415,WIN,WIN,False,RATCHETED_STOP,1,677.7144914719951,236.1020340825937,10.323344247120275,18.713542984604963,-0.11481006849221377,0.27147785758723286,<20,0.25–0.5%,flat_or_adverse,1780819200000
oos,511,ETHUSDT,SHORT,2026-05-26T20:00:03+00:00,2026-06-07T08:45:06.850000+00:00,1779825603000,1780821906850,2026,2073.23527,1623.27459,2136.430996447594,727.2269861067955,727.5550671144001,728.852418,1.2973508855998261,3.89196519450984,3.5638841869052404,9.013825807863414,9.013825807863414,0.36987833377283524,276.75106944444445,WIN,WIN,False,RATCHETED_STOP,1,599.5267894797165,127.70019662707904,8.213975448982048,19.241384096618308,-0.0,0.1355098497817831,<20,<0.25%,flat_or_adverse,1780819200000
oos,512,XRPUSDT,SHORT,2026-05-26T20:00:03+00:00,2026-05-30T00:18:12.380000+00:00,1779825603000,1780100292380,2026,1.33143366,1.3381675800000001,1.3661368759123789,-20.177654423788056,-16.181871709488146,-14.89884117999996,1.283030529488185,3.8490933763249418,-0.1466893379749694,1.8624688894306487,1.8624688894306487,0.32752987586794496,76.30260555555556,GIVEBACK_GE1R,GIVEBACK_GE1R,False,RATCHETED_STOP,0,-20.177654423788056,0.0,-0.22796426571351516,22.701465929679614,-0.0,0.13517572844698286,20–25,<0.25%,flat_or_adverse,1780099200000
oos,513,SOLUSDT,SHORT,2026-05-26T20:00:03+00:00,2026-05-31T02:15:07.272000+00:00,1779825603000,1780193707272,2026,83.723252,83.246646,86.46667399604895,11.220949270881269,14.655491518200119,15.682346999999721,1.0268554817996023,3.0805645635183594,-0.35397768380049,1.389961881727205,1.389961881727205,0.3997737138433374,102.25118666666667,WIN,WIN,False,RATCHETED_STOP,0,11.220949270881269,0.0,0.1268211293093565,14.067294692053597,-0.0,0.05971575301564213,<20,<0.25%,flat_or_adverse,1780185600000
oos,514,SOLUSDT,SHORT,2026-05-31T20:00:03+00:00,2026-06-07T09:15:15+00:00,1780257603000,1780823715000,2026,81.53368999999999,66.053208,83.70619283727862,629.8560999045695,638.6780641873999,639.9867589999996,1.308694812599704,3.9260076393889194,-4.89595664344132,9.898118258357007,9.898118258357007,0.7117643178487079,157.25333333333333,WIN,WIN,False,RATCHETED_STOP,1,598.3317689504228,31.524330954146738,6.985048730787589,24.920402877526385,-0.0,0.18395879323030592,20–25,<0.25%,flat_or_adverse,1780819200000
oos,515,XRPUSDT,SHORT,2026-05-31T20:00:03+00:00,2026-06-07T08:24:10+00:00,1780257603000,1780820650000,2026,1.32543486,1.1366272800000001,1.3608021178951335,445.67368424254494,452.43305958537184,453.8474230599999,1.414363474628123,4.2430359621932325,-2.5163393806336734,7.816123625406598,7.816123625406598,0.4683750164945463,156.40194444444444,WIN,WIN,False,RATCHETED_STOP,1,448.20728413378396,-2.5335998912390068,4.944308588443056,17.418833368517834,-0.0,0.037715923662966354,<20,<0.25%,flat_or_adverse,1780819200000
oos,520,BTCUSDT,SHORT,2026-06-09T16:00:03+00:00,2026-06-11T06:21:11.697000+00:00,1781020803000,1781158871697,2026,61088.37988,62934.5844,63540.523780993695,-82.04323902345196,-78.83293300399997,-77.77378000000006,1.05915300399991,3.1774683448536,-0.03283767459840003,0.16168703632740777,0.16168703632740777,0.7528940366231576,38.35241583333333,NO_FOLLOW_THROUGH,NO_FOLLOW_THROUGH,False,RATCHETED_STOP,0,-82.04323902345196,0.0,-0.753519118733597,34.793835182785685,-0.0,0.14566117900449588,25–35,<0.25%,flat_or_adverse,1781150400000
oos,521,XRPUSDT,SHORT,2026-06-10T12:00:03+00:00,2026-06-11T17:49:11.632000+00:00,1781092803000,1781200151632,2026,1.10357924,1.1407281,1.1584480572108558,-74.30220155780538,-71.42615770063212,-70.56313404000034,0.8630236606317823,2.5890794494720843,-0.2869644077011824,0.2966938386413619,0.2966938386413619,0.6770486751562446,29.819064444444443,NO_FOLLOW_THROUGH,NO_FOLLOW_THROUGH,False,RATCHETED_STOP,0,-74.30220155780538,0.0,-0.6823520122190834,27.70461385598472,-0.0,0.199311469469125,25–35,<0.25%,flat_or_adverse,1781193600000
oos,522,ADAUSDT,SHORT,2026-06-10T12:00:03+00:00,2026-06-11T17:32:15.555000+00:00,1781092803000,1781199135555,2026,0.15936812,0.1680336,0.17105836914225275,-80.44524682790448,-78.97727744063603,-78.38049202000023,0.596785420635797,1.7903656675670425,0.32239628029859,0.1084767300139542,0.1084767300139542,0.7412570848195059,29.536820833333334,NO_FOLLOW_THROUGH,NO_FOLLOW_THROUGH,False,RATCHETED_STOP,0,-80.44524682790448,0.0,-0.7389176534446843,34.46899445970071,-0.0,0.12547051442911278,25–35,<0.25%,flat_or_adverse,1781193600000
oos,523,SOLUSDT,SHORT,2026-06-10T12:00:03+00:00,2026-06-11T11:51:04+00:00,1781092803000,1781178664000,2026,63.457306,65.753148,66.98754880327492,-71.34297709578824,-68.8123539291998,-68.03780199999989,0.7745519291999159,2.32366395213624,-0.20695921445219995,0.33065884276206825,0.33065884276206825,0.6503354380809726,23.850277777777777,NO_FOLLOW_THROUGH,NO_FOLLOW_THROUGH,False,RATCHETED_STOP,0,-71.34297709578824,0.0,-0.6554022624669537,30.54570552500308,-0.0,0.047266425082718035,25–35,<0.25%,flat_or_adverse,1781164800000
oos,524,XRPUSDT,LONG,2026-06-15T00:00:03+00:00,2026-06-17T07:54:20+00:00,1781481603000,1781682860000,2026,1.18543704,1.20435908,1.1464134068764205,45.691923266623256,49.28247399424364,50.52732133999964,1.2448473457559999,3.7345359739894386,0.14398524636905852,2.7563543266043613,2.7563543266043613,0.21107824517299723,55.90472222222222,WIN,WIN,False,RATCHETED_STOP,0,45.691923266623256,0.0,0.4287219711911422,14.050833618132478,0.685803981681207,1.037799527505923,<20,>=1%,favorable,1781668800000
oos,525,SOLUSDT,LONG,2026-06-15T00:00:03+00:00,2026-06-17T08:48:20+00:00,1781481603000,1781686100000,2026,71.25424799999999,72.275542,68.52494704468526,35.49305227591084,38.26992876800044,39.34560000000043,1.0756712319999906,3.2270089745279997,0.4501324824384,1.7607995888624313,1.7607995888624313,0.2323847792472001,56.804722222222225,WIN,WIN,False,RATCHETED_STOP,0,35.49305227591084,0.0,0.3331291266291996,26.752423742037525,0.6261388002293747,0.8281864121280029,25–35,0.5–1%,favorable,1781683200000
oos,526,BTCUSDT,LONG,2026-06-15T00:00:03+00:00,2026-06-17T07:53:07.704000+00:00,1781481603000,1781682787704,2026,65715.24042,65315.734240000005,64165.85008984441,-30.534199494802888,-25.688247373999786,-24.003190000000185,1.6850573739996015,5.0551750023828,0.20922288157969998,0.9940423339581113,0.9940423339581113,0.2587730232960317,55.88464,SLOW_FAILURE,SLOW_FAILURE,False,RATCHETED_STOP,0,-30.534199494802888,0.0,-0.28701175349257035,18.511953021491486,0.9202278813196664,0.7056091053406296,<20,0.5–1%,favorable,1781668800000
oos,527,ETHUSDT,LONG,2026-06-15T12:00:03+00:00,2026-06-17T12:20:08.480000+00:00,1781524803000,1781698808480,2026,1764.132756,1757.0085279999998,1711.2328731875696,-18.47237030341947,-13.805329018400252,-12.44067600000014,1.3646530184001122,4.093960548081119,-0.5730807369380999,1.6001404823548986,1.6001404823548986,0.1346737955027394,48.334855555555556,GIVEBACK_GE1R,GIVEBACK_GE1R,False,RATCHETED_STOP,0,-18.47237030341947,0.0,-0.17107364892610386,16.788999825583318,1.280184171441438,1.1875063783465023,<20,>=1%,favorable,1781697600000
oos,528,ADAUSDT,SHORT,2026-06-17T20:00:03+00:00,2026-06-29T12:07:14.285000+00:00,1781726403000,1782734834285,2026,0.16536692,0.1465293,0.17573163522089194,172.48868166953955,180.1940194215481,181.0127460600001,0.8187266384520022,2.4561581938264725,-5.249179558182042,2.630744735276338,2.630744735276338,0.3215795059454763,280.1198013888889,WIN,WIN,False,RATCHETED_STOP,1,182.57183782166607,-10.083156152126508,1.614784494808476,20.352853983805193,0.058641652780471634,0.7854984894259792,20–25,0.5–1%,favorable,1782734400000
oos,529,XRPUSDT,SHORT,2026-06-19T08:00:03+00:00,2026-06-20T15:19:16.250000+00:00,1781856003000,1781968756250,2026,1.12457504,1.15463088,1.1703827756350078,-71.18213790105527,-67.70970618447987,-66.68279120000015,1.026914984479717,3.0807529553749435,-0.39167876120044604,0.13480343252943633,0.13480343252943633,0.6561302274245208,31.32034722222222,NO_FOLLOW_THROUGH,NO_FOLLOW_THROUGH,False,RATCHETED_STOP,0,-71.18213790105527,0.0,-0.6637089062968144,18.94092123049935,0.12532216691746428,0.4089252377989296,<20,0.25–0.5%,favorable,1781956800000
oos,530,SOLUSDT,LONG,2026-06-21T00:00:03+00:00,2026-06-22T21:39:17.931000+00:00,1782000003000,1782164357931,2026,73.204638,72.24554800000001,70.07632473252258,-34.31280306908125,-31.452013823999643,-30.498047999999756,0.9539658239998872,2.86190113176576,0.001111886684159985,0.5643175248313703,0.5643175248313703,0.3065837459345528,45.6541475,SLOW_FAILURE,SLOW_FAILURE,False,RATCHETED_STOP,0,-34.31280306908125,0.0,-0.3223988069722962,18.45695664740129,-0.31152895426564076,0.778794917338425,<20,0.5–1%,flat_or_adverse,1782158400000
oos,531,XRPUSDT,SHORT,2026-06-22T00:00:03+00:00,2026-06-22T12:53:02.857000+00:00,1782086403000,1782132782857,2026,1.1240751400000002,1.155231,1.157064060013044,-99.73586575375604,-95.5664069712431,-94.16811777999985,1.3982891912432507,4.194878873906133,0.0254200913931888,0.0,0.0,0.9444340702175374,12.88329361111111,NO_FOLLOW_THROUGH,NO_FOLLOW_THROUGH,False,RATCHETED_STOP,0,-99.73586575375604,0.0,-0.9346809132962767,15.026784079934925,-0.0,0.8271813572889676,<20,0.5–1%,flat_or_adverse,1782129600000
oos,532,ETHUSDT,LONG,2026-06-22T12:00:03+00:00,2026-06-23T05:22:05.435000+00:00,1782129603000,1782192125435,2026,1767.30339,1713.4498134102544,1713.7925719246393,-105.53143041059515,-101.49245044103469,-100.1804889508248,1.311961490209896,3.9358964922881787,-0.10308347727228001,0.21858402507558974,0.21858402507558974,1.0064054059854262,17.367343055555555,NO_FOLLOW_THROUGH,NO_FOLLOW_THROUGH,False,INITIAL_STOP_OR_GAP,0,-105.53143041059515,0.0,-0.9939335061363006,14.941786732607122,-0.40246538307874086,0.429556181873756,<20,0.25–0.5%,flat_or_adverse,1782187200000
oos,533,ETHUSDT,SHORT,2026-06-23T08:00:03+00:00,2026-06-27T14:13:09.606000+00:00,1782201603000,1782569589606,2026,1681.633606,1595.2089780000001,1737.289020864522,152.3299427021911,155.92731383759997,157.10973599999988,1.1824221623999165,3.5472476340316796,-0.050123501377199994,3.0682298643479404,3.0682298643479404,0.18626029516146994,102.21850166666667,WIN,WIN,False,RATCHETED_STOP,0,152.3299427021911,0.0,1.4470691983691124,14.706113527705877,-0.13754083989004418,1.0945563509239133,<20,>=1%,flat_or_adverse,1782561600000
oos,534,XRPUSDT,SHORT,2026-06-23T08:00:03+00:00,2026-06-27T14:07:08.235000+00:00,1782201603000,1782569228235,2026,1.1119775600000001,1.06651326,1.1465026707680757,125.27656381950386,131.79102628615036,133.05402495000016,1.2629986638497996,3.7889800250670063,-2.7254824415794743,3.0087538515894656,3.0087538515894656,0.08464679576646471,102.11812083333334,WIN,WIN,False,RATCHETED_STOP,0,125.27656381950386,0.0,1.1904104616000746,14.492578201390883,0.5905971535665714,0.6293266205160384,<20,0.5–1%,favorable,1782561600000
oos,535,BTCUSDT,SHORT,2026-06-23T08:00:03+00:00,2026-06-27T15:10:05.327000+00:00,1782201603000,1782573005327,2026,62836.73014000001,60746.1468,64418.71590351451,127.1129605846878,130.6614587500003,132.20625000000018,1.5447912499998893,4.63435788525,1.0858597199375,3.0384155476352013,3.0384155476352013,0.23569735493171118,103.16731305555555,WIN,WIN,False,RATCHETED_STOP,0,127.1129605846878,0.0,1.2087831891838945,15.611382256218135,-0.0032494095718213025,0.5899836433876691,<20,0.5–1%,flat_or_adverse,1782561600000
oos,537,BTCUSDT,SHORT,2026-06-28T20:00:03+00:00,2026-06-29T12:07:06.725000+00:00,1782676803000,1782734826725,2026,59439.40974,60555.40866,61145.23472050153,-71.60958321641989,-67.6295345519999,-66.1752,1.4543345519998923,4.363011597024,0.38296293260400005,0.34552767531092815,0.34552767531092815,0.6542282665317068,16.11770138888889,NO_FOLLOW_THROUGH,NO_FOLLOW_THROUGH,False,RATCHETED_STOP,0,-71.60958321641989,0.0,-0.6561485339905487,37.00593410759403,0.15957873382118937,0.4430509626350287,>=35,0.25–0.5%,favorable,1782734400000
oos,538,SOLUSDT,LONG,2026-06-29T16:00:03+00:00,2026-07-05T01:33:09.565000+00:00,1782748803000,1783215189565,2026,73.894776,80.613874,70.14887270153562,183.92670599892014,188.28054842660006,189.14647499999998,0.8659265733999177,2.5977570226229996,-1.7560854050569197,2.686995151243288,2.686995151243288,0.5458699376564935,129.5518236111111,WIN,WIN,False,RATCHETED_STOP,0,183.92670599892014,0.0,1.6986270262835752,14.609274422976531,0.17199089111090782,0.2978204954650045,<20,0.25–0.5%,favorable,1783209600000
oos,539,BTCUSDT,SHORT,2026-06-30T16:00:03+00:00,2026-07-01T14:18:12.219000+00:00,1782835203000,1782915492219,2026,58344.52876,60066.336541556935,60054.32567642165,-107.13257060504431,-103.13628611526035,-101.71772801765698,1.4185580976033663,4.255686498937956,0.259402009154,0.34268909621516025,0.34268909621516025,1.0070247320134502,22.302560833333335,NO_FOLLOW_THROUGH,NO_FOLLOW_THROUGH,False,INITIAL_STOP_OR_GAP,0,-107.13257060504431,0.0,-0.9918894927968595,42.41296725490266,0.07537722429927911,0.846182582142091,>=35,0.5–1%,favorable,1782907200000
oos,540,ADAUSDT,LONG,2026-07-01T16:00:03+00:00,2026-07-06T09:32:20+00:00,1782921603000,1783330340000,2026,0.15523104000000001,0.18276344,0.14755749334223217,353.84027230570024,360.57601562091185,361.64017823999984,1.0641626190879823,3.192444460442611,-3.5432988547690005,5.821162233343835,5.821162233343835,0.35590322464976704,113.53805555555556,WIN,WIN,False,RATCHETED_STOP,1,369.8621242671845,-16.02185196148429,3.2706770327016654,28.344458764997473,0.9545898103497129,1.353965183752412,25–35,>=1%,favorable,1783324800000
oos,541,ETHUSDT,LONG,2026-07-02T12:00:03+00:00,2026-07-06T12:03:09.510000+00:00,1782993603000,1783339389510,2026,1649.749884,1746.920546,1584.7623952113436,124.81932055888015,132.08410287440003,133.59581999999983,1.5117171255997945,4.535135345301599,-2.7296469702182797,2.4350858749849458,2.4350858749849458,0.044006685799177325,96.05180833333333,WIN,WIN,False,RATCHETED_STOP,1,151.8265489177861,-27.00722835890597,1.138477699357107,24.692749467344246,0.13148205610691807,0.21522847563675385,20–25,<0.25%,favorable,1783339200000
oos,542,XRPUSDT,LONG,2026-07-02T16:00:03+00:00,2026-07-06T12:03:17.741000+00:00,1783008003000,1783339397741,2026,1.09351866,1.1238751800000002,1.0530864989399207,75.12365628037215,79.14754675953657,80.30381744000042,1.156270680463848,3.468802404933907,-0.5550880742305164,2.232909091004272,2.232909091004272,0.3788731445058674,92.05409472222222,WIN,WIN,False,RATCHETED_STOP,0,75.12365628037215,0.0,0.6830715978921821,20.346621333412568,0.8902482762322693,0.6905698344461672,20–25,0.5–1%,favorable,1783339200000
oos,545,BTCUSDT,LONG,2026-07-06T00:00:03+00:00,2026-07-06T12:00:03.740000+00:00,1783296003000,1783339203740,2026,63629.92344,62397.61798,62228.882021442194,-100.35128721727769,-94.27136768999969,-92.34314999999988,1.928217689999812,5.784664151177999,-0.2952553761,0.19276843383974404,0.19276843383974404,0.8795639041624471,12.000205555555555,NO_FOLLOW_THROUGH,NO_FOLLOW_THROUGH,False,RATCHETED_STOP,0,-100.35128721727769,0.0,-0.8728629914453171,35.05684361020985,1.2977788991550447,0.2626652268022254,>=35,0.25–0.5%,favorable,1783339200000
oos,546,BTCUSDT,LONG,2026-07-07T00:00:03+00:00,2026-07-08T08:17:13.357000+00:00,1783382403000,1783498633357,2026,64036.3047,62422.41302,62393.96359786172,-109.39395373764123,-103.77323502400003,-102.1469799999999,1.6262550240001303,4.878777329637599,-0.7419413840036,0.15940373145331896,0.15940373145331896,0.9826775192429653,32.286210277777776,NO_FOLLOW_THROUGH,NO_FOLLOW_THROUGH,False,RATCHETED_STOP,0,-109.39395373764123,0.0,-0.9750724707851361,30.085147306246558,1.064102395923817,0.051387300932783306,25–35,<0.25%,favorable,1783497600000
oos,547,XRPUSDT,SHORT,2026-07-08T16:00:03+00:00,2026-07-10T01:48:08.288000+00:00,1783526403000,1783648088288,2026,1.07288538,1.10252046,1.112192933159202,-83.79727463393819,-80.49917547030009,-79.31734700000031,1.1818284702997772,3.5454949289816393,0.24739576534353494,0.004716141939672348,0.004716141939672348,0.7539283831779898,33.80146888888889,NO_FOLLOW_THROUGH,NO_FOLLOW_THROUGH,False,RATCHETED_STOP,0,-83.79727463393819,0.0,-0.7519773600065247,25.05374925783016,0.5693339331350398,0.1211330600074617,25–35,<0.25%,favorable,1783641600000
oos,548,ETHUSDT,LONG,2026-07-10T04:00:03+00:00,2026-07-13T03:34:03.476000+00:00,1783656003000,1783913643476,2026,1775.7550800000001,1777.904348,1718.7030363028045,-0.915010206275198,3.9761457999998018,5.290999999999815,1.314854200000013,3.9445619650799997,-0.9465940411950001,1.2662985463490257,1.2662985463490257,0.1410130028417467,71.56679888888888,COST_FLIP,COST_FLIP,False,RATCHETED_STOP,0,-0.915010206275198,0.0,-0.00825802734744887,17.43394392660411,0.0,0.7260294805143657,<20,0.5–1%,flat_or_adverse,1783900800000
oos,549,BTCUSDT,LONG,2026-07-10T04:00:03+00:00,2026-07-12T06:29:11.275000+00:00,1783656003000,1783837751275,2026,63930.08346,63607.176020000006,62241.810700458685,-26.129092178975718,-19.955679791999717,-18.37932000000009,1.5763597919996286,4.7290815815184,-1.4443308054576,0.4441915773158253,0.4441915773158253,0.19126497076676494,50.48563194444444,NO_FOLLOW_THROUGH,NO_FOLLOW_THROUGH,False,RATCHETED_STOP,0,-26.129092178975718,0.0,-0.23612759887397972,15.039050299262572,0.0,0.67634376975211,<20,0.5–1%,flat_or_adverse,1783828800000
oos,550,SOLUSDT,SHORT,2026-07-12T00:00:03+00:00,2026-07-15T04:47:05+00:00,1783814403000,1784090825000,2026,76.71465400000001,78.01559999999999,79.05024050409479,-62.24114538737007,-58.64027104459919,-57.24537699999982,1.3948940445993685,4.184689003245239,0.58381466047436,1.1366112945702662,1.1366112945702662,0.6316811633452213,76.7838888888889,GIVEBACK_GE1R,GIVEBACK_GE1R,False,RATCHETED_STOP,0,-62.24114538737007,0.0,-0.5616951900708316,14.243220638562443,-0.0,0.3778994005733728,<20,0.25–0.5%,flat_or_adverse,1784088000000
oos,551,ADAUSDT,SHORT,2026-07-13T00:00:03+00:00,2026-07-14T13:24:20+00:00,1783900803000,1784035460000,2026,0.16186762,0.1645329,0.16831250947323062,-46.89759035609408,-43.65714034265633,-42.58785752000031,1.0692828226560138,3.207853578510902,-0.032596434926849216,1.019043077042537,1.019043077042537,0.4135493728900202,37.40472222222222,GIVEBACK_GE1R,GIVEBACK_GE1R,False,RATCHETED_STOP,0,-46.89759035609408,0.0,-0.427082723756941,19.020762914157476,0.1996158324749642,0.18541409147094853,<20,<0.25%,favorable,1784030400000
oos,552,XRPUSDT,SHORT,2026-07-13T00:00:03+00:00,2026-07-14T13:22:12.380000+00:00,1783900803000,1784035332380,2026,1.08518292,1.10282052,1.1107711826376827,-77.39836222425532,-71.57602644000012,-69.80018000000042,1.7758464399996967,5.3275476960215995,-0.49478808823359993,1.273354133547805,1.273354133547805,0.6892847806722895,37.36927222222222,GIVEBACK_GE1R,GIVEBACK_GE1R,False,RATCHETED_STOP,0,-77.39836222425532,0.0,-0.6979922048810657,14.239181112677667,-0.19313250272858498,0.06449235304958034,<20,<0.25%,flat_or_adverse,1784030400000
oos,553,ETHUSDT,LONG,2026-07-14T16:00:03+00:00,2026-07-16T17:17:13.175000+00:00,1784044803000,1784222233175,2026,1874.7448739999998,1862.947336,1813.9591721663605,-25.117630557876183,-20.239856192799664,-18.957379999999922,1.2824761927997415,3.847430853285599,-1.03034351179092,1.1845734083496609,1.1845734083496609,0.2425714198439976,49.28615972222222,GIVEBACK_GE1R,GIVEBACK_GE1R,False,RATCHETED_STOP,0,-25.117630557876183,0.0,-0.22953138204800544,22.076558920614037,0.8503690174763539,1.4073987131744954,20–25,>=1%,favorable,1784217600000
oos,554,BTCUSDT,LONG,2026-07-14T16:00:03+00:00,2026-07-16T08:10:10.276000+00:00,1784044803000,1784189410276,2026,64740.34548,63992.79888,63295.64352697978,-59.8048591698415,-52.7767899600001,-50.9590800000002,1.8177099599999025,5.4531359950896,-1.5749332147518,0.5879098579636959,0.5879098579636959,0.5174400148329675,40.16868777777778,SLOW_FAILURE,SLOW_FAILURE,False,RATCHETED_STOP,0,-59.8048591698415,0.0,-0.5471172934415978,25.01767174954377,0.18856638572893306,0.4877370514850676,25–35,0.25–0.5%,favorable,1784188800000
oos,555,XRPUSDT,LONG,2026-07-14T20:00:03+00:00,2026-07-16T17:55:01.951000+00:00,1784059203000,1784224501951,2026,1.11502296,1.0982803,1.0838684365542153,-60.94352665949721,-55.579779640329335,-54.11030314999994,1.4694764903293915,4.408435964226378,-0.955311054941494,0.4711046222723049,0.4711046222723049,0.5374070326941616,45.916375277777774,NO_FOLLOW_THROUGH,NO_FOLLOW_THROUGH,False,RATCHETED_STOP,0,-60.94352665949721,0.0,-0.5573533403610096,27.535520362210324,0.05496004115599476,0.0717617509867361,25–35,<0.25%,favorable,1784217600000
oos,556,XRPUSDT,SHORT,2026-07-16T20:00:03+00:00,2026-07-18T18:25:19.130000+00:00,1784232003000,1784399119130,2026,1.09618072,1.0957191,1.1280308792593576,-2.7967936283333117,1.4851324501321654,2.8954967400003957,1.4103642898682303,4.231092522144391,-0.0508335563210862,0.8502538332533986,0.8502538332533986,0.07595817591678869,46.421147222222224,COST_FLIP,COST_FLIP,False,RATCHETED_STOP,0,-2.7967936283333117,0.0,-0.02586951275508019,22.76571125226763,-0.0,0.1345311929952677,20–25,<0.25%,flat_or_adverse,1784390400000
oos,557,ADAUSDT,SHORT,2026-07-17T00:00:03+00:00,2026-07-17T16:52:10+00:00,1784246403000,1784307130000,2026,0.16066786000000002,0.16643328,0.1672732346610037,-94.25365781205336,-91.00270552538547,-89.97010130999973,1.0326042153857315,3.0978234425701574,-0.15312884409773891,0.464449052089633,0.464449052089633,0.8728376959504562,16.86861111111111,NO_FOLLOW_THROUGH,NO_FOLLOW_THROUGH,False,RATCHETED_STOP,0,-94.25365781205336,0.0,-0.870153946746121,18.516621366712734,-0.0,0.12445550715617795,<20,<0.25%,flat_or_adverse,1784304000000
oos,558,SOLUSDT,SHORT,2026-07-17T00:00:03+00:00,2026-07-18T21:15:20+00:00,1784246403000,1784409320000,2026,75.254946,75.61511999999999,77.58292454230579,-19.85834913532634,-15.9304239851994,-14.595833999999924,1.334589985199477,4.003771707100079,0.07584655697314004,0.831170032213231,0.831170032213231,0.1954717329779483,45.25472222222222,SLOW_FAILURE,SLOW_FAILURE,False,RATCHETED_STOP,0,-19.85834913532634,0.0,-0.1833784079376002,16.895193339001636,-0.0,0.09299853859440334,<20,<0.25%,flat_or_adverse,1784404800000
oos,559,BTCUSDT,SHORT,2026-07-17T08:00:03+00:00,2026-07-17T18:47:04.758000+00:00,1784275203000,1784314024758,2026,62780.241440000005,64224.29755538562,64211.455264332755,-107.6661288644023,-102.52798419237887,-100.7245237676254,1.8034604247534674,5.410393361203428,0.27224868918,0.19224341976174045,0.19224341976174045,1.0089730065728335,10.783821666666666,NO_FOLLOW_THROUGH,NO_FOLLOW_THROUGH,False,INITIAL_STOP_OR_GAP,0,-107.6661288644023,0.0,-0.9900514223514296,23.73391659333411,-0.0,0.3209757791087776,20–25,0.25–0.5%,flat_or_adverse,1784304000000
oos,560,BTCUSDT,LONG,2026-07-18T20:00:03+00:00,2026-07-20T06:33:17.489000+00:00,1784404803000,1784529197489,2026,64539.30528,63912.41496,63347.6708615052,-58.79223307593708,-51.53038430399988,-49.41864000000036,2.1117443039995223,6.335238842236799,-0.9266099297004,0.4576023581869847,0.4576023581869847,0.5260760433488039,34.55402472222222,NO_FOLLOW_THROUGH,NO_FOLLOW_THROUGH,False,RATCHETED_STOP,0,-58.79223307593708,0.0,-0.5523480319181722,19.799779771047376,0.22415872081474683,0.26283856350047313,<20,0.25–0.5%,favorable,1784520000000
oos,561,ETHUSDT,LONG,2026-07-20T04:00:03+00:00,2026-07-23T12:36:09.196000+00:00,1784520003000,1784810169196,2026,1879.255776,1908.938136,1836.4006737153923,62.74744344313877,68.96399522400003,70.7242959999996,1.7603007759995677,5.280893841084479,-0.93565793977678,1.854953547236125,1.854953547236125,0.8730763434308426,80.60172111111112,WIN,WIN,False,RATCHETED_STOP,0,62.74744344313877,0.0,0.5888706357271449,17.651215053950988,-0.39430945509296583,0.00638678361577739,<20,<0.25%,flat_or_adverse,1784808000000
oos,562,ADAUSDT,SHORT,2026-07-20T08:00:03+00:00,2026-07-20T18:01:19.318000+00:00,1784534403000,1784570479318,2026,0.16236752,0.16849622934508082,0.16846253683771328,-105.019202019552,-101.90572566765329,-100.80543570400053,1.1002899636527559,3.300881987610684,0.18740563571197288,0.15873951225424174,0.15873951225424174,1.005527877652292,10.021199444444445,NO_FOLLOW_THROUGH,NO_FOLLOW_THROUGH,False,INITIAL_STOP_OR_GAP,0,-105.019202019552,0.0,-0.9938868253515445,15.674601895722587,0.01649474513340979,0.554187192118234,<20,0.5–1%,favorable,1784563200000
oos,563,BTCUSDT,LONG,2026-07-20T16:00:03+00:00,2026-07-23T07:11:07.180000+00:00,1784563203000,1784790667180,2026,65583.21402,65491.899000000005,64202.335777311804,-13.336584992054611,-6.492497921999612,-4.628610000000414,1.863887921999198,5.591664321433199,-1.2524227486217998,0.9710385308046169,0.9710385308046169,0.4140944525904262,63.18449444444445,SLOW_FAILURE,SLOW_FAILURE,False,RATCHETED_STOP,0,-13.336584992054611,0.0,-0.12624417670269808,21.978774366037918,0.44115790572010183,0.740428945510236,20–25,0.5–1%,favorable,1784779200000
oos,564,XRPUSDT,LONG,2026-07-20T16:00:03+00:00,2026-07-23T12:33:07.500000+00:00,1784563203000,1784809987500,2026,1.1123224200000001,1.12797436,1.0855535200396222,52.08366254655961,57.948905277209704,59.607778650000014,1.6588733727903104,4.976612965436562,-0.8886297652135352,1.9342438455311413,1.9342438455311413,0.17641442147380493,68.55125,WIN,WIN,False,RATCHETED_STOP,0,52.08366254655961,0.0,0.4927644837353284,10.063096022001085,-0.018834888872138487,0.34169589065731726,<20,0.25–0.5%,flat_or_adverse,1784808000000
oos,565,ADAUSDT,LONG,2026-07-21T04:00:03+00:00,2026-07-23T14:23:20+00:00,1784606403000,1784816600000,2026,0.17243448,0.17026594,0.16515504093956776,-34.45658688189179,-30.474981192061954,-29.51177312999987,0.9632080620620833,2.8896277275987754,-1.0919779622310544,1.1491984383070386,1.1491984383070386,0.2978993274065862,58.38805555555555,GIVEBACK_GE1R,GIVEBACK_GE1R,False,RATCHETED_STOP,0,-34.45658688189179,0.0,-0.3245208209020248,16.750678304903722,0.5318434952334263,0.23215322112594977,<20,<0.25%,favorable,1784808000000
oos,566,SOLUSDT,SHORT,2026-07-23T20:00:03+00:00,2026-07-26T09:37:15.454000+00:00,1784836803000,1785058635454,2026,75.674862,75.21504,77.80064717900534,17.305603179645182,21.631820185800123,23.05151099999976,1.4196908141996367,4.2590696764186795,-0.06714732973626011,1.088944462903416,1.088944462903416,0.35052365937966096,61.62012611111111,WIN,WIN,False,RATCHETED_STOP,0,17.305603179645182,0.0,0.1637217777849135,23.47094931048949,-0.0,0.13210039630118137,20–25,<0.25%,flat_or_adverse,1785052800000
oos,567,XRPUSDT,SHORT,2026-07-24T16:00:03+00:00,2026-07-26T22:00:14.035000+00:00,1784908803000,1785103214035,2026,1.09038188,1.1075214599999998,1.1185452907705014,-65.69510583887703,-60.89945411409136,-59.33756157999977,1.5618925340915908,4.685684722783389,-0.10996700200227935,0.2159496962054828,0.2159496962054828,0.6085761465352062,54.00306527777778,NO_FOLLOW_THROUGH,NO_FOLLOW_THROUGH,False,RATCHETED_STOP,0,-65.69510583887703,0.0,-0.6182044175950946,21.38227499944382,-0.11410115253167266,0.059605685465366105,20–25,<0.25%,flat_or_adverse,1785096000000
oos,568,ADAUSDT,SHORT,2026-07-25T08:00:03+00:00,2026-07-27T06:06:13.333000+00:00,1784966403000,1785132373333,2026,0.16146770000000002,0.16693338,0.1676486827003735,-94.33552849788325,-90.31232526412757,-89.22705983999981,1.0852654241277548,3.2558069796311813,-0.7673962541244961,0.027131608051562322,0.027131608051562322,0.8842736284749206,46.102870277777775,NO_FOLLOW_THROUGH,NO_FOLLOW_THROUGH,False,RATCHETED_STOP,0,-94.33552849788325,0.0,-0.8866081375435861,20.264183541529125,0.01626364619432549,0.681114551083585,20–25,0.5–1%,favorable,1785124800000
oos,569,ETHUSDT,LONG,2026-07-26T16:00:03+00:00,2026-07-28T00:11:16.006000+00:00,1785081603000,1785197476006,2026,1914.142752,1877.894346,1875.82004696593,-98.72274502620932,-91.90420857239982,-89.98134600000003,1.9228625723997936,5.7685985149615195,-1.0499379388479801,1.7706800169683499,1.7706800169683499,0.9458728439908952,32.18694611111111,GIVEBACK_GE1R,GIVEBACK_GE1R,False,RATCHETED_STOP,0,-98.72274502620932,0.0,-0.9408584245556468,16.24798064086648,0.0,0.23553233180927166,<20,<0.25%,flat_or_adverse,1785196800000
oos,570,ADAUSDT,SHORT,2026-07-27T16:00:03+00:00,2026-07-28T22:17:15.659000+00:00,1785168003000,1785277035659,2026,0.15776844,0.16328072448030934,0.16324807486533627,-105.1289630390181,-100.80093366042625,-99.62675820515346,1.1741754552727883,3.5225383210300767,-0.8054910575617733,0.83371248491384,0.83371248491384,1.0059583559444092,30.28684972222222,SLOW_FAILURE,SLOW_FAILURE,False,INITIAL_STOP_OR_GAP,0,-105.1289630390181,0.0,-1.002947938224778,13.391024101035127,0.8076247314432546,3.738910012674282,<20,>=1%,favorable,1785268800000
oos,571,XRPUSDT,SHORT,2026-07-27T16:00:03+00:00,2026-07-30T15:21:10.625000+00:00,1785168003000,1785424870625,2026,1.0854828600000002,1.0936186799999998,1.1080309747977601,-40.20870736799326,-35.10618859162663,-33.225618579999214,1.8805700116274195,5.641714021958229,0.5391952455915987,1.817573680442304,1.817573680442304,0.4442562089933524,71.35211805555555,GIVEBACK_GE1R,GIVEBACK_GE1R,False,RATCHETED_STOP,0,-40.20870736799326,0.0,-0.38370871911344373,17.75071424242863,0.3432753176990373,0.8566691230655938,<20,0.5–1%,favorable,1785412800000
oos,572,BTCUSDT,SHORT,2026-07-28T00:00:03+00:00,2026-07-30T11:50:06.846000+00:00,1785196803000,1785412206846,2026,63707.95586,64728.84318,64905.28810458883,-86.32181808531134,-82.48769545600013,-80.41216000000036,2.07553545599977,6.2266160174592,2.392493388148,0.8751588080381529,0.8751588080381529,0.8526349512541382,59.834401666666665,SLOW_FAILURE,SLOW_FAILURE,False,RATCHETED_STOP,0,-86.32181808531134,0.0,-0.8222643988307222,18.48776129452354,0.09514658658317152,0.8405418638811792,<20,0.5–1%,favorable,1785398400000
oos,573,SOLUSDT,SHORT,2026-07-28T04:00:03+00:00,2026-07-30T13:46:09.411000+00:00,1785211203000,1785419169411,2026,73.23535,74.5149,75.39386591408667,-63.495814180321936,-59.229601770000016,-57.86175,1.3678517700000157,4.10356225341,-0.16265015691192014,0.45186138940869786,0.45186138940869786,0.6090527252639051,57.7684475,NO_FOLLOW_THROUGH,NO_FOLLOW_THROUGH,False,RATCHETED_STOP,0,-63.495814180321936,0.0,-0.602767699247466,20.906762594829218,0.4224961238526637,0.6007646095030201,20–25,0.5–1%,favorable,1785412800000
oos,574,BTCUSDT,LONG,2026-07-30T12:00:03+00:00,2026-07-31T13:47:08.251000+00:00,1785412803000,1785505628251,2026,64779.85338,63368.75795250705,63381.434239354916,-102.2785497952046,-95.81337952677156,-94.0731251478013,1.7402543789702491,5.220774425686337,-1.2443958427467,0.43724131215620005,0.43724131215620005,1.0090647263609547,25.784791944444443,NO_FOLLOW_THROUGH,NO_FOLLOW_THROUGH,False,INITIAL_STOP_OR_GAP,0,-102.2785497952046,0.0,-1.002825825131536,25.720541918993614,0.0,0.0785896477825081,25–35,<0.25%,flat_or_adverse,1785499200000
oos,575,ADAUSDT,LONG,2026-07-30T16:00:03+00:00,2026-08-05T15:57:05+00:00,1785427203000,1785945425000,2026,0.17183436,0.18966206000000002,0.1640806759594909,194.39744340476022,202.0859656930605,203.25389762000003,1.1679319269395307,3.503771390352286,-4.184750897948001,3.5680638849172905,3.5680638849172905,0.687977479109369,143.95055555555555,WIN,WIN,False,RATCHETED_STOP,1,218.90849517960018,-24.511051774839963,1.913534308371471,22.0004889712834,0.9197696537599607,0.6693830034924401,20–25,0.5–1%,favorable,1785931200000
oos,576,BTCUSDT,SHORT,2026-07-31T16:00:03+00:00,2026-08-02T21:42:06.736000+00:00,1785513603000,1785706926736,2026,62682.76094000001,63632.724,64124.214412290115,-65.56203477622805,-61.93759151199964,-60.290439999999805,1.6471515119998372,4.941461770852799,1.3170185066243998,0.3149327735697042,0.3149327735697042,0.6590313723347182,53.70103777777778,NO_FOLLOW_THROUGH,NO_FOLLOW_THROUGH,False,RATCHETED_STOP,0,-65.56203477622805,0.0,-0.6522168713232509,21.719726805322967,0.197716370698702,0.8590741904509718,20–25,0.5–1%,favorable,1785700800000
oos,577,ETHUSDT,SHORT,2026-07-31T16:00:03+00:00,2026-08-02T18:41:16.710000+00:00,1785513603000,1785696076710,2026,1861.567612,1885.377,1919.9313285820804,-41.95499248408914,-39.02358693199984,-37.79533999999991,1.2282469319999265,3.6847453314408,0.7533397793515,0.7017649731472989,0.7017649731472989,0.4079484548677664,50.68714166666667,SLOW_FAILURE,SLOW_FAILURE,False,RATCHETED_STOP,0,-41.95499248408914,0.0,-0.41729691217292636,12.727114025910975,0.22348168798472298,0.44684576302136136,<20,0.25–0.5%,favorable,1785686400000
oos,578,XRPUSDT,SHORT,2026-07-31T16:00:03+00:00,2026-08-02T03:38:20+00:00,1785513603000,1785641900000,2026,1.0597880000000002,1.08011598,1.0861226121676726,-77.45650184889394,-72.89371318478328,-71.3590279200001,1.5346852647831781,4.60406435743535,0.041275693324692025,0.508380374647586,0.508380374647586,0.771911121020944,35.63805555555555,SLOW_FAILURE,SLOW_FAILURE,False,RATCHETED_STOP,0,-77.45650184889394,0.0,-0.7706101113575229,13.323473315148451,0.10335872931349696,0.1415094339622695,<20,<0.25%,favorable,1785628800000
oos,580,XRPUSDT,SHORT,2026-08-05T12:00:03+00:00,2026-08-08T14:13:12.173000+00:00,1785931203000,1786198392173,2026,1.06038788,1.0434086399999998,1.0815372020665812,70.10489364932253,75.52294639192077,77.39446920000036,1.8715228080795896,5.614559136903694,0.19650639430545397,2.2879163619366887,2.2879163619366887,0.5868802773405594,74.21921472222222,WIN,WIN,False,RATCHETED_STOP,0,70.10489364932253,0.0,0.6898879737860961,9.659036702721284,-0.0,0.28288543140027267,<20,0.25–0.5%,flat_or_adverse,1786190400000
oos,581,BTCUSDT,LONG,2026-08-05T20:00:03+00:00,2026-08-10T13:34:13.358000+00:00,1785960003000,1786368853358,2026,64818.66114,64687.060000000005,63624.081197244726,-20.100597247264346,-10.199088349999347,-8.191749999999775,2.0073383499995714,6.02201603301,-3.879492864255,0.5558764518249074,0.5558764518249074,0.5923932879433694,113.56954388888889,SLOW_FAILURE,SLOW_FAILURE,False,RATCHETED_STOP,0,-20.100597247264346,0.0,-0.19977245836042873,18.432291895277952,0.32590882872041615,0.1191253238526813,<20,<0.25%,favorable,1786363200000
oos,582,ETHUSDT,LONG,2026-08-05T20:00:03+00:00,2026-08-09T23:30:08.261000+00:00,1785960003000,1786318208261,2026,1916.4732179999999,1910.71778,1867.514849222111,-16.89473254883864,-11.12698828539983,-9.647167000000017,1.4798212853998134,4.4394650138600396,-1.3282792495787699,0.5418232400745443,0.5418232400745443,0.510907912669194,99.50146138888888,SLOW_FAILURE,SLOW_FAILURE,False,RATCHETED_STOP,0,-16.89473254883864,0.0,-0.16797407924866892,14.804469920049241,0.5906312083556111,0.10464017869723666,<20,<0.25%,favorable,1786305600000
oos,583,ADAUSDT,LONG,2026-08-06T16:00:03+00:00,2026-08-07T14:31:19.649000+00:00,1786032003000,1786113079649,2026,0.20884176000000002,0.19719213701712532,0.19723158333379207,-100.10930125165494,-98.05195725133682,-97.36846403425575,0.6834932170810646,2.0504913354591308,-0.006852664858998001,0.24618402304928289,0.24618402304928289,1.0033975638615007,22.52129138888889,NO_FOLLOW_THROUGH,NO_FOLLOW_THROUGH,False,INITIAL_STOP_OR_GAP,0,-100.10930125165494,0.0,-0.995791641845781,37.310935384511716,1.8254404697156077,4.643370033508862,>=35,>=1%,favorable,1786104000000
oos,584,SOLUSDT,LONG,2026-08-08T04:00:03+00:00,2026-08-10T16:20:09.230000+00:00,1786161603000,1786378809230,2026,74.83496399999999,75.694858,73.06884722330466,37.96756217851436,46.0523110852006,47.66466200000003,1.6123509147994284,4.837047024640558,-3.2477018820456798,1.7241419368076756,1.7241419368076756,0.21797199657448954,60.33506388888889,WIN,WIN,False,RATCHETED_STOP,0,37.96756217851436,0.0,0.37592259460224353,14.062738026741396,0.33885596249618416,0.6416254511429007,<20,0.5–1%,favorable,1786377600000
oos,585,XRPUSDT,SHORT,2026-08-10T00:00:03+00:00,2026-08-17T06:48:09.230000+00:00,1786320003000,1786949289230,2026,1.0289941599999999,1.00640124,1.051584414776172,90.12310580541052,94.2355731421156,95.93351289999961,1.697939757884015,5.093807761630449,0.981340424925358,1.9740441372550281,1.9740441372550281,0.5181809641362376,174.80173055555557,WIN,WIN,False,RATCHETED_STOP,0,90.12310580541052,0.0,0.891499550813189,17.630728152742986,-0.0,0.09716284492811038,<20,<0.25%,flat_or_adverse,1786939200000
oos,586,ETHUSDT,SHORT,2026-08-10T16:00:03+00:00,2026-08-12T09:24:10.423000+00:00,1786377603000,1786526650423,2026,1875.6248,1897.6794599999998,1913.8055635552785,-58.269030142960126,-54.102286445999475,-52.251029999999886,1.8512564459995886,5.553775608123599,1.3870319111629499,0.6129997889150217,0.6129997889150217,0.577638002657251,41.40206194444445,SLOW_FAILURE,SLOW_FAILURE,False,RATCHETED_STOP,0,-58.269030142960126,0.0,-0.576789837185785,16.957359019585837,0.5638227875298819,0.13752591937142805,<20,<0.25%,favorable,1786521600000
oos,587,ADAUSDT,SHORT,2026-08-11T16:00:03+00:00,2026-08-19T15:05:02.857000+00:00,1786464003000,1787151902857,2026,0.18486302000000002,0.17693538,0.1924607667888827,99.56915944651865,101.37920891268817,102.30455360000009,0.9253446873119202,2.7760217853895677,0.965972319220054,1.8114607372989346,1.8114607372989346,0.45236832649241565,191.08329361111112,WIN,WIN,False,RATCHETED_STOP,0,99.56915944651865,0.0,0.9863901577289161,27.403804270028616,0.979014269287502,0.676406926406927,25–35,0.5–1%,favorable,1787140800000
oos,588,BTCUSDT,SHORT,2026-08-11T16:00:03+00:00,2026-08-16T16:11:16.400000+00:00,1786464003000,1786896676400,2026,63572.58294000001,63182.634,64499.26082941249,36.58503273280182,38.565950166000924,41.07317000000029,2.5072198339993648,7.5216545732196005,5.540737140020499,1.1744997398071648,1.1744997398071648,0.9468414753655996,120.18705555555556,WIN,WIN,False,RATCHETED_STOP,0,36.58503273280182,0.0,0.3597059426888722,24.874010331665204,0.4026430763302599,0.31878437311768143,20–25,0.25–0.5%,favorable,1786896000000
oos,589,ETHUSDT,LONG,2026-08-12T12:00:03+00:00,2026-08-12T19:44:11.323000+00:00,1786536003000,1786563851323,2026,1915.2529739999998,1878.1936079036443,1878.569321767998,-99.12608649625399,-93.13389293675091,-91.22723446484405,1.9066584719068658,5.7199863629892285,-0.27220719651384,0.26488709299025015,0.26488709299025015,1.0102419972247445,7.7356452777777776,NO_FOLLOW_THROUGH,NO_FOLLOW_THROUGH,False,INITIAL_STOP_OR_GAP,0,-99.12608649625399,0.0,-0.9923440876977297,24.85634682037749,0.0,0.42574691754531213,20–25,0.25–0.5%,flat_or_adverse,1786550400000
oos,590,SOLUSDT,SHORT,2026-08-17T00:00:03+00:00,2026-08-17T06:47:02.500000+00:00,1786924803000,1786949222500,2026,74.565084,75.71514,75.8285577562456,-91.40749524320303,-84.76188733440047,-82.54668800000033,2.2151993344001397,6.645607908802559,0.0,0.14648820292870848,0.14648820292870848,0.9102333897439899,6.783194444444445,NO_FOLLOW_THROUGH,NO_FOLLOW_THROUGH,False,RATCHETED_STOP,0,-91.40749524320303,0.0,-0.8969076977510543,25.63402135173475,1.0647107717943292,0.5766393992222165,25–35,0.5–1%,favorable,1786939200000
oos,591,ETHUSDT,LONG,2026-08-17T04:00:03+00:00,2026-08-23T05:08:17.052000+00:00,1786939203000,1787461697052,2026,1900.58004,2364.527,1873.5473900422883,1494.8329120340265,1514.9411380712,1518.0653559999998,3.1242179287999505,9.37247161855728,-10.735754418616079,24.001345077710624,24.001345077710624,0.6059354160847692,145.13723666666667,WIN,WIN,False,RATCHETED_STOP,1,1536.816822998955,-41.983910964928505,14.821199009521173,18.353147814284448,-0.6410783338085128,0.13577589609459723,<20,<0.25%,flat_or_adverse,1787457600000
oos,592,SOLUSDT,LONG,2026-08-18T12:00:03+00:00,2026-08-26T15:02:07.213000+00:00,1787054403000,1787756527213,2026,76.30525800000001,95.190958,74.89149755609102,1252.7457008962429,1274.349033090399,1276.8075259999991,2.4584929096001886,7.375325511896879,-14.2280066822593,19.065989656261245,19.065989656261245,0.20884584886505164,195.03450361111112,WIN,WIN,False,RATCHETED_STOP,1,1220.30218633722,32.44351455902268,12.418110243353931,22.630968186484488,0.014404007776684373,0.05243838489775335,20–25,<0.25%,favorable,1787745600000
oos,593,BTCUSDT,LONG,2026-08-18T16:00:03+00:00,2026-08-23T05:09:19.091000+00:00,1787068803000,1787461759091,2026,64836.86478,76221.7526,63942.91317856894,1140.2217243113507,1156.7046025120003,1159.5709599999998,2.866357487999494,8.5989333154848,-7.8839448851648,16.46468913578538,16.46468913578538,0.7892650775170726,109.15446972222222,WIN,WIN,False,RATCHETED_STOP,0,1140.2217243113507,0.0,11.248632526641146,22.956016522997167,0.5188499860389482,0.34416318672588125,20–25,0.25–0.5%,favorable,1787457600000
oos,594,XRPUSDT,LONG,2026-08-19T16:00:03+00:00,2026-08-25T13:21:11.958000+00:00,1787155203000,1787664071958,2026,1.0675134599999998,1.45200954,1.042309522814093,1562.2277283270419,1578.9002858880006,1581.0935435200001,2.1932576319996175,6.5795831647747764,-10.092974396184001,25.13442782083373,25.13442782083373,0.6274202273778923,141.35248833333333,WIN,WIN,False,RATCHETED_STOP,1,1563.3765529712268,-1.1488246441848753,14.132172937926423,30.23279882450264,2.749047146596418,4.7221961960086,25–35,>=1%,favorable,1787659200000
oos,598,BTCUSDT,LONG,2026-08-24T12:00:03+00:00,2026-08-26T14:54:06.092000+00:00,1787572803000,1787756046092,2026,78445.08588,77792.53838000001,76057.87898700027,-44.77066185970421,-37.195207499999206,-35.41409999999934,1.7811074999998695,5.343326749692,-2.2321276100130003,1.1835648297955534,1.1835648297955534,0.2733518832881734,50.90085888888889,GIVEBACK_GE1R,GIVEBACK_GE1R,False,RATCHETED_STOP,0,-44.77066185970421,0.0,-0.3125897478229123,59.53903550193206,0.5698452565219356,0.4740569225315868,>=35,0.25–0.5%,favorable,1787745600000
oos,599,ETHUSDT,LONG,2026-08-24T12:00:03+00:00,2026-08-25T21:07:14.769000+00:00,1787572803000,1787692034769,2026,2494.028706,2426.754552,2382.0221664683113,-87.75484255757723,-83.08358019000023,-81.86815000000053,1.215430189999708,3.6463003941779997,-1.024961973399,0.35213385008507525,0.35213385008507525,0.6006270194694039,33.11993583333334,NO_FOLLOW_THROUGH,NO_FOLLOW_THROUGH,False,RATCHETED_STOP,0,-87.75484255757723,0.0,-0.6125724077710074,54.222125591874274,1.5516893424734526,0.3212326349898843,>=35,0.25–0.5%,favorable,1787688000000
oos,600,ADAUSDT,SHORT,2026-08-26T16:00:03+00:00,2026-08-27T09:25:11.111000+00:00,1787760003000,1787822711111,2026,0.20465906,0.21624324,0.22014343205619802,-105.21006323840457,-102.91593911398199,-102.16806885000008,0.747870263981909,2.2436230521142617,-0.0505010723083218,0.1588091522907906,0.1588091522907906,0.7481207476775357,17.41891972222222,NO_FOLLOW_THROUGH,NO_FOLLOW_THROUGH,False,RATCHETED_STOP,0,-105.21006323840457,0.0,-0.7489587444502911,27.92719794751257,1.8195437321021153,0.6350757205666808,25–35,0.5–1%,favorable,1787817600000
oos,601,SOLUSDT,LONG,2026-08-27T12:00:03+00:00,2026-08-30T23:17:12.580000+00:00,1787832003000,1788131832580,2026,103.930782,102.92941,98.39467072250298,-27.478012047639734,-24.529608511999736,-23.516159999999847,1.01344851199989,3.0403483579391994,0.09194482229920001,1.2046755684100496,1.2046755684100496,0.31624761718871197,83.28599444444444,GIVEBACK_GE1R,GIVEBACK_GE1R,False,RATCHETED_STOP,0,-27.478012047639734,0.0,-0.19671270842076455,37.278479396589,0.46960024863201044,1.424309498604552,>=35,>=1%,favorable,1788120000000
oos,602,ADAUSDT,SHORT,2026-08-28T20:00:03+00:00,2026-08-30T13:43:06.666000+00:00,1787947203000,1788097386666,2026,0.20175964000000002,0.2035407,0.21499227153169387,-20.618255617483907,-18.336684515831724,-17.502141239999787,0.8345432758319369,2.503631927752949,0.22206082610076483,0.2312193151204883,0.2312193151204883,0.1345960548915842,41.717685,NO_FOLLOW_THROUGH,NO_FOLLOW_THROUGH,False,RATCHETED_STOP,0,-20.618255617483907,0.0,-0.14773922442732645,17.451326271848334,0.2728870453697988,0.6442021803766084,<20,0.5–1%,favorable,1788091200000
oos,603,ETHUSDT,LONG,2026-08-30T16:00:03+00:00,2026-08-30T23:29:05.901000+00:00,1788105603000,1788132545901,2026,2480.415984,2428.554192,2421.581451744511,-122.11038390727715,-115.54807257600035,-113.36064000000026,2.1874325760000914,6.562311331276801,0.0,0.9144972168106212,0.9144972168106212,0.8814855835819364,7.484139166666667,FAST_REVERSAL,FAST_REVERSAL,False,RATCHETED_STOP,0,-122.11038390727715,0.0,-0.8726812646396235,21.177493748433232,0.0,0.5225996104697362,20–25,0.5–1%,flat_or_adverse,1788120000000
oos,604,ADAUSDT,SHORT,2026-08-31T00:00:03+00:00,2026-09-01T05:45:10.465000+00:00,1788134403000,1788241510465,2026,0.1924615,0.20269285656650024,0.20265232610127998,-137.64061437627524,-134.88413982456643,-133.84224902036232,1.0418908042041153,3.1256884736820996,0.3692139219732832,0.11397505839630852,0.11397505839630852,1.0039771520794738,29.75207361111111,NO_FOLLOW_THROUGH,NO_FOLLOW_THROUGH,False,INITIAL_STOP_OR_GAP,0,-137.64061437627524,0.0,-0.9944449390370904,20.272187860781475,0.925896184403971,3.220779220779212,20–25,>=1%,favorable,1788235200000
oos,605,SOLUSDT,SHORT,2026-09-02T12:00:03+00:00,2026-09-03T12:32:09.333000+00:00,1788350403000,1788438729333,2026,98.04038800000001,101.35026599999999,102.13633111284332,-110.42419062694259,-106.91799607059947,-105.62982899999987,1.2881670705995987,3.8645138873794793,0.35831933103635,0.11484241529748221,0.11484241529748221,0.8080869066812644,24.5350925,NO_FOLLOW_THROUGH,NO_FOLLOW_THROUGH,False,RATCHETED_STOP,0,-110.42419062694259,0.0,-0.8038030534174831,21.176512419925142,0.22569314771838292,0.20395676116663555,20–25,<0.25%,favorable,1788436800000
oos,606,XRPUSDT,SHORT,2026-09-02T12:00:03+00:00,2026-09-03T08:06:13.939000+00:00,1788350403000,1788422773939,2026,1.3242351,1.3787757,1.381061088266225,-129.92489889048278,-127.08202505669986,-125.82240300000011,1.2596220566997545,3.77888126878836,0.9360074350054365,0.1255605088040498,0.1255605088040498,0.95978269211055,20.10303861111111,NO_FOLLOW_THROUGH,NO_FOLLOW_THROUGH,False,RATCHETED_STOP,0,-129.92489889048278,0.0,-0.9459821371037929,17.297809082151293,0.4412199053173165,0.14346118997281884,<20,<0.25%,favorable,1788422400000
oos,607,ETHUSDT,SHORT,2026-09-02T12:00:03+00:00,2026-09-03T13:34:04.784000+00:00,1788350403000,1788442444784,2026,2380.113882,2429.815866,2455.4769825928606,-90.2672274414918,-86.19815085119967,-84.52978199999961,1.6683688512000572,5.00511669717384,0.9360401068817099,0.16273059233927015,0.16273059233927015,0.6595002542226653,25.567162222222223,NO_FOLLOW_THROUGH,NO_FOLLOW_THROUGH,False,RATCHETED_STOP,0,-90.2672274414918,0.0,-0.6574128631705127,19.24951536263725,0.35488746114764735,0.04704735820681897,<20,<0.25%,favorable,1788436800000
oos,608,BTCUSDT,LONG,2026-09-03T16:00:03+00:00,2026-09-04T12:46:12.320000+00:00,1788451203000,1788525972320,2026,81332.96334,79198.12741223686,79213.97020627811,-134.37639622633282,-127.87667207301202,-125.95351464394078,1.9231574290712388,5.769487401635393,-0.7302367516854,0.4482490504023806,0.4482490504023806,1.0074765669549028,20.769255555555556,NO_FOLLOW_THROUGH,NO_FOLLOW_THROUGH,False,INITIAL_STOP_OR_GAP,0,-134.37639622633282,0.0,-0.9974299517116901,24.764007768998972,0.9268903716583708,3.409754699834102,20–25,>=1%,favorable,1788523200000
oos,609,ETHUSDT,LONG,2026-09-03T16:00:03+00:00,2026-09-04T12:32:19.506000+00:00,1788451203000,1788525139506,2026,2516.5032,2432.1168675020754,2432.603388179711,-134.5653539648794,-129.4148795188174,-127.89704388759499,1.517835631222411,4.553522241312709,-0.5969522047492801,0.3634906841665293,0.3634906841665293,1.0057988291878162,20.537918333333334,NO_FOLLOW_THROUGH,NO_FOLLOW_THROUGH,False,INITIAL_STOP_OR_GAP,0,-134.5653539648794,0.0,-0.997936185038119,24.495030397573256,0.0,2.0476035278359586,20–25,>=1%,flat_or_adverse,1788523200000
oos,610,SOLUSDT,LONG,2026-09-03T16:00:03+00:00,2026-09-04T12:31:18.087000+00:00,1788451203000,1788525078087,2026,105.15102599999999,100.84980211758676,100.86997611280933,-134.25087370466215,-130.31934143413238,-129.07105573888035,1.2482856952520365,3.7448725742833604,-0.1866596962464,0.1702792584083574,0.1702792584083574,1.004712394331803,20.5208575,NO_FOLLOW_THROUGH,NO_FOLLOW_THROUGH,False,INITIAL_STOP_OR_GAP,0,-134.25087370466215,0.0,-0.9958855477577888,22.840830010967885,0.0,1.5598249952444365,20–25,>=1%,flat_or_adverse,1788523200000
oos,611,SOLUSDT,LONG,2026-09-06T04:00:03+00:00,2026-09-07T15:56:14.482000+00:00,1788667203000,1788796574482,2026,105.94118399999999,102.839428,102.35053432704466,-113.9613924699389,-108.78261520279982,-107.31817800000009,1.4644372027997292,4.39332448658136,-0.78545278055772,0.39514186267919293,0.39514186267919293,0.8638425584546233,35.936522777777775,NO_FOLLOW_THROUGH,NO_FOLLOW_THROUGH,False,RATCHETED_STOP,0,-113.9613924699389,0.0,-0.8641717592246957,17.336615608865582,0.3137724529712876,1.1234894259818708,<20,>=1%,favorable,1788782400000
oos,612,BTCUSDT,LONG,2026-09-07T00:00:03+00:00,2026-09-07T07:40:09.745000+00:00,1788739203000,1788766809745,2026,80317.06019999999,79109.47494,78884.91555536789,-110.12387980159738,-102.04095446999938,-99.34664999999976,2.694304469999622,8.082925331598,0.0,0.06545414274414332,0.06545414274414332,0.8432006253880878,7.668540277777778,NO_FOLLOW_THROUGH,NO_FOLLOW_THROUGH,False,RATCHETED_STOP,0,-110.12387980159738,0.0,-0.8350620320178022,14.022112937693748,0.5383479552326573,0.16699646704715854,<20,<0.25%,favorable,1788753600000
oos,613,BTCUSDT,SHORT,2026-09-08T08:00:03+00:00,2026-09-09T08:09:16.734000+00:00,1788854403000,1788941356734,2026,78429.41098,79491.8952,79885.23251567343,-93.75205657162677,-87.44245130599987,-84.84306999999951,2.599381306000353,7.798154099168399,1.4885488335415,0.5696515401637983,0.5696515401637983,0.7298176280298794,24.153815,SLOW_FAILURE,SLOW_FAILURE,False,RATCHETED_STOP,0,-93.75205657162677,0.0,-0.7203844622559872,15.540519731469406,0.42354272199914506,0.2434826948817643,<20,<0.25%,favorable,1788940800000
oos,614,ADAUSDT,LONG,2026-09-08T16:00:03+00:00,2026-09-09T03:10:18.036000+00:00,1788883203000,1788923418036,2026,0.22924583999999998,0.21668610711058767,0.2167294530011879,-128.7649898561135,-126.07577182297265,-125.18051552316543,0.8952562998072295,2.685783921083963,-0.0034341120568872,0.22803385675681875,0.22803385675681875,1.0034631312218412,11.170843333333334,NO_FOLLOW_THROUGH,NO_FOLLOW_THROUGH,False,INITIAL_STOP_OR_GAP,0,-128.7649898561135,0.0,-0.9956884732142707,25.449504496384233,0.2704735124351633,1.2647187091147027,25–35,>=1%,favorable,1788912000000
oos,615,XRPUSDT,LONG,2026-09-08T16:00:03+00:00,2026-09-09T22:08:16.076000+00:00,1788883203000,1788991696076,2026,1.4341867799999999,1.3835336923805792,1.3838104544714735,-129.24476041086237,-124.86838589651828,-123.47915979833003,1.3892260981882458,4.167693112064177,-0.20868140227991697,0.31787193353219717,0.31787193353219717,1.0054938919818122,30.136965555555555,NO_FOLLOW_THROUGH,NO_FOLLOW_THROUGH,False,INITIAL_STOP_OR_GAP,0,-129.24476041086237,0.0,-0.9953930555452521,15.021434621615862,-0.4420924368553956,0.19528525596316876,<20,<0.25%,flat_or_adverse,1788984000000
oos,616,XRPUSDT,SHORT,2026-09-10T16:00:03+00:00,2026-09-11T13:58:11.494000+00:00,1789056003000,1789135091494,2026,1.3558287800000002,1.4046808800000001,1.4066842815064826,-121.54217494290566,-117.51698498506988,-116.18887161000002,1.3281133750698615,3.9843540678745932,-0.040835889961186006,0.7969399337224932,0.7969399337224932,0.9606060023569503,21.969026111111113,SLOW_FAILURE,SLOW_FAILURE,False,RATCHETED_STOP,0,-121.54217494290566,0.0,-0.9528627193381378,15.58177083163203,0.6727924118967459,0.9292035398230046,<20,0.5–1%,favorable,1789128000000
oos,617,BTCUSDT,SHORT,2026-09-10T16:00:03+00:00,2026-09-11T13:49:17.838000+00:00,1789056003000,1789134557838,2026,77203.15628000001,78559.60878,78803.19662654302,-106.62913035617328,-100.24183974999887,-97.93966999999913,2.3021697499997487,6.9065210027604,0.5192303965859999,0.7517662180199723,0.7517662180199723,0.8477614348479928,21.820788333333333,SLOW_FAILURE,SLOW_FAILURE,False,RATCHETED_STOP,0,-106.62913035617328,0.0,-0.8371507342569191,20.20198350416437,0.6094541906780329,0.5606169506012085,20–25,0.5–1%,favorable,1789128000000
oos,618,SOLUSDT,SHORT,2026-09-10T16:00:03+00:00,2026-09-11T13:49:04.269000+00:00,1789056003000,1789134544269,2026,99.670062,102.650526,103.35336273231604,-102.72366541829639,-98.85871236959993,-97.51656599999993,1.3421463696000018,4.02645081078792,0.16149776209146002,0.6271717049146422,0.6271717049146422,0.8091829086477814,21.817019166666668,SLOW_FAILURE,SLOW_FAILURE,False,RATCHETED_STOP,0,-102.72366541829639,0.0,-0.8059251840234808,18.16400510897573,0.5077302292760089,0.5015548199418196,<20,0.5–1%,favorable,1789128000000
oos,619,ETHUSDT,SHORT,2026-09-10T16:00:03+00:00,2026-09-11T12:37:05.387000+00:00,1789056003000,1789130225387,2026,2439.521998,2484.486798,2506.4694745455017,-85.8839943562371,-80.86919279999954,-79.09802999999921,1.7711628000003259,5.3134978917636,0.29869633552604996,0.13386610612438998,0.13386610612438998,0.6716429404092467,20.617329722222223,NO_FOLLOW_THROUGH,NO_FOLLOW_THROUGH,False,RATCHETED_STOP,0,-85.8839943562371,0.0,-0.6739963974107638,11.69047898684538,0.5531190285718043,0.0032786750873942004,<20,<0.25%,favorable,1789128000000
oos,620,SOLUSDT,SHORT,2026-09-13T12:00:03+00:00,2026-09-14T09:53:18.823000+00:00,1789300803000,1789379598823,2026,99.740048,102.310458,102.8581184506338,-101.94408394843659,-97.57970370699982,-96.04563100000004,1.5340727069997797,4.6022296464757195,0.23784940503895993,0.2629985476541471,0.2629985476541471,0.8243591800427476,21.88772861111111,NO_FOLLOW_THROUGH,NO_FOLLOW_THROUGH,False,RATCHETED_STOP,0,-101.94408394843659,0.0,-0.8192977436528315,22.456175186003332,-0.0,0.541299117882911,20–25,0.5–1%,flat_or_adverse,1789372800000
oos,621,XRPUSDT,SHORT,2026-09-13T12:00:03+00:00,2026-09-14T03:11:06.363000+00:00,1789300803000,1789355466363,2026,1.3423314800000001,1.37457486,1.3857994760375834,-92.86067247343485,-87.92421175062182,-86.44247323000018,1.4817385206216471,4.445225934962788,-0.49123478785022634,0.25608449928024546,0.25608449928024546,0.7417728659982787,15.1842675,NO_FOLLOW_THROUGH,NO_FOLLOW_THROUGH,False,RATCHETED_STOP,0,-92.86067247343485,0.0,-0.7465335107944674,16.903167746705016,0.12037183033136531,0.20855057351407075,<20,<0.25%,favorable,1789344000000
oos,622,BTCUSDT,SHORT,2026-09-13T12:00:03+00:00,2026-09-14T02:25:05.664000+00:00,1789300803000,1789352705664,2026,76737.54942,77492.89547999999,78036.29827113419,-73.19003360066567,-66.01724564399967,-63.3213,2.6959456439996714,8.087844530556,0.9150565738900001,0.2983251301139795,0.2983251301139795,0.5815951708756887,14.417406666666666,NO_FOLLOW_THROUGH,NO_FOLLOW_THROUGH,False,RATCHETED_STOP,0,-73.19003360066567,0.0,-0.5890942873519487,20.010922635599304,-0.0,0.11061471292942514,20–25,<0.25%,flat_or_adverse,1789344000000
oos,623,XRPUSDT,LONG,2026-09-14T20:00:03+00:00,2026-09-15T04:33:18.913000+00:00,1789416003000,1789446798913,2026,1.46399274,1.4076759689197682,1.4079575604318546,-122.00897738708599,-118.09742344905303,-116.89303849441205,1.2043849546409717,3.6131688910879713,-0.298385046945,0.4926772826064828,0.4926772826064828,1.0050252629554608,8.554420277777778,NO_FOLLOW_THROUGH,NO_FOLLOW_THROUGH,False,INITIAL_STOP_OR_GAP,0,-122.00897738708599,0.0,-0.9966510141922664,17.995257615955925,0.8554621323118702,3.7031975949713054,<20,>=1%,favorable,1789444800000
oos,624,ETHUSDT,LONG,2026-09-14T20:00:03+00:00,2026-09-15T08:04:04.606000+00:00,1789416003000,1789459444606,2026,2538.9976979999997,2467.8532147145147,2468.346884091333,-121.17662340935479,-116.53466362162436,-114.8944238583964,1.6402397632279673,4.920733077015824,0.2787732892854,1.0756040560019373,1.0756040560019373,1.0069874549139144,12.067112777777778,GIVEBACK_GE1R,GIVEBACK_GE1R,False,INITIAL_STOP_OR_GAP,0,-121.17662340935479,0.0,-0.99016495672672,17.210679437757737,0.0,0.1465443887680738,<20,<0.25%,flat_or_adverse,1789459200000
oos,625,ETHUSDT,SHORT,2026-09-15T16:00:03+00:00,2026-09-17T12:14:05.124000+00:00,1789488003000,1789647245124,2026,2422.795344,2453.820666,2506.3790877277675,-46.66893340743535,-42.777713973599944,-41.432939999999626,1.3447739736003186,4.0343268927528,0.1431074589174,0.7871787152092142,0.7871787152092142,0.3711884705840598,44.23392333333334,SLOW_FAILURE,SLOW_FAILURE,False,RATCHETED_STOP,0,-46.66893340743535,0.0,-0.38700453458573597,17.49841755937194,0.5419383274610504,1.3779933725915778,<20,>=1%,favorable,1789646400000
oos,626,ADAUSDT,SHORT,2026-09-15T16:00:03+00:00,2026-09-17T12:14:20+00:00,1789488003000,1789647260000,2026,0.20175964000000002,0.20034006000000001,0.21188333946849774,13.658928883030738,16.382932426284043,17.311034700000015,0.9281022737159716,2.7843047438238364,0.060301200570531024,1.1517173179904976,1.1517173179904976,0.27068760866788316,44.238055555555555,WIN,WIN,False,RATCHETED_STOP,0,13.658928883030738,0.0,0.11329570552280349,10.4620036400843,0.2479337334432186,0.14866204162536903,<20,<0.25%,favorable,1789646400000
oos,627,XRPUSDT,SHORT,2026-09-15T20:00:03+00:00,2026-09-17T14:25:11.515000+00:00,1789502403000,1789655111515,2026,1.2951409200000001,1.31796354,1.3753040539852626,-36.00333362431818,-33.56326677094186,-32.79469442999998,0.7685723409418799,2.3057209581893314,-0.1343458951869882,0.6167538311200453,0.6167538311200453,0.2847021924591387,42.41903194444444,SLOW_FAILURE,SLOW_FAILURE,False,RATCHETED_STOP,0,-36.00333362431818,0.0,-0.2977044964547528,23.94945598233674,0.3387328347759968,2.9954450706400193,20–25,>=1%,favorable,1789646400000
oos,628,SOLUSDT,SHORT,2026-09-15T20:00:03+00:00,2026-09-17T09:12:06.153000+00:00,1789502403000,1789636326153,2026,97.810434,100.700136,101.74455871663577,-88.80182309211666,-85.41785729879999,-84.24429000000025,1.173567298799739,3.5207120057148,0.13674621239812002,0.45510351830713697,0.45510351830713697,0.7345222147586377,37.200875833333335,NO_FOLLOW_THROUGH,NO_FOLLOW_THROUGH,False,RATCHETED_STOP,0,-88.80182309211666,0.0,-0.7344072917858526,15.767122981114621,0.41788137684071536,0.1328971580453994,<20,<0.25%,favorable,1789632000000
oos,629,SOLUSDT,LONG,2026-09-18T04:00:03+00:00,2026-09-23T14:09:09.491000+00:00,1789704003000,1790172549491,2026,104.580912,115.506894,100.75950016150077,308.581350345832,318.5578656786002,320.181487,1.6236213213997956,4.870825542421559,-5.10568979034665,4.032302366565011,4.032302366565011,0.05257533301590071,130.15180305555555,WIN,WIN,False,RATCHETED_STOP,1,318.36266068213854,-9.78131033630654,2.5841878333283685,19.117352190966123,0.09710012221014278,2.1134168499569608,<20,>=1%,favorable,1790164800000
oos,630,ADAUSDT,LONG,2026-09-18T04:00:03+00:00,2026-09-23T14:13:01.111000+00:00,1789704003000,1790172781111,2026,0.21644328000000002,0.24055188000000002,0.20560952223063172,244.91783636096824,252.96300590608215,254.18898417000003,1.2259782639178711,3.6779042890759,-4.367265256037999,4.232762165834711,4.232762165834711,0.4009024470050763,130.21614194444444,WIN,WIN,False,RATCHETED_STOP,1,249.24115129626273,-4.32331493529449,2.0620312473582953,19.299671007650318,0.1469173376856126,0.18475750577366454,<20,<0.25%,favorable,1790164800000
oos,631,BTCUSDT,LONG,2026-09-18T16:00:03+00:00,2026-09-23T14:10:09.369000+00:00,1789747203000,1790172609369,2026,80704.83773999999,85062.984,78642.00672895918,230.72397220560526,240.56967355200047,242.39976000000016,1.8300864479996903,5.4902302560287986,-4.3554710903664,3.2383953044362457,3.2383953044362457,0.2951951646745669,118.16843583333333,WIN,WIN,False,RATCHETED_STOP,0,230.72397220560526,0.0,1.9068707850716116,25.970787233364266,0.7748596345330896,2.7831654246505364,25–35,>=1%,favorable,1790164800000
oos,632,ETHUSDT,LONG,2026-09-18T16:00:03+00:00,2026-09-23T12:17:09.551000+00:00,1789747203000,1790165829551,2026,2583.7566479999996,2713.867118,2495.762876778716,163.1600450100084,170.9781686270007,172.3704970000001,1.3923283729994012,4.17696443454036,-3.64115918245196,2.534308382342197,2.534308382342197,0.2437291606250898,116.28515305555555,WIN,WIN,False,RATCHETED_STOP,0,163.1600450100084,0.0,1.3477048345314764,19.370713378191073,0.0,1.880770347430564,<20,>=1%,flat_or_adverse,1790164800000
oos,635,XRPUSDT,LONG,2026-09-25T12:00:03+00:00,2026-09-26T18:51:18.333000+00:00,1790337603000,1790448678333,2026,1.59421878,1.5174964400000002,1.5074583378261823,-111.93197932547376,-108.68365463102785,-107.80205762000008,0.8815970110277647,2.644803969330914,-0.603520725115006,0.4112613894765004,0.4112613894765004,0.8843009334402965,30.854259166666665,NO_FOLLOW_THROUGH,NO_FOLLOW_THROUGH,False,RATCHETED_STOP,0,-111.93197932547376,0.0,-0.884720118456747,33.44171986446519,0.31618571281429786,2.1207177814029397,25–35,>=1%,favorable,1790438400000
oos,636,SOLUSDT,LONG,2026-09-25T12:00:03+00:00,2026-09-28T02:47:17.894000+00:00,1790337603000,1790563637894,2026,120.80415599999999,119.756044,115.91013264955491,-30.24766844370101,-26.06067601279973,-24.8644,1.1962760127997285,3.5888310221279998,-0.5981614087732801,0.8552971042974951,0.8552971042974951,0.5443692866233878,62.78747055555556,SLOW_FAILURE,SLOW_FAILURE,False,RATCHETED_STOP,0,-30.24766844370101,0.0,-0.2391254044257592,24.27251185528619,0.9754363506552739,1.978640615945029,20–25,>=1%,favorable,1790553600000
oos,637,ADAUSDT,LONG,2026-09-25T12:00:03+00:00,2026-09-28T04:04:15.555000+00:00,1790337603000,1790568255555,2026,0.25525104,0.24735052000000002,0.23956532916580658,-65.65161855085785,-62.079362967599735,-61.28951399999979,0.7898489675999443,2.36955425754168,-1.2027013257164398,0.6533946792936054,0.6533946792936054,0.5036762492636013,64.07015416666667,SLOW_FAILURE,SLOW_FAILURE,False,RATCHETED_STOP,0,-65.65161855085785,0.0,-0.5191427936730185,31.73084367017875,0.4248561215389678,0.7448059584476726,25–35,0.5–1%,favorable,1790568000000
oos,638,ETHUSDT,LONG,2026-09-25T12:00:03+00:00,2026-09-26T20:47:12.326000+00:00,1790337603000,1790455632326,2026,2716.5432,2665.4668,2628.9301209358855,-75.55496913861978,-70.22494235999989,-68.745,1.4799423599998818,4.4398353294,-0.8901914492199,0.07118571869202414,0.07118571869202414,0.5829768859352906,32.78592388888889,NO_FOLLOW_THROUGH,NO_FOLLOW_THROUGH,False,RATCHETED_STOP,0,-75.55496913861978,0.0,-0.5975786760171655,22.355462213017653,0.23716582843527234,0.3689248895434456,20–25,0.25–0.5%,favorable,1790452800000
oos,639,ETHUSDT,LONG,2026-09-29T12:00:03+00:00,2026-09-30T06:47:17.572000+00:00,1790683203000,1790750837572,2026,2731.676226,2656.7112531497137,2657.2427016900515,-123.8848035660645,-118.324713146892,-116.6237116524229,1.7010014944690965,5.1030184782539445,-0.45707194091856007,0.23502546953378461,0.23502546953378461,1.0071399083311547,18.78738111111111,NO_FOLLOW_THROUGH,NO_FOLLOW_THROUGH,False,INITIAL_STOP_OR_GAP,0,-123.8848035660645,0.0,-0.9959821732195193,15.377646655779072,0.0,0.4075236257519821,<20,0.25–0.5%,flat_or_adverse,1790740800000
oos,640,BTCUSDT,LONG,2026-10-02T08:00:03+00:00,2026-10-02T18:39:09.850000+00:00,1790928003000,1790966349850,2026,86081.51286,84177.2057679091,84194.04457682445,-122.71301726200012,-115.97230190833633,-113.89855527139096,2.0737466369453728,6.221253578663798,-0.519461775,0.6188645130686745,0.6188645130686745,1.008921373177741,10.651902777777778,SLOW_FAILURE,SLOW_FAILURE,False,INITIAL_STOP_OR_GAP,0,-122.71301726200012,0.0,-0.9949601831835129,26.795150439857625,0.6711917444242017,0.5014855172237569,25–35,0.5–1%,favorable,1790956800000
oos,641,ADAUSDT,SHORT,2026-10-02T20:00:03+00:00,2026-10-04T15:03:18.461000+00:00,1790971203000,1791126198461,2026,0.23915216,0.24864972,0.25520436226035725,-73.90956426402842,-70.81596710514391,-70.08853755999993,0.727429545143977,2.182297046056507,-0.9113001128279998,0.02816809760220053,0.02816809760220053,0.5916671024919302,43.054294722222224,NO_FOLLOW_THROUGH,NO_FOLLOW_THROUGH,False,RATCHETED_STOP,0,-73.90956426402842,0.0,-0.6031368531883647,16.93017828188182,0.05030066511965876,1.0447137484329303,<20,>=1%,favorable,1791115200000
oos,642,XRPUSDT,SHORT,2026-10-02T20:00:03+00:00,2026-10-04T13:37:07.692000+00:00,1790971203000,1791121027692,2026,1.46880618,1.50340062,1.5346991717145986,-66.64790523560754,-62.11065000936001,-61.04339600000005,1.0672540093599565,3.20176935328752,-1.33548587296,0.0,0.0,0.5250093993279054,41.61797,NO_FOLLOW_THROUGH,NO_FOLLOW_THROUGH,False,RATCHETED_STOP,0,-66.64790523560754,0.0,-0.5439614274186956,24.20446128903954,0.33079685966783173,0.2790824314205971,20–25,0.25–0.5%,favorable,1791115200000
oos,643,ETHUSDT,SHORT,2026-10-02T20:00:03+00:00,2026-10-04T08:00:18.352000+00:00,1790971203000,1791100818352,2026,2666.1566620000003,2707.321356,2747.417793846169,-65.49536361682718,-58.95607474679942,-57.4168980000002,1.539176746799221,4.61753713042776,-1.9217517396,0.1267107873847031,0.1267107873847031,0.5065729834766075,36.004264444444445,NO_FOLLOW_THROUGH,NO_FOLLOW_THROUGH,False,RATCHETED_STOP,0,-65.49536361682718,0.0,-0.5346920640854954,25.40962286605625,-0.5416969536332109,0.16537355298140596,25–35,<0.25%,flat_or_adverse,1791100800000
oos,644,ADAUSDT,LONG,2026-10-04T20:00:03+00:00,2026-10-04T23:59:59.999000+00:00,1791144003000,1791158399999,2026,0.25275053999999997,0.25974803999999996,0.2409047140076643,66.0777171002776,69.1149127837499,70.12731414999995,1.012401366250046,3.0371956834723015,0.0,1.3464202505016911,1.3464202505016911,0.21531128362430854,3.999166388888889,WIN,WIN,False,PERIOD_END,0,66.0777171002776,0.0,0.5461124051380327,12.60336561739669,0.0,1.22675108824693,<20,>=1%,flat_or_adverse,1791144000000
