period,unit_id,parent_id,leg,symbol,side,entry_ts,exit_ts,entry_utc,exit_utc,entry_price,exit_price,qty,initial_stop,initial_r,modeled_risk_usd,gross_pnl,ideal_gross_before_slippage,slippage_drag,fees,funding_pnl,net_pnl,net_r,mfe_r,mfe_upper_bound_r,mae_r,hours,exit_reason,raw_exit
oos,0,0,ROOT,XRPUSDT,LONG,1735747203000,1736039225679,2025-01-01T16:00:03+00:00,2025-01-05T01:07:05.679000+00:00,2.2279455,2.39961998,626.0641,2.111714175885524,0.11623132411447612,74.99999803442827,107.47922881416805,108.05866366000006,0.5794348458320115,1.738291570456361,-1.5087456139490003,104.2321916297627,1.3897625914858767,2.430966885671131,2.430966885671131,0.14579116369104317,81.11741083333334,STOP,2.4001
oos,1,1,ROOT,ADAUSDT,LONG,1735761603000,1736262915000,2025-01-01T20:00:03+00:00,2025-01-07T15:15:15+00:00,0.9176835,1.06088778,1401.3559,0.8653429444410715,0.05234055555892847,75.40534824107445,200.6801626832521,201.23470723999992,0.5545445567478282,1.6636095220791312,-2.499402329004,196.51715083216897,2.6061434025063366,4.476767537100192,4.476767537100192,0.12769256895783665,139.25333333333333,STOP,1.0611
oos,2,2,ROOT,SOLUSDT,LONG,1735804803000,1736070730000,2025-01-02T08:00:03+00:00,2025-01-05T09:52:10+00:00,205.881168,213.40731,7.6176,196.26191536354332,9.619252636456679,75.78493150004327,57.33113929919995,57.96993599999989,0.6387967007999436,1.91638314600768,-0.3111141456504,55.103642007541865,0.7271055197497989,1.4355410468860061,1.4355410468860061,0.13110873034150378,73.86861111111111,STOP,213.45
oos,3,3,ROOT,ETHUSDT,LONG,1735819203000,1736260454868,2025-01-02T12:00:03+00:00,2025-01-07T14:34:14.868000+00:00,3471.274116,3608.2782,0.7098,3369.082553896084,102.19156210391611,76.47782736941853,97.24549882320011,98.25051600000005,1.0050171767999387,3.01503974033808,-3.8319532524,90.39850583046203,1.182022410152959,2.6715110169505687,2.6715110169505687,0.5017451044329927,122.56996333333333,STOP,3609.0
oos,4,4,ROOT,BTCUSDT,LONG,1736136003000,1736264341360,2025-01-06T04:00:03+00:00,2025-01-07T15:39:01.360000+00:00,99024.80099999999,97853.02548000001,0.039,97159.46688715172,1865.3341128482716,78.9271779834826,-45.69924527999926,-44.163599999999775,1.5356452799994855,4.606941139631999,-1.536847149981,-51.84303356961226,-0.6568464107567822,2.0035547381339343,2.0035547381339343,0.6281853271909227,35.649544444444444,STOP,97872.6
oos,5,5,ROOT,SOLUSDT,LONG,1736179203000,1736249888247,2025-01-06T16:00:03+00:00,2025-01-07T11:38:08.247000+00:00,221.564304,213.943998955484,10.1023,213.98679631474695,7.577507685253039,80.13155039801049,-76.98260765121385,-76.10268358953195,0.8799240616819048,2.6397813173683113,0.013890702909199991,-79.60849826567298,-0.9934725819013918,0.20794383396885668,0.20794383396885668,1.0056479466653974,19.634790833333334,STOP,213.98679631474695
oos,6,3,ADD,ETHUSDT,LONG,1736179203000,1736260454868,2025-01-06T16:00:03+00:00,2025-01-07T14:34:14.868000+00:00,3713.7325979999996,3608.2782,0.314,3592.14,121.59259799999973,40.04585502923511,-33.112680971999815,-32.65285999999993,0.45982097199988203,1.3794668343431997,-0.230863162,-34.72301096834301,-0.8670812732801882,0.25122748014645324,0.25122748014645324,0.8672764603647966,22.569963333333334,STOP,3609.0
oos,7,1,ADD,ADAUSDT,LONG,1736251203000,1736262915000,2025-01-07T12:00:03+00:00,2025-01-07T15:15:15+00:00,1.13452686,1.06088778,524.7172,1.0611,0.0734268600000001,39.48082559567844,-38.63969186817599,-38.409299040000086,0.23039282817590134,0.6911830936438849,0.0,-39.33087496181987,-0.9962019377356947,0.09224335617783393,0.09224335617783393,1.0028902230055852,3.2533333333333334,STOP,1.0611
oos,8,8,ROOT,ETHUSDT,SHORT,1736280003000,1736728276374,2025-01-07T20:00:03+00:00,2025-01-13T00:31:16.374000+00:00,3383.683128,3319.9638600000003,0.5449,3519.208791421711,135.52566342171076,76.79796429680572,34.72062913319991,35.45119399999997,0.7305648668000657,2.19169034625672,2.5178694338383,35.046808220781486,0.4563507449928487,1.6800000992544564,1.6800000992544564,0.22037798042031562,124.52038166666667,STOP,3319.3
oos,9,9,ROOT,SOLUSDT,SHORT,1736308803000,1736728516585,2025-01-08T04:00:03+00:00,2025-01-13T00:35:16.585000+00:00,198.580276,191.858364,8.5549,207.2503159620046,8.670039962004608,76.88945991599707,57.50528496880003,58.173320000000096,0.6680350312000698,2.0040981128015996,0.19343770893600995,55.694624564934436,0.7243466741186853,1.929665384856171,1.929665384856171,0.1095409022521295,116.58710694444444,STOP,191.82
oos,10,10,ROOT,BTCUSDT,SHORT,1736337603000,1736531767100,2025-01-08T12:00:03+00:00,2025-01-10T17:56:07.100000+00:00,95074.78124000001,95377.77174,0.0271,97762.69832676169,2687.9170867616776,76.96499556580785,-8.211042549999602,-7.178789999999842,1.0322525499997601,3.0967585114547997,1.0280086505966,-10.279792410857802,-0.13356451637898437,1.4952028318856951,1.4952028318856951,0.3682103011564142,53.93447222222222,STOP,95358.7
oos,11,11,ROOT,ADAUSDT,SHORT,1736366403000,1736628306000,2025-01-08T20:00:03+00:00,2025-01-11T20:45:06+00:00,0.91211754,0.97379472,967.6918,0.9908914785676404,0.07877393856764037,77.64113226816,-59.684501333124,-59.319507340000015,0.3649939931239814,1.0949890977128807,0.5943346350052143,-60.18515579583167,-0.7751710213081618,0.41787348199855345,0.41787348199855345,0.7829642788146235,72.75083333333333,STOP,0.9736
oos,12,12,ROOT,XRPUSDT,LONG,1736596803000,1736767990266,2025-01-11T12:00:03+00:00,2025-01-13T11:33:10.266000+00:00,2.41938378,2.3956207800000002,601.2951,2.2940295255478813,0.12535425445211867,77.70252074530572,-14.288575461299855,-13.709528279999827,0.5790471813000284,1.7371431890433937,-0.88629304307985,-16.912011693423096,-0.21765074712128704,1.471160438917861,1.471160438917861,0.3349210617820416,47.552018333333336,STOP,2.3961
oos,13,13,ROOT,SOLUSDT,SHORT,1736755203000,1736925314000,2025-01-13T08:00:03+00:00,2025-01-15T07:15:14+00:00,182.353522,190.118016,8.7774,190.8488335529054,8.495311552905406,77.1276913108764,-68.15206963560011,-67.49820600000022,0.6538636355998904,1.96159900658472,-0.006488609564700015,-70.12015725174953,-0.9091437337222789,1.7237180659951064,1.7237180659951064,0.913974013977692,47.253055555555555,STOP,190.08
oos,14,14,ROOT,ETHUSDT,SHORT,1736755203000,1736947813415,2025-01-13T08:00:03+00:00,2025-01-15T13:30:13.415000+00:00,3199.899892,3256.491168,0.627,3317.751796261712,117.8519042617122,77.10328354374795,-35.482730052000065,-34.67310000000011,0.8096300519999531,2.428894316772,0.6840547530828001,-37.22756961568927,-0.4828272922328472,2.5447182536314057,2.5447182536314057,0.48018974622869554,53.50289305555555,STOP,3255.84
oos,15,15,ROOT,BTCUSDT,SHORT,1736755203000,1736846641261,2025-01-13T08:00:03+00:00,2025-01-14T09:24:01.261000+00:00,93539.18841999999,95953.6869,0.0293,96018.25919370874,2479.0707737087505,77.02189082279598,-70.74480546400027,-69.63438000000016,1.1104254640001017,3.3312847481256,0.5784472070621,-73.49764300506376,-0.9542435562139023,1.867711268715865,1.867711268715865,0.9739530253054698,25.399516944444443,STOP,95934.5
oos,16,16,ROOT,ADAUSDT,SHORT,1736769603000,1736831296521,2025-01-13T12:00:03+00:00,2025-01-14T05:08:16.521000+00:00,0.8935212600000001,0.963236091121876,1106.4668,0.963043482425391,0.06952222242539086,78.50587355076513,-77.13714610396246,-76.7262611000785,0.410885003883962,1.232664218803379,0.0863238156147384,-78.28348650715111,-0.9971672559828251,0.29086037952398563,0.29086037952398563,1.0027704623034999,17.137089166666666,STOP,0.963043482425391
oos,17,17,ROOT,XRPUSDT,LONG,1736856003000,1737177192738,2025-01-14T12:00:03+00:00,2025-01-18T05:13:12.738000+00:00,2.5745147999999998,3.159368,476.6365,2.420692256619292,0.1538225433807079,75.2808110556311,278.7623822618002,279.30898900000017,0.5466067381999551,1.63978669752132,-1.2543070820999098,275.86828848217897,3.664523330896601,5.394431672776972,5.394431672776972,0.1821241502337124,89.21937166666666,STOP,3.16
oos,18,18,ROOT,ADAUSDT,LONG,1736913603000,1737187447000,2025-01-15T04:00:03+00:00,2025-01-18T08:04:07+00:00,1.0229045399999999,1.0573884800000002,1051.8176,0.9523820209953122,0.07052251900468764,75.898281082732,36.270815009344346,36.708434240000166,0.43761923065581954,1.312853286955891,-1.142231840896,33.81572988149245,0.44554012817012323,2.0333286732209395,2.0333286732209395,0.4396402799783567,76.06777777777778,STOP,1.0576
oos,19,19,ROOT,BTCUSDT,LONG,1736956803000,1737326884775,2025-01-15T16:00:03+00:00,2025-01-19T22:48:04.775000+00:00,98963.08866,102222.35144,0.0232,95821.60902688075,3141.4796331192483,76.55583733942575,75.6148964960001,76.5484,0.9335035039999013,2.8005013261919998,-2.0808913080912,70.7335038617169,0.9239465770337753,2.3832436349638457,2.3832436349638457,0.5314338639662973,102.80049305555555,STOP,102242.8
oos,20,20,ROOT,SOLUSDT,LONG,1736985603000,1737341833900,2025-01-16T00:00:03+00:00,2025-01-20T02:57:13.900000+00:00,205.80115199999997,230.60387,7.6542,196.0005154048969,9.800636595103072,77.53642171045938,189.84496411560022,190.5130380000001,0.6680738843998881,2.00419879163544,-0.22660701665843996,187.61415830730633,2.4196906972042775,9.162552567745283,9.162552567745283,0.7531298531860684,98.95302777777778,STOP,230.65
oos,21,17,ADD,XRPUSDT,LONG,1737043203000,1737177192738,2025-01-16T16:00:03+00:00,2025-01-18T05:13:12.738000+00:00,3.30736134,3.159368,58.9761,2.6489,0.6584613400000001,39.145570270972364,-8.728070019173986,-8.651793870000004,0.07627614917398162,0.22882948573726442,-0.038444508740894404,-8.995344013652145,-0.2297921310479022,0.14721997194246841,0.14721997194246841,0.22475630839617664,37.21937166666667,STOP,3.16
oos,22,20,ADD,SOLUSDT,LONG,1737201603000,1737341833900,2025-01-18T12:00:03+00:00,2025-01-20T02:57:13.900000+00:00,238.89776999999998,230.60387,1.2918,208.4,30.497769999999974,39.89079230885757,-10.714060019999973,-10.592759999999986,0.12130001999998719,0.36390133113119993,0.12712639208238,-10.950834959048793,-0.2745203673635033,1.8592254450079495,1.8592254450079495,0.27195103117375424,38.95302777777778,STOP,230.65
oos,23,19,ADD,BTCUSDT,LONG,1737316803000,1737326884775,2025-01-19T20:00:03+00:00,2025-01-19T22:48:04.775000+00:00,106269.14958,102222.35144,0.0098,102242.8,4026.3495799999946,41.12452614941434,-39.65862177199999,-39.249979999999915,0.4086417720000739,1.2259300259975998,0.0,-40.88455179799759,-0.994164690176736,0.044916720817868655,0.044916720817868655,1.0050786846978161,2.8004930555555556,STOP,102242.8
oos,24,24,ROOT,ADAUSDT,SHORT,1737331203000,1737360916175,2025-01-20T00:00:03+00:00,2025-01-20T08:15:16.175000+00:00,0.99210154,1.090840097066394,800.7262,1.0906219726718598,0.09852043267185984,80.15893438951552,-79.0625495932569,-78.72897955404216,0.3335700392147487,1.0007195651219716,0.086334298884,-79.97693485949488,-0.9977295165984086,0.3248213505779753,0.3248213505779753,1.0022140015895056,8.253659722222222,STOP,1.0906219726718598
oos,25,25,ROOT,BTCUSDT,LONG,1737360003000,1737392767995,2025-01-20T08:00:03+00:00,2025-01-20T17:06:07.995000+00:00,107200.23576,102234.84586266731,0.0152,102255.29692205171,4944.938837948284,77.77018007049712,-75.47392643945683,-74.83724678481403,0.6366796546428048,1.9100479443987257,-0.15960197600000003,-77.54357635985556,-0.9970862390901482,0.4247907423808616,0.4247907423808616,1.0041357557807302,9.1013875,STOP,102255.29692205171
oos,26,26,ROOT,XRPUSDT,LONG,1737374403000,1737394927426,2025-01-20T12:00:03+00:00,2025-01-20T17:42:07.426000+00:00,3.32686524,3.0333274852159433,262.1875,3.0339342720703573,0.2929309679296428,78.19845812223322,-76.96193008244488,-76.62842054155321,0.3335095408916686,1.000537818085533,-0.08579823750000001,-78.04826613803041,-0.9980793485215778,0.15305571929413983,0.15305571929413983,1.002071432934191,5.7012294444444445,STOP,3.0339342720703573
oos,27,27,ROOT,SOLUSDT,LONG,1737576003000,1737638290500,2025-01-22T20:00:03+00:00,2025-01-23T13:18:10.500000+00:00,265.273044,242.15156,2.919,239.34525337707962,25.927790622920412,76.92215205300229,-67.49161179600011,-67.19538000000011,0.2962317960000007,0.8887034514456,-0.1339312793343,-68.51424652678001,-0.8906959139620936,0.26137807492201404,0.26137807492201404,0.891764529275411,17.302083333333332,STOP,242.2
oos,28,28,ROOT,ETHUSDT,LONG,1737705603000,1737932884129,2025-01-24T08:00:03+00:00,2025-01-26T23:08:04.129000+00:00,3381.266118,3269.346,0.4156,3202.8445822749272,178.42153572507277,76.40039696516553,-46.514001040800004,-45.961204000000066,0.5527970407999376,1.6583966377444799,-0.7697454848823602,-48.94214316342684,-0.6406006396241871,0.2730829650243439,0.2730829650243439,0.6430620470434414,63.13364694444444,STOP,3270.0
oos,29,29,ROOT,ADAUSDT,SHORT,1737936003000,1738209198750,2025-01-27T00:00:03+00:00,2025-01-30T03:53:18.750000+00:00,0.95210954,0.96809358,1508.0811,1.0010102938569525,0.04890075385695247,76.04367611126804,-24.105228625643967,-23.526065159999924,0.5791634656440436,1.7374932200598192,1.0095316330028725,-24.833190212700913,-0.32656483066868947,1.9653999666578894,1.9653999666578894,0.3268669445619895,75.88770833333334,STOP,0.9679
oos,30,30,ROOT,ETHUSDT,SHORT,1737936003000,1738228877070,2025-01-27T00:00:03+00:00,2025-01-30T09:21:17.070000+00:00,3229.8539,3215.49297,0.5898,3353.5784476109816,123.72454761098152,76.02068670930889,8.470076514000166,9.230370000000054,0.7602934859998882,2.2808793503555993,1.19482185913902,7.384019022783587,0.09713170641326763,1.6947639255816436,1.6947639255816436,0.18861333866723087,81.35390833333334,STOP,3214.85
oos,31,31,ROOT,SOLUSDT,SHORT,1737950403000,1738209068617,2025-01-27T04:00:03+00:00,2025-01-30T03:51:08.617000+00:00,235.592872,240.02799599999997,4.3792,252.68332471538338,17.09045271538338,76.49324381930673,-19.422295020799883,-19.005728000000015,0.4165670207998673,1.2497033430873596,0.08327447219615995,-20.58872389169108,-0.2691574165729723,0.8679039839973761,0.8679039839973761,0.4784617550031107,71.85156027777778,STOP,239.98
oos,32,32,ROOT,BTCUSDT,SHORT,1737950403000,1738179616554,2025-01-27T04:00:03+00:00,2025-01-29T19:40:16.554000+00:00,101328.83018,103817.7594,0.0242,104327.11234689351,2998.2821668935067,76.48188074339247,-60.232087123999776,-59.239179999999855,0.9929071239999203,2.9787284807015997,1.4145105648696,-61.79630503983177,-0.8079862111023017,1.216973579168009,1.216973579168009,0.8301184082946896,63.670431666666666,STOP,103797.0
oos,33,33,ROOT,BTCUSDT,LONG,1738209603000,1738348636860,2025-01-30T04:00:03+00:00,2025-01-31T18:37:16.860000+00:00,105176.63112,103203.8551,0.0211,101776.81739079038,3399.8137292096217,75.28683275293422,-41.6255740220001,-40.746210000000126,0.8793640219999759,2.6380969555452003,-0.9024636654341001,-45.1661346429794,-0.5999207695613826,0.37454077823728993,0.37454077823728993,0.5802600310278263,38.62051666666667,STOP,103224.5
oos,34,34,ROOT,ETHUSDT,LONG,1738324803000,1738437904604,2025-01-31T12:00:03+00:00,2025-02-01T19:25:04.604000+00:00,3334.8868439999997,3211.667538,0.5211,3195.9462064803442,138.9406375196554,75.18246146654589,-64.20958035659974,-63.52730099999992,0.6822793565998211,2.04684569307612,-0.5504775763302,-66.80690362600606,-0.8885969190531662,0.7305505272756572,0.7305505272756572,0.8868485721649876,31.417112222222222,STOP,3212.31
oos,35,35,ROOT,SOLUSDT,SHORT,1738411203000,1738618637777,2025-02-01T12:00:03+00:00,2025-02-03T21:37:17.777000+00:00,227.934404,215.69313,5.8787,240.26076064818244,12.32635664818244,74.6068855969418,71.96277746380002,72.48437099999991,0.5215935361998874,1.5647719104754798,-0.36399584635576,70.03400970696877,0.9387070529297035,4.4298899957638,4.4298899957638,0.11484301812804741,57.62077138888889,STOP,215.65
oos,36,36,ROOT,ADAUSDT,SHORT,1738440003000,1739195885000,2025-02-01T20:00:03+00:00,2025-02-10T13:58:05+00:00,0.91341728,0.7156431,1458.7487,0.9631785701925238,0.049761290192523844,74.72113141027897,288.50282796856607,288.9781174699999,0.4752895014338492,1.4258338269279036,-1.19050567417641,285.8864884674618,3.8260460337212447,8.123127001653382,8.123127001653382,0.10013245196662127,209.96722222222223,STOP,0.7155
oos,37,37,ROOT,ETHUSDT,SHORT,1738454403000,1739234222526,2025-02-02T00:00:03+00:00,2025-02-11T00:37:02.526000+00:00,3115.606754,2693.528598,0.5044,3259.902342859046,144.2955888590459,75.29711429525089,212.8962218864,213.4822560000001,0.5860341136000784,1.7580767229292793,-0.12982611543251987,211.00831904803823,2.802342706264201,7.175664635260883,7.175664635260883,0.3205451141350022,216.616535,STOP,2692.99
oos,38,38,ROOT,XRPUSDT,SHORT,1738454403000,1738936627948,2025-02-02T00:00:03+00:00,2025-02-07T13:57:07.948000+00:00,2.87612466,2.46929376,505.7443,3.020390282357586,0.14426562235758622,75.2888500379169,205.75240873887006,206.29309997000007,0.5406912311300118,1.6220489382180032,-0.10238320533153933,204.02797659532052,2.7099361524657124,7.711640804088609,7.711640804088609,0.5349530868047573,133.95137444444444,STOP,2.4688
oos,39,39,ROOT,SOLUSDT,SHORT,1738771203000,1739071807567,2025-02-05T16:00:03+00:00,2025-02-09T03:30:07.567000+00:00,201.599672,203.350662,4.4822,218.9704534499457,17.370781449945696,79.30509269468803,-7.848287378000006,-7.485274000000071,0.3630133779999358,1.0890410322328798,-0.012932449975540022,-8.950260860208427,-0.11285858897694635,0.8312620846453136,0.8312620846453136,0.13012241311729136,83.50126861111112,STOP,203.31
oos,40,36,ADD,ADAUSDT,SHORT,1738857603000,1739195885000,2025-02-06T16:00:03+00:00,2025-02-10T13:58:05+00:00,0.71045788,0.7156431,608.7495,0.776,0.06554212000000004,40.59071818569372,-3.1565000823899942,-2.9828725500000095,0.17362753238998474,0.520882955114706,-0.1321657981360905,-3.8095488356407907,-0.09385270835103071,0.9224278982736587,0.9224278982736587,0.6445034124620934,93.96722222222222,STOP,0.7155
oos,41,38,ADD,XRPUSDT,SHORT,1738857603000,1738936627948,2025-02-06T16:00:03+00:00,2025-02-07T13:57:07.948000+00:00,2.3140370999999997,2.46929376,157.7075,2.5677,0.25366290000000014,40.588447411267225,-24.485139706950008,-24.334267250000018,0.1508724569499904,0.45262029096206996,-0.005099557016842501,-24.94285955492892,-0.6145310093335785,0.19962359493642884,0.19962359493642884,0.6120589964082251,21.951374444444443,STOP,2.4688
oos,42,37,ADD,ETHUSDT,SHORT,1738972803000,1739234222526,2025-02-08T00:00:03+00:00,2025-02-11T00:37:02.526000+00:00,2620.135868,2693.528598,0.1672,2857.43,237.294132,40.37651761780736,-12.271264456000004,-12.093575999999986,0.17768845600001804,0.5330668192291199,0.17370799640919998,-12.630623278819924,-0.3128210163733736,0.4299131509918667,0.4299131509918667,0.3281334070241575,72.616535,STOP,2692.99
oos,43,43,ROOT,ADAUSDT,LONG,1739246403000,1739628244444,2025-02-11T04:00:03+00:00,2025-02-15T14:04:04.444000+00:00,0.7505500799999999,0.78824232,1522.9372,0.6993129468230408,0.051237133176959104,79.85980115621717,57.402914447328236,57.87161360000005,0.4686991526718174,1.4060905134223678,-0.0741288722649564,55.92269506164091,0.700260885351419,1.5642936095425968,1.5642936095425968,0.09075605350400422,106.06706777777778,STOP,0.7884
oos,44,44,ROOT,XRPUSDT,LONG,1739260803000,1739367127248,2025-02-11T08:00:03+00:00,2025-02-12T13:32:07.248000+00:00,2.49959982,2.3697259600000002,516.7358,2.347950677571888,0.1516491424281119,80.42915327217243,-67.11047294618778,-66.6072446199999,0.5032283261878803,1.5096929714333545,0.022010919475663984,-68.59815499814547,-0.8529016184717148,0.08176887650966054,0.08176887650966054,0.8564101182541488,29.534513333333333,STOP,2.3702
oos,45,45,ROOT,BTCUSDT,SHORT,1739304003000,1739381289195,2025-02-11T20:00:03+00:00,2025-02-12T17:28:09.195000+00:00,94969.0024,97385.44443710733,0.0312,97365.97124285877,2396.9688428587688,79.52628049700158,-75.39299155774887,-74.1927027771935,1.2002887805553684,3.600875244790649,0.33373574273519996,-78.66013105980431,-0.9891086389079906,0.40263452020885027,0.40263452020885027,1.0081240915194134,21.4683875,STOP,97365.97124285877
oos,46,46,ROOT,SOLUSDT,SHORT,1739304003000,1739524508333,2025-02-11T20:00:03+00:00,2025-02-14T09:15:08.333000+00:00,195.470898,198.43968,7.0576,206.42510362842293,10.954205628422926,79.51769029871731,-20.95247584320003,-20.396464000000105,0.5560118431999257,1.6680379771756797,-0.26515391625536006,-22.88566773663107,-0.2878059919831479,0.654625104114682,0.654625104114682,0.34955542463659967,61.25148138888889,STOP,198.4
oos,47,47,ROOT,XRPUSDT,LONG,1739491203000,1739730428627,2025-02-14T00:00:03+00:00,2025-02-16T18:27:08.627000+00:00,2.5585115999999997,2.7061586600000003,548.5133,2.417703555006739,0.1408080449932605,79.48048965108865,80.98637611589832,81.56392771000014,0.5775515941018199,1.7326449946346745,-0.5288116100535115,78.72491951121015,0.9904936400971436,1.9650042013809894,1.9650042013809894,0.21313838993671078,66.45156305555555,STOP,2.7067
oos,48,48,ROOT,SOLUSDT,SHORT,1739721603000,1740025264705,2025-02-16T16:00:03+00:00,2025-02-20T04:21:04.705000+00:00,190.17195800000002,174.274848,9.778,198.01416030966675,7.842202309666732,79.65625643243972,155.44194158000028,156.15466,0.7127184199997316,2.1381365214408,-0.4688685427944,152.83493651576507,1.9186808840984346,3.749196569917296,3.749196569917296,0.12599037374769886,84.35047361111111,STOP,174.24
oos,49,49,ROOT,BTCUSDT,SHORT,1739750403000,1740006072000,2025-02-17T00:00:03+00:00,2025-02-19T23:01:12+00:00,96047.7866,96756.64746000001,0.0421,97785.59348297631,1737.806882976307,79.63144867867851,-29.843042206000028,-28.219630000000123,1.6234122059999052,4.870240004355599,2.4826769185464,-32.230605291809226,-0.4047471925553332,1.5687511809890613,1.5687511809890613,0.5479397102911439,71.01916666666666,STOP,96737.3
oos,50,50,ROOT,ETHUSDT,LONG,1739793603000,1739858773082,2025-02-17T12:00:03+00:00,2025-02-18T06:06:13.082000+00:00,2754.490788,2654.7292808665416,0.7717,2655.260332933128,99.23045506687185,79.97716704086439,-76.98595505488994,-76.151099075505,0.8348559793849404,2.504577076286586,-0.31295952856186005,-79.80349165973838,-0.9978284379460794,0.9500028185547643,0.9500028185547643,1.0053517044361913,18.102800555555554,STOP,2655.260332933128
oos,51,51,ROOT,XRPUSDT,SHORT,1739908803000,1739981956987,2025-02-18T20:00:03+00:00,2025-02-19T16:19:16.987000+00:00,2.5096979600000004,2.6562344732265952,542.6638,2.6557033325600834,0.14600537256008295,81.4109058647917,-79.5200611062942,-78.95939135971848,0.5606697465757122,1.6820187148547943,-0.078420003859806,-81.28049982500879,-0.9983981748096564,0.10066725451456902,0.10066725451456902,1.0036378159049817,20.320551944444443,STOP,2.6557033325600834
oos,52,52,ROOT,ETHUSDT,SHORT,1739908803000,1740019687492,2025-02-18T20:00:03+00:00,2025-02-20T02:48:07.492000+00:00,2628.344226,2736.667224,0.6658,2746.3830983477146,118.03887234771446,81.39020374618156,-72.12145206839976,-71.40705,0.7144020683997638,2.1432147740459997,0.27276703840705996,-73.99189980403871,-0.9091008057282332,0.09712246289704606,0.09712246289704606,0.9176891971731638,30.80124777777778,STOP,2736.12
oos,53,53,ROOT,XRPUSDT,LONG,1740009603000,1740151569212,2025-02-20T00:00:03+00:00,2025-02-21T15:26:09.212000+00:00,2.7361471199999996,2.63737242,526.9997,2.590154230046851,0.14599288995314863,79.24532714567573,-52.0542372675897,-51.48787068999982,0.566366577589875,1.6991059113144826,0.0285472854801641,-53.724795893424016,-0.6779553801912177,0.07365344985945059,0.07365344985945059,0.6765719894420733,39.43505888888889,STOP,2.6379
oos,54,54,ROOT,ETHUSDT,LONG,1740024003000,1740152583789,2025-02-20T04:00:03+00:00,2025-02-21T15:43:03.789000+00:00,2740.908072,2704.119068,0.7323,2637.7847060380864,103.1233659619138,78.72870806371044,-26.94058762920015,-26.1431100000002,0.7974776291999497,2.3924360247732,-0.44492272619408996,-29.77794638016744,-0.37823491725623043,1.0093922655554488,1.0093922655554488,0.3567475097116919,35.716885833333336,STOP,2704.66
oos,55,55,ROOT,ADAUSDT,LONG,1740081603000,1740159917142,2025-02-20T20:00:03+00:00,2025-02-21T17:45:17.142000+00:00,0.81056208,0.76954606,1687.2611,0.7652657121293943,0.04529636787060565,78.61500726611328,-69.20473502282188,-68.67152676999993,0.5332082528219502,1.5996329990492122,-0.3892415723740852,-71.19360959424517,-0.9055982066280738,0.1686210254609969,0.1686210254609969,0.9055035078566779,21.753928333333334,STOP,0.7697
oos,56,56,ROOT,BTCUSDT,LONG,1740081603000,1740164417880,2025-02-20T20:00:03+00:00,2025-02-21T19:00:17.880000+00:00,98389.57397999999,96346.7268,0.0349,96298.08154641098,2091.49243358901,78.48715974329964,-71.29536658199939,-69.9361099999998,1.3592565819995883,4.0777781383331995,-0.0791875620514,-75.45233228238399,-0.9613334528750771,0.49817345894580356,0.49817345894580356,0.9767413676436055,23.004133333333332,STOP,96366.0
oos,57,57,ROOT,SOLUSDT,SHORT,1740326403000,1740751519111,2025-02-23T16:00:03+00:00,2025-02-28T14:05:19.111000+00:00,166.656662,142.82856,9.3125,174.65940004674164,8.002738046741626,77.00868232408139,221.89919987500002,222.47562499999987,0.5764251249998438,1.7292486779249998,0.34550228490625,220.51545348198127,2.863514175635023,5.140323444267817,5.140323444267817,0.3652922266011518,118.08780861111111,STOP,142.8
oos,58,58,ROOT,ADAUSDT,SHORT,1740369603000,1740865263157,2025-02-24T04:00:03+00:00,2025-03-01T21:41:03.157000+00:00,0.7378524,0.6545308799999999,1897.7198,0.7774550735222844,0.039602673522284415,77.39515705050691,158.1208982700961,158.64937528000002,0.5284770099039235,1.5854119917869662,0.7997725730671392,157.33525885137627,2.0328824806014887,3.9934778623217864,3.9934778623217864,0.25118506189746365,137.68337694444443,STOP,0.6544
oos,59,59,ROOT,XRPUSDT,SHORT,1740369603000,1740880928484,2025-02-24T04:00:03+00:00,2025-03-02T02:02:08.484000+00:00,2.48810228,2.21884368,632.6366,2.6064355339238134,0.11833325392381333,77.38045073629225,170.34284522476008,170.93840932,0.5955640952399222,1.7866717731108819,-0.22556978340174239,168.33060366824748,2.1753634421426113,4.538050481952766,4.538050481952766,0.1284315228057915,142.03485666666666,STOP,2.2184
oos,60,60,ROOT,ETHUSDT,SHORT,1740398403000,1740929886416,2025-02-24T12:00:03+00:00,2025-03-02T15:38:06.416000+00:00,2688.152262,2280.20595,0.6187,2809.1494531348403,120.99719113484025,77.5220178423247,252.39638323440002,253.01117800000006,0.6147947656000383,1.84435393545864,0.8207166354953801,251.37274593443678,3.24259807640346,5.108814974978437,5.108814974978437,0.06279268079482073,147.63428222222223,STOP,2279.75
oos,61,59,ADD,XRPUSDT,SHORT,1740715203000,1740880928484,2025-02-28T04:00:03+00:00,2025-03-02T02:02:08.484000+00:00,2.01919608,2.21884368,150.4953,2.3029,0.2837039200000002,43.18231378328551,-30.046025456280002,-29.918465639999976,0.12755981628002644,0.3826830390558767,-0.022955666644682994,-30.451664161980563,-0.7051883397171606,0.2400251642627985,0.2400251642627985,0.7037181580007773,46.03485666666667,STOP,2.2184
oos,62,58,ADD,ADAUSDT,SHORT,1740715203000,1740865263157,2025-02-28T04:00:03+00:00,2025-03-01T21:41:03.157000+00:00,0.60197958,0.6545308799999999,499.8719,0.6874,0.08542042000000005,43.18072792646331,-26.26891817846998,-26.143300370000006,0.1256178084699755,0.37685656260604433,0.1053252122654633,-26.540449528810562,-0.6146364548093977,0.2608226463882986,0.2608226463882986,0.6152076985807368,41.68337694444445,STOP,0.6544
oos,63,60,ADD,ETHUSDT,SHORT,1740715203000,1740929886416,2025-02-28T04:00:03+00:00,2025-03-02T15:38:06.416000+00:00,2145.9907160000002,2280.20595,0.1335,2465.93,319.9392839999996,43.170278030937546,-17.91773373899997,-17.79955499999999,0.11817873899997977,0.35453835294659997,0.0435955932585,-18.22867649868807,-0.42225061616755566,0.23751605320214553,0.23751605320214553,0.4195022015489663,59.634282222222225,STOP,2279.75
oos,64,57,ADD,SOLUSDT,SHORT,1740715203000,1740751519111,2025-02-28T04:00:03+00:00,2025-02-28T14:05:19.111000+00:00,127.56448200000001,142.82856,2.7965,142.8,15.235517999999999,43.1769006052608,-42.685994126999994,-42.53476500000002,0.15122912699997215,0.45369248517180005,0.035923839000000006,-43.103762773171795,-0.9983060888793835,0.13419182728148898,0.13419182728148898,1.001874567047868,10.087808611111111,STOP,142.8
oos,65,65,ROOT,ADAUSDT,LONG,1740931203000,1741052355041,2025-03-02T16:00:03+00:00,2025-03-04T01:39:15.041000+00:00,0.86497296,0.78737451475634,1041.589,0.7875320211605721,0.07744093883942793,82.10314415751441,-80.82568698289857,-80.4814768113809,0.3442101715176733,1.0326401723303886,-0.217490888920158,-82.07581804414912,-0.9996671733628999,4.007273732094807,4.007273732094807,1.002033890686148,33.65334472222222,STOP,0.7875320211605721
oos,66,66,ROOT,XRPUSDT,LONG,1740931203000,1741031538761,2025-03-02T16:00:03+00:00,2025-03-03T19:52:18.761000+00:00,2.59781946,2.3918586363259564,391.5957,2.392337103746706,0.20548235625329436,82.0936790225179,-80.65337291921375,-80.26258883233618,0.3907840868775736,1.1723618921432581,-0.181293603438969,-82.00702841479598,-0.998944491113644,1.9888838509143174,1.9888838509143174,1.0023285085370524,27.871044722222223,STOP,2.392337103746706
oos,67,67,ROOT,SOLUSDT,LONG,1740931203000,1741030564077,2025-03-02T16:00:03+00:00,2025-03-03T19:36:04.077000+00:00,157.39147200000002,144.9534214426388,6.4831,144.98241792622406,12.409054073775962,82.08175390909408,-80.63712556842846,-80.24510234249689,0.3920232259315668,1.1760793072067832,0.06333352318903998,-81.74987135244619,-0.9959566829308321,1.821938067606503,1.821938067606503,1.0023367198992648,27.600299166666666,STOP,144.98241792622406
oos,68,68,ROOT,BTCUSDT,LONG,1740945603000,1741025892128,2025-03-02T20:00:03+00:00,2025-03-03T18:18:12.128000+00:00,93485.89344,88990.73642861808,0.0183,89008.53813624533,4477.355303754666,84.67286901863359,-82.2613733082891,-81.59351210671035,0.6678612015787451,2.003593395957427,-0.005057502557999999,-84.27002420680452,-0.9952423389392838,0.2935006205332874,0.2935006205332874,1.0039759425865362,22.302535555555554,STOP,89008.53813624533
oos,69,69,ROOT,BTCUSDT,LONG,1741233603000,1741306812555,2025-03-06T04:00:03+00:00,2025-03-07T00:20:12.555000+00:00,91581.51264,87531.4902,0.0152,86490.86058844661,5090.652051553392,79.60517357101637,-61.56034108800001,-61.015839999999955,0.5445010880000538,1.6335105859008,-0.1747228350112,-63.36857450891201,-0.7960358814164312,0.23548797832965168,0.23548797832965168,0.7955802908910564,20.3359875,STOP,87549.0
oos,70,70,ROOT,XRPUSDT,LONG,1741262403000,1741307171253,2025-03-06T12:00:03+00:00,2025-03-07T00:26:11.253000+00:00,2.61022194,2.41561678,329.0826,2.3725615150495534,0.2376604249504468,79.5842763559455,-64.04117202621602,-63.71039136,0.33078066621601465,0.9923496438949633,0.0768161506602336,-64.95670551945075,-0.816200240722526,0.12235129178979921,0.12235129178979921,0.8188370446639404,12.435625833333333,STOP,2.4161
oos,71,71,ROOT,ADAUSDT,SHORT,1741320003000,1741767134285,2025-03-07T04:00:03+00:00,2025-03-12T08:12:14.285000+00:00,0.85192958,0.7466493000000001,608.1979,0.9799075067413804,0.12797792674138042,78.66493314086763,64.03124520741194,64.22569823999994,0.19445303258800095,0.5833513906802111,-0.6086644127254139,62.83922940400632,0.7988213667134025,1.6083209444074151,1.6083209444074151,0.35529892660229817,124.20313472222222,STOP,0.7465
oos,72,72,ROOT,BTCUSDT,SHORT,1741320003000,1741782607274,2025-03-07T04:00:03+00:00,2025-03-12T12:30:07.274000+00:00,86941.00832,83758.54836,0.014,92403.48773306374,5462.479413063746,78.42219036926043,44.5544394399999,45.03239999999988,0.47796055999997833,1.4338762761119996,0.5783052261280001,43.6988683900159,0.5572258079537751,1.900420584684197,1.900420584684197,0.7628205737553366,128.50118722222223,STOP,83741.8
oos,73,73,ROOT,ETHUSDT,SHORT,1741320003000,1741963217731,2025-03-07T04:00:03+00:00,2025-03-14T14:40:17.731000+00:00,2146.77056,1922.3844,0.4791,2307.4577500445844,160.68719004458444,78.63086119083401,107.50340925600001,107.89331999999992,0.38991074399990566,1.1697192848015998,0.5664530200181099,106.90014299121653,1.3595189137223624,2.4536527142618225,2.4536527142618225,0.7005501805636565,178.6707586111111,STOP,1922.0
oos,74,74,ROOT,XRPUSDT,SHORT,1741406403000,1741782604788,2025-03-08T04:00:03+00:00,2025-03-12T12:30:04.788000+00:00,2.3415316,2.2453489799999997,333.6154,2.57435329876359,0.23282169876359005,78.92277776384923,32.08800324434815,32.394055340000065,0.30605209565191416,0.9181523996693591,-0.5199102023773366,30.649940642301456,0.38835354647566317,1.9170532745455595,1.9170532745455595,0.1416036399316723,104.50049666666666,STOP,2.2449
oos,75,75,ROOT,ADAUSDT,SHORT,1741881603000,1741965431515,2025-03-13T16:00:03+00:00,2025-03-14T15:17:11.515000+00:00,0.70565884,0.74184834,1216.5695,0.7708361216388222,0.0651772816388222,80.6662657701401,-44.027041920249985,-43.67484505000005,0.3521968702499336,1.056595851731406,-0.23375130727513654,-45.31738907925653,-0.5617886070044348,0.23718141676519494,0.23718141676519494,0.5552471519223974,23.285698611111112,STOP,0.7417
oos,76,76,ROOT,BTCUSDT,SHORT,1741896003000,1741964587393,2025-03-13T20:00:03+00:00,2025-03-14T15:03:07.393000+00:00,80161.4645,83944.28480762929,0.0207,83927.49930776774,3766.0348077677336,80.61186822503208,-78.3043803679262,-77.62498567079213,0.6793946971340716,2.0381934064007554,0.18102827833920002,-80.16154549598775,-0.9944136919418958,0.0,0.0,1.0044570750718846,19.051220277777777,STOP,83927.49930776774
oos,77,77,ROOT,ADAUSDT,SHORT,1742126403000,1742389633125,2025-03-16T12:00:03+00:00,2025-03-19T13:07:13.125000+00:00,0.70505896,0.72684534,1759.4876,0.7491454526519212,0.044086492651921216,79.55450514436873,-38.33286545888799,-37.828983399999935,0.5038820588880526,1.5116507161420079,-1.1854301974961785,-41.029946372526176,-0.5157463590285494,0.5502583340329045,0.5502583340329045,0.5611932025380073,73.11947916666666,STOP,0.7267
oos,78,78,ROOT,ETHUSDT,SHORT,1742126403000,1742236392907,2025-03-16T12:00:03+00:00,2025-03-17T18:33:12.907000+00:00,1872.2354779999998,1947.3894,0.9516,1952.8223836030693,80.58690560306945,79.53709022126458,-71.51647217520018,-70.7895240000001,0.7269481752000786,2.1808530203428798,0.15343436742192001,-73.54389082812114,-0.9246489986436399,0.18806377893014234,0.18806377893014234,0.9325823027648015,30.552751944444445,STOP,1947.0
oos,79,79,ROOT,SOLUSDT,SHORT,1742270403000,1742391912231,2025-03-18T04:00:03+00:00,2025-03-19T13:45:12.231000+00:00,124.045186,129.885972,10.9477,131.0624435178611,7.017257517861111,78.99564530072361,-63.94317289220009,-63.38718300000022,0.555989892199868,1.66797728306196,-0.14002405639531995,-65.75117423165737,-0.832339225552919,0.33990287429654126,0.33990287429654126,0.8323459677991558,33.752564166666666,STOP,129.86
oos,80,80,ROOT,ETHUSDT,LONG,1742385603000,1742560863238,2025-03-19T12:00:03+00:00,2025-03-21T12:41:03.238000+00:00,2027.385396,1950.7597700000001,0.9714,1949.9706961255436,77.41469987445635,78.35168293592594,-74.43413309639979,-73.66126199999994,0.7728710963998537,2.31862212855144,-0.3430205238871801,-77.0957757488384,-0.9839708971137917,0.5464673255674395,0.5464673255674395,0.9898071829286142,48.68339944444445,STOP,1951.15
oos,81,81,ROOT,XRPUSDT,LONG,1742400003000,1742488392944,2025-03-19T16:00:03+00:00,2025-03-20T16:33:12.944000+00:00,2.55391068,2.4179089194212597,561.1041,2.418392597940848,0.13551808205915217,78.3325670732576,-76.31114546794953,-75.75320682573867,0.557938642210857,1.6738250170173754,-0.040465202734526404,-78.02543568770143,-0.9960791354473431,0.16742651353415974,0.16742651353415974,1.0035691068840316,24.55276222222222,STOP,2.418392597940848
oos,82,82,ROOT,SOLUSDT,LONG,1742400003000,1742552472682,2025-03-19T16:00:03+00:00,2025-03-21T10:21:12.682000+00:00,132.286452,126.534688,11.7471,125.83118638670211,6.4552656132978825,78.31702217443427,-67.56654688439993,-66.95846999999986,0.608076884400063,1.8242386882164,-0.20788580792199002,-69.59867138053832,-0.8886787246011767,0.587667220413872,0.587667220413872,0.8910189517455841,42.352689444444444,STOP,126.56
oos,83,83,ROOT,BTCUSDT,LONG,1742400003000,1742561764481,2025-03-19T16:00:03+00:00,2025-03-21T12:56:04.481000+00:00,84710.23866,83596.87728,0.0319,82393.03961386438,2317.199046135618,78.24226015293262,-35.516228022000064,-34.4424299999999,1.0737980220001617,3.221398199091599,-0.3726914923357999,-39.110317713427456,-0.4998618091678625,1.20393685844661,1.20393685844661,0.5222851537153496,44.93374472222222,STOP,83613.6
oos,84,84,ROOT,ADAUSDT,SHORT,1742558403000,1742776327500,2025-03-21T12:00:03+00:00,2025-03-24T00:32:07.500000+00:00,0.70675862,0.71594316,2134.4888,0.741436338052005,0.034677718052005035,76.43291016547211,-19.60429776315204,-18.996950320000042,0.6073474431519976,1.8220446090900384,-0.7544320844791463,-22.180774456721224,-0.2901992663723171,0.45443070897477655,0.45443070897477655,0.3097487552061969,60.53458333333333,STOP,0.7158
oos,85,85,ROOT,ETHUSDT,LONG,1742702403000,1742997190012,2025-03-23T04:00:03+00:00,2025-03-26T13:53:10.012000+00:00,2007.931506,2035.5928000000001,1.1828,1946.7869861673203,61.144519832679634,76.12170827456836,32.71777854320027,33.67431600000003,0.9565374567997651,2.8696083294820802,-0.7008134520592001,29.147356761658987,0.3829046591614245,1.575096088145684,1.575096088145684,0.5147068958284537,81.88528111111111,STOP,2036.0
oos,86,86,ROOT,SOLUSDT,LONG,1742731203000,1743010280000,2025-03-23T12:00:03+00:00,2025-03-26T17:31:20+00:00,133.056606,138.062382,13.7168,127.72139684278683,5.335209157213157,76.1021743327507,68.66322823680035,69.40700800000003,0.743779763199683,2.2313309607590397,-0.2775337715220801,66.15436350451922,0.8692834874239537,2.6903151454885967,2.6903151454885967,0.554168714454744,77.5213888888889,STOP,138.09
oos,87,87,ROOT,BTCUSDT,LONG,1742731203000,1743015484610,2025-03-23T12:00:03+00:00,2025-03-26T18:58:04.610000+00:00,84668.33028,86242.748,0.0429,83034.06609337112,1634.264186628876,75.92156779679797,67.54252018800052,69.00894000000025,1.466419811999728,4.3992511549271995,-0.025087226049600148,63.118181807023724,0.831360358310274,2.498781869792857,2.498781869792857,0.08525566498976038,78.96711388888889,STOP,86260.0
oos,88,88,ROOT,XRPUSDT,LONG,1742788803000,1742998937087,2025-03-24T04:00:03+00:00,2025-03-26T14:22:17.087000+00:00,2.44308852,2.4051188800000003,813.4907,2.3521688377388834,0.09091968226111646,77.14220363084803,-30.88794902234766,-30.099155899999936,0.7887931223477231,2.3663829789427075,-0.7490673347062169,-34.00339933599658,-0.44078854032631143,0.6578496373120251,0.6578496373120251,0.41761738553983074,58.370579722222224,STOP,2.4056
oos,89,89,ROOT,XRPUSDT,SHORT,1743019203000,1743497476724,2025-03-26T20:00:03+00:00,2025-04-01T08:51:16.724000+00:00,2.3693260400000002,2.1704339999999998,838.2139,2.457385306768445,0.08805926676844456,76.99010466169423,166.7140725273564,167.47513722000016,0.761064692643771,2.2831739809155334,-2.720917524789322,161.70998102165154,2.1003995478669477,3.93968803887791,3.93968803887791,0.21546806709045907,132.85381222222222,STOP,2.17
oos,90,90,ROOT,ETHUSDT,SHORT,1743148803000,1743433330333,2025-03-28T08:00:03+00:00,2025-03-31T15:02:10.333000+00:00,1908.658192,1848.4496159999999,1.0481,1979.9290639285437,71.27087192854356,77.89974430996283,63.10460850560023,63.89217600000004,0.7875674943998092,2.36269481613888,0.14841916924325,60.8903328587046,0.7816499707164913,2.0010726421726632,2.0010726421726632,0.21526056276372843,79.03537027777777,STOP,1848.08
oos,91,91,ROOT,ADAUSDT,SHORT,1743148803000,1743495318400,2025-03-28T08:00:03+00:00,2025-04-01T08:15:18.400000+00:00,0.7008597999999999,0.67583514,2115.8859,0.7365477968611513,0.03568799686115143,77.88443234766949,52.94932524629384,53.53191326999998,0.582588023706144,1.7477576472884075,-1.0780672529368527,50.123500346068575,0.6435625045364847,2.007952429462524,2.007952429462524,0.303749186096805,96.25427777777777,STOP,0.6757
oos,92,92,ROOT,SOLUSDT,SHORT,1743177603000,1743389353478,2025-03-28T16:00:03+00:00,2025-03-31T02:49:13.478000+00:00,129.82403,127.055406,11.6594,136.34640847295162,6.52237847295163,78.46889204014343,32.28049466559987,32.87950799999992,0.5990133344000554,1.7970360576590396,-1.7347760905598,28.748682517381027,0.36637044018250775,1.1198414857846544,1.1198414857846544,0.09597265822520101,58.81957722222222,STOP,127.03
oos,93,89,ADD,XRPUSDT,SHORT,1743235203000,1743497476724,2025-03-29T08:00:03+00:00,2025-04-01T08:51:16.724000+00:00,2.12077576,2.1704339999999998,164.095,2.359,0.2382242400000001,39.64822058013953,-8.148668892799975,-8.007835999999992,0.1408328927999829,0.4224996393403199,-0.28100635097157495,-8.85217488311187,-0.22326789837186475,0.41295444997536634,0.41295444997536634,0.38335410367979356,72.85381222222222,STOP,2.17
oos,94,94,ROOT,BTCUSDT,SHORT,1743393603000,1743430398141,2025-03-31T04:00:03+00:00,2025-03-31T14:13:18.141000+00:00,81475.30168,83407.50565175615,0.0394,83390.8274862589,1915.5258062588982,80.60791978450779,-76.12883648719199,-74.82956295860052,1.2992735285914705,3.897829565322715,0.194245349788,-79.8324207027267,-0.9903793686296053,0.11761871297366007,0.11761871297366007,1.0087068341458771,10.2208725,STOP,83390.8274862589
oos,95,95,ROOT,BTCUSDT,LONG,1743609603000,1743628694591,2025-04-02T16:00:03+00:00,2025-04-02T21:18:14.591000+00:00,86726.8419,84294.17851195042,0.0307,84311.04072009443,2415.8011799055676,78.42511869722894,-74.68276601312209,-73.63269989310095,1.0500661200211425,3.1502071959881266,0.0,-77.83297320911022,-0.992449542978637,0.7339834563990537,0.7339834563990537,1.0069799651909561,5.303219722222222,STOP,84311.04072009443
oos,96,96,ROOT,SOLUSDT,SHORT,1743638403000,1743785761734,2025-04-03T00:00:03+00:00,2025-04-04T16:56:01.734000+00:00,117.336528,120.994194,8.7573,126.05589700654508,8.71936900654508,78.00221208366428,-32.03127846179993,-31.613853,0.41742546179992956,1.2522801790623599,-0.5273629841480401,-33.81092162501033,-0.4334610611907406,0.5925346198930007,0.5925346198930007,0.419487464890454,40.93298166666667,STOP,120.97
oos,97,97,ROOT,ADAUSDT,SHORT,1743638403000,1744113608260,2025-04-03T00:00:03+00:00,2025-04-08T12:00:08.260000+00:00,0.6393721,0.60732144,1798.729,0.6817083220169505,0.04233622201695053,77.99148171322486,57.650451611140014,58.09894669999999,0.44849508885997835,1.3454782947063957,-0.48622814410370896,55.81874517232991,0.7157030991868544,3.0369289907002663,3.0369289907002663,0.754150901495574,132.0014611111111,STOP,0.6072
oos,98,98,ROOT,XRPUSDT,SHORT,1743638403000,1743849137500,2025-04-03T00:00:03+00:00,2025-04-05T10:32:17.500000+00:00,2.02039584,2.1629325,530.2704,2.164219135009234,0.1438232950092342,77.97940595024083,-75.58297171286411,-75.13931568000008,0.4436560328640269,1.3309771153098815,-0.6672643961056128,-77.5812132242796,-0.9948936168324323,0.44148508762730754,0.44148508762730754,0.9910540569304064,58.53736111111111,STOP,2.1625
oos,99,99,ROOT,ETHUSDT,SHORT,1743638403000,1744221432216,2025-04-03T00:00:03+00:00,2025-04-09T17:57:12.216000+00:00,1793.751178,1618.3236,0.7817,1890.6181822268845,96.86700422688455,77.9644176775038,137.13173772260004,137.66518699999992,0.5334492773998818,1.6003313123775598,0.16039286615391002,135.69179927637637,1.740432409020987,4.230038714114349,4.230038714114349,0.5287540624259828,161.95256,STOP,1618.0
oos,100,100,ROOT,XRPUSDT,SHORT,1743940803000,1744219454772,2025-04-06T12:00:03+00:00,2025-04-09T17:24:14.772000+00:00,2.08318328,1.97519496,711.5995,2.1883350565514053,0.10515177655140517,77.19777910682183,76.84443451784003,77.42202560000001,0.5775910821599837,1.7327639558369279,-1.1866440468347466,73.92502651516835,0.9576056121106176,4.47242353314016,4.47242353314016,0.10191668035928017,77.40327,STOP,1.9748
oos,101,101,ROOT,SOLUSDT,SHORT,1743955203000,1744219395247,2025-04-06T16:00:03+00:00,2025-04-09T17:23:15.247000+00:00,114.867022,112.5225,11.442,121.461419589417,6.5943975894169995,77.5559907632677,26.826020724000138,27.346380000000007,0.5203592759998692,1.5610745464344,-0.6170378062385999,24.647908371327137,0.3178079233951448,2.983899853351066,2.983899853351066,0.05049407402040422,73.38673527777777,STOP,112.5
oos,102,99,ADD,ETHUSDT,SHORT,1744171203000,1744221432216,2025-04-09T04:00:03+00:00,2025-04-09T17:57:12.216000+00:00,1417.676408,1618.3236,0.185,1638.47,220.793592,41.266446736767996,-37.11973051999998,-37.00739999999999,0.11233051999999333,0.33699600088799997,-0.013724856867500003,-37.47045137775548,-0.9080125462890819,0.013978702787715505,0.01665088178827236,0.9087545982765656,13.95256,STOP,1618.0
oos,103,103,ROOT,BTCUSDT,SHORT,1744171203000,1744219155445,2025-04-09T04:00:03+00:00,2025-04-09T17:19:15.445000+00:00,75024.89202,78811.51833228207,0.0212,78795.75918044598,3770.8671604459814,82.4872281387732,-80.27647782037982,-79.62421462545491,0.6522631949249131,1.9567991396810276,0.07518994934879998,-82.15808701071205,-0.9960097928432337,0.01026077513571868,0.019330307035100743,1.0041791850960409,13.32012361111111,STOP,78795.75918044598
oos,104,104,ROOT,BTCUSDT,LONG,1744401603000,1744757237640,2025-04-11T20:00:03+00:00,2025-04-15T22:47:17.640000+00:00,83826.2619,83652.16622,0.0193,79906.35186192146,3919.9100380785385,78.2428187023878,-3.360046623999972,-2.7135800000001127,0.6464666239998591,1.9394001976296,-1.0077242290818,-6.307171050711372,-0.08061022283338179,0.6675505495229873,0.6675505495229873,0.2730322608435725,98.7874,STOP,83668.9
oos,105,105,ROOT,SOLUSDT,LONG,1744444803000,1744740976969,2025-04-12T08:00:03+00:00,2025-04-15T18:16:16.969000+00:00,124.184832,127.59447600000001,9.1522,115.81628776192328,8.368544238076723,78.40909364681444,31.205743816800133,31.666612000000075,0.46086818319994194,1.38260074960656,0.015896963211880045,29.839040030405453,0.38055585956409965,1.4226091971685717,1.4226091971685717,0.03164612535535364,82.27054694444445,STOP,127.62
oos,106,106,ROOT,XRPUSDT,LONG,1744473603000,1744750330697,2025-04-12T16:00:03+00:00,2025-04-15T20:52:10.697000+00:00,2.15233038,2.1017795599999998,557.9509,2.014162736238143,0.13816764376185686,79.01219266399677,-28.204875514738124,-27.730159730000047,0.47471578473807696,1.4241506818331675,-0.4787432774283277,-30.10776947399962,-0.38105219534957585,0.685179376462196,0.685179376462196,0.5220497218894642,76.86880472222222,STOP,2.1022
oos,107,107,ROOT,ADAUSDT,LONG,1744473603000,1744647069500,2025-04-12T16:00:03+00:00,2025-04-14T16:11:09.500000+00:00,0.6598319399999999,0.6288742,1755.5145,0.615886848736354,0.043945091263645875,78.99959617832667,-54.346761457229725,-53.89429514999991,0.4524663072298125,1.3574053890054179,-0.1439051078566245,-55.848071954091765,-0.706941233320045,0.1926963798799849,0.1926963798799849,0.7044641189677088,48.185138888888886,STOP,0.629
oos,108,108,ROOT,SOLUSDT,LONG,1745035203000,1745254632765,2025-04-19T04:00:03+00:00,2025-04-21T16:57:12.765000+00:00,138.737742,135.4729,11.026,131.8876678284201,6.850074171579905,77.97647356510724,-35.99814789199986,-35.39346000000009,0.6046878919997667,1.8140679232152,1.5776334071876001,-36.23458240802746,-0.4646860873718921,0.6587166630575757,0.6587166630575757,0.4766141093107292,60.9527125,STOP,135.5
oos,109,109,ROOT,BTCUSDT,LONG,1745208003000,1745731505263,2025-04-21T04:00:03+00:00,2025-04-27T05:25:05.263000+00:00,87184.03332,93814.2334,0.0444,85567.93594042372,1616.0973795762839,77.9482773802398,294.3808835519998,295.98815999999977,1.6072764479999933,4.8217938254208,0.08491436592359985,289.6440040925026,3.7158486861690223,5.312530537145607,5.312530537145607,0.530310444674258,145.41729527777778,STOP,93833.0
oos,110,110,ROOT,ADAUSDT,LONG,1745208003000,1745674395294,2025-04-21T04:00:03+00:00,2025-04-26T13:33:15.294000+00:00,0.63692736,0.7013597,3286.5085,0.6142200221851186,0.022707337814881434,77.97708623301536,211.75743308488993,212.63709994999994,0.8796668651100106,2.6389750788780058,-2.1282560388938365,206.99020196711808,2.6545003406331285,4.790197815646842,4.790197815646842,0.9744585728362529,129.553415,STOP,0.7015
oos,111,111,ROOT,ETHUSDT,LONG,1745208003000,1745254861214,2025-04-21T04:00:03+00:00,2025-04-21T17:01:01.214000+00:00,1634.386812,1579.7986256217919,1.3703,1580.1146485515021,54.27216344849785,77.95250597105037,-74.80219179405856,-73.92131508987659,0.8808767041819721,2.6426389831038843,-0.40367232629750005,-77.84850310345993,-0.9986658175219015,0.4350883860085663,0.4350883860085663,1.0058229285443934,13.016170555555556,STOP,1580.1146485515021
oos,112,112,ROOT,ETHUSDT,LONG,1745337603000,1745798833397,2025-04-22T16:00:03+00:00,2025-04-28T00:07:13.397000+00:00,1702.7504820000001,1776.954538,1.0201,1628.2634069078047,74.48707509219548,78.76342652824972,75.69555752559981,76.40548999999986,0.7099324744000484,2.1297882545412,-0.91900061052479,72.64676866053382,0.9223413945110417,2.070822593169075,2.070822593169075,0.28636487569955626,128.11955472222223,STOP,1777.31
oos,113,113,ROOT,SOLUSDT,LONG,1745337603000,1745665270370,2025-04-22T16:00:03+00:00,2025-04-26T11:01:10.370000+00:00,145.309056,148.71025200000003,11.6773,138.7976604263906,6.511395573609406,78.75042743511518,39.71678605080032,40.40345800000009,0.6866719491997699,2.06001099918504,-0.9856142378038701,36.67116081381141,0.46566300664241944,1.8323174909470956,1.8323174909470956,0.29472268706541477,91.01871388888888,STOP,148.74
oos,114,110,ADD,ADAUSDT,LONG,1745510403000,1745674395294,2025-04-24T16:00:03+00:00,2025-04-26T13:33:15.294000+00:00,0.72604518,0.7013597,715.4511,0.6699,0.056145179999999906,41.00025050698705,-17.661253820027948,-17.457006839999984,0.20424698002796404,0.6127430349248207,-0.1137750669198507,-18.38777192187262,-0.4484795018200943,0.35007136854846854,0.35007136854846854,0.4396722924389942,45.553415,STOP,0.7015
oos,115,109,ADD,BTCUSDT,LONG,1745582403000,1745731505263,2025-04-25T12:00:03+00:00,2025-04-27T05:25:05.263000+00:00,94621.12044,93814.2334,0.0131,91619.0,3002.120439999999,41.311036448422385,-10.57022022400002,-10.076519999999963,0.4937002240000563,1.4811018811823997,0.141129245142,-11.910192860040418,-0.2883053509177994,0.38255612423064794,0.38255612423064794,0.2687723747685492,41.417295277777775,STOP,93833.0
oos,116,116,ROOT,XRPUSDT,LONG,1745784003000,1745965448125,2025-04-27T20:00:03+00:00,2025-04-29T22:24:08.125000+00:00,2.28385668,2.2471504799999997,915.5391,2.1983085251958188,0.08554815480418121,81.66821679901864,-33.60596131242022,-32.776299780000045,0.8296615324201753,2.488988530415973,-0.5532114835581263,-36.64816132639432,-0.44874447811911455,0.9157803599543101,0.9157803599543101,0.7885229103352074,50.40142361111111,STOP,2.2476
oos,117,117,ROOT,ADAUSDT,LONG,1745827203000,1745854933557,2025-04-28T08:00:03+00:00,2025-04-28T15:42:13.557000+00:00,0.7251449999999999,0.6882271739507493,2154.9856,0.6883648469201333,0.036780153079866595,81.76098350556735,-79.55738351944004,-78.94822734090828,0.6091561785317623,1.8274780093827354,0.0,-81.38486152882277,-0.9953997376178948,0.0993742465416985,0.0993742465416985,1.0037431320387682,7.7029325,STOP,0.6883648469201333
oos,118,118,ROOT,SOLUSDT,LONG,1745827203000,1745968215333,2025-04-28T08:00:03+00:00,2025-04-29T23:10:15.333000+00:00,151.07020799999998,145.190956,13.0485,145.04727233381055,6.022935666189426,81.74425941481353,-76.71541972199974,-75.94226999999991,0.7731497219998289,2.3194582790724,0.5482939314892501,-78.48658406958289,-0.9601479618440303,0.37851840470386217,0.37851840470386217,0.9761439148360767,39.1700925,STOP,145.22
oos,119,119,ROOT,ETHUSDT,LONG,1745928003000,1746016749006,2025-04-29T12:00:03+00:00,2025-04-30T12:39:09.006000+00:00,1829.255778,1779.004128,1.091,1758.2792769068358,70.97650109316419,80.62851157871893,-54.82455014999992,-54.037230000000214,0.787320149999708,2.3619669344676,0.15439802008409997,-57.03211906438342,-0.7073443121755018,0.04683552934846097,0.04683552934846097,0.7080040467765424,24.651668333333333,STOP,1779.36
oos,120,120,ROOT,SOLUSDT,SHORT,1746028803000,1746063136683,2025-04-30T16:00:03+00:00,2025-05-01T01:32:16.683000+00:00,142.07158,148.89003020414992,11.3365,148.86025815251944,6.788678152519424,79.53680102270845,-77.29736073934546,-76.63766654603664,0.6596941933088232,1.9790917764476068,0.08268691417629999,-79.19376560161676,-0.9956870855166309,0.11807600566577424,0.11807600566577424,1.004385544720431,9.537134166666666,STOP,148.86025815251944
oos,121,121,ROOT,XRPUSDT,SHORT,1746028803000,1746112334290,2025-04-30T16:00:03+00:00,2025-05-01T15:12:14.290000+00:00,2.15576876,2.2513509985067826,806.6469,2.250900818343114,0.09513205834311389,79.52029065288531,-77.10111638655681,-76.39012154393582,0.7109948426209911,2.1329936946769466,0.1506653781118491,-79.0834447031219,-0.9945064844937466,0.08481641352590437,0.08481641352590437,1.0047321604463244,23.20313611111111,STOP,2.250900818343114
oos,122,122,ROOT,ADAUSDT,SHORT,1746028803000,1746112332000,2025-04-30T16:00:03+00:00,2025-05-01T15:12:12+00:00,0.6757648199999999,0.7092418199999999,2178.5468,0.7111767459398382,0.03541192593983822,79.50203439593326,-72.93121122359996,-72.32775376000002,0.6034574635999377,1.8103810701304508,-0.04537148532327881,-74.78696377905368,-0.9406924533100907,0.0696042345786964,0.0696042345786964,0.9453594830418004,23.2025,STOP,0.7091
oos,123,123,ROOT,SOLUSDT,LONG,1746100803000,1746216010857,2025-05-01T12:00:03+00:00,2025-05-02T20:00:10.857000+00:00,151.710336,147.57048,11.5357,145.19829566908993,6.512040330910082,77.92107952207175,-47.756136859200105,-47.065656000000146,0.6904808591999583,2.07144822547872,0.13826644569342,-49.689318638985405,-0.6376877597660915,0.33317729770521315,0.33317729770521315,0.635723335488226,32.0021825,STOP,147.6
oos,124,124,ROOT,BTCUSDT,LONG,1746100803000,1746268451187,2025-05-01T12:00:03+00:00,2025-05-03T10:34:11.187000+00:00,96149.226,96044.88718,0.0347,94058.04011072111,2091.1858892788878,77.90235538549742,-3.6205570539996508,-2.2867299999997983,1.3338270539998525,4.0014814364076,1.3788716201059001,-6.2431668703013505,-0.08014092564219953,0.8206702277394357,0.8206702277394357,0.1946866618062253,46.568940833333336,STOP,96064.1
oos,125,125,ROOT,XRPUSDT,SHORT,1746273603000,1746672618000,2025-05-03T12:00:03+00:00,2025-05-08T02:50:18+00:00,2.18676256,2.17113414,1045.747,2.2572488749305224,0.07048631493052238,77.3697329985807,16.343373329740093,17.254825499999725,0.9114521702596328,2.73435444020094,0.736174679772279,14.345193569311432,0.18541092250602165,1.5742426045307456,1.5742426045307456,0.4460077112981078,110.8375,STOP,2.1707
oos,126,126,ROOT,ADAUSDT,SHORT,1746403203000,1746580820000,2025-05-05T00:00:03+00:00,2025-05-07T01:20:20+00:00,0.6753649,0.68893776,2360.9305,0.7071531596998052,0.031788259699805144,77.60105521285394,-32.044579146229786,-31.400375649999948,0.6442034962298386,1.9326142567350777,-0.257589766057434,-34.2347831690223,-0.4411638872064153,1.0464523794048388,1.0464523794048388,0.510726291823376,49.338055555555556,STOP,0.6888
oos,127,127,ROOT,SOLUSDT,SHORT,1746403203000,1746577275000,2025-05-05T00:00:03+00:00,2025-05-07T00:21:15+00:00,143.831228,147.69953399999997,15.5947,148.57611485682648,4.744886856826469,77.58389482821828,-60.3250715781994,-59.41580699999959,0.9092645781998101,2.7278008644968397,0.023359004830700025,-63.02951343786554,-0.8124046050719907,0.533464353603779,0.533464353603779,0.8152577957543139,48.35333333333333,STOP,147.67
oos,128,128,ROOT,ETHUSDT,SHORT,1746532803000,1746577261489,2025-05-06T12:00:03+00:00,2025-05-07T00:21:01.489000+00:00,1768.7361819999999,1826.1128090359714,1.3156,1825.7476595040707,57.011477504070854,78.72741871801834,-75.48469052852414,-74.53881684355557,0.9458736849685749,2.8376299995641543,-0.005335189516799982,-78.3276557176051,-0.994922188394807,0.3286387727569774,0.3286387727569774,1.0064048424613201,12.349580277777777,STOP,1825.7476595040707
oos,129,129,ROOT,ETHUSDT,LONG,1746676803000,1747074739470,2025-05-08T04:00:03+00:00,2025-05-12T18:32:19.470000+00:00,1900.8901019999998,2434.403022,1.0538,1831.662284384924,69.22781761507576,76.15732698594701,562.2159150960001,563.1296439999999,0.913728903999754,2.74111913644272,-2.9751580920648397,556.4996378674925,7.3072370038693855,10.457499931968757,10.457499931968757,0.13766289807068205,110.53790833333333,STOP,2434.89
oos,130,130,ROOT,BTCUSDT,LONG,1746676803000,1747060099497,2025-05-08T04:00:03+00:00,2025-05-12T14:28:19.497000+00:00,99117.8196,102995.59676,0.0319,96893.9412874516,2223.878312548404,76.00069168267808,123.70109140399992,124.9905799999999,1.2894885959999698,3.8684507891303994,-3.2053966173977,116.62724399747182,1.5345550338465308,3.033115778835218,3.033115778835218,0.19682713641755048,106.47124916666667,STOP,103016.2
oos,131,131,ROOT,SOLUSDT,LONG,1746676803000,1747075697368,2025-05-08T04:00:03+00:00,2025-05-12T18:48:17.368000+00:00,150.83016,169.096174,13.1582,145.28756103061406,5.542598969385949,76.1060712170734,240.3478654147998,241.1898059999998,0.8419405852000068,2.5257928128232803,-2.7026038213224606,235.11946878065405,3.0893654740110676,5.52265104675094,5.52265104675094,0.1678201878103858,110.80399111111112,STOP,169.13
oos,132,132,ROOT,ADAUSDT,LONG,1746691203000,1747075755000,2025-05-08T08:00:03+00:00,2025-05-12T18:49:15+00:00,0.70784154,0.7808438000000001,2120.2954,0.6729443014079228,0.03489723859207716,76.39378751738916,154.7863560676042,155.41765282000006,0.6312967523958548,1.8938716070696615,-2.0964517283346606,150.79603273219988,1.9739305725334653,4.477674059731359,4.477674059731359,0.0011903520644019536,106.82,STOP,0.781
oos,133,129,ADD,ETHUSDT,LONG,1746907203000,1747074739470,2025-05-10T20:00:03+00:00,2025-05-12T18:32:19.470000+00:00,2498.84967,2434.403022,0.142,2201.98,296.86967000000004,42.723231785024005,-9.151424016000012,-9.011320000000005,0.14010401600000755,0.42031312935839993,-0.15277425593559998,-9.724511401294013,-0.22761647457350817,0.42439609947355034,0.42439609947355034,0.21708734341234687,46.537908333333334,STOP,2434.89
oos,134,131,ADD,SOLUSDT,LONG,1746921603000,1747075697368,2025-05-11T00:00:03+00:00,2025-05-12T18:48:17.368000+00:00,177.88557,169.096174,3.1471,164.25,13.635570000000001,43.808220230755204,-27.661108151600033,-27.442711999999997,0.2183961516000359,0.65519174792544,-0.19420543024003,-28.5105053297655,-0.6508026388561189,0.260673371190203,0.260673371190203,0.6445932219921874,42.80399111111111,STOP,169.13
oos,135,130,ADD,BTCUSDT,LONG,1746921603000,1747060099497,2025-05-11T00:00:03+00:00,2025-05-12T14:28:19.497000+00:00,104809.75776000001,102995.59676,0.016,102240.0,2569.7577600000077,43.799253958656124,-29.02657600000012,-28.361600000000095,0.6649760000000242,1.9949314033919998,-0.47639074812800003,-31.49789815152012,-0.7191423438685108,0.4098994295866996,0.4098994295866996,0.7059657638702886,38.47124916666667,STOP,103016.2
oos,136,132,ADD,ADAUSDT,LONG,1746921603000,1747075755000,2025-05-11T00:00:03+00:00,2025-05-12T18:49:15+00:00,0.8406681,0.7808438000000001,608.1895,0.77,0.07066810000000001,43.797653223197926,-36.38451110484996,-36.18727525,0.1972358548499642,0.59171190702303,-0.21849484635360397,-37.1947178582266,-0.8492399733994422,0.3315767651882525,0.3315767651882525,0.8465531123661162,42.82,STOP,0.781
oos,137,137,ROOT,XRPUSDT,LONG,1747065603000,1747075741696,2025-05-12T16:00:03+00:00,2025-05-12T18:49:01.696000+00:00,2.5934185800000003,2.454723358614491,598.7596,2.45521440149479,0.13820417850521016,85.23561347465763,-83.04509527869898,-82.44057388674021,0.6045213919587695,1.813574068744822,0.0,-84.85866934744381,-0.9955776217023898,0.15615606006576974,0.15615606006576974,1.0035530248478022,2.8163044444444445,STOP,2.45521440149479
oos,138,138,ROOT,ETHUSDT,LONG,1747166403000,1747295177348,2025-05-13T20:00:03+00:00,2025-05-15T07:46:17.348000+00:00,2690.558004,2515.414124667648,0.4619,2515.917308129274,174.64069587072618,82.65496740996458,-80.89895786361332,-80.41803337508841,0.48092448852490577,1.442783115738952,-0.36783138764284,-82.7095723669951,-1.0006606373305997,0.19698728196471085,0.19698728196471085,1.0028812497517654,35.770652222222225,STOP,2515.917308129274
oos,139,139,ROOT,SOLUSDT,LONG,1747166403000,1747293069687,2025-05-13T20:00:03+00:00,2025-05-15T07:11:09.687000+00:00,182.046402,172.005592,7.5509,171.39182219524528,10.654579804754718,82.65104933070128,-75.81715222899996,-75.282473,0.5346792289999627,1.6040467208967601,-0.27638283888677,-77.6975817887835,-0.9400676992968583,0.26501260976429536,0.26501260976429536,0.9423938047297911,35.18519083333333,STOP,172.04
oos,140,140,ROOT,ADAUSDT,SHORT,1747512003000,1747798640000,2025-05-17T20:00:03+00:00,2025-05-21T03:37:20+00:00,0.7342531200000001,0.75375072,1647.4792,0.7825246149590935,0.04827149495909344,81.46175068638746,-32.121890449919825,-31.63160063999999,0.4902898099198332,1.470873225552077,0.15986586086520083,-33.4328978146067,-0.41041221840808595,0.5210760516390796,0.5210760516390796,0.8710498822468944,79.62138888888889,STOP,0.7536
oos,141,141,ROOT,BTCUSDT,LONG,1747584003000,1747598408500,2025-05-18T16:00:03+00:00,2025-05-18T20:00:08.500000+00:00,105505.29684,103600.39884470058,0.0394,103621.12306931445,1884.1737706855492,80.88750047780424,-75.05298101479684,-73.4052310690107,1.6477499457861455,4.943258645986321,0.0,-79.99623966078316,-0.9889814765970467,0.26239785718920977,0.26239785718920977,1.0109991047196898,4.001527777777778,STOP,103621.12306931445
oos,142,142,ROOT,SOLUSDT,LONG,1747584003000,1747596677540,2025-05-18T16:00:03+00:00,2025-05-18T19:31:17.540000+00:00,176.23523999999998,168.12915841627608,9.6861,168.16279097447097,8.07244902552901,80.92179995923895,-78.51631682810799,-77.84921034217668,0.6671064859313134,2.0013287996999347,0.0,-80.51764562780792,-0.9950056186140867,0.06128995035277917,0.06128995035277917,1.0041663388754167,3.5207055555555558,STOP,168.16279097447097
oos,143,143,ROOT,BTCUSDT,LONG,1747612803000,1747625951255,2025-05-19T00:00:03+00:00,2025-05-19T03:39:11.255000+00:00,106428.7815,104001.05597176857,0.031,104021.86034383734,2406.921156162658,79.8934234034424,-75.2594913751743,-73.95482934104248,1.3046620341318231,3.9139949769748945,0.0,-79.1734863521492,-0.9909887820470817,0.28481136502739635,0.28481136502739635,1.008643561927861,3.6522930555555555,STOP,104021.86034383734
oos,144,144,ROOT,BTCUSDT,LONG,1747843203000,1748002515862,2025-05-21T16:00:03+00:00,2025-05-23T12:15:15.862000+00:00,108958.38732000001,107650.16566,0.0255,106027.41854002836,2930.9687799716485,79.18520609193303,-33.35965233000026,-32.25495000000022,1.1047023300000376,3.3141108605939995,-1.3166050497644999,-37.990368240358755,-0.4797659830076393,1.0239319847101958,1.0239319847101958,0.9802517650931095,44.25357277777778,STOP,107671.7
oos,145,145,ROOT,ETHUSDT,LONG,1747886403000,1748133730769,2025-05-22T04:00:03+00:00,2025-05-25T00:42:10.769000+00:00,2629.115718,2496.5006,0.4877,2469.478508619106,159.6372093808941,79.9066185921318,-64.67639304860009,-64.17644300000008,0.499950048600013,1.49985784697316,-0.78275739131159,-66.95900828688484,-0.8379657338356965,0.658895770027091,0.658895770027091,0.830728114794219,68.70215805555556,STOP,2497.0
oos,146,146,ROOT,SOLUSDT,LONG,1747886403000,1748043790000,2025-05-22T04:00:03+00:00,2025-05-23T23:43:10+00:00,176.805354,173.25534199999998,7.9182,166.99664040991536,9.808713590084636,79.90732419547665,-28.109705018400074,-27.555336000000143,0.5543690183999317,1.66311036184032,-0.7127330184,-30.485548398640397,-0.38151131583462666,1.107652486762665,1.107652486762665,0.3619243203908636,43.71861111111111,STOP,173.29
oos,147,147,ROOT,ADAUSDT,LONG,1747915203000,1748002575524,2025-05-22T12:00:03+00:00,2025-05-23T12:16:15.524000+00:00,0.80246046,0.7609665339179881,1874.0764,0.761118757669522,0.04134170233047807,79.88370420940457,-77.76278761364308,-77.1767943742299,0.5859932394131846,1.7579889794547867,-0.45367641491200006,-79.97445300800987,-1.001136011399364,0.9418949342899423,0.9418949342899423,1.003682087165087,24.270145555555555,STOP,0.761118757669522
oos,148,148,ROOT,XRPUSDT,SHORT,1748044803000,1748243294871,2025-05-24T00:00:03+00:00,2025-05-26T07:08:14.871000+00:00,2.2948409400000003,2.3564711999999997,700.0591,2.4024519057071814,0.1076109657071811,77.90447465605934,-43.14482434836556,-42.49358736999982,0.6512369783657377,1.953716034328484,0.20936222546136035,-44.889178157232685,-0.5762079566727589,0.28287953555618633,0.28287953555618633,0.59342521071473,55.136630833333335,STOP,2.356
oos,149,149,ROOT,BTCUSDT,LONG,1748232003000,1748444297224,2025-05-26T04:00:03+00:00,2025-05-28T14:58:17.224000+00:00,109609.01742,107416.5124,0.0255,106744.80118768674,2864.216232313265,77.50956183472427,-55.90887800999992,-54.80205000000014,1.1068280099997736,3.3204906062459996,-1.1912171859239997,-60.42058580216991,-0.7795242854166349,0.38090091372705875,0.38090091372705875,0.7654816683408133,58.970617777777775,STOP,107438.0
oos,150,150,ROOT,ETHUSDT,LONG,1748246403000,1748566385099,2025-05-26T08:00:03+00:00,2025-05-30T00:53:05.099000+00:00,2580.2159399999996,2605.4788,0.7053,2474.4450001991595,105.7709398008401,77.51196592550372,17.817895158000194,18.54939000000013,0.7314948419999361,2.1944823000731994,-1.7640750647360401,13.859337793190955,0.17880255813032894,1.9727919633965774,1.9727919633965774,0.6827578551913935,88.88391638888889,STOP,2606.0
oos,151,151,ROOT,SOLUSDT,LONG,1748246403000,1748443091111,2025-05-26T08:00:03+00:00,2025-05-28T14:38:11.111000+00:00,178.11561600000002,171.025788,9.1753,169.9541598839109,8.161456116089113,77.4986310403281,-65.05129884840011,-64.4106060000001,0.6406928484000076,1.9220862744727198,-0.23392007304766,-67.20730519592048,-0.8672063531154207,0.1536961030185721,0.1536961030185721,0.8686964555287452,54.63558638888889,STOP,171.06
oos,152,152,ROOT,SOLUSDT,SHORT,1748448003000,1748823378775,2025-05-28T16:00:03+00:00,2025-06-02T00:16:18.775000+00:00,169.57607800000002,157.951584,10.46,176.63956428803183,7.063486288031811,76.72209181422075,121.59220724000029,122.27740000000028,0.6851927599999925,2.055563606712,-0.43382091231600006,119.1028227209723,1.55239279723205,2.70349190489064,2.70349190489064,0.8075222018430978,104.27104861111111,STOP,157.92
oos,153,153,ROOT,XRPUSDT,SHORT,1748448003000,1748901605454,2025-05-28T16:00:03+00:00,2025-06-02T22:00:05.454000+00:00,2.2510497000000003,2.18753742,1014.06,2.323088347271671,0.07203864727167053,76.70382978636141,64.4052626568003,65.30546400000001,0.9002013431997113,2.7005961929443196,0.97685905577694,62.68152551963293,0.8171889942681615,2.404954931297433,2.404954931297433,0.8446896534650702,126.00068166666667,STOP,2.1871
oos,154,154,ROOT,ADAUSDT,SHORT,1748448003000,1748902148750,2025-05-28T16:00:03+00:00,2025-06-02T22:09:08.750000+00:00,0.74115174,0.6896379,2327.8874,0.7729055737280098,0.031753833728009884,76.67985791238375,119.91841906161582,120.5845673199999,0.6661482583840836,1.9984303050039214,-0.06247058567145083,117.85751817094045,1.5370075190489696,2.7635006453597013,2.7635006453597013,0.7510356136608364,126.15159722222222,STOP,0.6895
oos,155,152,ADD,SOLUSDT,SHORT,1748779203000,1748823378775,2025-06-01T12:00:03+00:00,2025-06-02T00:16:18.775000+00:00,151.91961,157.951584,4.3353,160.92,9.000389999999982,40.07317810337272,-26.150416882199963,-25.881740999999995,0.2686758821999682,0.80603075240892,0.001183053947580004,-26.9552645806613,-0.6726510313488872,0.15661654661631527,0.15661654661631527,0.6701902917540243,12.27104861111111,STOP,157.92
oos,156,156,ROOT,ETHUSDT,LONG,1749052803000,1749133093057,2025-06-04T16:00:03+00:00,2025-06-05T14:18:13.057000+00:00,2667.453384,2568.925819738972,0.7689,2569.4397076805085,98.01367631949142,78.64432357318911,-75.75784416030419,-74.95259676445708,0.805247395847104,2.4157511818529374,-0.21757726568226,-78.3911726078394,-0.9967810650044675,0.0,0.008535706764767847,1.0052430228191949,22.30279361111111,STOP,2569.4397076805085
oos,157,157,ROOT,ADAUSDT,SHORT,1749067203000,1749389476842,2025-06-04T20:00:03+00:00,2025-06-08T13:31:16.842000+00:00,0.6729653800000001,0.67083414,2540.0268,0.7027444712701223,0.029779091270122238,78.37465006683202,5.413406717232228,6.096064320000175,0.6826576027679465,2.0479720767762815,0.24249988415319834,3.607934524609145,0.046034457844884406,1.839054775151817,1.839054775151817,0.565316780397873,89.52051166666666,STOP,0.6707
oos,158,158,ROOT,SOLUSDT,SHORT,1749081603000,1749402193913,2025-06-05T00:00:03+00:00,2025-06-08T17:03:13.913000+00:00,153.14936400000002,152.83056000000002,11.3648,159.80410817621063,6.654744176210613,78.4146556409779,3.6231436992000012,4.318623999999948,0.695480300799947,2.0864403841651202,-0.15902251064688,1.377680804388001,0.017569174960044752,1.7610540224663194,1.7610540224663194,0.21648255167343183,89.05303138888888,STOP,152.8
oos,159,159,ROOT,BTCUSDT,SHORT,1749153603000,1749213014092,2025-06-05T20:00:03+00:00,2025-06-06T12:30:14.092000+00:00,101852.6254,104169.56354533149,0.0322,104148.73379857177,2296.1083985717705,79.182137694619,-74.60540827967382,-73.27862831401116,1.3267799656626664,3.980348690423804,-0.2146372539094,-78.80039422400704,-0.9951789193658268,0.6739775007846289,0.6739775007846289,1.0090717610600055,16.50308111111111,STOP,104148.73379857177
oos,160,160,ROOT,XRPUSDT,SHORT,1749153603000,1749302176800,2025-06-05T20:00:03+00:00,2025-06-07T13:16:16.800000+00:00,2.1286741800000004,2.1899379,962.1928,2.2075784594566734,0.078904279456673,79.19824153366572,-58.947510285215486,-58.11644511999958,0.8310651652159038,2.4932024696214143,0.2844310963755328,-61.15628165846137,-0.7721924183438461,0.9007645781624299,0.9007645781624299,0.7764308909713812,41.2705,STOP,2.1895
oos,161,161,ROOT,XRPUSDT,LONG,1749384003000,1749679578214,2025-06-08T12:00:03+00:00,2025-06-11T22:06:18.214000+00:00,2.2413481799999997,2.25694852,1132.0355,2.176504432855301,0.06484374714469876,77.46508085301525,17.66013869207024,18.678585750000206,1.018447057929965,3.0553389323597093,-1.8992871056491394,12.70551265406139,0.1640159993916387,1.4828233134867657,1.4828233134867657,0.3138032716491948,82.10422611111112,STOP,2.2574
oos,162,162,ROOT,BTCUSDT,LONG,1749470403000,1749680472128,2025-06-09T12:00:03+00:00,2025-06-11T22:21:12.128000+00:00,107729.34156,108260.34360000001,0.038,105873.47919447448,1855.8623655255215,77.07271385681781,20.178077520000254,21.819599999999888,1.641522479999633,4.924564821647999,-2.0715054052440003,13.182007293108256,0.1710333869597117,1.575687127623792,1.575687127623792,0.5005983079660774,58.352535555555555,STOP,108282.0
oos,163,163,ROOT,ETHUSDT,LONG,1749513603000,1749727748577,2025-06-10T00:00:03+00:00,2025-06-12T11:29:08.577000+00:00,2679.665826,2726.5045900000005,0.8177,2588.123163285703,91.54266271429697,78.36029569495294,38.30005732280044,39.18418400000006,0.8841266771996175,2.65237532949792,-1.4956340763702003,34.15204791693232,0.4358335763545619,2.177500283360978,2.177500283360978,0.26944623707288845,59.4848825,STOP,2727.05
oos,164,164,ROOT,SOLUSDT,LONG,1749585603000,1749730154285,2025-06-10T20:00:03+00:00,2025-06-12T12:09:14.285000+00:00,163.562706,157.29853400000002,10.2259,156.15044397293474,7.412262027065253,78.47317166302321,-64.05679645479972,-63.40057999999988,0.6562164547998464,1.9686569724695997,-0.66039207528643,-66.68584550255575,-0.8497916433009208,0.6391158303230765,0.6391158303230765,0.8451093575924428,40.15313472222222,STOP,157.33
oos,165,165,ROOT,ADAUSDT,SHORT,1749772803000,1750039035555,2025-06-13T00:00:03+00:00,2025-06-16T01:57:15.555000+00:00,0.66076782,0.6376274999999999,2373.9504,0.692147213580933,0.031379393580933,77.00293199216713,54.93397192012825,55.55043936000021,0.6164674398719612,1.8493956535632767,-0.40258400225964963,52.68199226430532,0.6841556665616865,1.5318275630797191,1.5318275630797191,0.0010255137632615612,73.9534875,STOP,0.6375
oos,166,166,ROOT,SOLUSDT,SHORT,1749787203000,1749996970000,2025-06-13T04:00:03+00:00,2025-06-15T14:16:10+00:00,144.62107,148.899774,8.7335,153.25976678607213,8.638696786072131,77.46693536491294,-37.368061384000036,-36.855369999999986,0.5126913840000498,1.5380785746444,0.07958711564909998,-38.82655284299534,-0.5012016115017379,0.31845891436257523,0.31845891436257523,0.4952950781764223,58.26861111111111,STOP,148.87
oos,167,167,ROOT,XRPUSDT,SHORT,1749787203000,1750039507058,2025-06-13T04:00:03+00:00,2025-06-16T02:05:07.058000+00:00,2.12347522,2.1784356,878.3712,2.208257010275575,0.0847817902755752,77.454202025964,-48.275614933055834,-47.51988192000003,0.7557330130558029,2.2672047415538303,0.18290761892665924,-50.35991205568301,-0.6501895408954248,0.380685756871756,0.380685756871756,0.6482568936248726,70.08446055555555,STOP,2.178
oos,168,168,ROOT,ETHUSDT,SHORT,1749787203000,1750039210142,2025-06-13T04:00:03+00:00,2025-06-16T02:00:10.142000+00:00,2512.4974,2560.271952,0.5132,2659.3397547178456,146.8423547178454,77.42255830628626,-24.517900086399926,-23.99723200000011,0.5206680863998159,1.56200713886784,0.3908799171485601,-25.689027308119208,-0.33180287334981295,0.17581712067753183,0.17581712067753183,0.4937444658886877,70.00198388888889,STOP,2559.76
oos,169,169,ROOT,XRPUSDT,LONG,1750089603000,1750118471721,2025-06-16T16:00:03+00:00,2025-06-17T00:01:11.721000+00:00,2.2896578400000003,2.219636851456166,1045.0032,2.220080867629692,0.06957697237030835,76.53647840481196,-73.17215709547021,-72.22971450819566,0.9424425872745559,2.8273364293888235,-0.23378811590400006,-76.23328164076304,-0.9960385326008172,0.6746795441192819,0.6746795441192819,1.0063816541364115,8.019089166666667,STOP,2.220080867629692
oos,170,170,ROOT,BTCUSDT,LONG,1750104003000,1750118714603,2025-06-16T20:00:03+00:00,2025-06-17T00:05:14.603000+00:00,108615.91884,106451.00200674242,0.0331,106472.29646603562,2143.6223739643756,76.70619963998723,-71.65874718082587,-70.23500697422078,1.423740206605089,4.271229048016304,-0.0652624208857,-75.99523864972788,-0.9907313751222695,0.13252388268117724,0.13252388268117724,1.009933866874986,4.086556388888889,STOP,106472.29646603562
oos,171,171,ROOT,ADAUSDT,SHORT,1750176003000,1750709358571,2025-06-17T16:00:03+00:00,2025-06-23T20:09:18.571000+00:00,0.61127772,0.55791156,2545.1959,0.6399220579387136,0.02864433793871357,75.39476595455679,135.82733163074414,136.42250024000023,0.5951686092560919,1.7854894570679711,1.7335111991526015,135.77535337282876,1.8008591399390455,3.5601353474528903,3.5601353474528903,0.37083349675342625,148.1543252777778,STOP,0.5578
oos,172,172,ROOT,BTCUSDT,SHORT,1750176003000,1750404860000,2025-06-17T16:00:03+00:00,2025-06-20T07:34:20+00:00,104178.36016,105321.06,0.0283,106672.30794287451,2493.947782874515,75.29591840339356,-32.338405472000034,-31.15264000000008,1.1857654719999537,3.557300154316799,0.4756662307377,-35.42003939557913,-0.4704111477307217,0.3521966923411692,0.3521966923411692,0.5299388580127714,63.57138888888889,STOP,105300.0
oos,173,173,ROOT,XRPUSDT,SHORT,1750248003000,1750710019473,2025-06-18T12:00:03+00:00,2025-06-23T20:20:19.473000+00:00,2.1400718999999997,2.08931778,853.1055,2.224934322858416,0.0848624228584165,75.31773105709755,43.29861891965973,44.0202437999997,0.7216248803399665,2.1648693585907437,0.7235191081142506,41.85726866918324,0.5557425599750436,2.746467660826208,2.746467660826208,0.5188173813214857,128.33790916666666,STOP,2.0889
oos,174,174,ROOT,SOLUSDT,SHORT,1750348803000,1750406711212,2025-06-19T16:00:03+00:00,2025-06-20T08:05:11.212000+00:00,143.041386,147.869568,11.2485,149.54589609590099,6.504510095900997,75.74038346241596,-54.30980522699998,-53.65534500000012,0.6544602269998592,1.9633871196413994,0.1593609280428,-56.11383141859857,-0.7408707066613082,0.003287872519938952,0.003287872519938952,0.7422821901748781,16.085614444444445,STOP,147.84
oos,175,175,ROOT,SOLUSDT,SHORT,1750435203000,1750701723478,2025-06-20T16:00:03+00:00,2025-06-23T18:02:03.478000+00:00,142.74144600000002,137.547504,11.1627,149.25693764201776,6.515491642017736,75.2798864551741,57.97841636340023,58.604175,0.6257586365997696,1.8772688772989998,-0.035453594727900016,56.06569389137333,0.7447632632224813,2.595574812948857,2.595574812948857,0.0274045321228695,74.03346611111111,STOP,137.52
oos,176,176,ROOT,ETHUSDT,SHORT,1750449603000,1750707375714,2025-06-20T20:00:03+00:00,2025-06-23T19:36:15.714000+00:00,2413.137276,2317.4634,0.6785,2520.7611979857097,107.62392198570979,75.64253289412969,64.91472486599989,65.55666999999993,0.6419451340000393,1.9258275351995997,0.023309629278650008,63.012206960078935,0.8330261368729108,2.80734311132164,2.80734311132164,0.3235593291668356,71.60353166666667,STOP,2317.0
oos,177,171,ADD,ADAUSDT,SHORT,1750608003000,1750709358571,2025-06-22T16:00:03+00:00,2025-06-23T20:09:18.571000+00:00,0.52279542,0.55791156,607.285,0.5879,0.06510457999999997,40.0450121719155,-21.325505079899976,-21.194246499999956,0.13125857990002032,0.39377828300957995,-0.0026738242357749985,-21.721957187145332,-0.5424385212792979,0.20728833516781833,0.20728833516781833,0.5393804859811703,28.15432527777778,STOP,0.5578
oos,178,178,ROOT,BTCUSDT,LONG,1750852803000,1751032275504,2025-06-25T12:00:03+00:00,2025-06-27T13:51:15.504000+00:00,107157.72726,106323.93096,0.0273,104519.45568641565,2638.271573584352,76.70546348556962,-22.76263899000005,-21.59703000000016,1.165608989999889,3.496829561643599,-0.2742839436792,-26.53375249532285,-0.3459173739340558,0.4139728263516747,0.4139728263516747,0.3160388446543459,49.85347333333333,STOP,106345.2
oos,179,179,ROOT,ADAUSDT,SHORT,1750953603000,1751126470000,2025-06-26T16:00:03+00:00,2025-06-28T16:01:10+00:00,0.5540891600000001,0.565113,2789.0239,0.5807262343355828,0.02663707433558271,76.76402560397028,-30.745753229775712,-30.12145811999978,0.6242951097759324,1.8728889439029741,0.09546440298670733,-32.52317777069198,-0.4236773347255236,0.3562388226444285,0.3562388226444285,0.41385325809876483,48.01861111111111,STOP,0.565
oos,180,180,ROOT,SOLUSDT,LONG,1751097603000,1751354471794,2025-06-28T08:00:03+00:00,2025-07-01T07:21:11.794000+00:00,146.549304,149.33012800000003,11.1727,139.94675908467966,6.602544915320351,76.38801582948096,31.06931230480027,31.73046800000004,0.6611556951997706,1.9834632779438404,-0.92049268932544,28.16535633753099,0.36871433341590915,2.0371987123918527,2.0371987123918527,0.15135133691877498,71.35244277777778,STOP,149.36
oos,181,181,ROOT,XRPUSDT,LONG,1751126403000,1751266270952,2025-06-28T16:00:03+00:00,2025-06-30T06:51:10.952000+00:00,2.20324056,2.17346522,948.2819,2.1261305120237313,0.07711004797626853,76.46493183505724,-28.235415988345615,-27.405346909999718,0.8300690783458968,2.4902105236796293,-0.6961684442178486,-31.421794956243094,-0.4109307914381347,0.20567280680309263,0.20567280680309263,0.3861408568849975,38.85220888888889,STOP,2.1739
oos,182,182,ROOT,BTCUSDT,LONG,1751198403000,1751292559901,2025-06-29T12:00:03+00:00,2025-06-30T14:09:19.901000+00:00,108469.98966,107075.28066,0.0443,106916.60433739137,1553.3853226086358,76.50332265866336,-61.78560870000011,-59.87588000000026,1.909728699999853,5.729193285105599,-0.6700616685737999,-68.1848636536795,-0.8912666964531917,0.20208143815394802,0.20208143815394802,0.8978512798471893,26.15469472222222,STOP,107096.7
oos,183,183,ROOT,ETHUSDT,LONG,1751198403000,1751231051359,2025-06-29T12:00:03+00:00,2025-06-29T21:04:11.359000+00:00,2461.302162,2416.036696,1.031,2390.9488536643053,70.35330833569469,76.59442494053643,-46.66869544599982,-45.66298999999996,1.0057054459998653,3.0171218175587997,-0.0010545595871999998,-49.68687182314583,-0.6487008925482488,0.0,0.011909006410929951,0.6434020953785594,9.068988611111111,STOP,2416.52
oos,184,184,ROOT,ETHUSDT,LONG,1751241603000,1751377399077,2025-06-30T00:00:03+00:00,2025-07-01T13:43:19.077000+00:00,2499.74985,2420.403431988302,0.9218,2420.887609510204,78.86224048979602,76.38204434226196,-73.14152812318322,-72.23445155349383,0.9070765696893943,2.7212383772020896,-0.43999612800329996,-76.3027626283886,-0.998962037288265,0.30027234647313444,0.30027234647313444,1.0061395354594906,37.7211325,STOP,2420.887609510204
oos,185,185,ROOT,XRPUSDT,LONG,1751313603000,1751324893195,2025-06-30T20:00:03+00:00,2025-06-30T23:08:13.195000+00:00,2.31976386,2.245361208616457,981.1942,2.245810370690595,0.07395348930940493,76.20455693183271,-73.00345000215455,-72.10759803853814,0.8958519636164084,2.687564543760641,0.0,-75.6910145459152,-0.9932610016173062,0.0,0.07215535128673377,1.0060735751393564,3.1361652777777778,STOP,2.245810370690595
oos,186,186,ROOT,ADAUSDT,LONG,1751313603000,1751338446536,2025-06-30T20:00:03+00:00,2025-07-01T02:54:06.536000+00:00,0.58951788,0.5648928501268956,2992.7281,0.565005851297155,0.02451202870284508,76.1806638468965,-73.69601886457909,-73.00505429858298,0.6909645659961114,2.072902458595366,-0.17112419275799998,-75.94004551593245,-0.9968414776294465,0.0,0.03598722940046165,1.0046100292892628,6.900982222222222,STOP,0.565005851297155
oos,187,187,ROOT,BTCUSDT,LONG,1751472003000,1751616969147,2025-07-02T16:00:03+00:00,2025-07-04T08:16:09.147000+00:00,108717.13908,108458.90388000001,0.0359,106838.79858843605,1878.3404915639403,73.67713611590067,-9.270643679999317,-7.711319999999582,1.5593236799997348,4.6779719653584,-0.9279316595500999,-14.876547304907817,-0.20191538500499923,0.9406499662523305,0.9406499662523305,0.13748050535021458,40.26837416666667,STOP,108480.6
oos,188,188,ROOT,ETHUSDT,LONG,1751486403000,1751636945588,2025-07-02T20:00:03+00:00,2025-07-04T13:49:05.588000+00:00,2604.160728,2525.264846,0.7613,2511.233309328765,92.92741867123505,73.91771993397347,-60.06343496659985,-59.28243099999992,0.7810039665999327,2.3430190136917197,-0.6303060111517299,-63.036759991443304,-0.8527963260737815,0.33186407672750967,0.33186407672750967,0.849005418724941,41.81738555555555,STOP,2525.77
oos,189,189,ROOT,ADAUSDT,LONG,1751486403000,1751616318750,2025-07-02T20:00:03+00:00,2025-07-04T08:05:18.750000+00:00,0.5956191000000001,0.5772845200000001,2649.5536,0.5686816276058873,0.026937472394112816,73.89727652573625,-48.578452443487976,-47.95692016000002,0.6215322834879586,1.8646026052944193,-0.71118178423152,-51.15423683301392,-0.6922343993989873,0.5746975727159634,0.5746975727159634,0.6806347578478451,36.08770833333333,STOP,0.5774
oos,190,190,ROOT,XRPUSDT,LONG,1751486403000,1751616914000,2025-07-02T20:00:03+00:00,2025-07-04T08:15:14+00:00,2.2642527599999998,2.20745842,863.1217,2.1822784744566905,0.08197428554330921,73.8807058007319,-49.02042729117776,-48.24850302999986,0.7719242611779009,2.3157785733543634,-0.9692856691000001,-52.30549153363213,-0.707972277291292,0.6032042813459572,0.6032042813459572,0.692831168012971,36.253055555555555,STOP,2.2079
oos,191,191,ROOT,XRPUSDT,LONG,1751803203000,1753274525222,2025-07-06T12:00:03+00:00,2025-07-23T12:42:05.222000+00:00,2.26155222,3.41941598,1116.398,2.2003645256452042,0.06118769435479576,72.34948740279096,1292.63678593648,1293.9052820000002,1.2684960635201605,3.80533292192616,-18.705735232829607,1270.1257177817242,17.555421100782088,22.930227961597186,22.930227961597186,0.2623439266549522,408.7006172222222,STOP,3.4201
oos,192,192,ROOT,ETHUSDT,LONG,1751817603000,1753159695644,2025-07-06T16:00:03+00:00,2025-07-22T04:48:15.644000+00:00,2558.201538,3679.264,1.0204,2491.2989191301567,66.90261886984308,72.4440544537882,1143.9321362248004,1145.2051239999998,1.2729877751994536,3.8188259009851198,-12.171956577139799,1127.9413537466755,15.569826430217061,19.42552450044395,19.42552450044395,0.7896781754206362,372.8035122222222,STOP,3680.0
oos,193,193,ROOT,BTCUSDT,LONG,1751817603000,1751912822952,2025-07-06T16:00:03+00:00,2025-07-07T18:27:02.952000+00:00,108878.57136,107721.85132,0.0479,107543.10433447719,1335.467025522812,72.31332423157309,-55.406889916000004,-53.33186000000042,2.075029915999586,6.2250961478232,-0.5243676128847,-62.15635367670791,-0.8595421983044379,0.6036305087236505,0.6036305087236505,0.8661539505606022,26.449986666666668,STOP,107743.4
oos,194,194,ROOT,SOLUSDT,LONG,1751817603000,1752324548571,2025-07-06T16:00:03+00:00,2025-07-12T12:49:08.571000+00:00,151.51029599999998,159.108172,14.6707,146.82009008468765,4.690205915312333,72.36502328101616,111.4661594332002,112.37756199999995,0.911402566799751,2.7341942150925598,-1.87395637178992,106.85800884631773,1.476652725327738,3.55415184343563,3.55415184343563,0.8337152079472381,140.81821416666668,STOP,159.14
oos,195,195,ROOT,ADAUSDT,LONG,1752048003000,1752542535238,2025-07-09T08:00:03+00:00,2025-07-15T01:22:15.238000+00:00,0.5961192,0.7209557799999999,3428.4702,0.5757721320625047,0.0203470679374953,73.02935914163464,427.99849439991596,428.90162202,0.9031276200840352,2.7093313920573574,-4.044401412951142,421.24476159490746,5.7681563489820125,8.904516393053493,8.904516393053493,0.1975321462702483,137.3700661111111,STOP,0.7211
oos,196,191,ADD,XRPUSDT,LONG,1752148803000,1753274525222,2025-07-10T12:00:03+00:00,2025-07-23T12:42:05.222000+00:00,2.45239038,3.41941598,238.1458,2.2955,0.1568903800000001,38.297227407735875,230.29308513248,230.57276356,0.27967842751999683,0.839007613828373,-3.445529684001093,226.00854783465053,5.901433684178343,7.726475135059263,7.726475135059263,0.21920005547822646,312.7006172222222,STOP,3.4201
oos,197,192,ADD,ETHUSDT,LONG,1752192003000,1753159695644,2025-07-11T00:00:03+00:00,2025-07-22T04:48:15.644000+00:00,2951.200122,3679.264,0.1143,2602.54,348.66012200000023,40.391567422911386,83.21770125539999,83.36927699999998,0.15157574459999523,0.45471722948676,-1.1258328212394302,81.6371512046738,2.0211434319918617,2.600297025078192,2.600297025078192,0.1388174871343617,268.8035122222222,STOP,3680.0
oos,198,195,ADD,ADAUSDT,LONG,1752220803000,1752542535238,2025-07-11T08:00:03+00:00,2025-07-15T01:22:15.238000+00:00,0.69903978,0.7209557799999999,432.3636,0.6057,0.09333977999999998,40.840306273326405,9.475680657599973,9.59847192,0.12279126240002647,0.3683726353833695,-0.34289974883774876,8.764408273378855,0.21460192327458277,0.8384444445872917,0.8384444445872917,0.11613247856380171,89.37006611111111,STOP,0.7211
oos,199,199,ROOT,BTCUSDT,LONG,1752422403000,1752548539265,2025-07-13T16:00:03+00:00,2025-07-15T03:02:19.265000+00:00,118634.32212,117617.77174000001,0.0376,116559.2152548943,2075.1068651056994,85.1610589467135,-38.222294287999475,-36.44568000000011,1.7766142879993652,5.329847237481601,-1.7230137408408002,-45.275155266321875,-0.5316415252028652,2.248403664628784,2.248403664628784,0.4898785682289216,35.03785138888889,STOP,117641.3
oos,200,200,ROOT,SOLUSDT,LONG,1752667203000,1753275378969,2025-07-16T12:00:03+00:00,2025-07-23T12:56:18.969000+00:00,166.70333399999998,193.61127000000002,11.9462,159.7070143529975,6.99631964700248,86.7657879568303,321.4475850432004,322.3084760000002,0.8608909567998353,2.58263419338288,-4.681594048222,314.1833568015955,3.621051156222026,5.6796527324226656,5.6796527324226656,0.19486445285330706,168.93776916666667,STOP,193.65
oos,201,201,ROOT,ADAUSDT,LONG,1752696003000,1753274478235,2025-07-16T20:00:03+00:00,2025-07-23T12:41:18.235000+00:00,0.76385274,0.85272942,1934.3248,0.7183006016295959,0.04555213837040417,90.47669382055231,171.91636626566387,172.5417721599999,0.6254058943360405,1.876196977995341,-3.2737093212640005,166.76645996640454,1.8431979875078344,3.7440011841640963,3.7440011841640963,0.5214407237450903,160.68756527777776,STOP,0.8529
oos,202,201,ADD,ADAUSDT,LONG,1753027203000,1753274478235,2025-07-20T16:00:03+00:00,2025-07-23T12:41:18.235000+00:00,0.87107418,0.85272942,705.2988,0.8011,0.06997418,50.33569330316798,-12.93853721428805,-12.695378400000012,0.24315881428803898,0.7294779663094081,-0.49919638466400007,-14.167211565261459,-0.28145458293250164,0.9049883828577909,0.9049883828577909,0.4840954191960517,68.68756527777778,STOP,0.8529
oos,203,200,ADD,SOLUSDT,LONG,1753027203000,1753275378969,2025-07-20T16:00:03+00:00,2025-07-23T12:56:18.969000+00:00,181.966386,193.61127000000002,6.0513,173.94,8.026386000000002,50.3318827083629,70.46668654920012,70.921236,0.45454945079987397,1.3636398418516802,-0.984236743953,68.11880996339544,1.3533928456063327,3.049144907807822,3.049144907807822,0.5427580981029302,68.93776916666667,STOP,193.65
oos,204,204,ROOT,BTCUSDT,SHORT,1753416003000,1753526597886,2025-07-25T04:00:03+00:00,2025-07-26T10:43:17.886000+00:00,115361.62306,118241.70049186258,0.0328,118218.05688048647,2856.433820486476,99.74520729014523,-94.46653976509253,-92.93410567995646,1.5324340851360745,4.597313407500655,1.527980456,-97.53587271659319,-0.9778502182352944,0.24307339278098372,0.24307339278098372,1.0082773181043188,30.720801666666667,STOP,118218.05688048647
oos,205,205,ROOT,ETHUSDT,LONG,1753617603000,1753749727683,2025-07-27T12:00:03+00:00,2025-07-29T00:42:07.683000+00:00,3814.932834,3746.570536,0.6216,3661.5606757904793,153.37215820952088,99.13031314242122,-42.49400443680001,-41.55395999999995,0.9400444368000649,2.8201382968752,-1.0625106954369603,-46.376653429112174,-0.46783523585245324,0.8207302255474533,0.8207302255474533,0.44572821298250653,36.701300833333335,STOP,3747.32
oos,206,206,ROOT,BTCUSDT,LONG,1753632003000,1753722902964,2025-07-27T16:00:03+00:00,2025-07-28T17:15:02.964000+00:00,118604.61618,117777.23984000001,0.0463,116654.96023346309,1949.6559465369064,99.05530029127316,-38.30752454199944,-36.1186299999996,2.1888945419998436,6.5666879602356,-1.6503611850000004,-46.52457368723504,-0.46968282919166404,0.6192804541460912,0.6192804541460912,0.4243704339063631,25.24999,STOP,117800.8
oos,207,207,ROOT,ADAUSDT,SHORT,1753718403000,1753955898095,2025-07-28T16:00:03+00:00,2025-07-31T09:58:18.095000+00:00,0.8051389400000001,0.7895578799999999,2180.1784,0.8491933642300155,0.04405442423001538,98.85505857229518,33.969490461104314,34.664836560000055,0.6953460988957403,2.0860341369076125,0.982533892146416,32.865990216343114,0.33246644826281085,1.739642302436086,1.739642302436086,0.09899255469167198,65.97085972222222,STOP,0.7894
oos,208,208,ROOT,SOLUSDT,SHORT,1753747203000,1753955825000,2025-07-29T00:00:03+00:00,2025-07-31T09:57:05+00:00,182.993394,182.516496,11.1526,191.56526648900007,8.571872489000071,98.86402852230123,5.3186526348000625,6.1339300000001264,0.815277365200064,2.4458313595283996,0.33123591597164004,3.2040571912433027,0.032408725793735466,1.5158174618992384,1.5158174618992384,0.4090828467758809,57.95055555555555,STOP,182.48
oos,209,209,ROOT,XRPUSDT,SHORT,1753876803000,1753951098666,2025-07-30T12:00:03+00:00,2025-07-31T08:38:18.666000+00:00,3.04929002,3.1626323999999997,655.501,3.196514821445962,0.14722480144596206,99.70410482446961,-74.29604343237983,-73.48166209999991,0.8143813323799236,2.4431528149394515,0.43491613240860394,-76.30428011491068,-0.7653073085530969,0.3347942705026607,0.3347942705026607,0.7698592824497804,20.637685,STOP,3.162
oos,210,210,ROOT,BTCUSDT,SHORT,1753905603000,1754245563307,2025-07-30T20:00:03+00:00,2025-08-03T18:26:03.307000+00:00,116841.82696,114222.84,0.0403,119123.02678464536,2281.1998246453586,99.46631393558876,105.54517448800038,107.40755999999989,1.8623855119995056,5.5871436470928,2.7647535703268002,102.72278441123439,1.0327394305347881,2.1882462492193326,2.1882462492193326,0.9066163418285892,94.43341861111111,STOP,114200.0
oos,211,211,ROOT,XRPUSDT,SHORT,1754020803000,1754268902500,2025-08-01T04:00:03+00:00,2025-08-04T00:55:02.500000+00:00,2.99600068,3.0014001599999998,643.7849,3.1441898968414135,0.14818921684141362,98.48802814240575,-3.4761036918519364,-2.703896579999988,0.7722071118519485,2.316621660023589,0.8579046270140311,-4.934820724861494,-0.05010579273377411,1.8179506292168488,1.8179506292168488,0.41568017776840827,68.91652777777777,STOP,3.0008
oos,212,212,ROOT,ETHUSDT,SHORT,1754078403000,1754268247544,2025-08-01T20:00:03+00:00,2025-08-04T00:44:07.544000+00:00,3516.8664860000004,3523.7046,0.578,3682.6621392981524,165.79565329815205,99.08228573258467,-3.9524298919998135,-3.1385399999999053,0.8138898919999082,2.4416700526247994,0.6465548683685999,-5.747545076256013,-0.05800779658806204,0.9852881106975372,0.9852881106975372,0.21124506766782586,52.73459555555556,STOP,3523.0
oos,213,213,ROOT,SOLUSDT,SHORT,1754092803000,1754314517849,2025-08-02T00:00:03+00:00,2025-08-04T13:35:17.849000+00:00,162.577478,164.89297200000001,10.5629,171.73480232611135,9.157324326111336,99.47556455206735,-24.458331572600013,-23.766525,0.6918065726000115,2.075422569783,-0.6242889700047001,-27.158043112387713,-0.273012203898302,0.7488517121149129,0.7488517121149129,0.28529316063979504,61.58745805555556,STOP,164.86
oos,214,210,ADD,BTCUSDT,SHORT,1754164803000,1754245563307,2025-08-02T20:00:03+00:00,2025-08-03T18:26:03.307000+00:00,112153.0649,114222.84,0.0127,115956.0,3802.9351000000024,50.57622604876803,-26.286143769999985,-25.71115,0.5749937699999847,1.724984395338,0.2544651622904,-27.756663003047585,-0.5488085049343792,0.07969236708772584,0.07969236708772584,0.5442572764389267,22.43341861111111,STOP,114200.0
oos,215,215,ROOT,BTCUSDT,SHORT,1754409603000,1754492284667,2025-08-05T16:00:03+00:00,2025-08-06T14:58:04.667000+00:00,112849.12566,115048.87771459059,0.0417,115025.87254008258,2176.7468800825736,98.29963856347852,-91.72966067642746,-89.82899492144365,1.9006657549838053,5.702008044432256,0.6876246813504001,-96.74404403950932,-0.98417497208838,0.04319549547094448,0.04319549547094448,1.010568603413889,22.96712972222222,STOP,115025.87254008258
oos,216,216,ROOT,XRPUSDT,SHORT,1754452803000,1754560989302,2025-08-06T04:00:03+00:00,2025-08-07T10:03:09.302000+00:00,2.9124174,3.01740336,672.393,3.053785814614921,0.141368414614921,98.1883949247117,-70.59182460228003,-69.79439340000008,0.7974312022799523,2.3923019821672082,0.37147068728331,-72.61265589716393,-0.7395238098437338,0.08359293009113712,0.08359293009113712,0.7426408528805776,30.051750555555557,STOP,3.0168
oos,217,217,ROOT,ADAUSDT,SHORT,1754452803000,1754560997000,2025-08-06T04:00:03+00:00,2025-08-07T10:03:17+00:00,0.71265744,0.74794956,2675.2615,0.7482118582809559,0.03555441828095596,98.16783840101056,-94.4156498893801,-93.63415250000008,0.7814973893800214,2.3445034042382997,0.634197726613012,-96.12595556700539,-0.9792000835786545,0.06911771078859705,0.06911771078859705,0.9926226248765145,30.05388888888889,STOP,0.7478
oos,218,218,ROOT,BTCUSDT,LONG,1754596803000,1755174852347,2025-08-07T20:00:03+00:00,2025-08-14T12:34:12.347000+00:00,117430.9815,118805.2342,0.0399,115203.59320500931,2227.388294990684,96.36958682908828,54.83268273000047,56.71785,1.8851672699995277,5.655495003857999,-8.0185316855196,41.15865604062287,0.42709175575918845,3.1941527734524477,3.1941527734524477,0.7097915992265762,160.56926305555555,STOP,118829.0
oos,219,219,ROOT,XRPUSDT,LONG,1754596803000,1754811498648,2025-08-07T20:00:03+00:00,2025-08-10T07:38:18.648000+00:00,3.10082004,3.204359,698.7502,2.9678451467296947,0.1329748932703052,96.38295106458682,72.3478690077922,73.22902096,0.8811519522078015,2.6434470691414846,-1.4832088577644305,68.22121308088629,0.7078141136721454,2.109270051676999,2.109270051676999,0.005414856761993175,59.63768,STOP,3.205
oos,220,220,ROOT,ETHUSDT,LONG,1754596803000,1755174859076,2025-08-07T20:00:03+00:00,2025-08-14T12:34:19.076000+00:00,3866.243094,4500.54971,0.6108,3714.6909663611,151.55212763889995,96.34644161274441,387.4344810528002,388.456584,1.0221029471998122,3.06626222680992,-4.90742138735184,379.46079743863845,3.9385034993180748,6.12170162474094,6.12170162474094,0.11377665407037164,160.57113222222222,STOP,4501.45
oos,221,221,ROOT,ADAUSDT,LONG,1754611203000,1754915534117,2025-08-08T00:00:03+00:00,2025-08-11T12:32:14.117000+00:00,0.78725742,0.7837432200000001,2547.6044,0.7501775647039854,0.03707985529601454,97.6737952508894,-8.952791382479775,-8.152334079999951,0.800457302479824,2.4013728857200896,-1.8528733348543311,-13.207037603054196,-0.13521577173416874,1.2686829445382528,1.2686829445382528,0.3170837616851149,84.53642138888888,STOP,0.7839
oos,222,220,ADD,ETHUSDT,LONG,1754769603000,1755174859076,2025-08-09T20:00:03+00:00,2025-08-14T12:34:19.076000+00:00,4257.491328,4500.54971,0.1301,3883.11,374.38132799999994,49.59325016763647,31.62189549820002,31.849780999999933,0.22788550179991418,0.6836526834262799,-0.7601098113554801,30.178133003418257,0.6085129105555555,1.433054033079342,1.433054033079342,0.26040649121261755,112.57113222222222,STOP,4501.45
oos,223,223,ROOT,SOLUSDT,LONG,1755028803000,1755176650610,2025-08-12T20:00:03+00:00,2025-08-14T13:04:10.610000+00:00,190.658124,189.532086,10.6154,181.48881909380586,9.169304906194128,100.57409890042851,-11.953343785199937,-11.14617000000012,0.8071737851998169,2.4215226931403997,-1.40348560443416,-15.778352082774497,-0.1568828580646351,2.1203216818394233,2.1203216818394233,0.1228051647883716,41.068780555555556,STOP,189.57
oos,224,224,ROOT,ADAUSDT,LONG,1755028803000,1755517694594,2025-08-12T20:00:03+00:00,2025-08-18T11:48:14.594000+00:00,0.8486697,0.90401916,2073.8307,0.8015406853197498,0.047129014680250214,100.55359314948524,114.78540937642215,115.51236998999994,0.7269606135777877,2.180867979249601,-2.613064400832772,109.99147699633978,1.093859240144944,3.633224695269419,3.633224695269419,0.32611969726667606,135.80322055555555,STOP,0.9042
oos,225,218,ADD,BTCUSDT,LONG,1755115203000,1755174852347,2025-08-13T20:00:03+00:00,2025-08-14T12:34:12.347000+00:00,122744.544,118805.2342,0.0108,118154.3,4590.2439999999915,51.695660920319916,-42.54454583999988,-42.022800000000004,0.5217458399998733,1.565242562736,-0.26467149600000006,-44.37445989873588,-0.8583788099185263,0.39236607030040555,0.39236607030040555,0.8581918085400243,16.569263055555556,STOP,118829.0
oos,226,226,ROOT,ETHUSDT,LONG,1755432003000,1755482945340,2025-08-17T12:00:03+00:00,2025-08-18T02:09:05.340000+00:00,4550.499918,4369.126,0.5317,4366.620055107838,183.87986289216224,101.6401243900036,-96.43651220060012,-95.48800300000006,0.9485092006000571,2.84553906036036,-0.14433664761828,-99.42638790857876,-0.9782198566293513,0.07662656355287228,0.07662656355287228,0.9863718361937672,14.15065,STOP,4370.0
oos,227,227,ROOT,SOLUSDT,LONG,1755432003000,1755483075952,2025-08-17T12:00:03+00:00,2025-08-18T02:11:15.952000+00:00,193.498692,185.05298200000001,10.8391,184.43228172459348,9.066410275406525,101.6274902920904,-91.5438952609999,-90.72326700000005,0.8206282609998539,2.46189566979204,-0.2914597245451,-94.29725065533705,-0.9278714881604839,0.2483130513194263,0.2483130513194263,0.931538474815083,14.186931111111111,STOP,185.09
oos,228,228,ROOT,XRPUSDT,SHORT,1755489603000,1755871989411,2025-08-18T04:00:03+00:00,2025-08-22T14:13:09.411000+00:00,2.98760236,2.9885976,831.5702,3.102368370058677,0.11476601005867693,99.41103568493706,-0.8276119258479607,0.16631403999998168,0.9939259658479425,2.981777877586315,1.1486805696954732,-2.6607092337388023,-0.026764727028610543,1.7984624532513724,1.7984624532513724,0.93753925874907,106.2184475,STOP,2.988
oos,229,229,ROOT,BTCUSDT,SHORT,1755489603000,1755871579359,2025-08-18T04:00:03+00:00,2025-08-22T14:06:19.359000+00:00,115241.74704,114799.95539999999,0.0438,117323.70921668119,2081.9621766811906,99.26608497119933,19.350473832000453,21.365640000000127,2.0151661679996735,6.0454959401232,3.2728884179994,16.577866309876654,0.16700433299738265,1.7367496299879708,1.7367496299879708,0.8150738658975399,106.10454416666667,STOP,114777.0
oos,230,230,ROOT,SOLUSDT,SHORT,1755489603000,1755711859065,2025-08-18T04:00:03+00:00,2025-08-20T17:44:19.065000+00:00,182.533486,185.827158,10.1219,192.0549837725033,9.521497772503295,99.33178541061055,-33.338218616799864,-32.59251799999999,0.7457006167998728,2.2371057615021597,0.335515376593,-35.23980900170902,-0.3547687062709811,0.7313435518631906,0.7313435518631906,0.34591952639128204,61.73779583333334,STOP,185.79
oos,231,231,ROOT,ADAUSDT,SHORT,1755619203000,1755871749411,2025-08-19T16:00:03+00:00,2025-08-22T14:09:09.411000+00:00,0.87002596,0.89237844,1373.7584,0.9416386387112992,0.07161267871129917,100.29084767937732,-30.70690716083201,-30.222684800000025,0.48422236083198555,1.4526707092181756,0.2927898531364352,-31.866788016913752,-0.3177437299043438,0.6804096827104429,0.6804096827104429,0.31213020378852546,70.15178083333333,STOP,0.8922
oos,232,232,ROOT,ETHUSDT,LONG,1755878403000,1756082411058,2025-08-22T16:00:03+00:00,2025-08-25T00:40:11.058000+00:00,4614.852786,4688.01221,0.4124,4382.839728671364,232.01305732863602,98.72724930464373,30.17094645759979,30.938247999999803,0.7673015424000127,2.30190091461024,-1.27762560716144,26.59141993582811,0.26934225477886736,1.4775772447772824,1.4775772447772824,0.0,56.668905,STOP,4688.95
oos,233,233,ROOT,SOLUSDT,LONG,1755878403000,1756108032307,2025-08-22T16:00:03+00:00,2025-08-25T07:47:12.307000+00:00,193.498692,200.60987,9.4388,183.34861254850293,10.150079451497078,98.72680265326998,67.12098690639996,67.86497199999998,0.743985093600017,2.23194713700336,-1.3511547812000002,63.5378849881966,0.6435728017177119,1.9863202151611055,1.9863202151611055,0.0,63.785918611111114,STOP,200.65
oos,234,234,ROOT,BTCUSDT,SHORT,1756051203000,1756305011275,2025-08-24T16:00:03+00:00,2025-08-27T14:30:11.275000+00:00,114349.82546,112352.466,0.0469,116298.75477613334,1948.929316133348,99.98559582917241,93.67615867399964,95.80262999999985,2.126471326000214,6.379402481684398,2.823004444029,90.11976063634424,0.9013274351069112,2.9709263502113736,2.9709263502113736,0.2898897026809124,70.50229861111112,STOP,112330.0
oos,235,235,ROOT,ADAUSDT,SHORT,1756108803000,1756305016666,2025-08-25T08:00:03+00:00,2025-08-27T14:30:16.666000+00:00,0.8715256600000001,0.87637524,1615.3783,0.9322819739862303,0.06075631398623016,100.39698102383419,-7.833906296113853,-7.269202349999917,0.5647039461139363,1.6941127106462819,-0.1524698037594954,-9.680488810519632,-0.09642211062324164,0.7509616203896231,0.7509616203896231,0.12466753664016803,54.503796111111114,STOP,0.8762
oos,236,236,ROOT,XRPUSDT,SHORT,1756108803000,1756237924642,2025-08-25T08:00:03+00:00,2025-08-26T19:52:04.642000+00:00,2.9368125199999997,3.05351058,722.6497,3.0710221261018975,0.1342096061018978,100.38219028510942,-84.33181804958237,-83.46604035000028,0.8657776995820825,2.5973431146708417,0.1430772818581049,-86.78608388239509,-0.8645565875371106,0.8688835574963432,0.8688835574963432,0.8695209187291573,35.86712277777778,STOP,3.0529
oos,237,237,ROOT,SOLUSDT,LONG,1756267203000,1756490476666,2025-08-27T04:00:03+00:00,2025-08-29T18:01:16.666000+00:00,201.94038,201.619668,8.2904,190.22437336639442,11.716006633605588,99.80904783740696,-2.6588307648001206,-1.9896960000000754,0.6691347648000452,2.0074045331635197,-1.26685216647688,-5.93308746444052,-0.0594443849830705,1.3664741324129006,1.3664741324129006,0.10330994491998864,62.02046277777778,STOP,201.66
oos,238,238,ROOT,ETHUSDT,LONG,1756310403000,1756400350531,2025-08-27T16:00:03+00:00,2025-08-28T16:59:10.531000+00:00,4656.241062,4464.107,0.4605,4447.0400948445895,209.20096715541058,99.76776378954817,-88.47773555100004,-87.63775500000018,0.8399805509998544,2.5199521695306,-0.22475858230665,-91.22244630283728,-0.9143479099648206,0.0,0.0,0.9184186125548268,24.98542527777778,STOP,4465.0
oos,239,239,ROOT,ETHUSDT,SHORT,1756411203000,1756601766257,2025-08-28T20:00:03+00:00,2025-08-31T00:56:06.257000+00:00,4435.292764000001,4457.131248,0.4703,4639.014896068211,203.72213206821016,99.14798781073395,-10.270639025199516,-9.43421799999976,0.8364210251997566,2.5092642077061593,0.28683607384224,-12.493067159063436,-0.126004243100846,0.8851407658527002,0.8851407658527002,0.3895857322631271,52.934238055555554,STOP,4456.24
oos,240,240,ROOT,XRPUSDT,SHORT,1756411203000,1756821619285,2025-08-28T20:00:03+00:00,2025-09-02T14:00:19.285000+00:00,2.94151158,2.83866762,859.8355,3.052108407172142,0.11059682717214203,99.14182391820447,88.42888776857997,89.42289200000008,0.9940042314201065,2.9820019635129595,1.823562706809081,87.2704485118761,0.8802586543483134,2.224399978645744,2.224399978645744,0.3281144760465659,114.00452361111111,STOP,2.8381
oos,241,241,ROOT,ADAUSDT,SHORT,1756411203000,1756712047777,2025-08-28T20:00:03+00:00,2025-09-01T07:34:07.777000+00:00,0.84243148,0.83786754,2152.7894,0.887123981823234,0.04469250182323403,99.1152682811314,9.825201654236096,10.548668060000034,0.7234664057639382,2.170397951451833,1.0615800816872756,8.716383784471539,0.08794188761864935,1.0814225659408974,1.0814225659408974,0.529585926820851,83.5679936111111,STOP,0.8377
oos,242,242,ROOT,BTCUSDT,SHORT,1756699203000,1756713603250,2025-09-01T04:00:03+00:00,2025-09-01T08:00:03.250000+00:00,107597.57618,109461.78798,0.0465,109581.47848534171,1983.902305341704,100.25671686618125,-86.68584869999954,-84.66719999999945,2.0186487000000852,6.055956260064,0.5086644300000001,-92.23314053006354,-0.919969687947918,0.1946044313575746,0.1946044313575746,0.9396691535568841,4.000069444444445,STOP,109439.9
oos,243,243,ROOT,SOLUSDT,LONG,1756857603000,1756994953333,2025-09-03T00:00:03+00:00,2025-09-04T14:09:13.333000+00:00,209.581908,204.779036,9.2531,199.2633373805591,10.31857061944089,98.5816175634122,-44.441454903200075,-43.67463199999999,0.7668229032000866,2.30047395055584,-0.37106919398659,-47.11299804774251,-0.4779085514339149,0.3264107136752328,0.3264107136752328,0.46545904245216574,38.15287027777778,STOP,204.82
oos,244,244,ROOT,ADAUSDT,SHORT,1757001603000,1757075401490,2025-09-04T16:00:03+00:00,2025-09-05T12:30:01.490000+00:00,0.80743848,0.838932184930619,3011.4945,0.8387644320442103,0.03132595204421029,98.22848675497642,-94.84311918318227,-93.85151569676297,0.9916034864192937,2.974821721439941,0.35298401609268,-97.46495688852953,-0.9922270016400492,0.16722492560184193,0.16722492560184193,1.0053550770355535,20.499580555555557,STOP,0.8387644320442103
oos,245,245,ROOT,XRPUSDT,SHORT,1757001603000,1757075410918,2025-09-04T16:00:03+00:00,2025-09-05T12:30:10.918000+00:00,2.8084382000000003,2.86667322,1066.5005,2.896024309729389,0.08758610972938863,98.2029510106784,-62.10767794750968,-60.897178549999694,1.2104993975099845,3.6315055001914263,0.3665023454442415,-65.37268110225686,-0.6656895788717018,0.364649144695187,0.364649144695187,0.6648887612422353,20.502199444444443,STOP,2.8661
oos,246,246,ROOT,ETHUSDT,SHORT,1757016003000,1757074805198,2025-09-04T20:00:03+00:00,2025-09-05T12:20:05.198000+00:00,4272.9752340000005,4438.0813658636935,0.5756,4437.193927078278,164.21869307827728,98.45951900736104,-95.03508950074169,-94.03227642625671,1.0028130744849761,3.008450507328925,-0.2248081042432,-98.26834811231382,-0.9980583807744081,0.0,0.015620840428792377,1.0054040058947047,16.33394388888889,STOP,4437.193927078278
oos,247,247,ROOT,BTCUSDT,LONG,1757059203000,1757083819976,2025-09-05T08:00:03+00:00,2025-09-05T14:50:19.976000+00:00,112922.58,110418.17757680721,0.0363,110440.2656299332,2482.3143700668006,96.66655507982486,-90.9098079618983,-89.2883576334248,1.6214503284735002,4.864361700022861,0.0,-95.77416966192115,-0.9907684160548931,0.16988984356105244,0.16988984356105244,1.0088981691410004,6.838048888888889,STOP,110440.2656299332
oos,248,248,ROOT,SOLUSDT,SHORT,1757188803000,1757283550000,2025-09-06T20:00:03+00:00,2025-09-07T22:19:10+00:00,199.60007199999998,205.49108999999999,12.5988,206.864879379717,7.264807379717013,95.55140943496046,-74.21975757840003,-73.19902800000003,1.020729578400008,3.0621975190833592,0.24688650308016002,-77.03506859440323,-0.8062159318208607,0.0,0.0,0.810898031026595,26.31861111111111,STOP,205.45
oos,249,249,ROOT,XRPUSDT,LONG,1757260803000,1757853545000,2025-09-07T16:00:03+00:00,2025-09-14T12:39:05+00:00,2.89967982,3.0523894,1211.1793,2.825872635234451,0.0738071847655486,95.01298585868658,184.9586822076943,186.4004942700002,1.4418120623058996,4.325413818858688,-6.712961950932767,173.92030643790284,1.8304898521616364,3.8725251600900292,3.8725251600900292,0.6880064611772403,164.65055555555554,STOP,3.053
oos,250,250,ROOT,SOLUSDT,LONG,1757289603000,1757923335283,2025-09-08T00:00:03+00:00,2025-09-15T08:02:15.283000+00:00,206.321256,235.49289199999998,13.5682,199.66994451070585,6.651311489294159,94.72537745409572,395.80659157519966,397.00553199999985,1.1989404248001847,3.5967736337361593,-3.28696451351848,388.92285342794503,4.1057936519325935,6.499281242440724,6.499281242440724,0.11896240332054765,176.03674527777778,STOP,235.54
oos,251,251,ROOT,ADAUSDT,LONG,1757332803000,1757853500000,2025-09-08T12:00:03+00:00,2025-09-14T12:38:20+00:00,0.8526705,0.9006198400000001,3514.197,0.8267071546618917,0.02596334533810829,96.03463367808574,168.50342677998023,169.73571510000005,1.2322883200198191,3.696844591774188,-5.4343804461670295,159.372201742039,1.6595283976014827,3.9104937625652507,3.9104937625652507,0.09130179370686481,144.63805555555555,STOP,0.9008
oos,252,252,ROOT,BTCUSDT,LONG,1757332803000,1757894889120,2025-09-08T12:00:03+00:00,2025-09-15T00:08:09.120000+00:00,112044.4044,115008.9936,0.0506,110327.52896987331,1716.875430126689,95.94501174463446,150.0082135200001,152.306,2.2977864799998997,6.893341163279999,-6.2357981614895985,136.87907419523052,1.4266408613252917,2.656742312203406,2.656742312203406,0.7743744110205483,156.13503333333333,STOP,115032.0
oos,253,250,ADD,SOLUSDT,LONG,1757491203000,1757923335283,2025-09-10T08:00:03+00:00,2025-09-15T08:02:15.283000+00:00,222.18442799999997,235.49289199999998,4.1738,210.8,11.384427999999957,49.00009097133806,55.54686704320006,55.928920000000026,0.3820529567999671,1.1461521589295998,-0.44912644243809996,53.95158844183236,1.1010507811789698,2.4037722404674304,2.4037722404674304,0.3043128736902708,120.03674527777778,STOP,235.54
oos,254,249,ADD,XRPUSDT,LONG,1757707203000,1757853545000,2025-09-12T20:00:03+00:00,2025-09-14T12:39:05+00:00,3.0891176999999996,3.0523894,341.1102,2.9421,0.1470176999999997,51.835204340892766,-12.528397758659866,-12.109412099999954,0.41898565865991166,1.256958429109452,-0.5305798605900001,-14.315936048359317,-0.27618172302767374,0.655582967220959,0.655582967220959,0.24982230030805597,40.650555555555556,STOP,3.053
oos,255,252,ADD,BTCUSDT,LONG,1757707203000,1757894889120,2025-09-12T20:00:03+00:00,2025-09-15T00:08:09.120000+00:00,116584.3122,115008.9936,0.0151,113340.7,3243.612200000003,51.79522120275205,-23.78731085999998,-23.0879,0.6994108599999791,2.098235350548,-0.45577188904610005,-26.34131809959408,-0.5085665721260493,0.0,0.0,0.4856679846006243,52.13503333333333,STOP,115032.0
oos,256,251,ADD,ADAUSDT,LONG,1757721603000,1757853500000,2025-09-13T00:00:03+00:00,2025-09-14T12:38:20+00:00,0.91708338,0.9006198400000001,965.1871,0.8647,0.05238337999999998,51.97601390719862,-15.890396428333945,-15.539512310000003,0.3508841183339424,1.0526542197434772,-0.357939636035,-17.300990284112423,-0.33286489254452534,0.7085571797772511,0.7085571797772511,0.3142893795703895,36.63805555555555,STOP,0.9008
oos,257,257,ROOT,BTCUSDT,LONG,1758096003000,1758119412579,2025-09-17T08:00:03+00:00,2025-09-17T14:30:12.579000+00:00,117143.9241,115417.19660312231,0.0536,115440.28466005433,1703.6394399456767,101.36133691190427,-92.55259383264423,-90.05954222108807,2.4930516115561687,7.479165641812414,0.0,-100.03175947445665,-0.986882794979281,0.0,0.007440482829163778,1.0135521967798249,6.502660833333334,STOP,115440.28466005433
oos,258,258,ROOT,SOLUSDT,LONG,1758153603000,1758294437419,2025-09-18T00:00:03+00:00,2025-09-19T15:07:17.419000+00:00,244.788948,235.82282600000002,9.7107,234.8171743632814,9.97177363671861,100.63621751383315,-87.06732090539984,-86.13390900000003,0.933411905399808,2.8002460522690797,-0.7418952183779699,-90.60946217604689,-0.9003663334583495,0.8725681425379047,0.8725681425379047,0.8991501739454294,39.120671944444446,STOP,235.87
oos,259,259,ROOT,ADAUSDT,LONG,1758153603000,1758305480000,2025-09-18T00:00:03+00:00,2025-09-19T18:11:20+00:00,0.91358268,0.8906218400000001,2681.3642,0.877521688195837,0.036060991804163,100.61208906720337,-61.56637437792765,-60.59883091999988,0.9675434579277749,2.9026376456437104,-1.2225411933480002,-65.69155321691936,-0.6529190858271613,0.6882040331773415,0.6882040331773415,0.6367223653939877,42.18805555555556,STOP,0.8908
oos,260,260,ROOT,ETHUSDT,LONG,1758153603000,1758293896966,2025-09-18T00:00:03+00:00,2025-09-19T14:58:16.966000+00:00,4589.227662,4483.0232160000005,0.6731,4447.153026234063,142.07463576593727,100.5728519569199,-71.48621260259982,-70.26490900000023,1.2213036025995905,3.66391923958908,-0.34281234241305997,-75.49294418460195,-0.7506294463732534,0.37566408467116597,0.37566408467116597,0.7475257312992,38.97054611111111,STOP,4483.92
oos,261,261,ROOT,XRPUSDT,LONG,1758153603000,1758294180555,2025-09-18T00:00:03+00:00,2025-09-19T15:03:00.555000+00:00,3.0837166199999997,3.0038991000000004,1007.048,2.9888003774242438,0.09491624257575593,100.55393330101028,-80.3800738809593,-79.15397279999978,1.2261010809595234,3.678312741356736,-1.082615182022976,-85.14100180433901,-0.8467197553522612,0.580336710611318,0.580336710611318,0.8409258292783155,39.04932083333333,STOP,3.0045
oos,262,262,ROOT,ETHUSDT,SHORT,1758297603000,1759075626964,2025-09-19T16:00:03+00:00,2025-09-28T16:07:06.964000+00:00,4471.395542,4039.4277239999997,0.7109,4602.626155371011,131.2306133710108,98.37778719074406,307.08592181620037,308.29600300000004,1.210081183799673,3.630206555879639,1.34286785394848,304.7985831142692,3.0982459741983948,4.948506490357176,4.948506490357176,0.26940709253599887,216.11776777777777,STOP,4038.62
oos,263,263,ROOT,ADAUSDT,SHORT,1758456003000,1758725529411,2025-09-21T12:00:03+00:00,2025-09-24T14:52:09.411000+00:00,0.88152366,0.8291658,3033.3082,0.9125207313706948,0.03099707137069474,98.30196347890882,158.81752607245227,159.85534214000023,1.0378160675479648,3.113429020002943,0.502162853020933,156.20625990547026,1.5890451663153717,3.333336196970025,3.333336196970025,0.2508733779073028,74.8684475,STOP,0.829
oos,264,264,ROOT,XRPUSDT,SHORT,1758513603000,1758724269142,2025-09-22T04:00:03+00:00,2025-09-24T14:31:09.142000+00:00,2.9019195,2.89647918,1231.1986,2.978255283692579,0.0763357836925791,99.70105277334653,6.69811436755193,8.125910759999652,1.4277963924477222,4.2833882022347085,0.8074425334160248,3.222168698733246,0.03231830165382808,3.032909191479317,3.032909191479317,0.04559460624674995,58.51837277777778,STOP,2.8959
oos,265,265,ROOT,SOLUSDT,SHORT,1758528003000,1759079178632,2025-09-22T08:00:03+00:00,2025-09-28T17:06:18.632000+00:00,221.775636,205.34106,10.0233,231.60157818219002,9.825942182190033,102.04504424645545,164.72868562079995,165.58491599999982,0.8562303791998715,2.56867126741008,-0.35886381197498995,161.80115054141487,1.5855855787630282,3.1605758943187907,3.1605758943187907,0.21721723580550237,153.10434222222221,STOP,205.3
oos,266,263,ADD,ADAUSDT,SHORT,1758686403000,1758725529411,2025-09-24T04:00:03+00:00,2025-09-24T14:52:09.411000+00:00,0.7997400200000001,0.8291658,1521.6774,0.8325,0.03275997999999991,51.79723529334714,-44.776544403371766,-44.280812339999855,0.49573206337191067,1.4872015038134807,0.12394062423,-46.139805282955244,-0.8907773749245157,0.3125771139054467,0.3125771139054467,0.898223381088753,10.8684475,STOP,0.829
oos,267,262,ADD,ETHUSDT,SHORT,1758772803000,1759075626964,2025-09-25T04:00:03+00:00,2025-09-28T16:07:06.964000+00:00,4058.948048,4039.4277239999997,0.3253,4209.73,150.78195199999936,51.161970265622834,6.349961397200171,6.8768420000001065,0.5268806027999355,1.5806409831789596,0.67322192102805,5.442542335049262,0.10637866967969876,1.5714616030438524,1.5714616030438524,0.06799190396473752,84.11776777777777,STOP,4038.62
oos,268,268,ROOT,ADAUSDT,SHORT,1758801603000,1759091175555,2025-09-25T12:00:03+00:00,2025-09-28T20:26:15.555000+00:00,0.7807438200000001,0.79325862,2931.3489,0.8147134690246068,0.03396964902460675,103.23870536236915,-36.68524521371982,-35.76245657999996,0.9227886337198541,2.7683701926547895,2.2607654761519203,-37.19284993022269,-0.3602607161691473,0.7961171450552873,0.7961171450552873,0.5580328482719531,80.43682083333333,STOP,0.7931
oos,269,269,ROOT,BTCUSDT,SHORT,1758830403000,1759071063448,2025-09-25T20:00:03+00:00,2025-09-28T14:51:03.448000+00:00,109298.63590000001,109771.84997999998,0.0424,111581.62206369084,2282.9861636908317,104.21343279994727,-20.064276991998987,-18.206559999999754,1.857716991999233,5.573153160787199,1.6095273926312004,-24.027902760154987,-0.23056435350594404,0.3209112309360557,0.3209112309360557,0.4167191703264426,66.85012444444445,STOP,109749.9
oos,270,265,ADD,SOLUSDT,SHORT,1758844803000,1759079178632,2025-09-26T00:00:03+00:00,2025-09-28T17:06:18.632000+00:00,192.56148,205.34106,2.2038,216.15,23.588520000000017,52.66336755939844,-28.163638404000025,-27.98826000000004,0.17537840399998572,0.5261385705912,-0.05995625685798001,-28.749733231449206,-0.5459152075495873,0.07806678842080761,0.07806678842080761,0.5417711666522529,65.10434222222223,STOP,205.3
oos,271,271,ROOT,ADAUSDT,SHORT,1759248003000,1759266187343,2025-09-30T16:00:03+00:00,2025-09-30T21:03:07.343000+00:00,0.7826434400000001,0.8117662193124625,3375.2454,0.8116038985327559,0.02896045853275586,101.97523631769525,-98.29652690960398,-97.22022602475106,1.0763008848529267,3.2289143209859734,0.0,-101.52544123058996,-0.9955891733782898,0.1085424803079242,0.1085424803079242,1.0056049105549547,5.051206388888889,STOP,0.8116038985327559
oos,272,272,ROOT,BTCUSDT,LONG,1759320003000,1759849517110,2025-10-01T12:00:03+00:00,2025-10-07T15:05:17.110000+00:00,116760.14736,122401.21486,0.0465,114771.29037972458,1988.856980275421,101.16880454639109,262.3096387499995,264.53384999999975,2.2242112500002236,6.672602005938,-9.373619820349502,246.26341692371204,2.434183323880116,4.750644583147236,4.750644583147236,0.22558050400279314,147.0872527777778,STOP,122425.7
oos,273,273,ROOT,ETHUSDT,LONG,1759320003000,1759854131784,2025-10-01T12:00:03+00:00,2025-10-07T16:22:11.784000+00:00,4296.739176,4472.0454119999995,0.68,4154.873381821791,141.8657941782094,101.1435922646704,119.20824047999963,120.40079999999966,1.1925595200000316,3.5776641119039994,-3.6152792311960003,112.01529713689963,1.107487826255769,3.223192924332392,3.223192924332392,0.1445674492488105,148.36910666666665,STOP,4472.94
oos,274,274,ROOT,XRPUSDT,LONG,1759320003000,1759574294400,2025-10-01T12:00:03+00:00,2025-10-04T10:38:14.400000+00:00,2.94318852,2.9853028200000002,996.6947,2.8464361457335685,0.09675237426643157,101.1261152821445,41.97509960421016,43.156880509999894,1.1817809057897364,3.545337538544339,-2.198008194622771,36.23175387104305,0.3582828606631977,1.6104150537012631,1.6104150537012631,0.25207154020675715,70.6365,STOP,2.9859
oos,275,275,ROOT,SOLUSDT,LONG,1759363203000,1759589947472,2025-10-02T00:00:03+00:00,2025-10-04T14:59:07.472000+00:00,221.964384,226.9546,11.0781,213.11166800964202,8.852715990357979,102.00558284060935,55.28211186960004,56.27674800000013,0.9946361304000959,2.9839016379902397,-0.010044000353969967,52.28816623125583,0.5126010241317834,1.6848632686562506,1.6848632686562506,0.2919311997374373,62.98457555555556,STOP,227.0
oos,276,272,ADD,BTCUSDT,LONG,1759507203000,1759849517110,2025-10-03T16:00:03+00:00,2025-10-07T15:05:17.110000+00:00,122262.9477,122401.21486,0.0125,118226.4,4036.54770000001,52.90210520400012,1.7283394999998565,2.339999999999964,0.6116605000001074,1.8349812192,-1.5148694954,-1.6215112146001434,-0.030651166118008003,0.9774571225802647,0.9774571225802647,0.2074663207869443,95.08725277777778,STOP,122425.7
oos,277,273,ADD,ETHUSDT,LONG,1759651203000,1759854131784,2025-10-05T08:00:03+00:00,2025-10-07T16:22:11.784000+00:00,4605.8309819999995,4472.0454119999995,0.3033,4438.0,167.8309819999995,53.138254499544814,-40.577163381000005,-40.02650100000008,0.550662380999924,1.6519919461801198,-0.9412049751381001,-43.17036030231822,-0.812415851986407,0.8828466367431548,0.8828466367431548,0.8049227883323719,56.36910666666667,STOP,4472.94
oos,278,278,ROOT,XRPUSDT,SHORT,1759852803000,1760285107027,2025-10-07T16:00:03+00:00,2025-10-12T16:05:07.027000+00:00,2.8829233000000003,2.51490288,1024.9203,2.9802803028226554,0.09735700282265514,104.51079512171734,377.1915992725261,378.29808273,1.1064834574738711,3.319404976652073,1.1118777862244305,374.98407208209846,3.5879936770682628,17.499750922935572,17.499750922935572,0.41575540358130975,120.08445194444444,STOP,2.5144
oos,279,279,ROOT,ADAUSDT,SHORT,1759896003000,1759944012882,2025-10-08T04:00:03+00:00,2025-10-08T17:20:12.882000+00:00,0.81223752,0.8494924243601621,2722.2665,0.8493225598481925,0.03708503984819245,104.49316481508193,-101.41777810037323,-100.51304776897949,0.9047303313937363,2.71420305574712,0.165564039905991,-103.96641711621436,-0.9949590224413268,0.13314047983261604,0.13314047983261604,1.004580405270292,13.336078333333333,STOP,0.8493225598481925
oos,280,280,ROOT,ETHUSDT,SHORT,1760112003000,1760280971703,2025-10-10T16:00:03+00:00,2025-10-12T14:56:11.703000+00:00,4099.669902,4022.9844359999997,0.5355,4288.303586002497,188.63368400249692,104.52593495537069,41.06506704299995,41.93500499999997,0.869937957000019,2.6098088387993994,-0.18492668863514994,38.270331515565395,0.36613240084296433,3.709146145874658,3.709146145874658,0.19302012889446793,46.93575083333333,STOP,4022.18
oos,281,281,ROOT,SOLUSDT,SHORT,1760112003000,1760284862162,2025-10-10T16:00:03+00:00,2025-10-12T16:01:02.162000+00:00,210.527886,191.648322,9.1144,221.6570734678832,11.129187467883213,104.5060028399282,172.0758981215999,172.80902399999982,0.7331258783999317,2.1993568981171197,-16.291432273458078,153.5851089500247,1.4696295406616111,6.222187037448749,6.222187037448749,0.20865081181363804,48.01643388888889,STOP,191.61
oos,282,282,ROOT,ADAUSDT,SHORT,1760112003000,1760284928000,2025-10-10T16:00:03+00:00,2025-10-12T16:02:08+00:00,0.78244348,0.68353668,2676.5518,0.8202290866539267,0.03778560665392672,104.48593431132716,264.7291735722399,265.5139385599999,0.7847649877599565,2.3542631016073727,-1.5004658013321548,260.8744446693004,2.4967422303177833,13.44806991334075,13.44806991334075,0.17881200272585537,48.03472222222222,STOP,0.6834
oos,283,278,ADD,XRPUSDT,SHORT,1760140803000,1760285107027,2025-10-11T00:00:03+00:00,2025-10-12T16:05:07.027000+00:00,2.3662266599999997,2.51490288,118.4215,2.8394,0.4731733400000002,56.48223605947753,-17.606460986730056,-17.490855550000045,0.11560543673001078,0.3468184090926659,-0.10677092519741,-18.06005032102013,-0.3197474388585173,0.1494730451212648,0.1494730451212648,0.31421089784982476,40.084451944444446,STOP,2.5144
oos,284,284,ROOT,BTCUSDT,SHORT,1760443203000,1760867292392,2025-10-14T12:00:03+00:00,2025-10-19T09:48:12.392000+00:00,111219.15172,107526.501,0.0267,115141.02459923085,3921.872879230854,109.46528803694221,98.59377422399976,99.76187999999985,1.1681057760000897,3.5043053565744002,-0.8621039075421001,94.22736495988325,0.8607967571243544,1.9758803914928866,1.9758803914928866,0.6009751852187134,117.80260888888888,STOP,107505.0
oos,285,285,ROOT,ETHUSDT,SHORT,1760644803000,1760861946176,2025-10-16T20:00:03+00:00,2025-10-19T08:19:06.176000+00:00,3865.196806,3926.7852,0.4509,4103.1642926827035,237.96748668270357,110.08804732895167,-27.770206854599948,-27.06752700000009,0.7026798545998574,2.10804281190324,0.50848856951454,-29.369761096988647,-0.2667842859382319,0.8160644494217576,0.8160644494217576,0.348212250148637,60.317548888888886,STOP,3926.0
oos,286,286,ROOT,SOLUSDT,SHORT,1760688003000,1760867358518,2025-10-17T08:00:03+00:00,2025-10-19T09:49:18.518000+00:00,177.66446,188.247642,7.4522,192.27249412205043,14.60803412205044,110.9803776264435,-78.86798890040016,-78.32262200000015,0.5453669004000119,1.63611009991464,0.12991985807458,-80.37417914224022,-0.7242197302011101,0.2508523713309641,0.2508523713309641,0.724476812661944,49.820977222222226,STOP,188.21
oos,287,287,ROOT,ADAUSDT,LONG,1760875203000,1761035832307,2025-10-19T12:00:03+00:00,2025-10-21T08:37:12.307000+00:00,0.64242846,0.63777242,2841.4444,0.6049529955547077,0.03747546444529226,109.405128185583,-13.229878784175922,-12.502355359999884,0.727523424176038,2.182571772810643,0.0004434898005076099,-15.412007067186057,-0.1408709749056991,0.8824851269896542,0.8824851269896542,0.12617482051230275,44.61925194444444,STOP,0.6379
oos,288,288,ROOT,XRPUSDT,LONG,1760947203000,1761110715263,2025-10-20T08:00:03+00:00,2025-10-22T05:25:15.263000+00:00,2.46979386,2.39981994,910.1171,2.3529214397332012,0.11687242026679856,109.96407080393755,-63.68446114603182,-62.798079899999955,0.886381246031867,2.659151273865588,-0.511664666412492,-66.8552770863099,-0.6079738281562052,0.6982497651174528,0.6982497651174528,0.5987205522078007,45.420073055555555,STOP,2.4003
oos,289,289,ROOT,ETHUSDT,SHORT,1761033603000,1761060070912,2025-10-21T08:00:03+00:00,2025-10-21T15:21:10.912000+00:00,3889.7518940000004,4049.0553294117144,0.6622,4048.245680275659,158.49378627565875,109.07585519847211,-105.49073492963699,-104.43932347854138,1.0514114510956034,3.154246886005942,0.0,-108.64498181564292,-0.9960497822176577,0.25068423774606,0.25068423774606,1.005108396708039,7.352197777777778,STOP,4048.245680275659
oos,290,290,ROOT,SOLUSDT,LONG,1761062403000,1761089715328,2025-10-21T16:00:03+00:00,2025-10-21T23:35:15.328000+00:00,196.20923399999998,185.94098040103563,10.3181,185.97817603624287,10.23105796375711,108.80428957157886,-105.94886745947404,-105.1602588404423,0.7886086190317485,2.365838476326795,0.0,-108.31470593580084,-0.9955003278114698,0.14473244167372903,0.14473244167372903,1.0036355609888052,7.586757777777778,STOP,185.97817603624287
oos,291,291,ROOT,ADAUSDT,LONG,1761062403000,1761089468291,2025-10-21T16:00:03+00:00,2025-10-21T23:31:08.291000+00:00,0.68033604,0.6447004185159517,2972.6237,0.6448293843928303,0.0355066556071697,108.7837388239596,-105.93129298771117,-105.14353023746254,0.787762750248632,2.363300867969151,0.0,-108.29459385568032,-0.9955035102344585,0.09755804766080167,0.09755804766080167,1.0036321606378655,7.518136388888889,STOP,0.6448293843928303
oos,292,292,ROOT,BTCUSDT,LONG,1761062403000,1761085455501,2025-10-21T16:00:03+00:00,2025-10-21T22:24:15.501000+00:00,113377.87104,109867.32565641418,0.0296,109889.3035171176,3488.5675228823966,108.63117464977334,-103.9121433541403,-102.59053589331891,1.321607460821383,3.964834693328316,0.0,-107.87697804746861,-0.9930572728801261,0.16113460791939838,0.16113460791939838,1.006299967123831,6.4034725,STOP,109889.3035171176
oos,293,293,ROOT,XRPUSDT,LONG,1761292803000,1761682746090,2025-10-24T08:00:03+00:00,2025-10-28T20:19:06.090000+00:00,2.43988788,2.5994800000000002,1080.0138,2.3460710637669937,0.09381681623300642,105.53963633307534,172.3616919712561,173.45021628000006,1.0885243087439562,3.2655521122060462,-2.3625996971881675,166.7335401618619,1.5798191651491302,2.7395101466849643,2.7395101466849643,0.08407746411271932,108.317525,STOP,2.6
oos,294,294,ROOT,ETHUSDT,LONG,1761480003000,1761679208060,2025-10-26T12:00:03+00:00,2025-10-28T19:20:08.060000+00:00,4043.8886159999997,4063.477142,0.8078,3917.700123705908,126.1884922940917,107.16170923357494,15.823611302800368,17.13343800000003,1.3098266971996626,3.9294780355874392,-1.6115956164110599,10.282537650801869,0.09595346812161742,1.6571351333103386,1.6571351333103386,0.03874058490695367,55.334738888888886,STOP,4064.29
oos,295,295,ROOT,ADAUSDT,LONG,1761480003000,1761630311111,2025-10-26T12:00:03+00:00,2025-10-28T05:45:11.111000+00:00,0.67323462,0.659868,4305.6294,0.649429749919809,0.023804870080191054,107.13286651720269,-57.55171205062798,-56.40374514,1.1479669106279786,3.4439075003334163,-0.8983540654329013,-61.8939736163943,-0.5777309580945057,0.8429107124889202,0.8429107124889202,0.5615077904215438,41.752253055555556,STOP,0.66
oos,296,296,ROOT,SOLUSDT,LONG,1761480003000,1761662717966,2025-10-26T12:00:03+00:00,2025-10-28T14:45:17.966000+00:00,197.719536,196.70065200000002,14.2607,190.52559905322101,7.19393694677899,107.10196699618747,-14.529999058799795,-13.405057999999968,1.124941058799827,3.37482478500696,-1.1348809663498,-19.039704810156557,-0.17777175661801167,1.0537295581099135,1.0537295581099135,0.14163093276153613,50.754157222222226,STOP,196.74
oos,297,297,ROOT,ADAUSDT,SHORT,1761840003000,1762532468421,2025-10-30T16:00:03+00:00,2025-11-07T16:21:08.421000+00:00,0.6026794400000001,0.54970992,3070.4028,0.6363230734303892,0.03364363343038912,106.26025611096584,162.63776252265632,163.34542896000008,0.7076664373437609,2.122979710580524,1.811062261534476,162.32584507361028,1.5276252007532907,3.36703942023333,3.36703942023333,0.511851968534564,192.35150583333333,STOP,0.5496
oos,298,298,ROOT,ETHUSDT,SHORT,1761840003000,1762013234967,2025-10-30T16:00:03+00:00,2025-11-01T16:07:14.967000+00:00,3770.8556780000004,3905.68098,0.6183,3936.6357689254473,165.78009092544698,106.23226232433571,-83.36248422659983,-82.41320699999997,0.949277226599861,2.84784156938484,0.7982606453049899,-85.41206515067968,-0.80401248436101,0.5619231928271388,0.5619231928271388,0.813278007312905,48.11999083333333,STOP,3904.9
oos,299,299,ROOT,SOLUSDT,SHORT,1761840003000,1762128314375,2025-10-30T16:00:03+00:00,2025-11-03T00:05:14.375000+00:00,184.903012,188.307654,10.084,195.14025251492495,10.237240514924963,106.21563250931611,-34.33240992800024,-33.57972000000012,0.752689928000116,2.2580738135663996,-0.5208282780176,-37.11131201958424,-0.34939595182779926,0.6254626909141171,0.6254626909141171,0.5232843745528887,80.08649305555555,STOP,188.27
oos,300,300,ROOT,XRPUSDT,SHORT,1761840003000,1762083798817,2025-10-30T16:00:03+00:00,2025-11-02T11:43:18.817000+00:00,2.4520095000000004,2.55391068,832.9134,2.575586642006475,0.12357714200647463,106.19675602205929,-84.87485829781166,-84.04096205999981,0.8338962378118424,2.5016987983514474,0.32721716559201114,-87.04933993057108,-0.8196986724574629,0.6191233973997524,0.6191233973997524,0.824595700673031,67.72106027777778,STOP,2.5534
oos,301,301,ROOT,ETHUSDT,SHORT,1762142403000,1762547595471,2025-11-03T04:00:03+00:00,2025-11-07T20:33:15.471000+00:00,3733.993052,3455.691,0.7457,3869.230308661298,135.23725666129803,105.30152408253218,207.5298401764,208.60211799999985,1.0722778235998476,3.2168084385458395,1.5713749145084501,205.88440665236263,1.9551892382013065,5.020754404243346,5.020754404243346,0.2224013466594352,112.55346416666667,STOP,3455.0
oos,302,302,ROOT,SOLUSDT,SHORT,1762142403000,1762540820000,2025-11-03T04:00:03+00:00,2025-11-07T18:40:20+00:00,177.384516,162.902574,11.9094,185.94072784258088,8.556211842580893,105.27941836579353,172.47124005480003,173.2817699999998,0.810529945199761,2.4315690417875997,-1.1946689117420402,168.84500210127038,1.603779776922951,3.7066071508619456,3.7066071508619456,0.14439614431371334,110.67138888888888,STOP,162.87
oos,303,303,ROOT,XRPUSDT,SHORT,1762142403000,1762375751272,2025-11-03T04:00:03+00:00,2025-11-05T20:49:11.272000+00:00,2.4280143,2.3644727999999997,1051.4992,2.5242316427463116,0.09621734274631155,105.25734707433409,66.81383641680038,67.82169840000023,1.0078619831998452,3.0235778109961915,-0.03247833295588484,63.75778027284831,0.605732350710129,3.767660690399775,3.767660690399775,0.24928665992409532,64.81896444444445,STOP,2.364
oos,304,304,ROOT,XRPUSDT,LONG,1762747203000,1762891687058,2025-11-10T04:00:03+00:00,2025-11-11T20:08:07.058000+00:00,2.46089208,2.40811828,836.6351,2.3343131595351636,0.1265789204648362,109.1945576872943,-44.152413440379796,-43.337698180000054,0.8147152603797423,2.444150981663781,-0.7520121795357101,-47.34857660157929,-0.4336166344221447,0.9401875096024429,0.9401875096024429,0.41692408029866546,40.134460555555556,STOP,2.4086
oos,305,305,ROOT,ADAUSDT,LONG,1762747203000,1762869795384,2025-11-10T04:00:03+00:00,2025-11-11T14:03:15.384000+00:00,0.58821762,0.57258546,3156.1604,0.5545683393490768,0.03364928065092321,109.17294173305206,-49.33760435846402,-48.604870159999905,0.7327341984641151,2.198208427976419,0.0754078143469852,-51.46040497209345,-0.471365927813172,0.5522370654152507,0.5522370654152507,0.4645614912891494,34.05344,STOP,0.5727
oos,306,306,ROOT,ETHUSDT,LONG,1762747203000,1762872424520,2025-11-10T04:00:03+00:00,2025-11-11T14:47:04.520000+00:00,3627.165288,3504.84889,0.6354,3461.188133718865,165.97715428113497,109.14940514862548,-77.71983928919995,-76.81350599999992,0.9063332892000346,2.7190090852207196,-0.39262316234345995,-80.83147153676413,-0.7405580582569217,0.12275612320409336,0.12275612320409336,0.7369471933035935,34.78375555555556,STOP,3505.55
oos,307,307,ROOT,SOLUSDT,SHORT,1762876803000,1763604368361,2025-11-11T16:00:03+00:00,2025-11-20T02:06:08.361000+00:00,160.787836,142.77855,12.1253,169.43917853660383,8.651342536603835,108.01948485564375,218.36799553580002,219.1041709999999,0.7361754641998743,2.2085001000994793,0.6156099468844599,216.775105382585,2.006814841528649,3.7090007549968527,3.7090007549968527,0.04417395316195755,202.10148916666665,STOP,142.75
oos,308,308,ROOT,BTCUSDT,SHORT,1762876803000,1763861887241,2025-11-11T16:00:03+00:00,2025-11-23T01:38:07.241000+00:00,103396.51656,85617.01998,0.035,106309.64077012787,2913.124210127862,107.7495522818352,622.2823803000002,623.6055000000001,1.3231196999998929,3.9692842673400004,7.285532309195001,625.5986283418553,5.80604387761638,7.825452989867337,7.825452989867337,0.6523866827898083,273.6345113888889,STOP,85599.9
oos,309,309,ROOT,ADAUSDT,SHORT,1762977603000,1763906112727,2025-11-12T20:00:03+00:00,2025-11-23T13:55:12.727000+00:00,0.54329132,0.41548308,3266.1825,0.5758172319217528,0.032525911921752804,109.07474607822782,417.44503684380004,418.07135999999997,0.6263231561999305,1.8789193000367999,2.8167686828885103,418.38288622665175,3.8357447646643137,4.789760249452354,4.789760249452354,0.8672679206615719,257.9193686111111,STOP,0.4154
oos,310,310,ROOT,XRPUSDT,LONG,1763006403000,1763056335305,2025-11-13T04:00:03+00:00,2025-11-13T17:52:15.305000+00:00,2.48289648,2.353528268598713,815.4232,2.3539990684123953,0.1288974115876047,108.34531805726624,-105.48984091911397,-104.70109851814587,0.7887424009681041,2.366239767036934,-0.29415943049528404,-108.15024011664619,-0.998199479736476,0.3367291822652386,0.3367291822652386,1.0036525156547647,13.870084722222222,STOP,2.3539990684123953
oos,311,311,ROOT,ETHUSDT,SHORT,1763064003000,1763862785169,2025-11-13T20:00:03+00:00,2025-11-23T01:53:05.169000+00:00,3195.580756,2806.501188,0.5417,3394.294659044224,198.71390304422403,110.41299503189647,210.7644019855998,211.41467599999984,0.6502740144000541,1.9507966734388795,2.9118534962662603,211.72545880842716,1.9175773535285698,2.8965298712486343,2.8965298712486343,0.3774232343637723,221.88393583333334,STOP,2805.94
oos,312,308,ADD,BTCUSDT,SHORT,1763323203000,1763861887241,2025-11-16T20:00:03+00:00,2025-11-23T01:38:07.241000+00:00,93975.7011,85617.01998,0.0204,96600.0,2624.2988999999943,56.60306444390389,170.51709484800017,171.24984000000012,0.7327451519999499,2.1982149060191998,2.1920551228164,170.5109350647974,3.01239759260351,5.0968664811771385,5.0968664811771385,0.7760163676477537,149.63451138888888,STOP,85599.9
oos,313,307,ADD,SOLUSDT,SHORT,1763323203000,1763604368361,2025-11-16T20:00:03+00:00,2025-11-20T02:06:08.361000+00:00,136.762642,142.77855,7.014,144.64,7.877357999999987,56.78659408558071,-42.19557871199997,-41.80344000000006,0.39213871199991246,1.1764211524128,0.5044050737544,-42.86759479065837,-0.7548893445881683,1.0235210840995197,1.0235210840995197,0.8298922049753258,78.10148916666667,STOP,142.75
oos,314,309,ADD,ADAUSDT,SHORT,1763409603000,1763906112727,2025-11-17T20:00:03+00:00,2025-11-23T13:55:12.727000+00:00,0.46040790000000004,0.41548308,1181.3138,0.509,0.04859209999999997,58.272736230418396,53.07030982851603,53.27725238000003,0.20694255148399776,0.6208212611817143,0.6563577236543259,53.10584629098864,0.9113326355742217,1.5004064446689909,1.5004064446689909,0.4484700187890623,137.9193686111111,STOP,0.4154
oos,315,315,ROOT,XRPUSDT,SHORT,1763668803000,1763862200000,2025-11-20T20:00:03+00:00,2025-11-23T01:43:20+00:00,2.00539884,1.99799952,943.8282,2.1272783617900752,0.12187952179007544,118.06173283189054,6.9836868768237785,7.739391239999777,0.7557043631759983,2.267112160801051,0.3740152773911526,5.09058999341388,0.043118035550625274,1.5203443308479447,1.5203443308479447,0.3774314119744615,53.72138888888889,STOP,1.9976
oos,316,311,ADD,ETHUSDT,SHORT,1763712003000,1763862785169,2025-11-21T08:00:03+00:00,2025-11-23T01:53:05.169000+00:00,2718.126266,2806.501188,0.1736,3063.0,344.8737339999998,60.625066974044124,-15.341886459199996,-15.150071999999998,0.19181445919999796,0.5754451956086399,0.12198268682712,-15.795348967981516,-0.260541550819962,0.2845280934035999,0.2845280934035999,0.2562529798224646,41.88393583333333,STOP,2805.94
oos,317,317,ROOT,SOLUSDT,LONG,1764187203000,1764349265652,2025-11-26T20:00:03+00:00,2025-11-28T17:01:05.652000+00:00,143.97878999999998,138.4723,14.9825,136.24286467113177,7.7359253288682055,119.35496079364789,-82.50098642499978,-81.65462499999983,0.8463614249999551,2.5390940735549994,0.18519468516899995,-84.85488581338579,-0.7109456133967562,0.03118049745127434,0.03118049745127434,0.7118075428483492,45.017403333333334,STOP,138.5
oos,318,318,ROOT,ETHUSDT,LONG,1764187203000,1764411606846,2025-11-26T20:00:03+00:00,2025-11-29T10:20:06.846000+00:00,3031.686216,2988.522176,0.8117,2889.5229530326164,142.16326296738362,119.33123207306879,-35.03625126800009,-34.05893200000003,0.9773192680000662,2.93196189107184,-0.23913523960175997,-38.207348398673695,-0.3201789484187895,0.47349633509357253,0.47349633509357253,0.33676925388934204,62.334401666666665,STOP,2989.12
oos,319,319,ROOT,BTCUSDT,LONG,1764201603000,1764439994679,2025-11-27T00:00:03+00:00,2025-11-29T18:13:14.679000+00:00,90456.0876,90136.969,0.0359,87282.045338416,3174.0422615839925,119.14391486260934,-11.456357740000058,-10.1597,1.2966577400000574,3.8899744391640003,-0.506722575423,-15.853054754587058,-0.13305803131337415,0.826678469835669,0.826678469835669,0.136005624507524,66.21991083333333,STOP,90155.0
oos,320,320,ROOT,SOLUSDT,LONG,1764518403000,1764546783177,2025-11-30T16:00:03+00:00,2025-11-30T23:53:03.177000+00:00,138.307656,134.58307800000003,22.8702,133.35571408770278,4.9519419122972295,118.31289992942203,-85.18184377559953,-83.93363399999971,1.2482097755998183,3.7446393988360804,0.0,-88.92648317443562,-0.7516211945399319,0.29934599925715144,0.29934599925715144,0.7521449293964214,7.8833825,STOP,134.61
oos,321,321,ROOT,ADAUSDT,SHORT,1764561603000,1764686897134,2025-12-01T04:00:03+00:00,2025-12-02T14:48:17.134000+00:00,0.38572284,0.4062379390046786,5588.6242,0.406156707663146,0.020433867663145977,117.64626331884182,-114.65117876294258,-113.76598907858326,0.8851896843593181,2.655582704997839,-0.47607657608787246,-117.7828380440283,-1.0011608930137996,0.7449808450827718,0.7449808450827718,1.003975328746946,34.80392611111111,STOP,0.406156707663146
oos,322,322,ROOT,SOLUSDT,SHORT,1764561603000,1764686715502,2025-12-01T04:00:03+00:00,2025-12-02T14:45:15.502000+00:00,126.864622,132.8289240459058,19.1546,132.80236357319117,5.937741573191175,117.62313047954561,-114.24381996850744,-113.24895929904761,0.9948606694598254,2.984595598254544,-0.31777492126575996,-117.54619048802775,-0.9993458770294229,0.6424365144523918,0.6424365144523918,1.004473160777922,34.75347277777778,STOP,132.80236357319117
oos,323,323,ROOT,ETHUSDT,SHORT,1764561603000,1764687857086,2025-12-01T04:00:03+00:00,2025-12-02T15:04:17.086000+00:00,2824.245038,2934.275422605984,1.0319,2933.6886848690106,109.44364686901054,117.5978407316715,-113.54035387491508,-112.35191491633205,1.1884389585830348,3.565330357979589,0.51664867967752,-116.58903555321716,-0.9914215671633276,0.9701343206068164,0.9701343206068164,1.0053610945336635,35.07057944444445,STOP,2933.6886848690106
oos,324,324,ROOT,BTCUSDT,SHORT,1764561603000,1764685633498,2025-12-01T04:00:03+00:00,2025-12-02T14:27:13.498000+00:00,86301.83618000001,88759.01751241472,0.0456,88741.26925856301,2439.433078563001,117.53473035016563,-112.04746875811068,-110.45091819047317,1.5965505676375074,4.789664957024467,0.2470327233504,-116.59010099178475,-0.9919629767680873,1.0313200235367879,1.0313200235367879,1.0072755649694485,34.45291611111111,STOP,88741.26925856301
oos,325,325,ROOT,ETHUSDT,LONG,1764777603000,1764950838987,2025-12-03T16:00:03+00:00,2025-12-05T16:07:18.987000+00:00,3085.456968,3064.197038,0.8506,2956.2157114916895,129.24125650831047,114.13179630113817,-18.083696458000144,-17.03751800000017,1.046178457999975,3.1385374185021595,-1.16153523308356,-22.383769109585863,-0.19612211351274986,1.1901233101220239,1.1901233101220239,0.17592654709711933,48.1211075,STOP,3064.81
oos,326,326,ROOT,ADAUSDT,LONG,1764806403000,1764926766666,2025-12-04T00:00:03+00:00,2025-12-05T09:26:06.666000+00:00,0.44988996,0.43131372,4816.1796,0.4267827102837152,0.02310724971628475,114.75546605183132,-89.46650813270385,-88.61770463999987,0.8488034927039791,2.546421112236557,-0.7294495174307114,-92.74237876237112,-0.8081739541755892,0.25143797169013204,0.25143797169013204,0.8039139329899754,33.434351666666664,STOP,0.4314
oos,327,327,ROOT,SOLUSDT,LONG,1764806403000,1764876199583,2025-12-04T00:00:03+00:00,2025-12-04T19:23:19.583000+00:00,144.648924,137.682458,15.7046,137.57470150771604,7.074222492283951,114.73248013928317,-109.40556194359995,-108.51878599999993,0.8867759436000142,2.6603408530543193,-0.3871857124792799,-112.45308850913355,-0.9801329873861135,0.31396750701898324,0.31396750701898324,0.9847677264319171,19.38793972222222,STOP,137.71
oos,328,328,ROOT,XRPUSDT,SHORT,1764936003000,1765127898571,2025-12-05T12:00:03+00:00,2025-12-07T17:18:18.571000+00:00,2.06738644,2.07311454,1297.3477,2.1510607338873737,0.0836742938873738,112.84604319262075,-7.431337360370306,-6.357003730000164,1.074333630370142,3.223001653950448,-1.2629965237073568,-11.917335538028112,-0.1056070306132578,0.9523407524329807,0.9523407524329807,0.3754266518494098,53.30432527777778,STOP,2.0727
oos,329,329,ROOT,SOLUSDT,SHORT,1764964803000,1765128553571,2025-12-05T20:00:03+00:00,2025-12-07T17:29:13.571000+00:00,132.383518,134.096814,16.3409,139.06877329038758,6.685255290387573,112.70431350155222,-27.996798606399764,-27.125893999999946,0.8709046063998187,2.6127170743072794,-0.06248744472736,-30.672003125434404,-0.2721457783868403,0.7230117310478643,0.7230117310478643,0.2562798166381853,45.486269722222225,STOP,134.07
oos,330,330,ROOT,ADAUSDT,LONG,1765137603000,1765145224526,2025-12-07T20:00:03+00:00,2025-12-07T22:07:04.526000+00:00,0.43178634,0.4124516979686159,5621.3321,0.4125342048095778,0.01925213519042218,112.10618860087342,-108.6864438930285,-107.73729972594572,0.9491441670827783,2.8474454297243987,0.0,-111.5338893227529,-0.9948950251073287,0.05265182225108812,0.05265182225108812,1.0042855943065963,2.1170905555555555,STOP,0.4125342048095778
oos,331,331,ROOT,ETHUSDT,LONG,1765137603000,1765463420000,2025-12-07T20:00:03+00:00,2025-12-11T14:30:20+00:00,3137.3973539999997,3164.367,0.8359,3008.334271625577,129.06308237442272,112.07991127391371,22.543927091400388,23.597457000000013,1.053529908599625,3.1605868941051596,-1.5496075654084995,17.83373263188673,0.15911622724524302,2.3920290784964373,2.3920290784964373,0.9870936882664046,90.50472222222223,STOP,3165.0
oos,332,332,ROOT,BTCUSDT,LONG,1765137603000,1765145234757,2025-12-07T20:00:03+00:00,2025-12-07T22:07:14.757000+00:00,91398.07596,88954.01752399027,0.0435,88971.81188636755,2426.264073632454,111.90379328982773,-106.31654196642313,-104.74748294301178,1.5690590234113557,4.707189639932146,0.0,-111.02373160635528,-0.9921355509263827,0.03096284564257016,0.03096284564257016,1.0073340583865766,2.1199325,STOP,88971.81188636755
oos,333,333,ROOT,SOLUSDT,LONG,1765137603000,1765145231474,2025-12-07T20:00:03+00:00,2025-12-07T22:07:11.474000+00:00,135.687132,129.97516748819444,18.9751,130.0011677217388,5.685964278261196,112.01122381389513,-108.38509780796144,-107.37690836323412,1.0081894447273214,3.0245812194110626,0.0,-111.4096790273725,-0.994629602587665,0.11306226499836795,0.11306226499836795,1.0045727043421213,2.1190205555555557,STOP,130.0011677217388
oos,334,334,ROOT,ADAUSDT,LONG,1765296003000,1765414995687,2025-12-09T16:00:03+00:00,2025-12-11T01:03:15.687000+00:00,0.46679334,0.4417781548704673,4294.1138,0.4418665281761025,0.0249268118238975,110.24570859986876,-107.41805167428122,-106.63775406090943,0.7802976133717863,2.3409056366459415,0.23855525386867943,-109.52040205705848,-0.9934209997647823,0.6782520010758653,0.6782520010758653,1.0035453112198844,33.05352416666667,STOP,0.4418665281761025
oos,335,335,ROOT,BTCUSDT,LONG,1765296003000,1765419494618,2025-12-09T16:00:03+00:00,2025-12-11T02:18:14.618000+00:00,92695.43538,89922.85904523125,0.0379,89940.84721467418,2754.588165325811,110.01994266729145,-105.08064308773548,-103.6964005638482,1.3842425238872806,4.1527400152297576,-0.3697245716597,-109.60310767462494,-0.9962112778596236,0.6750789985261032,0.6750789985261032,1.0065302572883186,34.30322722222222,STOP,89940.84721467418
oos,336,336,ROOT,SOLUSDT,LONG,1765310403000,1765413257730,2025-12-09T20:00:03+00:00,2025-12-11T00:34:17.730000+00:00,142.108416,135.17360325148826,15.6288,135.20064338016428,6.907772619835725,111.51377114005787,-108.38280148394037,-107.51608874008869,0.8667127438516786,2.600151133486595,-0.32958596081664,-111.3125385782436,-0.9981954465376162,0.06682096030123306,0.06682096030123306,1.0039144497313612,28.570758333333334,STOP,135.20064338016428
oos,337,337,ROOT,ADAUSDT,SHORT,1765555203000,1765983308421,2025-12-12T16:00:03+00:00,2025-12-17T14:55:08.421000+00:00,0.40801838,0.3915783,4116.8122,0.4334189412077668,0.025400561207766792,107.25691633835424,67.6807219129761,68.33908252000002,0.6583606070239227,1.9750736203820978,0.7374297817965776,66.44307807439057,0.619475930715631,1.2644752112870281,1.2644752112870281,0.30241930235979086,118.9181725,STOP,0.3915
oos,338,338,ROOT,BTCUSDT,SHORT,1765756803000,1765983130259,2025-12-15T00:00:03+00:00,2025-12-17T14:52:10.259000+00:00,88101.17624,88161.52878,0.0493,90142.4306475177,2041.2544075176993,107.58326307243375,-2.975380221999634,-1.2374299999995695,1.7379502220000647,5.2138508144915985,1.3000211220428,-6.889209914448433,-0.06403607510779868,1.4834879125539593,1.4834879125539593,0.916702863253349,62.86868305555556,STOP,88143.9
oos,339,339,ROOT,XRPUSDT,SHORT,1765756803000,1765983251632,2025-12-15T00:00:03+00:00,2025-12-17T14:54:11.632000+00:00,1.97670458,1.94848962,1673.8901,2.03780614119329,0.06110156119329013,107.5713563393312,47.228742215896204,48.54281290000023,1.3140706841040242,3.942206227174452,-1.62163610703318,41.66489988168857,0.3873233665498989,2.0638520119163206,2.0638520119163206,0.5989277407206213,62.90239777777778,STOP,1.9481
oos,340,340,ROOT,SOLUSDT,SHORT,1765814403000,1765983136062,2025-12-15T16:00:03+00:00,2025-12-17T14:52:16.062000+00:00,126.754644,130.12601999999998,17.6522,132.7240173956502,5.969373395650209,108.9525703776035,-59.512203427199715,-58.60530399999988,0.9068994271998321,2.7207053142364797,-0.12790594711894,-62.36081468855514,-0.5723666222139367,0.540198072104142,0.540198072104142,0.5647788765327788,46.870295,STOP,130.1
oos,341,341,ROOT,SOLUSDT,SHORT,1766001603000,1766362219696,2025-12-17T20:00:03+00:00,2025-12-22T00:10:19.696000+00:00,122.295536,126.895374,15.2426,129.15559303891405,6.86005703891405,107.54766852060506,-70.11349069880008,-69.35383000000017,0.7596606987999053,2.2789904188595997,0.8228181786882199,-71.56966293897146,-0.6654692186586958,0.8142113058704534,0.8142113058704534,0.9773189875781734,100.17130444444444,STOP,126.87
oos,342,342,ROOT,ADAUSDT,SHORT,1766001603000,1766161995294,2025-12-17T20:00:03+00:00,2025-12-19T16:33:15.294000+00:00,0.36852628,0.37947588,4998.5719,0.38944853722869943,0.020922257228699448,107.52877524014019,-54.73236287624002,-53.98457652000016,0.7477863562398568,2.2433655468691818,0.4641404743228904,-56.511587948786314,-0.5255485131545579,1.062327059506361,1.062327059506361,0.5233469735273226,44.553415,STOP,0.3794
oos,343,343,ROOT,ETHUSDT,SHORT,1766001603000,1766065698749,2025-12-17T20:00:03+00:00,2025-12-18T13:48:18.749000+00:00,2818.456196,2960.907996061569,0.7345,2960.315932874994,141.8597368749938,107.50822645622216,-104.63084714522242,-103.78186269668305,0.8489844485393689,2.546965799441533,-0.10447025462445,-107.2822831992884,-0.9978983630892119,0.09852123166079066,0.09852123166079066,1.0041735815927593,17.80437472222222,STOP,2960.315932874994
oos,344,344,ROOT,XRPUSDT,SHORT,1766044803000,1766065387826,2025-12-18T08:00:03+00:00,2025-12-18T13:43:07.826000+00:00,1.83993194,1.9159180877766655,1369.7892,1.9155349807805095,0.0756030407805095,107.59273898853675,-104.08500457408036,-103.05606413534947,1.028940438730885,3.0868336829209055,0.0,-107.17183825700127,-0.9960880191777595,0.042748809659428934,0.042748809659428934,1.0050673490404731,5.718007222222222,STOP,1.9155349807805095
oos,345,345,ROOT,XRPUSDT,SHORT,1766088003000,1766157372528,2025-12-18T20:00:03+00:00,2025-12-19T15:16:12.528000+00:00,1.8048389599999999,1.8967213517328696,1136.2183,1.8963420833162064,0.09150312331620647,107.24862890687844,-104.39845493465529,-103.55730296399844,0.8411519706568527,2.5234683388467545,-0.1712078413101476,-107.0931311148122,-0.9985501186015043,0.3774620881589358,0.3774620881589358,1.0041448685347343,19.269313333333333,STOP,1.8963420833162064
oos,346,346,ROOT,BTCUSDT,SHORT,1766088003000,1766115135802,2025-12-18T20:00:03+00:00,2025-12-19T03:32:15.802000+00:00,84430.1106,87536.02519886427,0.0332,87518.52149456536,3088.410894565357,107.02016917464185,-103.11636468229378,-101.97451361956985,1.14185106272393,3.425565425113376,0.15581247103760001,-106.38611763636955,-0.994075401457854,0.0,0.006964941108660808,1.0056675438911689,7.536889444444444,STOP,87518.52149456536
oos,347,347,ROOT,ADAUSDT,SHORT,1766332803000,1766406795454,2025-12-21T16:00:03+00:00,2025-12-22T12:33:15.454000+00:00,0.36072784,0.37637526,6060.5888,0.3772164056451518,0.016488565645151776,103.42837324819514,-94.83257840089581,-93.93912640000009,0.8934520008957207,2.6803672753831678,-0.09075526274039677,-97.60370093901938,-0.9436839996003958,0.11691981228014624,0.11691981228014624,0.9489861238840301,20.553459444444446,STOP,0.3763
oos,348,348,ROOT,BTCUSDT,LONG,1766404803000,1766459225582,2025-12-22T12:00:03+00:00,2025-12-23T03:07:05.582000+00:00,89923.18104,87853.44134557244,0.0468,87871.01554868217,2052.165491317821,102.77479278994922,-96.8638176992095,-95.19983232167408,1.6639853775354254,4.991967556586874,-0.3884507798652,-102.24423603566157,-0.9948376762444854,0.3293199124823113,0.3293199124823113,1.008563735811797,15.117383888888888,STOP,87871.01554868217
oos,349,349,ROOT,XRPUSDT,SHORT,1766476803000,1766905640000,2025-12-23T08:00:03+00:00,2025-12-28T07:07:20+00:00,1.87972398,1.87927578,1601.2695,1.9403405536553466,0.06061657365534656,101.87938207295814,0.7176889899001934,1.921523400000144,1.2038344100999505,3.611502999717192,0.29114147222108105,-2.6026725375959177,-0.02554660702331395,0.9291844887216291,0.9291844887216291,0.4103831427596017,119.12138888888889,STOP,1.8789
oos,350,350,ROOT,SOLUSDT,SHORT,1766505603000,1766679906400,2025-12-23T16:00:03+00:00,2025-12-25T16:25:06.400000+00:00,123.265342,124.27485,20.9616,127.92664782642868,4.6613058264286735,101.84257027985481,-21.160902892799932,-20.12313599999987,1.037766892800061,3.1133030931763197,0.8416867600574401,-23.432519225918814,-0.23008570150506044,0.5911094664455955,0.5911094664455955,0.5008592199127861,48.417611111111114,STOP,124.25
oos,351,351,ROOT,ETHUSDT,SHORT,1766505603000,1766715315548,2025-12-23T16:00:03+00:00,2025-12-26T02:15:15.548000+00:00,2926.804522,2970.5839979999996,0.9472,3029.607452232984,102.80293023298418,101.81056630586406,-41.46791966719972,-40.35071999999992,1.117199667199806,3.3516038436863997,1.04620512721152,-43.7733183836746,-0.4299486779414305,0.389624322081322,0.389624322081322,0.5927406724876487,58.25348555555556,STOP,2969.99
oos,352,352,ROOT,ADAUSDT,SHORT,1766664003000,1766865903076,2025-12-25T12:00:03+00:00,2025-12-27T20:05:03.076000+00:00,0.35062986,0.35897177999999996,6626.0405,0.3655182091755799,0.014888349175579907,102.368064860125,-55.27389976775965,-54.3335320999999,0.9403676677597517,2.8211095233038517,0.467338294039356,-57.62767099702415,-0.5629457885695719,0.7878549771817233,0.7878549771817233,0.6226439137527083,56.083354444444446,STOP,0.3589
oos,353,353,ROOT,SOLUSDT,SHORT,1766707203000,1766716337948,2025-12-26T00:00:03+00:00,2025-12-26T02:32:17.948000+00:00,119.92601,124.14327774691053,23.438,124.11845405609931,4.192444056099305,102.7598251026635,-98.84432145208882,-97.70022616685556,1.1440952852332629,3.432297579727253,0.0,-102.27661903181607,-0.99529771415663,0.18509728206653936,0.18509728206653936,1.0059210547544704,2.5374855555555555,STOP,124.11845405609931
oos,354,354,ROOT,BTCUSDT,LONG,1766721603000,1766761813756,2025-12-26T04:00:03+00:00,2025-12-26T15:10:13.756000+00:00,88813.95924,86807.43504000001,0.0451,86728.59106270797,2085.3681772920245,100.45892009462871,-90.49424141999934,-88.91013999999974,1.5841014199995982,4.7523149292168,-0.21644657684100002,-95.46300292605713,-0.9502690536204689,0.3565992653468374,0.3565992653468374,0.9621918190990989,11.169654444444445,STOP,86824.8
oos,355,355,ROOT,ETHUSDT,LONG,1766980803000,1767001326894,2025-12-29T04:00:03+00:00,2025-12-29T09:42:06.894000+00:00,3042.90846,2970.0814088841244,1.2897,2970.675543992923,72.23291600707716,99.43789423970662,-93.92504782414495,-92.37406091232752,1.5509869118174322,4.652971820339912,-0.33074254768464,-98.9087621921695,-0.9946787685762776,0.18124064102184695,0.18124064102184695,1.0082252682245358,5.701081666666667,STOP,2970.675543992923
oos,356,356,ROOT,SOLUSDT,LONG,1766980803000,1767009910187,2025-12-29T04:00:03+00:00,2025-12-29T12:05:10.187000+00:00,128.555706,124.612281236296,24.1015,124.6372086780316,3.9184973219683883,99.39907976247551,-95.04245194241166,-93.82211004642147,1.2203418959901882,3.661036946625352,-0.30806537300000003,-99.01155426203702,-0.996101317020595,0.14400775441044703,0.14400775441044703,1.0063614798447986,8.085329722222221,STOP,124.6372086780316
oos,357,357,ROOT,BTCUSDT,LONG,1766980803000,1767000966290,2025-12-29T04:00:03+00:00,2025-12-29T09:36:06.290000+00:00,90109.5183,88550.95390251343,0.0589,88568.66763604064,1540.8506639593543,99.24802511179797,-91.7994430119588,-89.6948262372062,2.1046167747526,6.313861087636823,-0.52764387,-98.64094796959563,-0.9938832320187883,0.17125715435779504,0.17125715435779504,1.0114960741761279,5.600913888888889,STOP,88568.66763604064
oos,358,358,ROOT,XRPUSDT,LONG,1766980803000,1767001510350,2025-12-29T04:00:03+00:00,2025-12-29T09:45:10.350000+00:00,1.91448282,1.8684861928993528,2039.8277,1.8688599648923312,0.045622855107668725,99.31110774156534,-93.82519406647067,-92.28187676159514,1.5433173048755293,4.629962988452254,-0.38760805955399996,-98.84276511447692,-0.9952840861637837,0.05517366228088183,0.05517366228088183,1.0081926480071512,5.752041666666667,STOP,1.8688599648923312
oos,359,359,ROOT,SOLUSDT,LONG,1767182403000,1767799028421,2025-12-31T12:00:03+00:00,2026-01-07T15:17:08.421000+00:00,126.705336,136.09277600000001,25.6626,123.14870374609144,3.5566322539085604,96.47497224816759,240.9061177440003,242.25494399999997,1.3488262559996542,4.04644969740672,-4.467847242709261,232.39182080388431,2.408830138930652,4.708011063443076,4.708011063443076,0.9237210274943611,171.28483916666667,STOP,136.12
oos,360,360,ROOT,ADAUSDT,SHORT,1767196803000,1767288620000,2025-12-31T16:00:03+00:00,2026-01-01T17:30:20+00:00,0.34203158,0.35357069999999996,6694.2638,0.35585770915720644,0.013826129157206435,96.21919531033284,-77.24591329985572,-76.31460731999977,0.9313059798559493,2.7939270973208776,-0.5338242730230606,-80.57366467019965,-0.8373969914249216,1.0437903361027112,1.0437903361027112,0.8345878928800224,25.504722222222224,STOP,0.3535
oos,361,361,ROOT,XRPUSDT,SHORT,1767211203000,1767288069152,2025-12-31T20:00:03+00:00,2026-01-01T17:21:09.152000+00:00,1.8269345399999999,1.8695840835383364,2134.4815,1.8692102414900384,0.042275701490038564,96.47599549375536,-91.0346616660238,-89.45663512101966,1.5780265450041355,4.7340903698088255,-1.257516605974145,-97.02626864180677,-1.0057037312259403,0.38638128816972583,0.38638128816972583,1.0088429531650946,21.35170888888889,STOP,1.8692102414900384
oos,362,362,ROOT,ADAUSDT,LONG,1767326403000,1767796274634,2026-01-02T04:00:03+00:00,2026-01-07T14:31:14.634000+00:00,0.36227244000000003,0.40091980000000005,6142.6367,0.3473437404292075,0.014928699570792514,95.26207064337243,237.3966918941121,238.33430396,0.9376120658878904,2.8128075975475246,-3.1016163649707207,231.48226793159387,2.4299520928763116,5.02572643010305,5.02572643010305,0.48044640231307445,130.51989833333334,STOP,0.401
oos,363,363,ROOT,BTCUSDT,LONG,1767355203000,1767722404194,2026-01-02T12:00:03+00:00,2026-01-06T18:00:04.194000+00:00,89476.19166,91458.2047,0.0587,87997.43255974678,1478.7591002532135,95.20676310557083,116.34416544800031,118.46833999999983,2.1241745519995163,6.3725094397992,-3.3062743561454004,106.66538165205571,1.1203550900452197,3.5733395243993344,3.5733395243993344,0.7269552287562759,102.00033166666667,STOP,91476.5
oos,364,364,ROOT,ETHUSDT,LONG,1767355203000,1767796267374,2026-01-02T12:00:03+00:00,2026-01-07T14:31:07.374000+00:00,3047.299338,3180.073858,1.3284,2980.487984758188,66.81135324181196,95.22905355138172,176.37767236800053,178.03216799999998,1.6544956319994526,4.96346553213984,-3.5832103245421196,167.83099651131857,1.7623927809044515,3.9020413350473526,3.9020413350473526,0.44392661667326466,122.51788166666667,STOP,3180.71
oos,365,359,ADD,SOLUSDT,LONG,1767585603000,1767799028421,2026-01-05T04:00:03+00:00,2026-01-07T15:17:08.421000+00:00,136.607316,136.09277600000001,7.9394,130.43,6.1773159999999905,50.77951084984056,-4.085138875999861,-3.652124000000063,0.4330148759997976,1.29904506625488,-0.39557078634402,-5.779754728598761,-0.11382060661612121,1.1077115044786445,1.1077115044786445,0.5693922732785565,59.284839166666664,STOP,136.12
oos,366,364,ADD,ETHUSDT,LONG,1767585603000,1767796267374,2026-01-05T04:00:03+00:00,2026-01-07T14:31:07.374000+00:00,3185.38695,3180.073858,0.5165,3092.19,93.19695000000002,50.76862845048,-2.7442120179999323,-2.086659999999981,0.6575520179999512,1.9726563043991996,-0.6720153712299999,-5.388883693629132,-0.10614593811383892,1.3156337197730175,1.3156337197730175,0.5785269796919348,58.51788166666667,STOP,3180.71
oos,367,362,ADD,ADAUSDT,LONG,1767628803000,1767796274634,2026-01-05T16:00:03+00:00,2026-01-07T14:31:14.634000+00:00,0.41258249999999996,0.40091980000000005,2076.9092,0.3886,0.023982499999999962,51.180509113014324,-24.222368926839824,-23.884455799999905,0.3379131268399185,1.013742246654696,-0.20163700591092362,-25.437748179405446,-0.4970202254775356,1.0306473470238757,1.0306473470238757,0.4863004273949727,46.51989833333333,STOP,0.401
oos,368,363,ADD,BTCUSDT,LONG,1767628803000,1767722404194,2026-01-05T16:00:03+00:00,2026-01-06T18:00:04.194000+00:00,93918.78,91458.2047,0.0147,90595.7,3323.0800000000017,51.05824570560002,-36.17045690999995,-35.62545,0.5450069099999482,1.6350250050539998,-0.056635016310599993,-37.86211693136455,-0.7415475484542914,0.2532349507083801,0.2532349507083801,0.7404502148609108,26.000331666666668,STOP,91476.5
oos,369,369,ROOT,SOLUSDT,LONG,1767931203000,1768490705161,2026-01-09T04:00:03+00:00,2026-01-15T15:25:05.161000+00:00,140.75814599999998,142.881418,16.1118,134.76917179389628,5.9889742061037055,100.12174196865816,34.20973380960023,35.12372400000011,0.913990190399879,2.741966356353119,-2.44538978830146,29.02237766494565,0.2898708821309835,1.3427765295439271,1.3427765295439271,0.9848340962946261,155.41726694444444,STOP,142.91
oos,370,370,ROOT,XRPUSDT,SHORT,1768176003000,1768321999666,2026-01-12T00:00:03+00:00,2026-01-13T16:33:19.666000+00:00,2.0726853800000002,2.1083215799999997,1392.7471,2.141142333099296,0.06845695309929578,99.96198538741204,-49.63221420501924,-48.46759907999961,1.1646151250196297,3.493851191171889,-0.026032479495260205,-53.15209787568639,-0.5317231112376415,0.5724090574577918,0.5724090574577918,0.5205636299399665,40.554629444444444,STOP,2.1079
oos,371,371,ROOT,BTCUSDT,LONG,1768320003000,1768575609913,2026-01-13T16:00:03+00:00,2026-01-16T15:00:09.913000+00:00,93426.58158,95060.984,0.0482,91499.32221079718,1927.2593692028167,100.09895956702537,78.77819664399993,80.59522000000028,1.8170233560003481,5.451060396573599,-1.1220839474936,72.20505229993273,0.7213366913327892,2.3377851948716435,2.3377851948716435,0.21625609228320475,71.00192027777777,STOP,95080.0
oos,372,372,ROOT,ADAUSDT,LONG,1768320003000,1768490717272,2026-01-13T16:00:03+00:00,2026-01-15T15:25:17.272000+00:00,0.40618122,0.39872024,5301.733,0.38795418189535996,0.018227038104640048,100.08043241651441,-39.55612387834003,-38.70265090000015,0.8534729783398802,2.560423579338108,-0.800326694288241,-42.916874151966375,-0.4288238281520914,1.1476785136403862,1.1476785136403862,0.40933584256350836,47.42063111111111,STOP,0.3988
oos,373,373,ROOT,ETHUSDT,LONG,1768334403000,1768502470178,2026-01-13T20:00:03+00:00,2026-01-15T18:41:10.178000+00:00,3215.102892,3274.704928,1.1381,3131.9676424435415,83.13524955645835,100.47080128242155,67.83307717160025,69.3102900000001,1.4772128283998427,4.431630167965199,-1.6727444003826901,61.728702603252366,0.6143944490870948,2.2693996710970783,2.2693996710970783,0.3173490443675529,46.68532722222222,STOP,3275.36
oos,374,374,ROOT,ADAUSDT,SHORT,1768507203000,1768660390769,2026-01-15T20:00:03+00:00,2026-01-17T14:33:10.769000+00:00,0.39212156,0.39857970000000004,4706.659,0.41290563901669125,0.02078407901669127,100.77650451176999,-30.396262754260263,-29.65195170000013,0.7443110542601339,2.232936721014204,0.201749333064281,-32.42745014221019,-0.3217758970636146,0.6698184696478433,0.6698184696478433,0.31072533908351946,42.55215805555556,STOP,0.3985
oos,375,375,ROOT,XRPUSDT,SHORT,1768507203000,1769029639534,2026-01-15T20:00:03+00:00,2026-01-21T21:07:19.534000+00:00,2.06398712,1.98409674,1130.0064,2.1498498273238438,0.0858627073238436,100.75711864545825,90.27664069843217,91.19151647999999,0.9148757815678152,2.7446164017220225,-0.05193900396614398,87.48008529274401,0.8682273418374225,2.6016780388424436,2.6016780388424436,0.2493851017210298,145.12125944444443,STOP,1.9837
oos,376,376,ROOT,ETHUSDT,LONG,1768665603000,1768780097676,2026-01-17T16:00:03+00:00,2026-01-18T23:48:17.676000+00:00,3328.795626,3284.013066,1.0724,3240.673539307545,88.12208669245501,100.21380645590459,-48.02481734400011,-46.60650400000004,1.418313344000076,4.25494562478048,-0.26986639829799997,-52.549629367078595,-0.5243751457560005,0.44466007865602314,0.44466007865602314,0.5081876936969353,31.804076666666667,STOP,3284.67
oos,377,377,ROOT,ADAUSDT,SHORT,1768780803000,1769029635555,2026-01-19T00:00:03+00:00,2026-01-21T21:07:15.555000+00:00,0.37522494,0.36867372,5858.7428,0.39179358319299895,0.016568643192998944,100.58877327772028,38.381913006216145,39.25357676000023,0.8716637537840839,2.6149865509227883,0.658364739014112,36.42529119430747,0.36212084119705057,2.059609806457745,2.059609806457745,0.0,69.12015416666667,STOP,0.3686
oos,378,378,ROOT,SOLUSDT,SHORT,1768780803000,1769529965252,2026-01-19T00:00:03+00:00,2026-01-27T16:06:05.252000+00:00,137.762442,125.56510800000001,22.869,141.9394762369457,4.177034236945701,100.56537882246805,278.9408312459996,280.1452499999997,1.2044187540000735,3.6132226445699995,-0.13591899713699976,275.1916896042926,2.73644561206396,4.9706181041938855,4.9706181041938855,0.0,208.10062555555555,STOP,125.54
oos,379,379,ROOT,BTCUSDT,SHORT,1768795203000,1769186473761,2026-01-19T04:00:03+00:00,2026-01-23T16:41:13.761000+00:00,92638.16866,90345.76554,0.0545,94358.86330798842,1720.694647988421,101.85590662252093,124.93597004000014,126.9305,1.994529959999852,5.9835746483399985,3.993680501395,122.94607589305515,1.2070588733620977,3.1572531862937216,3.1572531862937216,0.4305420144510088,108.6863225,STOP,90327.7
oos,380,378,ADD,SOLUSDT,SHORT,1768953603000,1769529965252,2026-01-21T00:00:03+00:00,2026-01-27T16:06:05.252000+00:00,125.694856,125.56510800000001,5.5312,135.1,9.405143999999993,53.13412191281149,0.7176621375999569,0.9956159999999592,0.2779538624000023,0.83386146772608,-0.15489357648192004,-0.2710929066080432,-0.00510204924535844,0.924478774593989,0.924478774593989,0.6799623695288458,160.10062555555555,STOP,125.54
oos,381,375,ADD,XRPUSDT,SHORT,1768953603000,1769029639534,2026-01-21T00:00:03+00:00,2026-01-21T21:07:19.534000+00:00,1.88852222,1.98409674,370.5099,2.0289,0.14037778000000012,53.13090311623001,-35.411305847748,-35.12433852,0.2869673277479947,0.8609061981646223,-0.0061103762803496955,-36.278322422192964,-0.6828101969738766,0.13194552585174027,0.13194552585174027,0.6808379502795949,21.121259444444444,STOP,1.9837
oos,382,382,ROOT,BTCUSDT,SHORT,1769342403000,1769487132104,2026-01-25T12:00:03+00:00,2026-01-27T04:12:12.104000+00:00,88513.19382,88964.88942,0.0606,90075.32973978054,1562.1359197805432,103.24767601148812,-27.372753360000388,-25.221720000000705,2.1510333599996834,6.4531031066064,1.1546583031674,-32.671198163439385,-0.3164351918178201,1.594927681036885,1.594927681036885,0.28915255982556426,40.20252888888889,STOP,88947.1
oos,383,383,ROOT,ADAUSDT,SHORT,1769356803000,1769545035000,2026-01-25T16:00:03+00:00,2026-01-27T20:17:15+00:00,0.3519296,0.3585717,8160.5179,0.36406688872250376,0.012137288722503747,103.64164635800371,-54.20297594358987,-53.04336635000005,1.1596095935898205,3.4788351459739615,1.0803104545407716,-56.60150063502306,-0.5461269926136407,1.6008188026355152,1.6008188026355152,0.5472474250105681,52.28666666666667,STOP,0.3585
oos,384,384,ROOT,ETHUSDT,SHORT,1769371203000,1769411883585,2026-01-25T20:00:03+00:00,2026-01-26T07:18:03.585000+00:00,2810.3478179999997,2901.600297386189,1.1265,2901.0200933675155,90.6722753675158,107.20768910866974,-102.79591802854237,-101.50902017850642,1.286897850035956,3.8607057311895248,-0.43226410831065004,-107.08888786804255,-0.998891858955128,0.2889286487386999,0.2889286487386999,1.0063989131884241,11.3001625,STOP,2901.0200933675155
oos,385,385,ROOT,SOLUSDT,SHORT,1769659203000,1770995462857,2026-01-29T04:00:03+00:00,2026-02-13T15:11:02.857000+00:00,122.965402,82.20643799999999,23.3198,127.14926826674672,4.183866266746719,102.15497029777549,950.4908886872001,951.4478399999999,0.956951312799788,2.8707397646591994,-17.10801836220596,930.512130560335,9.108828751532588,13.307165776905183,13.307165776905183,0.23055182419825748,371.18329361111114,STOP,82.19
oos,386,386,ROOT,ADAUSDT,SHORT,1769688003000,1770042608235,2026-01-29T12:00:03+00:00,2026-02-02T14:30:08.235000+00:00,0.34633072,0.29915981999999997,7104.3834,0.36012808173127975,0.013797361731279767,101.9584935964241,335.1201589230601,336.03733482000007,0.9171758969399662,2.7514873663398207,-0.9153987496412567,331.45327280707903,3.250864750111449,5.619242396481598,5.619242396481598,0.048507824396796156,98.50145416666666,STOP,0.2991
oos,387,387,ROOT,XRPUSDT,SHORT,1769702403000,1770996611764,2026-01-29T16:00:03+00:00,2026-02-13T15:30:11.764000+00:00,1.7996400000000001,1.4077815,1451.8046,1.868229091210274,0.06858909121027379,103.75831913744545,568.9019728491002,569.8333055,0.9313326508998898,2.79392957270334,-7.300349606617933,558.8076936697789,5.385666405500879,9.946771242506406,9.946771242506406,0.6103011318763425,359.5024344444444,STOP,1.4075
oos,388,388,ROOT,ETHUSDT,SHORT,1769702403000,1770437656434,2026-01-29T16:00:03+00:00,2026-02-07T04:14:16.434000+00:00,2822.095468,2107.761468,0.901,2932.6984622480354,110.60299424803543,103.72163064414872,643.6149339999998,644.5033199999998,0.8883859999999686,2.6650806596016,-2.455596186501701,638.4942571538966,6.155844766309757,9.819584681083725,9.819584681083725,0.3325817013371996,204.237065,STOP,2107.34
oos,389,386,ADD,ADAUSDT,SHORT,1769875203000,1770042608235,2026-01-31T16:00:03+00:00,2026-02-02T14:30:08.235000+00:00,0.2959408,0.29915981999999997,1379.3054,0.3357,0.039759199999999995,55.4931876493125,-4.440011668707947,-4.275846739999988,0.16416492870795896,0.4924952992256087,-0.1151742643401614,-5.047681232273717,-0.09096037632893578,0.6826294291635653,0.6826294291635653,0.10964003299865209,46.50145416666667,STOP,0.2991
oos,390,385,ADD,SOLUSDT,SHORT,1769875203000,1770995462857,2026-01-31T16:00:03+00:00,2026-02-13T15:11:02.857000+00:00,108.558284,82.20643799999999,5.1834,119.09,10.531716000000003,55.490418329256975,136.59215855640005,136.789926,0.19776744359995746,0.5932859160088799,-3.3238488630145198,132.67502377737665,2.3909537497111386,3.918476723071528,3.918476723071528,0.1112559434758783,311.18329361111114,STOP,82.19
oos,391,387,ADD,XRPUSDT,SHORT,1770264003000,1770996611764,2026-02-05T04:00:03+00:00,2026-02-13T15:30:11.764000+00:00,1.4422115,1.4077815,306.9172,1.6344,0.1921885000000001,59.694179516820505,10.567159195999988,10.742101999999974,0.1749428039999863,0.5248271229477599,-1.0544018636600898,8.987930209392138,0.15056627433600184,1.6900673037148417,1.6900673037148417,0.5171407238206243,203.50243444444445,STOP,1.4075
oos,392,392,ROOT,BTCUSDT,SHORT,1770264003000,1770591910167,2026-02-05T04:00:03+00:00,2026-02-08T23:05:10.167000+00:00,71184.7602,71704.338,0.0307,74947.42860707398,3762.668407073972,119.01051551819495,-15.951038459999973,-15.0737,0.8773384599999723,2.6320171888440003,-1.5018904149309003,-20.084946063774876,-0.1687661462209546,3.025714458015005,3.025714458015005,0.2018885848595735,91.08532416666667,STOP,71690.0
oos,393,388,ADD,ETHUSDT,SHORT,1770307203000,1770437656434,2026-02-05T16:00:03+00:00,2026-02-07T04:14:16.434000+00:00,1958.818158,2107.761468,0.1835,2295.0,336.18184199999996,62.26447701818879,-27.33109738500002,-27.18185500000002,0.14924238500000087,0.4477304168226,-0.07757950110879999,-27.856407302931423,-0.44738844100134284,0.6627310882543147,0.6627310882543147,0.4430438869449711,36.237065,STOP,2107.34
oos,394,394,ROOT,ADAUSDT,SHORT,1770638403000,1770888786666,2026-02-09T12:00:03+00:00,2026-02-12T09:33:06.666000+00:00,0.26154768,0.265053,6700.414,0.27922263635070876,0.01767495635070876,121.2334893604611,-23.487095202479853,-22.781407600000094,0.7056876024797596,2.117065541208912,-0.49961601478805784,-26.103776758476823,-0.21531820040964908,0.642020255939415,0.642020255939415,0.6762291098682534,69.55101833333333,STOP,0.265
oos,395,395,ROOT,ETHUSDT,SHORT,1770710403000,1770994156701,2026-02-10T08:00:03+00:00,2026-02-13T14:49:16.701000+00:00,2005.658788,2001.30018,0.8103,2151.1879696017795,145.52918160177956,120.5225923573882,3.5317800624000033,4.181147999999882,0.6493679375998789,1.9481033110622399,-1.13622063496593,0.44745611637183336,0.0037126326908483863,0.7688409071533718,0.7688409071533718,0.27789074022735677,78.8204725,STOP,2000.9
oos,396,396,ROOT,ADAUSDT,LONG,1771041603000,1771220360000,2026-02-14T04:00:03+00:00,2026-02-16T05:39:20+00:00,0.27725544,0.27714456,9081.6068,0.2643674593752208,0.012887980624779194,121.07225230304856,-1.0069685619843214,0.0,1.0069685619843214,3.0209056859519996,-0.25486894679884675,-4.2827431947351675,-0.03537344943427082,1.896694347367457,1.896694347367457,0.2836317113149476,49.65472222222222,STOP,0.2772
oos,397,397,ROOT,XRPUSDT,LONG,1771070403000,1771339214698,2026-02-14T12:00:03+00:00,2026-02-17T14:40:14.698000+00:00,1.47069408,1.4439111599999999,1762.1444,1.4041346905856082,0.06655938941439166,121.43377586348576,-47.19537249364807,-46.16818328,1.0271892136480716,3.081573181125993,2.715274298674164,-47.5616713760999,-0.39166756561673666,2.983890353372998,2.983890353372998,0.4023913115135784,74.6699161111111,STOP,1.4442
oos,398,398,ROOT,BTCUSDT,LONG,1771070403000,1771177503912,2026-02-14T12:00:03+00:00,2026-02-15T17:45:03.912000+00:00,70478.89296,68675.36218000001,0.045,67894.95803600953,2583.9349239904695,121.35155187269112,-81.15888509999938,-79.90649999999987,1.2523850999995148,3.75716488878,0.05579319199499999,-84.86025679678438,-0.6992927200948411,0.17787098108887892,0.17787098108887892,0.6979784062110685,29.750253333333333,STOP,68689.1
oos,399,399,ROOT,ETHUSDT,LONG,1771070403000,1771159875758,2026-02-14T12:00:03+00:00,2026-02-15T12:51:15.758000+00:00,2098.639644,2033.9431299999999,1.24,2004.1220911568557,94.51755284314413,121.36546657919473,-80.22367735999997,-79.19879999999986,1.0248773600001044,3.0746415838559993,0.053517289828000025,-83.24480165402797,-0.6859018796727334,0.04327615217448842,0.04327615217448842,0.6844920552203312,24.85354388888889,STOP,2034.35
oos,400,400,ROOT,ETHUSDT,SHORT,1771171203000,1771402567500,2026-02-15T16:00:03+00:00,2026-02-18T08:16:07.500000+00:00,2009.84795,2022.4044,1.2627,2102.4936856962854,92.64573569628533,121.04430647404348,-15.855029414999764,-14.836725,1.0183044149997649,3.0549150254069994,-0.39670742305251006,-19.306651863459276,-0.15950070206399472,0.8960795591515692,0.8960795591515692,0.14519880379706712,64.26791666666666,STOP,2022.0
oos,401,401,ROOT,BTCUSDT,SHORT,1771185603000,1771578128336,2026-02-15T20:00:03+00:00,2026-02-20T09:02:08.336000+00:00,68250.04725999999,68013.49998,0.0492,70580.82404544049,2330.7767854404956,120.04686156397959,11.638126175999945,12.978960000000143,1.3408338240001978,4.022499914524799,0.6005149954788002,8.216141256953946,0.06844111665988963,1.138825166176669,1.138825166176669,0.7983830762448227,109.03481555555555,STOP,67999.9
oos,402,402,ROOT,ETHUSDT,SHORT,1771444803000,1771672216645,2026-02-18T20:00:03+00:00,2026-02-21T11:10:16.645000+00:00,1939.442034,1981.126146,1.2572,2031.8084138132688,92.36637981326885,120.02423914147329,-52.40526560640018,-51.41948000000012,0.9857856064000572,2.9573629895376,-0.7049778739065998,-56.06760646984438,-0.46713569584687936,0.3674717366710522,0.3674717366710522,0.5139095642371508,63.170456944444446,STOP,1980.73
oos,403,403,ROOT,XRPUSDT,SHORT,1771516803000,1771604658095,2026-02-19T16:00:03+00:00,2026-02-20T16:24:18.095000+00:00,1.39632068,1.43868768,1734.352,1.4633088119447528,0.06698813194475273,120.05573911704478,-73.47929118399969,-72.49591359999972,0.9833775839999674,2.950141451509632,-0.29297412124211203,-76.72240675675144,-0.6390565525730778,0.29439065439627915,0.29439065439627915,0.6324553136508009,24.404193055555556,STOP,1.4384
oos,404,404,ROOT,ADAUSDT,SHORT,1771516803000,1771599664615,2026-02-19T16:00:03+00:00,2026-02-20T15:01:04.615000+00:00,0.269946,0.27985596,9238.3604,0.282506685314338,0.01256068531433796,120.0303113033028,-91.55178202958395,-90.53593191999977,1.0158501095841785,3.04756119306383,-0.04495381551459801,-94.64429703816238,-0.7885033039613396,0.24250269183346224,0.24250269183346224,0.7889665055685955,23.017115277777776,STOP,0.2798
oos,405,405,ROOT,ADAUSDT,LONG,1771603203000,1771739283752,2026-02-20T16:00:03+00:00,2026-02-22T05:48:03.752000+00:00,0.28885776,0.27512620322450215,8341.4161,0.27518123947239664,0.013676520527603375,117.9367209527296,-114.54062876520199,-113.59974832699514,0.9408804382068467,2.8226549465896023,0.7536218953624517,-116.60966181642914,-0.9887477019406673,0.3540549652396518,0.3540549652396518,1.004024141065954,37.80020888888889,STOP,0.27518123947239664
oos,406,406,ROOT,SOLUSDT,LONG,1771689603000,1771767547142,2026-02-21T16:00:03+00:00,2026-02-22T13:39:07.142000+00:00,86.53730399999999,83.893218,32.9217,83.11581363212083,3.4214903678791586,117.19960770196218,-87.04780606619958,-85.92563699999998,1.1221690661996035,3.3665175096764397,0.4385508875076,-89.97577268836842,-0.7677139407938652,0.038783099097912326,0.038783099097912326,0.7727877958747397,21.651150555555557,STOP,83.91
oos,407,407,ROOT,XRPUSDT,SHORT,1771776003000,1772023930476,2026-02-22T16:00:03+00:00,2026-02-25T12:52:10.476000+00:00,1.3920215400000002,1.39997994,2260.6588,1.441144072842084,0.04912253284208368,116.08430333845037,-17.99122699391932,-16.728875119999664,1.2623518739196555,3.787057629225014,-1.755228974985891,-23.533513598130224,-0.20272778421658724,1.6391976419224183,1.6391976419224183,0.6652437915824232,68.86874333333333,STOP,1.3997
oos,408,408,ROOT,ADAUSDT,SHORT,1771776003000,1772020863636,2026-02-22T16:00:03+00:00,2026-02-25T12:01:03.636000+00:00,0.27154568,0.2715543,10343.6418,0.2823307813200582,0.010785101320058166,116.05125882540071,-0.08916219231615233,1.034364179999886,1.1235263723160382,3.370578992824298,-0.3276579823980648,-3.7873991675385152,-0.03263557160751408,1.6824765444022862,1.6824765444022862,0.34810243210396935,68.01684333333333,STOP,0.2715
oos,409,409,ROOT,SOLUSDT,SHORT,1771776003000,1771981926511,2026-02-22T16:00:03+00:00,2026-02-25T01:12:06.511000+00:00,83.423312,81.076212,36.785,86.44388235346105,3.0205703534610535,116.02164290313684,86.33807349999991,87.54829999999983,1.2102264999999193,3.6306689942039996,-3.215645729957499,79.4917587758384,0.6851459502448505,2.5999434149916287,2.5999434149916287,0.07835871120458995,57.20097527777778,STOP,81.06
oos,410,410,ROOT,ETHUSDT,SHORT,1771776003000,1771985227620,2026-02-22T16:00:03+00:00,2026-02-25T02:07:07.620000+00:00,1952.419438,1935.657054,1.9034,2010.2312887351582,57.81185073515826,115.98505294256296,31.905521705599778,33.38563599999993,1.480114294400149,4.44033887692368,-1.62803804143492,25.83714478724118,0.22276271064027545,2.7056639081937135,2.7056639081937135,0.13112470719415983,58.11795,STOP,1935.27
oos,411,411,ROOT,ADAUSDT,LONG,1772035203000,1772192651250,2026-02-25T16:00:03+00:00,2026-02-27T11:44:11.250000+00:00,0.29045808,0.28174364,7782.3557,0.27593128990427523,0.014526790095724773,116.66936465536573,-67.81887180630792,-66.92825901999997,0.8906127863079547,2.6718463903150824,-0.6633034841392471,-71.15402168076226,-0.6098775106125498,1.579283506461059,1.579283506461059,0.5998875142117353,43.735625,STOP,0.2818
oos,412,412,ROOT,SOLUSDT,LONG,1772035203000,1772191154375,2026-02-25T16:00:03+00:00,2026-02-27T11:19:14.375000+00:00,85.937184,84.23315,27.9912,81.90745856243646,4.029725437563542,116.64562651557789,-47.697956500800196,-46.74530400000005,0.9526525008001485,2.85796311183648,0.08869283514552,-50.467226777491156,-0.4326542561863759,1.526857374114333,1.526857374114333,0.422866030552767,43.31982638888889,STOP,84.25
oos,413,413,ROOT,ETHUSDT,LONG,1772035203000,1772191033482,2026-02-25T16:00:03+00:00,2026-02-27T11:17:13.482000+00:00,2013.2525699999999,1973.095302,1.2532,1923.4184755591702,89.83409444082963,116.6169001464061,-50.325088257599916,-49.32595199999988,0.9991362576000355,2.9974146919142397,-0.27784216873504003,-53.600345118249194,-0.45962759300716205,1.5216653638117035,1.5216653638117035,0.44701589357535104,43.286245,STOP,1973.49
oos,414,414,ROOT,BTCUSDT,LONG,1772049603000,1772125093910,2026-02-25T20:00:03+00:00,2026-02-26T16:58:13.910000+00:00,69019.00104,66482.80203824157,0.045,66496.10125849326,2522.8997815067414,118.49985824268336,-114.12895507912944,-112.9094433678031,1.2195117113263336,3.6585486831125222,-0.025936730145000017,-117.81344049238697,-0.9942074382157434,0.38844149386493515,0.38844149386493515,1.0052714025143512,20.969697222222223,STOP,66496.10125849326
oos,415,415,ROOT,BTCUSDT,SHORT,1772193603000,1772330595480,2026-02-27T12:00:03+00:00,2026-03-01T02:03:15.480000+00:00,66080.7812,68141.42556,0.0432,68623.121882695,2542.3406826950086,114.39662108896837,-89.01983635200025,-87.86016000000014,1.159676352000119,3.4790395992192,-0.1469029004496,-92.64577885166906,-0.8098646443378491,1.2198527211988301,1.2198527211988301,0.8105303801438678,38.053466666666665,STOP,68127.8
oos,416,416,ROOT,XRPUSDT,SHORT,1772193603000,1772330660000,2026-02-27T12:00:03+00:00,2026-03-01T02:04:20+00:00,1.38132368,1.42568508,1649.4134,1.4484967890101872,0.06717310901018725,114.44162418111048,-73.17028760276017,-72.2443069200001,0.9259806827600698,2.77795071759683,-2.057898872278173,-78.00613719263517,-0.6816238213220912,1.6676863949085743,1.6676863949085743,0.6604041506143836,38.07138888888889,STOP,1.4254
oos,417,417,ROOT,SOLUSDT,SHORT,1772222403000,1772329758872,2026-02-27T20:00:03+00:00,2026-03-01T01:49:18.872000+00:00,81.50369599999999,86.10369211864669,24.4088,86.08647482368195,4.582778823681963,115.04318361536797,-112.28038526082358,-111.46217067628817,0.8182145845354114,2.4546571290662533,-0.9108279408519201,-115.64587033074174,-1.0052387868314632,0.9696509849082723,0.9696509849082723,1.0037569552507675,29.821075555555556,STOP,86.08647482368195
oos,418,418,ROOT,ADAUSDT,SHORT,1772265603000,1772311635834,2026-02-28T08:00:03+00:00,2026-02-28T20:47:15.834000+00:00,0.26474704,0.2809270590161559,7049.3453,0.28087088483918804,0.01612384483918805,116.64861911844021,-114.05854100544921,-113.2892165079716,0.7693244974776121,2.307987087138764,-0.0493856618123177,-116.41591375440031,-0.9980050739923152,0.3502291206794049,0.3502291206794049,1.0034839194700833,12.786898333333333,STOP,0.28087088483918804
oos,419,419,ROOT,BTCUSDT,LONG,1772467203000,1772772018697,2026-03-02T16:00:03+00:00,2026-03-06T04:40:18.697000+00:00,69102.91782,70325.53208,0.034,65936.05599102407,3166.8618289759324,111.43250091458971,41.568884840000074,42.517,0.9481151599999293,2.84434037796,-0.36876789503999996,38.35577656700007,0.34420636934639776,1.561035007832534,1.561035007832534,0.9545467984555306,84.67102694444445,STOP,70339.6
oos,420,420,ROOT,ADAUSDT,SHORT,1772539203000,1772640004705,2026-03-03T12:00:03+00:00,2026-03-04T16:00:04.705000+00:00,0.26444710000000005,0.28125624,6374.8593,0.2814195002640307,0.01697240026403063,110.89396455414696,-107.15590245400165,-106.46015030999996,0.6957521440016876,2.087269207224037,-0.42593711023494263,-109.66910877146063,-0.9889547119393656,0.36807404390759346,0.36807404390759346,0.9903808382143403,28.00047361111111,STOP,0.2812
oos,421,421,ROOT,ETHUSDT,LONG,1772640003000,1772788639836,2026-03-04T16:00:03+00:00,2026-03-06T09:17:19.836000+00:00,2149.719858,2052.88934,0.8348,2019.3480848089407,130.37177319105922,111.70569407982967,-80.83411642639979,-80.13245199999982,0.7016644263999723,2.10500289509424,0.029518617740999994,-82.90960070375303,-0.7422146327160573,0.3816020966984262,0.3816020966984262,0.7427260949967681,41.28801,STOP,2053.3
oos,422,422,ROOT,XRPUSDT,LONG,1772640003000,1772798836363,2026-03-04T16:00:03+00:00,2026-03-06T12:07:16.363000+00:00,1.46249244,1.3903218800000001,1396.94,1.38487950331128,0.07761293668871994,111.68943848055419,-100.81794208639968,-100.02090399999985,0.7970380863998372,2.39112626170848,-0.13146471027640003,-103.34053305838457,-0.9252489265256426,0.12378812617969664,0.12378812617969664,0.9298779698216065,44.120378611111114,STOP,1.3906
oos,423,423,ROOT,SOLUSDT,LONG,1772654403000,1772772014285,2026-03-04T20:00:03+00:00,2026-03-06T04:40:14.285000+00:00,93.148626,87.822432,17.9838,87.08032052335713,6.068305476642863,111.81145804726398,-95.78520765719975,-95.13430199999985,0.6509056571998997,1.9527283877162398,0.10472764681205997,-97.63320839810392,-0.8731950204676988,0.09580499897998568,0.09580499897998568,0.8777069678678354,32.66980138888889,STOP,87.84
oos,424,424,ROOT,ADAUSDT,SHORT,1772812803000,1773035000000,2026-03-06T16:00:03+00:00,2026-03-09T05:43:20+00:00,0.25634872000000003,0.25885176,6861.5637,0.27179315122580083,0.015444431225800803,108.78727358081083,-17.1747684036477,-16.467752879999708,0.7070155236479927,2.121048547074346,-1.712007741817387,-21.007824692539433,-0.19310921214450802,0.6959608834311534,0.6959608834311534,0.29468744646269773,61.72138888888889,STOP,0.2588
oos,425,425,ROOT,XRPUSDT,SHORT,1772812803000,1773063848571,2026-03-06T16:00:03+00:00,2026-03-09T13:44:08.571000+00:00,1.35482898,1.3707741,1610.8179,1.4201852125384806,0.06535623253848066,108.76880168542348,-25.684684713648057,-24.80659566000013,0.8780890536479262,2.634270137735479,-2.51431705350996,-30.833271904893497,-0.28347532957169264,0.5221993171027017,0.5221993171027017,0.2963913195056767,69.73488083333334,STOP,1.3705
oos,426,426,ROOT,SOLUSDT,SHORT,1772913603000,1773062770256,2026-03-07T20:00:03+00:00,2026-03-09T13:26:10.256000+00:00,82.453506,84.596916,25.878,86.53058554049684,4.07707954049684,108.920635274206,-55.46716397999971,-54.60257999999999,0.8645839799997219,2.5937584923095995,-1.4039002408475998,-59.464822713156906,-0.5459463449093475,0.5576310144106102,0.5576310144106102,0.5257218993914426,41.43534888888889,STOP,84.58
oos,427,427,ROOT,ETHUSDT,SHORT,1772913603000,1773025819557,2026-03-07T20:00:03+00:00,2026-03-09T03:10:19.557000+00:00,1953.619198,1994.228766,1.1688,2043.661975374216,90.0427773742158,108.89542238477927,-47.46446307839983,-46.54161599999993,0.9228470783999043,2.7685468201939196,-0.9909323852239201,-51.22394228381767,-0.4703957353029877,0.5218541605476463,0.5218541605476463,0.45100305859322154,31.171265833333333,STOP,1993.83
oos,428,428,ROOT,XRPUSDT,LONG,1773158403000,1773207732512,2026-03-10T16:00:03+00:00,2026-03-11T05:42:12.512000+00:00,1.4307861000000002,1.3753469482575604,1872.2741,1.375622072672095,0.05516402732790526,107.56829763000125,-103.7972879333398,-102.74652199771911,1.0507659356206887,3.1523101364440085,0.17898846782295,-106.77060960196087,-0.9925843576070696,0.09814185552150713,0.09814185552150713,1.004987388119781,13.702642222222222,STOP,1.375622072672095
oos,429,429,ROOT,BTCUSDT,LONG,1773158403000,1773833464854,2026-03-10T16:00:03+00:00,2026-03-18T11:31:04.854000+00:00,71311.15938,73107.3756,0.0389,68661.4206148678,2649.7387651321915,107.51324452345344,69.87281095800007,70.99639000000022,1.123579042000145,3.3707286064331994,1.6452793968853001,68.14736174845217,0.63385085298571,1.7691331242482435,1.7691331242482435,0.8975448490603772,187.51718166666666,STOP,73122.0
oos,430,430,ROOT,SOLUSDT,LONG,1773374403000,1773833406969,2026-03-13T04:00:03+00:00,2026-03-18T11:30:06.969000+00:00,89.677932,93.051386,24.5846,85.4785479495132,4.199384050486799,106.76769086687328,82.93501720839988,83.83348599999991,0.898468791600024,2.6953963147816795,-0.2443371668857401,79.99528372673247,0.7492461724818714,1.8983898362608376,1.8983898362608376,0.7781931732633928,127.5011025,STOP,93.07
oos,431,431,ROOT,ETHUSDT,LONG,1773374403000,1773833776286,2026-03-13T04:00:03+00:00,2026-03-18T11:36:16.286000+00:00,2118.203556,2268.166276,1.1353,2027.5694390361195,90.63411696388039,106.74458738449627,170.25267601599998,171.24865199999965,0.9959759839996707,2.9879074021617598,-0.8259397394189301,166.43882887441927,1.5592249963448084,2.952270656607546,2.952270656607546,0.6411885275294211,127.60369055555556,STOP,2268.62
oos,432,432,ROOT,ADAUSDT,LONG,1773374403000,1773477492000,2026-03-13T04:00:03+00:00,2026-03-14T08:38:12+00:00,0.27165432,0.259948,8559.1265,0.2596204594209405,0.01203386057905953,106.71953288217614,-100.19587372947994,-99.2858674,0.9100063294799412,2.7300309027440877,-0.12622148985025894,-103.05212612207428,-0.9656350935854371,0.8098548205684483,0.8098548205684483,0.9727817538762664,28.635833333333334,STOP,0.26
oos,433,433,ROOT,XRPUSDT,LONG,1773619203000,1773833472233,2026-03-16T00:00:03+00:00,2026-03-18T11:31:12.233000+00:00,1.4484896399999998,1.49060182,2312.5877,1.4043859600989363,0.04410367990106345,107.35324258400284,97.38810948818639,98.7474947899999,1.3593853018135178,4.078144055742625,-0.5550434500370499,92.75492198240671,0.8640160255040914,3.5804350193506784,3.5804350193506784,0.30359462135668414,59.51923138888889,STOP,1.4909
oos,434,434,ROOT,BTCUSDT,SHORT,1773936003000,1774263973239,2026-03-19T16:00:03+00:00,2026-03-23T11:06:13.239000+00:00,69358.92544,70634.32403999999,0.0445,71695.50679383962,2336.581353839618,108.916225737191,-56.75523769999937,-55.50929999999974,1.2459376999996294,3.737819761115999,-0.46954250916999984,-60.96259997028537,-0.5597200927379254,0.8811700207299225,0.8811700207299225,0.8487932837180905,91.10284416666667,STOP,70620.2
oos,435,435,ROOT,ADAUSDT,SHORT,1774137603000,1774278133043,2026-03-22T00:00:03+00:00,2026-03-23T15:02:13.043000+00:00,0.25704858,0.26625324,10124.3513,0.2674213511835015,0.010372771183501495,109.18149961642375,-93.19121143705776,-92.13159682999998,1.0596146070577817,3.1788548769656195,-2.2873024968660625,-98.65736881088944,-0.9036088454316192,0.9205428164835651,0.9205428164835651,0.8873867780521884,39.03612305555556,STOP,0.2662
oos,436,436,ROOT,ETHUSDT,SHORT,1774137603000,1774264037012,2026-03-22T00:00:03+00:00,2026-03-23T11:07:17.012000+00:00,2082.953326,2156.551224,1.3076,2163.0944583280398,80.14113232803993,109.15041626266917,-96.23661142479999,-95.12790000000001,1.1087114247999779,3.3261456897479995,-0.33834724036400005,-99.901104354912,-0.9152608645531977,0.7658155583425228,0.7658155583425228,0.9183536077172373,35.12055888888889,STOP,2156.12
oos,437,437,ROOT,XRPUSDT,SHORT,1774137603000,1774264392835,2026-03-22T00:00:03+00:00,2026-03-23T11:13:12.835000+00:00,1.40781838,1.4422884,2239.2024,1.454299994987476,0.04648161498747605,109.12556830824853,-77.18535151204823,-75.90896136000009,1.2763901520481369,3.829179565219363,0.03879439206502558,-80.97573668520256,-0.7420418325471557,1.0115478993720095,1.0115478993720095,0.741583957641912,35.21939861111111,STOP,1.442
oos,438,438,ROOT,ETHUSDT,SHORT,1774526403000,1774844895241,2026-03-26T12:00:03+00:00,2026-03-30T04:28:15.241000+00:00,2066.9265320000004,2049.7698720000003,1.1792,2153.928574863,87.00204286299959,106.49252057050415,20.23113347200012,21.20201600000002,0.9708825279999012,2.91264503975808,-1.32557382407648,15.992914608165561,0.15017875924513718,1.498660579790265,1.498660579790265,0.3070441465617611,88.47006694444444,STOP,2049.36
oos,439,439,ROOT,SOLUSDT,SHORT,1774526403000,1774857907272,2026-03-26T12:00:03+00:00,2026-03-30T08:05:07.272000+00:00,87.49249800000001,84.26685,27.3876,91.24003816179737,3.7475401617973603,106.47006619640106,88.34275716480018,89.28357600000014,0.9408188351999627,2.8224457915708796,-6.102352411860239,79.41795896136905,0.7459181890135198,2.3275262234458918,2.3275262234458918,0.1861226217427531,92.08452,STOP,84.25
oos,440,440,ROOT,XRPUSDT,SHORT,1774526403000,1774843880000,2026-03-26T12:00:03+00:00,2026-03-30T04:11:20+00:00,1.37012592,1.3579715399999999,2100.4563,1.418610880566372,0.04848496056637197,106.44516426961924,25.529744043594274,26.675795010000325,1.146050966406051,3.438149698122598,-2.5098891767886964,19.58170516868298,0.18396049555697702,1.5762809561405964,1.5762809561405964,0.24696482909599496,88.18805555555555,STOP,1.3577
oos,441,441,ROOT,ADAUSDT,SHORT,1774526403000,1774869972413,2026-03-26T12:00:03+00:00,2026-03-30T11:26:12.413000+00:00,0.25714855999999997,0.25175033999999996,9465.0052,0.2679316288137387,0.01078306881373875,105.95606232611111,51.094180370744084,52.05752860000005,0.9633482292559634,2.890038440864567,-1.7807628597822194,46.4233790700973,0.438138017315287,2.2951314164357126,2.2951314164357126,0.23661538696193948,95.43594805555556,STOP,0.2517
oos,442,442,ROOT,ETHUSDT,LONG,1775030403000,1775104630867,2026-04-01T08:00:03+00:00,2026-04-02T04:37:10.867000+00:00,2130.556026,2043.207686077678,1.1921,2043.61640935955,86.93961664045014,107.70445433883197,-104.12795602140018,-103.1328514024805,0.995104618919683,2.9853262327006798,0.11570583110996002,-106.9975764229909,-0.9934368738955098,0.4214876418370401,0.4214876418370401,1.0047012317015647,20.618851944444444,STOP,2043.61640935955
oos,443,443,ROOT,SOLUSDT,SHORT,1775102403000,1775315052982,2026-04-02T04:00:03+00:00,2026-04-04T15:04:12.982000+00:00,78.924212,80.91618,25.212,83.04221744826299,4.118005448262991,107.00689293431694,-50.221497215999996,-49.4155200000002,0.8059772159997962,2.4179375778624,-0.8020443381324001,-53.44147913199479,-0.49942090333188427,0.5571172813692413,0.5571172813692413,0.48372155525928906,59.06943944444444,STOP,80.9
oos,444,444,ROOT,XRPUSDT,SHORT,1775131203000,1775430908771,2026-04-02T12:00:03+00:00,2026-04-05T23:15:08.771000+00:00,1.2987402,1.3222644000000001,2298.3626,1.3432190518820502,0.04447885188205025,107.00449110111833,-54.0671414749205,-52.8623398000003,1.2048016749201977,3.6144113682407757,-2.4607787282654012,-60.14233157142667,-0.5620542741013803,0.488776105499553,0.488776105499553,0.8287039444665842,83.25160305555555,STOP,1.322
oos,445,445,ROOT,ETHUSDT,SHORT,1775131203000,1775429833570,2026-04-02T12:00:03+00:00,2026-04-05T22:57:13.570000+00:00,2031.623594,2083.776672,1.1724,2119.6115595843567,87.98796558435674,106.96809165366882,-61.144268647200064,-60.17929200000019,0.964976647199876,2.8949371631150393,-0.15061103556048006,-64.18981684587558,-0.6000837806259395,0.18267945955165554,0.18267945955165554,0.5954951413186845,82.95293611111111,STOP,2083.36
oos,446,446,ROOT,ADAUSDT,SHORT,1775376003000,1775431031111,2026-04-05T08:00:03+00:00,2026-04-05T23:17:11.111000+00:00,0.24175164,0.24994998000000002,11605.2808,0.2505359099963674,0.008784269996367389,106.43287299655535,-95.1440377938723,-94.00277448000028,1.1412633138720167,3.4238012219489375,-0.0724259578899008,-98.64026497371114,-0.9267838234236484,0.25632636530196967,0.25632636530196967,0.9332978156853483,15.28558638888889,STOP,0.2499
oos,447,447,ROOT,ETHUSDT,LONG,1775433603000,1775991188515,2026-04-06T00:00:03+00:00,2026-04-12T10:53:08.515000+00:00,2109.781872,2205.078896,1.5934,2047.3689447614363,62.412927238563725,104.82752055767912,151.84627804159993,153.22134399999976,1.37506595839983,4.12517948863872,-0.6050608533664797,147.11603769959476,1.4034104490590071,3.528245473222052,3.528245473222052,0.8295055894768381,154.88486527777778,STOP,2205.52
oos,448,448,ROOT,BTCUSDT,LONG,1775433603000,1775958546330,2026-04-06T00:00:03+00:00,2026-04-12T01:49:06.330000+00:00,69011.69957999999,71380.721,0.0665,67547.90433554031,1463.795244459674,104.68522859188032,157.5399244300013,159.4071500000004,1.867225569999107,5.601657581141998,-0.12881820382549997,151.8094486450338,1.4501515704461916,3.2529825725439347,3.2529825725439347,0.8885802744086034,145.81759166666666,STOP,71395.0
oos,449,449,ROOT,ADAUSDT,LONG,1775448003000,1775516357068,2026-04-06T04:00:03+00:00,2026-04-06T22:59:17.068000+00:00,0.25695138,0.24714113915584263,10324.6633,0.24719057727129687,0.009760802728703138,105.02170008433373,-101.28743360783272,-100.24652051122726,1.0409130966054647,3.122751319399725,-0.5259383485019999,-104.93612327573445,-0.9991851511779892,0.31233291817639824,0.31233291817639824,1.0050649641047311,18.98724111111111,STOP,0.24719057727129687
oos,450,450,ROOT,SOLUSDT,SHORT,1775577603000,1775591112907,2026-04-07T16:00:03+00:00,2026-04-07T19:45:12.907000+00:00,78.80423599999999,81.56906597818242,35.8888,81.55275542709701,2.7485194270970226,103.16616715913051,-99.22643012099373,-98.07531297199948,1.1511171489942456,3.4533632160207555,0.0,-102.67979333701449,-0.9952855297864677,0.07430764286636604,0.07430764286636604,1.00593430445665,3.7527519444444444,STOP,81.55275542709701
oos,451,451,ROOT,XRPUSDT,LONG,1775606403000,1775696884636,2026-04-08T00:00:03+00:00,2026-04-09T01:08:04.636000+00:00,1.3783756200000001,1.3323148365313018,2211.908,1.3325813528018622,0.04579426719813795,106.17085006711164,-101.88221544068163,-100.68305988673885,1.1991555539427878,3.5974787437951434,-0.63384548455308,-106.11353966902986,-0.9994602059035456,0.24073712004825132,0.24073712004825132,1.0058198610190063,25.133787777777776,STOP,1.3325813528018622
oos,452,452,ROOT,SOLUSDT,LONG,1775606403000,1775696774337,2026-04-08T00:00:03+00:00,2026-04-09T01:06:14.337000+00:00,85.547106,81.93608089388663,28.4439,81.95247138816426,3.594634611835744,106.13869676096014,-102.7116370157782,-101.75886608219476,0.9527709335834373,2.8583250118146126,-0.5771466872402401,-106.14710871483305,-1.0000792543542518,0.09539050196395027,0.09539050196395027,1.004559710804448,25.103149166666668,STOP,81.95247138816426
oos,453,447,ADD,ETHUSDT,LONG,1775937603000,1775991188515,2026-04-11T20:00:03+00:00,2026-04-12T10:53:08.515000+00:00,2315.71305,2205.078896,0.3688,2175.25,140.46304999999984,53.16922879654394,-40.80187599519995,-40.468424000000006,0.33345199519994395,1.0003608418108798,-0.0404270383704,-41.842663875381234,-0.7869714273173933,0.0,0.0054601548236363935,0.7876388416740202,14.884865277777777,STOP,2205.52
oos,454,454,ROOT,SOLUSDT,LONG,1775937603000,1775957959998,2026-04-11T20:00:03+00:00,2026-04-12T01:39:19.998000+00:00,86.00719799999999,83.18337700816085,36.1156,83.20001701156316,2.8071809884368264,106.35294820213112,-101.98398941286571,-100.76190961718929,1.2220797956764216,3.6662514784588396,-0.3065853284,-105.95682621972456,-0.9962754019601441,0.047307957893360786,0.047307957893360786,1.0059276560616712,5.654721666666667,STOP,83.20001701156316
oos,455,455,ROOT,XRPUSDT,LONG,1775937603000,1775958183137,2026-04-11T20:00:03+00:00,2026-04-12T01:43:03.137000+00:00,1.37097414,1.3353758944789142,2833.3492,1.335643023083531,0.03533111691646895,106.32050942284728,-100.86226046857176,-99.328657500696,1.5336029678757654,4.600820823066482,-0.2838902564432,-105.74697154808145,-0.9946055763099778,0.034696327401659975,0.040357059850985734,1.0075607178014865,5.7167047222222225,STOP,1.335643023083531
oos,456,448,ADD,BTCUSDT,LONG,1775937603000,1775958546330,2026-04-11T20:00:03+00:00,2026-04-12T01:49:06.330000+00:00,73650.62718,71380.721,0.0222,71382.1,2268.52717999999,52.97737367343338,-50.3919171959998,-49.74797999999987,0.643937195999932,1.9318175577575998,0.1314223676784,-52.192312386079,-0.9851811965577286,0.0,0.0,1.0006078833933127,5.817591666666667,STOP,71395.0
oos,457,457,ROOT,ADAUSDT,SHORT,1775966403000,1776118570000,2026-04-12T04:00:03+00:00,2026-04-13T22:16:10+00:00,0.24355128,0.24394878,9321.496,0.25407635402277146,0.010525074022771447,101.74185505467175,-3.7052946599999537,-2.7964487999999506,0.9088458600000031,2.7265379155738554,-1.8280634596328238,-8.259896035206634,-0.08118483814520697,0.8029663242002194,0.8029663242002194,0.03776695528601384,42.26861111111111,STOP,0.2439
oos,458,458,ROOT,SOLUSDT,SHORT,1776009603000,1776112574000,2026-04-12T16:00:03+00:00,2026-04-13T20:36:14+00:00,81.52369200000001,84.246846,34.9478,84.31138241311437,2.787690413114362,101.98216491268226,-95.16824136119979,-94.00958199999992,1.1586593611998666,3.4759893647498403,0.37085194866792004,-98.2733787772817,-0.9636329927044004,0.10535316210809051,0.10535316210809051,0.9768495049483386,28.603055555555557,STOP,84.23
oos,459,459,ROOT,XRPUSDT,SHORT,1776009603000,1776118025714,2026-04-12T16:00:03+00:00,2026-04-13T22:07:05.714000+00:00,1.3227354,1.35537102,2790.1826,1.3571586724827474,0.03442327248274735,101.95229319239492,-91.05933906421194,-89.56486146000005,1.4944776042118946,4.483443560419375,0.09430912054208401,-95.44847350408924,-0.9362072251182003,0.12013384265173042,0.12013384265173042,0.9480684910580967,30.117420555555555,STOP,1.3551
oos,460,460,ROOT,BTCUSDT,LONG,1776110403000,1776347653160,2026-04-13T20:00:03+00:00,2026-04-16T13:54:13.160000+00:00,73286.75442,73434.3102,0.0512,71443.39147449764,1843.362945502362,100.38383373180734,7.5548559360004965,9.057279999999702,1.5024240639992055,4.5072711051264,1.3753461031424001,4.422930934016496,0.04406019146303095,1.4767821967139105,1.4767821967139105,0.18089460939506952,65.90282222222223,STOP,73449.0
oos,461,461,ROOT,ETHUSDT,LONG,1776124803000,1776347643825,2026-04-14T00:00:03+00:00,2026-04-16T13:54:03.825000+00:00,2369.27376,2306.3386400000004,1.0445,2276.8436510963934,92.43010890360665,100.50277905752914,-65.73573283999963,-64.759,0.9767328399996273,2.9302062910799993,-0.25633209000265,-68.92227122108227,-0.6857747802339897,0.5098581031549685,0.5098581031549685,0.7321614223193832,61.90022916666667,STOP,2306.8
oos,462,462,ROOT,SOLUSDT,LONG,1776124803000,1776198199268,2026-04-14T00:00:03+00:00,2026-04-14T20:23:19.268000+00:00,86.50729799999999,83.48914727425355,32.0011,83.50584844394234,3.0014495560576506,100.47901329880096,-96.58414318968433,-95.49613236055659,1.0880108291277395,3.264043946919549,-0.5497148958,-100.39790203240386,-0.9991927541509997,0.3773849864356183,0.3773849864356183,1.0055643679418433,20.38785222222222,STOP,83.50584844394234
oos,463,463,ROOT,XRPUSDT,LONG,1776124803000,1776579140000,2026-04-14T00:00:03+00:00,2026-04-19T06:12:20+00:00,1.37547504,1.4223154800000002,2514.0177,1.3377197515622534,0.03775528843774656,100.45021315544933,117.7576952357885,119.16443898000027,1.4067437442117665,4.220216932903322,-1.9111639786023742,111.6263143242828,1.111260104063076,3.541886859651324,3.541886859651324,0.7171191406640443,126.20472222222222,STOP,1.4226
oos,464,464,ROOT,SOLUSDT,LONG,1776355203000,1776537011111,2026-04-16T16:00:03+00:00,2026-04-18T18:30:11.111000+00:00,86.59731599999999,86.202756,32.091,83.62467328254388,2.972642717456111,99.84146859429366,-12.66182495999995,-11.552759999999981,1.1090649599999693,3.3271962663311996,0.04508714899800004,-15.94393407733315,-0.15969250354400746,1.3835110340873726,1.3835110340873726,0.34222612560401444,50.502253055555556,STOP,86.22
oos,465,465,ROOT,ADAUSDT,LONG,1776355203000,1776512236666,2026-04-16T16:00:03+00:00,2026-04-18T11:37:16.666000+00:00,0.25335066,0.25054988,9317.064,0.24304317233260306,0.010307487667396947,99.81229717820766,-26.095046509920024,-25.156072800000334,0.93897370991969,2.8169241484887366,-1.12723015901052,-30.03920081741928,-0.3009569127918823,1.411531157686489,1.411531157686489,0.27172285724473844,43.620462777777774,STOP,0.2506
oos,466,466,ROOT,BTCUSDT,LONG,1776427203000,1776579306229,2026-04-17T12:00:03+00:00,2026-04-19T06:15:06.229000+00:00,75557.20842000001,75298.9372,0.048,73579.64121366678,1977.5672063332313,100.7260195106511,-12.397018560000463,-10.94880000000028,1.4482185600001838,4.344656993856001,1.436005740672,-15.305669813184464,-0.1519534861750989,1.3869523984904784,1.3869523984904784,0.1306004767741327,42.25089694444444,STOP,75314.0
oos,467,463,ADD,XRPUSDT,LONG,1776441603000,1776579140000,2026-04-17T16:00:03+00:00,2026-04-19T06:12:20+00:00,1.48569708,1.4223154800000002,504.599,1.3859,0.0997970800000001,51.55699678831352,-31.982291978399907,-31.68881719999998,0.29347477839992564,0.8804281378580641,-0.09643244347931602,-32.959152559737284,-0.6392760364817869,0.14031392501664394,0.14031392501664394,0.6351047545679669,38.20472222222222,STOP,1.4226
oos,468,468,ROOT,ADAUSDT,SHORT,1776643203000,1776718992000,2026-04-20T00:00:03+00:00,2026-04-20T21:03:12+00:00,0.24225154,0.25095018,9501.9548,0.252283849424005,0.010032309424005015,99.00953177980631,-82.65408410147234,-81.71681128000023,0.9372728214721064,2.8118282704333533,0.22111409893882394,-85.24479827296686,-0.8609756731558763,0.015105195981832194,0.05497637450059909,0.8670625707761949,21.0525,STOP,0.2509
oos,469,469,ROOT,BTCUSDT,LONG,1776715203000,1777135086540,2026-04-20T20:00:03+00:00,2026-04-25T16:38:06.540000+00:00,76267.7505,77191.35864,0.0464,74269.40020850727,1998.350291492723,98.38557132238233,42.855417696000515,44.27952000000013,1.424102303999618,4.2723015984576,2.2724884998784,40.85560459742131,0.41526012451103,1.5894358028828959,1.5894358028828959,0.7455402120151394,116.63431666666666,STOP,77206.8
oos,470,470,ROOT,ETHUSDT,LONG,1776830403000,1776964636487,2026-04-22T04:00:03+00:00,2026-04-23T17:17:16.487000+00:00,2363.162538,2303.43922,1.1536,2281.3299509120748,81.83258708792528,98.76390335076948,-68.8968196447998,-67.82014399999996,1.076675644799849,3.23003507281728,-0.5497747816870402,-72.67662949930411,-0.7358622637785598,0.7312180163106344,0.7312180163106344,0.729823168560343,37.287079722222224,STOP,2303.9
oos,471,471,ROOT,SOLUSDT,LONG,1776830403000,1776964569090,2026-04-22T04:00:03+00:00,2026-04-23T17:16:09.090000+00:00,87.237444,85.112974,31.8104,84.27302773233875,2.9644162676612495,98.73936002259958,-67.58024048800007,-66.4837360000001,1.0965044879999652,3.2895214420483194,-0.73402751528888,-71.60378944533728,-0.7251798009319538,0.6923980354551744,0.6923980354551744,0.7166571116127644,37.26835833333333,STOP,85.13
oos,472,472,ROOT,XRPUSDT,LONG,1776844803000,1776915554934,2026-04-22T08:00:03+00:00,2026-04-23T03:39:14.934000+00:00,1.45399074,1.41054706091662,2183.0285,1.4108292267619724,0.04316151323802764,99.30137866039136,-94.83878958387261,-93.58811979565147,1.2506697882211455,3.752020595236984,0.02665159512944701,-98.56415858398015,-0.9925759331204002,0.19019861409231317,0.19019861409231317,1.006537440978873,19.653315,STOP,1.4108292267619724
oos,473,473,ROOT,XRPUSDT,LONG,1777046403000,1777135025000,2026-04-24T16:00:03+00:00,2026-04-25T16:37:05+00:00,1.44738942,1.42281538,2526.348,1.4112562444946746,0.036133175505325354,97.13555065782874,-62.08257680591963,-60.632352000000054,1.450224805919575,4.3506816936422394,-0.03462841203294001,-66.46788691159482,-0.6842797149082489,0.014130504525537433,0.08055145885450977,0.6800963285493161,24.61722222222222,STOP,1.4231
oos,474,474,ROOT,ETHUSDT,LONG,1777219203000,1777297632740,2026-04-26T16:00:03+00:00,2026-04-27T13:47:12.740000+00:00,2347.4694,2304.608986,1.8126,2298.0669675646145,49.402432435385435,96.35488588748363,-77.68878641639957,-76.0023179999997,1.6864684163998618,5.0594143694781595,0.61482873632652,-82.13337204955121,-0.852404849977828,1.1440853661188528,1.1440853661188528,0.867576997469869,21.78603888888889,STOP,2305.07
oos,475,475,ROOT,SOLUSDT,LONG,1777233603000,1777271474285,2026-04-26T20:00:03+00:00,2026-04-27T06:31:14.285000+00:00,86.85736800000001,85.46290400000001,48.3774,85.00010371929363,1.8572642807063744,96.57271082893767,-67.46054271359996,-65.79326399999998,1.667278713599984,5.001844035991681,0.053042219821439994,-72.40934452977021,-0.7497909493089739,0.658297266953837,0.658297266953837,0.7508161409692551,10.519801388888888,STOP,85.48
oos,476,476,ROOT,BTCUSDT,LONG,1777233603000,1777302257897,2026-04-26T20:00:03+00:00,2026-04-27T15:04:17.897000+00:00,78198.83664,77251.84654,0.0643,76823.80102996607,1375.0356100339268,96.4598860387047,-60.8914634299997,-58.89236999999962,1.9990934300000802,5.9972873570843985,0.4192285924470999,-66.46952219463701,-0.6890897856541733,0.9135496934286758,0.9135496934286758,0.688702236574535,19.07080472222222,STOP,77267.3
oos,477,477,ROOT,XRPUSDT,LONG,1777262403000,1777269856399,2026-04-27T04:00:03+00:00,2026-04-27T06:04:16.399000+00:00,1.4422884,1.414477107885441,3270.7165,1.4147600598974204,0.02752834010257965,97.58510253934072,-90.96285200540807,-89.0941215525187,1.8687304528893662,5.606202049963075,0.0,-96.56905405537114,-0.9895880779183486,0.0,0.0,1.0102785714984992,2.070388611111111,STOP,1.4147600598974204
oos,478,478,ROOT,ADAUSDT,SHORT,1777276803000,1777432693333,2026-04-27T08:00:03+00:00,2026-04-29T03:18:13.333000+00:00,0.24675064,0.24874974,11985.7011,0.25416933557911053,0.00741869557911054,93.65023483074827,-23.960615069010043,-22.772832090000154,1.1877829790098886,3.56335166976985,-0.32311473723488615,-27.84708147601478,-0.297351966349493,0.532524883636439,0.532524883636439,0.2694678570757158,43.30287027777778,STOP,0.2487
oos,479,479,ROOT,SOLUSDT,SHORT,1777276803000,1777456142909,2026-04-27T08:00:03+00:00,2026-04-29T09:49:02.909000+00:00,85.19295799999999,85.05700800000001,39.9186,87.41708161064001,2.224123610640021,94.22515454484481,5.426933669999194,6.786161999999501,1.359228330000307,4.0776841756605595,-0.6788838382455599,0.6703656560930745,0.00711450842751365,1.0264528415050826,1.0264528415050826,0.2774315227121977,49.81664138888889,STOP,85.04
oos,480,480,ROOT,BTCUSDT,SHORT,1777377603000,1777456144290,2026-04-28T12:00:03+00:00,2026-04-29T09:49:04.290000+00:00,76183.66021999999,77465.49,0.0529,77847.44966001202,1663.7894400120276,94.46264637765707,-67.80879536200078,-66.18319000000031,1.6256053620004707,4.8768240279828,0.14781083250960003,-72.53780855747398,-0.7678993902782625,0.3294047953544067,0.3294047953544067,0.7704278853883988,21.817025,STOP,77450.0
oos,481,481,ROOT,XRPUSDT,SHORT,1777377603000,1777456151733,2026-04-28T12:00:03+00:00,2026-04-29T09:49:11.733000+00:00,1.38042386,1.40168028,2914.1238,1.4106511665961539,0.030227306596153802,94.52247520097096,-61.943839424795506,-60.322362659999825,1.6214767647956805,4.864437533071519,-0.03540009401743077,-66.84367705188446,-0.7071723091229187,0.45071366040047967,0.45071366040047967,0.7032191218355046,21.8190925,STOP,1.4014
oos,482,482,ROOT,BTCUSDT,LONG,1777464003000,1777477087968,2026-04-29T12:00:03+00:00,2026-04-29T15:38:07.968000+00:00,77568.0105,75983.02956411082,0.0547,75998.22920995281,1569.7812900471909,92.65578884454135,-86.69845719313814,-85.01861221558111,1.6798449775570248,5.039545134904118,0.0,-91.73800232804226,-0.990094666205487,0.0,0.0,1.0096826519326982,3.6347133333333335,STOP,75998.22920995281
oos,483,483,ROOT,BTCUSDT,LONG,1777651203000,1778149684267,2026-05-01T16:00:03+00:00,2026-05-07T10:28:04.267000+00:00,78411.07908,80635.06976,0.0522,76775.03243713758,1636.0466428624204,91.95052808217994,116.09231349600014,117.75276000000017,1.6604465040000207,4.9813253816688,2.0544169468824003,113.16540506121375,1.2307205561676948,2.700180303093896,2.700180303093896,0.4238137604603165,138.46701861111111,STOP,80651.2
oos,484,484,ROOT,ETHUSDT,LONG,1777867203000,1777889223652,2026-05-04T04:00:03+00:00,2026-05-04T10:07:03.652000+00:00,2384.5468140000003,2327.226908445971,1.5284,2327.692446935358,56.85436706464225,92.72748078242736,-87.60774364877861,-86.16745210399905,1.440291544779555,4.320884974431852,-0.31217203061728,-92.24080065382773,-0.994751500585446,0.2521035188678348,0.2521035188678348,1.0081882626335088,6.116847777777778,STOP,2327.692446935358
oos,485,485,ROOT,XRPUSDT,LONG,1777867203000,1777890135941,2026-05-04T04:00:03+00:00,2026-05-04T10:22:15.941000+00:00,1.4127825,1.3857286053812528,3192.2593,1.3860058065425613,0.026776693457438716,92.6940976319615,-86.36304669791602,-84.57633546050802,1.7867112374079994,5.36014386138395,-0.43438315999323285,-92.1575737192932,-0.9942118869876856,0.28448247398835835,0.28448247398835835,1.0103523297881865,6.370261388888889,STOP,1.3860058065425613
oos,486,486,ROOT,ADAUSDT,LONG,1777867203000,1777889239137,2026-05-04T04:00:03+00:00,2026-05-04T10:07:19.137000+00:00,0.25365072,0.2475806650091496,14416.6534,0.24763019104735906,0.006020528952640936,92.6467504187301,-87.50987892203028,-86.06466653444132,1.4452123875889669,4.335647490527319,-0.362722999544,-92.20824941210161,-0.9952669575063711,0.22411319846043423,0.22411319846043423,1.008226193844269,6.121149166666667,STOP,0.24763019104735906
oos,487,487,ROOT,ADAUSDT,LONG,1777982403000,1778174776363,2026-05-05T12:00:03+00:00,2026-05-07T17:26:16.363000+00:00,0.2585517,0.25974803999999996,11953.0995,0.2513579726255894,0.007193727374410597,90.93212979579425,14.299971055829552,15.539029349999616,1.2390582941700643,3.717173017826478,-2.20869372561,8.374104312393072,0.09209180881607798,2.1057650938907244,2.1057650938907244,0.4103157996367416,53.43704527777778,STOP,0.2598
oos,488,488,ROOT,SOLUSDT,LONG,1778011203000,1778604677142,2026-05-05T20:00:03+00:00,2026-05-12T16:51:17.142000+00:00,86.47729199999999,93.54128800000001,41.6197,84.42613272528841,2.05115927471158,91.1272879854774,294.00139432120073,295.4998700000004,1.4984756787996503,4.495391576415599,-3.45523014448122,286.0507726003039,3.1390243133965616,5.793166891767035,5.793166891767035,0.20344202673323158,164.85392833333333,STOP,93.56
oos,489,489,ROOT,XRPUSDT,LONG,1778054403000,1778161271428,2026-05-06T08:00:03+00:00,2026-05-07T13:41:11.428000+00:00,1.4306860799999999,1.4019195599999998,2757.0481,1.3996286862146214,0.031057393785378418,91.93788106862608,-79.31067930961204,-77.74875642,1.5619228896120347,4.68577799868677,0.20310429776827427,-83.79335301053054,-0.911412706455393,0.8408277970926996,0.8408277970926996,0.9262374106079395,29.685674444444444,STOP,1.4022
oos,490,483,ADD,BTCUSDT,LONG,1778068803000,1778149684267,2026-05-06T12:00:03+00:00,2026-05-07T10:28:04.267000+00:00,82501.79706,80635.06976,0.0161,79715.9,2785.897060000003,46.97818895826565,-30.054309529999976,-29.529010000000092,0.5252995299998844,1.5759021334811998,0.18603902886239998,-31.444172634618777,-0.6693355646926505,0.0024778158888612836,0.0024778158888612836,0.670063272187091,22.46701861111111,STOP,80651.2
oos,491,491,ROOT,ETHUSDT,SHORT,1778169603000,1778346305876,2026-05-07T16:00:03+00:00,2026-05-09T17:05:05.876000+00:00,2293.011306,2324.9749020000004,1.2204,2363.6678587753645,70.65655277536462,90.7066826036028,-39.008372558400616,-37.88121600000051,1.1271565584001095,3.3814742209459197,0.3436549030385999,-42.04619187630794,-0.4635401788427647,0.4186633063467819,0.4186633063467819,0.45237978282949937,49.08413222222222,STOP,2324.51
oos,492,488,ADD,SOLUSDT,LONG,1778270403000,1778604677142,2026-05-08T20:00:03+00:00,2026-05-12T16:51:17.142000+00:00,92.58851399999999,93.54128800000001,8.8506,87.56,5.028513999999987,45.81650825161332,8.43262156440017,8.762094000000081,0.3294724355999108,0.9884162553487199,-0.30158592086700003,7.142619388184451,0.155896196824055,1.1477518010290964,1.1477518010290964,0.17470648386382098,92.85392833333333,STOP,93.56
oos,493,493,ROOT,ADAUSDT,LONG,1778270403000,1778581995000,2026-05-08T20:00:03+00:00,2026-05-12T10:33:15+00:00,0.27175434,0.27384522,9302.4202,0.26233957904276833,0.00941476095723165,91.6248194056889,19.45024434777616,20.46532443999981,1.015080092223652,3.045237820833067,-1.3725422862532592,15.032464240689835,0.16406541740759473,1.789281754101317,1.789281754101317,0.37752843817769327,86.55333333333333,STOP,0.2739
oos,494,494,ROOT,XRPUSDT,LONG,1778299203000,1778594120000,2026-05-09T04:00:03+00:00,2026-05-12T13:55:20+00:00,1.42848564,1.4353128800000001,2500.1506,1.3938510796997485,0.03463456030025136,92.30590348330944,17.069128182344585,18.501114440000183,1.4319862576555984,4.295956552834267,-1.6594976746182009,11.113673954892118,0.12040046774366571,2.290035135783852,2.290035135783852,0.5279593516267993,81.92138888888888,STOP,1.4356
oos,495,495,ROOT,BTCUSDT,LONG,1778356803000,1778599455638,2026-05-09T20:00:03+00:00,2026-05-12T15:24:15.638000+00:00,80913.27942,80209.05498,0.0575,79449.53510380385,1463.7443161961564,91.60931988791899,-40.49290530000032,-38.64,1.852905300000316,5.5587205368,-1.2707483511875002,-47.32237418798782,-0.5165672471522024,1.0570292658903488,1.0570292658903488,0.48111164785259686,67.40351055555556,STOP,80225.1
oos,496,496,ROOT,ETHUSDT,SHORT,1778587203000,1779290119989,2026-05-12T12:00:03+00:00,2026-05-20T15:15:19.989000+00:00,2285.4528179999998,2147.4193979999995,1.6023,2339.6671531363577,54.21433513635793,92.72679886943655,221.17094886600034,222.59151600000013,1.420567133999782,4.261674691018079,3.45047633684313,220.3597505118254,2.3764408261532,3.895516148428548,3.895516148428548,0.6866667626997108,195.25471916666666,STOP,2146.99
oos,497,497,ROOT,BTCUSDT,SHORT,1778688003000,1778769979349,2026-05-13T16:00:03+00:00,2026-05-14T14:46:19.349000+00:00,78778.94106,80452.15814757935,0.0517,80436.07093339268,1657.1298733926815,92.19020845888484,-86.50532342785253,-84.85887725640166,1.6464461714508758,4.939348697419111,0.2816645208432,-91.16300760442844,-0.9888578096131054,0.03930956833614352,0.03930956833614352,1.0097078777258028,22.771208055555554,STOP,80436.07093339268
oos,498,498,ROOT,ADAUSDT,SHORT,1778688003000,1778778360252,2026-05-13T16:00:03+00:00,2026-05-14T17:06:00.252000+00:00,0.26184762,0.27275832893809304,8148.6459,0.27270378818045693,0.010856168180456927,91.87699598961122,-88.9075036544852,-88.03624426114865,0.871259393336544,2.613788744358,0.25575537218970784,-91.26553702665349,-0.9933448089331647,0.0,0.013597799660635118,1.0050239418484963,25.099236666666666,STOP,0.27270378818045693
oos,499,499,ROOT,XRPUSDT,LONG,1778774403000,1778853618936,2026-05-14T16:00:03+00:00,2026-05-15T14:00:18.936000+00:00,1.4723944199999999,1.4271430601295425,1909.3636,1.4274285458387101,0.04496587416128972,90.3543414623729,-86.40129938715201,-85.2940485346353,1.1072508525167137,3.3217627928370423,-0.15906839223574035,-89.8821305722248,-0.9947737885916113,1.6991903621385887,1.6991903621385887,1.0063489416027724,22.004426666666667,STOP,1.4274285458387101
oos,500,500,ROOT,BTCUSDT,LONG,1778788803000,1778852281274,2026-05-14T20:00:03+00:00,2026-05-15T13:38:01.274000+00:00,81390.07476,79525.99928865553,0.0458,79541.90767018957,1848.1670898104348,90.61031739173072,-85.37465658757704,-83.90066870531791,1.4739878822591237,4.421973714857053,0.2273914549482,-89.56923884748589,-0.9885103752617488,0.12646326259600954,0.12646326259600954,1.0086076532916044,17.63285388888889,STOP,79541.90767018957
oos,501,501,ROOT,SOLUSDT,SHORT,1778918403000,1779288784117,2026-05-16T08:00:03+00:00,2026-05-20T14:53:04.117000+00:00,87.392518,85.957188,28.1478,90.45379444513426,3.0612764451342684,90.104048511407,40.401381773999816,41.37726599999997,0.9758842260001543,2.92764771272808,-1.4446500901087802,36.029083971162954,0.39986087824457456,1.3335999127059996,1.3335999127059996,0.06124308057770973,102.88364361111111,STOP,85.94
oos,502,502,ROOT,XRPUSDT,SHORT,1778918403000,1779570019574,2026-05-16T08:00:03+00:00,2026-05-23T21:00:19.574000+00:00,1.41551684,1.3757750999999998,1690.0236,1.4665520962901548,0.05103525629015482,90.07839854768596,67.16447850506432,68.10795108,0.9434725749356829,2.83040955185387,-1.0275968492527752,63.306472103957674,0.7027930461090992,2.359483399385409,2.359483399385409,0.25243647110840856,181.00460388888888,STOP,1.3755
oos,503,503,ROOT,ADAUSDT,SHORT,1778918403000,1779336020000,2026-05-16T08:00:03+00:00,2026-05-21T04:00:20+00:00,0.25514896,0.25235046,8283.1008,0.26561265035928044,0.010463690359280464,90.05328127342058,23.180257588799847,24.020992319999653,0.8407347311998059,2.5222013110809214,0.182759537100816,20.84081581481974,0.23142761174401486,0.9699216673588454,0.9699216673588454,0.28202669408911524,116.00472222222223,STOP,0.2523
oos,504,496,ADD,ETHUSDT,SHORT,1779062403000,1779290119989,2026-05-18T00:00:03+00:00,2026-05-20T15:15:19.989000+00:00,2129.454024,2147.4193979999995,0.6401,2197.63,68.17597599999999,45.82034387081983,-11.499635897399635,-10.95211099999979,0.5475248973998443,1.64257600645332,0.45723965736713,-12.684972246485824,-0.2768414894975091,0.809581721279647,0.809581721279647,0.39700166522001634,63.25471916666667,STOP,2146.99
oos,505,505,ROOT,ADAUSDT,SHORT,1779364803000,1779384552000,2026-05-21T12:00:03+00:00,2026-05-21T17:29:12+00:00,0.24635072000000002,0.25265052,11193.2382,0.25414422243606566,0.007793502436065636,91.64646884268534,-70.51516201235962,-69.39807683999982,1.1170851723598076,3.3512638448492207,-0.18881698905064082,-74.05524284625947,-0.8080534229134144,0.032170388353221564,0.032170388353221564,0.8083400309014686,5.485833333333333,STOP,0.2526
oos,506,506,ROOT,ETHUSDT,SHORT,1779480003000,1779568699347,2026-05-22T20:00:03+00:00,2026-05-23T20:38:19.347000+00:00,2064.18708,2123.9371379037984,1.4594,2123.512435416715,59.325355416714956,91.39938309443701,-87.19923450480321,-85.97680824715417,1.2224262576490474,3.6672890901652813,0.49567708522832,-90.37084650974018,-0.9887467885463284,0.9639568039382981,0.9639568039382981,1.0071588696620546,24.637874166666666,STOP,2123.512435416715
oos,507,507,ROOT,BTCUSDT,SHORT,1779480003000,1779570010752,2026-05-22T20:00:03+00:00,2026-05-23T21:00:10.752000+00:00,75811.93458,77359.19428201421,0.0552,77343.72553690683,1531.7909569068288,91.25057088336256,-85.40873555118455,-83.71772963725668,1.6910059139278673,5.0730277879099095,0.42657243717359994,-90.05519090192085,-0.9869000273656408,1.0499700189167667,1.0499700189167667,1.0100984700540474,25.002153333333332,STOP,77343.72553690683
oos,508,508,ROOT,SOLUSDT,SHORT,1779480003000,1779570010342,2026-05-22T20:00:03+00:00,2026-05-23T21:00:10.342000+00:00,84.493098,87.30049420323418,31.2225,87.28303759571504,2.7899395957150404,91.32982623090085,-87.65392795547909,-86.58116633221279,1.0727616232663024,3.2182952595392877,-0.9993397564439999,-91.87156297146238,-1.00593165193583,1.1229985067820132,1.1229985067820132,1.006256984038632,25.002039444444446,STOP,87.28303759571504
oos,509,502,ADD,XRPUSDT,SHORT,1779523203000,1779570019574,2026-05-23T08:00:03+00:00,2026-05-23T21:00:19.574000+00:00,1.31103774,1.3757750999999998,605.7105,1.3858,0.07476225999999997,46.55486080575282,-39.212098694279916,-38.886614100000024,0.3254845942798923,0.976458449233692,0.0029027409777555,-40.18565440253585,-0.8631892289444905,0.0660458899985088,0.0660458899985088,0.8659096180345522,13.004603888888889,STOP,1.3755
oos,510,510,ROOT,BTCUSDT,SHORT,1779825603000,1780819334094,2026-05-26T20:00:03+00:00,2026-06-07T08:02:14.094000+00:00,76013.19432,62392.475999999995,0.0496,77676.23909179527,1663.0447717952775,88.51942778228096,675.5876286719999,676.9606399999997,1.373011327999734,4.118952748723198,6.2458155487184,677.7144914719951,7.656110172095509,10.182043566824964,10.182043566824964,0.08695236740012972,276.036415,STOP,62380.0
oos,511,511,ROOT,ETHUSDT,SHORT,1779825603000,1780821906850,2026-05-26T20:00:03+00:00,2026-06-07T08:45:06.850000+00:00,2073.23527,1623.27459,1.3311,2136.430996447594,63.1957264475941,88.5353250230277,598.9426611480002,599.92677,0.9841088519998493,2.9522545647876,3.5363828965039206,599.5267894797165,6.771611097872876,9.013825807863414,9.013825807863414,0.36987833377283524,276.75106944444445,STOP,1622.95
oos,512,512,ROOT,XRPUSDT,SHORT,1779825603000,1780100292380,2026-05-26T20:00:03+00:00,2026-05-30T00:18:12.380000+00:00,1.33143366,1.3381675800000001,2403.0389,1.3661368759123789,0.03470321591237879,88.51235679694423,-16.181871709488146,-14.89884117999996,1.283030529488185,3.8490933763249418,-0.1466893379749694,-20.177654423788056,-0.22796426571351516,1.8624688894306487,1.8624688894306487,0.32752987586794496,76.30260555555556,STOP,1.3379
oos,513,513,ROOT,SOLUSDT,SHORT,1779825603000,1780193707272,2026-05-26T20:00:03+00:00,2026-05-31T02:15:07.272000+00:00,83.723252,83.246646,30.7497,86.46667399604895,2.7434219960489514,88.47854716314548,14.655491518200119,15.682346999999721,1.0268554817996023,3.0805645635183594,-0.35397768380049,11.220949270881269,0.1268211293093565,1.389961881727205,1.389961881727205,0.3997737138433374,102.25118666666667,STOP,83.23
oos,514,514,ROOT,SOLUSDT,SHORT,1780257603000,1780823715000,2026-05-31T20:00:03+00:00,2026-06-07T09:15:15+00:00,81.53368999999999,66.053208,39.1549,83.70619283727862,2.1725028372786284,90.17204090909055,606.1367246617998,607.2924989999996,1.1557743381997625,3.4672501395001194,-4.33770557187684,598.3317689504228,6.63544667413758,9.898118258357007,9.898118258357007,0.7117643178487079,157.25333333333333,STOP,66.04
oos,515,515,ROOT,XRPUSDT,SHORT,1780257603000,1780820650000,2026-05-31T20:00:03+00:00,2026-06-07T08:24:10+00:00,1.32543486,1.1366272800000001,2404.4718,1.3608021178951335,0.0353672578951334,90.13872744194671,453.9825017362439,455.16651174000003,1.184010003756157,3.5519753912865912,-2.2232422111733543,448.20728413378396,4.972416372556946,7.816123625406598,7.816123625406598,0.4683750164945463,156.40194444444444,STOP,1.1364
oos,516,510,ADD,BTCUSDT,SHORT,1780315203000,1780819334094,2026-06-01T12:00:03+00:00,2026-06-07T08:02:14.094000+00:00,72438.20946,62392.475999999995,0.0236,74250.0,1811.7905400000018,45.49352353320964,237.07930965600008,237.71571999999992,0.6364103439998416,1.9092025061135998,0.9319269327072002,236.1020340825937,5.189794409093032,7.3729325576454245,7.3729325576454245,0.0,140.036415,STOP,62380.0
oos,517,511,ADD,ETHUSDT,SHORT,1780416003000,1780821906850,2026-06-02T16:00:03+00:00,2026-06-07T08:45:06.850000+00:00,1913.7271779999999,1623.27459,0.4428,2020.9,107.17282200000022,48.811963012669544,128.61240596639996,128.92564799999994,0.3132420335999768,0.9397106297222401,0.027501290401320044,127.70019662707904,2.616165971320051,3.8267834171614807,3.8267834171614807,0.28853231092487386,112.75106944444444,STOP,1622.95
oos,518,514,ADD,SOLUSDT,SHORT,1780516803000,1780823715000,2026-06-03T20:00:03+00:00,2026-06-07T09:15:15+00:00,71.925612,66.053208,5.5414,80.99,9.064387999999994,50.86710940133885,32.541339525600016,32.69425999999996,0.1529204743999415,0.45875749988879994,-0.5582510715644801,31.524330954146738,0.6197389890080327,1.312345852803301,1.312345852803301,0.13397352363998544,85.25333333333333,STOP,66.04
oos,519,515,ADD,XRPUSDT,SHORT,1780632003000,1780820650000,2026-06-05T04:00:03+00:00,2026-06-07T08:24:10+00:00,1.13357324,1.1366272800000001,507.3418,1.2373,0.10372676000000003,53.5450956673895,-1.5494421508720462,-1.31908868000008,0.23035347087196612,0.6910605709066415,-0.29309716946031894,-2.5335998912390068,-0.0473171232520935,0.8153463966289902,0.8153463966289902,0.1439046201770887,52.401944444444446,STOP,1.1364
oos,520,520,ROOT,BTCUSDT,SHORT,1781020803000,1781158871697,2026-06-09T16:00:03+00:00,2026-06-11T06:21:11.697000+00:00,61088.37988,62934.5844,0.0427,63540.523780993695,2452.143900993695,108.88010268583238,-78.83293300399997,-77.77378000000006,1.05915300399991,3.1774683448536,-0.03283767459840003,-82.04323902345196,-0.753519118733597,0.16168703632740777,0.16168703632740777,0.7528940366231576,38.35241583333333,STOP,62922.0
oos,521,521,ROOT,XRPUSDT,SHORT,1781092803000,1781200151632,2026-06-10T12:00:03+00:00,2026-06-11T17:49:11.632000+00:00,1.10357924,1.1407281,1922.7012,1.1584480572108558,0.05486881721085579,108.89130570036203,-71.42615770063212,-70.56313404000034,0.8630236606317823,2.5890794494720843,-0.2869644077011824,-74.30220155780538,-0.6823520122190834,0.2966938386413619,0.2966938386413619,0.6770486751562446,29.819064444444443,STOP,1.1405
oos,522,522,ROOT,ADAUSDT,SHORT,1781092803000,1781199135555,2026-06-10T12:00:03+00:00,2026-06-11T17:32:15.555000+00:00,0.15936812,0.1680336,9114.0107,0.17105836914225275,0.011690249142252751,108.86902816962763,-78.97727744063603,-78.38049202000023,0.596785420635797,1.7903656675670425,0.32239628029859,-80.44524682790448,-0.7389176534446843,0.1084767300139542,0.1084767300139542,0.7412570848195059,29.536820833333334,STOP,0.168
oos,523,523,ROOT,SOLUSDT,SHORT,1781092803000,1781178664000,2026-06-10T12:00:03+00:00,2026-06-11T11:51:04+00:00,63.457306,65.753148,29.9726,66.98754880327492,3.5302428032749162,108.85372416514271,-68.8123539291998,-68.03780199999989,0.7745519291999159,2.32366395213624,-0.20695921445219995,-71.34297709578824,-0.6554022624669537,0.33065884276206825,0.33065884276206825,0.6503354380809726,23.850277777777777,STOP,65.74
oos,524,524,ROOT,XRPUSDT,LONG,1781481603000,1781682860000,2026-06-15T00:00:03+00:00,2026-06-17T07:54:20+00:00,1.18543704,1.20435908,2604.5011,1.1464134068764205,0.03902363312357959,106.57705071581667,49.28247399424364,50.52732133999964,1.2448473457559999,3.7345359739894386,0.14398524636905852,45.691923266623256,0.4287219711911422,2.7563543266043613,2.7563543266043613,0.21107824517299723,55.90472222222222,STOP,1.2046
oos,525,525,ROOT,SOLUSDT,LONG,1781481603000,1781686100000,2026-06-15T00:00:03+00:00,2026-06-17T08:48:20+00:00,71.25424799999999,72.275542,37.472,68.52494704468526,2.729300955314727,106.54442808724306,38.26992876800044,39.34560000000043,1.0756712319999906,3.2270089745279997,0.4501324824384,35.49305227591084,0.3331291266291996,1.7607995888624313,1.7607995888624313,0.2323847792472001,56.804722222222225,STOP,72.29
oos,526,526,ROOT,BTCUSDT,LONG,1781481603000,1781682787704,2026-06-15T00:00:03+00:00,2026-06-17T07:53:07.704000+00:00,65715.24042,65315.734240000005,0.0643,64165.85008984441,1549.390330155591,106.38658216341409,-25.688247373999786,-24.003190000000185,1.6850573739996015,5.0551750023828,0.20922288157969998,-30.534199494802888,-0.28701175349257035,0.9940423339581113,0.9940423339581113,0.2587730232960317,55.88464,STOP,65328.8
oos,527,527,ROOT,ETHUSDT,LONG,1781524803000,1781698808480,2026-06-15T12:00:03+00:00,2026-06-17T12:20:08.480000+00:00,1764.132756,1757.0085279999998,1.9378,1711.2328731875696,52.899882812430405,107.97905124125052,-13.805329018400252,-12.44067600000014,1.3646530184001122,4.093960548081119,-0.5730807369380999,-18.47237030341947,-0.17107364892610386,1.6001404823548986,1.6001404823548986,0.1346737955027394,48.334855555555556,STOP,1757.36
oos,528,528,ROOT,ADAUSDT,SHORT,1781726403000,1782734834285,2026-06-17T20:00:03+00:00,2026-06-29T12:07:14.285000+00:00,0.16536692,0.1465293,10049.4264,0.17573163522089194,0.01036471522089194,106.8183910757688,189.307275741168,189.93415896000002,0.6268832188320062,1.8806268643969246,-4.854811055105013,182.57183782166607,1.7091798142902523,2.630744735276338,2.630744735276338,0.3215795059454763,280.1198013888889,STOP,0.1465
oos,529,529,ROOT,XRPUSDT,SHORT,1781856003000,1781968756250,2026-06-19T08:00:03+00:00,2026-06-20T15:19:16.250000+00:00,1.12457504,1.15463088,2252.797,1.1703827756350078,0.04580773563500773,107.24903225755752,-67.70970618447987,-66.68279120000015,1.026914984479717,3.0807529553749435,-0.39167876120044604,-71.18213790105527,-0.6637089062968144,0.13480343252943633,0.13480343252943633,0.6561302274245208,31.32034722222222,STOP,1.1544
oos,530,530,ROOT,SOLUSDT,LONG,1782000003000,1782164357931,2026-06-21T00:00:03+00:00,2026-06-22T21:39:17.931000+00:00,73.204638,72.24554800000001,32.7936,70.07632473252258,3.1283132674774237,106.42968375509452,-31.452013823999643,-30.498047999999756,0.9539658239998872,2.86190113176576,0.001111886684159985,-34.31280306908125,-0.3223988069722962,0.5643175248313703,0.5643175248313703,0.3065837459345528,45.6541475,STOP,72.26
oos,531,531,ROOT,XRPUSDT,SHORT,1782086403000,1782132782857,2026-06-22T00:00:03+00:00,2026-06-22T12:53:02.857000+00:00,1.1240751400000002,1.155231,3067.3654,1.157064060013044,0.032988920013043765,106.70579053767584,-95.5664069712431,-94.16811777999985,1.3982891912432507,4.194878873906133,0.0254200913931888,-99.73586575375604,-0.9346809132962767,0.0,0.0,0.9444340702175374,12.88329361111111,STOP,1.155
oos,532,532,ROOT,ETHUSDT,LONG,1782129603000,1782192125435,2026-06-22T12:00:03+00:00,2026-06-23T05:22:05.435000+00:00,1767.30339,1713.4498134102544,1.8846,1713.7925719246393,53.5108180753607,106.17554369489518,-101.49245044103469,-100.1804889508248,1.311961490209896,3.9358964922881787,-0.10308347727228001,-105.53143041059515,-0.9939335061363006,0.21858402507558974,0.21858402507558974,1.0064054059854262,17.367343055555555,STOP,1713.7925719246393
oos,533,533,ROOT,ETHUSDT,SHORT,1782201603000,1782569589606,2026-06-23T08:00:03+00:00,2026-06-27T14:13:09.606000+00:00,1681.633606,1595.2089780000001,1.8042,1737.289020864522,55.655414864521845,105.26790486168264,155.92731383759997,157.10973599999988,1.1824221623999165,3.5472476340316796,-0.050123501377199994,152.3299427021911,1.4470691983691124,3.0682298643479404,3.0682298643479404,0.18626029516146994,102.21850166666667,STOP,1594.89
oos,534,534,ROOT,XRPUSDT,SHORT,1782201603000,1782569228235,2026-06-23T08:00:03+00:00,2026-06-27T14:07:08.235000+00:00,1.1119775600000001,1.06651326,2898.7805,1.1465026707680757,0.03452511076807552,105.23812404262226,131.79102628615036,133.05402495000016,1.2629986638497996,3.7889800250670063,-2.7254824415794743,125.27656381950386,1.1904104616000746,3.0087538515894656,3.0087538515894656,0.08464679576646471,102.11812083333334,STOP,1.0663
oos,535,535,ROOT,BTCUSDT,SHORT,1782201603000,1782573005327,2026-06-23T08:00:03+00:00,2026-06-27T15:10:05.327000+00:00,62836.73014000001,60746.1468,0.0625,64418.71590351451,1581.9857635145017,105.15778323365636,130.6614587500003,132.20625000000018,1.5447912499998893,4.63435788525,1.0858597199375,127.1129605846878,1.2087831891838945,3.0384155476352013,3.0384155476352013,0.23569735493171118,103.16731305555555,STOP,60734.0
oos,536,528,ADD,ADAUSDT,SHORT,1782316803000,1782734834285,2026-06-24T16:00:03+00:00,2026-06-29T12:07:14.285000+00:00,0.14377124000000002,0.1465293,3304.227,0.16,0.01622875999999998,54.3835914693703,-9.11325631961993,-8.921412899999934,0.19184341961999607,0.575531329429548,-0.394368503077029,-10.083156152126508,-0.18540805930048773,0.3494561506855748,0.3494561506855748,0.4269432784759887,116.11980138888889,STOP,0.1465
oos,537,537,ROOT,BTCUSDT,SHORT,1782676803000,1782734826725,2026-06-28T20:00:03+00:00,2026-06-29T12:07:06.725000+00:00,59439.40974,60555.40866,0.0606,61145.23472050153,1705.8249805015294,109.13623898678308,-67.6295345519999,-66.1752,1.4543345519998923,4.363011597024,0.38296293260400005,-71.60958321641989,-0.6561485339905487,0.34552767531092815,0.34552767531092815,0.6542282665317068,16.11770138888889,STOP,60543.3
oos,538,538,ROOT,SOLUSDT,LONG,1782748803000,1783215189565,2026-06-29T16:00:03+00:00,2026-07-05T01:33:09.565000+00:00,73.894776,80.613874,28.0217,70.14887270153562,3.74590329846437,108.27963005000176,188.28054842660006,189.14647499999998,0.8659265733999177,2.5977570226229996,-1.7560854050569197,183.92670599892014,1.6986270262835752,2.686995151243288,2.686995151243288,0.5458699376564935,129.5518236111111,STOP,80.63
oos,539,539,ROOT,BTCUSDT,SHORT,1782835203000,1782915492219,2026-06-30T16:00:03+00:00,2026-07-01T14:18:12.219000+00:00,58344.52876,60066.336541556935,0.0599,60054.32567642165,1709.7969164216483,108.00857493001514,-103.13628611526035,-101.71772801765698,1.4185580976033663,4.255686498937956,0.259402009154,-107.13257060504431,-0.9918894927968595,0.34268909621516025,0.34268909621516025,1.0070247320134502,22.302560833333335,STOP,60054.32567642165
oos,540,540,ROOT,ADAUSDT,LONG,1782921603000,1783330340000,2026-07-01T16:00:03+00:00,2026-07-06T09:32:20+00:00,0.15523104000000001,0.18276344,13656.4981,0.14755749334223217,0.0076735466577678435,108.18563519658156,375.99616828843983,376.91934755999984,0.9231792715600022,2.769492584358293,-3.3645514368970004,369.8621242671845,3.418772959969379,5.821162233343835,5.821162233343835,0.35590322464976704,113.53805555555556,STOP,0.1828
oos,541,541,ROOT,ETHUSDT,LONG,1782993603000,1783339389510,2026-07-02T12:00:03+00:00,2026-07-06T12:03:09.510000+00:00,1649.749884,1746.920546,1.6212,1584.7623952113436,64.98748878865649,109.63703604327519,157.5330772344,158.63441999999986,1.1013427655998669,3.3040092606696,-2.4025190559442797,151.8265489177861,1.3848107756019432,2.4350858749849458,2.4350858749849458,0.044006685799177325,96.05180833333333,STOP,1747.27
oos,542,542,ROOT,XRPUSDT,LONG,1783008003000,1783339397741,2026-07-02T16:00:03+00:00,2026-07-06T12:03:17.741000+00:00,1.09351866,1.1238751800000002,2607.2668,1.0530864989399207,0.0404321610600793,109.97918302003514,79.14754675953657,80.30381744000042,1.156270680463848,3.468802404933907,-0.5550880742305164,75.12365628037215,0.6830715978921821,2.232909091004272,2.232909091004272,0.3788731445058674,92.05409472222222,STOP,1.1241
oos,543,540,ADD,ADAUSDT,LONG,1783180803000,1783330340000,2026-07-04T16:00:03+00:00,2026-07-06T09:32:20+00:00,0.19093817999999999,0.18276344,1886.3172,0.1605,0.03043817999999998,57.99233442760907,-15.420152667527972,-15.279169319999992,0.14098334752798003,0.42295187608431833,-0.17874741787200002,-16.02185196148429,-0.2762753408639571,0.2944269335420191,0.2944269335420191,0.2685686200686109,41.53805555555556,STOP,0.1828
oos,544,541,ADD,ETHUSDT,LONG,1783180803000,1783339389510,2026-07-04T16:00:03+00:00,2026-07-06T12:03:09.510000+00:00,1790.798088,1746.920546,0.58,1693.68,97.11808799999994,57.990351665663965,-25.44897435999997,-25.03860000000004,0.41037435999992766,1.2311260846319998,-0.32712791427399995,-27.00722835890597,-0.46571934094507184,0.17712366825014103,0.17712366825014103,0.4517957767043352,44.051808333333334,STOP,1747.27
oos,545,545,ROOT,BTCUSDT,LONG,1783296003000,1783339203740,2026-07-06T00:00:03+00:00,2026-07-06T12:00:03.740000+00:00,63629.92344,62397.61798,0.0765,62228.882021442194,1401.0414185578047,114.96797114872807,-94.27136768999969,-92.34314999999988,1.928217689999812,5.784664151177999,-0.2952553761,-100.35128721727769,-0.8728629914453171,0.19276843383974404,0.19276843383974404,0.8795639041624471,12.000205555555555,STOP,62410.1
oos,546,546,ROOT,BTCUSDT,LONG,1783382403000,1783498633357,2026-07-07T00:00:03+00:00,2026-07-08T08:17:13.357000+00:00,64036.3047,62422.41302,0.0643,62393.96359786172,1642.341102138278,112.19058789502726,-103.77323502400003,-102.1469799999999,1.6262550240001303,4.878777329637599,-0.7419413840036,-109.39395373764123,-0.9750724707851361,0.15940373145331896,0.15940373145331896,0.9826775192429653,32.286210277777776,STOP,62434.9
oos,547,547,ROOT,XRPUSDT,SHORT,1783526403000,1783648088288,2026-07-08T16:00:03+00:00,2026-07-10T01:48:08.288000+00:00,1.07288538,1.10252046,2716.3475,1.112192933159202,0.03930755315920198,111.43590098671469,-80.49917547030009,-79.31734700000031,1.1818284702997772,3.5454949289816393,0.24739576534353494,-83.79727463393819,-0.7519773600065247,0.004716141939672348,0.004716141939672348,0.7539283831779898,33.80146888888889,STOP,1.1023
oos,548,548,ROOT,ETHUSDT,LONG,1783656003000,1783913643476,2026-07-10T04:00:03+00:00,2026-07-13T03:34:03.476000+00:00,1775.7550800000001,1777.904348,1.85,1718.7030363028045,57.052043697195586,110.80251587661184,3.9761457999998018,5.290999999999815,1.314854200000013,3.9445619650799997,-0.9465940411950001,-0.915010206275198,-0.00825802734744887,1.2662985463490257,1.2662985463490257,0.1410130028417467,71.56679888888888,STOP,1778.26
oos,549,549,ROOT,BTCUSDT,LONG,1783656003000,1783837751275,2026-07-10T04:00:03+00:00,2026-07-12T06:29:11.275000+00:00,63930.08346,63607.176020000006,0.0618,62241.810700458685,1688.2727595413162,110.65666319217814,-19.955679791999717,-18.37932000000009,1.5763597919996286,4.7290815815184,-1.4443308054576,-26.129092178975718,-0.23612759887397972,0.4441915773158253,0.4441915773158253,0.19126497076676494,50.48563194444444,STOP,63619.9
oos,550,550,ROOT,SOLUSDT,SHORT,1783814403000,1784090825000,2026-07-12T00:00:03+00:00,2026-07-15T04:47:05+00:00,76.71465400000001,78.01559999999999,45.0751,79.05024050409479,2.3355865040947776,110.80946835154714,-58.64027104459919,-57.24537699999982,1.3948940445993685,4.184689003245239,0.58381466047436,-62.24114538737007,-0.5616951900708316,1.1366112945702662,1.1366112945702662,0.6316811633452213,76.7838888888889,STOP,78.0
oos,551,551,ROOT,ADAUSDT,SHORT,1783900803000,1784035460000,2026-07-13T00:00:03+00:00,2026-07-14T13:24:20+00:00,0.16186762,0.1645329,16379.9452,0.16831250947323062,0.0064448894732306305,109.80914878398167,-43.65714034265633,-42.58785752000031,1.0692828226560138,3.207853578510902,-0.032596434926849216,-46.89759035609408,-0.427082723756941,1.019043077042537,1.019043077042537,0.4135493728900202,37.40472222222222,STOP,0.1645
oos,552,552,ROOT,XRPUSDT,SHORT,1783900803000,1784035332380,2026-07-13T00:00:03+00:00,2026-07-14T13:22:12.380000+00:00,1.08518292,1.10282052,4058.15,1.1107711826376827,0.025588262637682657,110.88714412998868,-71.57602644000012,-69.80018000000042,1.7758464399996967,5.3275476960215995,-0.49478808823359993,-77.39836222425532,-0.6979922048810657,1.273354133547805,1.273354133547805,0.6892847806722895,37.36927222222222,STOP,1.1026
oos,553,553,ROOT,ETHUSDT,LONG,1784044803000,1784222233175,2026-07-14T16:00:03+00:00,2026-07-16T17:17:13.175000+00:00,1874.7448739999998,1862.947336,1.7156,1813.9591721663605,60.78570183363922,109.43004975512649,-20.239856192799664,-18.957379999999922,1.2824761927997415,3.847430853285599,-1.03034351179092,-25.117630557876183,-0.22953138204800544,1.1845734083496609,1.1845734083496609,0.2425714198439976,49.28615972222222,STOP,1863.32
oos,554,554,ROOT,BTCUSDT,LONG,1784044803000,1784189410276,2026-07-14T16:00:03+00:00,2026-07-16T08:10:10.276000+00:00,64740.34548,63992.79888,0.0706,63295.64352697978,1444.7019530202233,109.30902730864857,-52.7767899600001,-50.9590800000002,1.8177099599999025,5.4531359950896,-1.5749332147518,-59.8048591698415,-0.5471172934415978,0.5879098579636959,0.5879098579636959,0.5174400148329675,40.16868777777778,STOP,64005.6
oos,555,555,ROOT,XRPUSDT,LONG,1784059203000,1784224501951,2026-07-14T20:00:03+00:00,2026-07-16T17:55:01.951000+00:00,1.11502296,1.0982803,3319.6505,1.0838684365542153,0.03115452344578462,109.34450777674141,-55.579779640329335,-54.11030314999994,1.4694764903293915,4.408435964226378,-0.955311054941494,-60.94352665949721,-0.5573533403610096,0.4711046222723049,0.4711046222723049,0.5374070326941616,45.916375277777774,STOP,1.0985
oos,556,556,ROOT,XRPUSDT,SHORT,1784232003000,1784399119130,2026-07-16T20:00:03+00:00,2026-07-18T18:25:19.130000+00:00,1.09618072,1.0957191,3217.2186,1.1280308792593576,0.031850159259357635,108.11156958432024,1.4851324501321654,2.8954967400003957,1.4103642898682303,4.231092522144391,-0.0508335563210862,-2.7967936283333117,-0.02586951275508019,0.8502538332533986,0.8502538332533986,0.07595817591678869,46.421147222222224,STOP,1.0955
oos,557,557,ROOT,ADAUSDT,SHORT,1784246403000,1784307130000,2026-07-17T00:00:03+00:00,2026-07-17T16:52:10+00:00,0.16066786000000002,0.16643328,15784.2283,0.1672732346610037,0.006605374661003666,108.31837074865687,-91.00270552538547,-89.97010130999973,1.0326042153857315,3.0978234425701574,-0.15312884409773891,-94.25365781205336,-0.870153946746121,0.464449052089633,0.464449052089633,0.8728376959504562,16.86861111111111,STOP,0.1664
oos,558,558,ROOT,SOLUSDT,SHORT,1784246403000,1784409320000,2026-07-17T00:00:03+00:00,2026-07-18T21:15:20+00:00,75.254946,75.61511999999999,44.2298,77.58292454230579,2.327978542305786,108.29164326742172,-15.9304239851994,-14.595833999999924,1.334589985199477,4.003771707100079,0.07584655697314004,-19.85834913532634,-0.1833784079376002,0.831170032213231,0.831170032213231,0.1954717329779483,45.25472222222222,STOP,75.6
oos,559,559,ROOT,BTCUSDT,SHORT,1784275203000,1784314024758,2026-07-17T08:00:03+00:00,2026-07-17T18:47:04.758000+00:00,62780.241440000005,64224.29755538562,0.071,64211.455264332755,1431.21382433275,108.74801695520924,-102.52798419237887,-100.7245237676254,1.8034604247534674,5.410393361203428,0.27224868918,-107.6661288644023,-0.9900514223514296,0.19224341976174045,0.19224341976174045,1.0089730065728335,10.783821666666666,STOP,64211.455264332755
oos,560,560,ROOT,BTCUSDT,LONG,1784404803000,1784529197489,2026-07-18T20:00:03+00:00,2026-07-20T06:33:17.489000+00:00,64539.30528,63912.41496,0.0822,63347.6708615052,1191.634418494803,106.4405586306984,-51.53038430399988,-49.41864000000036,2.1117443039995223,6.335238842236799,-0.9266099297004,-58.79223307593708,-0.5523480319181722,0.4576023581869847,0.4576023581869847,0.5260760433488039,34.55402472222222,STOP,63925.2
oos,561,561,ROOT,ETHUSDT,LONG,1784520003000,1784810169196,2026-07-20T04:00:03+00:00,2026-07-23T12:36:09.196000+00:00,1879.255776,1908.938136,2.3234,1836.4006737153923,42.85510228460771,106.555565239991,68.96399522400003,70.7242959999996,1.7603007759995677,5.280893841084479,-0.93565793977678,62.74744344313877,0.5888706357271449,1.854953547236125,1.854953547236125,0.8730763434308426,80.60172111111112,STOP,1909.32
oos,562,562,ROOT,ADAUSDT,SHORT,1784534403000,1784570479318,2026-07-20T08:00:03+00:00,2026-07-20T18:01:19.318000+00:00,0.16236752,0.16849622934508082,16627.5997,0.16846253683771328,0.006095016837713296,105.66515154520334,-101.90572566765329,-100.80543570400053,1.1002899636527559,3.300881987610684,0.18740563571197288,-105.019202019552,-0.9938868253515445,0.15873951225424174,0.15873951225424174,1.005527877652292,10.021199444444445,STOP,0.16846253683771328
oos,563,563,ROOT,BTCUSDT,LONG,1784563203000,1784790667180,2026-07-20T16:00:03+00:00,2026-07-23T07:11:07.180000+00:00,65583.21402,65491.899000000005,0.0711,64202.335777311804,1380.8782426881953,105.64118948204589,-6.492497921999612,-4.628610000000414,1.863887921999198,5.591664321433199,-1.2524227486217998,-13.336584992054611,-0.12624417670269808,0.9710385308046169,0.9710385308046169,0.4140944525904262,63.18449444444445,STOP,65505.0
oos,564,564,ROOT,XRPUSDT,LONG,1784563203000,1784809987500,2026-07-20T16:00:03+00:00,2026-07-23T12:33:07.500000+00:00,1.1123224200000001,1.12797436,3702.3465,1.0855535200396222,0.0267688999603779,105.69686790684892,57.948905277209704,59.607778650000014,1.6588733727903104,4.976612965436562,-0.8886297652135352,52.08366254655961,0.4927644837353284,1.9342438455311413,1.9342438455311413,0.17641442147380493,68.55125,STOP,1.1282
oos,565,565,ROOT,ADAUSDT,LONG,1784606403000,1784816600000,2026-07-21T04:00:03+00:00,2026-07-23T14:23:20+00:00,0.17243448,0.17026594,14053.2253,0.16515504093956776,0.007279439060432241,106.17681412895996,-30.474981192061954,-29.51177312999987,0.9632080620620833,2.8896277275987754,-1.0919779622310544,-34.45658688189179,-0.3245208209020248,1.1491984383070386,1.1491984383070386,0.2978993274065862,58.38805555555555,STOP,0.1703
oos,566,566,ROOT,SOLUSDT,SHORT,1784836803000,1785058635454,2026-07-23T20:00:03+00:00,2026-07-26T09:37:15.454000+00:00,75.674862,75.21504,47.0439,77.80064717900534,2.1257851790053337,105.7012904073159,21.631820185800123,23.05151099999976,1.4196908141996367,4.2590696764186795,-0.06714732973626011,17.305603179645182,0.1637217777849135,1.088944462903416,1.088944462903416,0.35052365937966096,61.62012611111111,STOP,75.2
oos,567,567,ROOT,XRPUSDT,SHORT,1784908803000,1785103214035,2026-07-24T16:00:03+00:00,2026-07-26T22:00:14.035000+00:00,1.09038188,1.1075214599999998,3553.1474,1.1185452907705014,0.02816341077050133,106.26760982142537,-60.89945411409136,-59.33756157999977,1.5618925340915908,4.685684722783389,-0.10996700200227935,-65.69510583887703,-0.6182044175950946,0.2159496962054828,0.2159496962054828,0.6085761465352062,54.00306527777778,STOP,1.1073
oos,568,568,ROOT,ADAUSDT,SHORT,1784966403000,1785132373333,2026-07-25T08:00:03+00:00,2026-07-27T06:06:13.333000+00:00,0.16146770000000002,0.16693338,16523.5296,0.1676486827003735,0.006180982700373483,106.40047671933945,-90.31232526412757,-89.22705983999981,1.0852654241277548,3.2558069796311813,-0.7673962541244961,-94.33552849788325,-0.8866081375435861,0.027131608051562322,0.027131608051562322,0.8842736284749206,46.102870277777775,STOP,0.1669
oos,569,569,ROOT,ETHUSDT,LONG,1785081603000,1785197476006,2026-07-26T16:00:03+00:00,2026-07-28T00:11:16.006000+00:00,1914.142752,1877.894346,2.5354,1875.82004696593,38.32270503406994,104.92837439685421,-91.90420857239982,-89.98134600000003,1.9228625723997936,5.7685985149615195,-1.0499379388479801,-98.72274502620932,-0.9408584245556468,1.7706800169683499,1.7706800169683499,0.9458728439908952,32.18694611111111,STOP,1878.27
oos,570,570,ROOT,ADAUSDT,SHORT,1785168003000,1785277035659,2026-07-27T16:00:03+00:00,2026-07-28T22:17:15.659000+00:00,0.15776844,0.16328072448030934,18286.5986,0.16324807486533627,0.005479634865336258,104.8199602714143,-100.80093366042625,-99.62675820515346,1.1741754552727883,3.5225383210300767,-0.8054910575617733,-105.1289630390181,-1.002947938224778,0.83371248491384,0.83371248491384,1.0059583559444092,30.28684972222222,STOP,0.16324807486533627
oos,571,571,ROOT,XRPUSDT,SHORT,1785168003000,1785424870625,2026-07-27T16:00:03+00:00,2026-07-30T15:21:10.625000+00:00,1.0854828600000002,1.0936186799999998,4315.0154,1.1080309747977601,0.022548114797759977,104.78966300503986,-35.10618859162663,-33.225618579999214,1.8805700116274195,5.641714021958229,0.5391952455915987,-40.20870736799326,-0.38370871911344373,1.817573680442304,1.817573680442304,0.4442562089933524,71.35211805555555,STOP,1.0934
oos,572,572,ROOT,BTCUSDT,SHORT,1785196803000,1785412206846,2026-07-28T00:00:03+00:00,2026-07-30T11:50:06.846000+00:00,63707.95586,64728.84318,0.0808,64905.28810458883,1197.3322445888261,104.98060989635795,-82.48769545600013,-80.41216000000036,2.07553545599977,6.2266160174592,2.392493388148,-86.32181808531134,-0.8222643988307222,0.8751588080381529,0.8751588080381529,0.8526349512541382,59.834401666666665,STOP,64715.9
oos,573,573,ROOT,SOLUSDT,SHORT,1785211203000,1785419169411,2026-07-28T04:00:03+00:00,2026-07-30T13:46:09.411000+00:00,73.23535,74.5149,46.2894,75.39386591408667,2.158515914086678,105.34043920998786,-59.229601770000016,-57.86175,1.3678517700000157,4.10356225341,-0.16265015691192014,-63.495814180321936,-0.602767699247466,0.45186138940869786,0.45186138940869786,0.6090527252639051,57.7684475,STOP,74.5
oos,574,574,ROOT,BTCUSDT,LONG,1785412803000,1785505628251,2026-07-30T12:00:03+00:00,2026-07-31T13:47:08.251000+00:00,64779.85338,63368.75795250705,0.0679,63381.434239354916,1398.4191406450846,101.99034292100444,-95.81337952677156,-94.0731251478013,1.7402543789702491,5.220774425686337,-1.2443958427467,-102.2785497952046,-1.002825825131536,0.43724131215620005,0.43724131215620005,1.0090647263609547,25.784791944444443,STOP,63381.434239354916
oos,575,575,ROOT,ADAUSDT,LONG,1785427203000,1785945425000,2026-07-30T16:00:03+00:00,2026-08-05T15:57:05+00:00,0.17183436,0.18966206000000002,12653.5809,0.1640806759594909,0.007753684040509079,101.59078024067608,225.5842442109304,226.49909811,0.9148538990696125,2.744534517318227,-3.9312145140120007,218.90849517960018,2.1548067123905312,3.5680638849172905,3.5680638849172905,0.687977479109369,143.95055555555555,STOP,0.1897
oos,576,576,ROOT,BTCUSDT,SHORT,1785513603000,1785706926736,2026-07-31T16:00:03+00:00,2026-08-02T21:42:06.736000+00:00,62682.76094000001,63632.724,0.0652,64124.214412290115,1441.453472290108,100.52183201457584,-61.93759151199964,-60.290439999999805,1.6471515119998372,4.941461770852799,1.3170185066243998,-65.56203477622805,-0.6522168713232509,0.3149327735697042,0.3149327735697042,0.6590313723347182,53.70103777777778,STOP,63620.0
oos,577,577,ROOT,ETHUSDT,SHORT,1785513603000,1785696076710,2026-07-31T16:00:03+00:00,2026-08-02T18:41:16.710000+00:00,1861.567612,1885.377,1.639,1919.9313285820804,58.363716582080315,100.53990638373844,-39.02358693199984,-37.79533999999991,1.2282469319999265,3.6847453314408,0.7533397793515,-41.95499248408914,-0.41729691217292636,0.7017649731472989,0.7017649731472989,0.4079484548677664,50.68714166666667,STOP,1885.0
oos,578,578,ROOT,XRPUSDT,SHORT,1785513603000,1785641900000,2026-07-31T16:00:03+00:00,2026-08-02T03:38:20+00:00,1.0597880000000002,1.08011598,3585.8808,1.0861226121676726,0.02633461216767241,100.5132176535355,-72.89371318478328,-71.3590279200001,1.5346852647831781,4.60406435743535,0.041275693324692025,-77.45650184889394,-0.7706101113575229,0.508380374647586,0.508380374647586,0.771911121020944,35.63805555555555,STOP,1.0799
oos,579,575,ADD,ADAUSDT,LONG,1785816003000,1785945425000,2026-08-04T04:00:03+00:00,2026-08-05T15:57:05+00:00,0.19683936,0.18966206000000002,3273.9719,0.1816,0.01523935999999998,50.924350867510306,-23.498278517869903,-23.245200489999984,0.2530780278699183,0.7592368730340587,-0.253536383936,-24.511051774839963,-0.48132281231449126,0.1745900090292521,0.1745900090292521,0.47097122188858187,35.95055555555555,STOP,0.1897
oos,580,580,ROOT,XRPUSDT,SHORT,1785931203000,1786198392173,2026-08-05T12:00:03+00:00,2026-08-08T14:13:12.173000+00:00,1.06038788,1.0434086399999998,4447.958,1.0815372020665812,0.021149322066581266,101.61779348694513,75.52294639192077,77.39446920000036,1.8715228080795896,5.614559136903694,0.19650639430545397,70.10489364932253,0.6898879737860961,2.2879163619366887,2.2879163619366887,0.5868802773405594,74.21921472222222,STOP,1.0432
oos,581,581,ROOT,BTCUSDT,LONG,1785960003000,1786368853358,2026-08-05T20:00:03+00:00,2026-08-10T13:34:13.358000+00:00,64818.66114,64687.060000000005,0.0775,63624.081197244726,1194.5799427552702,100.61745954489344,-10.199088349999347,-8.191749999999775,2.0073383499995714,6.02201603301,-3.879492864255,-20.100597247264346,-0.19977245836042873,0.5558764518249074,0.5558764518249074,0.5923932879433694,113.56954388888889,STOP,64700.0
oos,582,582,ROOT,ETHUSDT,LONG,1785960003000,1786318208261,2026-08-05T20:00:03+00:00,2026-08-09T23:30:08.261000+00:00,1916.4732179999999,1910.71778,1.9333,1867.514849222111,48.958368777888836,100.57940263406753,-11.12698828539983,-9.647167000000017,1.4798212853998134,4.4394650138600396,-1.3282792495787699,-16.89473254883864,-0.16797407924866892,0.5418232400745443,0.5418232400745443,0.510907912669194,99.50146138888888,STOP,1911.1
oos,583,583,ROOT,ADAUSDT,LONG,1786032003000,1786113079649,2026-08-06T16:00:03+00:00,2026-08-07T14:31:19.649000+00:00,0.20884176000000002,0.19719213701712532,8416.7494,0.19723158333379207,0.01161017666620795,100.53237750227969,-98.05195725133682,-97.36846403425575,0.6834932170810646,2.0504913354591308,-0.006852664858998001,-100.10930125165494,-0.995791641845781,0.24618402304928289,0.24618402304928289,1.0033975638615007,22.52129138888889,STOP,0.19723158333379207
oos,584,584,ROOT,SOLUSDT,LONG,1786161603000,1786378809230,2026-08-08T04:00:03+00:00,2026-08-10T16:20:09.230000+00:00,74.83496399999999,75.694858,53.5558,73.06884722330466,1.766116776695327,100.99835105332551,46.0523110852006,47.66466200000003,1.6123509147994284,4.837047024640558,-3.2477018820456798,37.96756217851436,0.37592259460224353,1.7241419368076756,1.7241419368076756,0.21797199657448954,60.33506388888889,STOP,75.71
oos,585,585,ROOT,XRPUSDT,SHORT,1786320003000,1786949289230,2026-08-10T00:00:03+00:00,2026-08-17T06:48:09.230000+00:00,1.0289941599999999,1.00640124,4171.0223,1.051584414776172,0.022590254776172047,101.09158857478273,94.2355731421156,95.93351289999961,1.697939757884015,5.093807761630449,0.981340424925358,90.12310580541052,0.891499550813189,1.9740441372550281,1.9740441372550281,0.5181809641362376,174.80173055555557,STOP,1.0062
oos,586,586,ROOT,ETHUSDT,SHORT,1786377603000,1786526650423,2026-08-10T16:00:03+00:00,2026-08-12T09:24:10.423000+00:00,1875.6248,1897.6794599999998,2.4531,1913.8055635552785,38.18076355527842,101.02298339246148,-54.102286445999475,-52.251029999999886,1.8512564459995886,5.553775608123599,1.3870319111629499,-58.269030142960126,-0.576789837185785,0.6129997889150217,0.6129997889150217,0.577638002657251,41.40206194444445,STOP,1897.3
oos,587,587,ROOT,ADAUSDT,SHORT,1786464003000,1787151902857,2026-08-11T16:00:03+00:00,2026-08-19T15:05:02.857000+00:00,0.18486302000000002,0.17693538,12788.0692,0.1924607667888827,0.00759774678888267,100.94297744795895,101.37920891268817,102.30455360000009,0.9253446873119202,2.7760217853895677,0.965972319220054,99.56915944651865,0.9863901577289161,1.8114607372989346,1.8114607372989346,0.45236832649241565,191.08329361111112,STOP,0.1769
oos,588,588,ROOT,BTCUSDT,SHORT,1786464003000,1786896676400,2026-08-11T16:00:03+00:00,2026-08-16T16:11:16.400000+00:00,63572.58294000001,63182.634,0.0989,64499.26082941249,926.67788941248,101.70816878731988,38.565950166000924,41.07317000000029,2.5072198339993648,7.5216545732196005,5.540737140020499,36.58503273280182,0.3597059426888722,1.1744997398071648,1.1744997398071648,0.9468414753655996,120.18705555555556,STOP,63170.0
oos,589,589,ROOT,ETHUSDT,LONG,1786536003000,1786563851323,2026-08-12T12:00:03+00:00,2026-08-12T19:44:11.323000+00:00,1915.2529739999998,1878.1936079036443,2.5131,1878.569321767998,36.683652232001805,99.89084202257878,-93.13389293675091,-91.22723446484405,1.9066584719068658,5.7199863629892285,-0.27220719651384,-99.12608649625399,-0.9923440876977297,0.26488709299025015,0.26488709299025015,1.0102419972247445,7.7356452777777776,STOP,1878.569321767998
oos,590,590,ROOT,SOLUSDT,SHORT,1786924803000,1786949222500,2026-08-17T00:00:03+00:00,2026-08-17T06:47:02.500000+00:00,74.565084,75.71514,73.7024,75.8285577562456,1.2634737562456024,101.91404920751845,-84.76188733440047,-82.54668800000033,2.2151993344001397,6.645607908802559,0.0,-91.40749524320303,-0.8969076977510543,0.14648820292870848,0.14648820292870848,0.9102333897439899,6.783194444444445,STOP,75.7
oos,591,591,ROOT,ETHUSDT,LONG,1786939203000,1787461697052,2026-08-17T04:00:03+00:00,2026-08-23T05:08:17.052000+00:00,1900.58004,2364.527,3.3537,1873.5473900422883,27.032649957711783,100.8577586114148,1555.938919752,1558.7997599999999,2.8608402479999313,8.582333688028799,-10.539763065016079,1536.816822998955,15.237467540003635,24.001345077710624,24.001345077710624,0.6059354160847692,145.13723666666667,STOP,2365.0
oos,592,592,ROOT,SOLUSDT,LONG,1787054403000,1787756527213,2026-08-18T12:00:03+00:00,2026-08-26T15:02:07.213000+00:00,76.30525800000001,95.190958,65.6839,74.89149755609102,1.4137604439089841,100.88054271918723,1240.4864302299989,1242.739387999999,2.2529577700001937,6.758724181273439,-13.42551971150542,1220.30218633722,12.09650695212925,19.065989656261245,19.065989656261245,0.20884584886505164,195.03450361111112,STOP,95.21
oos,593,593,ROOT,BTCUSDT,LONG,1787068803000,1787461759091,2026-08-18T16:00:03+00:00,2026-08-23T05:09:19.091000+00:00,64836.86478,76221.7526,0.1016,63942.91317856894,893.9516014310648,101.36536344403298,1156.7046025120003,1159.5709599999998,2.866357487999494,8.5989333154848,-7.8839448851648,1140.2217243113507,11.248632526641146,16.46468913578538,16.46468913578538,0.7892650775170726,109.15446972222222,STOP,76237.0
oos,594,594,ROOT,XRPUSDT,LONG,1787155203000,1787664071958,2026-08-19T16:00:03+00:00,2026-08-25T13:21:11.958000+00:00,1.0675134599999998,1.45200954,4107.6184,1.042309522814093,0.025203937185906744,110.54405682614463,1579.3631729358726,1581.4330840000002,2.0699110641276093,6.209543420413919,-9.777076544232001,1563.3765529712268,14.142565397522798,25.13442782083373,25.13442782083373,0.6274202273778923,141.35248833333333,STOP,1.4523
oos,595,592,ADD,SOLUSDT,LONG,1787284803000,1787756527213,2026-08-21T04:00:03+00:00,2026-08-26T15:02:07.213000+00:00,89.11782,95.190958,5.5758,77.39,11.727819999999994,66.18702378120956,33.8626028604,34.068138,0.20553513959999492,0.61660133062344,-0.8024869707538801,32.44351455902268,0.4901793841987705,1.2058660518323114,1.2058660518323114,0.18058087521807087,131.03450361111112,STOP,95.21
oos,596,591,ADD,ETHUSDT,LONG,1787356803000,1787461697052,2026-08-22T00:00:03+00:00,2026-08-23T05:08:17.052000+00:00,2516.483196,2364.527,0.2698,2248.84,267.643196,73.29644974684928,-40.997781680800024,-40.734404000000005,0.2633776808000192,0.79013793052848,-0.19599135360000003,-41.983910964928505,-0.572795969108084,0.05042834714916453,0.05042834714916453,0.5677566187783832,29.137236666666666,STOP,2365.0
oos,597,594,ADD,XRPUSDT,LONG,1787356803000,1787664071958,2026-08-22T00:00:03+00:00,2026-08-25T13:21:11.958000+00:00,1.45419078,1.45200954,212.2128,1.1111,0.34309078000000004,73.30201171343678,-0.46288704787201784,-0.3395404800000097,0.12334656787200815,0.3700397443608575,-0.315897851952,-1.1488246441848753,-0.01567248452438158,0.7193700162971445,0.7193700162971445,0.2051666325746209,85.35248833333333,STOP,1.4523
oos,598,598,ROOT,BTCUSDT,LONG,1787572803000,1787756046092,2026-08-24T12:00:03+00:00,2026-08-26T14:54:06.092000+00:00,78445.08588,77792.53838000001,0.057,76057.87898700027,2387.206892999733,143.2249847332408,-37.195207499999206,-35.41409999999934,1.7811074999998695,5.343326749692,-2.2321276100130003,-44.77066185970421,-0.3125897478229123,1.1835648297955534,1.1835648297955534,0.2733518832881734,50.90085888888889,STOP,77808.1
oos,599,599,ROOT,ETHUSDT,LONG,1787572803000,1787692034769,2026-08-24T12:00:03+00:00,2026-08-25T21:07:14.769000+00:00,2494.028706,2426.754552,1.235,2382.0221664683113,112.00653953168876,143.25627704469161,-83.08358019000023,-81.86815000000053,1.215430189999708,3.6463003941779997,-1.024961973399,-87.75484255757723,-0.6125724077710074,0.35213385008507525,0.35213385008507525,0.6006270194694039,33.11993583333334,STOP,2427.24
oos,600,600,ROOT,ADAUSDT,SHORT,1787760003000,1787822711111,2026-08-26T16:00:03+00:00,2026-08-27T09:25:11.111000+00:00,0.20465906,0.21624324,8884.1799,0.22014343205619802,0.015484372056198015,140.4751116373239,-102.91593911398199,-102.16806885000008,0.747870263981909,2.2436230521142617,-0.0505010723083218,-105.21006323840457,-0.7489587444502911,0.1588091522907906,0.1588091522907906,0.7481207476775357,17.41891972222222,STOP,0.2162
oos,601,601,ROOT,SOLUSDT,LONG,1787832003000,1788131832580,2026-08-27T12:00:03+00:00,2026-08-30T23:17:12.580000+00:00,103.930782,102.92941,24.496,98.39467072250298,5.536111277497014,139.68600335096204,-24.529608511999736,-23.516159999999847,1.01344851199989,3.0403483579391994,0.09194482229920001,-27.478012047639734,-0.19671270842076455,1.2046755684100496,1.2046755684100496,0.31624761718871197,83.28599444444444,STOP,102.95
oos,602,602,ROOT,ADAUSDT,SHORT,1787947203000,1788097386666,2026-08-28T20:00:03+00:00,2026-08-30T13:43:06.666000+00:00,0.20175964000000002,0.2035407,10295.3772,0.21499227153169387,0.01323263153169385,139.5584395234599,-18.336684515831724,-17.502141239999787,0.8345432758319369,2.503631927752949,0.22206082610076483,-20.618255617483907,-0.14773922442732645,0.2312193151204883,0.2312193151204883,0.1345960548915842,41.717685,STOP,0.2035
oos,603,603,ROOT,ETHUSDT,LONG,1788105603000,1788132545901,2026-08-30T16:00:03+00:00,2026-08-30T23:29:05.901000+00:00,2480.415984,2428.554192,2.228,2421.581451744511,58.834532255489194,139.92552476499313,-115.54807257600035,-113.36064000000026,2.1874325760000914,6.562311331276801,0.0,-122.11038390727715,-0.8726812646396235,0.9144972168106212,0.9144972168106212,0.8814855835819364,7.484139166666667,STOP,2429.04
oos,604,604,ROOT,ADAUSDT,SHORT,1788134403000,1788241510465,2026-08-31T00:00:03+00:00,2026-09-01T05:45:10.465000+00:00,0.1924615,0.20269285656650024,13183.4072,0.20265232610127998,0.01019082610127997,138.4094875172788,-134.88413982456643,-133.84224902036232,1.0418908042041153,3.1256884736820996,0.3692139219732832,-137.64061437627524,-0.9944449390370904,0.11397505839630852,0.11397505839630852,1.0039771520794738,29.75207361111111,STOP,0.20265232610127998
oos,605,605,ROOT,SOLUSDT,SHORT,1788350403000,1788438729333,2026-09-02T12:00:03+00:00,2026-09-03T12:32:09.333000+00:00,98.04038800000001,101.35026599999999,32.3027,102.13633111284332,4.095943112843315,137.37717237755993,-106.91799607059947,-105.62982899999987,1.2881670705995987,3.8645138873794793,0.35831933103635,-110.42419062694259,-0.8038030534174831,0.11484241529748221,0.11484241529748221,0.8080869066812644,24.5350925,STOP,101.33
oos,606,606,ROOT,XRPUSDT,SHORT,1788350403000,1788422773939,2026-09-02T12:00:03+00:00,2026-09-03T08:06:13.939000+00:00,1.3242351,1.3787757,2330.0445,1.381061088266225,0.05682598826622498,137.3439241551212,-127.08202505669986,-125.82240300000011,1.2596220566997545,3.77888126878836,0.9360074350054365,-129.92489889048278,-0.9459821371037929,0.1255605088040498,0.1255605088040498,0.95978269211055,20.10303861111111,STOP,1.3785
oos,607,607,ROOT,ETHUSDT,SHORT,1788350403000,1788442444784,2026-09-02T12:00:03+00:00,2026-09-03T13:34:04.784000+00:00,2380.113882,2429.815866,1.7343,2455.4769825928606,75.36310059286052,137.30675576708217,-86.19815085119967,-84.52978199999961,1.6683688512000572,5.00511669717384,0.9360401068817099,-90.2672274414918,-0.6574128631705127,0.16273059233927015,0.16273059233927015,0.6595002542226653,25.567162222222223,STOP,2429.33
oos,608,608,ROOT,BTCUSDT,LONG,1788451203000,1788525972320,2026-09-03T16:00:03+00:00,2026-09-04T12:46:12.320000+00:00,81332.96334,79198.12741223686,0.0599,79213.97020627811,2118.9931337218877,134.72263991644667,-127.87667207301202,-125.95351464394078,1.9231574290712388,5.769487401635393,-0.7302367516854,-134.37639622633282,-0.9974299517116901,0.4482490504023806,0.4482490504023806,1.0074765669549028,20.769255555555556,STOP,79213.97020627811
oos,609,609,ROOT,ETHUSDT,LONG,1788451203000,1788525139506,2026-09-03T16:00:03+00:00,2026-09-04T12:32:19.506000+00:00,2516.5032,2432.1168675020754,1.5336,2432.603388179711,83.89981182028896,134.84364629962715,-129.4148795188174,-127.89704388759499,1.517835631222411,4.553522241312709,-0.5969522047492801,-134.5653539648794,-0.997936185038119,0.3634906841665293,0.3634906841665293,1.0057988291878162,20.537918333333334,STOP,2432.603388179711
oos,610,610,ROOT,SOLUSDT,LONG,1788451203000,1788525078087,2026-09-03T16:00:03+00:00,2026-09-04T12:31:18.087000+00:00,105.15102599999999,100.84980211758676,30.2982,100.86997611280933,4.281049887190662,134.80552459760523,-130.31934143413238,-129.07105573888035,1.2482856952520365,3.7448725742833604,-0.1866596962464,-134.25087370466215,-0.9958855477577888,0.1702792584083574,0.1702792584083574,1.004712394331803,20.5208575,STOP,100.86997611280933
oos,611,611,ROOT,SOLUSDT,LONG,1788667203000,1788796574482,2026-09-06T04:00:03+00:00,2026-09-07T15:56:14.482000+00:00,105.94118399999999,102.839428,35.0713,102.35053432704466,3.5906496729553368,131.87354394938922,-108.78261520279982,-107.31817800000009,1.4644372027997292,4.39332448658136,-0.78545278055772,-113.9613924699389,-0.8641717592246957,0.39514186267919293,0.39514186267919293,0.8638425584546233,35.936522777777775,STOP,102.86
oos,612,612,ROOT,BTCUSDT,LONG,1788739203000,1788766809745,2026-09-07T00:00:03+00:00,2026-09-07T07:40:09.745000+00:00,80317.06019999999,79109.47494,0.0845,78884.91555536789,1432.144644632106,131.87508901045297,-102.04095446999938,-99.34664999999976,2.694304469999622,8.082925331598,0.0,-110.12387980159738,-0.8350620320178022,0.06545414274414332,0.06545414274414332,0.8432006253880878,7.668540277777778,STOP,79125.3
oos,613,613,ROOT,BTCUSDT,SHORT,1788854403000,1788941356734,2026-09-08T08:00:03+00:00,2026-09-09T08:09:16.734000+00:00,78429.41098,79491.8952,0.0823,79885.23251567343,1455.821535673429,130.1416972237696,-87.44245130599987,-84.84306999999951,2.599381306000353,7.798154099168399,1.4885488335415,-93.75205657162677,-0.7203844622559872,0.5696515401637983,0.5696515401637983,0.7298176280298794,24.153815,STOP,79476.0
oos,614,614,ROOT,ADAUSDT,LONG,1788883203000,1788923418036,2026-09-08T16:00:03+00:00,2026-09-09T03:10:18.036000+00:00,0.22924583999999998,0.21668610711058767,10038.0934,0.2167294530011879,0.012516386998812079,129.32256757019167,-126.07577182297265,-125.18051552316543,0.8952562998072295,2.685783921083963,-0.0034341120568872,-128.7649898561135,-0.9956884732142707,0.22803385675681875,0.22803385675681875,1.0034631312218412,11.170843333333334,STOP,0.2167294530011879
oos,615,615,ROOT,XRPUSDT,LONG,1788883203000,1788991696076,2026-09-08T16:00:03+00:00,2026-09-09T22:08:16.076000+00:00,1.4341867799999999,1.3835336923805792,2465.1683,1.3838104544714735,0.05037632552852633,129.84293962153998,-124.86838589651828,-123.47915979833003,1.3892260981882458,4.167693112064177,-0.20868140227991697,-129.24476041086237,-0.9953930555452521,0.31787193353219717,0.31787193353219717,1.0054938919818122,30.136965555555555,STOP,1.3838104544714735
oos,616,616,ROOT,XRPUSDT,SHORT,1789056003000,1789135091494,2026-09-10T16:00:03+00:00,2026-09-11T13:58:11.494000+00:00,1.3558287800000002,1.4046808800000001,2405.5667,1.4066842815064826,0.05085550150648244,127.55475943830538,-117.51698498506988,-116.18887161000002,1.3281133750698615,3.9843540678745932,-0.040835889961186006,-121.54217494290566,-0.9528627193381378,0.7969399337224932,0.7969399337224932,0.9606060023569503,21.969026111111113,STOP,1.4044
oos,617,617,ROOT,BTCUSDT,SHORT,1789056003000,1789134557838,2026-09-10T16:00:03+00:00,2026-09-11T13:49:17.838000+00:00,77203.15628000001,78559.60878,0.0739,78803.19662654302,1600.0403465430136,127.37148280807588,-100.24183974999887,-97.93966999999913,2.3021697499997487,6.9065210027604,0.5192303965859999,-106.62913035617328,-0.8371507342569191,0.7517662180199723,0.7517662180199723,0.8477614348479928,21.820788333333333,STOP,78543.9
oos,618,618,ROOT,SOLUSDT,SHORT,1789056003000,1789134544269,2026-09-10T16:00:03+00:00,2026-09-11T13:49:04.269000+00:00,99.670062,102.650526,33.1689,103.35336273231604,3.6833007323160416,127.46054777127243,-98.85871236959993,-97.51656599999993,1.3421463696000018,4.02645081078792,0.16149776209146002,-102.72366541829639,-0.8059251840234808,0.6271717049146422,0.6271717049146422,0.8091829086477814,21.817019166666668,STOP,102.63
oos,619,619,ROOT,ETHUSDT,SHORT,1789056003000,1789130225387,2026-09-10T16:00:03+00:00,2026-09-11T12:37:05.387000+00:00,2439.521998,2484.486798,1.7985,2506.4694745455017,66.94747654550156,127.42500506852934,-80.86919279999954,-79.09802999999921,1.7711628000003259,5.3134978917636,0.29869633552604996,-85.8839943562371,-0.6739963974107638,0.13386610612438998,0.13386610612438998,0.6716429404092467,20.617329722222223,STOP,2483.99
oos,620,620,ROOT,SOLUSDT,SHORT,1789300803000,1789379598823,2026-09-13T12:00:03+00:00,2026-09-14T09:53:18.823000+00:00,99.740048,102.310458,37.9627,102.8581184506338,3.1180704506337946,124.4286155286109,-97.57970370699982,-96.04563100000004,1.5340727069997797,4.6022296464757195,0.23784940503895993,-101.94408394843659,-0.8192977436528315,0.2629985476541471,0.2629985476541471,0.8243591800427476,21.88772861111111,STOP,102.29
oos,621,621,ROOT,XRPUSDT,SHORT,1789300803000,1789355466363,2026-09-13T12:00:03+00:00,2026-09-14T03:11:06.363000+00:00,1.3423314800000001,1.37457486,2726.8919,1.3857994760375834,0.04346799603758322,124.38915484800101,-87.92421175062182,-86.44247323000018,1.4817385206216471,4.445225934962788,-0.49123478785022634,-92.86067247343485,-0.7465335107944674,0.25608449928024546,0.25608449928024546,0.7417728659982787,15.1842675,STOP,1.3743
oos,622,622,ROOT,BTCUSDT,SHORT,1789300803000,1789352705664,2026-09-13T12:00:03+00:00,2026-09-14T02:25:05.664000+00:00,76737.54942,77492.89547999999,0.0874,78036.29827113419,1298.7488511341944,124.2416285000214,-66.01724564399967,-63.3213,2.6959456439996714,8.087844530556,0.9150565738900001,-73.19003360066567,-0.5890942873519487,0.2983251301139795,0.2983251301139795,0.5815951708756887,14.417406666666666,STOP,77477.4
oos,623,623,ROOT,XRPUSDT,LONG,1789416003000,1789446798913,2026-09-14T20:00:03+00:00,2026-09-15T04:33:18.913000+00:00,1.46399274,1.4076759689197682,2097.0205,1.4079575604318546,0.0560351795681453,122.41895673579171,-118.09742344905303,-116.89303849441205,1.2043849546409717,3.6131688910879713,-0.298385046945,-122.00897738708599,-0.9966510141922664,0.4926772826064828,0.4926772826064828,1.0050252629554608,8.554420277777778,STOP,1.4079575604318546
oos,624,624,ROOT,ETHUSDT,LONG,1789416003000,1789459444606,2026-09-14T20:00:03+00:00,2026-09-15T08:04:04.606000+00:00,2538.9976979999997,2467.8532147145147,1.638,2468.346884091333,70.6508139086668,122.38023834931462,-116.53466362162436,-114.8944238583964,1.6402397632279673,4.920733077015824,0.2787732892854,-121.17662340935479,-0.99016495672672,1.0756040560019373,1.0756040560019373,1.0069874549139144,12.067112777777778,STOP,2468.346884091333
oos,625,625,ROOT,ETHUSDT,SHORT,1789488003000,1789647245124,2026-09-15T16:00:03+00:00,2026-09-17T12:14:05.124000+00:00,2422.795344,2453.820666,1.3788,2506.3790877277675,83.58374372776734,120.59014620433713,-42.777713973599944,-41.432939999999626,1.3447739736003186,4.0343268927528,0.1431074589174,-46.66893340743535,-0.38700453458573597,0.7871787152092142,0.7871787152092142,0.3711884705840598,44.23392333333334,STOP,2453.33
oos,626,626,ROOT,ADAUSDT,SHORT,1789488003000,1789647260000,2026-09-15T16:00:03+00:00,2026-09-17T12:14:20+00:00,0.20175964000000002,0.20034006000000001,11540.6898,0.21188333946849774,0.010123699468497727,120.55998786539662,16.382932426284043,17.311034700000015,0.9281022737159716,2.7843047438238364,0.060301200570531024,13.658928883030738,0.11329570552280349,1.1517173179904976,1.1517173179904976,0.27068760866788316,44.238055555555555,STOP,0.2003
oos,627,627,ROOT,XRPUSDT,SHORT,1789502403000,1789655111515,2026-09-15T20:00:03+00:00,2026-09-17T14:25:11.515000+00:00,1.2951409200000001,1.31796354,1470.6141,1.3753040539852626,0.08016313398526242,120.93647913641848,-33.56326677094186,-32.79469442999998,0.7685723409418799,2.3057209581893314,-0.1343458951869882,-36.00333362431818,-0.2977044964547528,0.6167538311200453,0.6167538311200453,0.2847021924591387,42.41903194444444,STOP,1.3177
oos,628,628,ROOT,SOLUSDT,SHORT,1789502403000,1789636326153,2026-09-15T20:00:03+00:00,2026-09-17T09:12:06.153000+00:00,97.810434,100.700136,29.5594,101.74455871663577,3.9341247166357647,120.9163145373706,-85.41785729879999,-84.24429000000025,1.173567298799739,3.5207120057148,0.13674621239812002,-88.80182309211666,-0.7344072917858526,0.45510351830713697,0.45510351830713697,0.7345222147586377,37.200875833333335,STOP,100.68
oos,629,629,ROOT,SOLUSDT,LONG,1789704003000,1790172549491,2026-09-18T04:00:03+00:00,2026-09-23T14:09:09.491000+00:00,104.580912,115.506894,29.9371,100.75950016150077,3.8214118384992304,119.41134710335163,327.09221573220015,328.409987,1.3177712677998557,3.9532743942015593,-4.776280655860051,318.36266068213854,2.666100570882872,4.032302366565011,4.032302366565011,0.05257533301590071,130.15180305555555,STOP,115.53
oos,630,630,ROOT,ADAUSDT,LONG,1789704003000,1790172781111,2026-09-18T04:00:03+00:00,2026-09-23T14:13:01.111000+00:00,0.21644328000000002,0.24055188000000002,10623.8215,0.20560952223063172,0.01083375776936829,118.77503635055812,256.1254630149001,257.0964803,0.9710172850998902,2.9130210037223643,-3.971290714915,249.24115129626273,2.098430435842098,4.232762165834711,4.232762165834711,0.4009024470050763,130.21614194444444,STOP,0.2406
oos,631,631,ROOT,BTCUSDT,LONG,1789747203000,1790172609369,2026-09-18T16:00:03+00:00,2026-09-23T14:10:09.369000+00:00,80704.83773999999,85062.984,0.0552,78642.00672895918,2062.8310110408056,120.99612307864926,240.56967355200047,242.39976000000016,1.8300864479996903,5.4902302560287986,-4.3554710903664,230.72397220560526,1.9068707850716116,3.2383953044362457,3.2383953044362457,0.2951951646745669,118.16843583333333,STOP,85080.0
oos,632,632,ROOT,ETHUSDT,LONG,1789747203000,1790165829551,2026-09-18T16:00:03+00:00,2026-09-23T12:17:09.551000+00:00,2583.7566479999996,2713.867118,1.3141,2495.762876778716,87.99377122128362,121.06511813970769,170.9781686270007,172.3704970000001,1.3923283729994012,4.17696443454036,-3.64115918245196,163.1600450100084,1.3477048345314764,2.534308382342197,2.534308382342197,0.2437291606250898,116.28515305555555,STOP,2714.41
oos,633,630,ADD,ADAUSDT,LONG,1789992003000,1790172781111,2026-09-21T12:00:03+00:00,2026-09-23T14:13:01.111000+00:00,0.24174834,0.24055188000000002,2643.1783,0.2181,0.023648340000000018,63.529153465180485,-3.162457108817954,-2.907496129999973,0.25496097881798097,0.7648832853535357,-0.39597454112299996,-4.32331493529449,-0.06805245622647944,0.8690529652398417,0.8690529652398417,0.09507390370740668,50.216141944444445,STOP,0.2406
oos,634,629,ADD,SOLUSDT,LONG,1789992003000,1790172549491,2026-09-21T12:00:03+00:00,2026-09-23T14:09:09.491000+00:00,116.803356,115.506894,6.5828,107.34,9.46335599999999,63.52560888780282,-8.53435005359994,-8.2285,0.30585005359994,0.9175511482199998,-0.3294091344866,-9.78131033630654,-0.1539742870246552,0.3367350863689377,0.3367350863689377,0.1369981220192913,50.151803055555554,STOP,115.53
oos,635,635,ROOT,XRPUSDT,LONG,1790337603000,1790448678333,2026-09-25T12:00:03+00:00,2026-09-26T18:51:18.333000+00:00,1.59421878,1.5174964400000002,1416.5842,1.5074583378261823,0.08676044217381773,126.51682378458989,-108.68365463102785,-107.80205762000008,0.8815970110277647,2.644803969330914,-0.603520725115006,-111.93197932547376,-0.884720118456747,0.4112613894765004,0.4112613894765004,0.8843009334402965,30.854259166666665,STOP,1.5178
oos,636,636,ROOT,SOLUSDT,LONG,1790337603000,1790563637894,2026-09-25T12:00:03+00:00,2026-09-28T02:47:17.894000+00:00,120.80415599999999,119.756044,24.8644,115.91013264955491,4.894023350445082,126.49291076512093,-26.06067601279973,-24.8644,1.1962760127997285,3.5888310221279998,-0.5981614087732801,-30.24766844370101,-0.2391254044257592,0.8552971042974951,0.8552971042974951,0.5443692866233878,62.78747055555556,STOP,119.78
oos,637,637,ROOT,ADAUSDT,LONG,1790337603000,1790568255555,2026-09-25T12:00:03+00:00,2026-09-28T04:04:15.555000+00:00,0.25525104,0.24735052000000002,7857.63,0.23956532916580658,0.0156857108341934,126.46158118917941,-62.079362967599735,-61.28951399999979,0.7898489675999443,2.36955425754168,-1.2027013257164398,-65.65161855085785,-0.5191427936730185,0.6533946792936054,0.6533946792936054,0.5036762492636013,64.07015416666667,STOP,0.2474
oos,638,638,ROOT,ETHUSDT,LONG,1790337603000,1790455632326,2026-09-25T12:00:03+00:00,2026-09-26T20:47:12.326000+00:00,2716.5432,2665.4668,1.3749,2628.9301209358855,87.61307906411457,126.43518279833911,-70.22494235999989,-68.745,1.4799423599998818,4.4398353294,-0.8901914492199,-75.55496913861978,-0.5975786760171655,0.07118571869202414,0.07118571869202414,0.5829768859352906,32.78592388888889,STOP,2666.0
oos,639,639,ROOT,ETHUSDT,LONG,1790683203000,1790750837572,2026-09-29T12:00:03+00:00,2026-09-30T06:47:17.572000+00:00,2731.676226,2656.7112531497137,1.5784,2657.2427016900515,74.43352430994855,124.38455917901223,-118.324713146892,-116.6237116524229,1.7010014944690965,5.1030184782539445,-0.45707194091856007,-123.8848035660645,-0.9959821732195193,0.23502546953378461,0.23502546953378461,1.0071399083311547,18.78738111111111,STOP,2657.2427016900515
oos,640,640,ROOT,BTCUSDT,LONG,1790928003000,1790966349850,2026-10-02T08:00:03+00:00,2026-10-02T18:39:09.850000+00:00,86081.51286,84177.2057679091,0.0609,84194.04457682445,1887.468283175549,123.33460105846933,-115.97230190833633,-113.89855527139096,2.0737466369453728,6.221253578663798,-0.519461775,-122.71301726200012,-0.9949601831835129,0.6188645130686745,0.6188645130686745,1.008921373177741,10.651902777777778,STOP,84194.04457682445
oos,641,641,ROOT,ADAUSDT,SHORT,1790971203000,1791126198461,2026-10-02T20:00:03+00:00,2026-10-04T15:03:18.461000+00:00,0.23915216,0.24864972,7456.2274,0.25520436226035725,0.01605220226035725,122.54194694507557,-70.81596710514391,-70.08853755999993,0.727429545143977,2.182297046056507,-0.9113001128279998,-73.90956426402842,-0.6031368531883647,0.02816809760220053,0.02816809760220053,0.5916671024919302,43.054294722222224,STOP,0.2486
oos,642,642,ROOT,XRPUSDT,SHORT,1790971203000,1791121027692,2026-10-02T20:00:03+00:00,2026-10-04T13:37:07.692000+00:00,1.46880618,1.50340062,1795.394,1.5346991717145986,0.0658929917145985,122.52321925081574,-62.11065000936001,-61.04339600000005,1.0672540093599565,3.20176935328752,-1.33548587296,-66.64790523560754,-0.5439614274186956,0.0,0.0,0.5250093993279054,41.61797,STOP,1.5031
oos,643,643,ROOT,ETHUSDT,SHORT,1790971203000,1791100818352,2026-10-02T20:00:03+00:00,2026-10-04T08:00:18.352000+00:00,2666.1566620000003,2707.321356,1.4322,2747.417793846169,81.26113184616861,122.49174434418892,-58.95607474679942,-57.4168980000002,1.539176746799221,4.61753713042776,-1.9217517396,-65.49536361682718,-0.5346920640854954,0.1267107873847031,0.1267107873847031,0.5065729834766075,36.004264444444445,STOP,2706.78
oos,644,644,ROOT,ADAUSDT,LONG,1791144003000,1791158399999,2026-10-04T20:00:03+00:00,2026-10-04T23:59:59.999000+00:00,0.25275053999999997,0.25974803999999996,9877.0865,0.2409047140076643,0.011845825992335662,120.9965503046504,69.1149127837499,70.12731414999995,1.012401366250046,3.0371956834723015,0.0,66.0777171002776,0.5461124051380327,1.3464202505016911,1.3464202505016911,0.21531128362430854,3.999166388888889,PERIOD_END,0.2598
